domain,company_name,company_linkedin,website,employees,employee_range,year_founded,company_type,industry,hq_city,hq_region,hq_country,description,campaign,config_slug,sourcing_reasoning
phillipsmedisize.com,Phillips Medisize,https://www.linkedin.com/company/phillips-medisize,https://www.phillipsmedisize.com,2887,5001-10000,1964,PRIVATELY_HELD,medical equipment manufacturing,-,-,-,"As a contract development and manufacturing organization (CDMO), the world’s leading pharmaceutical, medtech and in vitro diagnostic companies trust us to help them design and manufacture their products.  With our dedicated team of 6,000+ employees and 30 development and manufacturing sites across three continents, we put the patient at the center of all we do, knowing that every decision is critical to a healthcare provider and their patients somewhere in the world.  Phillips Medisize is an Aff","New Leader, Old Portfolio",new-leader-old-portfolio-4b,"Matched AI Ark lookalike-company search (lookalikeDomains seeded with 3 known PE-backed medtech CDMO/manufacturing roll-up platforms: Cirtec Medical, Viant Medical, Integer Holdings), filtered post-hoc to 100-5000 employees as a proxy for the $100M-$1B revenue band. This confirms 'similar business model to a known PE-backed medtech manufacturing/roll-up platform' — it does NOT verify actual PE ownership or that this specific company has itself absorbed 2+ acquisitions without consolidating brands; both require a per-company ownership/M&A-history check (PitchBook or deal-news search) before treating as qualified. This is segment 4(b) specifically (PE-backed roll-up platforms, $100M-$1B) — distinct from 4(a) already sourced via Blitz."
heraeus.com,Heraeus Medevio,https://www.linkedin.com/company/heraeus-medevio,https://bit.ly/heraeusmedevio,1097,1001-5000,-,PRIVATELY_HELD,medical equipment manufacturing,-,-,-,"At Heraeus Medevio, we improve lives by serving our customers to bring better medical devices to market, faster. The expertise and precision we bring to our products and processes can’t always be seen. But it can be felt. It can be trusted. By our partners and the patients who rely on them for lifesaving and life-changing medical devices.    As a full-service contract design, development, and manufacturing partner to medical device companies worldwide, we serve as an extension of their teams, su","New Leader, Old Portfolio",new-leader-old-portfolio-4b,"Matched AI Ark lookalike-company search (lookalikeDomains seeded with 3 known PE-backed medtech CDMO/manufacturing roll-up platforms: Cirtec Medical, Viant Medical, Integer Holdings), filtered post-hoc to 100-5000 employees as a proxy for the $100M-$1B revenue band. This confirms 'similar business model to a known PE-backed medtech manufacturing/roll-up platform' — it does NOT verify actual PE ownership or that this specific company has itself absorbed 2+ acquisitions without consolidating brands; both require a per-company ownership/M&A-history check (PitchBook or deal-news search) before treating as qualified. This is segment 4(b) specifically (PE-backed roll-up platforms, $100M-$1B) — distinct from 4(a) already sourced via Blitz."
cretexmedical.com,Cretex Medical,https://www.linkedin.com/company/cretexmedical,http://www.cretexmedical.com,1045,1001-5000,-,PRIVATELY_HELD,medical equipment manufacturing,-,-,-,Cretex Medical offers comprehensive medical device manufacturing and engineering services to help our customers mitigate risk and streamline their processes.  Our diverse range of capabilities includes: - Metal and plastic machining - Additive manufacturing - Plastic injection molding - Precision metal stamping  - Design and manufacturing of sterilization cases & trays - Custom instrument manufacturing - Laser processing - Laser micro-machining and assembly - Finished device assembly - Sterile p,"New Leader, Old Portfolio",new-leader-old-portfolio-4b,"Matched AI Ark lookalike-company search (lookalikeDomains seeded with 3 known PE-backed medtech CDMO/manufacturing roll-up platforms: Cirtec Medical, Viant Medical, Integer Holdings), filtered post-hoc to 100-5000 employees as a proxy for the $100M-$1B revenue band. This confirms 'similar business model to a known PE-backed medtech manufacturing/roll-up platform' — it does NOT verify actual PE ownership or that this specific company has itself absorbed 2+ acquisitions without consolidating brands; both require a per-company ownership/M&A-history check (PitchBook or deal-news search) before treating as qualified. This is segment 4(b) specifically (PE-backed roll-up platforms, $100M-$1B) — distinct from 4(a) already sourced via Blitz."
nextern.com,Nextern,https://www.linkedin.com/company/nextern-inc-,https://www.nextern.com?source=linkedin,406,501-1000,2000,PRIVATELY_HELD,medical equipment manufacturing,-,-,-,"Nextern collaborates with innovators, clinicians, and device partners to create, iterate, optimize and manufacture best-in-class medical devices. We bring an unmatched core competence in medical device product design and development through manufacturing as a leverageable asset to collaborators like you, who are focused on accelerating the commercial side of the business.​  At Nextern, we inspire with passion, impact with significance, and act with integrity.","New Leader, Old Portfolio",new-leader-old-portfolio-4b,"Matched AI Ark lookalike-company search (lookalikeDomains seeded with 3 known PE-backed medtech CDMO/manufacturing roll-up platforms: Cirtec Medical, Viant Medical, Integer Holdings), filtered post-hoc to 100-5000 employees as a proxy for the $100M-$1B revenue band. This confirms 'similar business model to a known PE-backed medtech manufacturing/roll-up platform' — it does NOT verify actual PE ownership or that this specific company has itself absorbed 2+ acquisitions without consolidating brands; both require a per-company ownership/M&A-history check (PitchBook or deal-news search) before treating as qualified. This is segment 4(b) specifically (PE-backed roll-up platforms, $100M-$1B) — distinct from 4(a) already sourced via Blitz."
paragonmedical.com,Paragon Medical,https://www.linkedin.com/company/paragonmedical,https://www.paragonmedical.com,845,1001-5000,1991,PUBLIC_COMPANY,medical equipment manufacturing,-,-,-,"Paragon Medical is a global medical device contract design and manufacturer specializing in high-precision components and full devices. Our capabilities span implants, surgical instruments, and cases and trays across a wide range of MedTech markets. You can count on Paragon Medical as your strategic partner in medical device manufacturing, offering an end-to-end supply chain solution from early design and development through verification, validation, and commercial production.   As part of AMETE","New Leader, Old Portfolio",new-leader-old-portfolio-4b,"Matched AI Ark lookalike-company search (lookalikeDomains seeded with 3 known PE-backed medtech CDMO/manufacturing roll-up platforms: Cirtec Medical, Viant Medical, Integer Holdings), filtered post-hoc to 100-5000 employees as a proxy for the $100M-$1B revenue band. This confirms 'similar business model to a known PE-backed medtech manufacturing/roll-up platform' — it does NOT verify actual PE ownership or that this specific company has itself absorbed 2+ acquisitions without consolidating brands; both require a per-company ownership/M&A-history check (PitchBook or deal-news search) before treating as qualified. This is segment 4(b) specifically (PE-backed roll-up platforms, $100M-$1B) — distinct from 4(a) already sourced via Blitz."
smcltd.com,SMC Ltd,https://www.linkedin.com/company/smc-ltd,http://www.smcltd.com,1770,501-1000,1988,PRIVATELY_HELD,medical equipment manufacturing,-,-,-,"SMC Ltd. offers global solutions, contract manufacturing and molding services for the medical device, diagnostics, and pharmaceutical industries. Services include design, engineering, thermoplastic molding including insert, two-shot and micro, liquid silicone injection molding (LIM) and complete device assembly. Project integration, supply chain management, validation, packaging and labeling, and sterilization responsibility are systematically controlled. Facilities offer ISO 13485, quality syst","New Leader, Old Portfolio",new-leader-old-portfolio-4b,"Matched AI Ark lookalike-company search (lookalikeDomains seeded with 3 known PE-backed medtech CDMO/manufacturing roll-up platforms: Cirtec Medical, Viant Medical, Integer Holdings), filtered post-hoc to 100-5000 employees as a proxy for the $100M-$1B revenue band. This confirms 'similar business model to a known PE-backed medtech manufacturing/roll-up platform' — it does NOT verify actual PE ownership or that this specific company has itself absorbed 2+ acquisitions without consolidating brands; both require a per-company ownership/M&A-history check (PitchBook or deal-news search) before treating as qualified. This is segment 4(b) specifically (PE-backed roll-up platforms, $100M-$1B) — distinct from 4(a) already sourced via Blitz."
sterlingindustries.com,Sterling Industries,https://www.linkedin.com/company/sterlingindustries,http://www.sterlingindustries.com,100,51-200,1983,PRIVATELY_HELD,medical equipment manufacturing,-,-,-,"Sterling Industries is a vertically integrated contract manufacturer of medical devices and medical device components with facilities in both the US and Canada.  We help companies — from Fortune 100 to mid-size to start-up — scale from launch to full production (whether it be from thousands to millions of units), with consistent and immaculate quality, process and compliance.  We offer a repeatable design transfer process, design-for-manufacturing expertise, regulatory compliance and supply chai","New Leader, Old Portfolio",new-leader-old-portfolio-4b,"Matched AI Ark lookalike-company search (lookalikeDomains seeded with 3 known PE-backed medtech CDMO/manufacturing roll-up platforms: Cirtec Medical, Viant Medical, Integer Holdings), filtered post-hoc to 100-5000 employees as a proxy for the $100M-$1B revenue band. This confirms 'similar business model to a known PE-backed medtech manufacturing/roll-up platform' — it does NOT verify actual PE ownership or that this specific company has itself absorbed 2+ acquisitions without consolidating brands; both require a per-company ownership/M&A-history check (PitchBook or deal-news search) before treating as qualified. This is segment 4(b) specifically (PE-backed roll-up platforms, $100M-$1B) — distinct from 4(a) already sourced via Blitz."
quasarmedical.com,Quasar Medical | Medical Device Manufacturer,https://www.linkedin.com/company/quasar-medical-manufacturing,http://www.quasarmedical.com,303,1001-5000,1988,PRIVATELY_HELD,medical equipment manufacturing,-,-,-,"Quasar Medical is a global Contract Development and Manufacturing Organization (CDMO) delivering end-to-end solutions for interventional and minimally invasive medical devices. With 11 global facilities and over 4,300 employees across Asia, North America, and Europe, Quasar specializes in catheter systems, balloon technologies, micro-EM sensors, and complex assemblies, delivering cost-effective scalability and unmatched speed to market. Headquartered in Singapore, the company provides fully inte","New Leader, Old Portfolio",new-leader-old-portfolio-4b,"Matched AI Ark lookalike-company search (lookalikeDomains seeded with 3 known PE-backed medtech CDMO/manufacturing roll-up platforms: Cirtec Medical, Viant Medical, Integer Holdings), filtered post-hoc to 100-5000 employees as a proxy for the $100M-$1B revenue band. This confirms 'similar business model to a known PE-backed medtech manufacturing/roll-up platform' — it does NOT verify actual PE ownership or that this specific company has itself absorbed 2+ acquisitions without consolidating brands; both require a per-company ownership/M&A-history check (PitchBook or deal-news search) before treating as qualified. This is segment 4(b) specifically (PE-backed roll-up platforms, $100M-$1B) — distinct from 4(a) already sourced via Blitz."
gilero.com,"Gilero, A Sanner Group Company",https://www.linkedin.com/company/gilero,https://www.gilero.com,148,51-200,2002,PRIVATELY_HELD,medical equipment manufacturing,-,-,-,"Gilero offers end-to-end device design, development and contract manufacturing in the medical and pharmaceutical industries.  Specializing in the areas of consumable and reusable medical devices, drug delivery, combination products and complex electromechanical systems, Gilero offers a wide range of services to meet your medical or drug delivery device needs.","New Leader, Old Portfolio",new-leader-old-portfolio-4b,"Matched AI Ark lookalike-company search (lookalikeDomains seeded with 3 known PE-backed medtech CDMO/manufacturing roll-up platforms: Cirtec Medical, Viant Medical, Integer Holdings), filtered post-hoc to 100-5000 employees as a proxy for the $100M-$1B revenue band. This confirms 'similar business model to a known PE-backed medtech manufacturing/roll-up platform' — it does NOT verify actual PE ownership or that this specific company has itself absorbed 2+ acquisitions without consolidating brands; both require a per-company ownership/M&A-history check (PitchBook or deal-news search) before treating as qualified. This is segment 4(b) specifically (PE-backed roll-up platforms, $100M-$1B) — distinct from 4(a) already sourced via Blitz."
bllifesciences.com,BL Lifesciences,https://www.linkedin.com/company/bl-lifesciences,http://www.bllifesciences.com,190,201-500,1984,PRIVATELY_HELD,medical equipment manufacturing,-,-,-,"BL Lifesciences is a leading medical device manufacturer and distributor dedicated to providing innovative products across the medical sciences. As part of the nearly 80-year-old BL group of family companies, we have decades of experience in all manner of medical device manufacturing and distribution. With headquarters in New Delhi, India, and 11 offices across the country, as well as an international office in Singapore, we focus on providing leading quality devices and equipment while cultivat","New Leader, Old Portfolio",new-leader-old-portfolio-4b,"Matched AI Ark lookalike-company search (lookalikeDomains seeded with 3 known PE-backed medtech CDMO/manufacturing roll-up platforms: Cirtec Medical, Viant Medical, Integer Holdings), filtered post-hoc to 100-5000 employees as a proxy for the $100M-$1B revenue band. This confirms 'similar business model to a known PE-backed medtech manufacturing/roll-up platform' — it does NOT verify actual PE ownership or that this specific company has itself absorbed 2+ acquisitions without consolidating brands; both require a per-company ownership/M&A-history check (PitchBook or deal-news search) before treating as qualified. This is segment 4(b) specifically (PE-backed roll-up platforms, $100M-$1B) — distinct from 4(a) already sourced via Blitz."
pulsetechnologies.com,Pulse Technologies,https://www.linkedin.com/company/pulse-technologies,http://www.pulsetechnologies.com,145,201-500,2015,PRIVATELY_HELD,medical equipment manufacturing,-,-,-,"Pulse Technologies is an advanced innovation and contract manufacturing company focused exclusively on medical device components and assemblies. 
  
 Think of it as ideas + execution: the marriage of groundbreaking materials, technologies and processes with full capabilities for outsourced component manufacturing and assembly, from prototype to production. That’s the complete package we offer to our medical device OEM partners, who comprise a substantial number of the world’s leading and largest","New Leader, Old Portfolio",new-leader-old-portfolio-4b,"Matched AI Ark lookalike-company search (lookalikeDomains seeded with 3 known PE-backed medtech CDMO/manufacturing roll-up platforms: Cirtec Medical, Viant Medical, Integer Holdings), filtered post-hoc to 100-5000 employees as a proxy for the $100M-$1B revenue band. This confirms 'similar business model to a known PE-backed medtech manufacturing/roll-up platform' — it does NOT verify actual PE ownership or that this specific company has itself absorbed 2+ acquisitions without consolidating brands; both require a per-company ownership/M&A-history check (PitchBook or deal-news search) before treating as qualified. This is segment 4(b) specifically (PE-backed roll-up platforms, $100M-$1B) — distinct from 4(a) already sourced via Blitz."
bostonscientific.com,Boston Scientific en Costa Rica,https://www.linkedin.com/company/boston-scientific-costa-rica,https://www.bostonscientific.com,1259,5001-10000,1979,PRIVATELY_HELD,medical equipment manufacturing,-,-,-,"En Boston Scientific, trabajamos en colaboración para resolver los problemas más difíciles de la atención médica mediante el desarrollo de soluciones que son más importantes para aquellos que sufren afecciones debilitantes y que amenazan la vida y los profesionales de la salud que brindan su atención. En más de 100 países, ayudamos a los proveedores a brindar atención de manera más efectiva al reducir costos, aumentar la eficiencia y ampliar el acceso a la atención para ayudar a que más personas","New Leader, Old Portfolio",new-leader-old-portfolio-4b,"Matched AI Ark lookalike-company search (lookalikeDomains seeded with 3 known PE-backed medtech CDMO/manufacturing roll-up platforms: Cirtec Medical, Viant Medical, Integer Holdings), filtered post-hoc to 100-5000 employees as a proxy for the $100M-$1B revenue band. This confirms 'similar business model to a known PE-backed medtech manufacturing/roll-up platform' — it does NOT verify actual PE ownership or that this specific company has itself absorbed 2+ acquisitions without consolidating brands; both require a per-company ownership/M&A-history check (PitchBook or deal-news search) before treating as qualified. This is segment 4(b) specifically (PE-backed roll-up platforms, $100M-$1B) — distinct from 4(a) already sourced via Blitz."
mpe-inc.com,MPE Inc.,https://www.linkedin.com/company/mpeinc,http://www.mpe-inc.com,275,51-200,1978,PRIVATELY_HELD,medical equipment manufacturing,-,-,-,"MPE Inc. has developed the only capital equipment commercialization platform that enables healthcare and technology OEMS to scale, integrate, and extend their medical device commercial strategies.    Our purpose-built platform integrates the most critical control planes of compliance, differentiation, and adoption readiness into one unified system. This approach provides MedTech OEMs with a clear roadmap to market-ready products, meeting the modern healthcare demand for high-quality, life-transf","New Leader, Old Portfolio",new-leader-old-portfolio-4b,"Matched AI Ark lookalike-company search (lookalikeDomains seeded with 3 known PE-backed medtech CDMO/manufacturing roll-up platforms: Cirtec Medical, Viant Medical, Integer Holdings), filtered post-hoc to 100-5000 employees as a proxy for the $100M-$1B revenue band. This confirms 'similar business model to a known PE-backed medtech manufacturing/roll-up platform' — it does NOT verify actual PE ownership or that this specific company has itself absorbed 2+ acquisitions without consolidating brands; both require a per-company ownership/M&A-history check (PitchBook or deal-news search) before treating as qualified. This is segment 4(b) specifically (PE-backed roll-up platforms, $100M-$1B) — distinct from 4(a) already sourced via Blitz."
norwoodmedical.com,Norwood Medical,https://www.linkedin.com/company/norwood-medical,http://www.norwoodmedical.com,486,1001-5000,1926,PRIVATELY_HELD,medical equipment manufacturing,-,-,-,"Norwood Medical’s legacy of expertise in complex machining dates back as far as the 1920s, when it first opened its doors for business as a machine tool shop. Serving a thriving manufacturing sector through a good part of the twentieth century, Norwood Medical began its journey into medical device manufacturing in the early 1970s. As a contract medical device manufacturer, Norwood Medical first helped produce complex surgical devices for companies that were pioneers in the field.
 
 Our laser fo","New Leader, Old Portfolio",new-leader-old-portfolio-4b,"Matched AI Ark lookalike-company search (lookalikeDomains seeded with 3 known PE-backed medtech CDMO/manufacturing roll-up platforms: Cirtec Medical, Viant Medical, Integer Holdings), filtered post-hoc to 100-5000 employees as a proxy for the $100M-$1B revenue band. This confirms 'similar business model to a known PE-backed medtech manufacturing/roll-up platform' — it does NOT verify actual PE ownership or that this specific company has itself absorbed 2+ acquisitions without consolidating brands; both require a per-company ownership/M&A-history check (PitchBook or deal-news search) before treating as qualified. This is segment 4(b) specifically (PE-backed roll-up platforms, $100M-$1B) — distinct from 4(a) already sourced via Blitz."
orchid-ortho.com,Orchid Orthopedic Solutions,https://www.linkedin.com/company/orchid-orthopedic-solutions,http://www.orchid-ortho.com,856,1001-5000,1990,PRIVATELY_HELD,medical equipment manufacturing,-,-,-,"Orchid Orthopedic Solutions is a worldwide leader of medical device outsourcing services, providing expertise in a wide-ranging offer, from design and development through finished goods manufacturing.  
 
 The company offers a broad array of services and capabilities for orthopedic and medical device development and manufacturing such as Design, Quality Systems, Regulatory Affairs, Implant Manufacturing, Instrument Manufacturing, Sterile and Non-Sterile Packaging.  With experience in joint recon","New Leader, Old Portfolio",new-leader-old-portfolio-4b,"Matched AI Ark lookalike-company search (lookalikeDomains seeded with 3 known PE-backed medtech CDMO/manufacturing roll-up platforms: Cirtec Medical, Viant Medical, Integer Holdings), filtered post-hoc to 100-5000 employees as a proxy for the $100M-$1B revenue band. This confirms 'similar business model to a known PE-backed medtech manufacturing/roll-up platform' — it does NOT verify actual PE ownership or that this specific company has itself absorbed 2+ acquisitions without consolidating brands; both require a per-company ownership/M&A-history check (PitchBook or deal-news search) before treating as qualified. This is segment 4(b) specifically (PE-backed roll-up platforms, $100M-$1B) — distinct from 4(a) already sourced via Blitz."
viantmedical.com,Viant Medical,https://www.linkedin.com/company/viantmedical,http://viantmedical.com,2886,5001-10000,2007,PRIVATELY_HELD,medical equipment manufacturing,-,-,-,"Please stay safe online. Viant does not send unsolicited interview offers to candidates that have not directly applied for an open position.  Additionally, Viant will not ask potential candidates or new hires to make payments or purchases nor send payments of any kind in advance of employment commencing.  Viant is a global design and manufacturing services provider for the medtech industry, specializing in surgical technologies, orthopedics, cardiac & interventional, bioelectronics, bioprocessin","New Leader, Old Portfolio",new-leader-old-portfolio-4b,"Matched AI Ark lookalike-company search (lookalikeDomains seeded with 3 known PE-backed medtech CDMO/manufacturing roll-up platforms: Cirtec Medical, Viant Medical, Integer Holdings), filtered post-hoc to 100-5000 employees as a proxy for the $100M-$1B revenue band. This confirms 'similar business model to a known PE-backed medtech manufacturing/roll-up platform' — it does NOT verify actual PE ownership or that this specific company has itself absorbed 2+ acquisitions without consolidating brands; both require a per-company ownership/M&A-history check (PitchBook or deal-news search) before treating as qualified. This is segment 4(b) specifically (PE-backed roll-up platforms, $100M-$1B) — distinct from 4(a) already sourced via Blitz."
racermedical.com.sg,Racer Technology,https://www.linkedin.com/company/racer-technology,http://www.racermedical.com.sg,102,1001-5000,1988,PRIVATELY_HELD,medical equipment manufacturing,-,-,-,"Racer Technology is one of the leading medical devices manufacturers. Headquarter in Singapore & sales office in California, supported by manufacturing faculties in China, Indonesia, India & Malaysia. In this new age of business technology, Racer Technology has fully captured the needs of the market demand in Medical Contract Manufacturing as We believe in continuous innovation and improvements are critical for our success. We provide a direct support from many strategic locations throughout Asi","New Leader, Old Portfolio",new-leader-old-portfolio-4b,"Matched AI Ark lookalike-company search (lookalikeDomains seeded with 3 known PE-backed medtech CDMO/manufacturing roll-up platforms: Cirtec Medical, Viant Medical, Integer Holdings), filtered post-hoc to 100-5000 employees as a proxy for the $100M-$1B revenue band. This confirms 'similar business model to a known PE-backed medtech manufacturing/roll-up platform' — it does NOT verify actual PE ownership or that this specific company has itself absorbed 2+ acquisitions without consolidating brands; both require a per-company ownership/M&A-history check (PitchBook or deal-news search) before treating as qualified. This is segment 4(b) specifically (PE-backed roll-up platforms, $100M-$1B) — distinct from 4(a) already sourced via Blitz."
dukal.com,"Dukal, LLC",https://www.linkedin.com/company/dukal,https://www.dukal.com,107,51-200,1991,PRIVATELY_HELD,medical equipment manufacturing,-,-,-,"Dukal is driving growth through manufacturing and supply chain excellence to mitigate disruptions and create solutions that better serve the needs of healthcare professionals and patients around the world.  Applying the expertise of our global workforce, national brand of products, technology investments, data insights, and trusted partnerships to build a better future.  Our Belief & Purpose We believe enhancing family and community health is the way to a better future. We are committed to a wor","New Leader, Old Portfolio",new-leader-old-portfolio-4b,"Matched AI Ark lookalike-company search (lookalikeDomains seeded with 3 known PE-backed medtech CDMO/manufacturing roll-up platforms: Cirtec Medical, Viant Medical, Integer Holdings), filtered post-hoc to 100-5000 employees as a proxy for the $100M-$1B revenue band. This confirms 'similar business model to a known PE-backed medtech manufacturing/roll-up platform' — it does NOT verify actual PE ownership or that this specific company has itself absorbed 2+ acquisitions without consolidating brands; both require a per-company ownership/M&A-history check (PitchBook or deal-news search) before treating as qualified. This is segment 4(b) specifically (PE-backed roll-up platforms, $100M-$1B) — distinct from 4(a) already sourced via Blitz."
cadenceinc.com,"Cadence, Inc.",https://www.linkedin.com/company/cadence-inc-,http://www.cadenceinc.com,385,501-1000,1985,PRIVATELY_HELD,medical equipment manufacturing,-,-,-,"Cadence is a vertically integrated, medical device contract manufacturing organization serving the medical device, diagnostics, and drug delivery markets, providing best-in-class product design and development support through complete manufacturing of finished devices.  Cadence employs approximately 800 people worldwide with its corporate headquarters in Staunton, Virginia and additional locations in Connecticut, Pennsylvania, Rhode Island, Wisconsin, Florida, and Costa Rica.","New Leader, Old Portfolio",new-leader-old-portfolio-4b,"Matched AI Ark lookalike-company search (lookalikeDomains seeded with 3 known PE-backed medtech CDMO/manufacturing roll-up platforms: Cirtec Medical, Viant Medical, Integer Holdings), filtered post-hoc to 100-5000 employees as a proxy for the $100M-$1B revenue band. This confirms 'similar business model to a known PE-backed medtech manufacturing/roll-up platform' — it does NOT verify actual PE ownership or that this specific company has itself absorbed 2+ acquisitions without consolidating brands; both require a per-company ownership/M&A-history check (PitchBook or deal-news search) before treating as qualified. This is segment 4(b) specifically (PE-backed roll-up platforms, $100M-$1B) — distinct from 4(a) already sourced via Blitz."
bioglan.se,Bioglan AB,https://www.linkedin.com/company/bioglan-ab,http://www.bioglan.se,124,51-200,1984,PRIVATELY_HELD,pharmaceutical manufacturing,-,-,-,"Bioglan AB is a contract development and manufacturing organization with more than thirty years of experience in research, development, manufacturing and marketing of pharmaceuticals. 
 
 We develop, produce and market pharmaceuticals and medical devices. We also provide support for pharmaceutical, healthcare and life science companies in all aspects of development and manufacturing of semi-solid and liquid products. We collaborate with companies of all sizes, from the smallest start-up to the l","New Leader, Old Portfolio",new-leader-old-portfolio-4b,"Matched AI Ark lookalike-company search (lookalikeDomains seeded with 3 known PE-backed medtech CDMO/manufacturing roll-up platforms: Cirtec Medical, Viant Medical, Integer Holdings), filtered post-hoc to 100-5000 employees as a proxy for the $100M-$1B revenue band. This confirms 'similar business model to a known PE-backed medtech manufacturing/roll-up platform' — it does NOT verify actual PE ownership or that this specific company has itself absorbed 2+ acquisitions without consolidating brands; both require a per-company ownership/M&A-history check (PitchBook or deal-news search) before treating as qualified. This is segment 4(b) specifically (PE-backed roll-up platforms, $100M-$1B) — distinct from 4(a) already sourced via Blitz."
joharidigital.com,Syrma Johari Medtech Limited,https://www.linkedin.com/company/syrmajoharimedtech,https://www.syrmajoharimedtech.com,361,201-500,1979,PRIVATELY_HELD,medical equipment manufacturing,-,-,-,"Syrma Johari MedTech Ltd. is a leading medical device design and manufacturing partner, empowering global MedTech companies and fast-growing startups to bring medical innovations to market. With over 45 years of expertise, we provide end-to-end solutions across the product lifecycle, from design and development to contract manufacturing, supply chain solutions, and QARA consultation.  We operate 16 state-of-the-art manufacturing facilities and 4 R&D centers in India and Europe, delivering high-q","New Leader, Old Portfolio",new-leader-old-portfolio-4b,"Matched AI Ark lookalike-company search (lookalikeDomains seeded with 3 known PE-backed medtech CDMO/manufacturing roll-up platforms: Cirtec Medical, Viant Medical, Integer Holdings), filtered post-hoc to 100-5000 employees as a proxy for the $100M-$1B revenue band. This confirms 'similar business model to a known PE-backed medtech manufacturing/roll-up platform' — it does NOT verify actual PE ownership or that this specific company has itself absorbed 2+ acquisitions without consolidating brands; both require a per-company ownership/M&A-history check (PitchBook or deal-news search) before treating as qualified. This is segment 4(b) specifically (PE-backed roll-up platforms, $100M-$1B) — distinct from 4(a) already sourced via Blitz."
schillerindia.com,Schiller Healthcare India,https://www.linkedin.com/company/schillerhealthcareindia,http://www.schillerindia.com,424,201-500,1997,PRIVATELY_HELD,medical equipment manufacturing,-,-,-,"Schiller Healthcare India Pvt. Ltd. is a subsidiary of Schiller AG of Switzerland, a world leader in Medical Diagnostic Solutions, with presence in over 100 countries across the world. The company was set-up in 1997 with an idea to make quality products available to the Indian medical market. Currently, our product range covers Critical Care, Cardiology, Radiology, Telemedicine, Cardiopulmonary, Anaesthesia and Robotic Surgery. Schiller India has strategic tie-ups with Stephan GmbH of Germany, T","New Leader, Old Portfolio",new-leader-old-portfolio-4b,"Matched AI Ark lookalike-company search (lookalikeDomains seeded with 3 known PE-backed medtech CDMO/manufacturing roll-up platforms: Cirtec Medical, Viant Medical, Integer Holdings), filtered post-hoc to 100-5000 employees as a proxy for the $100M-$1B revenue band. This confirms 'similar business model to a known PE-backed medtech manufacturing/roll-up platform' — it does NOT verify actual PE ownership or that this specific company has itself absorbed 2+ acquisitions without consolidating brands; both require a per-company ownership/M&A-history check (PitchBook or deal-news search) before treating as qualified. This is segment 4(b) specifically (PE-backed roll-up platforms, $100M-$1B) — distinct from 4(a) already sourced via Blitz."
advantmedical.com,"Advant Medical, a UFP Technologies company",https://www.linkedin.com/company/advant-medical-moulding,http://www.advantmedical.com,108,51-200,1993,PRIVATELY_HELD,medical equipment manufacturing,-,-,-,"A UFP Technologies company  Advant Medical is a global organisation supporting companies at various stages of the product life cycle. With over 28 years of expertise in the medical device sector, Advant supports a broad range of customers including start-ups, SMEs and Multinationals from concept through to market release for both minimally invasive and implantable devices. With Headquarters in Galway, Ireland, Advant provide a strategic route to the European and Asian Markets.  SERVICES:  •    D","New Leader, Old Portfolio",new-leader-old-portfolio-4b,"Matched AI Ark lookalike-company search (lookalikeDomains seeded with 3 known PE-backed medtech CDMO/manufacturing roll-up platforms: Cirtec Medical, Viant Medical, Integer Holdings), filtered post-hoc to 100-5000 employees as a proxy for the $100M-$1B revenue band. This confirms 'similar business model to a known PE-backed medtech manufacturing/roll-up platform' — it does NOT verify actual PE ownership or that this specific company has itself absorbed 2+ acquisitions without consolidating brands; both require a per-company ownership/M&A-history check (PitchBook or deal-news search) before treating as qualified. This is segment 4(b) specifically (PE-backed roll-up platforms, $100M-$1B) — distinct from 4(a) already sourced via Blitz."
btl-kariera.cz,BTL Medical & Healthcare Technologies,https://www.linkedin.com/company/medical-technologies-cz-a.s.,https://btl-kariera.cz,613,1001-5000,1993,PRIVATELY_HELD,medical equipment manufacturing,-,-,-,"Naše poslání je přinášet nové revoluční technologie do zdravotní péče.  Zaměřujeme se na kardiologii, fyzioterapii a medicínskou estetiku. Od roku 1993 jsme předali do rukou lékařů v 80 ti zemích světa více než půl milionu našich přístrojů a tím umožnili lépe diagnostikovat a léčit.  Každým rokem přinášíme další nové produkty, které často jdou za hranice nejnovějších technologií. Vše vzniká v našem vývoji -  od první myšlenky až po sériovou výrobu v jednom z našich výrobních závodů. Jsme dobrá p","New Leader, Old Portfolio",new-leader-old-portfolio-4b,"Matched AI Ark lookalike-company search (lookalikeDomains seeded with 3 known PE-backed medtech CDMO/manufacturing roll-up platforms: Cirtec Medical, Viant Medical, Integer Holdings), filtered post-hoc to 100-5000 employees as a proxy for the $100M-$1B revenue band. This confirms 'similar business model to a known PE-backed medtech manufacturing/roll-up platform' — it does NOT verify actual PE ownership or that this specific company has itself absorbed 2+ acquisitions without consolidating brands; both require a per-company ownership/M&A-history check (PitchBook or deal-news search) before treating as qualified. This is segment 4(b) specifically (PE-backed roll-up platforms, $100M-$1B) — distinct from 4(a) already sourced via Blitz."
biomerics.com,Biomerics,https://www.linkedin.com/company/biomerics,http://www.biomerics.com,1544,1001-5000,1994,PRIVATELY_HELD,medical equipment manufacturing,-,-,-,"Founded in 1994, Biomerics is the leading vertically integrated medical device contract manufacturer serving the interventional device market. Trusted as a vertically integrated partner with extensive engineering expertise and solutions, Biomerics supplies 20 of the top 30 medical device OEMs globally. Biomerics provides engineering design and development services, technology transfer manufacturing services and contract manufacturing services — including sterilization and packaging — for medical","New Leader, Old Portfolio",new-leader-old-portfolio-4b,"Matched AI Ark lookalike-company search (lookalikeDomains seeded with 3 known PE-backed medtech CDMO/manufacturing roll-up platforms: Cirtec Medical, Viant Medical, Integer Holdings), filtered post-hoc to 100-5000 employees as a proxy for the $100M-$1B revenue band. This confirms 'similar business model to a known PE-backed medtech manufacturing/roll-up platform' — it does NOT verify actual PE ownership or that this specific company has itself absorbed 2+ acquisitions without consolidating brands; both require a per-company ownership/M&A-history check (PitchBook or deal-news search) before treating as qualified. This is segment 4(b) specifically (PE-backed roll-up platforms, $100M-$1B) — distinct from 4(a) already sourced via Blitz."
switchbackmedical.com,Switchback,https://www.linkedin.com/company/switchback-medical,http://www.switchbackmedical.com,135,51-200,2018,PRIVATELY_HELD,medical equipment manufacturing,-,-,-,"Your partner for innovative medical device prototyping, development, full program management and manufacturing.  We bring your medical device designs to life with the help of our expert team.  Switchback offers customers the confidence to design and manufacture innovative medical devices that grow and revolutionize their business.  We are engineers, innovators and problem solvers.  What matters to you inspires what we do.  Our mission is to help you do the impossible by providing deep engineerin","New Leader, Old Portfolio",new-leader-old-portfolio-4b,"Matched AI Ark lookalike-company search (lookalikeDomains seeded with 3 known PE-backed medtech CDMO/manufacturing roll-up platforms: Cirtec Medical, Viant Medical, Integer Holdings), filtered post-hoc to 100-5000 employees as a proxy for the $100M-$1B revenue band. This confirms 'similar business model to a known PE-backed medtech manufacturing/roll-up platform' — it does NOT verify actual PE ownership or that this specific company has itself absorbed 2+ acquisitions without consolidating brands; both require a per-company ownership/M&A-history check (PitchBook or deal-news search) before treating as qualified. This is segment 4(b) specifically (PE-backed roll-up platforms, $100M-$1B) — distinct from 4(a) already sourced via Blitz."
vander-bend.com,Vander-Bend Manufacturing,https://www.linkedin.com/company/vander-bend-manufacturing,https://vantedgemedical.com,144,501-1000,1980,PRIVATELY_HELD,medical equipment manufacturing,-,-,-,"Vander-Bend is a proven, Medical Technology OEM award-winning partner.  We have been providing expert-level solutions for more than 40 years.  We provide a full suite of solutions from complex Machining & Stamping to contract manufacturing full assemblies for Robotic Assisted Surgery (RAS).  We also provide Surgical Innovations components and assemblies, low through high volume.  Specializing in Electromechanical Assembly, Precision Machining, Sheet Metal Fabrication, and Rapid Prototyping & Eng","New Leader, Old Portfolio",new-leader-old-portfolio-4b,"Matched AI Ark lookalike-company search (lookalikeDomains seeded with 3 known PE-backed medtech CDMO/manufacturing roll-up platforms: Cirtec Medical, Viant Medical, Integer Holdings), filtered post-hoc to 100-5000 employees as a proxy for the $100M-$1B revenue band. This confirms 'similar business model to a known PE-backed medtech manufacturing/roll-up platform' — it does NOT verify actual PE ownership or that this specific company has itself absorbed 2+ acquisitions without consolidating brands; both require a per-company ownership/M&A-history check (PitchBook or deal-news search) before treating as qualified. This is segment 4(b) specifically (PE-backed roll-up platforms, $100M-$1B) — distinct from 4(a) already sourced via Blitz."
lre.de,LRE Medical,https://www.linkedin.com/company/lre-medical-gmbh,https://www.lre-medical.com,102,201-500,1961,PRIVATELY_HELD,medical equipment manufacturing,-,-,-,"LRE Medical is a full-service technology company specializing in the development and industrialization of complex diagnostic, medical, and life sciences devices. As a leader in point-of-care diagnostics, with unmatched end-to-end services and capabilities, LRE Medical partners with global healthcare leaders to drive healthcare innovation globally.","New Leader, Old Portfolio",new-leader-old-portfolio-4b,"Matched AI Ark lookalike-company search (lookalikeDomains seeded with 3 known PE-backed medtech CDMO/manufacturing roll-up platforms: Cirtec Medical, Viant Medical, Integer Holdings), filtered post-hoc to 100-5000 employees as a proxy for the $100M-$1B revenue band. This confirms 'similar business model to a known PE-backed medtech manufacturing/roll-up platform' — it does NOT verify actual PE ownership or that this specific company has itself absorbed 2+ acquisitions without consolidating brands; both require a per-company ownership/M&A-history check (PitchBook or deal-news search) before treating as qualified. This is segment 4(b) specifically (PE-backed roll-up platforms, $100M-$1B) — distinct from 4(a) already sourced via Blitz."
btlnet.co.in,BTL India Private Ltd,https://www.linkedin.com/company/btl-india-private-ltd,http://www.btlnet.co.in,144,51-200,2013,PRIVATELY_HELD,medical equipment manufacturing,-,-,-,"BTL India is part of BTL – a globally established one of the world's major manufacturer of medical and aesthetic equipment company with direct offices in more than 80 countries around the world. Established in New Delhi in 2011, BTL India’s cutting-edge R&D center was set up in Bengaluru in 2013 and focuses on the end-to-end research and development cycle, from idea to serial production, at our manufacturing facilities in Europe. Our mission is to introduce innovative technologies to the healthc","New Leader, Old Portfolio",new-leader-old-portfolio-4b,"Matched AI Ark lookalike-company search (lookalikeDomains seeded with 3 known PE-backed medtech CDMO/manufacturing roll-up platforms: Cirtec Medical, Viant Medical, Integer Holdings), filtered post-hoc to 100-5000 employees as a proxy for the $100M-$1B revenue band. This confirms 'similar business model to a known PE-backed medtech manufacturing/roll-up platform' — it does NOT verify actual PE ownership or that this specific company has itself absorbed 2+ acquisitions without consolidating brands; both require a per-company ownership/M&A-history check (PitchBook or deal-news search) before treating as qualified. This is segment 4(b) specifically (PE-backed roll-up platforms, $100M-$1B) — distinct from 4(a) already sourced via Blitz."
seisa.com,Seisa Medical,https://www.linkedin.com/company/seisa-medical,http://seisa.com,246,1001-5000,1983,PARTNERSHIP,medical equipment manufacturing,-,-,-,"Seisa Group is a premier full-service medical device manufacturer. SEISA offers end-to-end product support from its multiple facilities in North America and Europe. SEISA has partnered with industry-leading medical device companies on projects ranging from concept to production and product evolution. SEISA’s partners have benefited from leveraging SEISA’s strengths, including the following: 
 
 - Vertically integrated operations to speed time to market and control costs
 - Expertise in manufactu","New Leader, Old Portfolio",new-leader-old-portfolio-4b,"Matched AI Ark lookalike-company search (lookalikeDomains seeded with 3 known PE-backed medtech CDMO/manufacturing roll-up platforms: Cirtec Medical, Viant Medical, Integer Holdings), filtered post-hoc to 100-5000 employees as a proxy for the $100M-$1B revenue band. This confirms 'similar business model to a known PE-backed medtech manufacturing/roll-up platform' — it does NOT verify actual PE ownership or that this specific company has itself absorbed 2+ acquisitions without consolidating brands; both require a per-company ownership/M&A-history check (PitchBook or deal-news search) before treating as qualified. This is segment 4(b) specifically (PE-backed roll-up platforms, $100M-$1B) — distinct from 4(a) already sourced via Blitz."
caraghprecision.com,Caragh Precision,https://www.linkedin.com/company/caragh-precision,http://www.caraghprecision.com,133,201-500,1982,PRIVATELY_HELD,medical equipment manufacturing,-,-,-,"Caragh Precision specialises in the manufacture of highly accurate components and products for the medical device manufacturing sector internationally. We work with some of the world's leading cardiovascular and orthopaedic medical device manufacturers corporations. Our areas of speciality include orthopaedic instruments and implants, cardiovascular devices, oncology devices, endosurgery & MIS devices.
 
 We operate from our purpose built 95,000 sq ft climate controlled facility in Galway, Irela","New Leader, Old Portfolio",new-leader-old-portfolio-4b,"Matched AI Ark lookalike-company search (lookalikeDomains seeded with 3 known PE-backed medtech CDMO/manufacturing roll-up platforms: Cirtec Medical, Viant Medical, Integer Holdings), filtered post-hoc to 100-5000 employees as a proxy for the $100M-$1B revenue band. This confirms 'similar business model to a known PE-backed medtech manufacturing/roll-up platform' — it does NOT verify actual PE ownership or that this specific company has itself absorbed 2+ acquisitions without consolidating brands; both require a per-company ownership/M&A-history check (PitchBook or deal-news search) before treating as qualified. This is segment 4(b) specifically (PE-backed roll-up platforms, $100M-$1B) — distinct from 4(a) already sourced via Blitz."
valtronic.com,Valtronic,https://www.linkedin.com/company/valtronic-technologies-usa-inc,http://www.valtronic.com,216,201-500,1982,PRIVATELY_HELD,"appliances, electrical, and electronics manufacturing",-,-,-,"Valtronic is a full-service electronics contract development and manufacturing services provider. Companies worldwide rely on our more than 40 years of experience to develop, industrialize, and manufacture innovative medical and diagnostics devices, including active implants. Our expertise includes microelectronic assemblies, complex flex/rigid PCBA assemblies as well as full device builds. Headquartered in Switzerland, our company operates across three continents with manufacturing sites in Swi","New Leader, Old Portfolio",new-leader-old-portfolio-4b,"Matched AI Ark lookalike-company search (lookalikeDomains seeded with 3 known PE-backed medtech CDMO/manufacturing roll-up platforms: Cirtec Medical, Viant Medical, Integer Holdings), filtered post-hoc to 100-5000 employees as a proxy for the $100M-$1B revenue band. This confirms 'similar business model to a known PE-backed medtech manufacturing/roll-up platform' — it does NOT verify actual PE ownership or that this specific company has itself absorbed 2+ acquisitions without consolidating brands; both require a per-company ownership/M&A-history check (PitchBook or deal-news search) before treating as qualified. This is segment 4(b) specifically (PE-backed roll-up platforms, $100M-$1B) — distinct from 4(a) already sourced via Blitz."
eptam.com,"EPTAM Precision Solutions, Inc.",https://www.linkedin.com/company/eptam-solutions-inc,http://www.eptam.com,220,501-1000,1981,PRIVATELY_HELD,medical equipment manufacturing,-,-,-,"Precision work is hard. Requirements shift, timelines tighten, and precision matters — and it gets harder under pressure.  That's why the world's top medical device and life science companies trust EPTAM Precision. We're a leading U.S.-based contract manufacturer with over 40 years of expertise and seven advanced facilities nationwide, specializing in precision machining, injection molding, liquid silicone rubber (LSR) molding, and laser processing — delivering complete, validated solutions from","New Leader, Old Portfolio",new-leader-old-portfolio-4b,"Matched AI Ark lookalike-company search (lookalikeDomains seeded with 3 known PE-backed medtech CDMO/manufacturing roll-up platforms: Cirtec Medical, Viant Medical, Integer Holdings), filtered post-hoc to 100-5000 employees as a proxy for the $100M-$1B revenue band. This confirms 'similar business model to a known PE-backed medtech manufacturing/roll-up platform' — it does NOT verify actual PE ownership or that this specific company has itself absorbed 2+ acquisitions without consolidating brands; both require a per-company ownership/M&A-history check (PitchBook or deal-news search) before treating as qualified. This is segment 4(b) specifically (PE-backed roll-up platforms, $100M-$1B) — distinct from 4(a) already sourced via Blitz."
http://bd.com,"Becton Dickinson Company (Safety Syringes, Inc. )",https://www.linkedin.com/company/safety-syringes-inc-,http://bd.com,852,201-500,-,PRIVATELY_HELD,medical equipment manufacturing,-,-,-,"BD is a global medical technology company that is advancing the world of health by improving medical discovery, diagnostics and the delivery of care.","New Leader, Old Portfolio",new-leader-old-portfolio-4b,"Matched AI Ark lookalike-company search (lookalikeDomains seeded with 3 known PE-backed medtech CDMO/manufacturing roll-up platforms: Cirtec Medical, Viant Medical, Integer Holdings), filtered post-hoc to 100-5000 employees as a proxy for the $100M-$1B revenue band. This confirms 'similar business model to a known PE-backed medtech manufacturing/roll-up platform' — it does NOT verify actual PE ownership or that this specific company has itself absorbed 2+ acquisitions without consolidating brands; both require a per-company ownership/M&A-history check (PitchBook or deal-news search) before treating as qualified. This is segment 4(b) specifically (PE-backed roll-up platforms, $100M-$1B) — distinct from 4(a) already sourced via Blitz."
intricon.com,Intricon Corporation,https://www.linkedin.com/company/intricon-corp,http://forjmedical.com,214,501-1000,1977,PRIVATELY_HELD,medical equipment manufacturing,-,-,-,Minnetronix and Intricon are now Forj Medical. Visit Forj Medical for all updates.,"New Leader, Old Portfolio",new-leader-old-portfolio-4b,"Matched AI Ark lookalike-company search (lookalikeDomains seeded with 3 known PE-backed medtech CDMO/manufacturing roll-up platforms: Cirtec Medical, Viant Medical, Integer Holdings), filtered post-hoc to 100-5000 employees as a proxy for the $100M-$1B revenue band. This confirms 'similar business model to a known PE-backed medtech manufacturing/roll-up platform' — it does NOT verify actual PE ownership or that this specific company has itself absorbed 2+ acquisitions without consolidating brands; both require a per-company ownership/M&A-history check (PitchBook or deal-news search) before treating as qualified. This is segment 4(b) specifically (PE-backed roll-up platforms, $100M-$1B) — distinct from 4(a) already sourced via Blitz."
penumbrainc.com,"Penumbra, Inc.",https://www.linkedin.com/company/penumbra-inc,http://www.penumbrainc.com,3080,1001-5000,2004,PUBLIC_COMPANY,medical equipment manufacturing,-,-,-,"Penumbra, Inc., headquartered in Alameda, California, is a global healthcare company focused on innovative therapies.  Penumbra designs, develops, manufactures and markets novel products and has a broad portfolio that addresses challenging medical conditions in markets with significant unmet need.  Penumbra sells its products to hospitals and healthcare providers primarily through its direct sales organization in the United States, most of Europe, Canada and Australia, and through distributors i","New Leader, Old Portfolio",new-leader-old-portfolio-4b,"Matched AI Ark lookalike-company search (lookalikeDomains seeded with 3 known PE-backed medtech CDMO/manufacturing roll-up platforms: Cirtec Medical, Viant Medical, Integer Holdings), filtered post-hoc to 100-5000 employees as a proxy for the $100M-$1B revenue band. This confirms 'similar business model to a known PE-backed medtech manufacturing/roll-up platform' — it does NOT verify actual PE ownership or that this specific company has itself absorbed 2+ acquisitions without consolidating brands; both require a per-company ownership/M&A-history check (PitchBook or deal-news search) before treating as qualified. This is segment 4(b) specifically (PE-backed roll-up platforms, $100M-$1B) — distinct from 4(a) already sourced via Blitz."
vestainc.com,"Vesta, a Lubrizol Company",https://www.linkedin.com/company/vesta-inc.,http://www.vestainc.com,101,201-500,1972,PRIVATELY_HELD,medical equipment manufacturing,-,-,-,"For almost four decades, Vesta has provided medical device manufacturing services for a vast range of medical applications. Every year we produce more than 60 million compliant, high-quality components in our advanced facilities. And we do it all in the most efficient and effective way possible. Because, at Vesta, your success is ours.","New Leader, Old Portfolio",new-leader-old-portfolio-4b,"Matched AI Ark lookalike-company search (lookalikeDomains seeded with 3 known PE-backed medtech CDMO/manufacturing roll-up platforms: Cirtec Medical, Viant Medical, Integer Holdings), filtered post-hoc to 100-5000 employees as a proxy for the $100M-$1B revenue band. This confirms 'similar business model to a known PE-backed medtech manufacturing/roll-up platform' — it does NOT verify actual PE ownership or that this specific company has itself absorbed 2+ acquisitions without consolidating brands; both require a per-company ownership/M&A-history check (PitchBook or deal-news search) before treating as qualified. This is segment 4(b) specifically (PE-backed roll-up platforms, $100M-$1B) — distinct from 4(a) already sourced via Blitz."
regalresearch.com,Regal Research & Mfg. Co.,https://www.linkedin.com/company/regal-research-and-mfg-co,http://www.regalresearch.com,115,201-500,1980,PRIVATELY_HELD,medical equipment manufacturing,-,-,-,"Regal Research has become a leading US provider of product-level electromechanical contract manufacturing solutions for the medical equipment, semiconductor equipment, EV charging, industrial controls, defense communications, and aerospace industries.  With comprehensive in-house manufacturing capabilities all within our Texas, USA facilities (400,000 sq ft), we provide sheet metal fabrication, CNC machining, robotic laser fusion welding, plating, painting, product assembly, DFM engineering supp","New Leader, Old Portfolio",new-leader-old-portfolio-4b,"Matched AI Ark lookalike-company search (lookalikeDomains seeded with 3 known PE-backed medtech CDMO/manufacturing roll-up platforms: Cirtec Medical, Viant Medical, Integer Holdings), filtered post-hoc to 100-5000 employees as a proxy for the $100M-$1B revenue band. This confirms 'similar business model to a known PE-backed medtech manufacturing/roll-up platform' — it does NOT verify actual PE ownership or that this specific company has itself absorbed 2+ acquisitions without consolidating brands; both require a per-company ownership/M&A-history check (PitchBook or deal-news search) before treating as qualified. This is segment 4(b) specifically (PE-backed roll-up platforms, $100M-$1B) — distinct from 4(a) already sourced via Blitz."
micropulseinc.com,Micropulse,https://www.linkedin.com/company/micropulse-inc-,http://www.Micropulseinc.com,199,201-500,1988,PRIVATELY_HELD,medical equipment manufacturing,-,-,-,"Mission:  Manufacturing excellence through a commitment to quality, integrity, and servant leadership.  
 
 Founded in 1988, Micropulse is a privately held, precision manufacturer focused on earning long-term partnerships with leading orthopedic companies built on trust, honesty, and open communication.  Micropulse manufactures implants, instruments, cases and trays, and provides packaging and inventory management for orthopedic OEMs.  Northeast Indiana has been home for the company since its in","New Leader, Old Portfolio",new-leader-old-portfolio-4b,"Matched AI Ark lookalike-company search (lookalikeDomains seeded with 3 known PE-backed medtech CDMO/manufacturing roll-up platforms: Cirtec Medical, Viant Medical, Integer Holdings), filtered post-hoc to 100-5000 employees as a proxy for the $100M-$1B revenue band. This confirms 'similar business model to a known PE-backed medtech manufacturing/roll-up platform' — it does NOT verify actual PE ownership or that this specific company has itself absorbed 2+ acquisitions without consolidating brands; both require a per-company ownership/M&A-history check (PitchBook or deal-news search) before treating as qualified. This is segment 4(b) specifically (PE-backed roll-up platforms, $100M-$1B) — distinct from 4(a) already sourced via Blitz."
minnetronixmedical.com,Minnetronix Medical,https://www.linkedin.com/company/minnetronix-inc-,http://forjmedical.com,176,201-500,1996,PRIVATELY_HELD,medical equipment manufacturing,-,-,-,Minnetronix and Intricon are now Forj Medical. Visit Forj Medical for all updates.,"New Leader, Old Portfolio",new-leader-old-portfolio-4b,"Matched AI Ark lookalike-company search (lookalikeDomains seeded with 3 known PE-backed medtech CDMO/manufacturing roll-up platforms: Cirtec Medical, Viant Medical, Integer Holdings), filtered post-hoc to 100-5000 employees as a proxy for the $100M-$1B revenue band. This confirms 'similar business model to a known PE-backed medtech manufacturing/roll-up platform' — it does NOT verify actual PE ownership or that this specific company has itself absorbed 2+ acquisitions without consolidating brands; both require a per-company ownership/M&A-history check (PitchBook or deal-news search) before treating as qualified. This is segment 4(b) specifically (PE-backed roll-up platforms, $100M-$1B) — distinct from 4(a) already sourced via Blitz."
micro-co.com,MICRO,https://www.linkedin.com/company/micro,http://www.micro-co.com,652,501-1000,1945,PRIVATELY_HELD,medical equipment manufacturing,-,-,-,"MICRO is a full service contract manufacturer that draws on more than 80 years of experience in medical device assembly, precision metal stamping, insert and injection molding, machining, sharpening and finishing to deliver the highest quality products to customers in many industries including medical device, automotive, aerospace and electronics. A truly global company, MICRO manufactures and distributes its products to customers around the world.   Offering product development & design assista","New Leader, Old Portfolio",new-leader-old-portfolio-4b,"Matched AI Ark lookalike-company search (lookalikeDomains seeded with 3 known PE-backed medtech CDMO/manufacturing roll-up platforms: Cirtec Medical, Viant Medical, Integer Holdings), filtered post-hoc to 100-5000 employees as a proxy for the $100M-$1B revenue band. This confirms 'similar business model to a known PE-backed medtech manufacturing/roll-up platform' — it does NOT verify actual PE ownership or that this specific company has itself absorbed 2+ acquisitions without consolidating brands; both require a per-company ownership/M&A-history check (PitchBook or deal-news search) before treating as qualified. This is segment 4(b) specifically (PE-backed roll-up platforms, $100M-$1B) — distinct from 4(a) already sourced via Blitz."
mmt-inc.com,MMT,https://www.linkedin.com/company/mmt-medical-device-manufacturing,https://www.mmt-inc.com,170,201-500,2005,PRIVATELY_HELD,machinery manufacturing,-,-,-,"Your sole source solution for automated, process-driven medical manufacturing.  Medical Manufacturing Technologies (MMT) offers manufacturing-as-a-service that combines applications expertise, technical solutions, and aftermarket support to revolutionize medical device manufacturing.  We design the most efficient manufacturing processes, from ideation through production and beyond, to solve the world’s most complex medical device challenges. Patient safety is paramount; our integrated approach e","New Leader, Old Portfolio",new-leader-old-portfolio-4b,"Matched AI Ark lookalike-company search (lookalikeDomains seeded with 3 known PE-backed medtech CDMO/manufacturing roll-up platforms: Cirtec Medical, Viant Medical, Integer Holdings), filtered post-hoc to 100-5000 employees as a proxy for the $100M-$1B revenue band. This confirms 'similar business model to a known PE-backed medtech manufacturing/roll-up platform' — it does NOT verify actual PE ownership or that this specific company has itself absorbed 2+ acquisitions without consolidating brands; both require a per-company ownership/M&A-history check (PitchBook or deal-news search) before treating as qualified. This is segment 4(b) specifically (PE-backed roll-up platforms, $100M-$1B) — distinct from 4(a) already sourced via Blitz."
piramal.com,Piramal Pharma Ltd,https://www.linkedin.com/company/lifeatpiramalpharma,https://www.piramalpharma.com,2668,10001--,-,PRIVATELY_HELD,pharmaceutical manufacturing,-,-,-,"Piramal Pharma Limited (PPL) offers a portfolio of differentiated products and services through its 17 global facilities, which include end-to-end development and manufacturing capabilities, and a distribution network in over 100 countries. PPL’s manufacturing arm (Piramal Pharma Solutions), its position as one of the leading producer of Inhaled Anesthetics and a global player in Hospital Generics, and its Consumer Products Division make it a leading player in the global pharmaceutical business.","New Leader, Old Portfolio",new-leader-old-portfolio-4b,"Matched AI Ark lookalike-company search (lookalikeDomains seeded with 3 known PE-backed medtech CDMO/manufacturing roll-up platforms: Cirtec Medical, Viant Medical, Integer Holdings), filtered post-hoc to 100-5000 employees as a proxy for the $100M-$1B revenue band. This confirms 'similar business model to a known PE-backed medtech manufacturing/roll-up platform' — it does NOT verify actual PE ownership or that this specific company has itself absorbed 2+ acquisitions without consolidating brands; both require a per-company ownership/M&A-history check (PitchBook or deal-news search) before treating as qualified. This is segment 4(b) specifically (PE-backed roll-up platforms, $100M-$1B) — distinct from 4(a) already sourced via Blitz."
tegramedical.com,Tegra Medical,https://www.linkedin.com/company/tegra-medical,https://www.tegramedical.com,591,501-1000,2007,PRIVATELY_HELD,medical equipment manufacturing,-,-,-,"Tegra Medical is an end-to-end contract manufacturing solutions provider, known as the company “where medical devices come to life.”  Our customers look to us to manufacture everything from complex components to finished devices – from the sharp “business end” to the molded plastic handle – including assembly, sterilization and packaging. Our headquarters is in Franklin, Massachusetts and we have manufacturing locations in Massachusetts, Mississippi, Costa Rica, Europe, and Asia. We are ISO 1348","New Leader, Old Portfolio",new-leader-old-portfolio-4b,"Matched AI Ark lookalike-company search (lookalikeDomains seeded with 3 known PE-backed medtech CDMO/manufacturing roll-up platforms: Cirtec Medical, Viant Medical, Integer Holdings), filtered post-hoc to 100-5000 employees as a proxy for the $100M-$1B revenue band. This confirms 'similar business model to a known PE-backed medtech manufacturing/roll-up platform' — it does NOT verify actual PE ownership or that this specific company has itself absorbed 2+ acquisitions without consolidating brands; both require a per-company ownership/M&A-history check (PitchBook or deal-news search) before treating as qualified. This is segment 4(b) specifically (PE-backed roll-up platforms, $100M-$1B) — distinct from 4(a) already sourced via Blitz."
frigzinternational.com,Dr. Frigz International,https://www.linkedin.com/company/drfrigz,http://www.drfrigz.com,132,1001-5000,1987,PRIVATELY_HELD,medical equipment manufacturing,-,-,-,"Dr. Frigz International is one of the largest OEM of medical devices in Pakistan. The company has multiple international joint ventures and a strong network of distributors and importers around the world. It offers sterile & non sterile reusable and single use medical, dental, hi frequency and laparoscopic instruments.   Dr. Frigz offers general surgery instruments, dental, tungsten carbide, electrosurgical, diamond dusted and laparoscopic instruments.  All together, more than 15,000 products ar","New Leader, Old Portfolio",new-leader-old-portfolio-4b,"Matched AI Ark lookalike-company search (lookalikeDomains seeded with 3 known PE-backed medtech CDMO/manufacturing roll-up platforms: Cirtec Medical, Viant Medical, Integer Holdings), filtered post-hoc to 100-5000 employees as a proxy for the $100M-$1B revenue band. This confirms 'similar business model to a known PE-backed medtech manufacturing/roll-up platform' — it does NOT verify actual PE ownership or that this specific company has itself absorbed 2+ acquisitions without consolidating brands; both require a per-company ownership/M&A-history check (PitchBook or deal-news search) before treating as qualified. This is segment 4(b) specifically (PE-backed roll-up platforms, $100M-$1B) — distinct from 4(a) already sourced via Blitz."
asahi-intecc.com,"ASAHI INTECC CO., LTD. - Medical Division",https://www.linkedin.com/company/asahi-intecc-medical-division,https://medical.asahi-intecc.com/en,193,501-1000,1976,PUBLIC_COMPANY,medical equipment manufacturing,-,-,-,"Your dreams Woven together.  Welcome to our OFFICIAL LinkedIn page of ASAHI INTECC Medical Division. We focus on developing products for PCI/ PTA/IVR/INR/Diagnostic devices. Our products are known for one-and-only technologies and “number one” products that meets the doctor needs to cure patients. Recently, we are expanding to new fields such as Gastrointestinal and Robotics.   In the beginning , we started out as a company of mini ropes in Japan. It gradually grew up to now where we sell one of","New Leader, Old Portfolio",new-leader-old-portfolio-4b,"Matched AI Ark lookalike-company search (lookalikeDomains seeded with 3 known PE-backed medtech CDMO/manufacturing roll-up platforms: Cirtec Medical, Viant Medical, Integer Holdings), filtered post-hoc to 100-5000 employees as a proxy for the $100M-$1B revenue band. This confirms 'similar business model to a known PE-backed medtech manufacturing/roll-up platform' — it does NOT verify actual PE ownership or that this specific company has itself absorbed 2+ acquisitions without consolidating brands; both require a per-company ownership/M&A-history check (PitchBook or deal-news search) before treating as qualified. This is segment 4(b) specifically (PE-backed roll-up platforms, $100M-$1B) — distinct from 4(a) already sourced via Blitz."
eurosets.com,Eurosets,https://www.linkedin.com/company/eurosets-everylifematters,https://www.eurosets.com,217,201-500,1991,PRIVATELY_HELD,medical equipment manufacturing,-,-,-,"Established in 1991 in the heart of the Italian biomedical district, today Eurosets is a leading manufacturing company in the following fields:  1.	Cardiopulmonary 2.	ExtraCorporeal Life Support (ECLS) 3.	Wound & Blood management  With a growing sales network, Eurosets is now present in: Western Europe, Eastern Europe including Russia, Middle East, Africa, Japan, Latin America, Asia Pacific, South and North America. Italy, France, Belgium, Germany and China Eurosets has direct access to the mark","New Leader, Old Portfolio",new-leader-old-portfolio-4b,"Matched AI Ark lookalike-company search (lookalikeDomains seeded with 3 known PE-backed medtech CDMO/manufacturing roll-up platforms: Cirtec Medical, Viant Medical, Integer Holdings), filtered post-hoc to 100-5000 employees as a proxy for the $100M-$1B revenue band. This confirms 'similar business model to a known PE-backed medtech manufacturing/roll-up platform' — it does NOT verify actual PE ownership or that this specific company has itself absorbed 2+ acquisitions without consolidating brands; both require a per-company ownership/M&A-history check (PitchBook or deal-news search) before treating as qualified. This is segment 4(b) specifically (PE-backed roll-up platforms, $100M-$1B) — distinct from 4(a) already sourced via Blitz."
harmac.com,Harmac Medical Products,https://www.linkedin.com/company/harmac-medical-products,https://www.harmac.com,327,1001-5000,1981,PRIVATELY_HELD,medical equipment manufacturing,-,-,-,"Your Global Partner for Full-Service Contract Manufacturing of Single-Use Medical Devices.   Harmac Medical Products, Inc, is an innovative, full-service contract manufacturer of single-use medical devices, serving the global marketplace since 1981.  With more than 1,300 employees and locations in the U.S., Ireland and Mexico, Harmac provides integrated technical solutions and full manufacturing services for companies of all sizes including leading Fortune 500 med-tech companies.  Harmac offers ","New Leader, Old Portfolio",new-leader-old-portfolio-4b,"Matched AI Ark lookalike-company search (lookalikeDomains seeded with 3 known PE-backed medtech CDMO/manufacturing roll-up platforms: Cirtec Medical, Viant Medical, Integer Holdings), filtered post-hoc to 100-5000 employees as a proxy for the $100M-$1B revenue band. This confirms 'similar business model to a known PE-backed medtech manufacturing/roll-up platform' — it does NOT verify actual PE ownership or that this specific company has itself absorbed 2+ acquisitions without consolidating brands; both require a per-company ownership/M&A-history check (PitchBook or deal-news search) before treating as qualified. This is segment 4(b) specifically (PE-backed roll-up platforms, $100M-$1B) — distinct from 4(a) already sourced via Blitz."
btl.bg,BTL Industries Bulgaria,https://www.linkedin.com/company/btl-industries-bulgaria,https://karieri.btl.bg/?utm_source=linkedin&utm_medium=organic&utm_content=bio,155,201-500,1993,PRIVATELY_HELD,medical equipment manufacturing,-,-,-,"BTL Industries е един от световните лидери в сферата на разработката, производството, търговията и сервиза на електронна медицинска апаратура в три основни направления – физиотерапия, кардиология и естетична медицина. Компанията работи в над 100 държави от цял свят, като в над 50 от тях има собствени търговски фирми, а в останалите работи чрез независими ексклузивни дистрибутори.
 
 Създадена в началото на 90-те години на ХХ-ти век в Чехия, компанията стъпва в България през 1998 г. с разкриванет","New Leader, Old Portfolio",new-leader-old-portfolio-4b,"Matched AI Ark lookalike-company search (lookalikeDomains seeded with 3 known PE-backed medtech CDMO/manufacturing roll-up platforms: Cirtec Medical, Viant Medical, Integer Holdings), filtered post-hoc to 100-5000 employees as a proxy for the $100M-$1B revenue band. This confirms 'similar business model to a known PE-backed medtech manufacturing/roll-up platform' — it does NOT verify actual PE ownership or that this specific company has itself absorbed 2+ acquisitions without consolidating brands; both require a per-company ownership/M&A-history check (PitchBook or deal-news search) before treating as qualified. This is segment 4(b) specifically (PE-backed roll-up platforms, $100M-$1B) — distinct from 4(a) already sourced via Blitz."
teleflexmedicaloem.com,Teleflex Medical OEM,https://www.linkedin.com/company/teleflex-medical-oem,https://www.teleflexmedicaloem.com,928,1001-5000,1943,PUBLIC_COMPANY,medical equipment manufacturing,-,-,-,"Teleflex Medical OEM is the partner that can hear what you are saying, understand your needs, and arrive at innovative solutions. That is why we are the “go to people” for OEMs worldwide who want to partner with a proven leader in custom-engineered:  • Extrusions • Micro-diameter tubing  • Diagnostic and interventional catheters • Balloons and balloon catheters • Coated mandrel wire • Film-insulated, fine wire • Conductors • Sheath/dilator sets  • Specialized sutures and performance fibers • Bio","New Leader, Old Portfolio",new-leader-old-portfolio-4b,"Matched AI Ark lookalike-company search (lookalikeDomains seeded with 3 known PE-backed medtech CDMO/manufacturing roll-up platforms: Cirtec Medical, Viant Medical, Integer Holdings), filtered post-hoc to 100-5000 employees as a proxy for the $100M-$1B revenue band. This confirms 'similar business model to a known PE-backed medtech manufacturing/roll-up platform' — it does NOT verify actual PE ownership or that this specific company has itself absorbed 2+ acquisitions without consolidating brands; both require a per-company ownership/M&A-history check (PitchBook or deal-news search) before treating as qualified. This is segment 4(b) specifically (PE-backed roll-up platforms, $100M-$1B) — distinct from 4(a) already sourced via Blitz."
veranex.com,Veranex,https://www.linkedin.com/company/veranex,http://www.veranex.com,721,1001-5000,2021,PRIVATELY_HELD,research services,-,-,-,"Veranex is the world's first global Innovation Contract Research Organization (iCRO) providing integrated product development and contract research services for medical device and in-vitro diagnostic companies.  Founded in 2021 but with a legacy over 20 years, Veranex combines design engineering, preclinical research, clinical trials, regulatory affairs, quality consulting, manufacturing, and market access services under one roof. This integrated approach eliminates traditional handoffs between ","New Leader, Old Portfolio",new-leader-old-portfolio-4b,"Matched AI Ark lookalike-company search (lookalikeDomains seeded with 3 known PE-backed medtech CDMO/manufacturing roll-up platforms: Cirtec Medical, Viant Medical, Integer Holdings), filtered post-hoc to 100-5000 employees as a proxy for the $100M-$1B revenue band. This confirms 'similar business model to a known PE-backed medtech manufacturing/roll-up platform' — it does NOT verify actual PE ownership or that this specific company has itself absorbed 2+ acquisitions without consolidating brands; both require a per-company ownership/M&A-history check (PitchBook or deal-news search) before treating as qualified. This is segment 4(b) specifically (PE-backed roll-up platforms, $100M-$1B) — distinct from 4(a) already sourced via Blitz."
hobsonmotzer.com,"Hobson & Motzer, Inc.",https://www.linkedin.com/company/hobson-motzer-inc-,http://www.hobsonmotzer.com,128,201-500,1912,PRIVATELY_HELD,medical equipment manufacturing,-,-,-,"Hobson & Motzer manufactures precision metal components and assemblies for advanced industries.  We provide small company service with big company resources. Our company is vertically integrated, owning quality from beginning to end.  We don’t just do a job, we master it Established in 1912, Hobson & Motzer has grown to become a leader in precision metal stamping & coined wire, multi-axis CNC machining, and component assembly.  We offer a wide range of in-house secondary operations that make us ","New Leader, Old Portfolio",new-leader-old-portfolio-4b,"Matched AI Ark lookalike-company search (lookalikeDomains seeded with 3 known PE-backed medtech CDMO/manufacturing roll-up platforms: Cirtec Medical, Viant Medical, Integer Holdings), filtered post-hoc to 100-5000 employees as a proxy for the $100M-$1B revenue band. This confirms 'similar business model to a known PE-backed medtech manufacturing/roll-up platform' — it does NOT verify actual PE ownership or that this specific company has itself absorbed 2+ acquisitions without consolidating brands; both require a per-company ownership/M&A-history check (PitchBook or deal-news search) before treating as qualified. This is segment 4(b) specifically (PE-backed roll-up platforms, $100M-$1B) — distinct from 4(a) already sourced via Blitz."
famar-group.com,FAMAR,https://www.linkedin.com/company/famar,http://www.famar-group.com,1875,1001-5000,1949,PRIVATELY_HELD,pharmaceutical manufacturing,-,-,-,"Famar is a European Contract Manufacturing and Development partner, for the Pharmaceutical and Healthcare industry. Building on our 75 years’ expertise, we are your reliable partner to deliver flexible solutions, from development to production and distribution. Driven by our customer-care mindset, we offer services covering the majority of pharmaceutical forms, while providing a particularly strong expertise in Liquids, Ointments and Creams. Through the outstanding knowledge and commitment of ou","New Leader, Old Portfolio",new-leader-old-portfolio-4b,"Matched AI Ark lookalike-company search (lookalikeDomains seeded with 3 known PE-backed medtech CDMO/manufacturing roll-up platforms: Cirtec Medical, Viant Medical, Integer Holdings), filtered post-hoc to 100-5000 employees as a proxy for the $100M-$1B revenue band. This confirms 'similar business model to a known PE-backed medtech manufacturing/roll-up platform' — it does NOT verify actual PE ownership or that this specific company has itself absorbed 2+ acquisitions without consolidating brands; both require a per-company ownership/M&A-history check (PitchBook or deal-news search) before treating as qualified. This is segment 4(b) specifically (PE-backed roll-up platforms, $100M-$1B) — distinct from 4(a) already sourced via Blitz."
tecomet.com,"Tecomet, Inc",https://www.linkedin.com/company/tecomet,https://www.tecomet.com,1450,1001-5000,1963,PRIVATELY_HELD,medical equipment manufacturing,-,-,-,"Tecomet develops proven, full-spectrum scalable manufacturing solutions for leading medical device technology, aerospace, and defense companies for whom exceptional quality is critical. With our focus on precision and technical expertise, we deliver unparalleled manufacturing excellence in steadfast partnership with clients.   When innovation is critical, we deliver the engineering leadership and partnership needed to bring flawless products to market!","New Leader, Old Portfolio",new-leader-old-portfolio-4b,"Matched AI Ark lookalike-company search (lookalikeDomains seeded with 3 known PE-backed medtech CDMO/manufacturing roll-up platforms: Cirtec Medical, Viant Medical, Integer Holdings), filtered post-hoc to 100-5000 employees as a proxy for the $100M-$1B revenue band. This confirms 'similar business model to a known PE-backed medtech manufacturing/roll-up platform' — it does NOT verify actual PE ownership or that this specific company has itself absorbed 2+ acquisitions without consolidating brands; both require a per-company ownership/M&A-history check (PitchBook or deal-news search) before treating as qualified. This is segment 4(b) specifically (PE-backed roll-up platforms, $100M-$1B) — distinct from 4(a) already sourced via Blitz."
biotronik.com,BIOTRONIK,https://www.linkedin.com/company/biotronik,https://www.biotronik.com,4465,5001-10000,1999,PRIVATELY_HELD,medical equipment manufacturing,-,-,-,"For over 60 years, BIOTRONIK has stood at the forefront of medical technology, pioneering breakthrough innovations that are transforming the lives of millions affected by heart disease and chronic pain. Rooted in a deep purpose to seamlessly harmonize technology with the human body, we engineer trusted, life-changing therapies through our advanced active implants in Cardiac Rhythm Management, Monitoring, and Neuromodulation, while providing cutting-edge solutions in Electrophysiology. From creat","New Leader, Old Portfolio",new-leader-old-portfolio-4b,"Matched AI Ark lookalike-company search (lookalikeDomains seeded with 3 known PE-backed medtech CDMO/manufacturing roll-up platforms: Cirtec Medical, Viant Medical, Integer Holdings), filtered post-hoc to 100-5000 employees as a proxy for the $100M-$1B revenue band. This confirms 'similar business model to a known PE-backed medtech manufacturing/roll-up platform' — it does NOT verify actual PE ownership or that this specific company has itself absorbed 2+ acquisitions without consolidating brands; both require a per-company ownership/M&A-history check (PitchBook or deal-news search) before treating as qualified. This is segment 4(b) specifically (PE-backed roll-up platforms, $100M-$1B) — distinct from 4(a) already sourced via Blitz."
mrpcorp.com,MRPC,https://www.linkedin.com/company/mrpc,https://www.mrpcorp.com,162,51-200,1921,PRIVATELY_HELD,medical equipment manufacturing,-,-,-,"MRPC is a world class ISO 13485 certified full contract manufacturer of medical devices, instruments, and disposables. With full range product lifecycle capabilities including design assistance, development, and manufacturing, MRPC is a turn-key manufacturing partner to some of the world’s largest medical device companies, as well as cutting edge start-ups.  Our core competencies include:  Design For Manufacturability: The Design for Manufacturability process is a key engineering practice employ","New Leader, Old Portfolio",new-leader-old-portfolio-4b,"Matched AI Ark lookalike-company search (lookalikeDomains seeded with 3 known PE-backed medtech CDMO/manufacturing roll-up platforms: Cirtec Medical, Viant Medical, Integer Holdings), filtered post-hoc to 100-5000 employees as a proxy for the $100M-$1B revenue band. This confirms 'similar business model to a known PE-backed medtech manufacturing/roll-up platform' — it does NOT verify actual PE ownership or that this specific company has itself absorbed 2+ acquisitions without consolidating brands; both require a per-company ownership/M&A-history check (PitchBook or deal-news search) before treating as qualified. This is segment 4(b) specifically (PE-backed roll-up platforms, $100M-$1B) — distinct from 4(a) already sourced via Blitz."
ufpt.com,UFP Technologies,https://www.linkedin.com/company/ufp-technologies-inc-,http://www.ufpt.com,522,1001-5000,1963,PUBLIC_COMPANY,medical equipment manufacturing,-,-,-,"UFP Technologies is a designer and custom manufacturer of comprehensive solutions for medical devices, sterile packaging, surgical robotics draping systems, and other highly engineered custom products. UFP is an important link in the medical device supply chain and a valued outsource partner to most of the top medical device manufacturers in the world. The Company’s single-use and single-patient devices and components are used in a wide range of medical devices and packaging for minimally invasi","New Leader, Old Portfolio",new-leader-old-portfolio-4b,"Matched AI Ark lookalike-company search (lookalikeDomains seeded with 3 known PE-backed medtech CDMO/manufacturing roll-up platforms: Cirtec Medical, Viant Medical, Integer Holdings), filtered post-hoc to 100-5000 employees as a proxy for the $100M-$1B revenue band. This confirms 'similar business model to a known PE-backed medtech manufacturing/roll-up platform' — it does NOT verify actual PE ownership or that this specific company has itself absorbed 2+ acquisitions without consolidating brands; both require a per-company ownership/M&A-history check (PitchBook or deal-news search) before treating as qualified. This is segment 4(b) specifically (PE-backed roll-up platforms, $100M-$1B) — distinct from 4(a) already sourced via Blitz."
itlmedical.com,G&H | ITL,https://www.linkedin.com/company/gandh-itl,http://www.gandh.com/itl,102,51-200,1977,PRIVATELY_HELD,medical equipment manufacturing,-,-,-,"G&H | ITL is an award-winning medical device design, development and manufacturing partner of life-saving medical technology, diagnostic devices and analytical instruments.  Established in 1977, G&H | ITL, based in Kent, have worked on more than 400 projects at various stages of their product development life-cycle.  With clients ranging from one-man start-ups to world-leading organisations, G&H | ITL have the capability to take your project from conceptualisation all the way through to full sca","New Leader, Old Portfolio",new-leader-old-portfolio-4b,"Matched AI Ark lookalike-company search (lookalikeDomains seeded with 3 known PE-backed medtech CDMO/manufacturing roll-up platforms: Cirtec Medical, Viant Medical, Integer Holdings), filtered post-hoc to 100-5000 employees as a proxy for the $100M-$1B revenue band. This confirms 'similar business model to a known PE-backed medtech manufacturing/roll-up platform' — it does NOT verify actual PE ownership or that this specific company has itself absorbed 2+ acquisitions without consolidating brands; both require a per-company ownership/M&A-history check (PitchBook or deal-news search) before treating as qualified. This is segment 4(b) specifically (PE-backed roll-up platforms, $100M-$1B) — distinct from 4(a) already sourced via Blitz."
kindevadd.com,Kindeva Drug Delivery,https://www.linkedin.com/company/kindeva,http://kindevadd.com,1369,1001-5000,2020,PRIVATELY_HELD,pharmaceutical manufacturing,-,-,-,"Kindeva is a purpose-fueled, people-centric CDMO dedicated to advancing your project, your ambitions, and our industry. With a legacy of innovation and deep expertise in complex drug development, we serve as a trusted partner to pharmaceutical companies worldwide.  For us, fast-tracking healthier tomorrows starts with industry-leading finished-dose expertise. From early-stage formulation to full-scale commercial production, we optimize every step to help bring life-changing therapies to patients","New Leader, Old Portfolio",new-leader-old-portfolio-4b,"Matched AI Ark lookalike-company search (lookalikeDomains seeded with 3 known PE-backed medtech CDMO/manufacturing roll-up platforms: Cirtec Medical, Viant Medical, Integer Holdings), filtered post-hoc to 100-5000 employees as a proxy for the $100M-$1B revenue band. This confirms 'similar business model to a known PE-backed medtech manufacturing/roll-up platform' — it does NOT verify actual PE ownership or that this specific company has itself absorbed 2+ acquisitions without consolidating brands; both require a per-company ownership/M&A-history check (PitchBook or deal-news search) before treating as qualified. This is segment 4(b) specifically (PE-backed roll-up platforms, $100M-$1B) — distinct from 4(a) already sourced via Blitz."
innovize.com,Innovize,https://www.linkedin.com/company/innovize,http://www.innovize.com,162,201-500,1958,PARTNERSHIP,medical equipment manufacturing,-,-,-,"Innovize offers custom development and manufacturing solutions – including converting and contract manufacturing – for product designers, developers, engineers and supply chain managers.  No matter where you are in your product lifecycle, Innovize can help. Our Customer Focused Teams (CFT) listen strategically and explore opportunities for improvement.  We’ll develop and validate scalable processes to meet your critical requirements and suggest possible design improvements, like materials option","New Leader, Old Portfolio",new-leader-old-portfolio-4b,"Matched AI Ark lookalike-company search (lookalikeDomains seeded with 3 known PE-backed medtech CDMO/manufacturing roll-up platforms: Cirtec Medical, Viant Medical, Integer Holdings), filtered post-hoc to 100-5000 employees as a proxy for the $100M-$1B revenue band. This confirms 'similar business model to a known PE-backed medtech manufacturing/roll-up platform' — it does NOT verify actual PE ownership or that this specific company has itself absorbed 2+ acquisitions without consolidating brands; both require a per-company ownership/M&A-history check (PitchBook or deal-news search) before treating as qualified. This is segment 4(b) specifically (PE-backed roll-up platforms, $100M-$1B) — distinct from 4(a) already sourced via Blitz."
creganna.com,Creganna Medical,https://www.linkedin.com/company/cregannamedical,http://www.creganna.com,787,10001--,1980,PRIVATELY_HELD,medical equipment manufacturing,-,-,-,"TE Connectivity (Creganna Medical) provides a complete range of solutions to assist medical device and life science companies get products from concept to production. We specialize in design and manufacturing of access & delivery devices for minimally and less invasive therapies.  We are trusted partners to every world leading medical device company for minimally invasive therapies including Cardiovascular, Peripheral Vascular, Neurovascular, Structural Heart, Electrophysiology, Endoscopy, ENT a","New Leader, Old Portfolio",new-leader-old-portfolio-4b,"Matched AI Ark lookalike-company search (lookalikeDomains seeded with 3 known PE-backed medtech CDMO/manufacturing roll-up platforms: Cirtec Medical, Viant Medical, Integer Holdings), filtered post-hoc to 100-5000 employees as a proxy for the $100M-$1B revenue band. This confirms 'similar business model to a known PE-backed medtech manufacturing/roll-up platform' — it does NOT verify actual PE ownership or that this specific company has itself absorbed 2+ acquisitions without consolidating brands; both require a per-company ownership/M&A-history check (PitchBook or deal-news search) before treating as qualified. This is segment 4(b) specifically (PE-backed roll-up platforms, $100M-$1B) — distinct from 4(a) already sourced via Blitz."
donatellemedical.com,"Donatelle Plastics, A DuPont Business",https://www.linkedin.com/company/donatelle,http://www.spectrumplastics.com,152,201-500,1967,PUBLIC_COMPANY,medical equipment manufacturing,-,-,-,"The acquisition of Donatelle Plastics (“Donatelle”) was completed in July 2024. For future news and updates, please follow the Spectrum Plastics Group, A DuPont Business profile. https://www.linkedin.com/company/spectrum-plastics-group/","New Leader, Old Portfolio",new-leader-old-portfolio-4b,"Matched AI Ark lookalike-company search (lookalikeDomains seeded with 3 known PE-backed medtech CDMO/manufacturing roll-up platforms: Cirtec Medical, Viant Medical, Integer Holdings), filtered post-hoc to 100-5000 employees as a proxy for the $100M-$1B revenue band. This confirms 'similar business model to a known PE-backed medtech manufacturing/roll-up platform' — it does NOT verify actual PE ownership or that this specific company has itself absorbed 2+ acquisitions without consolidating brands; both require a per-company ownership/M&A-history check (PitchBook or deal-news search) before treating as qualified. This is segment 4(b) specifically (PE-backed roll-up platforms, $100M-$1B) — distinct from 4(a) already sourced via Blitz."
attiehmedico.com,Attieh Medico,https://www.linkedin.com/company/attieh-medico,http://www.attiehmedico.com,317,201-500,1992,PRIVATELY_HELD,medical equipment manufacturing,-,-,-,"Why Attieh Medico?  For more than 30 years we are known for combining innovative Healthcare Technologies, Medical Systems, Educational and Industrial Labs, workflow management, consulting and support services.  Why The_We_Effect?  The Slogan was chosen to represent our vision of highlighting the impact of collective efforts between the internal team of Attieh Medico, along with all our service providers and suppliers' partners in various medical fields","New Leader, Old Portfolio",new-leader-old-portfolio-4b,"Matched AI Ark lookalike-company search (lookalikeDomains seeded with 3 known PE-backed medtech CDMO/manufacturing roll-up platforms: Cirtec Medical, Viant Medical, Integer Holdings), filtered post-hoc to 100-5000 employees as a proxy for the $100M-$1B revenue band. This confirms 'similar business model to a known PE-backed medtech manufacturing/roll-up platform' — it does NOT verify actual PE ownership or that this specific company has itself absorbed 2+ acquisitions without consolidating brands; both require a per-company ownership/M&A-history check (PitchBook or deal-news search) before treating as qualified. This is segment 4(b) specifically (PE-backed roll-up platforms, $100M-$1B) — distinct from 4(a) already sourced via Blitz."
recipharm.com,Recipharm,https://www.linkedin.com/company/recipharm,http://www.recipharm.com,3132,5001-10000,1995,PRIVATELY_HELD,pharmaceutical manufacturing,-,-,-,"Recipharm is a leading global CDMO dedicated to meeting your evolving needs through operational excellence, scientific know-how, and customer connectivity.   We operate development and manufacturing facilities in France, Germany, India, Italy, Portugal, Spain, Sweden, the UK and the US and are continuing to grow and expand our offering.    Our worldwide reach paired with in-depth, localised market knowledge allows us to anticipate our customers’ needs and strengthen the support we provide to for","New Leader, Old Portfolio",new-leader-old-portfolio-4b,"Matched AI Ark lookalike-company search (lookalikeDomains seeded with 3 known PE-backed medtech CDMO/manufacturing roll-up platforms: Cirtec Medical, Viant Medical, Integer Holdings), filtered post-hoc to 100-5000 employees as a proxy for the $100M-$1B revenue band. This confirms 'similar business model to a known PE-backed medtech manufacturing/roll-up platform' — it does NOT verify actual PE ownership or that this specific company has itself absorbed 2+ acquisitions without consolidating brands; both require a per-company ownership/M&A-history check (PitchBook or deal-news search) before treating as qualified. This is segment 4(b) specifically (PE-backed roll-up platforms, $100M-$1B) — distinct from 4(a) already sourced via Blitz."
cordis.com,Cordis,https://www.linkedin.com/company/cordis,https://www.cordis.com/en_us.html,2998,1001-5000,1959,PRIVATELY_HELD,medical equipment manufacturing,-,-,-,"From the first guidewire to the first drug eluting stent, for over 60 years Cordis has remained at the heart of cardiovascular innovation.  Cordis is again at the forefront of transformation in the cardiovascular space, leveraging internal development, partnership with the CordisX innovation incubator and targeted acquisitions of industry-disrupting technology.  These innovations, brought to market with the strength of Cordis’ global footprint and operations, seek to transform the interventional","New Leader, Old Portfolio",new-leader-old-portfolio-4b,"Matched AI Ark lookalike-company search (lookalikeDomains seeded with 3 known PE-backed medtech CDMO/manufacturing roll-up platforms: Cirtec Medical, Viant Medical, Integer Holdings), filtered post-hoc to 100-5000 employees as a proxy for the $100M-$1B revenue band. This confirms 'similar business model to a known PE-backed medtech manufacturing/roll-up platform' — it does NOT verify actual PE ownership or that this specific company has itself absorbed 2+ acquisitions without consolidating brands; both require a per-company ownership/M&A-history check (PitchBook or deal-news search) before treating as qualified. This is segment 4(b) specifically (PE-backed roll-up platforms, $100M-$1B) — distinct from 4(a) already sourced via Blitz."
atalys.com,Atalys,https://www.linkedin.com/company/atalyslifesciences,https://atalys.com,181,501-1000,1981,PRIVATELY_HELD,medical equipment manufacturing,-,-,-,"Atalys is a fully integrated contract manufacturer for the MedTech industry, trusted for delivering mission-critical, life-saving components through expertise in precision tooling, advanced plastics processing and automated device assembly — enabling companies to bring breakthrough devices to market with purpose, precision and confidence. Visit atalys.com for more information.","New Leader, Old Portfolio",new-leader-old-portfolio-4b,"Matched AI Ark lookalike-company search (lookalikeDomains seeded with 3 known PE-backed medtech CDMO/manufacturing roll-up platforms: Cirtec Medical, Viant Medical, Integer Holdings), filtered post-hoc to 100-5000 employees as a proxy for the $100M-$1B revenue band. This confirms 'similar business model to a known PE-backed medtech manufacturing/roll-up platform' — it does NOT verify actual PE ownership or that this specific company has itself absorbed 2+ acquisitions without consolidating brands; both require a per-company ownership/M&A-history check (PitchBook or deal-news search) before treating as qualified. This is segment 4(b) specifically (PE-backed roll-up platforms, $100M-$1B) — distinct from 4(a) already sourced via Blitz."
vantedgemedical.com,Vantedge Medical,https://www.linkedin.com/company/vantedgemedical,http://www.vantedgemedical.com,178,1001-5000,-,PRIVATELY_HELD,medical equipment manufacturing,-,-,-,"Vantedge Medical is a proven partner to Medical Technology OEMs. For more than 100 years, we have been partnering with customers in complex precision manufacturing and assembly with differentiated engineering, prototyping support, and quality systems for diverse medical markets including Robotic Assisted Surgery (RAS), Radiation Oncology, Surgical Instruments and Components, Orthopedics, Dental implants, and more.  Our seasoned professionals shorten global supply chains and accelerate time to ma","New Leader, Old Portfolio",new-leader-old-portfolio-4b,"Matched AI Ark lookalike-company search (lookalikeDomains seeded with 3 known PE-backed medtech CDMO/manufacturing roll-up platforms: Cirtec Medical, Viant Medical, Integer Holdings), filtered post-hoc to 100-5000 employees as a proxy for the $100M-$1B revenue band. This confirms 'similar business model to a known PE-backed medtech manufacturing/roll-up platform' — it does NOT verify actual PE ownership or that this specific company has itself absorbed 2+ acquisitions without consolidating brands; both require a per-company ownership/M&A-history check (PitchBook or deal-news search) before treating as qualified. This is segment 4(b) specifically (PE-backed roll-up platforms, $100M-$1B) — distinct from 4(a) already sourced via Blitz."
nortechsys.com,"Nortech Systems, Inc.",https://www.linkedin.com/company/nortech-systems,http://www.nortechsys.com,370,501-1000,1981,PUBLIC_COMPANY,manufacturing,-,-,-,"Nortech Systems is a leading provider of design and manufacturing solutions for complex electromedical devices, electromechanical systems, assemblies, and components. Nortech Systems primarily serves the medical, aerospace & defense, and industrial markets. Its design services span concept development to commercial design, and include medical device, software, electrical, mechanical, and biomedical engineering. Its manufacturing and supply chain capabilities are vertically integrated around wire","New Leader, Old Portfolio",new-leader-old-portfolio-4b,"Matched AI Ark lookalike-company search (lookalikeDomains seeded with 3 known PE-backed medtech CDMO/manufacturing roll-up platforms: Cirtec Medical, Viant Medical, Integer Holdings), filtered post-hoc to 100-5000 employees as a proxy for the $100M-$1B revenue band. This confirms 'similar business model to a known PE-backed medtech manufacturing/roll-up platform' — it does NOT verify actual PE ownership or that this specific company has itself absorbed 2+ acquisitions without consolidating brands; both require a per-company ownership/M&A-history check (PitchBook or deal-news search) before treating as qualified. This is segment 4(b) specifically (PE-backed roll-up platforms, $100M-$1B) — distinct from 4(a) already sourced via Blitz."
rosemedical.com,Rose Medical,https://www.linkedin.com/company/rosemedical,http://www.rosemedical.com,109,51-200,1976,PRIVATELY_HELD,medical equipment manufacturing,-,-,-,"Custom Medical Device Manufacturer   /    FDA Registered   /   ISO 13485:2016 Certified  Rose Medical (formerly Rose Technologies) has the expertise to meet your entire medical device design, manufacturing, and assembly needs.  Whether you need short-term pilot runs or long-term production in one of our class 7 (10,000) clean rooms we will partner with you to design the manufacturability specifications, build, and automate the production of your product.  The Rose Medical Device Product Engineer","New Leader, Old Portfolio",new-leader-old-portfolio-4b,"Matched AI Ark lookalike-company search (lookalikeDomains seeded with 3 known PE-backed medtech CDMO/manufacturing roll-up platforms: Cirtec Medical, Viant Medical, Integer Holdings), filtered post-hoc to 100-5000 employees as a proxy for the $100M-$1B revenue band. This confirms 'similar business model to a known PE-backed medtech manufacturing/roll-up platform' — it does NOT verify actual PE ownership or that this specific company has itself absorbed 2+ acquisitions without consolidating brands; both require a per-company ownership/M&A-history check (PitchBook or deal-news search) before treating as qualified. This is segment 4(b) specifically (PE-backed roll-up platforms, $100M-$1B) — distinct from 4(a) already sourced via Blitz."
teamtech.com,TEAM Technologies-Reynosa Operations,https://www.linkedin.com/company/iimed-a-division-of-international-imaging-materials-inc,https://www.cordicamedical.com,119,501-1000,-,PRIVATELY_HELD,medical equipment manufacturing,-,-,-,"Cordica Medical -Reynosa Operations, formally iiMED, is a global developer and manufacturer of value-added consumable solutions for industrial and medical applications.  iiMED offers ""nearshore"" outsource manufacturing services for Class I and II medical device consumables such as orthopedic bracing, sterile supplies, compression devices, and patient mobility products. Supported by US engineering and design with manufacturing facilities in Reynosa, Mexico, iiMED is ISO 13485 certified and FDA re","New Leader, Old Portfolio",new-leader-old-portfolio-4b,"Matched AI Ark lookalike-company search (lookalikeDomains seeded with 3 known PE-backed medtech CDMO/manufacturing roll-up platforms: Cirtec Medical, Viant Medical, Integer Holdings), filtered post-hoc to 100-5000 employees as a proxy for the $100M-$1B revenue band. This confirms 'similar business model to a known PE-backed medtech manufacturing/roll-up platform' — it does NOT verify actual PE ownership or that this specific company has itself absorbed 2+ acquisitions without consolidating brands; both require a per-company ownership/M&A-history check (PitchBook or deal-news search) before treating as qualified. This is segment 4(b) specifically (PE-backed roll-up platforms, $100M-$1B) — distinct from 4(a) already sourced via Blitz."
medicicor.com.br,Medicicor Comercial LTDA,https://www.linkedin.com/company/medicicor,http://medicicor.com.br,170,51-200,1997,PRIVATELY_HELD,medical equipment manufacturing,-,-,-,"Distribuidor, referencial nos estados que atua, de produtos médicos hospitalares, abrangendo as linhas: Marcapassos e CDIs (Implantáveis), Cirurgia Cardíaca, Eletrofisiologia, Coronária (Hemodinâmica), Vascular, Critical Care, Neuromodulação, Core Spine (Ortopedia - Coluna), Hemostáticos, Radiofrequência, Prevenção de Infecções, Neurosurgery (Crânio) e Transformative Solutions (Advanced Energy).","New Leader, Old Portfolio",new-leader-old-portfolio-4b,"Matched AI Ark lookalike-company search (lookalikeDomains seeded with 3 known PE-backed medtech CDMO/manufacturing roll-up platforms: Cirtec Medical, Viant Medical, Integer Holdings), filtered post-hoc to 100-5000 employees as a proxy for the $100M-$1B revenue band. This confirms 'similar business model to a known PE-backed medtech manufacturing/roll-up platform' — it does NOT verify actual PE ownership or that this specific company has itself absorbed 2+ acquisitions without consolidating brands; both require a per-company ownership/M&A-history check (PitchBook or deal-news search) before treating as qualified. This is segment 4(b) specifically (PE-backed roll-up platforms, $100M-$1B) — distinct from 4(a) already sourced via Blitz."
tomz.com,TOMZ Corporation,https://www.linkedin.com/company/tomzcorp,https://tomz.com,139,201-500,1988,PRIVATELY_HELD,medical equipment manufacturing,-,-,-,"ISO 13485:2016 Certified & FDA Registered  TOMZ Corporation was founded in 1988 and is a leader in the manufacturing of precision components for major medical device, healthcare and laboratory diagnostics. We have been able to maintain private ownership and operation since inception and will continue into the next generation.   With 200,000+ square feet, our facilities across Connecticut, Indiana and Minnesota house state of the art, validated CNC Lathe/Mill/Wire EDM, Finishing, Passivation/Anod","New Leader, Old Portfolio",new-leader-old-portfolio-4b,"Matched AI Ark lookalike-company search (lookalikeDomains seeded with 3 known PE-backed medtech CDMO/manufacturing roll-up platforms: Cirtec Medical, Viant Medical, Integer Holdings), filtered post-hoc to 100-5000 employees as a proxy for the $100M-$1B revenue band. This confirms 'similar business model to a known PE-backed medtech manufacturing/roll-up platform' — it does NOT verify actual PE ownership or that this specific company has itself absorbed 2+ acquisitions without consolidating brands; both require a per-company ownership/M&A-history check (PitchBook or deal-news search) before treating as qualified. This is segment 4(b) specifically (PE-backed roll-up platforms, $100M-$1B) — distinct from 4(a) already sourced via Blitz."
protec.com.br,Protec Fabricante de Equipamentos Médicos-Hospitalares,https://www.linkedin.com/company/protec-export,https://linktr.ee/protecexport,487,51-200,1990,PRIVATELY_HELD,medical equipment manufacturing,-,-,-,"A Protec vem consolidando, ano após ano, uma trajetória fortemente ancorada na qualidade de seus produtos e no respeito ao mercado. Sua marca representa hoje a força da tecnologia nacional na fabricação comercialização de equipamentos de suporte à vida, dentro dos mais rigorosos níveis de qualidade, exigidos pelo setor médico ­hospitalar.  Referência em seu segmento, a PROTEC cobre todo território nacional através de uma ampla rede de distribuidores e assistência técnica. Seu crescimento está fo","New Leader, Old Portfolio",new-leader-old-portfolio-4b,"Matched AI Ark lookalike-company search (lookalikeDomains seeded with 3 known PE-backed medtech CDMO/manufacturing roll-up platforms: Cirtec Medical, Viant Medical, Integer Holdings), filtered post-hoc to 100-5000 employees as a proxy for the $100M-$1B revenue band. This confirms 'similar business model to a known PE-backed medtech manufacturing/roll-up platform' — it does NOT verify actual PE ownership or that this specific company has itself absorbed 2+ acquisitions without consolidating brands; both require a per-company ownership/M&A-history check (PitchBook or deal-news search) before treating as qualified. This is segment 4(b) specifically (PE-backed roll-up platforms, $100M-$1B) — distinct from 4(a) already sourced via Blitz."
nextphasemed.com,NextPhase Medical Devices,https://www.linkedin.com/company/nextphase-medicaldevices,https://www.nextphasemed.com,116,201-500,1999,PRIVATELY_HELD,medical equipment manufacturing,-,-,-,"NextPhase Medical Devices is the leading low- to medium- volume outsource partner for complex Electronic Manufacturing Systems (EMS) and disposable medical devices in North America.  In July 2017, Nexcore Technology, LLC acquired Phase 2 Medical Device Manufacturing, Inc. From this acquisition, NextPhase Medical Devices LLC was launched.  This combination has produced a unique company that has a proven track record with medical device OEMs requiring a full-service contract manufacturing partner.","New Leader, Old Portfolio",new-leader-old-portfolio-4b,"Matched AI Ark lookalike-company search (lookalikeDomains seeded with 3 known PE-backed medtech CDMO/manufacturing roll-up platforms: Cirtec Medical, Viant Medical, Integer Holdings), filtered post-hoc to 100-5000 employees as a proxy for the $100M-$1B revenue band. This confirms 'similar business model to a known PE-backed medtech manufacturing/roll-up platform' — it does NOT verify actual PE ownership or that this specific company has itself absorbed 2+ acquisitions without consolidating brands; both require a per-company ownership/M&A-history check (PitchBook or deal-news search) before treating as qualified. This is segment 4(b) specifically (PE-backed roll-up platforms, $100M-$1B) — distinct from 4(a) already sourced via Blitz."
nordsonmedical.com,Vention Medical,https://www.linkedin.com/company/vention-medical-inc-,https://www.ventionmedical.com,247,1001-5000,2011,PUBLIC_COMPANY,medical equipment manufacturing,-,-,-,"The acquisition of Vention Medical Advanced Technologies by the Nordson MEDICAL division of Nordson Corporation was completed in April 2017.  The acquisition of Vention Medical Device Manufacturing Services by MedPlast, Inc. was completed in March 2017.  This profile is no longer active. Please follow the Nordson MEDICAL and MedPlast profiles for future updates.","New Leader, Old Portfolio",new-leader-old-portfolio-4b,"Matched AI Ark lookalike-company search (lookalikeDomains seeded with 3 known PE-backed medtech CDMO/manufacturing roll-up platforms: Cirtec Medical, Viant Medical, Integer Holdings), filtered post-hoc to 100-5000 employees as a proxy for the $100M-$1B revenue band. This confirms 'similar business model to a known PE-backed medtech manufacturing/roll-up platform' — it does NOT verify actual PE ownership or that this specific company has itself absorbed 2+ acquisitions without consolidating brands; both require a per-company ownership/M&A-history check (PitchBook or deal-news search) before treating as qualified. This is segment 4(b) specifically (PE-backed roll-up platforms, $100M-$1B) — distinct from 4(a) already sourced via Blitz."
vantagemedtech.com,Vantage MedTech,https://www.linkedin.com/company/vantage-medtech,http://www.vantagemedtech.com,147,201-500,1994,PRIVATELY_HELD,medical equipment manufacturing,-,-,-,"Vantage MedTech provides comprehensive design and manufacturing services, supporting the advancement of medical technologies from concept through to product realization.  Partnering with the world’s most innovative MedTech start-ups and large medical device companies, we offer feasibility support, product development and prototyping, new product development, clinical and commercial manufacturing, and after-market services to support every phase of the product life cycle.     Our clients can leve","New Leader, Old Portfolio",new-leader-old-portfolio-4b,"Matched AI Ark lookalike-company search (lookalikeDomains seeded with 3 known PE-backed medtech CDMO/manufacturing roll-up platforms: Cirtec Medical, Viant Medical, Integer Holdings), filtered post-hoc to 100-5000 employees as a proxy for the $100M-$1B revenue band. This confirms 'similar business model to a known PE-backed medtech manufacturing/roll-up platform' — it does NOT verify actual PE ownership or that this specific company has itself absorbed 2+ acquisitions without consolidating brands; both require a per-company ownership/M&A-history check (PitchBook or deal-news search) before treating as qualified. This is segment 4(b) specifically (PE-backed roll-up platforms, $100M-$1B) — distinct from 4(a) already sourced via Blitz."
ametekemc.com,AMETEK Paragon Medical,https://www.linkedin.com/company/ametek-paragon-medical,https://www.ametekemc.com,111,501-1000,1972,PUBLIC_COMPANY,medical equipment manufacturing,-,-,-,"Paragon Medical partners with the world’s top medical device manufacturers to custom design and manufacture state-of-the-art technology solutions for a wide range of medical applications.   Paragon Medical is a business of AMETEK, Inc., a leading global provider of industrial technology solutions serving a diverse set of attractive niche markets.  Our broad array of design and manufacturing capabilities includes custom engineered interconnects, catheter components and systems, implantable medica","New Leader, Old Portfolio",new-leader-old-portfolio-4b,"Matched AI Ark lookalike-company search (lookalikeDomains seeded with 3 known PE-backed medtech CDMO/manufacturing roll-up platforms: Cirtec Medical, Viant Medical, Integer Holdings), filtered post-hoc to 100-5000 employees as a proxy for the $100M-$1B revenue band. This confirms 'similar business model to a known PE-backed medtech manufacturing/roll-up platform' — it does NOT verify actual PE ownership or that this specific company has itself absorbed 2+ acquisitions without consolidating brands; both require a per-company ownership/M&A-history check (PitchBook or deal-news search) before treating as qualified. This is segment 4(b) specifically (PE-backed roll-up platforms, $100M-$1B) — distinct from 4(a) already sourced via Blitz."
curiaglobal.com,Curia,https://www.linkedin.com/company/curia-cdmo,https://curiaglobal.com,3377,1001-5000,1991,PRIVATELY_HELD,pharmaceutical manufacturing,-,-,-,"Curia is a Contract Development and Manufacturing Organization with over 30 years of experience, an integrated network of 25 global sites and 3,500 employees partnering with customers to make treatments broadly accessible to patients. Our biologics and small molecule offering spans discovery through commercialization, with integrated regulatory and analytical capabilities. Our scientific and process experts and state-of-the-art facilities deliver best-in-class experience across drug substance an","New Leader, Old Portfolio",new-leader-old-portfolio-4b,"Matched AI Ark lookalike-company search (lookalikeDomains seeded with 3 known PE-backed medtech CDMO/manufacturing roll-up platforms: Cirtec Medical, Viant Medical, Integer Holdings), filtered post-hoc to 100-5000 employees as a proxy for the $100M-$1B revenue band. This confirms 'similar business model to a known PE-backed medtech manufacturing/roll-up platform' — it does NOT verify actual PE ownership or that this specific company has itself absorbed 2+ acquisitions without consolidating brands; both require a per-company ownership/M&A-history check (PitchBook or deal-news search) before treating as qualified. This is segment 4(b) specifically (PE-backed roll-up platforms, $100M-$1B) — distinct from 4(a) already sourced via Blitz."
medicaldevicecomponents.com,Medical Device Components LLC,https://www.linkedin.com/company/mdclighteum,http://www.lighteum.com,121,201-500,-,PRIVATELY_HELD,medical equipment manufacturing,-,-,-,"Medical Device Components LLC (MDC) is a global leader in the development and manufacture of precision medical components, purchased by Montagu Private Equity from Johnson Matthey Ltd, to specialize in platinum group metals and high-complexity nitinol-based solutions. With decades of expertise in metallurgy, micromachining, femtosecond laser processing, shape-setting, and electropolishing technologies, MDC serves the world’s leading medical device companies, transforming customer experiences thr","New Leader, Old Portfolio",new-leader-old-portfolio-4b,"Matched AI Ark lookalike-company search (lookalikeDomains seeded with 3 known PE-backed medtech CDMO/manufacturing roll-up platforms: Cirtec Medical, Viant Medical, Integer Holdings), filtered post-hoc to 100-5000 employees as a proxy for the $100M-$1B revenue band. This confirms 'similar business model to a known PE-backed medtech manufacturing/roll-up platform' — it does NOT verify actual PE ownership or that this specific company has itself absorbed 2+ acquisitions without consolidating brands; both require a per-company ownership/M&A-history check (PitchBook or deal-news search) before treating as qualified. This is segment 4(b) specifically (PE-backed roll-up platforms, $100M-$1B) — distinct from 4(a) already sourced via Blitz."
resolutionmedical.com,Resolution Medical,https://www.linkedin.com/company/resolution-medical-llc,https://www.ResolutionMedical.com,174,201-500,2012,PRIVATELY_HELD,medical equipment manufacturing,-,-,-,"Resolution Medical's Mission is to Provide Innovative Business Solutions to the Medical Device Industry with the Highest Quality and Reliability, Exceptional Customer Service, and with the Resolution to continuously improve life.
 
 Resolution Medical designs, develops, tests, and manufactures medical devices and components in collaboration with its customers.","New Leader, Old Portfolio",new-leader-old-portfolio-4b,"Matched AI Ark lookalike-company search (lookalikeDomains seeded with 3 known PE-backed medtech CDMO/manufacturing roll-up platforms: Cirtec Medical, Viant Medical, Integer Holdings), filtered post-hoc to 100-5000 employees as a proxy for the $100M-$1B revenue band. This confirms 'similar business model to a known PE-backed medtech manufacturing/roll-up platform' — it does NOT verify actual PE ownership or that this specific company has itself absorbed 2+ acquisitions without consolidating brands; both require a per-company ownership/M&A-history check (PitchBook or deal-news search) before treating as qualified. This is segment 4(b) specifically (PE-backed roll-up platforms, $100M-$1B) — distinct from 4(a) already sourced via Blitz."
acino.swiss,Acino,https://www.linkedin.com/company/acino-swiss,http://www.acino.swiss,2285,1001-5000,1836,PRIVATELY_HELD,pharmaceutical manufacturing,-,-,-,"Acino is a Swiss pharmaceutical company headquartered in Zurich, with a clear focus on high-growth markets. We deliver quality pharmaceuticals to promote affordable healthcare and leverage our high-quality pharmaceutical manufacturing capabilities and network to supply leading companies through contract manufacturing and out-licensing.  For more information: www.acino.swiss  *** By engaging with Acino on LinkedIn (or any other Acino social media channel), you are agreeing to our Social Media Com","New Leader, Old Portfolio",new-leader-old-portfolio-4b,"Matched AI Ark lookalike-company search (lookalikeDomains seeded with 3 known PE-backed medtech CDMO/manufacturing roll-up platforms: Cirtec Medical, Viant Medical, Integer Holdings), filtered post-hoc to 100-5000 employees as a proxy for the $100M-$1B revenue band. This confirms 'similar business model to a known PE-backed medtech manufacturing/roll-up platform' — it does NOT verify actual PE ownership or that this specific company has itself absorbed 2+ acquisitions without consolidating brands; both require a per-company ownership/M&A-history check (PitchBook or deal-news search) before treating as qualified. This is segment 4(b) specifically (PE-backed roll-up platforms, $100M-$1B) — distinct from 4(a) already sourced via Blitz."
vtitan.com,vTitan Corporation Pvt. Ltd,https://www.linkedin.com/company/vtitan-corporation-pvt-ltd,https://www.vtitan.com,131,51-200,-,PRIVATELY_HELD,medical equipment manufacturing,-,-,-,"vTitan, a MedTech company is engaged in design, development, manufacture, distribution and sales of a broad range of medical devices used in critical care units of hospitals.  vTitan Product portfolio reflects a synthesis of the latest technology, high-quality design and engineering, and ISO standards driven manufacturing processes, delivering quality and value for our customers.  vTitan's Competitive Advantage includes  - IP in medication delivery products - Expertise in the design and manufact","New Leader, Old Portfolio",new-leader-old-portfolio-4b,"Matched AI Ark lookalike-company search (lookalikeDomains seeded with 3 known PE-backed medtech CDMO/manufacturing roll-up platforms: Cirtec Medical, Viant Medical, Integer Holdings), filtered post-hoc to 100-5000 employees as a proxy for the $100M-$1B revenue band. This confirms 'similar business model to a known PE-backed medtech manufacturing/roll-up platform' — it does NOT verify actual PE ownership or that this specific company has itself absorbed 2+ acquisitions without consolidating brands; both require a per-company ownership/M&A-history check (PitchBook or deal-news search) before treating as qualified. This is segment 4(b) specifically (PE-backed roll-up platforms, $100M-$1B) — distinct from 4(a) already sourced via Blitz."
baylismedical.com,Baylis Medical,https://www.linkedin.com/company/baylis-medical,http://www.baylismedical.com,119,501-1000,-,PRIVATELY_HELD,medical equipment manufacturing,-,-,-,"Baylis Medical is a leader in the development and commercialization of innovative medical devices in the fields of cardiology and spine. Headquartered in Canada, and with offices world-wide, our clinical solutions have been Improving the Lives of People Around the World for over 30 years.","New Leader, Old Portfolio",new-leader-old-portfolio-4b,"Matched AI Ark lookalike-company search (lookalikeDomains seeded with 3 known PE-backed medtech CDMO/manufacturing roll-up platforms: Cirtec Medical, Viant Medical, Integer Holdings), filtered post-hoc to 100-5000 employees as a proxy for the $100M-$1B revenue band. This confirms 'similar business model to a known PE-backed medtech manufacturing/roll-up platform' — it does NOT verify actual PE ownership or that this specific company has itself absorbed 2+ acquisitions without consolidating brands; both require a per-company ownership/M&A-history check (PitchBook or deal-news search) before treating as qualified. This is segment 4(b) specifically (PE-backed roll-up platforms, $100M-$1B) — distinct from 4(a) already sourced via Blitz."
atltechnology.com,ATL Technology,https://www.linkedin.com/company/atl-medical,http://www.atlmedical.com,622,1001-5000,1993,PRIVATELY_HELD,medical equipment manufacturing,-,-,-,"Improving Lives through Medical Device Innovation.  At ATL Technology, we are the trusted partner of choice for leading medical device OEMs worldwide. With over 30 years of expertise, we excel in designing, developing, and manufacturing innovative medical devices that improve and save lives.  Our commitment to engineering excellence and unwavering dedication to quality drive us to deliver cutting-edge solutions across various medical fields. From electrosurgical instruments and camera-based imag","New Leader, Old Portfolio",new-leader-old-portfolio-4b,"Matched AI Ark lookalike-company search (lookalikeDomains seeded with 3 known PE-backed medtech CDMO/manufacturing roll-up platforms: Cirtec Medical, Viant Medical, Integer Holdings), filtered post-hoc to 100-5000 employees as a proxy for the $100M-$1B revenue band. This confirms 'similar business model to a known PE-backed medtech manufacturing/roll-up platform' — it does NOT verify actual PE ownership or that this specific company has itself absorbed 2+ acquisitions without consolidating brands; both require a per-company ownership/M&A-history check (PitchBook or deal-news search) before treating as qualified. This is segment 4(b) specifically (PE-backed roll-up platforms, $100M-$1B) — distinct from 4(a) already sourced via Blitz."
pro-dex.com,"Pro-Dex, Inc.",https://www.linkedin.com/company/pro-dex,http://www.pro-dex.com,113,51-200,1975,PUBLIC_COMPANY,medical equipment manufacturing,-,-,-,"At Pro-Dex, we believe that the most impactful advancements in healthcare come from a commitment to excellence, integrity, and meaningful progress. Our role is more than just engineering solutions, we are a trusted partner in the pursuit of better patient care, safer surgeries, and groundbreaking medical advancements. By working alongside the brightest minds in the industry, we help transform bold ideas into technologies that truly make a difference.   Guided by three fundamental principles:   1","New Leader, Old Portfolio",new-leader-old-portfolio-4b,"Matched AI Ark lookalike-company search (lookalikeDomains seeded with 3 known PE-backed medtech CDMO/manufacturing roll-up platforms: Cirtec Medical, Viant Medical, Integer Holdings), filtered post-hoc to 100-5000 employees as a proxy for the $100M-$1B revenue band. This confirms 'similar business model to a known PE-backed medtech manufacturing/roll-up platform' — it does NOT verify actual PE ownership or that this specific company has itself absorbed 2+ acquisitions without consolidating brands; both require a per-company ownership/M&A-history check (PitchBook or deal-news search) before treating as qualified. This is segment 4(b) specifically (PE-backed roll-up platforms, $100M-$1B) — distinct from 4(a) already sourced via Blitz."
trianglemfg.com,"Triangle Manufacturing Company, Inc.",https://www.linkedin.com/company/triangle-manufacturing-company,http://www.trianglemfg.com,115,201-500,1955,PRIVATELY_HELD,medical equipment manufacturing,-,-,-,"Innovative. Life. Solutions.  For more than 60 years, Triangle has been a customer focused, value-added engineering and manufacturing partner to the medical device industry. From design, development, prototyping and pre-production to volume production, Triangle helps you get from concept to market faster and more economically. With emphasis on innovative manufacturing solutions, Triangle achieves the highest quality standards. We excel at holding the tightest of tolerances, producing the toughes","New Leader, Old Portfolio",new-leader-old-portfolio-4b,"Matched AI Ark lookalike-company search (lookalikeDomains seeded with 3 known PE-backed medtech CDMO/manufacturing roll-up platforms: Cirtec Medical, Viant Medical, Integer Holdings), filtered post-hoc to 100-5000 employees as a proxy for the $100M-$1B revenue band. This confirms 'similar business model to a known PE-backed medtech manufacturing/roll-up platform' — it does NOT verify actual PE ownership or that this specific company has itself absorbed 2+ acquisitions without consolidating brands; both require a per-company ownership/M&A-history check (PitchBook or deal-news search) before treating as qualified. This is segment 4(b) specifically (PE-backed roll-up platforms, $100M-$1B) — distinct from 4(a) already sourced via Blitz."
elosmedtech.com,Elos Medtech,https://www.linkedin.com/company/elosmedtech,https://elosmedtech.com,458,1001-5000,1923,PUBLIC_COMPANY,medical equipment manufacturing,-,-,-,"Elos Medtech employs 1,500 people in four business units – Dental, Orthopedics, Advanced Surgical and Precision - and the divisions Medical Polymer Solutions, Sterile Packaging Solutions and Medical Value Solutions. We are a powerhouse in medical devices and one of the top 10 CDMO companies in the world.  We provide local service with a global reach. Since our acquisition of the Klingel Group in 2023, we operate from 13 sites in six countries; China, Denmark, Germany, Sweden, Switzerland and the","New Leader, Old Portfolio",new-leader-old-portfolio-4b,"Matched AI Ark lookalike-company search (lookalikeDomains seeded with 3 known PE-backed medtech CDMO/manufacturing roll-up platforms: Cirtec Medical, Viant Medical, Integer Holdings), filtered post-hoc to 100-5000 employees as a proxy for the $100M-$1B revenue band. This confirms 'similar business model to a known PE-backed medtech manufacturing/roll-up platform' — it does NOT verify actual PE ownership or that this specific company has itself absorbed 2+ acquisitions without consolidating brands; both require a per-company ownership/M&A-history check (PitchBook or deal-news search) before treating as qualified. This is segment 4(b) specifically (PE-backed roll-up platforms, $100M-$1B) — distinct from 4(a) already sourced via Blitz."
samsungbiologics.com,Samsung Biologics,https://www.linkedin.com/company/samsung-biologics,https://www.samsungbiologics.com,2331,1001-5000,2011,PUBLIC_COMPANY,pharmaceutical manufacturing,-,-,-,"Samsung Biologics is a fully integrated CDMO offering state-of-the-art contract development and manufacturing services. With proven regulatory approvals, the largest capacity, and the fastest throughput, Samsung Biologics is an award-winning partner of choice and is uniquely able to support the development and manufacturing of biologics products at every stage of the process while meeting the evolving needs of biopharmaceutical companies worldwide.","New Leader, Old Portfolio",new-leader-old-portfolio-4b,"Matched AI Ark lookalike-company search (lookalikeDomains seeded with 3 known PE-backed medtech CDMO/manufacturing roll-up platforms: Cirtec Medical, Viant Medical, Integer Holdings), filtered post-hoc to 100-5000 employees as a proxy for the $100M-$1B revenue band. This confirms 'similar business model to a known PE-backed medtech manufacturing/roll-up platform' — it does NOT verify actual PE ownership or that this specific company has itself absorbed 2+ acquisitions without consolidating brands; both require a per-company ownership/M&A-history check (PitchBook or deal-news search) before treating as qualified. This is segment 4(b) specifically (PE-backed roll-up platforms, $100M-$1B) — distinct from 4(a) already sourced via Blitz."
mtendoscopy.com,Micro-Tech Endoscopy,https://www.linkedin.com/company/micro-tech-endoscopy,http://www.us.mtmed.com,175,1001-5000,1999,PUBLIC_COMPANY,medical equipment manufacturing,-,-,-,"Trusted For Life.  MICRO-TECH Endoscopy advances minimally invasive care through innovative medical technologies designed to protect life, preserve dignity, and support better patient outcomes. With over 25 years in the industry, we work closely with clinicians worldwide to co-create solutions that address real unmet needs.   Today, our portfolio spans more than 180 products used in 100+ countries, built from over 1,200 clinician-driven innovation projects. Backed by 2,000 employees across 20+ c","New Leader, Old Portfolio",new-leader-old-portfolio-4b,"Matched AI Ark lookalike-company search (lookalikeDomains seeded with 3 known PE-backed medtech CDMO/manufacturing roll-up platforms: Cirtec Medical, Viant Medical, Integer Holdings), filtered post-hoc to 100-5000 employees as a proxy for the $100M-$1B revenue band. This confirms 'similar business model to a known PE-backed medtech manufacturing/roll-up platform' — it does NOT verify actual PE ownership or that this specific company has itself absorbed 2+ acquisitions without consolidating brands; both require a per-company ownership/M&A-history check (PitchBook or deal-news search) before treating as qualified. This is segment 4(b) specifically (PE-backed roll-up platforms, $100M-$1B) — distinct from 4(a) already sourced via Blitz."
delpharm.com,Delpharm,https://www.linkedin.com/company/delpharm,http://www.delpharm.com/en,3918,5001-10000,1988,PRIVATELY_HELD,pharmaceutical manufacturing,-,-,-,"Delpharm is a worldwide leader in contract manufacturing and development of medicines with :  - 19 plants in France, Italy, Canada, Poland and The Netherlands - Over 1,1 billion euros turnover - Over 6,500 people - 6,500 people working in the company - Most dosage forms produced  For over 35 years, Delpharm has grown by progressively acquiring production plants, notably from major pharmaceutical laboratories. Today, Delpharm operates 18 industrial sites and 3 development centers located in Franc","New Leader, Old Portfolio",new-leader-old-portfolio-4b,"Matched AI Ark lookalike-company search (lookalikeDomains seeded with 3 known PE-backed medtech CDMO/manufacturing roll-up platforms: Cirtec Medical, Viant Medical, Integer Holdings), filtered post-hoc to 100-5000 employees as a proxy for the $100M-$1B revenue band. This confirms 'similar business model to a known PE-backed medtech manufacturing/roll-up platform' — it does NOT verify actual PE ownership or that this specific company has itself absorbed 2+ acquisitions without consolidating brands; both require a per-company ownership/M&A-history check (PitchBook or deal-news search) before treating as qualified. This is segment 4(b) specifically (PE-backed roll-up platforms, $100M-$1B) — distinct from 4(a) already sourced via Blitz."
gogcm.com,GCM,https://www.linkedin.com/company/gcm-global,http://www.gogcm.com,139,201-500,1978,PRIVATELY_HELD,medical equipment manufacturing,-,-,-,"GCM leads the medtech industry in meeting the extensive manufacturing requirements of the most challenging, tight tolerance components and assemblies in the world today.  We offer a full range of solutions from product design optimization, design for manufacturing, advanced materials selection, metrology expertise, up to full scale mass production capabilities.  We support the major OEM’s in the highly complex areas of surgical robotics, genomics, drug delivery, aerospace and others – Customers ","New Leader, Old Portfolio",new-leader-old-portfolio-4b,"Matched AI Ark lookalike-company search (lookalikeDomains seeded with 3 known PE-backed medtech CDMO/manufacturing roll-up platforms: Cirtec Medical, Viant Medical, Integer Holdings), filtered post-hoc to 100-5000 employees as a proxy for the $100M-$1B revenue band. This confirms 'similar business model to a known PE-backed medtech manufacturing/roll-up platform' — it does NOT verify actual PE ownership or that this specific company has itself absorbed 2+ acquisitions without consolidating brands; both require a per-company ownership/M&A-history check (PitchBook or deal-news search) before treating as qualified. This is segment 4(b) specifically (PE-backed roll-up platforms, $100M-$1B) — distinct from 4(a) already sourced via Blitz."
