domain,company_name,company_linkedin,website,employees,employee_range,year_founded,company_type,industry,hq_city,hq_region,hq_country,description,campaign,sourcing_reasoning
intuitive.com,Intuitive,-,http://www.intuitive.com,12945,10001+,1995,Public Company,Medical Equipment Manufacturing,Sunnyvale,California,United States,"Intuitive (Nasdaq: ISRG), headquartered in Sunnyvale, Calif., is a global technology leader in minimally invasive care and the pioneer of robotic-assisted surgery. At Intuitive, we believe that minimally invasive care is life-enhancing care. Through ingenuity and intelligent technology, we expand the potential of physicians to heal without constraints.","New Leader, Old Portfolio","Matched filter for multi-brand medtech/diagnostics companies at $250M-$3B scale proxy (12945 employees, industry='Medical Equipment Manufacturing'). Segment additionally requires 3+ distinct product brands into overlapping call points AND a leadership role change 30-75 days ago — neither the brand-count nor the recent-hire trigger is verified by this firmographic pull; both must be checked per company (LinkedIn role-change date, brand portfolio) before outreach."
edwards.com,Edwards Lifesciences,-,http://www.edwards.com,14045,10001+,1958,Public Company,Medical Equipment Manufacturing,Irvine,California,United States,"Edwards Lifesciences (NYSE: EW), is the leading global structural heart innovation company, driven by a passion to improve patient lives. Through breakthrough technologies, world-class evidence and partnerships with clinicians and healthcare stakeholders, our employees are inspired by our patient-focused culture to deliver life-changing innovations to those who need them most.   We thrive on discovery and expanding the boundaries of medical technology, serving patients in 100+ countries, with th","New Leader, Old Portfolio","Matched filter for multi-brand medtech/diagnostics companies at $250M-$3B scale proxy (14045 employees, industry='Medical Equipment Manufacturing'). Segment additionally requires 3+ distinct product brands into overlapping call points AND a leadership role change 30-75 days ago — neither the brand-count nor the recent-hire trigger is verified by this firmographic pull; both must be checked per company (LinkedIn role-change date, brand portfolio) before outreach."
beckmancoulter.com,Beckman Coulter Diagnostics,-,https://www.beckmancoulter.com,10628,10001+,1935,Public Company,Medical Equipment Manufacturing,Brea,California,United States,"A global leader in advanced diagnostics, Beckman Coulter has challenged convention to elevate the diagnostic laboratory’s role in improving patient health for more than 80 years. Our mission is to Relentlessly Reimagine Healthcare, One Diagnosis at a Time – and we do this by applying the power of science, technology and the passion and creativity of our teams. Our diagnostic solutions are used in complex clinical testing, and are found in hospitals, reference laboratories and physician office se","New Leader, Old Portfolio","Matched filter for multi-brand medtech/diagnostics companies at $250M-$3B scale proxy (10628 employees, industry='Medical Equipment Manufacturing'). Segment additionally requires 3+ distinct product brands into overlapping call points AND a leadership role change 30-75 days ago — neither the brand-count nor the recent-hire trigger is verified by this firmographic pull; both must be checked per company (LinkedIn role-change date, brand portfolio) before outreach."
arthrex.com,Arthrex,-,http://www.Arthrex.com,9115,10001+,-,Privately Held,Medical Equipment Manufacturing,Naples,Florida,United States,"Arthrex is a global medical device company and leader in new product development and medical education in orthopedics. With a corporate mission of Helping Surgeons Treat Their Patients Better®, Arthrex has pioneered the field of arthroscopy and developed more than 1,000 innovative products and surgical procedures each year to advance minimally invasive orthopedics worldwide.   Arthrex continues to experience unprecedented growth and demand for our products throughout the world; however, we remai","New Leader, Old Portfolio","Matched filter for multi-brand medtech/diagnostics companies at $250M-$3B scale proxy (9115 employees, industry='Medical Equipment Manufacturing'). Segment additionally requires 3+ distinct product brands into overlapping call points AND a leadership role change 30-75 days ago — neither the brand-count nor the recent-hire trigger is verified by this firmographic pull; both must be checked per company (LinkedIn role-change date, brand portfolio) before outreach."
conmed.com,CONMED Corporation,-,http://www.conmed.com/,3378,1001-5000,1970,Public Company,Medical Equipment Manufacturing,-,Florida,United States,"CONMED is a global medical technology company that specializes in the development and sale of surgical and patient monitoring products and services that allow our physician customers to deliver high quality care and as a result, enhanced clinical outcomes for their patients.  With products that are recognized as technological leaders by the specialties they serve, healthcare professionals within the Orthopedic, Laparoscopic, Robotic & Open Surgery, Gastroenterology & Pulmonology and Cardiology &","New Leader, Old Portfolio","Matched filter for multi-brand medtech/diagnostics companies at $250M-$3B scale proxy (3378 employees, industry='Medical Equipment Manufacturing'). Segment additionally requires 3+ distinct product brands into overlapping call points AND a leadership role change 30-75 days ago — neither the brand-count nor the recent-hire trigger is verified by this firmographic pull; both must be checked per company (LinkedIn role-change date, brand portfolio) before outreach."
aligntech.com,Align Technology,-,http://www.aligntech.com,13266,10001+,1997,Public Company,Medical Equipment Manufacturing,Tempe,Arizona,United States,"We are dedicated to transforming lives by improving the journey to a healthy, beautiful smile.   Discover your straight path to a bright future at Align Technology. As a part of our smart, diverse and fast-moving global team, you'll make an impact on the market leader that's moving an industry forward.    Want to find out what's next for us—and for you? Follow us on LinkedIn for business updates and check out our current opportunities at www.aligntech.com/careers.    25 years ago, we pioneered t","New Leader, Old Portfolio","Matched filter for multi-brand medtech/diagnostics companies at $250M-$3B scale proxy (13266 employees, industry='Medical Equipment Manufacturing'). Segment additionally requires 3+ distinct product brands into overlapping call points AND a leadership role change 30-75 days ago — neither the brand-count nor the recent-hire trigger is verified by this firmographic pull; both must be checked per company (LinkedIn role-change date, brand portfolio) before outreach."
hologic.com,"Hologic, Inc.",-,http://www.hologic.com,6869,5001-10000,1985,Privately Held,Medical Equipment Manufacturing,Marlborough,Massachusetts,United States,"We’re an innovative medical technology company whose purpose is to enable healthier lives everywhere, every day. While we discover and develop groundbreaking products and services that benefit everyone, we are especially passionate about those that advance women’s health and well-being. This allows us to be a company that prospers, grows and empowers women to experience healthier lives.  None of this would be possible without the talent, skills and aspirations of our employees. Their expertise a","New Leader, Old Portfolio","Matched filter for multi-brand medtech/diagnostics companies at $250M-$3B scale proxy (6869 employees, industry='Medical Equipment Manufacturing'). Segment additionally requires 3+ distinct product brands into overlapping call points AND a leadership role change 30-75 days ago — neither the brand-count nor the recent-hire trigger is verified by this firmographic pull; both must be checked per company (LinkedIn role-change date, brand portfolio) before outreach."
resmed.com,Resmed,-,https://www.resmed.com,8994,5001-10000,-,Public Company,Medical Equipment Manufacturing,San Diego,California,United States,"We believe shaping a better world starts with better sleep and breathing, which is why we pioneer innovative solutions to help millions of people in more than 140 countries around the world live happier, healthier lives. Our AI-powered digital health solutions, cloud-connected devices and intelligent software make home healthcare more personalized, accessible and effective.","New Leader, Old Portfolio","Matched filter for multi-brand medtech/diagnostics companies at $250M-$3B scale proxy (8994 employees, industry='Medical Equipment Manufacturing'). Segment additionally requires 3+ distinct product brands into overlapping call points AND a leadership role change 30-75 days ago — neither the brand-count nor the recent-hire trigger is verified by this firmographic pull; both must be checked per company (LinkedIn role-change date, brand portfolio) before outreach."
dexcom.com,Dexcom,-,https://careers.dexcom.com/careers/index,8782,10001+,-,Public Company,Medical Equipment Manufacturing,San Diego,California,United States,"Empowering People to Take Control of Health  Dexcom Corporation (NASDAQ DXCM) has been a pioneer in glucose sensing for more than 25 years. Since 1999, we have developed innovative technologies that transformed how people manage diabetes. Our products are part of people’s daily lives, empowering them to live confidently and feel more in control, free to pursue their dreams.   Headquartered in San Diego, California, with operations around the world, Dexcom leads by listening to the needs of users","New Leader, Old Portfolio","Matched filter for multi-brand medtech/diagnostics companies at $250M-$3B scale proxy (8782 employees, industry='Medical Equipment Manufacturing'). Segment additionally requires 3+ distinct product brands into overlapping call points AND a leadership role change 30-75 days ago — neither the brand-count nor the recent-hire trigger is verified by this firmographic pull; both must be checked per company (LinkedIn role-change date, brand portfolio) before outreach."
teleflex.com,Teleflex,-,http://www.teleflex.com,9872,10001+,-,Public Company,Medical Equipment Manufacturing,Wayne,New Jersey,United States,"As a global provider of medical technologies, Teleflex is driven by our purpose to improve the health and quality of people’s lives. Through our vision to become the most trusted partner in healthcare, we offer a diverse portfolio with solutions in the therapy areas of anesthesia, emergency medicine, interventional cardiology and radiology, surgical, vascular access, and urology. We believe that the potential of great people, purpose driven innovation, and world-class products can shape the futu","New Leader, Old Portfolio","Matched filter for multi-brand medtech/diagnostics companies at $250M-$3B scale proxy (9872 employees, industry='Medical Equipment Manufacturing'). Segment additionally requires 3+ distinct product brands into overlapping call points AND a leadership role change 30-75 days ago — neither the brand-count nor the recent-hire trigger is verified by this firmographic pull; both must be checked per company (LinkedIn role-change date, brand portfolio) before outreach."
jjvision.com,Johnson & Johnson | Vision,-,http://www.jjvision.com,5425,5001-10000,-,Public Company,Medical Equipment Manufacturing,Jacksonville,Florida,United States,"As a leader in eye health and part of Johnson & Johnson MedTech, we are driven by a bold ambition: Vision Made Possible™— paving the way for a new future of eye health to support the full spectrum of pediatric, adult and aging eyes.   Our priority is to deliver on the eye health needs of more than 44 million patients around the world every year. Poor eye health has reached epidemic proportions and access to care around the world remains inequitable and disconnected – and we believe that we have ","New Leader, Old Portfolio","Matched filter for multi-brand medtech/diagnostics companies at $250M-$3B scale proxy (5425 employees, industry='Medical Equipment Manufacturing'). Segment additionally requires 3+ distinct product brands into overlapping call points AND a leadership role change 30-75 days ago — neither the brand-count nor the recent-hire trigger is verified by this firmographic pull; both must be checked per company (LinkedIn role-change date, brand portfolio) before outreach."
bbraunusa.com,B. Braun Medical Inc. (US),-,http://www.bbraunusa.com,7620,10001+,-,Privately Held,Medical Equipment Manufacturing,Bethlehem,Pennsylvania,United States,"B. Braun Medical Inc., a leader in infusion therapy and pain management, develops, manufactures, and markets innovative medical products and services to the healthcare industry. Other key product areas include nutrition, pharmacy admixture and dialysis. The company is committed to eliminating preventable treatment errors and enhancing patient, clinician and environmental safety. B. Braun Medical is headquartered in Bethlehem, PA and is part of the  B. Braun Group of Companies in the U.S., which ","New Leader, Old Portfolio","Matched filter for multi-brand medtech/diagnostics companies at $250M-$3B scale proxy (7620 employees, industry='Medical Equipment Manufacturing'). Segment additionally requires 3+ distinct product brands into overlapping call points AND a leadership role change 30-75 days ago — neither the brand-count nor the recent-hire trigger is verified by this firmographic pull; both must be checked per company (LinkedIn role-change date, brand portfolio) before outreach."
coopervision.com,CooperVision,-,http://www.coopervision.com,7615,5001-10000,-,Public Company,Medical Equipment Manufacturing,San Ramon,California,United States,"CooperVision, a unit of The Cooper Companies, Inc. (NASDAQ: COO), is one of the world’s leading manufacturers of soft contact lenses. The Company produces a full array of monthly, two-week and daily disposable contact lenses, all featuring advanced materials and optics. CooperVision has a strong heritage of solving the toughest vision challenges such as astigmatism and presbyopia; and offers the most complete collection of spherical, toric and multifocal products available. Through a combination","New Leader, Old Portfolio","Matched filter for multi-brand medtech/diagnostics companies at $250M-$3B scale proxy (7615 employees, industry='Medical Equipment Manufacturing'). Segment additionally requires 3+ distinct product brands into overlapping call points AND a leadership role change 30-75 days ago — neither the brand-count nor the recent-hire trigger is verified by this firmographic pull; both must be checked per company (LinkedIn role-change date, brand portfolio) before outreach."
terumomedical.com,Terumo Medical Corporation,-,http://www.terumomedical.com,2904,1001-5000,1972,Public Company,Medical Equipment Manufacturing,Somerset,New Jersey,United States,"Our Promise  At Terumo, everything starts with our unwavering commitment to patients.  Listening sincerely to their needs and deeply understanding their hopes and aspirations, we boldly pursue innovative ways to help enhance the lives of patients around the world.  Our Promise Story   Terumo was founded by a group of physicians and scientists to support the lives of people. Ever since then, we have been doing all we can to advance healthcare and enhance patients’ quality of life.  This mindset, ","New Leader, Old Portfolio","Matched filter for multi-brand medtech/diagnostics companies at $250M-$3B scale proxy (2904 employees, industry='Medical Equipment Manufacturing'). Segment additionally requires 3+ distinct product brands into overlapping call points AND a leadership role change 30-75 days ago — neither the brand-count nor the recent-hire trigger is verified by this firmographic pull; both must be checked per company (LinkedIn role-change date, brand portfolio) before outreach."
cookmedical.com,Cook Medical,-,http://www.cookmedical.com,8267,10001+,1963,Privately Held,Medical Equipment Manufacturing,Bloomington,Indiana,United States,"At Cook, we are building our future on Invention, Connection, People, and Community.  As a privately owned company, we can look at the world our own way and do what we feel passionate about. What are we passionate about? That’s simple: Making unique, quality products and connecting with people to improve lives on both sides of the device.  Central to our focus on building deep connections is our belief in the importance of identifying innovative solutions to help customers, patients, employees, ","New Leader, Old Portfolio","Matched filter for multi-brand medtech/diagnostics companies at $250M-$3B scale proxy (8267 employees, industry='Medical Equipment Manufacturing'). Segment additionally requires 3+ distinct product brands into overlapping call points AND a leadership role change 30-75 days ago — neither the brand-count nor the recent-hire trigger is verified by this firmographic pull; both must be checked per company (LinkedIn role-change date, brand portfolio) before outreach."
ethicon.com,"Ethicon, Inc.",-,http://www.ethicon.com,4936,10001+,-,Public Company,Medical Equipment Manufacturing,Somerville,New Jersey,United States,"For over 100 years, Ethicon has stood side by side with healthcare professionals around the world, sharing the same passion to improve and save lives. From the creation of the first sutures, to revolutionizing surgery with minimally invasive procedures, we are committed to advancing surgical care so that patients live longer, more fulfilling lives. Our surgical technologies and solutions include sutures, staplers, energy devices, trocars and hemostats along with interventional ablation, robotics","New Leader, Old Portfolio","Matched filter for multi-brand medtech/diagnostics companies at $250M-$3B scale proxy (4936 employees, industry='Medical Equipment Manufacturing'). Segment additionally requires 3+ distinct product brands into overlapping call points AND a leadership role change 30-75 days ago — neither the brand-count nor the recent-hire trigger is verified by this firmographic pull; both must be checked per company (LinkedIn role-change date, brand portfolio) before outreach."
steris.com,STERIS,-,https://www.steris.com,11008,10001+,1985,Public Company,Medical Equipment Manufacturing,Mentor,Ohio,United States,"STERIS is a leading provider of infection prevention and other procedural products and services, focused primarily on healthcare, pharmaceutical and medical device Customers.  MISSION WE HELP OUR CUSTOMERS CREATE A HEALTHIER AND SAFER WORLD by providing innovative healthcare and life science products and services around the globe.  VISION We strive to be a GREAT COMPANY. We provide world-class products and services for our Customers, safe and rewarding work for our people, and superior returns f","New Leader, Old Portfolio","Matched filter for multi-brand medtech/diagnostics companies at $250M-$3B scale proxy (11008 employees, industry='Medical Equipment Manufacturing'). Segment additionally requires 3+ distinct product brands into overlapping call points AND a leadership role change 30-75 days ago — neither the brand-count nor the recent-hire trigger is verified by this firmographic pull; both must be checked per company (LinkedIn role-change date, brand portfolio) before outreach."
zoll.com,ZOLL Medical Corporation,-,http://www.zoll.com,6271,5001-10000,-,Privately Held,Medical Equipment Manufacturing,Chelmsford,Massachusetts,United States,"At ZOLL®, we’re passionate about improving patient outcomes and helping save lives.  ZOLL provides innovative technologies that make a meaningful difference in people's lives. Our medical devices, software, and related services are used worldwide to diagnose and treat patients suffering from serious cardiopulmonary and respiratory conditions.  Founded in 1980, ZOLL is named after Dr. Paul Zoll, whose pioneering work in cardiology and resuscitation earned him the nickname “The Father of Modern Ca","New Leader, Old Portfolio","Matched filter for multi-brand medtech/diagnostics companies at $250M-$3B scale proxy (6271 employees, industry='Medical Equipment Manufacturing'). Segment additionally requires 3+ distinct product brands into overlapping call points AND a leadership role change 30-75 days ago — neither the brand-count nor the recent-hire trigger is verified by this firmographic pull; both must be checked per company (LinkedIn role-change date, brand portfolio) before outreach."
sjm.com,St. Jude Medical,-,http://www.sjm.com,5896,10001+,1976,Public Company,Medical Equipment Manufacturing,Oakdale,Minnesota,United States,"St. Jude Medical is now Abbott. We are a global medical device manufacturer dedicated to transforming the treatment of some of the world’s most expensive epidemic diseases. We do this by developing cost-effective medical technologies that save and improve lives.   St. Jude Medical provides safe and effective technologies that are of the highest quality—and that quality is something we take very seriously because we know patients around the world rely on our technologies. Our approximately 18,0","New Leader, Old Portfolio","Matched filter for multi-brand medtech/diagnostics companies at $250M-$3B scale proxy (5896 employees, industry='Medical Equipment Manufacturing'). Segment additionally requires 3+ distinct product brands into overlapping call points AND a leadership role change 30-75 days ago — neither the brand-count nor the recent-hire trigger is verified by this firmographic pull; both must be checked per company (LinkedIn role-change date, brand portfolio) before outreach."
carestream.com,Carestream,-,http://www.carestream.com,3908,1001-5000,2007,Privately Held,Medical Equipment Manufacturing,Rochester,New York,United States,"Carestream's products make a difference every day.  Carestream Health is a worldwide imaging company. We provide digital X-ray products and X-ray film for the medical and non-destructive testing market worldwide. We also provide product, technical, and service support, including remote equipment and software management services. In addition, we own over 1,000 patents in digital imaging, film, and imaging chemistry.   Originally part of Eastman Kodak, Carestream was founded in 2007. Today, our la","New Leader, Old Portfolio","Matched filter for multi-brand medtech/diagnostics companies at $250M-$3B scale proxy (3908 employees, industry='Medical Equipment Manufacturing'). Segment additionally requires 3+ distinct product brands into overlapping call points AND a leadership role change 30-75 days ago — neither the brand-count nor the recent-hire trigger is verified by this firmographic pull; both must be checked per company (LinkedIn role-change date, brand portfolio) before outreach."
insulet.com,Insulet Corporation,-,http://www.insulet.com/,5295,1001-5000,-,Public Company,Medical Equipment Manufacturing,Acton,Massachusetts,United States,"Insulet Corporation (NASDAQ: PODD), headquartered in Massachusetts, is an innovative medical device company dedicated to simplifying life for people with diabetes and other conditions through its Omnipod product platform. The Omnipod Insulin Management System provides a unique alternative to traditional insulin delivery methods. With its simple, wearable design, the tubeless disposable Pod provides up to three days of non-stop insulin delivery, without the need to see or handle a needle. Insulet","New Leader, Old Portfolio","Matched filter for multi-brand medtech/diagnostics companies at $250M-$3B scale proxy (5295 employees, industry='Medical Equipment Manufacturing'). Segment additionally requires 3+ distinct product brands into overlapping call points AND a leadership role change 30-75 days ago — neither the brand-count nor the recent-hire trigger is verified by this firmographic pull; both must be checked per company (LinkedIn role-change date, brand portfolio) before outreach."
masimo.com,Masimo,-,https://www.masimo.com/,3664,1001-5000,1989,Public Company,Medical Equipment Manufacturing,Irvine,California,United States,"Masimo (NASDAQ: MASI) is a global medical technology company that develops and produces a wide array of industry-leading monitoring technologies, including innovative measurements, sensors, patient monitors, and automation and connectivity solutions. Our mission is to improve life, improve patient outcomes, reduce the cost of care, and take noninvasive monitoring to new sites and applications. Masimo SET® Measure-through Motion and Low Perfusion™ pulse oximetry, introduced in 1995, has been show","New Leader, Old Portfolio","Matched filter for multi-brand medtech/diagnostics companies at $250M-$3B scale proxy (3664 employees, industry='Medical Equipment Manufacturing'). Segment additionally requires 3+ distinct product brands into overlapping call points AND a leadership role change 30-75 days ago — neither the brand-count nor the recent-hire trigger is verified by this firmographic pull; both must be checked per company (LinkedIn role-change date, brand portfolio) before outreach."
icumed.com,ICU Medical,-,http://www.icumed.com,9124,5001-10000,-,Public Company,Medical Equipment Manufacturing,San Clemente,California,United States,"ICU Medical connects patients and caregivers through safe, life-saving, life-enhancing IV therapy systems, software, solutions, and consumables.  Since IV therapy is our only business, meeting your IV needs with quality products and consistent supply is our only concern. We are 100% focused on bringing you intuitive, patient-centric IV products and services that provide meaningful clinical differentiation, consistent innovation, and superior value. We design our products to work within your exis","New Leader, Old Portfolio","Matched filter for multi-brand medtech/diagnostics companies at $250M-$3B scale proxy (9124 employees, industry='Medical Equipment Manufacturing'). Segment additionally requires 3+ distinct product brands into overlapping call points AND a leadership role change 30-75 days ago — neither the brand-count nor the recent-hire trigger is verified by this firmographic pull; both must be checked per company (LinkedIn role-change date, brand portfolio) before outreach."
integralife.com,Integra LifeSciences,-,http://www.integralife.com,3856,1001-5000,-,Public Company,Medical Equipment Manufacturing,Princeton,New Jersey,United States,"Integra LifeSciences is a global medical technology leader dedicated to restoring lives. Headquartered in Princeton, New Jersey, we are advancing transformational care through impactful innovation in neurosurgery and tissue reconstruction, specialized fields that demand exceptional expertise and precision. Our portfolio of highly differentiated gold-standard products and solutions is built on decades of clinical evidence and trusted by healthcare professionals to improve patient outcomes.  For t","New Leader, Old Portfolio","Matched filter for multi-brand medtech/diagnostics companies at $250M-$3B scale proxy (3856 employees, industry='Medical Equipment Manufacturing'). Segment additionally requires 3+ distinct product brands into overlapping call points AND a leadership role change 30-75 days ago — neither the brand-count nor the recent-hire trigger is verified by this firmographic pull; both must be checked per company (LinkedIn role-change date, brand portfolio) before outreach."
shockwavemedical.com,Shockwave Medical,-,http://shockwavemedical.com,1540,1001-5000,-,Public Company,Medical Equipment Manufacturing,Santa Clara,California,United States,"Shockwave Medical is revolutionizing the interventional treatment of advanced cardiovascular disease by developing technology that targets calcified plaque. Inspired by 30-years of safety and efficacy in kidney stone treatment, our Intravascular Lithotripsy family of catheters delivers localized lithotripsy at the site of cardiovascular calcium that enables gentle balloon dilatation of calcified, stenotic arteries.   IVL catheters use sonic pressure waves to preferentially impact hard tissue, di","New Leader, Old Portfolio","Matched filter for multi-brand medtech/diagnostics companies at $250M-$3B scale proxy (1540 employees, industry='Medical Equipment Manufacturing'). Segment additionally requires 3+ distinct product brands into overlapping call points AND a leadership role change 30-75 days ago — neither the brand-count nor the recent-hire trigger is verified by this firmographic pull; both must be checked per company (LinkedIn role-change date, brand portfolio) before outreach."
terumobct.com,Terumo Blood and Cell Technologies,-,http://www.terumobct.com,3739,5001-10000,1964,Public Company,Medical Equipment Manufacturing,Lakewood,Colorado,United States,"Headquartered in Lakewood, Colorado, Terumo Blood and Cell Technologies is a global leader in blood component, therapeutic apheresis and cellular technologies serving customers in more than 160 countries. As the only company with the unique combination of apheresis collections, manual and automated whole blood processing and pathogen reduction, we believe in the potential of blood to do even more for patients than it does today. This belief unites our organization, inspires our innovation and st","New Leader, Old Portfolio","Matched filter for multi-brand medtech/diagnostics companies at $250M-$3B scale proxy (3739 employees, industry='Medical Equipment Manufacturing'). Segment additionally requires 3+ distinct product brands into overlapping call points AND a leadership role change 30-75 days ago — neither the brand-count nor the recent-hire trigger is verified by this firmographic pull; both must be checked per company (LinkedIn role-change date, brand portfolio) before outreach."
globusmedical.com,Globus Medical,-,http://www.globusmedical.com,3451,1001-5000,-,Public Company,Medical Equipment Manufacturing,Norristown,Pennsylvania,United States,"Globus Medical, Inc. is a leading musculoskeletal solutions company and is driving significant technological advancements across a complete suite of products. Founded in 2003, Globus’ single-minded focus on advancing surgery has made it the fastest growing company in the history of orthopedics. Globus is driven to utilize superior engineering and technology to achieve pain free, active lives for all patients.  Additional information can be accessed at www.globusmedical.com.  IMPORTANT NOTICE TO ","New Leader, Old Portfolio","Matched filter for multi-brand medtech/diagnostics companies at $250M-$3B scale proxy (3451 employees, industry='Medical Equipment Manufacturing'). Segment additionally requires 3+ distinct product brands into overlapping call points AND a leadership role change 30-75 days ago — neither the brand-count nor the recent-hire trigger is verified by this firmographic pull; both must be checked per company (LinkedIn role-change date, brand portfolio) before outreach."
terumoneuro.com,Terumo Neuro,-,http://terumoneuro.com,1359,1001-5000,1997,Public Company,Medical Equipment Manufacturing,Aliso Viejo,California,United States,"We’re in business to create and deliver innovations that redefine what’s possible in neurovascular treatment, meaningfully advancing both physician practice and patient outcomes. Founded in 1997 as MicroVention and acquired by Terumo Corporation in 2006, Terumo Neuro offers more than thirty products for the treatment of cerebral aneurysms, ischemic stroke, carotid artery disease, and neurovascular malformations. Headquartered in California, Terumo Neuro products are sold in more than seventy cou","New Leader, Old Portfolio","Matched filter for multi-brand medtech/diagnostics companies at $250M-$3B scale proxy (1359 employees, industry='Medical Equipment Manufacturing'). Segment additionally requires 3+ distinct product brands into overlapping call points AND a leadership role change 30-75 days ago — neither the brand-count nor the recent-hire trigger is verified by this firmographic pull; both must be checked per company (LinkedIn role-change date, brand portfolio) before outreach."
glidewelldental.com,Glidewell Dental,-,http://www.glidewelldental.com,2230,1001-5000,1970,Privately Held,Medical Equipment Manufacturing,Irvine,California,United States,"Glidewell is America’s largest digital dental lab, pioneering industry-first innovations that expand what’s possible in restorative dentistry. Our mission is to empower dental professionals with comprehensive, convenient, cost-effective clinical solutions, by combining open digital workflows, AI-powered manufacturing, and vertically integrated operations.  We meet dentists where they are on their digital journey, offering flexible solutions that fit any practice—accepting all scanners, digitizin","New Leader, Old Portfolio","Matched filter for multi-brand medtech/diagnostics companies at $250M-$3B scale proxy (2230 employees, industry='Medical Equipment Manufacturing'). Segment additionally requires 3+ distinct product brands into overlapping call points AND a leadership role change 30-75 days ago — neither the brand-count nor the recent-hire trigger is verified by this firmographic pull; both must be checked per company (LinkedIn role-change date, brand portfolio) before outreach."
accuray.com,Accuray,-,https://www.accuray.com,1062,501-1000,-,Public Company,Medical Equipment Manufacturing,Madison,Wisconsin,United States,We work passionately to expand the curative power of radiation therapy to improve as many lives as possible. #AccurayExpandRT #CyberKnife #Radixact #TomoTherapy #AccurayExchange,"New Leader, Old Portfolio","Matched filter for multi-brand medtech/diagnostics companies at $250M-$3B scale proxy (1062 employees, industry='Medical Equipment Manufacturing'). Segment additionally requires 3+ distinct product brands into overlapping call points AND a leadership role change 30-75 days ago — neither the brand-count nor the recent-hire trigger is verified by this firmographic pull; both must be checked per company (LinkedIn role-change date, brand portfolio) before outreach."
orthofix.com,Orthofix,-,http://www.orthofix.com,2063,1001-5000,-,Public Company,Medical Equipment Manufacturing,The Colony,Texas,United States,"Orthofix is a global medical technology company headquartered in Lewisville, Texas. By providing medical technologies that heal musculoskeletal pathologies, we deliver exceptional experiences and life-changing solutions to patients around the world. Orthofix offers a comprehensive portfolio of spinal hardware, bone growth therapies, specialized limb reconstruction solutions, biologics and enabling technologies, including the 7D FLASH™ navigation system.  𝗢𝘂𝗿 𝗩𝗶𝘀𝗶𝗼𝗻: To be the unrivaled partner i","New Leader, Old Portfolio","Matched filter for multi-brand medtech/diagnostics companies at $250M-$3B scale proxy (2063 employees, industry='Medical Equipment Manufacturing'). Segment additionally requires 3+ distinct product brands into overlapping call points AND a leadership role change 30-75 days ago — neither the brand-count nor the recent-hire trigger is verified by this firmographic pull; both must be checked per company (LinkedIn role-change date, brand portfolio) before outreach."
appliedmedical.com,Applied Medical,-,http://www.appliedmedical.com,3987,5001-10000,1987,Privately Held,Medical Equipment Manufacturing,Rancho Santa Margarita,California,United States,"As a new generation medical device company, Applied Medical is focused on meeting three fundamental healthcare needs: enhanced clinical outcomes, cost containment and unrestricted choice. Our vertically integrated programs in design, development, manufacturing, and distribution enable us to consistently meet these objectives. As a vertically integrated company, we manufacture all of our products in-house at our corporate headquarters in Rancho Santa Margarita, California, and our European headqu","New Leader, Old Portfolio","Matched filter for multi-brand medtech/diagnostics companies at $250M-$3B scale proxy (3987 employees, industry='Medical Equipment Manufacturing'). Segment additionally requires 3+ distinct product brands into overlapping call points AND a leadership role change 30-75 days ago — neither the brand-count nor the recent-hire trigger is verified by this firmographic pull; both must be checked per company (LinkedIn role-change date, brand portfolio) before outreach."
olympusamerica.com,Olympus Corporation of the Americas,-,olympusamerica.com,4996,5001-10000,-,Public Company,Medical Equipment Manufacturing,Center Valley,Pennsylvania,United States,"At Olympus, we are committed to Our Purpose of making people’s lives healthier, safer and more fulfilling. As a global medical technology company, we partner with healthcare professionals to provide best-in-class solutions and services for early detection, diagnosis and minimally invasive treatment, aiming to improve patient outcomes by elevating the standard of care in targeted disease states.  For more than 100 years, Olympus has pursued a goal of contributing to society by producing products ","New Leader, Old Portfolio","Matched filter for multi-brand medtech/diagnostics companies at $250M-$3B scale proxy (4996 employees, industry='Medical Equipment Manufacturing'). Segment additionally requires 3+ distinct product brands into overlapping call points AND a leadership role change 30-75 days ago — neither the brand-count nor the recent-hire trigger is verified by this firmographic pull; both must be checked per company (LinkedIn role-change date, brand portfolio) before outreach."
pattersondental.com,Patterson Dental,-,https://pattersondental.com/,3352,1001-5000,1877,Public Company,Medical Equipment Manufacturing,St. Paul,Minnesota,United States,"At Patterson Dental, we are committed to partnering with dental practices of all sizes to help oral health professionals practice extraordinary dentistry. We do this by living up to our promise of Trusted Expertise, Unrivaled Support every day.  Patterson’s history of serving dental professionals dates back to our company’s founding in 1877. Since then, Patterson has grown to meet the needs of private practices and large group dental networks through more than 70 branch offices in the United Sta","New Leader, Old Portfolio","Matched filter for multi-brand medtech/diagnostics companies at $250M-$3B scale proxy (3352 employees, industry='Medical Equipment Manufacturing'). Segment additionally requires 3+ distinct product brands into overlapping call points AND a leadership role change 30-75 days ago — neither the brand-count nor the recent-hire trigger is verified by this firmographic pull; both must be checked per company (LinkedIn role-change date, brand portfolio) before outreach."
hillrom.com,Hillrom,-,http://www.hillrom.com,3410,10001+,-,Public Company,Medical Equipment Manufacturing,Chicago,Illinois,United States,"Hillrom is a part of Baxter. For nearly a century, Baxter has delivered on its commitment to save and sustain the lives of patients, working alongside clinicians to help them deliver the best care possible. We believe every person — regardless of who they are or where they are from — deserves a chance to live a healthy life, free from illness and full of possibility. At the intersection of progress and purpose is where we are redefining what it means to be a global medtech leader. It is where we","New Leader, Old Portfolio","Matched filter for multi-brand medtech/diagnostics companies at $250M-$3B scale proxy (3410 employees, industry='Medical Equipment Manufacturing'). Segment additionally requires 3+ distinct product brands into overlapping call points AND a leadership role change 30-75 days ago — neither the brand-count nor the recent-hire trigger is verified by this firmographic pull; both must be checked per company (LinkedIn role-change date, brand portfolio) before outreach."
kerrdental.com,Kerr Dental,-,https://www.kerrdental.com,757,1001-5000,-,Public Company,Medical Equipment Manufacturing,Brea,California,United States,"Kerr is a premier dental solutions provider committed to exceptional customer experience.  Kerr’s long history of innovation began in 1891 in Detroit, Michigan and expanded to the European Market in 1893.  Market leading brands include OptiBond, SonicFill, Harmonize, Maxcem Elite, K-Files, and CaviWipes.  For more information about Kerr, visit www.kerrdental.com.    For our full social media terms and conditions, please see https://p.widencdn.net/p9jlyz/Document7.docx .","New Leader, Old Portfolio","Matched filter for multi-brand medtech/diagnostics companies at $250M-$3B scale proxy (757 employees, industry='Medical Equipment Manufacturing'). Segment additionally requires 3+ distinct product brands into overlapping call points AND a leadership role change 30-75 days ago — neither the brand-count nor the recent-hire trigger is verified by this firmographic pull; both must be checked per company (LinkedIn role-change date, brand portfolio) before outreach."
abiomed.com,Abiomed,-,http://www.abiomed.com,2216,1001-5000,1981,Public Company,Medical Equipment Manufacturing,Danvers,Massachusetts,United States,"Based in Danvers, Massachusetts, USA, Abiomed, Inc., part of Johnson & Johnson MedTech, is a leading provider of medical technology that provides circulatory support and oxygenation. Our products are designed to enable the heart to rest and recover by improving blood flow and/or provide sufficient oxygenation to those in respiratory failure. For additional information, please visit www.abiomed.com.  Important Safety Info: https://bit.ly/39kvb47","New Leader, Old Portfolio","Matched filter for multi-brand medtech/diagnostics companies at $250M-$3B scale proxy (2216 employees, industry='Medical Equipment Manufacturing'). Segment additionally requires 3+ distinct product brands into overlapping call points AND a leadership role change 30-75 days ago — neither the brand-count nor the recent-hire trigger is verified by this firmographic pull; both must be checked per company (LinkedIn role-change date, brand portfolio) before outreach."
coopersurgical.com,CooperSurgical,-,http://www.CooperSurgical.com,1842,1001-5000,1990,Public Company,Medical Equipment Manufacturing,Trumbull,Connecticut,United States,"CooperSurgical is driven to advance the care of women, babies, and families around the world. We believe in empowering individuals and healthcare professionals in making health and life choices. We are trusted by clinicians worldwide for products, technologies, and services that support a wide range of reproductive solutions, from contraception to fertility and preventative and therapeutic gynecological care.","New Leader, Old Portfolio","Matched filter for multi-brand medtech/diagnostics companies at $250M-$3B scale proxy (1842 employees, industry='Medical Equipment Manufacturing'). Segment additionally requires 3+ distinct product brands into overlapping call points AND a leadership role change 30-75 days ago — neither the brand-count nor the recent-hire trigger is verified by this firmographic pull; both must be checked per company (LinkedIn role-change date, brand portfolio) before outreach."
tandemdiabetes.com,Tandem Diabetes Care,-,http://www.tandemdiabetes.com,2195,1001-5000,-,Public Company,Medical Equipment Manufacturing,San Diego,California,United States,"Tandem Diabetes Care, a global insulin delivery and diabetes technology company, manufactures and sells advanced automated insulin delivery systems that reduce the burden of diabetes management, while creating new possibilities for patients, their loved ones, and healthcare providers. The Company’s pump portfolio features the Tandem Mobi system and t:slim X2 insulin pump, both of which feature Control-IQ advanced hybrid closed-loop technology.  Tandem is the #1 recommended insulin pump brand by ","New Leader, Old Portfolio","Matched filter for multi-brand medtech/diagnostics companies at $250M-$3B scale proxy (2195 employees, industry='Medical Equipment Manufacturing'). Segment additionally requires 3+ distinct product brands into overlapping call points AND a leadership role change 30-75 days ago — neither the brand-count nor the recent-hire trigger is verified by this firmographic pull; both must be checked per company (LinkedIn role-change date, brand portfolio) before outreach."
starkey.com,Starkey Hearing,-,http://www.starkey.com,2521,5001-10000,1967,Privately Held,Medical Equipment Manufacturing,Eden Prairie,Minnesota,United States,"Starkey is a privately held, global hearing technology company headquartered in Eden Prairie, Minnesota, USA. We are recognized for our innovative design, development and distribution of comprehensive digital hearing systems. We develop products using an evidence-based design approach, meaning that rigorous testing takes place to prove the benefits of a new technology or algorithm before a hearing aid is ever fit on a patient. Every Starkey employee is committed to helping people on their journe","New Leader, Old Portfolio","Matched filter for multi-brand medtech/diagnostics companies at $250M-$3B scale proxy (2521 employees, industry='Medical Equipment Manufacturing'). Segment additionally requires 3+ distinct product brands into overlapping call points AND a leadership role change 30-75 days ago — neither the brand-count nor the recent-hire trigger is verified by this firmographic pull; both must be checked per company (LinkedIn role-change date, brand portfolio) before outreach."
biosensewebster.com,Biosense Webster,-,http://www.biosensewebster.com,3075,1001-5000,-,Public Company,Medical Equipment Manufacturing,Irvine,California,United States,"Biosense Webster, Inc., part of Johnson and Johnson Medtech, is the global leader in the science, diagnosis and treatment of heart rhythm disorders. We partner with clinicians to develop innovative technologies that improve the quality of care for arrhythmia patients worldwide. More information can be found at https://bit.ly/47DdIPR.","New Leader, Old Portfolio","Matched filter for multi-brand medtech/diagnostics companies at $250M-$3B scale proxy (3075 employees, industry='Medical Equipment Manufacturing'). Segment additionally requires 3+ distinct product brands into overlapping call points AND a leadership role change 30-75 days ago — neither the brand-count nor the recent-hire trigger is verified by this firmographic pull; both must be checked per company (LinkedIn role-change date, brand portfolio) before outreach."
merit.com,"Merit Medical Systems, Inc.",-,https://www.merit.com/careers,3493,5001-10000,1987,Public Company,Medical Equipment Manufacturing,South Jordan,Utah,United States,"As a global healthcare company, we understand customer needs and innovate and deliver medical solutions that transform patient care.   Founded in 1987, Merit Medical Systems, Inc. is engaged in the development, manufacture, and distribution of proprietary disposable medical devices used in interventional, diagnostic, and therapeutic procedures, particularly in cardiology, radiology, oncology, critical care, and endoscopy.   Merit serves client hospitals worldwide with a domestic and internationa","New Leader, Old Portfolio","Matched filter for multi-brand medtech/diagnostics companies at $250M-$3B scale proxy (3493 employees, industry='Medical Equipment Manufacturing'). Segment additionally requires 3+ distinct product brands into overlapping call points AND a leadership role change 30-75 days ago — neither the brand-count nor the recent-hire trigger is verified by this firmographic pull; both must be checked per company (LinkedIn role-change date, brand portfolio) before outreach."
nevro.com,Nevro,-,https://www.nevro.com,908,1001-5000,2006,Public Company,Medical Equipment Manufacturing,Redwood City,California,United States,"Nevro is a global medical device company focused on delivering innovation to improve the quality of life for patients suffering from debilitating chronic pain.   Through Nevro's pain management solutions, Nevro | HFX and Nevro | SI Joint, Nevro brings together enduring technologies, optimized therapies, and individualized patient support, all built on a foundation of proof that results in a comprehensive solution to relieve the burden of pain for more patients.  HFX is a comprehensive solution t","New Leader, Old Portfolio","Matched filter for multi-brand medtech/diagnostics companies at $250M-$3B scale proxy (908 employees, industry='Medical Equipment Manufacturing'). Segment additionally requires 3+ distinct product brands into overlapping call points AND a leadership role change 30-75 days ago — neither the brand-count nor the recent-hire trigger is verified by this firmographic pull; both must be checked per company (LinkedIn role-change date, brand portfolio) before outreach."
fujifilm.com,FUJIFILM Healthcare Americas Corporation,-,https://healthcaresolutions-us.fujifilm.com,1710,501-1000,-,Privately Held,Medical Equipment Manufacturing,Lexington,Massachusetts,United States,"FUJIFILM Healthcare Americas Corporation is a comprehensive healthcare company that has an extensive range of technology and expertise in the detection, diagnosis, and treatment of diseases. Fujifilm’s innovative portfolio includes solutions spanning diagnostic imaging, enterprise imaging, endoscopic imaging, surgical imaging, and in-vitro diagnostics. The company is headquartered in Lexington, Massachusetts. For more information, please visit healthcaresolutions-us.fujifilm.com.","New Leader, Old Portfolio","Matched filter for multi-brand medtech/diagnostics companies at $250M-$3B scale proxy (1710 employees, industry='Medical Equipment Manufacturing'). Segment additionally requires 3+ distinct product brands into overlapping call points AND a leadership role change 30-75 days ago — neither the brand-count nor the recent-hire trigger is verified by this firmographic pull; both must be checked per company (LinkedIn role-change date, brand portfolio) before outreach."
penumbrainc.com,"Penumbra, Inc.",-,http://www.penumbrainc.com,3121,1001-5000,2004,Public Company,Medical Equipment Manufacturing,Alameda,California,United States,"Penumbra, Inc., headquartered in Alameda, California, is a global healthcare company focused on innovative therapies.  Penumbra designs, develops, manufactures and markets novel products and has a broad portfolio that addresses challenging medical conditions in markets with significant unmet need.  Penumbra sells its products to hospitals and healthcare providers primarily through its direct sales organization in the United States, most of Europe, Canada and Australia, and through distributors i","New Leader, Old Portfolio","Matched filter for multi-brand medtech/diagnostics companies at $250M-$3B scale proxy (3121 employees, industry='Medical Equipment Manufacturing'). Segment additionally requires 3+ distinct product brands into overlapping call points AND a leadership role change 30-75 days ago — neither the brand-count nor the recent-hire trigger is verified by this firmographic pull; both must be checked per company (LinkedIn role-change date, brand portfolio) before outreach."
atecspine.com,ATEC Spine,-,http://www.atecspine.com,1062,501-1000,-,Public Company,Medical Equipment Manufacturing,Carlsbad,California,United States,"ATEC Spine is a medical device company dedicated to revolutionizing the approach to spine surgery through innovation. ATEC’s Organic Innovation Machine™ is the greatest concentration of spine know-how in the industry and committed to the creation of clinical distinction. Leveraging 100% spine focus and expertise, we seek to improve spine surgery by rethinking, redesigning and seamlessly integrating the technologies required from the ground up. The innovation that results from that process is bei","New Leader, Old Portfolio","Matched filter for multi-brand medtech/diagnostics companies at $250M-$3B scale proxy (1062 employees, industry='Medical Equipment Manufacturing'). Segment additionally requires 3+ distinct product brands into overlapping call points AND a leadership role change 30-75 days ago — neither the brand-count nor the recent-hire trigger is verified by this firmographic pull; both must be checked per company (LinkedIn role-change date, brand portfolio) before outreach."
asp.com,Advanced Sterilization Products,-,http://www.asp.com,1524,1001-5000,-,Privately Held,Medical Equipment Manufacturing,Irvine,California,United States,"In healthcare, nothing is more important than protecting patients. So it’s vital to ensure the safety of the care environment – especially the medical devices and equipment that come into contact with vulnerable patients.  ASP is a global leader in infection prevention solutions for healthcare. With advanced products, technologies, and workflows for medical sterilization and disinfection, ASP is dedicated to defending the lives of patients, families, healthcare workers, providers, and communitie","New Leader, Old Portfolio","Matched filter for multi-brand medtech/diagnostics companies at $250M-$3B scale proxy (1524 employees, industry='Medical Equipment Manufacturing'). Segment additionally requires 3+ distinct product brands into overlapping call points AND a leadership role change 30-75 days ago — neither the brand-count nor the recent-hire trigger is verified by this firmographic pull; both must be checked per company (LinkedIn role-change date, brand portfolio) before outreach."
procept-biorobotics.com,PROCEPT BioRobotics,-,http://www.PROCEPT-BioRobotics.com/,872,501-1000,2009,Public Company,Medical Equipment Manufacturing,San Jose,California,United States,"PROCEPT BioRobotics is a surgical robotics company focused on advancing patient care by developing transformative solutions in urology. PROCEPT BioRobotics manufactures the AQUABEAM® and HYDROS™ Robotic Systems. The HYDROS Robotic System is the only AI-Powered, robotic technology that delivers Aquablation therapy. PROCEPT BioRobotics designed Aquablation therapy to deliver effective, safe, and durable outcomes for males suffering from lower urinary tract symptoms or LUTS, due to BPH that are ind","New Leader, Old Portfolio","Matched filter for multi-brand medtech/diagnostics companies at $250M-$3B scale proxy (872 employees, industry='Medical Equipment Manufacturing'). Segment additionally requires 3+ distinct product brands into overlapping call points AND a leadership role change 30-75 days ago — neither the brand-count nor the recent-hire trigger is verified by this firmographic pull; both must be checked per company (LinkedIn role-change date, brand portfolio) before outreach."
cordis.com,Cordis,-,https://www.cordis.com/en_us.html,3038,1001-5000,-,Privately Held,Medical Equipment Manufacturing,Hialeah,Florida,United States,"From the first guidewire to the first drug eluting stent, for over 60 years Cordis has remained at the heart of cardiovascular innovation.  Cordis is again at the forefront of transformation in the cardiovascular space, leveraging internal development, partnership with the CordisX innovation incubator and targeted acquisitions of industry-disrupting technology.  These innovations, brought to market with the strength of Cordis’ global footprint and operations, seek to transform the interventional","New Leader, Old Portfolio","Matched filter for multi-brand medtech/diagnostics companies at $250M-$3B scale proxy (3038 employees, industry='Medical Equipment Manufacturing'). Segment additionally requires 3+ distinct product brands into overlapping call points AND a leadership role change 30-75 days ago — neither the brand-count nor the recent-hire trigger is verified by this firmographic pull; both must be checked per company (LinkedIn role-change date, brand portfolio) before outreach."
sysmex.com,"Sysmex America, Inc.",-,http://www.sysmex.com/us/,1362,1001-5000,-,Privately Held,Medical Equipment Manufacturing,Lincolnshire,Illinois,United States,"Sysmex America, Inc. distributes and supports automated in vitro diagnostic hematology, flow cytometry, technology solutions, coagulation and urinalysis analyzers, reagents and information systems for laboratories and healthcare facilities in the Americas. We are headquartered in Lincolnshire, Illinois; with further facilities in Buffalo Grove, Vernon Hills and Mundelein. Questions? Comments? Reach out to socialmedia@sysmex.com","New Leader, Old Portfolio","Matched filter for multi-brand medtech/diagnostics companies at $250M-$3B scale proxy (1362 employees, industry='Medical Equipment Manufacturing'). Segment additionally requires 3+ distinct product brands into overlapping call points AND a leadership role change 30-75 days ago — neither the brand-count nor the recent-hire trigger is verified by this firmographic pull; both must be checked per company (LinkedIn role-change date, brand portfolio) before outreach."
viantmedical.com,Viant Medical,-,http://viantmedical.com,2921,5001-10000,-,Privately Held,Medical Equipment Manufacturing,Foxborough,Massachusetts,United States,"Please stay safe online. Viant does not send unsolicited interview offers to candidates that have not directly applied for an open position.  Additionally, Viant will not ask potential candidates or new hires to make payments or purchases nor send payments of any kind in advance of employment commencing.  Viant is a global design and manufacturing services provider for the medtech industry, specializing in surgical technologies, orthopedics, cardiac & interventional, bioelectronics, bioprocessin","New Leader, Old Portfolio","Matched filter for multi-brand medtech/diagnostics companies at $250M-$3B scale proxy (2921 employees, industry='Medical Equipment Manufacturing'). Segment additionally requires 3+ distinct product brands into overlapping call points AND a leadership role change 30-75 days ago — neither the brand-count nor the recent-hire trigger is verified by this firmographic pull; both must be checked per company (LinkedIn role-change date, brand portfolio) before outreach."
integer.net,Integer Holdings Corporation,-,https://www.Integer.net,3810,10001+,-,Public Company,Medical Equipment Manufacturing,Plano,Texas,United States,"Integer Holdings Corporation (NYSE: ITGR) is one of the largest medical device contract development and manufacturing organizations (CDMO) in the world, serving the cardiac rhythm management, neuromodulation, and cardio and vascular markets.   As a strategic partner of choice to medical device companies and OEMs, Integer is committed to enhancing the lives of patients worldwide by providing innovative, high-quality products and solutions. The company's brands include Greatbatch Medical®, Lake Re","New Leader, Old Portfolio","Matched filter for multi-brand medtech/diagnostics companies at $250M-$3B scale proxy (3810 employees, industry='Medical Equipment Manufacturing'). Segment additionally requires 3+ distinct product brands into overlapping call points AND a leadership role change 30-75 days ago — neither the brand-count nor the recent-hire trigger is verified by this firmographic pull; both must be checked per company (LinkedIn role-change date, brand portfolio) before outreach."
medical.canon,"Canon Medical Systems USA, Inc.",-,https://us.medical.canon/,1044,1001-5000,-,Privately Held,Medical Equipment Manufacturing,Irvine,California,United States,"Canon Medical provides a comprehensive range of medical imaging solutions, including CT, diagnostic and interventional X-ray, MRI, ultrasound, service solutions, and advanced Healthcare IT. Guided by our Made for Life philosophy, patients are at the heart of everything we do. Our mission is to equip healthcare professionals with innovative solutions that enhance clinical performance, safety, comfort, and outcomes—helping deliver better health opportunities for patients worldwide.  We invest in r","New Leader, Old Portfolio","Matched filter for multi-brand medtech/diagnostics companies at $250M-$3B scale proxy (1044 employees, industry='Medical Equipment Manufacturing'). Segment additionally requires 3+ distinct product brands into overlapping call points AND a leadership role change 30-75 days ago — neither the brand-count nor the recent-hire trigger is verified by this firmographic pull; both must be checked per company (LinkedIn role-change date, brand portfolio) before outreach."
carefusion.com,CareFusion,-,http://www.carefusion.com/,2599,10001+,2009,Public Company,Medical Equipment Manufacturing,San Diego,California,United States,"CareFusion, a BD company, is a global corporation serving the health care industry with products and services that help improve the cost and safety of health care for generations to come.   The company develops market-leading technologies including Alaris® infusion pumps, Pyxis® automated dispensing and patient identification systems, AVEA®, AirLife™ and LTV® series ventilation and respiratory products, ChloraPrep® skin preparation products, MedMined™ services for data mining surveillance, V. ","New Leader, Old Portfolio","Matched filter for multi-brand medtech/diagnostics companies at $250M-$3B scale proxy (2599 employees, industry='Medical Equipment Manufacturing'). Segment additionally requires 3+ distinct product brands into overlapping call points AND a leadership role change 30-75 days ago — neither the brand-count nor the recent-hire trigger is verified by this firmographic pull; both must be checked per company (LinkedIn role-change date, brand portfolio) before outreach."
medtronic.com,Covidien (Medtronic Minimally Invasive Therapies Group),-,http://www.medtronic.com,6170,10001+,2007,Public Company,Medical Equipment Manufacturing,Fridley,Minnesota,United States,"Covidien was acquired by Medtronic in 2015. For company information, please visit www.linkedin.com/company/medtronic","New Leader, Old Portfolio","Matched filter for multi-brand medtech/diagnostics companies at $250M-$3B scale proxy (6170 employees, industry='Medical Equipment Manufacturing'). Segment additionally requires 3+ distinct product brands into overlapping call points AND a leadership role change 30-75 days ago — neither the brand-count nor the recent-hire trigger is verified by this firmographic pull; both must be checked per company (LinkedIn role-change date, brand portfolio) before outreach."
linkedin.com,MicroVention-Terumo,-,http://www.linkedin.com/company/terumoneuro,1808,1001-5000,1997,Public Company,Medical Equipment Manufacturing,Aliso Viejo,California,United States,"MicroVention is now Terumo Neuro.  Please follow Terumo Neuro now at: http://www.linkedin.com/company/terumoneuro  A global leader in neurovascular innovation, MicroVention is now Terumo Neuro. This name change signifies a new chapter in the company’s evolution while maintaining its unwavering commitment to the creation and commercialization of groundbreaking innovations in neurovascular care.  Founded in 1997 as MicroVention and acquired by Terumo Corporation in 2006, Terumo Neuro offers more t","New Leader, Old Portfolio","Matched filter for multi-brand medtech/diagnostics companies at $250M-$3B scale proxy (1808 employees, industry='Medical Equipment Manufacturing'). Segment additionally requires 3+ distinct product brands into overlapping call points AND a leadership role change 30-75 days ago — neither the brand-count nor the recent-hire trigger is verified by this firmographic pull; both must be checked per company (LinkedIn role-change date, brand portfolio) before outreach."
bd.com,CR Bard,-,https://www.bd.com,2308,10001+,-,Public Company,Medical Equipment Manufacturing,New Providence,New Jersey,United States,"Bard has joined BD.  C. R. Bard, Inc. is a leading multinational developer, manufacturer, and marketer of innovative, life-enhancing medical technologies in the fields of Vascular, Urology, Oncology, and Surgical Specialties.  Bard markets its products and services worldwide to hospitals, individual health care professionals, extended care facilities, and alternate site facilities.  Bard pioneered the development of single-patient-use medical products for hospital procedures; today Bard is dedic","New Leader, Old Portfolio","Matched filter for multi-brand medtech/diagnostics companies at $250M-$3B scale proxy (2308 employees, industry='Medical Equipment Manufacturing'). Segment additionally requires 3+ distinct product brands into overlapping call points AND a leadership role change 30-75 days ago — neither the brand-count nor the recent-hire trigger is verified by this firmographic pull; both must be checked per company (LinkedIn role-change date, brand portfolio) before outreach."
karlstorz.com,KARL STORZ NorthAmerica,-,http://www.karlstorz.com,2304,1001-5000,-,Privately Held,Medical Equipment Manufacturing,El Segundo,California,United States,"KARL STORZ North America is a leader in endoscopic technology and imaging solutions across virtually all surgical specialties. It is a subsidiary of KARL STORZ SE & Co. KG, an international medical technology company that is family-owned and based in Tuttlingen, Germany. KARL STORZ stands for visionary design, precision craftsmanship, and clinical effectiveness and has a portfolio that includes more than 15,000 products for human and veterinary medicine.","New Leader, Old Portfolio","Matched filter for multi-brand medtech/diagnostics companies at $250M-$3B scale proxy (2304 employees, industry='Medical Equipment Manufacturing'). Segment additionally requires 3+ distinct product brands into overlapping call points AND a leadership role change 30-75 days ago — neither the brand-count nor the recent-hire trigger is verified by this firmographic pull; both must be checked per company (LinkedIn role-change date, brand portfolio) before outreach."
avanos.com,Avanos Medical,-,http://www.avanos.com,1430,1001-5000,-,Public Company,Medical Equipment Manufacturing,Alpharetta,Georgia,United States,"We are a medical device company focused on delivering clinically superior solutions that will help patients get back to the things that matter. Avanos develops, manufactures and markets its recognized brands globally.","New Leader, Old Portfolio","Matched filter for multi-brand medtech/diagnostics companies at $250M-$3B scale proxy (1430 employees, industry='Medical Equipment Manufacturing'). Segment additionally requires 3+ distinct product brands into overlapping call points AND a leadership role change 30-75 days ago — neither the brand-count nor the recent-hire trigger is verified by this firmographic pull; both must be checked per company (LinkedIn role-change date, brand portfolio) before outreach."
biomerics.com,Biomerics,-,http://www.biomerics.com,1565,1001-5000,1994,Privately Held,Medical Equipment Manufacturing,Salt Lake City,Utah,United States,"Founded in 1994, Biomerics is the leading vertically integrated medical device contract manufacturer serving the interventional device market. Trusted as a vertically integrated partner with extensive engineering expertise and solutions, Biomerics supplies 20 of the top 30 medical device OEMs globally. Biomerics provides engineering design and development services, technology transfer manufacturing services and contract manufacturing services — including sterilization and packaging — for medical","New Leader, Old Portfolio","Matched filter for multi-brand medtech/diagnostics companies at $250M-$3B scale proxy (1565 employees, industry='Medical Equipment Manufacturing'). Segment additionally requires 3+ distinct product brands into overlapping call points AND a leadership role change 30-75 days ago — neither the brand-count nor the recent-hire trigger is verified by this firmographic pull; both must be checked per company (LinkedIn role-change date, brand portfolio) before outreach."
carestreamdental.com,Carestream Dental,-,http://www.carestreamdental.com,1192,1001-5000,-,Privately Held,Medical Equipment Manufacturing,Atlanta,Georgia,United States,"Carestream Dental is a digital solutions leader built on more than 125 years of experience that’s committed to transforming dentistry, simplifying technology and changing lives. In this pursuit, it offers three brand portfolios that enable practice optimization, efficiency and growth: Carestream Dental includes world-class oral healthcare devices; Swissmeda offers market-leading clinical software and services; and Sensei includes best-in-class practice management software and services. These sol","New Leader, Old Portfolio","Matched filter for multi-brand medtech/diagnostics companies at $250M-$3B scale proxy (1192 employees, industry='Medical Equipment Manufacturing'). Segment additionally requires 3+ distinct product brands into overlapping call points AND a leadership role change 30-75 days ago — neither the brand-count nor the recent-hire trigger is verified by this firmographic pull; both must be checked per company (LinkedIn role-change date, brand portfolio) before outreach."
vbspineco.com,VB Spine,-,https://www.vbspineco.com,796,1001-5000,2025,-,Medical Equipment Manufacturing,Leesburg,Virginia,United States,"VB Spine, LLC is the largest privately held spine company and among the largest family-owned medical technology companies in the world. Our globally recognized identity as innovators and stewards of the spine industry reflects our commitment to patient outcomes first. With a comprehensive product portfolio and a large and growing global distribution network, VB Spine delivers specialized solutions that address critical needs in spine surgery and enhance patient outcomes. VB Spine is a strategic ","New Leader, Old Portfolio","Matched filter for multi-brand medtech/diagnostics companies at $250M-$3B scale proxy (796 employees, industry='Medical Equipment Manufacturing'). Segment additionally requires 3+ distinct product brands into overlapping call points AND a leadership role change 30-75 days ago — neither the brand-count nor the recent-hire trigger is verified by this firmographic pull; both must be checked per company (LinkedIn role-change date, brand portfolio) before outreach."
hollister.com,Hollister Incorporated,-,http://www.hollister.com,3755,1001-5000,1921,Privately Held,Medical Equipment Manufacturing,Libertyville,Illinois,United States,"Hollister Incorporated is an independent, employee-owned company that develops, manufactures, and markets healthcare products and services worldwide. Our Mission is to make life more rewarding and dignified for people who use our products and services. Throughout the company, there is the recognition that Hollister is unique, not only as an independent, employee-owned company but also in its Mission and its commitment to The Immutable Principles on which the company was founded.   Through a shar","New Leader, Old Portfolio","Matched filter for multi-brand medtech/diagnostics companies at $250M-$3B scale proxy (3755 employees, industry='Medical Equipment Manufacturing'). Segment additionally requires 3+ distinct product brands into overlapping call points AND a leadership role change 30-75 days ago — neither the brand-count nor the recent-hire trigger is verified by this firmographic pull; both must be checked per company (LinkedIn role-change date, brand portfolio) before outreach."
wright.com,Wright Medical,-,http://www.wright.com,856,1001-5000,-,Public Company,Medical Equipment Manufacturing,Memphis,Tennessee,United States,"Wright Medical Group N.V. is a global medical device company focused on providing extremity and biologic solutions that enable clinicians to alleviate pain and restore their patients’ lifestyles. The company is a recognized leader of surgical solutions for the upper extremity (shoulder, elbow, wrist and hand), lower extremity (foot and ankle) and biologics markets, three of the fastest growing segments in orthopaedics. For more information about Wright, visit www.wright.com.  Wright Medical Grou","New Leader, Old Portfolio","Matched filter for multi-brand medtech/diagnostics companies at $250M-$3B scale proxy (856 employees, industry='Medical Equipment Manufacturing'). Segment additionally requires 3+ distinct product brands into overlapping call points AND a leadership role change 30-75 days ago — neither the brand-count nor the recent-hire trigger is verified by this firmographic pull; both must be checked per company (LinkedIn role-change date, brand portfolio) before outreach."
zimmerbiomet.com,Biomet,-,http://www.zimmerbiomet.com,2052,10001+,-,Privately Held,Medical Equipment Manufacturing,Warsaw,Indiana,United States,"Biomet, Inc. was acquired by Zimmer in June 2015. The new company is called Zimmer Biomet.  Please follow the new company on LinkedIn, Zimmer Biomet.","New Leader, Old Portfolio","Matched filter for multi-brand medtech/diagnostics companies at $250M-$3B scale proxy (2052 employees, industry='Medical Equipment Manufacturing'). Segment additionally requires 3+ distinct product brands into overlapping call points AND a leadership role change 30-75 days ago — neither the brand-count nor the recent-hire trigger is verified by this firmographic pull; both must be checked per company (LinkedIn role-change date, brand portfolio) before outreach."
jabil.com,Jabil Healthcare,-,https://www.jabil.com/industries/healthcare.html,4021,10001+,1966,Public Company,Medical Equipment Manufacturing,St. Petersburg,Florida,United States,This page is no longer active. Please follow Jabil for healthcare news and updates.,"New Leader, Old Portfolio","Matched filter for multi-brand medtech/diagnostics companies at $250M-$3B scale proxy (4021 employees, industry='Medical Equipment Manufacturing'). Segment additionally requires 3+ distinct product brands into overlapping call points AND a leadership role change 30-75 days ago — neither the brand-count nor the recent-hire trigger is verified by this firmographic pull; both must be checked per company (LinkedIn role-change date, brand portfolio) before outreach."
minimed.com,MiniMed,-,https://www.minimed.com/,1510,5001-10000,-,Public Company,Medical Equipment Manufacturing,Los Angeles,California,United States,"MiniMed is a full-stack insulin delivery company built around one belief: that technology should lift the burden of diabetes. So that every day is a better day. Days when diabetes fades into the background and life takes the lead. Joyful, messy, fully lived days — when things feel lighter, easier, more possible. Those are the days we’re here to make real.   Connect with us! Facebook @ www.facebook.com/MiniMed Instagram @ www.instagram.com/minimed/ X @ https://x.com/minimed TikTok @ https://www.t","New Leader, Old Portfolio","Matched filter for multi-brand medtech/diagnostics companies at $250M-$3B scale proxy (1510 employees, industry='Medical Equipment Manufacturing'). Segment additionally requires 3+ distinct product brands into overlapping call points AND a leadership role change 30-75 days ago — neither the brand-count nor the recent-hire trigger is verified by this firmographic pull; both must be checked per company (LinkedIn role-change date, brand portfolio) before outreach."
advancedbionics.com,Advanced Bionics,-,http://www.advancedbionics.com,1126,501-1000,1993,Public Company,Medical Equipment Manufacturing,Valencia,California,United States,"AB is proud to be the only U.S. based manufacturer of cochlear implants and equally proud to be a part of the larger Sonova group.  At AB, success begins with a passion for hearing restoration and is driven by our global workforce of over a thousand employees. For more than 25 years, AB has removed limitations for those otherwise isolated from the world of sound. Always focused on bringing meaningful change through innovative technology, AB has set the standard for performance, lifestyle support","New Leader, Old Portfolio","Matched filter for multi-brand medtech/diagnostics companies at $250M-$3B scale proxy (1126 employees, industry='Medical Equipment Manufacturing'). Segment additionally requires 3+ distinct product brands into overlapping call points AND a leadership role change 30-75 days ago — neither the brand-count nor the recent-hire trigger is verified by this firmographic pull; both must be checked per company (LinkedIn role-change date, brand portfolio) before outreach."
phillipsmedisize.com,Phillips Medisize,-,https://www.phillipsmedisize.com/,2893,5001-10000,-,Privately Held,Medical Equipment Manufacturing,Hudson,Wisconsin,United States,"As a contract development and manufacturing organization (CDMO), the world’s leading pharmaceutical, medtech and in vitro diagnostic companies trust us to help them design and manufacture their products.  With our dedicated team of 6,000+ employees and 30 development and manufacturing sites across three continents, we put the patient at the center of all we do, knowing that every decision is critical to a healthcare provider and their patients somewhere in the world.  Phillips Medisize is an Aff","New Leader, Old Portfolio","Matched filter for multi-brand medtech/diagnostics companies at $250M-$3B scale proxy (2893 employees, industry='Medical Equipment Manufacturing'). Segment additionally requires 3+ distinct product brands into overlapping call points AND a leadership role change 30-75 days ago — neither the brand-count nor the recent-hire trigger is verified by this firmographic pull; both must be checked per company (LinkedIn role-change date, brand portfolio) before outreach."
agappe.com,Agappe Diagnostics Ltd,-,https://www.agappe.com,1247,501-1000,1994,Partnership,Medical Equipment Manufacturing,-,Georgia,United States,"Your Best Partner In Diagnostics  28 years of dedication has made us what we are today, one of the forerunners in the Indian diagnostics industry. The 2nd biggest Diagnostic Companies in India with a formidable Domestic and International presence for the entire range of Reagents and Equipment.   Our Reagent range includes Biochemistry Kits, Serology Kits, Immunoturbidimetry Kits, Specialized Kits, Coagulation Reagents, Hematology Reagents and System Reagents for Fully Automated Clinical Chemistr","New Leader, Old Portfolio","Matched filter for multi-brand medtech/diagnostics companies at $250M-$3B scale proxy (1247 employees, industry='Medical Equipment Manufacturing'). Segment additionally requires 3+ distinct product brands into overlapping call points AND a leadership role change 30-75 days ago — neither the brand-count nor the recent-hire trigger is verified by this firmographic pull; both must be checked per company (LinkedIn role-change date, brand portfolio) before outreach."
cynosurelutronic.com,"Cynosure, LLC.",-,http://www.cynosurelutronic.com,830,501-1000,1991,Privately Held,Medical Equipment Manufacturing,Westford,Massachusetts,United States,"Cynosure Lutronic is a global leader in energy-based dermatology and medical aesthetic technologies, shaping the future of skin health. With a mission to empower people to feel confident in their skin, we deliver intelligent, results-driven solutions across laser, RF, IPL, LED, and EMS platforms.  Backed by more than three decades of innovation, and over 100,000 installed systems worldwide, we combine advanced engineering, breakthrough clinical insights, and manufacturing excellence to raise the","New Leader, Old Portfolio","Matched filter for multi-brand medtech/diagnostics companies at $250M-$3B scale proxy (830 employees, industry='Medical Equipment Manufacturing'). Segment additionally requires 3+ distinct product brands into overlapping call points AND a leadership role change 30-75 days ago — neither the brand-count nor the recent-hire trigger is verified by this firmographic pull; both must be checked per company (LinkedIn role-change date, brand portfolio) before outreach."
atricure.com,"AtriCure, Inc.",-,http://www.atricure.com,1370,1001-5000,2000,Public Company,Medical Equipment Manufacturing,Mason,Ohio,United States,"AtriCure, Inc. provides innovative technologies for the treatment of Afib and related conditions. Afib affects more than 37 million people worldwide.   Electrophysiologists, cardiothoracic and thoracic surgeons around the globe use AtriCure technologies for the treatment of Afib, reduction of Afib related complications and post-operative pain management. AtriCure’s Isolator® Synergy™ Ablation System is the first medical device to receive FDA approval for the treatment of persistent Afib.   AtriC","New Leader, Old Portfolio","Matched filter for multi-brand medtech/diagnostics companies at $250M-$3B scale proxy (1370 employees, industry='Medical Equipment Manufacturing'). Segment additionally requires 3+ distinct product brands into overlapping call points AND a leadership role change 30-75 days ago — neither the brand-count nor the recent-hire trigger is verified by this firmographic pull; both must be checked per company (LinkedIn role-change date, brand portfolio) before outreach."
verathon.com,Verathon,-,http://www.verathon.com/?utm_campaign=LinkedIn,781,501-1000,1984,Public Company,Medical Equipment Manufacturing,Bothell,Washington,United States,"We believe a new perspective can change everything, and that the best health care begins with greater clarity.  For more than 40 years, Verathon has advanced patient care through innovative medical technologies that help clinicians and health care providers see clearly, act quickly, and improve outcomes. Today, we deliver innovative airway management, bronchoscopy, and urology solutions through our GlideScope®, BFlex™, and BladderScan® product portfolios.  From pioneering video laryngoscopes to ","New Leader, Old Portfolio","Matched filter for multi-brand medtech/diagnostics companies at $250M-$3B scale proxy (781 employees, industry='Medical Equipment Manufacturing'). Segment additionally requires 3+ distinct product brands into overlapping call points AND a leadership role change 30-75 days ago — neither the brand-count nor the recent-hire trigger is verified by this firmographic pull; both must be checked per company (LinkedIn role-change date, brand portfolio) before outreach."
inspiresleep.com,Inspire Medical Systems,-,http://www.inspiresleep.com,1337,1001-5000,2007,Public Company,Medical Equipment Manufacturing,St. Louis Park,Minnesota,United States,"Inspire Medical Systems, Inc. has developed the world’s first fully implanted neurostimulation device approved by the FDA for the treatment of Obstructive Sleep Apnea (OSA). The Inspire system uses well-established neurostimulation technologies and incorporates a proprietary algorithm that stimulates key airway muscles based on a patient’s unique breathing patterns. Inspire therapy is designed to reduce OSA severity and improve quality of life for patients living with this challenging condition.","New Leader, Old Portfolio","Matched filter for multi-brand medtech/diagnostics companies at $250M-$3B scale proxy (1337 employees, industry='Medical Equipment Manufacturing'). Segment additionally requires 3+ distinct product brands into overlapping call points AND a leadership role change 30-75 days ago — neither the brand-count nor the recent-hire trigger is verified by this firmographic pull; both must be checked per company (LinkedIn role-change date, brand portfolio) before outreach."
bvimedical.com,BVI Medical,-,http://www.bvimedical.com,1042,1001-5000,1932,Privately Held,Medical Equipment Manufacturing,Waltham,Massachusetts,United States,"At BVI, we are at the forefront of innovation in ophthalmic surgery, delivering cutting-edge solutions that enhance patient care and improve vision outcomes. With a global presence in over 90 countries, we tailor our eye care offerings to meet the unique needs of local markets, while contributing to the betterment of global eye health. Our commitment, promoting eye health through responsible practices.   We embrace change, constantly pushing boundaries and innovating to create meaningful impact ","New Leader, Old Portfolio","Matched filter for multi-brand medtech/diagnostics companies at $250M-$3B scale proxy (1042 employees, industry='Medical Equipment Manufacturing'). Segment additionally requires 3+ distinct product brands into overlapping call points AND a leadership role change 30-75 days ago — neither the brand-count nor the recent-hire trigger is verified by this firmographic pull; both must be checked per company (LinkedIn role-change date, brand portfolio) before outreach."
bioventus.com,Bioventus,-,http://www.Bioventus.com,1145,1001-5000,-,Public Company,Medical Equipment Manufacturing,Durham,North Carolina,United States,"Bioventus®Inc. (Nasdaq: BVS) develops Innovations for Active Healing and its mission is to make a difference by helping patients resume and enjoy active lives. The Company has products focused in three vertical markets:  pain treatment, restorative therapies and surgical solutions.  Established in 2012, Bioventus is headquartered in Durham, NC. The company has more than 1,200 employees worldwide and its international headquarters is in Hoofddorp, The Netherlands.   Bioventus also has offices in ","New Leader, Old Portfolio","Matched filter for multi-brand medtech/diagnostics companies at $250M-$3B scale proxy (1145 employees, industry='Medical Equipment Manufacturing'). Segment additionally requires 3+ distinct product brands into overlapping call points AND a leadership role change 30-75 days ago — neither the brand-count nor the recent-hire trigger is verified by this firmographic pull; both must be checked per company (LinkedIn role-change date, brand portfolio) before outreach."
heartflow.com,Heartflow,-,http://www.heartflow.com,841,501-1000,-,Public Company,Medical Equipment Manufacturing,San Francisco,California,United States,"Heartflow is the global leader in AI-driven coronary artery disease (CAD) management, transforming how CAD — the world’s leading cause of death — is diagnosed and treated. Our advanced technology generates personalized, precision 3D heart models from a single CT scan, providing clinicians with the clarity and confidence to deliver earlier, more effective treatments — transforming CAD into a disease that can be managed for life.   Heartflow One is the only complete, non-invasive, precision corona","New Leader, Old Portfolio","Matched filter for multi-brand medtech/diagnostics companies at $250M-$3B scale proxy (841 employees, industry='Medical Equipment Manufacturing'). Segment additionally requires 3+ distinct product brands into overlapping call points AND a leadership role change 30-75 days ago — neither the brand-count nor the recent-hire trigger is verified by this firmographic pull; both must be checked per company (LinkedIn role-change date, brand portfolio) before outreach."
hufriedygroup.com,HuFriedyGroup,-,http://www.hufriedygroup.com,781,1001-5000,-,Public Company,Medical Equipment Manufacturing,Chicago,Illinois,United States,"HuFriedyGroup is a global leader in dental instrument manufacturing, infection prevention and instrument reprocessing workflows. With over 200 years of collective experience in the dental industry, HuFriedyGroup helps dental professionals be the best in practice by providing a complete circle of protection in the dental suite, bringing together world class products, services, education, and communities that result in superior clinician performance, superior clinical outcomes, and safety for clin","New Leader, Old Portfolio","Matched filter for multi-brand medtech/diagnostics companies at $250M-$3B scale proxy (781 employees, industry='Medical Equipment Manufacturing'). Segment additionally requires 3+ distinct product brands into overlapping call points AND a leadership role change 30-75 days ago — neither the brand-count nor the recent-hire trigger is verified by this firmographic pull; both must be checked per company (LinkedIn role-change date, brand portfolio) before outreach."
envistaco.com,Envista Holdings Corporation,-,http://www.envistaco.com,2210,10001+,-,Public Company,Medical Equipment Manufacturing,Brea,California,United States,"Envista is a global family of more than 30 trusted dental brands, united by a shared purpose: to partner with professionals to improve lives. Envista helps its partners deliver the best possible patient care through industry-leading products, solutions, and technology. Our comprehensive portfolio covers a wide range of dentists' clinical needs for diagnosing, treating, and preventing dental conditions, as well as improving the aesthetics of the human smile.  Our differentiated combination of con","New Leader, Old Portfolio","Matched filter for multi-brand medtech/diagnostics companies at $250M-$3B scale proxy (2210 employees, industry='Medical Equipment Manufacturing'). Segment additionally requires 3+ distinct product brands into overlapping call points AND a leadership role change 30-75 days ago — neither the brand-count nor the recent-hire trigger is verified by this firmographic pull; both must be checked per company (LinkedIn role-change date, brand portfolio) before outreach."
confluentmedical.com,Confluent Medical Technologies,-,http://confluentmedical.com,1586,1001-5000,1991,Privately Held,Medical Equipment Manufacturing,Scottsdale,Arizona,United States,"Confluent Medical Technologies applies materials science to MedTech innovation. Confluent specializes in expert design, development, and large-scale manufacturing of interventional catheter-based devices and implants. Our key capabilities include Nitinol components and tubing, balloon and complex catheters, high-precision polymer tubing, and implantable textiles. We operate in 8 state-of-the-art facilities across the United States and Costa Rica and currently employ over 2,000 employees. Conflue","New Leader, Old Portfolio","Matched filter for multi-brand medtech/diagnostics companies at $250M-$3B scale proxy (1586 employees, industry='Medical Equipment Manufacturing'). Segment additionally requires 3+ distinct product brands into overlapping call points AND a leadership role change 30-75 days ago — neither the brand-count nor the recent-hire trigger is verified by this firmographic pull; both must be checked per company (LinkedIn role-change date, brand portfolio) before outreach."
staar.com,STAAR Surgical,-,http://www.staar.com,739,501-1000,1982,Public Company,Medical Equipment Manufacturing,Lake Forest,California,United States,"STAAR, which has been dedicated solely to ophthalmic surgery for over 40 years, designs, develops, manufactures and markets implantable lenses for the eye. These lenses are intended to provide visual freedom for patients, lessening or eliminating the reliance on glasses or contact lenses. All of these lenses are foldable, which permits the surgeon to insert them through a small incision. STAAR’s lens used in refractive surgery is called an Implantable Collamer® Lens or “ICL,” which includes the ","New Leader, Old Portfolio","Matched filter for multi-brand medtech/diagnostics companies at $250M-$3B scale proxy (739 employees, industry='Medical Equipment Manufacturing'). Segment additionally requires 3+ distinct product brands into overlapping call points AND a leadership role change 30-75 days ago — neither the brand-count nor the recent-hire trigger is verified by this firmographic pull; both must be checked per company (LinkedIn role-change date, brand portfolio) before outreach."
paragon28.com,Paragon 28,-,http://www.Paragon28.com,746,51-200,2010,Public Company,Medical Equipment Manufacturing,Englewood,Colorado,United States,"Paragon 28, a Zimmer Biomet Company, was established in 2010 as an orthopedic foot and ankle company. The name “Paragon 28” was chosen to show that we are exclusively a foot and ankle company, with the “28” representing the number of bones in the foot. We will remain true to that vision. Paragon 28 was started as a small, family-based company and we have kept those core ideals as we have grown.  Our mission is to strategically build a company around the core principles that drive innovation and ","New Leader, Old Portfolio","Matched filter for multi-brand medtech/diagnostics companies at $250M-$3B scale proxy (746 employees, industry='Medical Equipment Manufacturing'). Segment additionally requires 3+ distinct product brands into overlapping call points AND a leadership role change 30-75 days ago — neither the brand-count nor the recent-hire trigger is verified by this firmographic pull; both must be checked per company (LinkedIn role-change date, brand portfolio) before outreach."
acumed.net,Acumed,-,http://www.acumed.net,1079,201-500,-,Privately Held,Medical Equipment Manufacturing,Hillsboro,Oregon,United States,"What started as a small family business in 1988 has since evolved into a global market leader, providing orthopaedic and medical solutions that improve patient care around the world.  Our story begins in Butler, NJ, where Mary and Randy Huebner founded Accurate Machine and Design, also known as Acumed. With only one machinist on staff, Acumed was contracted to engineer implant prototypes for some of the biggest names in the industry.  After relocating to Oregon in 1991, we launched our first lin","New Leader, Old Portfolio","Matched filter for multi-brand medtech/diagnostics companies at $250M-$3B scale proxy (1079 employees, industry='Medical Equipment Manufacturing'). Segment additionally requires 3+ distinct product brands into overlapping call points AND a leadership role change 30-75 days ago — neither the brand-count nor the recent-hire trigger is verified by this firmographic pull; both must be checked per company (LinkedIn role-change date, brand portfolio) before outreach."
inogen.com,Inogen,-,https://provider.inogen.com,832,501-1000,-,Public Company,Medical Equipment Manufacturing,Beverly,Massachusetts,United States,"Inogen is a leading global medical technology company offering innovative respiratory products for use in the homecare setting. Inogen supports patient respiratory care by developing, manufacturing, and marketing innovative best-in-class portable oxygen concentrators used to deliver supplemental long-term oxygen therapy to patients suffering from chronic respiratory conditions.","New Leader, Old Portfolio","Matched filter for multi-brand medtech/diagnostics companies at $250M-$3B scale proxy (832 employees, industry='Medical Equipment Manufacturing'). Segment additionally requires 3+ distinct product brands into overlapping call points AND a leadership role change 30-75 days ago — neither the brand-count nor the recent-hire trigger is verified by this firmographic pull; both must be checked per company (LinkedIn role-change date, brand portfolio) before outreach."
ormco.com,Ormco,-,http://ormco.com/,746,1001-5000,-,Public Company,Medical Equipment Manufacturing,Brea,California,United States,"Ormco, headquartered in Brea, Calif., is a global leader and innovator of orthodontic products and solutions to enhance the lives of our customers and their patients. For over 60 years, Ormco has partnered with the orthodontic community to help create over 20 million smiles in over 140 countries. Distinguished products range from twin brackets (Symetri™ Clear, Titanium Orthos™ and Mini Diamond™) to pioneering the self-ligating appliances with the Damon™ System (including Damon™ Q2 and Damon™ Cle","New Leader, Old Portfolio","Matched filter for multi-brand medtech/diagnostics companies at $250M-$3B scale proxy (746 employees, industry='Medical Equipment Manufacturing'). Segment additionally requires 3+ distinct product brands into overlapping call points AND a leadership role change 30-75 days ago — neither the brand-count nor the recent-hire trigger is verified by this firmographic pull; both must be checked per company (LinkedIn role-change date, brand portfolio) before outreach."
terumocv.com,Terumo Cardiovascular,-,http://www.terumocv.com,985,1001-5000,1999,Public Company,Medical Equipment Manufacturing,Ann Arbor,Michigan,United States,"Terumo Cardiovascular manufactures and markets medical devices for cardiac and vascular surgery with an emphasis on cardiopulmonary bypass and intra-operative monitoring. The company is headquartered in Ann Arbor, Michigan, with manufacturing operations in the U.S., Europe and Asia. It is one of several subsidiaries of Terumo Corporation of Japan that is focused exclusively on cardiovascular surgery specialties.   Our parent company, Terumo Corporation, is a global leader in medical technology a","New Leader, Old Portfolio","Matched filter for multi-brand medtech/diagnostics companies at $250M-$3B scale proxy (985 employees, industry='Medical Equipment Manufacturing'). Segment additionally requires 3+ distinct product brands into overlapping call points AND a leadership role change 30-75 days ago — neither the brand-count nor the recent-hire trigger is verified by this firmographic pull; both must be checked per company (LinkedIn role-change date, brand portfolio) before outreach."
tactilemedical.com,Tactile Medical,-,https://www.tactilemedical.com/,1083,1001-5000,1995,Public Company,Medical Equipment Manufacturing,St. Louis Park,Minnesota,United States,"Tactile Medical is one of the fastest growing companies in medical devices. As a leader in treatment options for lymphedema and venous ulcer therapies, Tactile Medical develops advanced home therapy devices to improve health and quality of life for patients with chronic swelling . Headquartered in Minneapolis, Minnesota, we advocate for patient access and serve tens of thousands of patients through a direct national network of product specialists and trainers, reimbursement experts, patient advo","New Leader, Old Portfolio","Matched filter for multi-brand medtech/diagnostics companies at $250M-$3B scale proxy (1083 employees, industry='Medical Equipment Manufacturing'). Segment additionally requires 3+ distinct product brands into overlapping call points AND a leadership role change 30-75 days ago — neither the brand-count nor the recent-hire trigger is verified by this firmographic pull; both must be checked per company (LinkedIn role-change date, brand portfolio) before outreach."
pattersoncompanies.com,"Patterson Companies, Inc.",-,http://www.pattersoncompanies.com/,5886,5001-10000,1877,Public Company,Medical Equipment Manufacturing,St. Paul,Minnesota,United States,"Patterson strengthens the oral and animal health markets in North America and the United Kingdom. From small, private practices to large group networks and production operations, we guide our customers with bold solutions and a personal touch. We are much more than a distributor – we are an indispensable partner.  Patterson Dental has strengthened the dental industry since our company’s founding in 1877. Today, Patterson Dental continues to partner with dental practices of all sizes to provide e","New Leader, Old Portfolio","Matched filter for multi-brand medtech/diagnostics companies at $250M-$3B scale proxy (5886 employees, industry='Medical Equipment Manufacturing'). Segment additionally requires 3+ distinct product brands into overlapping call points AND a leadership role change 30-75 days ago — neither the brand-count nor the recent-hire trigger is verified by this firmographic pull; both must be checked per company (LinkedIn role-change date, brand portfolio) before outreach."
vareximaging.com,Varex Imaging Corporation,-,https://www.vareximaging.com/,1341,1001-5000,2017,Public Company,Medical Equipment Manufacturing,Salt Lake City,Utah,United States,"Our Mission: Through the talent of our people and vision of customers, we help improve and save lives throughout the world by making the invisible visible.  Our Vision: To be the preferred global partner for innovative x-ray imaging solutions.  Varex Imaging Corporation is the world’s largest independent supplier of medical X-ray tubes and image processing solutions. From medical imaging to cargo screening and border security, our components are used by X-ray imaging system manufacturers everywh","New Leader, Old Portfolio","Matched filter for multi-brand medtech/diagnostics companies at $250M-$3B scale proxy (1341 employees, industry='Medical Equipment Manufacturing'). Segment additionally requires 3+ distinct product brands into overlapping call points AND a leadership role change 30-75 days ago — neither the brand-count nor the recent-hire trigger is verified by this firmographic pull; both must be checked per company (LinkedIn role-change date, brand portfolio) before outreach."
agilitihealth.com,Agiliti,-,https://www.agilitihealth.com,3116,5001-10000,1939,Public Company,Medical Equipment Manufacturing,Eden Prairie,Minnesota,United States,"Agiliti is a company of 5,500+ passionate equipment management experts who believe every interaction has the power to change a life. We’ve built a brand that’s dedicated to optimizing clinical outcomes while relentlessly improving economic outcomes for our customers.","New Leader, Old Portfolio","Matched filter for multi-brand medtech/diagnostics companies at $250M-$3B scale proxy (3116 employees, industry='Medical Equipment Manufacturing'). Segment additionally requires 3+ distinct product brands into overlapping call points AND a leadership role change 30-75 days ago — neither the brand-count nor the recent-hire trigger is verified by this firmographic pull; both must be checked per company (LinkedIn role-change date, brand portfolio) before outreach."
natus.com,Natus Medical Incorporated,-,http://www.natus.com,968,1001-5000,-,Privately Held,Medical Equipment Manufacturing,Middleton,Wisconsin,United States,"Natus Medical Incorporated (Natus) offers medical equipment, software, supplies and services for the diagnosis, monitoring, and treatment of impairments and disorders effecting the brain, neural pathways, and eight sensory nervous systems.  Our comprehensive product portfolio represents a heritage of innovation and leadership. Natus brands have been setting the standard for patient care for over eighty (80) years. Our products are trusted by medical professionals in university medical centers, h","New Leader, Old Portfolio","Matched filter for multi-brand medtech/diagnostics companies at $250M-$3B scale proxy (968 employees, industry='Medical Equipment Manufacturing'). Segment additionally requires 3+ distinct product brands into overlapping call points AND a leadership role change 30-75 days ago — neither the brand-count nor the recent-hire trigger is verified by this firmographic pull; both must be checked per company (LinkedIn role-change date, brand portfolio) before outreach."
cirtecmed.com,Cirtec Medical,-,http://www.cirtecmed.com,814,1001-5000,1987,Privately Held,Medical Equipment Manufacturing,Brooklyn Park,Minnesota,United States,"Whether you’re a startup or a leading Class II or III medical device manufacturer, Cirtec is here to help bring life-enhancing therapies to market – quickly and cost-effectively. Our product designers, engineers and manufacturing experts can help you succeed at any or every stage of the product development cycle, including design, development, prototyping, pilot and clinical build, manufacturing and finished device assembly.  Cirtec brings nearly 40 years of experience in developing medical devi","New Leader, Old Portfolio","Matched filter for multi-brand medtech/diagnostics companies at $250M-$3B scale proxy (814 employees, industry='Medical Equipment Manufacturing'). Segment additionally requires 3+ distinct product brands into overlapping call points AND a leadership role change 30-75 days ago — neither the brand-count nor the recent-hire trigger is verified by this firmographic pull; both must be checked per company (LinkedIn role-change date, brand portfolio) before outreach."
glaukos.com,Glaukos Corporation,-,http://www.glaukos.com/,1093,1001-5000,1998,Public Company,Medical Equipment Manufacturing,Aliso Viejo,California,United States,"At Glaukos, our focus is to develop and lead the global ophthalmic market with novel therapies for the treatment of glaucoma, corneal disorders, and retinal diseases—therapies that advance the existing standard of care and enrich the lives and treatment alternatives for patients worldwide.","New Leader, Old Portfolio","Matched filter for multi-brand medtech/diagnostics companies at $250M-$3B scale proxy (1093 employees, industry='Medical Equipment Manufacturing'). Segment additionally requires 3+ distinct product brands into overlapping call points AND a leadership role change 30-75 days ago — neither the brand-count nor the recent-hire trigger is verified by this firmographic pull; both must be checked per company (LinkedIn role-change date, brand portfolio) before outreach."
mimedx.com,MiMedx,-,http://www.mimedx.com,805,501-1000,2008,Public Company,Medical Equipment Manufacturing,Marietta,Georgia,United States,"MIMEDX is a pioneer and leader in the field of placental tissue. With more than a decade of helping clinicians manage chronic and hard-to-heal wounds, MIMEDX is dedicated to providing a leading portfolio of products for applications in the wound care, burn, and surgical settings of healthcare. The Company's vision is to be the leading global provider of healing solutions through relentless innovation to restore quality of life.","New Leader, Old Portfolio","Matched filter for multi-brand medtech/diagnostics companies at $250M-$3B scale proxy (805 employees, industry='Medical Equipment Manufacturing'). Segment additionally requires 3+ distinct product brands into overlapping call points AND a leadership role change 30-75 days ago — neither the brand-count nor the recent-hire trigger is verified by this firmographic pull; both must be checked per company (LinkedIn role-change date, brand portfolio) before outreach."
freudenbergmedical.com,Freudenberg Medical,-,http://www.freudenbergmedical.com,1132,1001-5000,1849,Privately Held,Medical Equipment Manufacturing,Beverly,Massachusetts,United States,"Your medical device in safe hands.  Freudenberg Medical is a trusted strategic CDMO partner to medical device and pharmaceutical companies, committed to delivering high-quality medical devices, precision components, and custom tubing. We prioritize our customers’ success every step of the way – from ideation to market launch and volume production.   With over 2,900 associates across 12 global manufacturing sites in key MedTech hubs, we are where you need us. Leverage our extensive range of verti","New Leader, Old Portfolio","Matched filter for multi-brand medtech/diagnostics companies at $250M-$3B scale proxy (1132 employees, industry='Medical Equipment Manufacturing'). Segment additionally requires 3+ distinct product brands into overlapping call points AND a leadership role change 30-75 days ago — neither the brand-count nor the recent-hire trigger is verified by this firmographic pull; both must be checked per company (LinkedIn role-change date, brand portfolio) before outreach."
aesculapusa.com,Aesculap (US),-,https://www.aesculapusa.com/,924,501-1000,-,Privately Held,Medical Equipment Manufacturing,Center Valley,Pennsylvania,United States,"Aesculap, Inc., a B. Braun company, founded in 1867 in Tuttlingen, Germany, is the world’s largest and one of the most respected manufacturers of surgical instruments, medical devices and sterilization container systems. Aesculap is a leading privately-owned manufacturing company, passionately committed to providing high-quality, innovative products and services to all surgical disciplines, including Neurosurgery, Microsurgery, ENT, Plastic and Reconstructive, Thoracic, Micro-vascular, Cardiovas","New Leader, Old Portfolio","Matched filter for multi-brand medtech/diagnostics companies at $250M-$3B scale proxy (924 employees, industry='Medical Equipment Manufacturing'). Segment additionally requires 3+ distinct product brands into overlapping call points AND a leadership role change 30-75 days ago — neither the brand-count nor the recent-hire trigger is verified by this firmographic pull; both must be checked per company (LinkedIn role-change date, brand portfolio) before outreach."
werfen.com,Werfen North America,-,http://www.werfen.com/na,1928,1001-5000,1959,Privately Held,Medical Equipment Manufacturing,Bedford,Massachusetts,United States,"Werfen is a growing, family-owned, innovative company founded in 1966 in Barcelona, Spain.  We are a worldwide leader in specialized diagnostics in the areas of Hemostasis, Acute Care Diagnostics, Transfusion, Autoimmunity, and Transplant.  We operate directly in 30 countries, and in more than 100 territories through distributors. Our Headquarters are in Barcelona, Spain and our Technology Centers are located in the United States and Europe. Worldwide sales exceeded €2.2 billion in 2024, and our","New Leader, Old Portfolio","Matched filter for multi-brand medtech/diagnostics companies at $250M-$3B scale proxy (1928 employees, industry='Medical Equipment Manufacturing'). Segment additionally requires 3+ distinct product brands into overlapping call points AND a leadership role change 30-75 days ago — neither the brand-count nor the recent-hire trigger is verified by this firmographic pull; both must be checked per company (LinkedIn role-change date, brand portfolio) before outreach."
drivemedical.com,Drive DeVilbiss Healthcare,-,https://www.drivemedical.com/,866,1001-5000,2000,Privately Held,Medical Equipment Manufacturing,Port Washington,New York,United States,"Drive DeVilbiss Healthcare is now Drive Medical! Follow the new Drive Medical LinkedIn page for updates, products, and industry news & insights: https://lnkd.in/ePPSkCBP  Drive Medical is committed to delivering superior products to the market, with a strong emphasis on innovation and design. Our mission is to lead the world with innovative healthcare solutions that enhance lives.   Our family of brands includes M+D® by Drive®, DeVilbiss® by Drive®, Hurrycane® by Drive®, and Inspired by Drive®. ","New Leader, Old Portfolio","Matched filter for multi-brand medtech/diagnostics companies at $250M-$3B scale proxy (866 employees, industry='Medical Equipment Manufacturing'). Segment additionally requires 3+ distinct product brands into overlapping call points AND a leadership role change 30-75 days ago — neither the brand-count nor the recent-hire trigger is verified by this firmographic pull; both must be checked per company (LinkedIn role-change date, brand portfolio) before outreach."
