name,domain,linkedin_url,industry,type,size,followers,founded_year,hq_city,hq_state,hq_country,website
Groupe Masci,masci.fr,https://www.linkedin.com/company/groupe-masci,Industrial Machinery Manufacturing,Privately Held,201-500,549,1979,Richemont,France,France,https://www.masci.fr
American Progress Group,americanprogressgroup.com,https://www.linkedin.com/company/american-progress-group,Industrial Machinery Manufacturing,Public Company,501-1000,549,-,Chicago,Illinois,United States,https://www.americanprogressgroup.com
SEKO Benelux,seko-group.com,https://www.linkedin.com/company/seko-benelux,Industrial Machinery Manufacturing,Privately Held,501-1000,543,1976,Oldenzaal,Overijssel,Netherlands,https://www.seko-group.com
EVOMAQ,evomaq.com.br,https://www.linkedin.com/company/evomaqoficial,Industrial Machinery Manufacturing,Privately Held,201-500,539,-,-,-,United States,https://evomaq.com.br
Afnan Agri Co.,afnanagrico.com,https://www.linkedin.com/company/afnanagrico,Agriculture; Construction; Mining Machinery Manufacturing,Partnership,501-1000,536,1979,-,-,United States,https://www.afnanagrico.com
Ornamental Decorative Millwork,ornamental.com,https://www.linkedin.com/company/ornamental,Wholesale Building Materials,Privately Held,201-500,536,1926,Archdale,North Carolina,United States,https://www.ornamental.com
Powerdrive Bearings Pvt Ltd,powerdrive.com,https://www.linkedin.com/company/powerdrive-bearings,Industrial Machinery Manufacturing,Privately Held,201-500,535,1981,Michigan City,Indiana,United States,https://www.powerdrive.com/contactusindia.aspx
Profilm Advanced Materials,profilmgrp.com,https://www.linkedin.com/company/profilm-advanced-materials,Motor Vehicle Manufacturing,Privately Held,201-500,535,2019,London,-,United Kingdom,https://profilmgrp.com
The Radiator Company,theradiatorcompany.co.uk,https://www.linkedin.com/company/the-radiator-company,Wholesale Building Materials,Privately Held,1001-5000,528,1998,East Grinstead,West Sussex,United Kingdom,https://www.theradiatorcompany.co.uk
ICAR- SA TUNISIE,icar-sa.org,https://www.linkedin.com/company/icar-sa,Motor Vehicle Manufacturing,Self-Employed,201-500,527,-,-,-,United States,https://icar-sa.org
"VIAM Manufacturing, Inc.",viammfg.com,https://www.linkedin.com/company/viammfg,Motor Vehicle Manufacturing,Privately Held,501-1000,521,-,Manchester,Tennessee,United States,https://www.viammfg.com
Mumford Metal Casting,mumfordmetalcasting.com,https://www.linkedin.com/company/mumford-metal-casting,Machinery Manufacturing,Privately Held,201-500,515,-,-,-,United States,https://www.mumfordmetalcasting.com
Röchling Automotive Americas,roechling.com,https://www.linkedin.com/company/roechling-automotive-americas,Motor Vehicle Manufacturing,Privately Held,5001-10000,514,-,Duncan,Caroline du Sud,United States,https://roechling.com
Processall,processall.com,https://www.linkedin.com/company/processall,Machinery Manufacturing,Privately Held,201-500,513,1996,Mason,Ohio,United States,https://www.processall.com
TEX GROUP,texgroup.co.uk,https://www.linkedin.com/company/tex-group-limited,Industrial Machinery Manufacturing,Privately Held,201-500,511,-,IPSWICH,-,United Kingdom,https://www.texgroup.co.uk
Road Development Corporation Ltd.,rdc.com.mv,https://www.linkedin.com/company/road-development-corporation,Machinery Manufacturing,Government Agency,201-500,510,2019,-,-,United States,https://www.rdc.com.mv
AnVa HordaGruppen,hordagruppen.com,https://www.linkedin.com/company/horda,Industrial Machinery Manufacturing,Privately Held,201-500,505,1974,Horda,Jönköping County,Sweden,https://hordagruppen.com
PCI Enterprises,pcienterprises.com,https://www.linkedin.com/company/pcienterprises,Wholesale Building Materials,Privately Held,201-500,502,1998,Heath,Texas,United States,https://www.pcienterprises.com
Stelter Zahnradfabrik GmbH,stelter.de,https://www.linkedin.com/company/stelter-zahnradfabrik-gmbh,Motor Vehicle Manufacturing,Public Company,201-500,497,1950,Bassum,Lower Saxony,Germany,https://www.stelter.de
Rolls-Royce Motor Cars Manchester,rolls-roycemotorcars-manchester.co.uk,https://www.linkedin.com/company/rolls-royce-manchester,Motor Vehicle Manufacturing,Privately Held,201-500,497,-,Wilmslow,-,United Kingdom,https://www.rolls-roycemotorcars-manchester.co.uk
Allied Gallery,alliedgallery.com,https://www.linkedin.com/company/allied-gallery,Wholesale Building Materials,Privately Held,501-1000,496,2010,Dallas,Texas,United States,https://alliedgallery.com
Elm Plating Company,elmplating.com,https://www.linkedin.com/company/elm-plating-company,Motor Vehicle Manufacturing,Sole Proprietorship,201-500,488,1951,Jackson,Michigan,United States,https://www.elmplating.com
Bell Audi,bellaudi.com,https://www.linkedin.com/company/bell-audi,Motor Vehicle Manufacturing,Privately Held,501-1000,488,-,United States,-,United States,https://www.bellaudi.com
Morobi Geeco Power Pty Ltd,morobi-geeco.com,https://www.linkedin.com/company/morobi-geeco-power-pty-ltd,Industrial Machinery Manufacturing,Privately Held,201-500,488,2013,-,-,United States,https://morobi-geeco.com
"Velocity, A Cogent Company",velocitypumprentals.com,https://www.linkedin.com/company/velocity-a-cogent-company,Industrial Machinery Manufacturing,Privately Held,201-500,485,2019,Riverside,Missouri,United States,https://velocitypumprentals.com
GENERAL RICAMBI SpA,generalricambi.it,https://www.linkedin.com/company/generalricambi,Motor Vehicle Manufacturing,Privately Held,201-500,483,1984,Castiglione d’Adda,Lombardy,Italy,https://www.generalricambi.it
ISA Will-DuPage,isawilldupage.org,https://www.linkedin.com/company/isa-will-dupage,Automation Machinery Manufacturing,Nonprofit,201-500,481,1991,Greater Chicago,Illinois,United States,https://isawilldupage.org
Nichol McKay Ltd,nicholmckay.com,https://www.linkedin.com/company/nichol-mckay,Industrial Machinery Manufacturing,Privately Held,201-500,479,1977,Monkton,Ayrshire,United Kingdom,https://www.nicholmckay.com
Moll Automobile GmbH & Co. KG,moll-automobile.de,https://www.linkedin.com/company/moll-automobile-gmbh-&-co-kg,Motor Vehicle Manufacturing,Sole Proprietorship,201-500,472,2006,Aachen,-,Germany,https://moll-automobile.de
"Kokusai, Inc.",kokusaiusa.com,https://www.linkedin.com/company/kokusai-inc-,Motor Vehicle Manufacturing,Public Company,201-500,472,-,Indianapolis,Indiana,United States,https://www.kokusaiusa.com
WITTENSTEIN alpha GmbH,wittenstein.de,https://www.linkedin.com/company/wittenstein-alpha-gmbh,Machinery Manufacturing,Public Company,201-500,470,-,Igersheim,Deutschland,Germany,https://alpha.wittenstein.de
BSM (British School of Motoring),bsm.co.uk,https://www.linkedin.com/company/british-school-of-motoring,Motor Vehicle Manufacturing,Privately Held,201-500,468,1910,Cardiff,-,United Kingdom,https://www.bsm.co.uk
Demar Plumbing Corp. / Demar Mechanical Inc.,demarnyc.com,https://www.linkedin.com/company/demar-plumbing-corp-,Industrial Machinery Manufacturing,Public Company,201-500,467,-,New York,-,United States,https://www.demarnyc.com
Fs Fabbrica Italiana Treni,fsitaliane.it,https://www.linkedin.com/company/fs-fabbrica-italiana-treni,Railroad Equipment Manufacturing,Privately Held,201-500,460,2026,-,-,United States,https://www.fsitaliane.it
DINAK UK,dinakchimneys.com,https://www.linkedin.com/company/dinak-uk,Industrial Machinery Manufacturing,Privately Held,201-500,457,1983,Birmingham,-,United Kingdom,https://www.dinakchimneys.com/uk
AZ INTEC GmbH,azintec.com,https://www.linkedin.com/company/azintec,Industrial Machinery Manufacturing,Privately Held,201-500,456,1979,Olbernhau,Saxony,Germany,https://azintec.com
Kordel Antriebstechnik GmbH,kordel.de,https://www.linkedin.com/company/kordel-antriebstechnik-gmbh,Machinery Manufacturing,Privately Held,1001-5000,453,-,-,-,Germany,https://kordel.de
Lizhong Wheel Group,lzwheel.com,https://www.linkedin.com/company/lizhong-wheel-group,Motor Vehicle Manufacturing,Public Company,10001+,452,-,-,-,United States,https://www.lzwheel.com
Grupo kasa,grupokasa.com.mx,https://www.linkedin.com/company/grupokasa,Motor Vehicle Manufacturing,Sole Proprietorship,1001-5000,449,1978,Naucalpan de Juarez,State of Mexico,Mexico,https://www.grupokasa.com.mx
Vision Engineering LATAM,visioneng.com.mx,https://www.linkedin.com/company/vision-engineering-latam,Industrial Machinery Manufacturing,Privately Held,201-500,449,1958,New Milford,Connecticut,United States,https://www.visioneng.com.mx
GP AUTO,gpauto.com,https://www.linkedin.com/company/gp-auto,Motor Vehicle Manufacturing,Privately Held,501-1000,448,-,Cuajimalpa de Morelos,Ciudad de México,Mexico,https://www.gpauto.com
Fuelbox Industrial,fuelboxindustrial.com,https://www.linkedin.com/company/fuelboxindustrial,Industrial Machinery Manufacturing,Public Company,201-500,448,2021,Jacksonville,Florida,United States,https://www.fuelboxindustrial.com
Dimar Group,dimartooling.com,https://www.linkedin.com/company/dimar-tooling,Machinery Manufacturing,Privately Held,201-500,447,1960,Hickory,North Carolina,United States,https://dimartoolingusa.com
"Daws Manufacturing Company, Inc.",dawsbetterbuilt.com,https://www.linkedin.com/company/daws-manufacturing-company-inc-,Motor Vehicle Manufacturing,Privately Held,201-500,444,1989,Pensacola,Florida,United States,https://www.dawsbetterbuilt.com
Independent Glass Distributors Ltd.,igdglass.com,https://www.linkedin.com/company/independent-glass-distributors-ltd.,Motor Vehicle Manufacturing,Partnership,201-500,444,-,-,-,Canada,https://www.igdglass.com
Morris Garages - MG Surat,mgsurat.co.in,https://www.linkedin.com/company/mgsurat,Motor Vehicle Manufacturing,Privately Held,201-500,439,-,-,-,United States,https://www.mgsurat.co.in
Variofit Transportgeräte,cordes.eu,https://www.linkedin.com/company/variofit-transportgeraete,Fabricated Metal Products,Partnership,201-500,433,1960,Harsefeld,Niedersachsen,Germany,https://www.variofit.com
Pleasure-Way Industries,pleasureway.com,https://www.linkedin.com/company/pleasureway,Motor Vehicle Manufacturing,Privately Held,201-500,429,1986,Saskatoon,Saskatchewan,Canada,https://pleasureway.com
Tyre Retail S.r.l.,pneusmarket.it,https://www.linkedin.com/company/pneusmarket,Motor Vehicle Manufacturing,Privately Held,201-500,426,1964,Trento,Trentino-Alto Adige,Italy,https://www.pneusmarket.it
FeBa Fensterbau GmbH,feba.de,https://www.linkedin.com/company/feba-fensterbau-gmbh,Wholesale Building Materials,Public Company,201-500,425,1971,Burbach,North Rhine-Westphalia,Germany,https://www.feba.de
Doidge Building Centres Ltd.,-,https://www.linkedin.com/company/doidge-building-centres-ltd,Retail Building Materials and Garden Equipment,Sole Proprietorship,201-500,424,1995,Kincardine,Ontario,Canada,-
Master Génie Mécanique et Matériaux Université Bretagne Sud,univ-ubs.fr,https://www.linkedin.com/company/master-g%c3%a9nie-m%c3%a9canique-et-mat%c3%a9riaux-universit%c3%a9-bretagne-sud,Industrial Machinery Manufacturing,Educational Institution,501-1000,424,1994,Lorient,Morbihan,France,https://www-facultesciences.univ-ubs.fr
Autohaus Peter Gruppe,autohauspeter.de,https://www.linkedin.com/company/autohaus-peter-gmbh,Motor Vehicle Manufacturing,Public Company,501-1000,423,1991,Nordhausen,Thuringia,Germany,https://www.autohauspeter.de
Doğan Trend - Wallbox Türkiye,wallboxtr.com,https://www.linkedin.com/company/wallbox-t%c3%bcrkiye,Motor Vehicle Manufacturing,Public Company,201-500,421,-,-,-,United States,https://www.wallboxtr.com/tr
Hammerwerk Fridingen GmbH,hammerwerk.de,https://www.linkedin.com/company/hammerwerk,Motor Vehicle Manufacturing,Public Company,201-500,419,1953,Fridingen an der Donau,Baden-Württemberg,Germany,https://www.hammerwerk.de
Kamux Auto GmbH,kamux.de,https://www.linkedin.com/company/kamux-auto-gmbh,Motor Vehicle Manufacturing,Public Company,201-500,414,2003,Hamburg,Hamburg,Germany,https://www.kamux.de
PT. Luhai Industrial (Luhai Group),luhai.com.tw,https://www.linkedin.com/company/pt-luhai-industrial-luhai-group,Automation Machinery Manufacturing,Privately Held,201-500,408,-,-,-,United States,https://www.luhai.com.tw
Swegon Nederland,swegon.nl,https://www.linkedin.com/company/swegon-nederland,Industrial Machinery Manufacturing,Privately Held,201-500,407,-,-,-,United States,https://www.swegon.nl
Ridder North America,ridder.com,https://www.linkedin.com/company/ridder-north-america,Agriculture; Construction; Mining Machinery Manufacturing,Privately Held,201-500,407,1953,Solon,Ohio,United States,https://www.ridder.com
Hatz Components,hatz-components.com,https://www.linkedin.com/company/hatz-components,Motor Vehicle Manufacturing,Public Company,201-500,405,2021,Ruhstorf,Bavaria,Germany,https://www.hatz-components.com
MIKE CALVERT TOYOTA,mikecalverttoyota.com,https://www.linkedin.com/company/mike-calvert-toyota,Motor Vehicle Manufacturing,Partnership,201-500,399,1983,-,-,United States,https://www.mikecalverttoyota.com
Heartland Carwash Association,heartlandcarwash.org,https://www.linkedin.com/company/heartland-carwash-association,Motor Vehicle Manufacturing,Nonprofit,501-1000,399,1981,Des Moines,Iowa,United States,https://www.heartlandcarwash.org
Sofdcar,sofdcar.de,https://www.linkedin.com/company/sofdcar,Motor Vehicle Manufacturing,Nonprofit,10001+,399,-,-,-,United States,https://www.sofdcar.de
PLAXIT DRY MIX,plaxit.com,https://www.linkedin.com/company/plaxit-dry-mix,Wholesale Building Materials,Public Company,501-1000,398,2001,-,-,United States,https://www.plaxit.com
US Cotton Co,uscotton.com,https://www.linkedin.com/company/us-cotton-co,Machinery Manufacturing,-,201-500,397,-,Lachine,Quebec,Canada,-
DEG Alles für das Dach eG,deg-dach.de,https://www.linkedin.com/company/deg-alles-f%c3%bcr-das-dach-eg,Wholesale Building Materials,Partnership,501-1000,388,1947,Coblenz,Rhineland-Palatinate,Germany,https://www.deg-dach.de
Purdue Agronomy,purdue.edu,https://www.linkedin.com/company/purdue-agronomy,Agriculture; Construction; Mining Machinery Manufacturing,Educational,201-500,385,-,West Lafayette,Indiana,United States,https://ag.purdue.edu/department/agry
Magnode Corporation,magnode.com,https://www.linkedin.com/company/magnode,Industrial Machinery Manufacturing,Public Company,201-500,382,1947,-,-,United States,https://magnode.com
Chettinad Cement,chettinadcement.com,https://www.linkedin.com/company/chettinad-cement,Wholesale Building Materials,Privately Held,1001-5000,378,-,-,-,United States,https://www.chettinadcement.com
"Custom Filter, Llc",customfilter.net,https://www.linkedin.com/company/custom-filter-llc,Machinery Manufacturing,Privately Held,201-500,373,-,Aurora,Illinois,United States,https://www.customfilter.net
ELSA LLC,elsallc.com,https://www.linkedin.com/company/elsacorporation,Motor Vehicle Manufacturing,Privately Held,501-1000,371,1987,Elwood,Indiana,United States,https://www.elsallc.com
KGM Kugelfabrik GmbH & Co. KG,kgm-kugeln.de,https://www.linkedin.com/company/kgm-kugelfabrik-gmbh-&-co-kg,Motor Vehicle Manufacturing,Privately Held,201-500,371,1913,Fulda,Hesse,Germany,https://www.kgm-kugeln.de
RSE Control Systems,rsecontrolsystems.com,https://www.linkedin.com/company/rse-control-systems,Automation Machinery Manufacturing,Privately Held,201-500,371,-,-,-,United States,https://rsecontrolsystems.com
KS Industries,ksindustries.com,https://www.linkedin.com/company/ks-industries-bv,Fabricated Metal Products,Privately Held,201-500,364,1975,-,-,United States,https://www.ksindustries.com
Novamer Otomotiv,-,https://www.linkedin.com/company/novamer-otomotiv,Motor Vehicle Manufacturing,Privately Held,501-1000,359,-,-,-,United States,-
Allied Electric,alliedelectric.net,https://www.linkedin.com/company/alliedelectric,Industrial Automation,Public Company,5001-10000,356,-,Fresno,California,United States,https://alliedelectric.net
CFB Inc,customformulating.com,https://www.linkedin.com/company/cfb-inc,Industrial Machinery Manufacturing,-,201-500,354,-,Bristol,Indiana,United States,https://www.customformulating.com
KOKI TECHNIK Transmission Systems GmbH,kokitechnik-nw.de,https://www.linkedin.com/company/koki-technik-transmission-systems-gmbh,Motor Vehicle Parts Manufacturing,Privately Held,201-500,353,1995,Niederwürschnitz,Saxony,Germany,https://www.kokitechnik-nw.de
MAHLE Motorsport,vandervell.co.uk,https://www.linkedin.com/company/mahle-motorsport-bearings,Motor Vehicle Manufacturing,Public Company,201-500,350,-,Kilmarnock,Ayrshire,United Kingdom,https://vandervell.co.uk
Connected Vehicle Trade Association,connectedvehicle.org,https://www.linkedin.com/company/connected-vehicle-trade-association,Motor Vehicle Manufacturing,Nonprofit,201-500,350,2004,East Lansing,Michigan,United States,https://www.connectedvehicle.org
Galaxy Toyota,galaxytoyota.net,https://www.linkedin.com/company/galaxy-toyota,Motor Vehicle Manufacturing,-,201-500,348,-,Eatontown,New Jersey,United States,https://www.galaxytoyota.net
Regal Civil Projects Africa (RCP),rcpafrica.co.za,https://www.linkedin.com/company/regal-civil-projects-africa-rcp,Agriculture; Construction; Mining Machinery Manufacturing,Privately Held,201-500,348,-,-,-,United States,https://www.rcpafrica.co.za
AIR Brasil,-,https://www.linkedin.com/company/air-safety-company-brasil,Industrial Machinery Manufacturing,Sole Proprietorship,201-500,347,-,-,-,United States,-
GRIPMetal,gripmetal.com,https://www.linkedin.com/company/grip-metal---a-nucap-technology,Industrial Machinery Manufacturing,Privately Held,501-1000,346,-,Toronto,Ontario,Canada,https://www.gripmetal.com
CU Racing Team,buffsracing.com,https://www.linkedin.com/company/cu-boulder-racing-team,Motor Vehicle Manufacturing,Nonprofit,201-500,345,2016,Boulder,-,United States,https://buffsracing.com
"R&R Products, Inc.",rrproducts.com,https://www.linkedin.com/company/r-r-products-inc,Machinery Manufacturing,Privately Held,201-500,345,1971,Tucson,Arizona,United States,https://www.rrproducts.com
Camcar Grupo Automotriz,camcar.mx,https://www.linkedin.com/company/camcar-grupo-automotriz,Motor Vehicle Manufacturing,Nonprofit,1001-5000,340,-,Zapopan,Jalisco,Mexico,https://camcar.mx
Fa. Leibold & Amann GmbH & Co. KG,leiboldundamann.com,https://www.linkedin.com/company/fa-leibold-&-amann-gmbh-&-co-kg,Motor Vehicle Manufacturing,Partnership,201-500,340,-,Wellendingen,Deutschland,Germany,https://leiboldundamann.com
Luk Transmission Systems LLC,luk.com,https://www.linkedin.com/company/luk-transmission-systems-llc,Motor Vehicle Manufacturing,-,1001-5000,340,-,Wooster,Ohio,United States,https://www.luk.com/content.luk.de/en/products/transmission_components/gearing-systems.jsp
"CLOSY Fenêtres, Portes et Volets",closy.fr,https://www.linkedin.com/company/closy-fen%c3%aatres-portes-et-volets,Wholesale Building Materials,Sole Proprietorship,201-500,337,1947,Gundershoffen,Grand Est,France,https://www.closy.fr
Sonic Steel Industries Incorporated,-,https://www.linkedin.com/company/sonic-steel-industries-incorporated,Industrial Automation,Privately Held,201-500,329,-,-,-,United States,-
Prima Power United Kingdom,primapower.com,https://www.linkedin.com/company/prima-finn-power-uk-ltd,Machinery Manufacturing,Public Company,1001-5000,329,-,Coventry,Phoenix Park,United Kingdom,https://www.primapower.com/uk2
Sinfa Group Limited,sinfagroup.com,https://www.linkedin.com/company/sinfagroup,Agriculture; Construction; Mining Machinery Manufacturing,Partnership,201-500,329,-,-,-,United States,https://www.sinfagroup.com
pinnacle industries,pinnacleindustries.com,https://www.linkedin.com/company/pinnacle-industries,Motor Vehicle Manufacturing,-,501-1000,327,-,-,-,United States,https://www.pinnacleindustries.com
Wielton Benelux,wielton.nl,https://www.linkedin.com/company/wielton-benelux-bv,Transportation Equipment Manufacturing,Public Company,1001-5000,326,-,Horst,Limburg,Netherlands,https://wielton.nl
Juel Group Inc.,juelgroup.com,https://www.linkedin.com/company/juel-group-inc,Wholesale Building Materials,Public Company,1001-5000,325,-,Concord,-,United States,https://www.juelgroup.com
Travers Automotive & RV Group,traversautomotivegroup.com,https://www.linkedin.com/company/travers-automotive-and-rv-group,Motor Vehicle Manufacturing,Privately Held,201-500,323,1994,Greater St. Louis,Missouri,United States,https://www.traversautomotivegroup.com
Nova Hüppe GmbH Sonnenschutzsysteme,novahueppe.de,https://www.linkedin.com/company/nova-h%c3%bcppe-gmbh-sonnenschutzsysteme,Fabricated Metal Products,Public Company,201-500,321,1889,Oldenburg,Niedresachsen,Germany,https://www.youtube.com/watch
Delafield Corporation,dftcorp.com,https://www.linkedin.com/company/delafield-corporation,Industrial Machinery Manufacturing,Privately Held,201-500,320,-,Duarte,California,United States,https://www.dftcorp.com
BlueView,blueview.eu,https://www.linkedin.com/company/blueview-bv,Industrial Machinery Manufacturing,Privately Held,501-1000,318,2012,Nijmegen,Gelderland,Netherlands,https://www.blueview.eu
Scanvaegt Systems GmbH,scanvaegt.com,https://www.linkedin.com/company/scanvaegt-systems-gmbh,Industrial Machinery Manufacturing,Privately Held,201-500,318,1932,Bramsche,Lower Saxony,Germany,https://www.scanvaegt.com/de/kontaktieren-sie-uns
Taiping Motor,taipingmotor.com,https://www.linkedin.com/company/taiping-motor,Motor Vehicle Parts Manufacturing,Privately Held,1001-5000,318,1993,-,-,United States,https://www.taipingmotor.com
ETF BRAKES,etfbrakes.com,https://www.linkedin.com/company/etf-brakes,Motor Vehicle Parts Manufacturing,Privately Held,201-500,318,1978,Santena,Piemonte,Italy,https://www.etfbrakes.com
Taka Group Id,taka.co.id,https://www.linkedin.com/company/taka-group-id,Industrial Machinery Manufacturing,Self-Employed,201-500,313,-,-,-,United States,https://www.taka.co.id
Westlake Tyre Europe,westlaketyres.eu,https://www.linkedin.com/company/westlake-tyre-europe,Motor Vehicle Manufacturing,Privately Held,10001+,311,1958,Frankfurt,Hesse,Germany,https://www.westlaketyres.eu
Parkers cars,parkers.co.uk,https://www.linkedin.com/company/parkers-co-uk,Motor Vehicle Manufacturing,Privately Held,201-500,308,1972,Peterborough,England,United Kingdom,https://www.parkers.co.uk
Grupo Fetasa,fetasa.com,https://www.linkedin.com/company/grupo-fetasa,Wholesale Building Materials,Privately Held,201-500,305,1985,Mexicali,B.C.,Mexico,https://www.fetasa.com
FEIYUE GROUP,feiyuegroup.com,https://www.linkedin.com/company/feiyue-group,Machinery Manufacturing,Self-Employed,1001-5000,299,1981,-,-,United States,https://feiyuegroup.com
BYD Original,originalbyd.com.br,https://www.linkedin.com/company/bydoriginal,Motor Vehicle Manufacturing,Privately Held,201-500,298,-,-,-,United States,https://www.originalbyd.com.br
KUIPERS technologies GmbH,kuipers-technologies.de,https://www.linkedin.com/company/kuipers-technologies-gmbh,Fabricated Metal Products,Public Company,201-500,297,1924,Meppen,Lower Saxony,Germany,https://kuipers-technologies.de
Mubea Aftermarket Services GmbH,mubea.com,https://www.linkedin.com/company/mubea-aftermarket-services-gmbh,Motor Vehicle Parts Manufacturing,Partnership,10001+,296,1916,Attendorn,North Rhine-Westphalia,Germany,https://mubea.com
"Badan Perakitan dan Modernisasi Pertanian, Kementerian Pertanian",pertanian.go.id,https://www.linkedin.com/company/brmp,Agriculture; Construction; Mining Machinery Manufacturing,Government Agency,5001-10000,293,-,-,-,United States,https://bsip.pertanian.go.id
Elite Elevators,eliteelevators.in,https://www.linkedin.com/company/elite-elevators,Industrial Machinery Manufacturing,Public Company,201-500,293,-,-,-,United States,https://www.eliteelevators.in/catalogs.aspx
Aircomp International,-,https://www.linkedin.com/company/aircomp-international,Industrial Machinery Manufacturing,Self-Employed,201-500,293,-,-,-,United States,-
Welch,welchvacuum.com,https://www.linkedin.com/company/welchvacuum,Machinery Manufacturing,Public Company,501-1000,290,-,Fuerstenfeldbruck,-,Germany,https://www.welchvacuum.com
RuppAir,ruppair.com,https://www.linkedin.com/company/ruppair,Industrial Machinery Manufacturing,Privately Held,201-500,290,1965,Lakeville,Minnesota,United States,https://ruppair.com
Sanica Banyo,fatinoglu.com.tr,https://www.linkedin.com/company/sanica-banyo,Wholesale Building Materials,Privately Held,501-1000,290,-,-,-,United States,https://www.fatinoglu.com.tr
Brose Sitech,-,https://www.linkedin.com/company/brose-sitech,Motor Vehicle Manufacturing,Public Company,5001-10000,287,-,-,-,United States,-
Tepass Autohaus Gruppe,ah-tepass.de,https://www.linkedin.com/company/tepassautohausgruppe,Motor Vehicle Manufacturing,Partnership,201-500,288,1949,Schwelm,North Rhine-Westphalia,Germany,https://www.ah-tepass.de
CMI (CraftMaster Manufacturing Inc.),cmicompany.com,https://www.linkedin.com/company/cmi--craftmaster-manufacturing-inc-,Wholesale Building Materials,Privately Held,501-1000,284,-,-,-,United States,https://www.cmicompany.com
ConveyX Corp.,conveyxcorp.com,https://www.linkedin.com/company/conveyxcorporation,Machinery Manufacturing,Privately Held,201-500,284,2018,Alpena,Michigan,United States,https://www.conveyxcorp.com
Alexandria Toyota,alexandriatoyota.com,https://www.linkedin.com/company/alexandria-toyota,Motor Vehicle Manufacturing,Privately Held,201-500,283,1973,Alexandria,Virginia,United States,https://www.alexandriatoyota.com
Heckmann Maschinenbau und Verfahrenstechnik,heckmann-mt.de,https://www.linkedin.com/company/heckmann-maschinenbau-und-verfahrenstechnik,Machinery Manufacturing,Public Company,501-1000,283,1974,Dörverden,Lower Saxony,Germany,https://heckmann-mt.de
"Chicago Association of Spring Manufacturers, Inc. (CASMI)",casmi-springworld.org,https://www.linkedin.com/company/chicago-association-of-spring-manufacturers-inc-casmi,Spring and Wire Product Manufacturing,Nonprofit,201-500,282,1944,Wales,Wisconsin,United States,https://www.casmi-springworld.org
Docteur du Pare-Brise,docteurduparebrise.com,https://www.linkedin.com/company/docteur-du-pare-brise,Motor Vehicle Manufacturing,Privately Held,201-500,281,1989,Laval,Quebec,Canada,https://www.docteurduparebrise.com
Cpc Drive,cpcdrive.com,https://www.linkedin.com/company/cpcdrive,Motor Vehicle Manufacturing,Government Agency,201-500,281,2007,Sheffield,South Yorkshire,United Kingdom,https://www.cpcdrive.com
Vending Solution Sarl,-,https://www.linkedin.com/company/vendingsolutionsarl,Machinery Manufacturing,Privately Held,501-1000,279,2013,Carros,-,France,-
DY AUTO MEXICO,dy.co.kr,https://www.linkedin.com/company/dyautomexico,Automation Machinery Manufacturing,Public Company,201-500,275,2015,Pesqueria,Nuevo León,Mexico,https://auto.dy.co.kr/kr
Futurama Tires,futuramatires.com.mx,https://www.linkedin.com/company/futuramatires,Motor Vehicle Manufacturing,Privately Held,201-500,275,1988,Cuernavaca,Morelos,Mexico,https://futuramatires.com.mx
Eshop Ricoh France,ricoh.fr,https://www.linkedin.com/company/eshop-ricoh,Machinery Manufacturing,Privately Held,10001+,275,2017,Rungis,Ile-De-France,France,https://pro.ricoh.fr
Lexus of Woodland Hills,lexusofwoodlandhills.com,https://www.linkedin.com/company/lexus-of-woodland-hills,Motor Vehicle Manufacturing,Privately Held,201-500,272,-,Woodland Hills,California,United States,https://lexusofwoodlandhills.com
Baxter Chrysler Dodge Jeep Ram West Dodge,baxterchryslerjeepdodge.net,https://www.linkedin.com/company/baxter-chrysler-jeep-dodge,Motor Vehicle Manufacturing,Privately Held,501-1000,271,-,Omaha,Nebraska,United States,https://www.baxterchryslerjeepdodge.net
Acerlan Matrix Metals,matrixmetalsglobal.com,https://www.linkedin.com/company/acerlan-matrix-metals,Fabricated Metal Products,Privately Held,501-1000,271,1978,San Juan del Río,Querétaro,Mexico,https://matrixmetalsglobal.com
Autohaus Timmer GmbH,auto-timmer.de,https://www.linkedin.com/company/auto-timmer,Motor Vehicle Manufacturing,Self-Owned,201-500,268,1961,Lingen,Lower Saxony,Germany,https://www.auto-timmer.de
Frank & Pignard,frank-et-pignard.com,https://www.linkedin.com/company/frank-&-pignard,Motor Vehicle Manufacturing,Privately Held,501-1000,268,-,-,-,France,https://www.frank-et-pignard.com
Brico Leclerc,-,https://www.linkedin.com/company/brico-leclerc,Wholesale Building Materials,-,201-500,266,-,Argentan,-,France,-
Bolton Plastic Components Limited,boplas.co.uk,https://www.linkedin.com/company/bolton-plastic-components-limited,Automation Machinery Manufacturing,Privately Held,201-500,263,-,Nottingham,England,United Kingdom,https://www.boplas.co.uk
Novos Metais LTDA,fabrimar.com.br,https://www.linkedin.com/company/fabrimarmetais,Wholesale Building Materials,Privately Held,501-1000,262,-,-,-,United States,https://fabrimar.com.br
Unidrive Solutions Acg - Div. Of Milwaukee Electronics,unidrive.solutions,https://www.linkedin.com/company/unidrive-solutions-acg,Industrial Machinery Manufacturing,Privately Held,501-1000,260,-,Milwaukee,Wisconsin,United States,https://www.unidrive.solutions
Enotomait,syscomme.com,https://www.linkedin.com/company/enotomait,Automation Machinery Manufacturing,Privately Held,201-500,256,1979,Vaughan,Ontario,Canada,https://syscomme.com
"Greenfield Labs, Ford Smart Mobility",greenfieldlabs.com,https://www.linkedin.com/company/greenfield-labs-ford-smart-mobility,Motor Vehicle Manufacturing,Privately Held,201-500,254,2016,Palo Alto,California,United States,https://greenfieldlabs.com
DKVDC,dkvdc.nl,https://www.linkedin.com/company/dkvdc,Wholesale Building Materials,Partnership,201-500,253,-,-,-,United States,https://www.dkvdc.nl
Naffco Power,naffcopower.com,https://www.linkedin.com/company/naffcopower,Motor Vehicle Manufacturing,Privately Held,10001+,249,-,-,-,United States,https://www.naffcopower.com
Wolseley Ireland Group Limited,-,https://www.linkedin.com/company/wolseley-ireland,Wholesale Building Materials,Privately Held,501-1000,249,-,-,-,United States,-
UNIFER HYDROFORMING,unifer.net,https://www.linkedin.com/company/unifer-srl,Motor Vehicle Manufacturing,Privately Held,201-500,248,-,-,-,Italy,https://unifer.net
Alumil France,alumil.com,https://www.linkedin.com/company/alumil-france,Wholesale Building Materials,Privately Held,1001-5000,248,2006,Marseille,Provence-Alpes-Côte d'Azur,France,https://www.alumil.com/international
Hyundai-Kia Machine America,hyundai-kiamachine.com,https://www.linkedin.com/company/hyundai-kia-machine-america,Machinery Manufacturing,Public Company,5001-10000,247,-,-,-,United States,https://www.hyundai-kiamachine.com
HMT Heldener Metalltechnik,hmt-automotive.com,https://www.linkedin.com/company/hmt-automotive,Motor Vehicle Manufacturing,Public Company,501-1000,243,1997,Attendorn,North Rhine-Westphalia,Germany,https://www.hmt-automotive.com
Multilaser San Luis,wa.link,https://www.linkedin.com/company/multilaser-san-luis,Industrial Machinery Manufacturing,Self-Employed,201-500,243,2020,San Luis Potosí,San Luis Potosí,Mexico,https://wa.link/t039ts
"White Conveyors, Inc",white-conveyors.com,https://www.linkedin.com/company/white-conveyors-inc,Industrial Automation,Privately Held,201-500,240,-,Kenilworth,New Jersey,United States,https://www.white-conveyors.com
BG-Graspointner Inc. (North America),bg-graspointner.com,https://www.linkedin.com/company/bg-graspointner-northamerica,Wholesale Building Materials,Privately Held,201-500,240,1963,Montreal,Quebec,Canada,https://www.bg-graspointner.com
As Mechanical Technology Srl,asmechanicaltechnology.it,https://www.linkedin.com/company/as-mechanical-technology-srl,Automation Machinery Manufacturing,Self-Owned,201-500,240,2006,Nonantola,Missouri,United States,https://asmechanicaltechnology.it
AFPRO Filters Nederland,afprofilters.com,https://www.linkedin.com/company/afpro-filters-nederland,Wholesale Building Materials,Privately Held,501-1000,239,-,Alkmaar,Noord-Holland,Netherlands,https://www.afprofilters.com/nl
tatamotorcompany,googleadservices.com,https://www.linkedin.com/company/tatamotorcompany,Commercial and Service Industry Machinery Manufacturing,Public Company,501-1000,236,-,-,-,United States,https://www.googleadservices.com/pagead/aclk
Solar Fabrications,solarfabrications.co.uk,https://www.linkedin.com/company/solar-fabrications,Wholesale Building Materials,Public Company,201-500,236,-,-,-,United States,https://www.solarfabrications.co.uk
SoftBank Robotics Singapore,softbankrobotics.com,https://www.linkedin.com/company/softbank-robotics-singapore,Automation Machinery Manufacturing,Privately Held,201-500,235,-,-,-,United States,https://apac.softbankrobotics.com/apac/sg/robots
Les Rencontres Achat Et Approvisionnement,enedis.fr,https://www.linkedin.com/company/les-rencontres-achat-et-approvisionnement,Electric Power Transmission; Control; and Distribution,Privately Held,201-500,235,-,Courbevoie,-,France,https://www.enedis.fr/les-achats-denedis
OWP Engines,-,https://www.linkedin.com/company/owp-engines,Machinery Manufacturing,Privately Held,201-500,232,-,Ridgefield,Washington,United States,-
JCT600 Audi,jct600.co.uk,https://www.linkedin.com/company/jct600-audi,Motor Vehicle Manufacturing,Privately Held,201-500,231,-,Bradford,-,United Kingdom,https://www.jct600.co.uk/brands/audi
KE Manufacturing,ke-group.com,https://www.linkedin.com/company/ke-manufacturing,Industrial Machinery Manufacturing,Privately Held,201-500,230,1965,Borough Green,Kent,United Kingdom,https://www.ke-group.com
EMG USA Inc.,emg-automation.com,https://www.linkedin.com/company/emgusainc,Automation Machinery Manufacturing,Public Company,201-500,229,1946,Twinsburg,Ohio,United States,https://www.emg-automation.com
Köhler Automobiltechnik,koehlerauto.de,https://www.linkedin.com/company/k-hler-automobiltechnik,Motor Vehicle Manufacturing,Public Company,201-500,227,1949,Lippstadt,North Rhine-Westphalia,Germany,https://www.koehlerauto.de
Shuolong Architectural Mesh,shuolongmetalmesh.com,https://www.linkedin.com/company/architecturalwiremesh,Fabricated Metal Products,Public Company,201-500,227,2008,-,-,United States,https://www.shuolongmetalmesh.com
Saturno,saturno.it,https://www.linkedin.com/company/saturno_2,Motor Vehicle Manufacturing,Sole Proprietorship,201-500,226,-,-,-,Italy,https://www.saturno.it
Erxleben Verformungstechnik GmbH,erxleben.biz,https://www.linkedin.com/company/erxleben-verformungstechnik-gmbh,Motor Vehicle Manufacturing,Privately Held,201-500,224,-,Wildeshausen,Lower Saxony,Germany,https://www.erxleben.biz
VENTRAMEX S DE RL DE CV,-,https://www.linkedin.com/company/ventramex-s-de-rl-de-cv,Machinery Manufacturing,-,201-500,219,-,-,Parque Industrial Bernardo Quintana,Mexico,-
Bilia Söderbergs Bil,soderbergsbil.se,https://www.linkedin.com/company/s%c3%b6derbergs-bil,Motor Vehicle Manufacturing,Privately Held,201-500,218,1954,Norrköping,Östergötland County,Sweden,https://www.soderbergsbil.se
South Bay Lube Inc,jiffyjobs.careers,https://www.linkedin.com/company/south-bay-lube-inc,Motor Vehicle Manufacturing,Privately Held,201-500,218,1992,Sarasota,Florida,United States,https://www.joinjiffy.com
"ADD-USA, Inc.",prtautoparts.com,https://www.linkedin.com/company/add-usa-inc,Motor Vehicle Manufacturing,Sole Proprietorship,1001-5000,218,-,Buford,Gerogia,United States,https://prtautoparts.com
Braime Group PLC,braimegroup.com,https://www.linkedin.com/company/braimegroup,Industrial Machinery Manufacturing,Public Company,201-500,218,1888,-,-,United Kingdom,https://braimegroup.com
Kostone Inc.,kostoneus.com,https://www.linkedin.com/company/kostone-inc,Wholesale Building Materials,Privately Held,501-1000,218,2022,Addison,Texas,United States,https://www.kostoneus.com
Wöhler Brush Tech GmbH,woehler.com,https://www.linkedin.com/company/woehlerbt,Machinery Manufacturing,Public Company,201-500,217,1932,Bad Wünnenberg,North Rhine-Westphalia,Germany,https://bt.woehler.com
EURABUS GmbH,eurabus.de,https://www.linkedin.com/company/eurabus-gmbh,Motor Vehicle Manufacturing,Privately Held,1001-5000,217,2015,Berlin,Berlin,Germany,https://eurabus.de
Fiat Gesco,-,https://www.linkedin.com/company/fiat-gesco,Motor Vehicle Manufacturing,Privately Held,10001+,216,-,-,-,Italy,-
Sundwiger Messingwerk GmbH,sundwiger-mw.com,https://www.linkedin.com/company/sundwiger-messingwerk-gmbh,Fabricated Metal Products,Privately Held,201-500,216,1698,Hemer,North Rhine-Westphalia,Germany,https://www.sundwiger-mw.com/impressum
Clarke Powered Solutions,clarkepoweredsolutions.com,https://www.linkedin.com/company/clarke-powered-solutions,Machinery Manufacturing,Privately Held,201-500,216,1961,Kansas City,Kansas,United States,https://clarkepoweredsolutions.com
Abcor,abcor.com.au,https://www.linkedin.com/company/abcorgroup,Industrial Machinery Manufacturing,Privately Held,201-500,214,-,Campbellfield,Victoria,Australia,https://www.abcor.com.au
Fimast - Italian Exhibition Group,fimast.eu,https://www.linkedin.com/company/fimastieg,Machinery Manufacturing,Public Company,201-500,214,-,Brescia,-,Italy,https://fimast.eu
IDH Group,idh-gruppe.de,https://www.linkedin.com/company/idh-gruppe,Industrial Machinery Manufacturing,Public Company,201-500,213,1998,Glauchau,Saxony,Germany,https://www.idh-glauchau.com/de/kontakt.html
JMC Chile,jmcchile.cl,https://www.linkedin.com/company/jmcchilecl,Motor Vehicle Manufacturing,Privately Held,501-1000,213,2018,-,-,United States,https://www.jmcchile.cl
CentrExpert SAS,centrexpert.com,https://www.linkedin.com/company/tradatex,Industrial Machinery Manufacturing,Partnership,201-500,210,2011,Chasse-sur-Rhône,Auvergne-Rhône-Alpes,France,https://www.centrexpert.com
Navistar LLC,navistar.com,https://www.linkedin.com/company/navistar-llc,Motor Vehicle Manufacturing,Public Company,201-500,207,-,Downers Grove,Illinois,United States,https://www.navistar.com
LEGI GmbH,legi.de,https://www.linkedin.com/company/legi-group,Wholesale Building Materials,Privately Held,201-500,207,-,Moers,North Rhine-Westphalia,Germany,https://www.legi.de
"Kirchhoff Automotive (Suzhou) Co., Ltd",kirchhoff-automotive.com,https://www.linkedin.com/company/kirchhoff-automotive-suzhou-co.-ltd,Motor Vehicle Manufacturing,Privately Held,201-500,206,2006,-,-,Germany,https://www.kirchhoff-automotive.com
TopDown Inc.,topdownauto.com,https://www.linkedin.com/company/topdownauto,Motor Vehicle Parts Manufacturing,Privately Held,201-500,206,-,-,-,United States,https://www.topdownauto.com
Z Turf Equipment,zturfequipment.com,https://www.linkedin.com/company/zturfequipment,Machinery Manufacturing,Public Company,201-500,205,1999,-,-,United States,https://zturfequipment.com
Proyectaire,proyectaire.net,https://www.linkedin.com/company/proyectaire,Industrial Machinery Manufacturing,Privately Held,201-500,203,-,-,-,Mexico,https://www.proyectaire.net
"American SensorX, Inc.",americansensorx.com,https://www.linkedin.com/company/americansensorxinc,Industrial Automation,Privately Held,201-500,203,1994,Ridgewood,New Jersey,United States,https://www.americansensorx.com/301/index.html
Schell Türkiye,schell.eu,https://www.linkedin.com/company/schell-t%c3%bcrkiye,Wholesale Building Materials,Public Company,201-500,202,1932,Olpe,Nordrhein-Westfalen,Germany,https://www.schell.eu/worldwide-en/schell-tr.html
XL Engineering,xl-eng.co.uk,https://www.linkedin.com/company/xlengineering-uk,Machinery Manufacturing,Public Company,201-500,201,-,Sandbach,Cheshire,United Kingdom,https://www.xl-eng.co.uk
Diplomat Heavy Industries,diplomatgroup.org,https://www.linkedin.com/company/diplomat-heavy-industries,Industrial Machinery Manufacturing,Privately Held,201-500,199,1991,-,-,United States,https://www.diplomatgroup.org
Stone construction ltd,zystone.cn,https://www.linkedin.com/company/zongyi-stone,Wholesale Building Materials,Privately Held,201-500,194,1991,-,-,United States,https://www.zystone.cn
Dunstall Holdings Limited,-,https://www.linkedin.com/company/dunstall-holdings-limited,Machinery Manufacturing,Privately Held,201-500,191,-,Dunstall,England,United Kingdom,-
Toyota Knoxville,toyotaknoxville.com,https://www.linkedin.com/company/toyota-knoxville,Motor Vehicle Manufacturing,Privately Held,201-500,190,1957,Knoxville,Tennessee,United States,https://www.toyotaknoxville.com
Actech North America Inc,rapidcastings.com,https://www.linkedin.com/company/actech-north-america-inc,Fabricated Metal Products,Public Company,201-500,190,1995,Ann Arbor,Michigan,United States,https://www.rapidcastings.com
manroland web systems GmbH,manroland-web.com,https://www.linkedin.com/company/mrws,Machinery Manufacturing,Public Company,501-1000,187,2012,Augsburg,Bavaria,Germany,https://www.manroland-web.com
GRANDFORM,grandform.fr,https://www.linkedin.com/company/grandform,Wholesale Building Materials,Sole Proprietorship,201-500,187,1978,Paris,Île-de-France,France,https://www.grandform.fr/fr
VENUSA DE MEXICO SA DE CV,-,https://www.linkedin.com/company/venusa-de-mexico-sa-de-cv,Machinery Manufacturing,-,201-500,186,-,-,Juárez,Mexico,-
Agnew Škoda,-,https://www.linkedin.com/company/agnew-skoda,Motor Vehicle Manufacturing,Public Company,201-500,185,-,Belfast,Northern Ireland,United Kingdom,-
Jenkins and Wynne,jenkinsandwynne.com,https://www.linkedin.com/company/jenkins-and-wynne,Motor Vehicle Manufacturing,Sole Proprietorship,201-500,182,1953,Clarksville,Tennessee,United States,https://www.jenkinsandwynne.com
BMW of Honolulu,bmwhawaii.com,https://www.linkedin.com/company/bmwhawaii,Motor Vehicle Manufacturing,Privately Held,201-500,182,-,Honolulu,Hawaii,United States,https://www.bmwhawaii.com
Van Tilburg-Bastianen DAF B.V.,tb.nl,https://www.linkedin.com/company/van-tilburg-bastianen-daf-b.v.,Motor Vehicle Manufacturing,-,201-500,181,-,BREDA,-,Netherlands,https://www.tb.nl
Galleria Chevrolet,mygalleriachevrolet.com,https://www.linkedin.com/company/galleria-chevrolet,Motor Vehicle Manufacturing,Privately Held,201-500,179,-,Dallas,Texas,United States,https://www.mygalleriachevrolet.com
Bentley Padova,bentleymotors.com,https://www.linkedin.com/company/bentleypadova,Motor Vehicle Manufacturing,Privately Held,201-500,178,2019,Padova,Veneto,Italy,https://padova.bentleymotors.com
Iet Bristol Young Professionals,theiet.org,https://www.linkedin.com/company/iet-bristol-local-network,Industrial Machinery Manufacturing,Public Company,10001+,176,-,Bristol,-,United Kingdom,https://engx.theiet.org/local-networks/swe1
Al Gurg Co. LLC (Oman),-,https://www.linkedin.com/company/al-gurg-co-llc-oman,Industrial Machinery Manufacturing,Privately Held,201-500,172,-,-,-,United States,-
Máquinas Sazi,sazimaquinas.com.br,https://www.linkedin.com/company/m%c3%a1quinassazi,Industrial Machinery Manufacturing,Privately Held,501-1000,171,-,-,-,United States,https://www.sazimaquinas.com.br
SWAPA ITALIA,swapa.it,https://www.linkedin.com/company/swapa-italia,Motor Vehicle Manufacturing,Privately Held,201-500,169,2022,Milan,Lombardy,Italy,https://www.swapa.it
Kelley Blue Book Canada,kbb.ca,https://www.linkedin.com/company/kelley-blue-book-canada,Motor Vehicle Manufacturing,Privately Held,201-500,169,1912,Mississauga,Ontario,Canada,https://b2b.kbb.ca
ITW Welding LatAm,itwweldingmx.com.mx,https://www.linkedin.com/company/itw-welding-latam,Machinery Manufacturing,Privately Held,201-500,168,1920,Ciudad de México,-,Mexico,https://itwweldingmx.com.mx
MMC ENGINEERING CO. LLC,mmcgroupuae.com,https://www.linkedin.com/company/mmc-engineering,Industrial Machinery Manufacturing,Privately Held,201-500,167,-,-,-,United States,https://mmcgroupuae.com
Universal Conveyors,parkerplant.com,https://www.linkedin.com/company/universal-conveyors,Machinery Manufacturing,Privately Held,201-500,167,1947,Leicester,England,United Kingdom,https://www.parkerplant.com/bulk-handling
OpenRoad Lexus Richmond,openroadlexus.com,https://www.linkedin.com/company/richmond-lexus,Motor Vehicle Manufacturing,Privately Held,501-1000,166,-,Richmond,British Columbia,Canada,https://www.openroadlexus.com
Uniseal Makeready Services,unisealusa.com,https://www.linkedin.com/company/uniseal-makeready-services,Motor Vehicle Manufacturing,Public Company,5001-10000,165,1980,Houston,Texas,United States,https://unisealusa.com
Nacom,-,https://www.linkedin.com/company/nacom,Motor Vehicle Manufacturing,Privately Held,1001-5000,164,-,-,-,United States,-
Alois Omlor GmbH,omlor-gmbh.de,https://www.linkedin.com/company/aloisomlorgmbh,Wholesale Building Materials,Public Company,201-500,164,1938,Homburg,Saarland,Germany,https://www.omlor-gmbh.de
Icumsa 45,icumsa45.org,https://www.linkedin.com/company/icumsa-45,Agriculture; Construction; Mining Machinery Manufacturing,Privately Held,501-1000,162,-,London,England,United Kingdom,https://icumsa45.org
tji,tji.cn,https://www.linkedin.com/company/tji,Motor Vehicle Manufacturing,Privately Held,1001-5000,158,1999,-,-,United States,https://www.tji.cn
SAMMITR International Co Ltd (SMM International),sammitr.com,https://www.linkedin.com/company/sammitr-international-co-ltd-smm-international-,Motor Vehicle Manufacturing,Public Company,1001-5000,158,1967,-,-,United States,https://www.sammitr.com
Vossloh Fastening Systems America,vossloh-usa.com,https://www.linkedin.com/company/vossloh-fastening-systems-america,Railroad Equipment Manufacturing,-,201-500,158,-,-,-,United States,https://www.vossloh-usa.com/cms/en/home/vossloh_fastening_systems/vossloh_fastening_systems.html
YKK ITALIA S.P.A.,-,https://www.linkedin.com/company/ykk-italia-s.p.a.,Wholesale Building Materials,-,201-500,157,-,PERO,Mi,Italy,-
Jabatan Pertanian Sabah,-,https://www.linkedin.com/company/jabatan-pertanian-sabah,Agriculture; Construction; Mining Machinery Manufacturing,Government Agency,201-500,156,-,-,-,United States,-
Coast to Coast Carports,coast-to-coastcarports.com,https://www.linkedin.com/company/coast-to-coast-carports,Wholesale Building Materials,Privately Held,201-500,155,2001,Knoxville,Arkansas,United States,https://www.coast-to-coastcarports.com
"Bennett Lumber Products, Inc.",blpi.com,https://www.linkedin.com/company/bennett-lumber-products-inc,Wholesale Building Materials,Privately Held,201-500,155,-,Princeton,Idaho,United States,https://www.blpi.com
China United Cement Corp. Nanyang Branch,nycucc.com,https://www.linkedin.com/company/china-united-cement-corp-nanyang-branch,Wholesale Building Materials,Public Company,501-1000,155,2004,-,-,United States,https://www.nycucc.com
"Keel Mining And Crushing Equipment Co., Ltd",-,https://www.linkedin.com/company/keel-mining-and-crushing-equipment-co-ltd-,Machinery Manufacturing,Self-Owned,1001-5000,155,1987,-,-,United States,-
Peter Cox Interventi Speciali,petercoxitalia.it,https://www.linkedin.com/company/peter-cox-interventi-speciali,Wholesale Building Materials,Privately Held,201-500,153,1950,Verona,Verona,Italy,https://www.petercoxitalia.it
Metzger Baustoffe,metzgerbaustoffe.de,https://www.linkedin.com/company/metzger-baustoffe,Wholesale Building Materials,Public Company,201-500,152,1960,Dortmund,North Rhine-Westphalia,Germany,https://www.metzgerbaustoffe.de
Locksmith for Auto - Ignition key replacement car lockout 24HR,locksmithforauto.com,https://www.linkedin.com/company/locksmith-for-auto,Motor Vehicle Manufacturing,Sole Proprietorship,201-500,152,2010,-,-,United States,https://www.locksmithforauto.com
PT Brum Brum,brumbrum.id,https://www.linkedin.com/company/pt-brum-brum,Motor Vehicle Manufacturing,Privately Held,201-500,152,-,-,-,United States,https://www.brumbrum.id
KIPP NEDERLAND,kippcom.nl,https://www.linkedin.com/company/kipp-nederland,Machinery Manufacturing,Public Company,501-1000,152,1919,Zoetermeer,Zuid-Holland,Netherlands,https://www.kippcom.nl/nl/nl/home.html
Bontem Canada,page4.me,https://www.linkedin.com/company/bontem-canada,Motor Vehicle Manufacturing,Privately Held,1001-5000,151,1980,Toronto,-,Canada,https://bontem.page4.me
Ferguson Buick GMC,thinkferguson.com,https://www.linkedin.com/company/ferguson-buick-gmc,Motor Vehicle Manufacturing,Privately Held,201-500,149,1977,Norman,Oklahoma,United States,https://www.thinkferguson.com
MAGNA POWERTRAIN CAMPIGLIONE S.R.L.,hanonsystems.com,https://www.linkedin.com/company/magna-powertrain-campiglione-s.r.l.,Machinery Manufacturing,-,201-500,149,-,TORINO,To,Italy,-
RPA Process Technologies,em-lyon.com,https://www.linkedin.com/company/rpa-process-technologies,Machinery Manufacturing,Public Company,201-500,147,-,-,-,United States,-
DENZA Philippines,-,https://www.linkedin.com/company/denza-philippines,Motor Vehicle Manufacturing,Privately Held,201-500,146,-,-,-,United States,-
Billingsley Ford Lincoln Hyundai,billingsleyusa.com,https://www.linkedin.com/company/billingsley-ford,Motor Vehicle Manufacturing,Privately Held,201-500,144,1963,Lawton,Oklahoma,United States,https://www.billingsleyusa.com
Werth Benelux,werth.de,https://www.linkedin.com/company/werth-benelux,Machinery Manufacturing,Public Company,201-500,144,1951,Giessen,Hessen,Germany,https://www.werth.de/en/index.html
"Star Headlight & Lantern Co., Inc.",star1889.com,https://www.linkedin.com/company/star-headlight-lantern-co-inc,Motor Vehicle Manufacturing,Privately Held,201-500,143,1889,Avon,New York,United States,https://www.star1889.com
Innova Food Tech,innovafoodtech.it,https://www.linkedin.com/company/innovafoodtech,Machinery Manufacturing,Privately Held,5001-10000,143,-,Milano,-,Italy,https://www.innovafoodtech.it
BGN Industrial Tires,bgnindustrialtires.com,https://www.linkedin.com/company/bgn-industrial-tires,Industrial Automation,Public Company,201-500,141,-,United States,-,United States,https://www.bgnindustrialtires.com
City Motor Holdings,citymotors.co.uk,https://www.linkedin.com/company/city-motor-holdings,Motor Vehicle Manufacturing,Public Company,201-500,135,-,Basingstoke,Hampshire,United Kingdom,https://www.citymotors.co.uk
Fairfield Automotive Partners,fairfieldautomotivepartners.com,https://www.linkedin.com/company/fairfield-auto-partners,Motor Vehicle Manufacturing,Public Company,201-500,135,-,Fairfield,California,United States,https://www.fairfieldautomotivepartners.com
Camryn Industries,camryngroup.net,https://www.linkedin.com/company/camryn-industries,Motor Vehicle Manufacturing,Privately Held,201-500,134,-,Belvidere,Illinois,United States,https://camrynindustries.camryngroup.net
Innovazione E Digitalizzazione Del Settore Automotive Un Confronto Tra Piemonte E Usa,-,https://www.linkedin.com/company/settore-automotive-del-piemonte-automazione-e-digitalizzazione,Automation Machinery Manufacturing,Educational,501-1000,134,2021,Torino,Piemonte,Italy,-
Aluminco India,aluminco.in,https://www.linkedin.com/company/aluminco-indiia,Wholesale Building Materials,Privately Held,10001+,132,1982,-,-,United States,https://aluminco.in
Warren Steel Specialties,warrensteel.com,https://www.linkedin.com/company/warren-steel-specialties,Motor Vehicle Manufacturing,Privately Held,201-500,131,1931,Warren,Ohio,United States,https://www.warrensteel.com
NMI Co.,nmir.com,https://www.linkedin.com/company/nmi-co.,Motor Vehicle Manufacturing,Public Company,1001-5000,128,-,-,-,United States,https://www.nmir.com
"T & W Tire, L.P.",tandwtire.com,https://www.linkedin.com/company/t-&-w-tire-l.p.,Motor Vehicle Manufacturing,-,201-500,126,-,Wichita Falls,Texas,United States,https://tandwtire.com
"Shanmugha Arts, Science, Technology and Research Academy",sastra.edu,https://www.linkedin.com/company/shanmugha-arts-science-technology-and-research-academy,Industrial Machinery Manufacturing,-,1001-5000,125,-,-,-,United States,https://www.sastra.edu
Grupo Marro MX,grupomarro.com.mx,https://www.linkedin.com/company/grupo-marro-mx,Industrial Machinery Manufacturing,Privately Held,201-500,125,1989,Monterrey,Nuevo León,Mexico,https://www.grupomarro.com.mx
Asafcogroup - مجموعة اسافكو,asafcogroup.com,https://www.linkedin.com/company/asafcogroup-%d9%85%d8%ac%d9%85%d9%88%d8%b9%d8%a9-%d8%a7%d8%b3%d8%a7%d9%81%d9%83%d9%88,Automation Machinery Manufacturing,Privately Held,201-500,124,2017,-,-,United States,https://asafcogroup.com
Adient Valladolid,-,https://www.linkedin.com/company/adient-valladolid,Motor Vehicle Manufacturing,Self-Owned,201-500,122,-,-,-,United States,-
Erçimsan Holding,ercimsan.com.tr,https://www.linkedin.com/company/er%c3%a7imsan-holding,Wholesale Building Materials,Privately Held,1001-5000,122,-,-,-,United States,https://www.ercimsan.com.tr
GSAU,gsau.mx,https://www.linkedin.com/company/gsau,Motor Vehicle Manufacturing,Sole Proprietorship,501-1000,121,1990,Leon,Guanajuato,Mexico,https://www.gsau.mx/sitio/home
"Maswer Usa, Inc",maswer.com,https://www.linkedin.com/company/maswer-usa-inc,Motor Vehicle Manufacturing,Privately Held,501-1000,120,2019,Tuscaloosa,Alabama,United States,https://www.maswer.com
Auto Butler Warranty Inc.,autobutler.com,https://www.linkedin.com/company/auto-butler-warranty-inc,Motor Vehicle Manufacturing,Privately Held,201-500,120,1977,Minneapolis,Minnesota,United States,https://www.autobutler.com
TEGOS - Opens your world,tegos-systeme.de,https://www.linkedin.com/company/tegos-opens-your-world,Motor Vehicle Manufacturing,Public Company,201-500,119,-,Ostrach,Baden-Württemberg,Germany,https://www.tegos-systeme.de
RAS France SAS,ras-online.fr,https://www.linkedin.com/company/ras-france,Machinery Manufacturing,Privately Held,201-500,119,-,Colmar,-,France,https://ras-online.fr
Bergey's Tire & Auto Service Centers,bergeystire.com,https://www.linkedin.com/company/bergeys-tire,Motor Vehicle Manufacturing,Public Company,501-1000,118,1924,Doylestown,Pennsylvania,United States,https://www.bergeystire.com
Marine Advanced Technology Education (MATE),marinetech.org,https://www.linkedin.com/company/marine-advance-technology-education,Industrial Machinery Manufacturing,Partnership,201-500,118,-,-,-,United States,https://www.marinetech.org
PINTURA ESTAMPADO Y MONTAJE SAPI DE CV,-,https://www.linkedin.com/company/pintura-estampado-y-montaje-sapi-de-cv,Motor Vehicle Manufacturing,-,201-500,117,-,-,Celaya,Mexico,-
4FRONT DE MEXICO S DE RL DE CV,-,https://www.linkedin.com/company/4front-de-mexico-s-de-rl-de-cv,Machinery Manufacturing,-,201-500,117,-,-,Reynosa,Mexico,-
Himoinsa-Comin Khmere,cominasia.com,https://www.linkedin.com/company/himoinsa-comin-khmere,Machinery Manufacturing,Partnership,1001-5000,117,-,-,-,United States,https://www.cominasia.com
Lexus of Lincoln,lexusoflincoln.com,https://www.linkedin.com/company/lexus-of-lincoln,Motor Vehicle Manufacturing,Privately Held,501-1000,116,-,-,-,United States,https://www.lexusoflincoln.com
9to5seating,9to5seating.com,https://www.linkedin.com/company/9to5seating,Machinery Manufacturing,Sole Proprietorship,501-1000,116,-,-,-,United States,https://www.9to5seating.com
Axalta Color of the Year,axalta.com,https://www.linkedin.com/company/axaltacolor,Motor Vehicle Manufacturing,Public Company,10001+,116,1866,Mount Clemens,Michigan,United States,https://www.axalta.com
Duyvis Wiener Germany,duyviswiener.com,https://www.linkedin.com/company/duyviswienergermany,Industrial Machinery Manufacturing,Privately Held,201-500,115,-,Aachen,North Rhine-Westphalia,Germany,https://duyviswiener.com
"CADTONER, S.A. DE C.V.",cadtoner.com.mx,https://www.linkedin.com/company/cadtoner,Machinery Manufacturing,Partnership,201-500,113,1989,Monterrey,Nuevo León,Mexico,https://cadtoner.com.mx
ROSSKO IT,rossko.ru,https://www.linkedin.com/company/rosskoit,Motor Vehicle Manufacturing,Privately Held,1001-5000,112,-,-,-,United States,https://msk.rossko.ru
4S Synergies,4ssynergies.com,https://www.linkedin.com/company/4ssynergies,Motor Vehicle Manufacturing,Partnership,1001-5000,111,-,-,-,United States,https://www.4ssynergies.com
Kragen Auto Parts,-,https://www.linkedin.com/company/kragen-auto-parts,Motor Vehicle Manufacturing,-,201-500,110,-,Sacramento,California,United States,-
Restaurant Projects,restaurantprojects.co.uk,https://www.linkedin.com/company/restaurant-projects,Industrial Machinery Manufacturing,Privately Held,201-500,109,-,-,-,United States,https://www.restaurantprojects.co.uk
Hero Motos Latinoamérica,-,https://www.linkedin.com/company/hero-motos-latinoam%c3%a9rica,Motor Vehicle Manufacturing,Self-Employed,10001+,108,-,-,-,United States,-
Volvo Cars Waverley,volvocarswaverley.com.au,https://www.linkedin.com/company/volvo-cars-waverley,Motor Vehicle Manufacturing,Privately Held,201-500,108,-,Mulgrave,Victoria,Australia,https://www.volvocarswaverley.com.au
GTA Machining Solutions,gtamachining.ca,https://www.linkedin.com/company/gtamachiningsolution,Automation Machinery Manufacturing,Privately Held,201-500,105,1994,Mississauga,Ontario,Canada,https://gtamachining.ca
Orecchia S.p.A.,iveco-orecchia.it,https://www.linkedin.com/company/orecchia-s.p.a.,Machinery Manufacturing,Public Company,201-500,104,1929,-,-,Italy,https://www.iveco-orecchia.it
Fabi automobile,fabi.fr,https://www.linkedin.com/company/fabi-automobile,Motor Vehicle Manufacturing,Privately Held,201-500,104,-,-,-,France,https://www.fabi.fr
Gauthier Chrysler Dodge Jeep RAM,gauthierchrysler.com,https://www.linkedin.com/company/gauthier-chrysler,Motor Vehicle Manufacturing,Privately Held,201-500,100,1988,Winnipeg,Manitoba,Canada,https://www.gauthierchrysler.com
Tier One Lab Environments,tieronelabenvironments.com,https://www.linkedin.com/company/tier-one-lab-environments,Wholesale Building Materials,Partnership,501-1000,99,2018,Vaughan,Ontario,Canada,https://www.tieronelabenvironments.com
Tool Baggage,toolbaggage.com,https://www.linkedin.com/company/tool-baggage,Machinery Manufacturing,Privately Held,201-500,97,-,-,-,United States,https://toolbaggage.com
AQ Special Sheet Metal AB,aqg.se,https://www.linkedin.com/company/aqspecialsheetmetalab,Motor Vehicle Manufacturing,Public Company,201-500,96,-,Pålsboda,Örebro County,Sweden,https://www.aqg.se/sv/specialsheetmetal
Gch Corporation,gchcapital.co.uk,https://www.linkedin.com/company/gch-corporation,Industrial Machinery Manufacturing,Privately Held,201-500,96,-,-,-,United States,https://www.gchcapital.co.uk
"Lone Star Thermal Engineering - LSPHE(US), Inc.",lsheattransfer.com,https://www.linkedin.com/company/lone-star-thermal-engineering---lsphe-us-,Industrial Machinery Manufacturing,Privately Held,201-500,95,1965,Houston,Texas,United States,https://www.lsheattransfer.com
"Guyan International, Inc",guyaninternational.com,https://www.linkedin.com/company/guyan-international-inc,Machinery Manufacturing,Privately Held,201-500,94,1913,Barboursville,West Virginia,United States,https://www.guyaninternational.com
Orkon International Bv,orkon.nl,https://www.linkedin.com/company/orokon-international-bv,Industrial Machinery Manufacturing,Privately Held,201-500,94,-,Hengelo,-,Netherlands,https://orkon.nl
MEIER Baustoffe GmbH,meier-baustoffe.de,https://www.linkedin.com/company/meierbaustoffe,Wholesale Building Materials,Partnership,201-500,93,1883,Amberg,Bavaria,Germany,https://www.meier-baustoffe.de
Ebbinghaus Automobile,ebbinghaus-automobile.de,https://www.linkedin.com/company/ebbinghaus-automobile,Motor Vehicle Manufacturing,Public Company,201-500,90,1952,Dortmund,North Rhine-Westphalia,Germany,https://www.ebbinghaus-automobile.de
WebDoor.com,webdoor.com,https://www.linkedin.com/company/webdoor.com,Wholesale Building Materials,Public Company,1001-5000,90,-,Heerhugowaard,-,Netherlands,https://www.webdoor.com
New Focus Auto-Tech Holdings Limited,nfa360.com,https://www.linkedin.com/company/new-focus-auto-tech-holdings-limited,Motor Vehicle Manufacturing,Public Company,1001-5000,89,1994,-,-,United States,https://www.nfa360.com
Capital Motors Sudan,capital-motors.com,https://www.linkedin.com/company/capital-motors-sudan,Motor Vehicle Manufacturing,Privately Held,201-500,89,-,-,-,United States,https://www.capital-motors.com
SightLine,goodyearsightline.com,https://www.linkedin.com/company/goodyearsightline,Motor Vehicle Parts Manufacturing,Privately Held,10001+,88,2022,-,-,United States,https://www.goodyearsightline.com
Elwell-Parker,elwellparker.com,https://www.linkedin.com/company/elwell-parker,Machinery Manufacturing,Privately Held,201-500,87,1893,Coraopolis,Pennsylvania,United States,https://www.elwellparker.com
Alumax Bath Enclosures,alumaxshowerdoor.com,https://www.linkedin.com/company/alumax-bath-enclosures,Wholesale Building Materials,Privately Held,201-500,86,1949,-,-,United States,https://www.alumaxshowerdoor.com
Glasmanufaktur Brandenburg GmbH,caleg-group.de,https://www.linkedin.com/company/caleg-schrank-und-geh%c3%a4usebau-gmbh,Industrial Machinery Manufacturing,Public Company,201-500,85,1945,Spremberg,Brandenburg,Germany,https://www.caleg-group.de
Aotco Sanitary,aotco.net,https://www.linkedin.com/company/aotcosanitarypvt,Wholesale Building Materials,Privately Held,501-1000,85,-,-,-,United States,https://aotco.net
Paradise Car Wash & Detail Center,paradisecarwash.com,https://www.linkedin.com/company/paradisecarwash,Motor Vehicle Manufacturing,Partnership,201-500,84,-,-,-,United States,https://www.paradisecarwash.com
Moeller Precision Tool México,moellerdemexico.com,https://www.linkedin.com/company/moeller-precision-tool-m%c3%a9xico,Machinery Manufacturing,Self-Employed,201-500,84,1955,El Marqués,Querétaro,Mexico,https://moellerdemexico.com
Patrick Enterprises Corporation,patrickentcorp.com,https://www.linkedin.com/company/patrick-enterprises-corporation,Machinery Manufacturing,Privately Held,201-500,80,1983,Pembroke,Virginia,United States,https://www.patrickentcorp.com
AutoNation Cadillac West Palm Beach,autonationcadillacwestpalmbeach.com,https://www.linkedin.com/company/autonation-cadillac-west-palm-beach,Motor Vehicle Manufacturing,Public Company,10001+,80,-,West Palm Beach,Florida,United States,https://www.autonationcadillacwestpalmbeach.com
PRP-NE (Premium Recycled Parts-North East),prpne.com,https://www.linkedin.com/company/prp-ne,Motor Vehicle Manufacturing,Self-Employed,501-1000,80,2000,-,-,United States,https://www.prpne.com
Cron World-Class Prepress Solutions,cron-europe.com,https://www.linkedin.com/company/cron-hangzhou-cron-machinery-&-electronics-co--ltd--,Machinery Manufacturing,Privately Held,201-500,80,1992,Düsseldorf,-,Germany,https://www.cron-europe.com
Industrial Construction Services & Design,icon-industrial.com,https://www.linkedin.com/company/industrial-construction-services-&-design,Machinery Manufacturing,Privately Held,201-500,79,1985,Lake Winola,Pennsylvania,United States,https://icon-industrial.com
BYD Guatemala,-,https://www.linkedin.com/company/byd-guatemala,Motor Vehicle Manufacturing,Self-Owned,1001-5000,79,2024,-,-,United States,-
Vertical Express,verticalxpress.com,https://www.linkedin.com/company/verticalxpress,Machinery Manufacturing,Public Company,1001-5000,79,-,-,-,United States,https://verticalxpress.com
Ontime Rent A Car,ontimerentacar.com,https://www.linkedin.com/company/ontime-rent-a-car,Motor Vehicle Manufacturing,Public Company,501-1000,77,-,-,-,United States,https://www.ontimerentacar.com
Nu-Look Collision Centers,nulookcollision.com,https://www.linkedin.com/company/nu-look-collision-centers,Motor Vehicle Manufacturing,Public Company,201-500,76,1981,West Henrietta,New York,United States,https://www.nulookcollision.com
Haitian Drive Systems Official,haitiandrive.com,https://www.linkedin.com/company/haitian-drive-systems-offcial,Industrial Automation,Self-Owned,501-1000,76,2007,-,-,United States,https://haitiandrive.com/en
KAVEH KHODRO SAIPA,kavehkhodro.com,https://www.linkedin.com/company/kaveh-khodro-saipa,Motor Vehicle Manufacturing,Public Company,201-500,75,1963,-,-,United States,https://www.kavehkhodro.com
Emil Frey Vogel Automobile BMW | MINI,vogel-bmw.de,https://www.linkedin.com/company/bmw-vogel-automobile,Motor Vehicle Manufacturing,Public Company,201-500,74,1923,Landau in der Pfalz,Rhineland-Palatinate,Germany,https://vogel-bmw.de
BYMYCAR CÔTE D'AZUR,-,https://www.linkedin.com/company/bymycar-c%c3%b4te-d'azur,Motor Vehicle Manufacturing,-,201-500,74,-,VILLENEUVE LOUBET,-,France,-
Smart Manufacturing,smart-manufacturing.in,https://www.linkedin.com/company/smart-manufacturing-connected-chemical-plant,Machinery Manufacturing,Privately Held,201-500,74,-,-,-,United States,https://smart-manufacturing.in/connected-chemical
Spindler GmbH & Co. KG,spindler-gruppe.de,https://www.linkedin.com/company/spindler-gmbh-&-co.-kg,Motor Vehicle Manufacturing,Public Company,501-1000,73,1919,"Würzburg, Kitzingen & Kreuzwertheim",-,Germany,https://www.spindler-gruupe.de
Khoj Engineering Company,khojcom.com,https://www.linkedin.com/company/khoj-engineering-company,Machinery Manufacturing,Privately Held,10001+,73,-,-,-,United States,https://www.khojcom.com
Max Motion Automação Industrial,maxmotion.com.br,https://www.linkedin.com/company/max-motion-automa%c3%a7%c3%a3o-industrial,Automation Machinery Manufacturing,Privately Held,201-500,73,-,-,-,United States,https://www.maxmotion.com.br
HENDRICKSON SPRING MEXICO S DE RL DE CV,-,https://www.linkedin.com/company/hendrickson-spring-mexico-s-de-rl-de-cv,Motor Vehicle Manufacturing,-,201-500,72,-,-,Piedras Negras,Mexico,-
Waibel KG,waibel-gruppe.de,https://www.linkedin.com/company/waibel-gruppe,Wholesale Building Materials,Partnership,201-500,71,-,Gernsheim,Hesse,Germany,https://www.waibel-gruppe.de
Grupo IAGEN,iagen.com.mx,https://www.linkedin.com/company/grupo-iagen,Automation Machinery Manufacturing,Privately Held,501-1000,70,-,Aguascalientes,Aguascalientes,Mexico,https://www.iagen.com.mx
PAS Cable GmbH,pas-cable.com,https://www.linkedin.com/company/pas-cable-gmbh,Railroad Equipment Manufacturing,Public Company,201-500,70,-,Neuruppin,Brandenburg,Germany,https://www.pas-cable.com
Lifestyle Car Choice,lifestylecarchoice.co.uk,https://www.linkedin.com/company/lifestyle-car-choice,Motor Vehicle Manufacturing,Public Company,201-500,70,-,Milton Keynes,-,United Kingdom,https://www.lifestylecarchoice.co.uk
ASHRAEcok,ashraecok.org,https://www.linkedin.com/company/ashraecok,Industrial Machinery Manufacturing,Educational Institution,201-500,70,1935,Oklahoma City,-,United States,https://ashraecok.org
SWF Companies,-,https://www.linkedin.com/company/swf-companies,Machinery Manufacturing,Public Company,201-500,69,-,-,-,United States,-
Varejão das Máquinas,varejaodasmaquinas.com,https://www.linkedin.com/company/varej%c3%a3o-das-m%c3%a1quinas,Machinery Manufacturing,Privately Held,201-500,69,2018,-,-,United States,https://www.varejaodasmaquinas.com
Automotive Stuff,automotivestuff.com,https://www.linkedin.com/company/automotivestuff,Motor Vehicle Manufacturing,Partnership,201-500,69,-,Wilmington,Delaware,United States,https://www.automotivestuff.com
Precision Cut,precisioncut.com.mx,https://www.linkedin.com/company/precision-cutmx,Industrial Machinery Manufacturing,Public Company,201-500,68,-,San Simón Ticumac,Ciudad de México,Mexico,https://www.precisioncut.com.mx
ray catena motors,raycatenaedison.com,https://www.linkedin.com/company/ray-catena-motors,Motor Vehicle Manufacturing,-,1001-5000,67,-,-,-,United States,https://raycatenaedison.com
Shing Engineering Industries,-,https://www.linkedin.com/company/shing-engineering-industries,Motor Vehicle Manufacturing,Privately Held,501-1000,67,-,-,-,United States,-
Fakultät für Maschinenbau - Technische Universität Chemnitz,tu-chemnitz.de,https://www.linkedin.com/company/fakult%c3%a4t-f%c3%bcr-maschinenbau-technische-universit%c3%a4t-chemnitz,Machinery Manufacturing,Educational,501-1000,67,1836,Chemnitz,Saxony,Germany,https://www.tu-chemnitz.de/mb
Locomotive and Wagon Plant 1866,-,https://www.linkedin.com/company/locomotive-and-wagon-plant-1866,Machinery Manufacturing,Privately Held,201-500,65,-,-,-,United States,-
NTN CORPORATION Japan,ntnglobal.com,https://www.linkedin.com/company/ntn-corporation-japan,Motor Vehicle Manufacturing,Privately Held,1001-5000,64,-,-,-,United States,https://www.ntnglobal.com/en/products/cvj.html
Fiat Deutschland,fiat.de,https://www.linkedin.com/company/fiat-deutschland,Motor Vehicle Manufacturing,Public Company,10001+,64,-,-,-,United States,https://www.fiat.de
SCA SPA,grupposca.it,https://www.linkedin.com/company/sca-spa,Motor Vehicle Manufacturing,Public Company,201-500,63,-,-,-,Italy,https://www.grupposca.it
RVs.com,rvs.com,https://www.linkedin.com/company/rvs-com,Motor Vehicle Manufacturing,Public Company,501-1000,63,-,-,-,United States,https://www.rvs.com
"Niko, d.o.o., Železniki",niko.si,https://www.linkedin.com/company/niko-zelezniki,Fabricated Metal Products,Privately Held,201-500,63,1946,-,-,United States,https://www.niko.si/en
Tait Mitre 10,mitre10.com.au,https://www.linkedin.com/company/taitmitre10,Wholesale Building Materials,Public Company,201-500,62,-,Glen Iris,Victoria,Australia,https://www.mitre10.com.au
E & J Gallo,-,https://www.linkedin.com/company/e-j-galloo,Commercial and Service Industry Machinery Manufacturing,Self-Owned,5001-10000,62,-,-,-,United States,https://beverageindustry.
TR VMS,trvms.com.au,https://www.linkedin.com/company/tr-vms,Machinery Manufacturing,Privately Held,201-500,62,1989,Prestons,New South Wales,Australia,https://www.trvms.com.au
AC induction motor,cxmotor.cn,https://www.linkedin.com/company/cxmotor,Machinery Manufacturing,Sole Proprietorship,201-500,62,-,-,-,United States,https://www.cxmotor.cn
Warmup Scandinavia,warmup.se,https://www.linkedin.com/company/warmup-scandinavia,Wholesale Building Materials,Public Company,201-500,61,1994,Stockholm,-,Sweden,https://www.warmup.se
RHC Our BuildersWarehouse,ourbuilderswarehouse.com.ph,https://www.linkedin.com/company/rhc-our-builderswarehouse,Construction Hardware Manufacturing,Privately Held,501-1000,58,2018,-,-,United States,https://ourbuilderswarehouse.com.ph/index.php/home/homepage
Mecanindus Vogelsang Group,m-v-group.com,https://www.linkedin.com/company/mvgrp,Fabricated Metal Products,Privately Held,201-500,58,2003,Hagen,-,Germany,https://www.m-v-group.com
Suhas Patil,suhaspatilkingdom.com,https://www.linkedin.com/company/suhas-patil,Industrial Machinery Manufacturing,Privately Held,501-1000,58,-,-,-,United States,https://www.suhaspatilkingdom.com
ProWash Chile,prowash.cl,https://www.linkedin.com/company/prowash-chile,Motor Vehicle Manufacturing,Self-Employed,201-500,58,2008,-,-,United States,https://prowash.cl
Arutmin,-,https://www.linkedin.com/company/arutmin,Wholesale Building Materials,Self-Owned,5001-10000,57,-,Sunnyvale,California,United States,-
Firemax Tires International,firemaxtires.com,https://www.linkedin.com/company/firemaxinternational,Motor Vehicle Manufacturing,Privately Held,201-500,56,-,-,-,United States,https://www.firemaxtires.com
"ConnectIt Technologies, Inc.",connectitgateway.com,https://www.linkedin.com/company/connectit-gateway,Automation Machinery Manufacturing,Privately Held,201-500,56,-,-,-,United States,https://www.connectitgateway.com
Michael Automotive Center,michaelautomotive.com,https://www.linkedin.com/company/michael-automotive-center,Motor Vehicle Manufacturing,Public Company,201-500,55,1985,-,-,United States,https://www.michaelautomotive.com
"ООО ""Ключевые системы и компоненты""",kscgroup.ru,https://www.linkedin.com/company/%d0%be%d0%be%d0%be-%d0%ba%d0%bb%d1%8e%d1%87%d0%b5%d0%b2%d1%8b%d0%b5-%d1%81%d0%b8%d1%81%d1%82%d0%b5%d0%bc%d1%8b-%d0%b8-%d0%ba%d0%be%d0%bc%d0%bf%d0%be%d0%bd%d0%b5%d0%bd%d1%82%d1%8b,Machinery Manufacturing,Privately Held,5001-10000,54,-,-,-,United States,https://kscgroup.ru
Auto Center Nord GmbH,autocenter-chemnitz.de,https://www.linkedin.com/company/autocenterchemnitz,Motor Vehicle Manufacturing,Public Company,201-500,54,-,Chemnitz,Saxony,Germany,https://autocenter-chemnitz.de
Azklima LLC,azklima.az,https://www.linkedin.com/company/azklima-ltd,Wholesale Building Materials,Sole Proprietorship,201-500,54,-,-,-,United States,https://azklima.az
COLORADO AUTO THEFT INVESTIGATORS ASSOCIATION,coloradoautotheft.org,https://www.linkedin.com/company/colorado-auto-theft-investigators-association,Motor Vehicle Manufacturing,Government Agency,201-500,54,-,Denver,Colorado,United States,https://coloradoautotheft.org
"Auto Assembler Indonesia, PT",delimajayacarrosserie.com,https://www.linkedin.com/company/auto-assembler-indonesia-pt,Motor Vehicle Manufacturing,Privately Held,201-500,54,-,-,-,United States,https://delimajayacarrosserie.com
"CEMEX de Puerto Rico, Inc.",cemex.com,https://www.linkedin.com/company/cemex-de-puerto-rico-inc.,Wholesale Building Materials,-,201-500,52,1938,San Juan,Texas,United States,-
TechImpulse,tech-impulse.de,https://www.linkedin.com/company/tech-impulse,Industrial Automation,Sole Proprietorship,501-1000,52,2006,Mainz,-,Germany,https://www.tech-impulse.de
Lynk & Co Auto Philippines,lynkco.com,https://www.linkedin.com/company/lynkco-philippines,Motor Vehicle Manufacturing,Public Company,501-1000,52,-,-,-,United States,https://www.lynkco.com/en
AutoProfijt,autoprofijt.nl,https://www.linkedin.com/company/autoprofijt,Motor Vehicle Manufacturing,Partnership,201-500,52,-,Den Ham,-,Netherlands,https://www.autoprofijt.nl
"America's Auto Auction - Harrisburg, Pa",harrisburgautoauction.com,https://www.linkedin.com/company/america-s-auto-auction-harrisburg-pa,Motor Vehicle Manufacturing,Partnership,201-500,51,1982,Mechanicsburg,Pennsylvania,United States,https://www.harrisburgautoauction.com
Gm Used Vehicle Sales,gghl.co.uk,https://www.linkedin.com/company/gm-used-vehicle-sales,Motor Vehicle Manufacturing,Privately Held,501-1000,50,-,-,-,United Kingdom,https://www.gghl.co.uk
Hero Sri Lanka,heromotocorp.com,https://www.linkedin.com/company/hero-sri-lanka,Motor Vehicle Manufacturing,Privately Held,201-500,50,-,-,-,United States,https://www.heromotocorp.com
MXM QUARTZ TECHNOLOGY CO LTD,mxmsurfaces.com,https://www.linkedin.com/company/herostone-quartz-surfaces-limited,Wholesale Building Materials,Sole Proprietorship,201-500,50,2020,-,-,United States,https://www.mxmsurfaces.com
Kurt Gaging Systems,kurtworkholdi.com,https://www.linkedin.com/company/kurt-gaging-systems,Machinery Manufacturing,Privately Held,501-1000,50,1960,Minneapolis,Minnesota,United States,https://www.kurtworkholdi.com/gag-products-c-770.html
ASTERGO,astergo-group.com,https://www.linkedin.com/company/astergo-group,Automation Machinery Manufacturing,Privately Held,201-500,49,-,-,-,United States,https://astergo-group.com
Arcturb Technologies,arcturb.com,https://www.linkedin.com/company/arcturb-technologies,Industrial Machinery Manufacturing,Privately Held,201-500,49,1999,New York,-,United States,https://arcturb.com
ASHRAE North Piedmont,northpiedmont.org,https://www.linkedin.com/company/ashrae-north-piedmont,Industrial Machinery Manufacturing,Nonprofit,201-500,49,-,Greensboro,North Carolina,United States,https://northpiedmont.org
Maqmen movimiento y posicionamiento de maquinaria,maqmen.com,https://www.linkedin.com/company/maqmen-montacargas,Machinery Manufacturing,Public Company,201-500,48,2001,Tijuana,Baja California,Mexico,https://maqmen.com
Comisión Federal de Electricidad Experiencia Usuarios,cfeexperiencia.com,https://www.linkedin.com/company/comision-federal-de-electricidad,Electric Power Transmission; Control; and Distribution,Public Company,10001+,47,-,-,-,United States,https://cfeexperiencia.com
Starlight Industry Company Limited,starlighthardware.com,https://www.linkedin.com/company/starlight-industry-company-limited,Wholesale Building Materials,Partnership,201-500,47,1997,-,-,United States,https://www.starlighthardware.com
Supernova Engineering LTD.,supernovagenset.com,https://www.linkedin.com/company/supernova-engineering-ltd,Engines and Power Transmission Equipment Manufacturing,Privately Held,201-500,47,-,-,-,United States,https://supernovagenset.com
Munchen Motors,munchenmotorscovingtonla.com,https://www.linkedin.com/company/munchen-motors,Motor Vehicle Manufacturing,-,201-500,46,-,Mandeville,Louisiana,United States,https://www.munchenmotorscovingtonla.com
Maria Composite,songhe.cc,https://www.linkedin.com/company/qinhuangdao-songhe-composite-materials-development-co.-ltd,Machinery Manufacturing,Self-Employed,201-500,46,1999,-,-,United States,https://www.songhe.cc
Excel Boat Company LLC,excelboats.com,https://www.linkedin.com/company/excel-boat-company-llc,Motor Vehicle Manufacturing,Privately Held,201-500,45,2006,West Jordan,Utah,United States,https://excelboats.com
Reitter & Schefenacker,-,https://www.linkedin.com/company/reitter-&-schefenacker,Motor Vehicle Manufacturing,Public Company,201-500,45,-,-,-,United States,-
Brite Line Automotive Tape,brite-line.com,https://www.linkedin.com/company/brite-line-automotive-tape,Motor Vehicle Parts Manufacturing,Privately Held,201-500,45,-,El Paso,Texas,United States,https://brite-line.com/automotive-products
Hot Rod Garage,hotrodgarage.ca,https://www.linkedin.com/company/hot-rod-garage,Motor Vehicle Manufacturing,-,10001+,44,-,-,-,United States,https://www.hotrodgarage.ca
Motociclo peças e acessórios,mcmotociclo.com.br,https://www.linkedin.com/company/motociclo-iron,Motor Vehicle Parts Manufacturing,Privately Held,201-500,44,-,-,-,United States,https://www.mcmotociclo.com.br
Global Auto Transportation,globalautotransportation.com,https://www.linkedin.com/company/global-auto-transportation,Motor Vehicle Manufacturing,-,201-500,44,-,-,-,United States,https://www.globalautotransportation.com
HMG Westhill Pty Ltd,heavymaintenancegroup.com.au,https://www.linkedin.com/company/hmg-westhill-pty-ltd,Industrial Machinery Manufacturing,Privately Held,201-500,44,-,-,-,Australia,https://www.heavymaintenancegroup.com.au
Boom Lift Dallas,ezequipmentrental.com,https://www.linkedin.com/company/boomliftdal64,Industrial Machinery Manufacturing,Public Company,201-500,44,-,Lamesa,Texas,United States,https://www.ezequipmentrental.com/boom-lift-dallas
Ashok Leyland Ke,-,https://www.linkedin.com/company/ashok-leyland-ke,Motor Vehicle Manufacturing,Privately Held,201-500,44,-,-,-,United States,-
Sima Association,simaassociation.com,https://www.linkedin.com/company/sima-association,Industrial Automation,Privately Held,201-500,44,-,-,-,United States,https://simaassociation.com
"Guangdong Fushan Technology Co., Ltd",fushan.cn,https://www.linkedin.com/company/guangdong-fushan-glass-machinery-co-ltd,Machinery Manufacturing,Privately Held,201-500,43,1988,-,-,United States,https://www.fushan.cn
"Grad America, Inc",gradltd.com,https://www.linkedin.com/company/grad-america-inc,Wholesale Building Materials,Privately Held,1001-5000,43,-,Costa Mesa,California,United States,https://gradltd.com
De Haas B.V.,dehaasbv.nl,https://www.linkedin.com/company/de-haas-b-v,Wholesale Building Materials,Privately Held,201-500,41,-,Ede,Gelderland,Netherlands,https://www.dehaasbv.nl
Controlling Section Manager at Qimonda,knauf.de,https://www.linkedin.com/company/controlling-section-manager-at-qimonda,Wholesale Building Materials,Privately Held,10001+,41,-,-,-,Germany,https://www.knauf.de/content/de/index.html
NISSAN EC,-,https://www.linkedin.com/company/nissan-ec,Motor Vehicle Manufacturing,Privately Held,501-1000,41,-,-,-,United States,-
Bergmann Maschinenbau,bergmann-mb.de,https://www.linkedin.com/company/bergmann-maschinenbau,Machinery Manufacturing,-,201-500,41,-,-,-,Germany,https://bergmann-mb.de
SARL SK GENERATEURS,skgenerateurs.dz,https://www.linkedin.com/company/sarl-sk-generateurs-algerie,Machinery Manufacturing,Self-Employed,201-500,40,2012,-,-,United States,https://www.skgenerateurs.dz
RILEZ MEXICANA,-,https://www.linkedin.com/company/rilez-mexicana,Machinery Manufacturing,-,201-500,39,-,-,Tijuana,Mexico,-
San Francisco California,californiaprimerib.com.mx,https://www.linkedin.com/company/san-francisco-california,Automation Machinery Manufacturing,-,10001+,39,-,Celaya,-,Mexico,https://californiaprimerib.com.mx
REMOSA S.R.L.,-,https://www.linkedin.com/company/remosa-s.r.l.,Machinery Manufacturing,-,201-500,39,-,CAGLIARI,Ca,Italy,-
King De Long Group Limited,kingdelong.com,https://www.linkedin.com/company/king-de-long-group-limited,Wholesale Building Materials,Privately Held,201-500,39,1986,-,-,United States,https://www.kingdelong.com
Seward Wessex,sewardcars.com,https://www.linkedin.com/company/seward-wessex,Motor Vehicle Manufacturing,Privately Held,201-500,39,1989,Poole,Dorset,United Kingdom,https://www.sewardcars.com
BMI Messzeuge,bmi.de,https://www.linkedin.com/company/bmi-messzeuge,Wholesale Building Materials,Public Company,201-500,39,1948,Hersbruck,Bavaria,Germany,https://www.bmi.de
Mudon Maung Maung Group of Companies,mudonmaungmaung.com,https://www.linkedin.com/company/mudon-maung-maung-group-of-companies,Agriculture; Construction; Mining Machinery Manufacturing,Self-Employed,1001-5000,38,1993,-,-,United States,https://www.mudonmaungmaung.com
Pema Truck - och Traileruthyrning AB,pema.eu,https://www.linkedin.com/company/pema-truck-och-traileruthyrning-ab,Motor Vehicle Manufacturing,Public Company,201-500,38,1976,Helsingborg,Skåne County,Sweden,https://pema.eu
Caj Inc,cajinc.net,https://www.linkedin.com/company/caj-inc,Motor Vehicle Manufacturing,-,201-500,38,-,New Iberia,Louisiana,United States,https://www.linkedin.com/redir/suspicious-page
HYPERMAQ MAQUINARIA LIGERA,maquinaria-hypermaq.com.mx,https://www.linkedin.com/company/hypermaq,Wholesale Building Materials,Privately Held,201-500,38,-,Ecatepec de morelos,State of Mexico,Mexico,https://www.maquinaria-hypermaq.com.mx
"Rhiag - Inter Auto Parts Italia S.P.A. O, In Forma Abbreviata, Alternativamente Rhiag S.P.A. O Iap Italia S.P.A",-,https://www.linkedin.com/company/rhiag---inter-auto-parts-italia-s.p.a.-o-in-forma-abbreviata-alternativamente-rhiag-s.p.a.-o-iap-ita,Motor Vehicle Manufacturing,-,201-500,38,-,Bergamo,Bg,Italy,-
"Engineered Controls International, Inc.",regoproducts.com,https://www.linkedin.com/company/engineered-controls-international-inc.,Machinery Manufacturing,-,501-1000,37,1908,Elon,North Carolina,United States,https://regoproducts.com
"Ching Hung Machinery & Electric Industrial Co., Ltd",chmer.com,https://www.linkedin.com/company/ching-hung-machinery-electric-industrial-co-ltd,Machinery Manufacturing,Privately Held,201-500,36,-,-,-,United States,https://www.chmer.com
"NORTH AMERICAN RADIATORS, S. DE R.L. DE C.V.",-,https://www.linkedin.com/company/north-american-radiators-s.-de-r.l.-de-c.v.,Machinery Manufacturing,-,201-500,35,-,-,Nuevo Laredo,Mexico,-
Minda International,mindainternational.com,https://www.linkedin.com/company/minda-international,Motor Vehicle Manufacturing,-,201-500,35,-,New Windsor,New York,United States,https://mindainternational.com
AMBP,ambp.com,https://www.linkedin.com/company/advanced-modern,Retail Building Materials and Garden Equipment,Privately Held,201-500,35,-,-,-,United States,https://www.ambp.com
Everlasting Base Sdn Bhd,-,https://www.linkedin.com/company/everlasting-base-sdn-bhd,Wholesale Building Materials,Privately Held,501-1000,34,-,-,-,United States,-
Ford Guiné Bissau,-,https://www.linkedin.com/company/ford-guin%c3%a9-bissau,Motor Vehicle Manufacturing,Privately Held,501-1000,34,-,-,-,United States,-
Zeekr Querétaro,-,https://www.linkedin.com/company/zeekr-quer%c3%a9taro,Motor Vehicle Manufacturing,Privately Held,10001+,34,-,Querétaro,Querétaro,Mexico,-
Microsoft Inc,microsoft.com,https://www.linkedin.com/company/microsoft-inc,Wholesale Building Materials,Government Agency,501-1000,34,-,-,-,United States,https://www.microsoft.com/en-us
"Zhengzhou Hanhang Abrasive Co.,ltd",china-shaper.com,https://www.linkedin.com/company/zhengzhou-hanhang-abrasive-co-ltd,Wholesale Building Materials,Privately Held,201-500,34,1998,-,-,United States,https://www.china-shaper.com
Opp Iot Technologies Co,oppiot.com,https://www.linkedin.com/company/oppiotags,Automation Machinery Manufacturing,Privately Held,201-500,33,-,-,-,United States,https://www.oppiot.com
Mini Autopolis,bmw.com.mx,https://www.linkedin.com/company/miniautopolis,Motor Vehicle Manufacturing,Self-Owned,201-500,33,2017,Monterrey,Nuevo,Mexico,https://www.bmw.com.mx/es/distribuidores/cumbres.html
Covnav,covnav.com,https://www.linkedin.com/company/covnav,Automation Machinery Manufacturing,Partnership,201-500,33,2000,-,-,United States,https://covnav.com
FCI Faucets,fcifaucets.com,https://www.linkedin.com/company/fcifaucets,Wholesale Building Materials,Public Company,201-500,33,-,-,-,United States,https://www.fcifaucets.com
Noranda Recycling Inc.,-,https://www.linkedin.com/company/noranda-recycling-inc.,Industrial Machinery Manufacturing,Public Company,10001+,32,-,-,-,United States,-
Maas International B.V.,maas.nl,https://www.linkedin.com/company/maas-international-b.v.,Machinery Manufacturing,-,201-500,32,-,SON EN BREUGEL,-,Netherlands,https://www.maas.nl
LCSi Raamsdonksveer,lcsi.nl,https://www.linkedin.com/company/lcsi-raamsdonksveer,Machinery Manufacturing,Self-Employed,201-500,31,-,-,-,Netherlands,https://www.lcsi.nl
Swisspor Deutschland Gmbh,swisspor-deutschland.de,https://www.linkedin.com/company/swisspor-deutschland-gmbh,Wholesale Building Materials,Partnership,1001-5000,31,-,Harzgerode,Saxony-Anhalt,Germany,https://swisspor-deutschland.de
U-Shin Manufacturing (Wuxi) Co. Ltd.,-,https://www.linkedin.com/company/u-shin-manufacturing-wuxi-co-ltd,Motor Vehicle Manufacturing,Sole Proprietorship,501-1000,30,-,-,-,United States,-
Agam Plants Corporation,agam.co.il,https://www.linkedin.com/company/agam-plants,Machinery Manufacturing,Privately Held,201-500,30,1972,-,-,United States,https://www.agam.co.il
Shaoyi (Ningbo) Metal Technology Co.,shao-yi.com,https://www.linkedin.com/company/shaoyi-metal-technology-co,Motor Vehicle Parts Manufacturing,Self-Owned,201-500,30,-,-,-,United States,https://www.shao-yi.com
"Zhejiang Jingjin Machinery Co.,Ltd",jzjxc.cn,https://www.linkedin.com/company/zhejiang-jingjin-machinery-co.-ltd,Machinery Manufacturing,Sole Proprietorship,201-500,30,1997,-,-,United States,https://www.jzjxc.cn
Spirit Of Rolls-Royce,rolls-roycemotorcars-europe.com,https://www.linkedin.com/company/spirit-of-rolls-royce,Motor Vehicle Manufacturing,Public Company,1001-5000,30,1906,Westhampnett,England,United Kingdom,https://www.rolls-roycemotorcars-europe.com
Sewickley Car Store,sewickleycars.net,https://www.linkedin.com/company/sewickley-car-store,Motor Vehicle Manufacturing,-,10001+,29,-,Sewickley,-,United Kingdom,https://www.sewickleycars.net
FFW DE MEXICO SA DE CV,-,https://www.linkedin.com/company/ffw-de-mexico-sa-de-cv,Motor Vehicle Manufacturing,-,201-500,29,-,-,Heroica Matamoros,Mexico,-
Cruser®,cruser.ltd,https://www.linkedin.com/company/cruser%c2%ae,Machinery Manufacturing,Public Company,201-500,29,2015,Luton,England,United Kingdom,https://cruser.ltd
Honda Prima (PT. Prima Anaga Raina),-,https://www.linkedin.com/company/honda-prima,Motor Vehicle Manufacturing,Partnership,201-500,28,-,-,-,United States,-
HARVEY WATER SOFTENERS LIMITED,harveywatersofteners.co.uk,https://www.linkedin.com/company/harvey-water-softeners-limited,Machinery Manufacturing,-,201-500,28,-,SURREY,-,United Kingdom,https://www.harveywatersofteners.co.uk
SOCIETE LAURENT PERE ET FILS,-,https://www.linkedin.com/company/societe-laurent-pere-et-fils,Motor Vehicle Manufacturing,-,201-500,28,-,ST ETIENNE,-,France,-
GRUPPO BOSSONI S.P.A.,gruppobossoni.it,https://www.linkedin.com/company/gruppo-bossoni-s.p.a.,Motor Vehicle Manufacturing,-,201-500,28,-,ORZINUOVI,Bs,Italy,-
KAVANAGH RESCUE,kavanaghrescue.com,https://www.linkedin.com/company/kavanagh-motor-group-limited,Motor Vehicle Manufacturing,Privately Held,201-500,28,1985,CROYDON,-,United Kingdom,https://www.kavanaghrescue.com
Recursos Humanos Grupo Autopolis,-,https://www.linkedin.com/company/recursos-humanos-grupo-autopolis,Motor Vehicle Manufacturing,Privately Held,501-1000,28,-,-,-,United States,-
Web Tech Alliance,web-tech-alliance.com,https://www.linkedin.com/company/web-tech-alliance,Industrial Machinery Manufacturing,Partnership,201-500,28,2021,-,-,United States,https://web-tech-alliance.com
Engine Of Careers,-,https://www.linkedin.com/company/engine-of-careers,Motor Vehicle Manufacturing,Privately Held,5001-10000,28,2013,-,-,United States,-
Suministros Industriales Delta,delta-ca.com,https://www.linkedin.com/company/suministros-industriales-delta,Machinery Manufacturing,Sole Proprietorship,201-500,27,-,-,-,United States,https://delta-ca.com
Pt. Diametral Involute,-,https://www.linkedin.com/company/pt-diametral-involute,Motor Vehicle Manufacturing,Partnership,501-1000,27,-,-,-,United States,-
Airtight Facilitech Please Visit Airtight Facilitech 24x7 Service As It Is The Real Home Page,atftservices.com,https://www.linkedin.com/company/airtight-energy-group-llc,Industrial Machinery Manufacturing,Privately Held,501-1000,27,2014,-,-,United States,https://www.atftservices.com
EUROVIA DROME ARDECHE LOIRE AUVERGNE,-,https://www.linkedin.com/company/eurovia-drome-ardeche-loire-auvergne,Railroad Equipment Manufacturing,-,501-1000,27,-,Saint-Jean-Bonnefonds,-,France,-
Midwest Reliable Transmissions,-,https://www.linkedin.com/company/midwest-reliable-transmissions,Motor Vehicle Manufacturing,Privately Held,501-1000,27,1986,-,-,United States,-
Fmb - Farmtrac Meimberg Brasil,fmb.ind.br,https://www.linkedin.com/company/fmb-farmtrac-meimberg-brasil,Machinery Manufacturing,Partnership,201-500,26,-,-,-,United States,https://fmb.ind.br
Mashatel ElDawlia - مشاتل الشركة الدولية,mangoeldawlia.com,https://www.linkedin.com/company/mangoeldawlia,Agriculture; Construction; Mining Machinery Manufacturing,Partnership,201-500,26,1998,-,-,United States,https://mangoeldawlia.com
Audi Electric Car,audi.in,https://www.linkedin.com/company/audiinn,Motor Vehicle Manufacturing,Privately Held,10001+,25,-,-,-,United States,https://www.audi.in/in/web/en.html
SCS Control Systems,scs-controls.com,https://www.linkedin.com/company/scs-controls,Industrial Machinery Manufacturing,Privately Held,201-500,25,1996,Columbus,Ohio,United States,https://www.scs-controls.com
Geez AI and Robotic Technology,geez.et,https://www.linkedin.com/company/geez-ai-and-robotic-technology,Industrial Automation,Privately Held,201-500,25,-,-,-,United States,https://www.geez.et
"Mde International, Inc",mdeintl.com,https://www.linkedin.com/company/mde-international-inc,Motor Vehicle Manufacturing,Privately Held,201-500,24,1951,Burton,Michigan,United States,https://www.mdeintl.com
Suzuki Kenya,-,https://www.linkedin.com/company/suzuki-kenya,Motor Vehicle Manufacturing,Public Company,10001+,24,-,-,-,United States,-
"Zhejiang Anma sanitaryware Co.,Ltd.",anmafaucet.com,https://www.linkedin.com/company/zhejiang-anma-sanitaryware-co.-ltd.,Wholesale Building Materials,Privately Held,501-1000,24,1992,-,-,United States,https://www.anmafaucet.com
Spradley,spradley.com,https://www.linkedin.com/company/spradley,Motor Vehicle Manufacturing,-,201-500,23,-,-,-,United States,https://www.spradley.com
Muhler,muhler.com,https://www.linkedin.com/company/muhler,Wholesale Building Materials,-,201-500,23,-,-,-,United States,https://muhler.com
Bruce Ford,bruceford.ca,https://www.linkedin.com/company/bruce-ford,Motor Vehicle Manufacturing,Public Company,201-500,23,-,Middleton,Nova Scotia,Canada,https://www.bruceford.ca
FYMACERO,fymacero.com,https://www.linkedin.com/company/fymacero,Fabricated Metal Products,Partnership,201-500,23,-,Torreón,Coahuila,Mexico,https://wa.me/18113014966
ZIPFIXX,zipfixx.com,https://www.linkedin.com/company/zipfixx-llc,Motor Vehicle Manufacturing,Privately Held,201-500,23,2017,Tucson,Arizona,United States,https://www.zipfixx.com
Artech Infra Engineering (Pvt) Ltd,artechinfra.in,https://www.linkedin.com/company/artech-infra-engineering-pvt-ltd,Fabricated Metal Products,Privately Held,201-500,23,2008,-,-,United States,https://www.artechinfra.in
Autolagebijtelling.Nl,autolagebijtelling.nl,https://www.linkedin.com/company/autolagebijtelling.nl,Motor Vehicle Manufacturing,Privately Held,201-500,23,2016,Dordrecht,-,Netherlands,https://www.autolagebijtelling.nl
GNR APOYO ESTRATEGICO SA DE CV,-,https://www.linkedin.com/company/gnr-apoyo-estrategico-sa-de-cv,Machinery Manufacturing,-,201-500,22,-,-,Benito Juárez,Mexico,-
Hjs Usa,hjs-usa.com,https://www.linkedin.com/company/hjs-usa,Engines and Power Transmission Equipment Manufacturing,Privately Held,201-500,22,-,Fort Lauderdale,Florida,United States,https://www.hjs-usa.com
Doves Vauxhall - Southampton,motorparks.co.uk,https://www.linkedin.com/company/dovesvauxhall,Motor Vehicle Manufacturing,Public Company,1001-5000,22,-,Southampton,England,United Kingdom,https://www.motorparks.co.uk/dealerships/doves-vauxhall-southampton
MARINI S.P.A.,-,https://www.linkedin.com/company/marini-s.p.a.,Machinery Manufacturing,-,201-500,21,-,ALFONSINE,Ra,Italy,-
Devonport Mazda,devonportmazda.com.au,https://www.linkedin.com/company/devonport-mazda,Motor Vehicle Manufacturing,Privately Held,201-500,21,-,Devonport,Tasmania,Australia,https://devonportmazda.com.au
LCE Europe GmbH,lcetron.com,https://www.linkedin.com/company/lce-europe,Motor Vehicle Parts Manufacturing,Public Company,10001+,21,-,Hannover,Lower Saxony,Germany,https://www.lcetron.com
Veda Auto,vedaauto.com,https://www.linkedin.com/company/veda-auto,Motor Vehicle Manufacturing,Privately Held,201-500,21,-,-,-,Australia,https://www.vedaauto.com
"OJSC ""BELAZ""- Management Company of holding ""BELAZ-HOLDING""",belaz.by,https://www.linkedin.com/company/ojsc-belaz-management-company-of-holding-belaz-holding,Machinery Manufacturing,Government Agency,5001-10000,21,-,-,-,United States,https://belaz.by
Volkswagen Noida Sector 63,vwnoidadelhieast.com,https://www.linkedin.com/company/volkswagen-noida-sector-63,Motor Vehicle Manufacturing,Privately Held,501-1000,21,-,-,-,United States,https://vwnoidadelhieast.com
"Nucmo Technology Co., Ltd",nucmo.com,https://www.linkedin.com/company/nucmo-technology-co-ltd,Automation Machinery Manufacturing,Privately Held,201-500,21,-,-,-,United States,https://www.nucmo.com
STEELCO S.P.A.,-,https://www.linkedin.com/company/steelco-s.p.a.,Machinery Manufacturing,-,201-500,21,-,RIESE PIO X,Tv,Italy,-
Ten Napel Hoofcare,tennapel-hoofcare.nl,https://www.linkedin.com/company/tennapelhoofcare,Machinery Manufacturing,Public Company,201-500,21,1936,Gees,Drenthe,Netherlands,https://www.tennapel-hoofcare.nl
Gpc Automotive,gpcautomotive.com.br,https://www.linkedin.com/company/gpc-automotive,Motor Vehicle Manufacturing,Privately Held,201-500,21,-,-,-,United States,https://www.gpcautomotive.com.br
Carstart,carstart.com,https://www.linkedin.com/company/carstart-llc,Motor Vehicle Manufacturing,Privately Held,201-500,21,2016,Dallas,Texas,United States,https://www.carstart.com
Carbanka,carbanka.com,https://www.linkedin.com/company/carbanka,Motor Vehicle Manufacturing,Public Company,201-500,21,2019,Farmers Branch,Texas,United States,https://carbanka.com
"Topstar Asia Co., Ltd",topstarltd.com,https://www.linkedin.com/company/topstar-asia,Automation Machinery Manufacturing,Public Company,1001-5000,21,2007,-,-,United States,https://www.topstarltd.com
C.M.S. - S.P.A.,-,https://www.linkedin.com/company/c.m.s.---s.p.a.,Industrial Machinery Manufacturing,-,201-500,20,-,MARANO SUL PANARO,Mo,Italy,-
Majelan Auto Spare Parts L.L.C,majelanuae.com,https://www.linkedin.com/company/majelan-auto-spare-parts-l-l-c,Automation Machinery Manufacturing,Sole Proprietorship,201-500,20,-,-,-,United States,https://www.majelanuae.com
Bright Metallics Private Limited,brightmetallics.com,https://www.linkedin.com/company/brightmetallics,Motor Vehicle Manufacturing,Privately Held,201-500,20,-,-,-,United States,https://www.brightmetallics.com
Tuffy Tire & Auto Service,tuffymountpleasant.com,https://www.linkedin.com/company/tuffy-tire-&-auto-service,Motor Vehicle Manufacturing,-,10001+,20,-,Mount Pleasant,-,United Kingdom,https://www.tuffymountpleasant.com
ARISTON CERAMIC,aristonceramic.com,https://www.linkedin.com/company/ariston-ceramic,Wholesale Building Materials,Partnership,201-500,20,-,-,-,United States,https://www.aristonceramic.com
PartsPoint Services B.V.,brezan.nl,https://www.linkedin.com/company/partspoint-services-b.v.,Motor Vehicle Manufacturing,-,501-1000,20,-,EDE GLD,-,Netherlands,-
Automotive Retail Congress,amretailcongress.co.uk,https://www.linkedin.com/company/automotive-retail-congress,Motor Vehicle Manufacturing,Privately Held,201-500,20,-,-,-,United States,https://www.amretailcongress.co.uk
Purchase Factory,-,https://www.linkedin.com/company/purchase-factory,Motor Vehicle Manufacturing,Partnership,201-500,20,-,-,-,United States,-
Vigor Tech Usa,vigor-glovebox.com,https://www.linkedin.com/company/vigortechusa,Industrial Machinery Manufacturing,Privately Held,201-500,19,2005,-,-,United States,https://www.vigor-glovebox.com
Tatra Energy,tatraenergy.com,https://www.linkedin.com/company/tatra-energy,Automation Machinery Manufacturing,Privately Held,201-500,19,-,Austin,Texas,United States,https://tatraenergy.com
Victory Auto Sales,victoryauto.org,https://www.linkedin.com/company/victory-auto-sales,Motor Vehicle Manufacturing,-,10001+,18,-,Omaha,Arkansas,United States,https://www.victoryauto.org
UVIS,-,https://www.linkedin.com/company/uvis,Machinery Manufacturing,Privately Held,201-500,18,-,-,-,United States,-
"Shandong Wenyuan Building Materials Technology Co.,ltd",wenyuangroup.com,https://www.linkedin.com/company/shandong-wenyuan-building-materials-technology-co--ltd,Wholesale Building Materials,Self-Owned,1001-5000,18,-,-,-,United States,https://www.wenyuangroup.com
Tacoma/Chrysler/Jeep/Ram,tacomadodge.com,https://www.linkedin.com/company/tacoma-chrysler-jeep-ram,Motor Vehicle Manufacturing,-,201-500,18,-,-,-,United States,https://tacomadodge.com
Everlast Metals,everlastmetals.com,https://www.linkedin.com/company/everlast-metals,Wholesale Building Materials,Privately Held,201-500,18,1996,Lebanon,Pennsylvania,United States,https://everlastmetals.com
Automotive Kia Kerala,automotivekia.in,https://www.linkedin.com/company/automotive-kia-kerala,Motor Vehicle Manufacturing,Privately Held,10001+,18,-,-,-,United States,https://www.automotivekia.in
HPC Insulation,hpcinsulation.ie,https://www.linkedin.com/company/hpc-insulation,Wholesale Building Materials,Public Company,201-500,18,-,-,-,United States,https://hpcinsulation.ie
"Wuhu Vinac Electronic Equipment Co.,Ltd",vinac.cn,https://www.linkedin.com/company/vinaccn,Industrial Machinery Manufacturing,Self-Employed,201-500,18,-,-,-,United States,https://www.vinac.cn
Bne Copper Recycling,bnecopperrecycling.com.au,https://www.linkedin.com/company/bnecopperrecycling,Motor Vehicle Manufacturing,Public Company,501-1000,18,2018,Rocklea,Queensland,Australia,https://www.bnecopperrecycling.com.au
Car-X Tire & Auto Franchising,investinfranchise.com,https://www.linkedin.com/company/car-x-tire-auto-franchising,Motor Vehicle Manufacturing,Public Company,1001-5000,18,-,Schaumburg,Illinois,United States,https://investinfranchise.com
H. Paulin & Co. a division of the Hillman Group Canada ULC,-,https://www.linkedin.com/company/h.-paulin-&-co.-a-division-of-the-hillman-group-canada-ulc,Machinery Manufacturing,-,201-500,17,1921,Scarborough,Ontario,Canada,-
Esl International Ltd,-,https://www.linkedin.com/company/esl-international-ltd,Wholesale Building Materials,Privately Held,201-500,16,-,-,-,United States,-
ShenZhen keweiMold,keweimold.com,https://www.linkedin.com/company/shenzhen-keweimold,Motor Vehicle Manufacturing,Public Company,201-500,16,-,-,-,United States,https://www.keweimold.com
Nicejoon,nicejoon.com,https://www.linkedin.com/company/nicejoon,Construction Hardware Manufacturing,Privately Held,201-500,16,-,-,-,United States,https://www.nicejoon.com
Daimler-Renault/Nissan Cooperation,starkgroup.de,https://www.linkedin.com/company/daimler-renault-nissan-cooperation,Motor Vehicle Manufacturing,Public Company,10001+,16,-,-,-,United States,-
"Jet Fabrication, Inc",jetfab.com,https://www.linkedin.com/company/jet-fabrication-inc,Machinery Manufacturing,Public Company,201-500,16,-,Michigan City,Indiana,United States,https://jetfab.com
"Zhejiang Hezhong New Energy Vehicle Co., Ltd",-,https://www.linkedin.com/company/zhejiang-hezhong-new-energy-vehicle-co-ltd,Motor Vehicle Manufacturing,Partnership,501-1000,16,-,-,-,United States,-
Jaguar Land Rover Lakeland,landroverjaguarlakeland.com,https://www.linkedin.com/company/jaguar-land-rover-lakeland,Motor Vehicle Manufacturing,Self-Owned,201-500,16,-,-,-,United States,https://landroverjaguarlakeland.com
Trios - A Spie Group Company,-,https://www.linkedin.com/company/trios---a-spie-group-company,Industrial Machinery Manufacturing,-,501-1000,15,1919,Birmingham,-,United Kingdom,-
Yo Taxi,yotaxi.co.za,https://www.linkedin.com/company/yotaxi-southfrica,Motor Vehicle Manufacturing,Privately Held,201-500,15,-,-,-,United States,https://yotaxi.co.za
"SUCCKEY INDUSTRIAL MACHINERY CO.,LTD",reducer-gearbox.com,https://www.linkedin.com/company/succkey-industrial-machinery-co-ltd,Machinery Manufacturing,Public Company,501-1000,15,1991,-,-,United States,https://www.reducer-gearbox.com
First International Conference on Renewabe Energy,icredg2019.ir,https://www.linkedin.com/company/icredg2019,Industrial Machinery Manufacturing,Educational Institution,501-1000,15,-,-,-,United States,https://icredg2019.ir
Mechatronic Engineering,-,https://www.linkedin.com/company/mechatronic-for-engineering,Engines and Power Transmission Equipment Manufacturing,Privately Held,201-500,15,-,-,-,United States,-
Enterprise Excellence Edinburgh Conference 2015,-,https://www.linkedin.com/company/enterprise-excellence-edinburgh,Machinery Manufacturing,Privately Held,201-500,15,-,-,-,United States,-
KEY AUTOMOTIVE ACCESSORIES DE MEXICO S DE RL DE CV,-,https://www.linkedin.com/company/key-automotive-accessories-de-mexico-s-de-rl-de-cv,Machinery Manufacturing,-,201-500,14,-,-,Carretera Estatal De Kilómetro 85 A Kilómetro 89,Mexico,-
Emmegi GmbH,emmegi-gmbh.de,https://www.linkedin.com/company/emmegigmbh,Industrial Machinery Manufacturing,Sole Proprietorship,201-500,14,1975,Grevenbroich,North Rhine-Westphalia,Germany,https://emmegi-gmbh.de
"Zhejiang Red Rocket Auto Parts Co.,ltd",gerrrt.com,https://www.linkedin.com/company/zhejiang-red-rocket-auto-parts-co-ltd,Motor Vehicle Manufacturing,Self-Owned,201-500,14,2004,-,-,United States,https://www.gerrrt.com
MBLE Lohngurtservice GmbH & Co. KG,mble-lohngurtservice.de,https://www.linkedin.com/company/mble-lohngurtservice-gmbh,Motor Vehicle Manufacturing,Public Company,201-500,14,1986,Neutraubling,Bavaria,Germany,https://www.mble-lohngurtservice.de
"Qingdao Shina Machinery Equipment Co., Ltd",shinachina.com,https://www.linkedin.com/company/qingdao-shina-machinery-equipment-co--ltd,Machinery Manufacturing,Public Company,501-1000,14,-,-,-,United States,https://www.shinachina.com
Arcade Contract Mfg. Group,arcadecontractmfg.com,https://www.linkedin.com/company/arcade-contract-mfg,Motor Vehicle Manufacturing,Public Company,201-500,14,1912,Arcade,New York,United States,https://www.arcadecontractmfg.com
"Midwest Products Group, Inc",kirchnerblock.com,https://www.linkedin.com/company/midwest-products-group-inc.,Wholesale Building Materials,-,201-500,13,-,Jefferson City,Missouri,United States,https://kirchnerblock.com
Harsiddh Vialfilling,harsiddhvialfilling.com,https://www.linkedin.com/company/harsiddh-vialfilling,Machinery Manufacturing,Privately Held,201-500,13,2001,Palo Alto,California,United States,https://www.harsiddhvialfilling.com
Aiohtec Company,aiohtec.com,https://www.linkedin.com/company/aioh-tec,Machinery Manufacturing,Privately Held,501-1000,13,1989,-,-,United States,https://www.aiohtec.com
Professional Network & Sales At Mercedes Benz,mbofelmbrook.com,https://www.linkedin.com/company/professional-network-sales-at-mercedes-benz,Motor Vehicle Manufacturing,Public Company,10001+,13,1850,Waukesha,Wisconsin,United States,https://www.mbofelmbrook.com
Lally Business Plus,lallyauto.com,https://www.linkedin.com/company/lally-business-plus,Motor Vehicle Manufacturing,Privately Held,201-500,13,2020,Tilbury,Ontario,Canada,https://lallyauto.com/business-plus-registration
Visalia Harley-Davidson,visaliaharley.com,https://www.linkedin.com/company/visalia-harley-davidson,Motor Vehicle Manufacturing,-,201-500,12,-,-,-,United Kingdom,https://www.visaliaharley.com
NARAENANOTECH,naraenano.co.kr,https://www.linkedin.com/company/naraenanotech,Machinery Manufacturing,Self-Employed,201-500,12,1990,-,-,United States,https://naraenano.co.kr/kr
IAVF,-,https://www.linkedin.com/company/iavf,Motor Vehicle Manufacturing,Privately Held,201-500,12,-,-,-,Germany,-
Nitro Plus,nitroplus.com.tr,https://www.linkedin.com/company/nitro-plus,Machinery Manufacturing,Privately Held,201-500,12,-,-,-,United States,https://www.nitroplus.com.tr
Naga Industries,naga-industries.com,https://www.linkedin.com/company/nagaindustries,Industrial Automation,Self-Employed,201-500,12,-,-,-,United States,https://naga-industries.com
The Black Provenance India,theblackprovenance.com,https://www.linkedin.com/company/the-black-provenance-india,Industrial Machinery Manufacturing,Sole Proprietorship,201-500,12,-,-,-,United States,https://www.theblackprovenance.com
Smartwax,smartwax.com,https://www.linkedin.com/company/smartwax,Motor Vehicle Manufacturing,-,201-500,11,-,-,-,United States,https://smartwax.com
Bob Howard Toyota,bobhowardtoyota.com,https://www.linkedin.com/company/bobhoward-toyota,Motor Vehicle Manufacturing,Public Company,201-500,11,-,-,-,United States,https://www.bobhowardtoyota.com
TG METAL CONSTRUCCIONES,-,https://www.linkedin.com/company/tg-metal-construcciones,Machinery Manufacturing,-,201-500,11,-,-,Guadalupe,Mexico,-
The Tire Guys Dba Tire Rama,-,https://www.linkedin.com/company/the-tire-guys-dba-tire-rama,Motor Vehicle Manufacturing,-,201-500,11,-,Billings,Montana,United States,-
Cafaza,cafaza.com,https://www.linkedin.com/company/cafaza,Industrial Machinery Manufacturing,Public Company,201-500,11,2010,Guadalupe,Nuevo Leon,Mexico,https://www.cafaza.com
Auto Vitrais Ruiz Sjc/Jacarei,-,https://www.linkedin.com/company/auto-vitrais-ruiz-sjc-jacarei,Motor Vehicle Parts Manufacturing,Privately Held,5001-10000,11,-,-,-,United States,-
mgmarmara group,mgmarmaragroup.com,https://www.linkedin.com/company/mgmarmara-group,Industrial Machinery Manufacturing,Privately Held,201-500,11,2021,-,-,United States,https://www.mgmarmaragroup.com
"Shanxi Hongda Juyi Machinery Equipment Co., Ltd",zghdjy.com,https://www.linkedin.com/company/shanxi-hongda-juyi-machinery-equipment-co-ltd,Industrial Machinery Manufacturing,Privately Held,201-500,11,2018,-,-,United States,https://zghdjy.com
Progressivecavitypumps,wixsite.com,https://www.linkedin.com/company/hpppvt,Machinery Manufacturing,Privately Held,201-500,11,-,-,-,United States,https://janakigopal2018.wixsite.com/pcm2alapplication
Hahah,-,https://www.linkedin.com/company/hahah,Wholesale Building Materials,Public Company,5001-10000,10,-,-,-,United States,-
"ACPRODUCTS, INC",armstrongcabinets.com,https://www.linkedin.com/company/acproducts-inc,Wholesale Building Materials,-,1001-5000,10,2012,The Colony,Texas,United States,https://armstrongcabinets.com
Ira Subaru,irasubaru.com,https://www.linkedin.com/company/ira-subaru-danvers,Motor Vehicle Manufacturing,Public Company,201-500,10,-,-,-,United States,https://www.irasubaru.com
The Paint & Body Shop,paintandbodyshop.co.uk,https://www.linkedin.com/company/the-paint-&-body-shop,Motor Vehicle Manufacturing,-,10001+,10,-,-,-,United Kingdom,https://paintandbodyshop.co.uk
Affordable Auto Detailing,lexclean.com,https://www.linkedin.com/company/http-www-lexclean-com,Motor Vehicle Manufacturing,Public Company,501-1000,10,-,-,-,United States,https://www.lexclean.com
Alouda,alouda4cars.com,https://www.linkedin.com/company/alouda,Motor Vehicle Manufacturing,Public Company,201-500,10,-,-,-,United States,https://www.alouda4cars.com
"Lode-King Industries, div. of Triple E Canada Ltd.",-,https://www.linkedin.com/company/lode-king-industries-div.-of-triple-e-canada-ltd.,Motor Vehicle Manufacturing,-,201-500,10,1980,Winkler,Manitoba,Canada,-
PDRS,pdrs.com.tr,https://www.linkedin.com/company/pdrscomtr,Motor Vehicle Manufacturing,Public Company,201-500,10,-,-,-,United States,https://www.pdrs.com.tr
ドライバースタンド,driverstand.com,https://www.linkedin.com/company/%e3%83%89%e3%83%a9%e3%82%a4%e3%83%90%e3%83%bc%e3%82%b9%e3%82%bf%e3%83%b3%e3%83%89,Motor Vehicle Manufacturing,Privately Held,501-1000,10,-,-,-,United States,https://driverstand.com
法宁格节能科技股份有限公司,china-feininger.com,https://www.linkedin.com/company/%e6%b3%95%e5%ae%81%e6%a0%bc%e8%8a%82%e8%83%bd%e7%a7%91%e6%8a%80%e8%82%a1%e4%bb%bd%e6%9c%89%e9%99%90%e5%85%ac%e5%8f%b8,Wholesale Building Materials,Self-Owned,501-1000,10,-,-,-,United States,https://www.china-feininger.com
Tiaanoetpstp,scaleseperator.com,https://www.linkedin.com/company/tiaanoetpstp,Industrial Machinery Manufacturing,Privately Held,201-500,10,-,-,-,United States,https://www.scaleseperator.com
SUMMO DE MEXICO S DE RL DE CV,-,https://www.linkedin.com/company/summo-de-mexico-s-de-rl-de-cv,Machinery Manufacturing,-,201-500,10,-,-,Ciudad Apodaca,Mexico,-
Faroob Zaman Inc.,fzt.ir,https://www.linkedin.com/company/faroob-zaman-inc.,Machinery Manufacturing,Privately Held,501-1000,10,2001,mashhad,Khorasan Razavi,United States,https://fzt.ir
Jeld-Wen At Lowe's,lowes.com,https://www.linkedin.com/company/jeld-wen-at-lowes,Wholesale Building Materials,Public Company,10001+,10,1960,Charlotte,North Carolina,United States,https://www.lowes.com/b/jeld-wen
A-Z Formen- und Maschinenbau GmbH,a-z-gmbh.de,https://www.linkedin.com/company/a-z-formen--und-maschinenbau-gmbh,Machinery Manufacturing,-,201-500,9,-,Munich,-,Germany,https://a-z-gmbh.de
METROPOLITAN AUTOMOTIVE WAREHOUSE,-,https://www.linkedin.com/company/metropolitan-automotive-warehouse,Motor Vehicle Manufacturing,-,501-1000,9,1953,San Bernardino,California,United States,-
Heras B.V.,heras.nl,https://www.linkedin.com/company/heras-b.v.,Machinery Manufacturing,-,201-500,9,-,OIRSCHOT,-,Netherlands,https://www.heras.nl
Nan Hai Group,thenanhaigroups.com,https://www.linkedin.com/company/nan-hai-group,Industrial Machinery Manufacturing,Privately Held,501-1000,9,-,-,-,United States,https://www.thenanhaigroups.com
Megapool Megaspa,megapool.ir,https://www.linkedin.com/company/megapool-and-megaspa,Wholesale Building Materials,Public Company,201-500,9,-,-,-,United States,https://megapool.ir/en/home
"Timonic Suzhou Technology Co., Ltd",timonic.com.cn,https://www.linkedin.com/company/timonicedcopperfoilmachine,Industrial Machinery Manufacturing,Self-Owned,201-500,9,1998,-,-,United States,https://www.timonic.com.cn
Snows Seat Business,snows.co.uk,https://www.linkedin.com/company/snows-seat-business,Automation Machinery Manufacturing,Privately Held,201-500,9,-,Southampton,Hampshire,United Kingdom,https://www.snows.co.uk/seat/business-offers
Haiges Machinery Inc,haigesmachinery.com,https://www.linkedin.com/company/haiges-machinery-inc,Machinery Manufacturing,-,201-500,8,-,Indianapolis,Indiana,United States,https://www.haigesmachinery.com
Asankhodro,asankhodro.com,https://www.linkedin.com/company/asankhodro,Industrial Machinery Manufacturing,Public Company,5001-10000,8,-,-,-,United States,https://www.asankhodro.com
济南德锐刻激光科技有限公司,drklaser.com,https://www.linkedin.com/company/%e6%b5%8e%e5%8d%97%e5%be%b7%e9%94%90%e5%88%bb%e6%bf%80%e5%85%89%e7%a7%91%e6%8a%80%e6%9c%89%e9%99%90%e5%85%ac%e5%8f%b8,Machinery Manufacturing,Self-Owned,201-500,8,-,-,-,United States,https://www.drklaser.com
Hadley Products Corporation,hadley-products.com,https://www.linkedin.com/company/hadley-products-corporation,Motor Vehicle Manufacturing,-,501-1000,8,1947,Grandville,Michigan,United States,https://hadley-products.com
Viknova,viknova.com.ua,https://www.linkedin.com/company/viknova,Wholesale Building Materials,Privately Held,201-500,8,-,-,-,United States,https://viknova.com.ua
株式会社ミラプロ,-,https://www.linkedin.com/company/%e6%a0%aa%e5%bc%8f%e4%bc%9a%e7%a4%be%e3%83%9f%e3%83%a9%e3%83%97%e3%83%ad,Machinery Manufacturing,Privately Held,501-1000,8,-,-,-,United States,-
Lns America - Machine-Tool Solutions For Enhanced Productivity,-,https://www.linkedin.com/company/lns-america---machine-tool-solutions-for-enhanced-productivity,Machinery Manufacturing,-,501-1000,8,1973,Cincinnati,Ohio,United States,-
Your auction,yourauction.biz,https://www.linkedin.com/company/your-auction,Motor Vehicle Manufacturing,-,501-1000,7,-,-,-,United States,https://yourauction.biz
S&G Automobil,mercedes-benz-sug.de,https://www.linkedin.com/company/s&g-automobil,Motor Vehicle Manufacturing,-,501-1000,7,-,Bruchsal,-,Germany,https://mercedes-benz-sug.de
Cash 4 Junk Cars,cash4junkcars.com.au,https://www.linkedin.com/company/cash4junkcars,Motor Vehicle Manufacturing,Public Company,201-500,7,2014,Carseldine,Qld,Australia,https://cash4junkcars.com.au
EQUIPO CONTRA INCENDIO SENTRON,-,https://www.linkedin.com/company/equipo-contra-incendio-sentron,Machinery Manufacturing,-,201-500,7,-,-,Iztapalapa,Mexico,-
Setco Sales Company,setcousa.com,https://www.linkedin.com/company/setco-sales-company,Machinery Manufacturing,-,201-500,7,1912,Cincinnati,Ohio,United States,https://setcousa.com
Fake Large Company,-,https://www.linkedin.com/company/fake-large-company,Motor Vehicle Manufacturing,Public Company,10001+,7,-,-,-,United States,-
OuiGlass Metz Centre,ouiglass.com,https://www.linkedin.com/company/ouiglass-metz-centre,Motor Vehicle Manufacturing,Sole Proprietorship,201-500,7,2020,METZ-CENTRE,METZ-CENTRE,France,https://metz-centre.ouiglass.com/reparation-remplacement-pare-brise-metz-centre
Ftm Machine,sinoftm.my,https://www.linkedin.com/company/ftm-machinery,Machinery Manufacturing,Privately Held,1001-5000,7,-,-,-,United States,https://www.sinoftm.my
Totalflow,totalflowusa.com,https://www.linkedin.com/company/totalflowusa,Motor Vehicle Manufacturing,Privately Held,201-500,7,2016,-,-,United States,https://www.totalflowusa.com
Yamaha R25 Riders Club Indonesia,yarrci.com,https://www.linkedin.com/company/yamaha-r25-riders-club-indonesia,Motor Vehicle Manufacturing,Public Company,201-500,7,-,-,-,United States,https://yarrci.com
Village Autoworks,villageautoworks.com,https://www.linkedin.com/company/village-autoworks,Motor Vehicle Manufacturing,-,201-500,6,-,-,-,United States,https://www.villageautoworks.com
"Hg,mhjkhjk",bjhg.com,https://www.linkedin.com/company/hg-mhjkhjk,Wholesale Building Materials,Self-Employed,501-1000,6,-,-,-,United States,https://www.bjhg.com
"Zhejiang Yijia Doors Co.,Ltd.",yijiadoorsgroup.com,https://www.linkedin.com/company/zhejiang-yijia-doors-co--ltd-,Wholesale Building Materials,Privately Held,201-500,6,2007,-,-,United States,https://www.yijiadoorsgroup.com
Melton Auto Wreckers,meltonautowreckers.com.au,https://www.linkedin.com/company/melton-auto-wreckers,Motor Vehicle Manufacturing,Privately Held,201-500,6,-,Melton,Victoria,Australia,https://www.meltonautowreckers.com.au
DTS EQUIPMENT LTD.,dneprotechservice.com,https://www.linkedin.com/company/dts-equipment-ltd.,Machinery Manufacturing,Self-Owned,201-500,6,2014,LONDON,-,United Kingdom,https://www.dneprotechservice.com
Express Auto Wreckers,expressautowreckers.com.au,https://www.linkedin.com/company/expressautowreckers,Motor Vehicle Manufacturing,Public Company,201-500,6,2018,Rocklea,Queensland,Australia,https://expressautowreckers.com.au
INGETEAM OAXACA,-,https://www.linkedin.com/company/ingeteam-oaxaca,Industrial Machinery Manufacturing,-,201-500,6,-,-,Heroica Ciudad De Juchitán De Zaragoza,Mexico,-
We Drive Podcast,kearney.com,https://www.linkedin.com/company/we-drive-podcast,Motor Vehicle Manufacturing,Partnership,5001-10000,6,-,-,-,United States,https://www.de.kearney.com/automotive/article
Adohm,adohm.com,https://www.linkedin.com/company/adohm,Motor Vehicle Manufacturing,Public Company,201-500,6,-,-,-,United States,https://adohm.com/about-us
MERITOR MANUFACTURING DE MEXICO SA DE CV (ACTUALIZADA),-,https://www.linkedin.com/company/meritor-manufacturing-de-mexico-sa-de-cv-actualizada-,Motor Vehicle Manufacturing,-,201-500,6,-,-,San Ignacio,Mexico,-
Fapim Societa Per Azioni,-,https://www.linkedin.com/company/fapim-societa-per-azioni,Wholesale Building Materials,-,201-500,6,-,Altopascio,Lu,Italy,-
番禺精美五金塑料制品有限公司,jma.com.hk,https://www.linkedin.com/company/%e7%95%aa%e7%a6%ba%e7%b2%be%e7%be%8e%e4%ba%94%e9%87%91%e5%a1%91%e6%96%99%e5%88%b6%e5%93%81%e6%9c%89%e9%99%90%e5%85%ac%e5%8f%b8,Motor Vehicle Manufacturing,Sole Proprietorship,1001-5000,5,-,-,-,United States,https://www.jma.com.hk/mobile.php
"Standard Machine & Manufacturing Co., Inc.",-,https://www.linkedin.com/company/standard-machine-&-manufacturing-co.-inc.,Machinery Manufacturing,-,201-500,5,1963,Saint Louis,Missouri,United States,-
"Hahn Automobile GmbH + Co. KG Skoda, VW",hahn-mayer.de,https://www.linkedin.com/company/hahn-automobile-gmbh-co.-kg-skoda-vw,Motor Vehicle Manufacturing,-,1001-5000,5,-,Waiblingen,-,Germany,https://hahn-mayer.de
百扬金属制造集团有限公司,baiyoungsteel.com,https://www.linkedin.com/company/%e7%99%be%e6%89%ac%e9%87%91%e5%b1%9e%e5%88%b6%e9%80%a0%e9%9b%86%e5%9b%a2%e6%9c%89%e9%99%90%e5%85%ac%e5%8f%b8,Fabricated Metal Products,Privately Held,501-1000,5,-,-,-,United States,https://www.baiyoungsteel.com
Formido Bouwmarkten B.V.,formido.nl,https://www.linkedin.com/company/formido-bouwmarkten-b.v.,Wholesale Building Materials,-,201-500,5,-,NIJKERK GLD,-,Netherlands,https://www.formido.nl
Scales Industrial Technologies Inc.,scalesair.com,https://www.linkedin.com/company/scales-industrial-technologies-inc.,Machinery Manufacturing,-,201-500,5,1966,Carle Place,New York,United States,https://scalesair.com
Hiatran,hiatranmotor.com,https://www.linkedin.com/company/hiatran,Automation Machinery Manufacturing,Partnership,201-500,5,2021,-,-,United States,https://www.hiatranmotor.com
Auto Line Car Care Studio,autoline-carcarestudio.com,https://www.linkedin.com/company/auto-line-car-care-studio,Motor Vehicle Manufacturing,Partnership,201-500,5,-,-,-,United States,https://autoline-carcarestudio.com
Nitco - Northland Industrial Truck Co,-,https://www.linkedin.com/company/nitco---northland-industrial-truck-co.,Machinery Manufacturing,-,201-500,5,1969,Wilmington,Massachusetts,United States,-
Volkswagen City Store Delhi South,volkswagen.co.in,https://www.linkedin.com/company/volkswagen-city-store-delhi-south,Motor Vehicle Manufacturing,Privately Held,201-500,5,2019,-,-,United States,https://www.volkswagen.co.in
V&P China Hydraulic Products,vphyd.com.cn,https://www.linkedin.com/company/chinahyd,Machinery Manufacturing,Partnership,201-500,5,1937,-,-,United States,https://www.vphyd.com.cn
CrystalstoneUSA,crystalstoneusa.com,https://www.linkedin.com/company/crystalstoneusa,Wholesale Building Materials,Privately Held,201-500,5,2023,San Clemente,California,United States,https://crystalstoneusa.com
Wabco B.V,wabco-auto.com,https://www.linkedin.com/company/wabco-b.v.,Motor Vehicle Manufacturing,-,201-500,5,-,Capelle Aan Den Ijssel,-,Netherlands,https://www.wabco-auto.com
Maquiser,-,https://www.linkedin.com/company/maquiser,Machinery Manufacturing,-,201-500,4,-,-,-,Mexico,-
Jake Sweeney Latino,jakesweeney.com,https://www.linkedin.com/company/jake-sweeney-latino,Motor Vehicle Manufacturing,Privately Held,501-1000,4,1917,Cincinnati,Ohio,United States,https://www.jakesweeney.com/latino.htm
RET N.V.,ret.nl,https://www.linkedin.com/company/ret-n.v.,Railroad Equipment Manufacturing,-,1001-5000,4,1999,Rotterdam,-,Netherlands,https://ret.nl
Groupe RBDH,-,https://www.linkedin.com/company/rbdh,Industrial Machinery Manufacturing,Partnership,501-1000,4,-,-,-,United States,-
BINICI Trading Group,-,https://www.linkedin.com/company/binici-trading-group,Motor Vehicle Parts Manufacturing,Privately Held,201-500,4,1984,-,-,United States,-
"Linamar Holdings Nevada, Inc",-,https://www.linkedin.com/company/linamar-holdings-nevada-inc,Motor Vehicle Manufacturing,-,1001-5000,4,-,Southfield,Michigan,United States,-
"Zhejiang Desheng Railway Equipment Co., Ltd.",-,https://www.linkedin.com/company/zhejiang-desheng-railway-equipment-co-ltd,Machinery Manufacturing,Sole Proprietorship,201-500,4,-,-,-,United States,-
Freudenberg Performance Materials - SBU Construction,-,https://www.linkedin.com/company/freudenberg-performance-materials---sbu-construction,Wholesale Building Materials,-,501-1000,4,1972,Novedrate,Como,Italy,-
Weber Tool,webertool.de,https://www.linkedin.com/company/webertool,Industrial Machinery Manufacturing,Privately Held,501-1000,4,-,-,-,United States,https://www.webertool.de
Ccigroup Holdings,ccigroupgholding.com,https://www.linkedin.com/company/ccigroup-holdings,Industrial Machinery Manufacturing,Privately Held,201-500,4,2004,-,-,United States,https://www.ccigroupgholding.com
Alicarremoval,alicarremoval.com.au,https://www.linkedin.com/company/alicarremoval,Motor Vehicle Manufacturing,Public Company,201-500,4,-,Melbourne,Victoria,Australia,https://alicarremoval.com.au
"Alcoat Industry Shenzhen Co.,ltd",al-coat.com,https://www.linkedin.com/company/alcoat-industry-shenzhen-co-ltd,Wholesale Building Materials,Privately Held,201-500,4,-,-,-,United States,https://www.al-coat.com
"Imo Industries, Inc.",imo-pump.com,https://www.linkedin.com/company/imo-industries-inc.,Machinery Manufacturing,-,501-1000,3,1901,Monroe,North Carolina,United States,https://imo-pump.com
Meritor WABCO,-,https://www.linkedin.com/company/meritor-wabco,Motor Vehicle Manufacturing,-,501-1000,3,1990,-,-,United States,-
Veit Höver GmbH & Co. KG,elektro-veit-hoever.de,https://www.linkedin.com/company/veit-h%c3%b6ver-gmbh-&-co.-kg,Industrial Machinery Manufacturing,-,201-500,3,-,Peine,-,Germany,https://elektro-veit-hoever.de
"Guangdong Sms Intelligent Equipment Co., Ltd",smstestsolutions.com,https://www.linkedin.com/company/guangdong-sms-intelligent-equipment-co-ltd,Automation Machinery Manufacturing,Self-Owned,201-500,3,-,-,-,United States,https://www.smstestsolutions.com
Scotsman Group L.L.C,scotsmanindustries.com,https://www.linkedin.com/company/scotsman-group-l.l.c.,Machinery Manufacturing,-,501-1000,3,1989,Vernon Hills,Illinois,United States,https://scotsmanindustries.com
Rivertown Toyota,rivertowntoyota.com,https://www.linkedin.com/company/rivertown-toyota,Motor Vehicle Manufacturing,Public Company,201-500,3,-,-,-,United States,https://www.rivertowntoyota.com
Facadacas,-,https://www.linkedin.com/company/facadacas,Wholesale Building Materials,Self-Employed,501-1000,3,-,Mountain View,California,United States,-
Distribuidora De Bandas Y Baleros Industriales,distribuidoradebandas.com,https://www.linkedin.com/company/distribuidora-de-bandas-y-baleros-industriales,Machinery Manufacturing,-,201-500,3,-,Metepec,Mex,Mexico,https://distribuidoradebandas.com
Castiglia S.R.L,-,https://www.linkedin.com/company/castiglia-s.r.l.,Motor Vehicle Manufacturing,-,201-500,3,-,Massafra,Ta,Italy,-
Accelerate Diagnostics Uk Limited,acceleratediagnostics.com,https://www.linkedin.com/company/accelerate-diagnostics-uk-limited,Machinery Manufacturing,-,201-500,3,-,Tucson,Arizona,United States,https://acceleratediagnostics.com
Jiangsu Gostern Rigging Co Ltd,zssuoju.com.cn,https://www.linkedin.com/company/jiangsu-zhengshen-rigging-co-ltd,Machinery Manufacturing,Privately Held,501-1000,3,-,-,-,United States,https://www.zssuoju.com.cn
Suis Import&export,suisworkwear.com,https://www.linkedin.com/company/suis-import-export,Wholesale Building Materials,Privately Held,201-500,3,-,-,-,United States,https://www.suisworkwear.com
Simp Kraków,simp.pl,https://www.linkedin.com/company/simp-krak%c3%b3w,Industrial Machinery Manufacturing,Educational,201-500,3,-,-,-,United States,https://www.krakow.simp.pl/krakow/glowna
Ak Service Wash,akservicewash.com,https://www.linkedin.com/company/ak-service-wash,Motor Vehicle Manufacturing,Self-Owned,201-500,2,-,-,-,United States,https://www.akservicewash.com
SMS Technical Services,sms-technicalservices.com,https://www.linkedin.com/company/sms-technical-services,Machinery Manufacturing,-,501-1000,2,-,Cranberry Township,Pennsylvania,United States,https://sms-technicalservices.com
Mobile Inspection,nspek.com,https://www.linkedin.com/company/mobile-inspection,Automation Machinery Manufacturing,Public Company,10001+,2,-,-,-,United States,https://nspek.com/page-sitemap.xml
SMG - DC SAVOIE,-,https://www.linkedin.com/company/smg---dc-savoie,Wholesale Building Materials,-,201-500,2,-,Echirolles,Auvergnerhônealpes,France,-
Ck Alloys,sitesdemo.in,https://www.linkedin.com/company/ck-alloys,Industrial Machinery Manufacturing,Partnership,201-500,2,-,-,-,United States,https://sitesdemo.in/ckalloys
"TBC Retail Group, Inc.",tirekingdom.com,https://www.linkedin.com/company/tbc-retail-group-inc.,Motor Vehicle Manufacturing,-,5001-10000,2,1972,Palm Beach Gardens,Florida,United States,https://tirekingdom.com
"Zhenjiang Tongkai Mechanical Engineering Co.,ltd",tkmachinery.com,https://www.linkedin.com/company/zhenjiang-tongkai-mechanical-engineering-co-ltd,Industrial Machinery Manufacturing,Privately Held,201-500,2,-,-,-,United States,https://www.tkmachinery.com/about-us.html
"Energy Process Technologies, Inc",-,https://www.linkedin.com/company/energy-process-technologies-inc.,Machinery Manufacturing,-,201-500,2,-,Tulsa,Oklahoma,United States,-
"Liaoning Schnell Interior Products Co.,ltd",schnellchina.com,https://www.linkedin.com/company/liaoning-schnell-interior-products-co.-ltd,Wholesale Building Materials,Privately Held,201-500,2,2013,-,-,United States,https://www.schnellchina.com
Welkoop Winkel B.V,welkoop.nl,https://www.linkedin.com/company/welkoop-winkel-b.v.,Machinery Manufacturing,-,201-500,2,-,Ede Gld,-,Netherlands,https://www.welkoop.nl
Posh Ride,poshride.in,https://www.linkedin.com/company/posh-ride,Motor Vehicle Manufacturing,Partnership,201-500,2,2012,-,-,United States,https://www.poshride.in
Buildbase National Showroom Design Team,buildbase.co.uk,https://www.linkedin.com/company/buildbase-national-showroom-design-team,Wholesale Building Materials,Public Company,501-1000,2,-,-,-,United States,https://www.buildbase.co.uk
"Reliamold Technology Co.,Ltd",reliamold.cn,https://www.linkedin.com/company/reliamold,Industrial Machinery Manufacturing,Privately Held,201-500,2,-,-,-,United States,https://www.reliamold.cn
"Hunan Hisoon Supply Chain Co., Ltd",zoomlioncrane.com,https://www.linkedin.com/company/hunan-hisoon-supply-chain-co-ltd,Industrial Machinery Manufacturing,Sole Proprietorship,201-500,2,-,-,-,United States,https://www.zoomlioncrane.com
Uv Logistics Holding Corp,uvlogistics.com,https://www.linkedin.com/company/uv-logistics-holding-corp.,Railroad Equipment Manufacturing,-,201-500,2,2007,Lafayette,Louisiana,United States,https://uvlogistics.com
Cash For Cars Hallam,cashforcarshallam.com.au,https://www.linkedin.com/company/cash-for-cars-hallam,Motor Vehicle Manufacturing,Public Company,201-500,2,2008,Melbourne,Vic,Australia,https://www.cashforcarshallam.com.au
Inq-Hd,inq-hd.com,https://www.linkedin.com/company/inq-hd,Motor Vehicle Manufacturing,Public Company,1001-5000,2,-,-,-,United States,https://www.inq-hd.com
"Tongxiang Sanjing Automation Technology Co., Ltd.",zdhfw.net,https://www.linkedin.com/company/tongxiang-sanjing-automation-technology-co-ltd,Machinery Manufacturing,Sole Proprietorship,201-500,2,-,-,-,United States,https://www.zdhfw.net
Make Architects Limited,makearchitects.com,https://www.linkedin.com/company/make-architects-limited,Industrial Machinery Manufacturing,-,201-500,2,-,London,-,United Kingdom,https://www.makearchitects.com
Marysville Auto Center,marysvilleautocenter.com,https://www.linkedin.com/company/marysvilleautocenter,Motor Vehicle Manufacturing,Privately Held,201-500,1,2019,Marysville,Washington,United States,https://www.marysvilleautocenter.com
Scm Group Corporate,-,https://www.linkedin.com/company/scm-group-corporate,Machinery Manufacturing,-,1001-5000,1,1952,Rimini,Rimini,Italy,-
Schaefer-Friedman Llc T A Logan Hardware,-,https://www.linkedin.com/company/schaefer-friedman-llc-t-a-logan-hardware,Wholesale Building Materials,-,201-500,1,-,Washington,District of Columbia,United States,-
Curbtow Technologies Inc,curbtow.com,https://www.linkedin.com/company/curbtow-technologies-inc,Motor Vehicle Manufacturing,Privately Held,201-500,1,-,Dallas,Texas,United States,https://www.curbtow.com
Mi Automation Solutions,miautomationsolutions.com,https://www.linkedin.com/company/mi-automation-solutions,Industrial Automation,-,201-500,1,-,Birmingham,Alabama,United States,https://www.miautomationsolutions.com
Crazy Killers,crazy-kill.com,https://www.linkedin.com/company/crazy-killers,Wholesale Building Materials,Government Agency,501-1000,1,-,Santa Clara,California,United States,https://www.crazy-kill.com
RACCORDI POZZI SPOLETO SRL,-,https://www.linkedin.com/company/raccordi-pozzi-spoleto-srl,Wholesale Building Materials,-,201-500,1,-,VARESE,Va,Italy,-
Blinda Grill,biggieblinds.com,https://www.linkedin.com/company/blinda-grill,Wholesale Building Materials,Privately Held,201-500,1,-,Wichita,Kansas,United States,https://www.biggieblinds.com
F & V Companies Inc,-,https://www.linkedin.com/company/f-&-v-companies-inc,Industrial Machinery Manufacturing,-,201-500,1,-,Grand Rapids,Michigan,United States,-
"Mayfran Holdings, Inc",-,https://www.linkedin.com/company/mayfran-holdings-inc.,Machinery Manufacturing,-,201-500,1,1933,Cleveland,Ohio,United States,-
teamtechnik Group,teamtechnik.com,https://www.linkedin.com/company/teamtechnik,Industrial Automation,Public Company,1001-5000,-,1976,Germany,-,Germany,https://www.teamtechnik.com
Bletchley Kia,allenmotorgroup.co.uk,https://www.linkedin.com/company/bletchley-kia,Motor Vehicle Manufacturing,Public Company,501-1000,-,-,Bletchley,-,United Kingdom,https://www.allenmotorgroup.co.uk/kia/locate-dealer/bletchley-kia
Ideal Heat,-,https://www.linkedin.com/company/ideal-heat,Industrial Machinery Manufacturing,Public Company,201-500,-,-,-,-,United States,-
Drc - Vietnam Tire Manufacturer,drc.com.vn,https://www.linkedin.com/company/drc-vietnam-tire-manufacturer,Motor Vehicle Manufacturing,Public Company,1001-5000,-,1975,-,-,United States,https://drc.com.vn/en
Yash Tyre,-,https://www.linkedin.com/company/yash-tyre101,Motor Vehicle Manufacturing,Self-Employed,201-500,-,-,-,-,United States,-
Elektro Rudhard,elektro-rudhard.de,https://www.linkedin.com/company/elektro-rudhard,Wholesale Building Materials,-,1001-5000,-,-,Aichstetten,-,Germany,https://elektro-rudhard.de
山东德翊管理咨询集团有限公司,dyjt.cn,https://www.linkedin.com/company/deyigroup,Machinery Manufacturing,Privately Held,201-500,-,-,-,-,United States,https://www.dyjt.cn/list-news.html
Zeromilebikes,zeromilebikes.com,https://www.linkedin.com/company/zeromilebikes,Motor Vehicle Manufacturing,Privately Held,201-500,-,-,-,-,United States,https://zeromilebikes.com
Dynagro - Gokaldas Group,-,https://www.linkedin.com/company/dynagro-gokaldas-group,Engines and Power Transmission Equipment Manufacturing,Privately Held,201-500,-,-,-,-,United States,-
Etek Fabrication Automation,tpa-fas.com.vn,https://www.linkedin.com/company/etek-fabrication-solutions,Automation Machinery Manufacturing,Public Company,201-500,-,-,-,-,United States,https://tpa-fas.com.vn
湖北鄂钻,eztl.net,https://www.linkedin.com/company/%e6%b9%96%e5%8c%97%e9%80%9a%e7%a3%8a%e5%9b%bd%e9%99%85%e8%b4%b8%e6%98%93%e6%9c%89%e9%99%90%e5%85%ac%e5%8f%b8,Wholesale Building Materials,Privately Held,10001+,-,-,-,-,United Kingdom,https://eztl.net
Central Generator Hire,centralgeneratorhire.com,https://www.linkedin.com/company/central-generator-hire,Machinery Manufacturing,-,501-1000,-,-,Winchester,-,United Kingdom,https://centralgeneratorhire.com
Platinum Boss Exotics Inc D.B.A Platinum Royal Motorsport Incorporated,kingggmaseratigss.wixsite.com,https://www.linkedin.com/company/platinum-boss-exotics-inc-d-b-a-platinum-royal-motorsport-incorporated,Motor Vehicle Manufacturing,Privately Held,1001-5000,-,-,-,-,United States,https://kingggmaseratigss.wixsite.com/platinumroyalmotor
On's Industry,ons-industry.com,https://www.linkedin.com/company/on's-industry,Machinery Manufacturing,-,1001-5000,-,-,Buxtehude,-,Germany,https://ons-industry.com
Yodo Fluid,-,https://www.linkedin.com/company/yodo-fluid,Wholesale Building Materials,Privately Held,201-500,-,-,-,-,United States,-
Mirs International,mirzintl.com,https://www.linkedin.com/company/mirsintl,Automation Machinery Manufacturing,Privately Held,201-500,-,-,-,-,United States,https://www.mirzintl.com
Cars Via,-,https://www.linkedin.com/company/cars-via,Motor Vehicle Manufacturing,Privately Held,201-500,-,-,-,-,United States,-
Societe Industrielle Et Commerciale Du Materiel Automobile En Abrege Sicma,-,https://www.linkedin.com/company/societe-industrielle-et-commerciale-du-materiel-automobile-en-abrege-sicma,Motor Vehicle Manufacturing,-,201-500,-,-,Bourg En Bresse,-,France,-
Joell,-,https://www.linkedin.com/company/joell,Motor Vehicle Manufacturing,Public Company,10001+,-,-,-,-,United States,-
FOSHAN TIANYAO CERAMIC COMPANY,tianyaoceramic.com,https://www.linkedin.com/company/foshan-tianyao-ceramic-company,Wholesale Building Materials,Privately Held,501-1000,-,-,-,-,United States,https://www.tianyaoceramic.com
Rj Paris,rjparis.com,https://www.linkedin.com/company/rjparis,Motor Vehicle Manufacturing,Partnership,201-500,-,-,Sartrouville,Ilha De Franca,France,https://rjparis.com
Meninggalkan,meninggalkan.com,https://www.linkedin.com/company/meninggalkan,Automation Machinery Manufacturing,Privately Held,5001-10000,-,-,-,-,United States,https://www.meninggalkan.com
"Tbm Holdings, Inc",-,https://www.linkedin.com/company/tbm-holdings-inc.,Machinery Manufacturing,-,201-500,-,1987,Westport,Connecticut,United States,-
Industrial And Marine Diesels B.V,-,https://www.linkedin.com/company/industrial-and-marine-diesels-b.v.,Machinery Manufacturing,-,201-500,-,-,Hardinxveld-giessendam,-,Netherlands,-
Rsv Global Group Of Companies,-,https://www.linkedin.com/company/rsv-global-group-of-companies,Agriculture; Construction; Mining Machinery Manufacturing,Partnership,201-500,-,-,-,-,United States,-
Volkswagen Gandhidham,volkswagenlandmark.com,https://www.linkedin.com/company/volkswagen-gandhidham,Motor Vehicle Manufacturing,Privately Held,501-1000,-,-,-,-,United States,https://www.volkswagenlandmark.com
Perma-Fix Environmental Svcs,-,https://www.linkedin.com/company/perma-fix-environmental-svcs,Industrial Machinery Manufacturing,-,201-500,-,1990,Atlanta,Georgia,United States,-
"Jiaxing Yutong Technology Co., Ltd",yt-fastener.com,https://www.linkedin.com/company/jiaxing-yutong-technology-co-ltd,Industrial Automation,Self-Employed,201-500,-,-,-,-,United States,https://www.yt-fastener.com
Acecareusa,syacecare.com,https://www.linkedin.com/company/acecareusa,Industrial Machinery Manufacturing,Partnership,201-500,-,-,-,-,United States,https://www.syacecare.com
Corporacion Industrial Uruapan,-,https://www.linkedin.com/company/corporacion-industrial-uruapan,Machinery Manufacturing,-,201-500,-,-,-,-,Mexico,-
Lopijlop,-,https://www.linkedin.com/company/lopijlop,Wholesale Building Materials,Nonprofit,501-1000,-,-,Mountain View,California,United States,-
Fedorablack,fedorablack.com,https://www.linkedin.com/company/fedorablack,Motor Vehicle Manufacturing,Nonprofit,10001+,-,-,-,-,United States,https://www.fedorablack.com
Yolamancas,-,https://www.linkedin.com/company/yolamancas,Wholesale Building Materials,Self-Owned,1001-5000,-,2002,Sunnyvale,Kalifornien,United States,-
Harman Motors Official,harmanmotors.in,https://www.linkedin.com/company/harman-motors-official,Automation Machinery Manufacturing,Privately Held,201-500,-,-,-,-,United States,https://harmanmotors.in
Best Impact Driver,thebestimpactdriver.info,https://www.linkedin.com/company/best-impact-driver,Automation Machinery Manufacturing,Self-Employed,201-500,-,-,Macon,Georgia,United States,https://thebestimpactdriver.info
Pro Trans Ventures Inc,protransventures.com,https://www.linkedin.com/company/pro-trans-ventures-inc.,Railroad Equipment Manufacturing,-,201-500,-,-,Calgary,Alberta,Canada,https://protransventures.com
Faster Societa Per Azioni In Breve Faster S.P.A,-,https://www.linkedin.com/company/faster-societa-per-azioni-in-breve-faster-s.p.a.,Wholesale Building Materials,-,201-500,-,-,Rivolta D Adda,-,Italy,-
Put Trade To,-,https://www.linkedin.com/company/put-trade-to,Wholesale Building Materials,Self-Owned,1001-5000,-,-,-,-,United States,-
Agrikol Lithuania,agrikol.lt,https://www.linkedin.com/company/agrikol-lithuania,Agriculture; Construction; Mining Machinery Manufacturing,Privately Held,201-500,-,-,-,-,United States,https://agrikol.lt
U S I C H R O M,-,https://www.linkedin.com/company/u-s-i-c-h-r-o-m,Industrial Machinery Manufacturing,-,5001-10000,-,-,Meyzieu,-,France,-
Uanaskns,-,https://www.linkedin.com/company/uanaskns,Wholesale Building Materials,Nonprofit,10001+,-,-,East Palo Alto,California,United States,-
"Liming Mining And Construction Machinery Co., Ltd",crusherindustry.com,https://www.linkedin.com/company/liming-mining-and-construction-machinery-co.-ltd,Machinery Manufacturing,-,1001-5000,-,-,-,-,United States,https://www.crusherindustry.com
Renaux-Laine,-,https://www.linkedin.com/company/renaux-laine,Motor Vehicle Manufacturing,-,5001-10000,-,-,Bolbec,-,France,-
Retrofit Bulgaria,-,https://www.linkedin.com/company/retrofit-bulgaria,Motor Vehicle Manufacturing,Privately Held,201-500,-,-,-,-,United States,-
Hobolokasji,-,https://www.linkedin.com/company/hobolokasji,Wholesale Building Materials,Privately Held,5001-10000,-,-,-,-,United States,-
Kasuajoo Bhsaiko,-,https://www.linkedin.com/company/kasuajoo-bhsaiko,Wholesale Building Materials,Privately Held,5001-10000,-,2011,Mountain View,California,United States,-
Ptc Ers,ptcers.mx,https://www.linkedin.com/company/ptc-ers,Machinery Manufacturing,-,5001-10000,-,-,Cd Lopez Mateos Mex,-,Mexico,https://ptcers.mx
Luleå Industripark,luleaindustripark.se,https://www.linkedin.com/company/lule%c3%a5-industripark,Industrial Machinery Manufacturing,Government Agency,201-500,-,-,-,-,United States,https://www.luleaindustripark.se
Architecture Plus Limited,architectureplusltd.com,https://www.linkedin.com/company/architecture-plus-limited,Industrial Machinery Manufacturing,-,201-500,-,-,Huddersfield,-,United Kingdom,https://architectureplusltd.com
Speedbyd,-,https://www.linkedin.com/company/speedbyd,Automation Machinery Manufacturing,Privately Held,1001-5000,-,-,-,-,United States,-
India Value Car Wash,indiavaluecarwash.com,https://www.linkedin.com/company/india-value-carwash,Motor Vehicle Manufacturing,Privately Held,201-500,-,-,-,-,United States,https://indiavaluecarwash.com
Hessah,-,https://www.linkedin.com/company/hessah,Wholesale Building Materials,Public Company,201-500,-,-,-,-,United States,-
Sansioikl,-,https://www.linkedin.com/company/sansioikl,Wholesale Building Materials,Privately Held,1001-5000,-,1989,Sunnyvale,California,United States,-
"Babcock & Wilcox Universal, Inc. Fka Universal Acoustic & Emission T",-,https://www.linkedin.com/company/babcock-&-wilcox-universal-inc.-fka-universal-acoustic-&-emission-t,Machinery Manufacturing,-,201-500,-,-,Stoughton,Wisconsin,United States,-
Citnow Nederlands & Belgium,citnow.com,https://www.linkedin.com/company/citnow-nederlands-belgium,Automation Machinery Manufacturing,Privately Held,201-500,-,2008,-,-,United States,https://www.citnow.com/nl
"Guangdong Wei Bo San Building Materials Co., Ltd",fshengsu.com,https://www.linkedin.com/company/guangdong-wei-bo-san-building-materials-co-ltd,Wholesale Building Materials,Partnership,201-500,-,-,-,-,United States,https://www.fshengsu.com
Homestory Floors,-,https://www.linkedin.com/company/homestory-floors,Wholesale Building Materials,Privately Held,1001-5000,-,-,-,-,United States,-
"Mcgregor Companies Administrative, Llc",mcgregormetal.com,https://www.linkedin.com/company/mcgregor-companies-administrative-llc,Machinery Manufacturing,-,201-500,-,-,Springfield,Ohio,United States,https://mcgregormetal.com
"Wahlco Environmental Systems, Inc.",-,https://www.linkedin.com/company/wahlco-environmental-systems-inc.,Machinery Manufacturing,-,201-500,-,1990,Santa Ana,California,United States,-
Board Of Trustees Of Local 111 Pension Fund,-,https://www.linkedin.com/company/board-of-trustees-of-local-111-pension-fund,Motor Vehicle Manufacturing,-,1001-5000,-,-,Brooklyn,New York,United States,-
"Societe D'etudes Et De Realisations, Techniques Appliquees",-,https://www.linkedin.com/company/societe-d'etudes-et-de-realisations-techniques-appliquees,Machinery Manufacturing,-,201-500,-,-,Le Poire Sur Vie,-,France,-
Emmeti Societa Per Azioni,-,https://www.linkedin.com/company/emmeti-societa-per-azioni,Machinery Manufacturing,-,201-500,-,-,Fontanafredda,Pn,Italy,-
Eri 157 Limited,eri157limited.co.zm,https://www.linkedin.com/company/eri-157-limited,Wholesale Building Materials,Privately Held,201-500,-,-,-,-,United States,https://www.eri157limited.co.zm
Joy Global Aus Underground Pty Ltd,-,https://www.linkedin.com/company/joy-global-aus-underground-pty-ltd.,Machinery Manufacturing,-,501-1000,-,-,Murarrie,Queensland,Australia,-
Hero 4 Life,hero4life.us,https://www.linkedin.com/company/hero-4-life,Automation Machinery Manufacturing,Privately Held,201-500,-,-,-,-,United States,https://hero4life.us
Gemak Canada,gemak.ca,https://www.linkedin.com/company/gemakcanada,Machinery Manufacturing,Privately Held,201-500,-,-,-,-,United States,https://www.gemak.ca
Merindukanmu Dmasiv,-,https://www.linkedin.com/company/merindukanmu-dmasiv,Wholesale Building Materials,Self-Employed,5001-10000,-,-,-,-,United States,-
South Pointe Chrysler Dodge Jeep,southpointcjd.com,https://www.linkedin.com/company/south-pointe-chrysler-dodge-jeep,Motor Vehicle Manufacturing,Public Company,201-500,-,-,-,-,United States,https://www.southpointcjd.com
"Zhejiang Authority Adhesive Products Co., Ltd",-,https://www.linkedin.com/company/zhejiang-authority-adhesive-products-co-ltd,Wholesale Building Materials,Self-Owned,201-500,-,-,-,-,United States,-
Battery.Info,lohum.com,https://www.linkedin.com/company/battery-info,Automation Machinery Manufacturing,Privately Held,201-500,-,-,-,-,United States,https://lohum.com
Tobee Slurry Pump,tobee.store,https://www.linkedin.com/company/tobee-slurry-pump,Industrial Machinery Manufacturing,Privately Held,201-500,-,1987,-,-,United States,https://www.tobee.store
Sushiiff,-,https://www.linkedin.com/company/sushiiff,Motor Vehicle Manufacturing,Self-Owned,5001-10000,-,-,San Marcos,Texas,United States,-
Olamda,-,https://www.linkedin.com/company/olamda,Motor Vehicle Manufacturing,Nonprofit,201-500,-,-,Mountain View,California,United States,-
Nelo Motors,nelo.group,https://www.linkedin.com/company/nelomotors,Motor Vehicle Manufacturing,Privately Held,1001-5000,-,-,-,-,United States,https://www.nelo.group/motors
Homeruw,-,https://www.linkedin.com/company/homeruw,Wholesale Building Materials,Self-Owned,10001+,-,-,Sunnyvale,Kalifornien,United States,-
Hysenar,-,https://www.linkedin.com/company/hysenar,Automation Machinery Manufacturing,Public Company,10001+,-,-,-,-,United States,-
Permagard Kamdhenu Ahmedababad,-,https://www.linkedin.com/company/permagard-kamdhenu-ahmedababad,Motor Vehicle Manufacturing,Self-Employed,201-500,-,-,-,-,United States,-
Grupo Matco,grupomatco.com,https://www.linkedin.com/company/grupo-matco,Wholesale Building Materials,-,501-1000,-,-,Zapotiltic,Jal,Mexico,https://grupomatco.com
Hefei Jerda Machinery Co.Ltd,jerdamachinery.com,https://www.linkedin.com/company/hefei-jerda-machinery-co-ltd,Motor Vehicle Manufacturing,Self-Employed,501-1000,-,-,-,-,United States,https://www.jerdamachinery.com
Conwell System,eu.com,https://www.linkedin.com/company/conwell-system,Machinery Manufacturing,Privately Held,201-500,-,-,-,-,United States,https://conwell.eu.com
Iveco Group,ivecogroup.com,https://www.linkedin.com/company/iveco-group,Motor Vehicle Manufacturing,Privately Held,10001+,-,-,Torino,-,Italy,https://www.ivecogroup.com
Groupe Ponticelli Frères,ponticelli.com,https://www.linkedin.com/company/groupe-ponticelli-fr%c3%a8res,Industrial Machinery Manufacturing,Partnership,5001-10000,-,1921,-,-,France,https://www.ponticelli.com
Groupe LIEBOT,groupeliebot.fr,https://www.linkedin.com/company/groupe-liebot,Wholesale Building Materials,Privately Held,1001-5000,-,-,Les Herbiers,-,France,https://recrutement.groupeliebot.fr/fr
TLD,tld-group.com,https://www.linkedin.com/company/tld,Industrial Machinery Manufacturing,Privately Held,1001-5000,-,-,Paris,-,France,https://www.tld-group.com
Haldex,haldex.com,https://www.linkedin.com/company/haldex,Motor Vehicle Manufacturing,Privately Held,1001-5000,-,-,Landskrona,-,Sweden,https://www.haldex.com
ERWIN HYMER GROUP,erwinhymergroup.com,https://www.linkedin.com/company/erwin-hymer-group,Motor Vehicle Manufacturing,Public Company,5001-10000,-,1957,Bad Waldsee,-,Germany,https://www.erwinhymergroup.com
Carglass® Italia,carglass.it,https://www.linkedin.com/company/carglass-italy,Motor Vehicle Manufacturing,Privately Held,501-1000,-,1988,-,-,Italy,https://www.carglass.it
Bellmer,bellmer.com,https://www.linkedin.com/company/bellmer,Machinery Manufacturing,Public Company,501-1000,-,1842,Niefern-Öschelbronn,-,Germany,https://www.bellmer.com
SEMIN,semin.com,https://www.linkedin.com/company/semin-sas,Wholesale Building Materials,Self-Employed,501-1000,-,1838,KEDANGE-SUR-CANNER,-,France,https://www.semin.com
Sandicliffe,sandicliffe.co.uk,https://www.linkedin.com/company/sandicliffe-motor-group,Motor Vehicle Manufacturing,Privately Held,501-1000,-,1948,Loughborough,-,United Kingdom,https://www.sandicliffe.co.uk
Poppe + Potthoff GmbH,poppe-potthoff.com,https://www.linkedin.com/company/poppe-potthoff,Motor Vehicle Manufacturing,Privately Held,1001-5000,-,1928,Werther,-,Germany,https://www.poppe-potthoff.com
Mercedes-Benz Sverige,mercedes-benz.se,https://www.linkedin.com/company/mercedes-benz-sverige,Motor Vehicle Manufacturing,Public Company,201-500,-,-,Malmö,-,Sweden,https://www.mercedes-benz.se
Hencon,hencon.com,https://www.linkedin.com/company/hencon,Machinery Manufacturing,Privately Held,201-500,-,-,7071 ED Ulft,-,Netherlands,https://www.hencon.com
Precision Polymer Engineering Limited,prepol.com,https://www.linkedin.com/company/precision-polymer-engineering-limited,Industrial Machinery Manufacturing,Public Company,201-500,-,-,Blackburn,-,United Kingdom,https://www.prepol.com
apt Group,apt-alu-products.com,https://www.linkedin.com/company/apt-alu-group,Fabricated Metal Products,Public Company,1001-5000,-,1972,Monheim am Rhein,-,Germany,https://www.apt-group.com
Furrows Group,furrows.co.uk,https://www.linkedin.com/company/furrows-group,Motor Vehicle Manufacturing,Public Company,201-500,-,1918,Telford,-,United Kingdom,https://www.furrows.co.uk
Camfil France,camfil.com,https://www.linkedin.com/company/camfil-france,Machinery Manufacturing,Privately Held,201-500,-,1963,Colombes,-,France,https://www.camfil.com
IBMG (Independent Builders Merchant Group),independentbm.com,https://www.linkedin.com/company/independent-builders-merchant-group,Wholesale Building Materials,Privately Held,1001-5000,-,-,-,-,United States,https://www.independentbm.com
Warren Equipment Company,warren-equipment.com,https://www.linkedin.com/company/warren-equipment-company,Machinery Manufacturing,Privately Held,501-1000,-,-,Midland,-,United States,https://www.warren-equipment.com
Cortinas Mexico,cortinasmexico.com,https://www.linkedin.com/company/cortinas-mexico,Wholesale Building Materials,Privately Held,201-500,-,1946,Ciudad de México,-,Mexico,https://www.cortinasmexico.com
Bruynzeel Storage Systems NL,bruynzeel-storage.nl,https://www.linkedin.com/company/bruynzeel-storage-systems-nl,Industrial Machinery Manufacturing,Public Company,201-500,-,1897,Panningen,-,Netherlands,https://www.bruynzeel-storage.nl
Audi Berlin GmbH,berlin.audi,https://www.linkedin.com/company/audi-berlin-gmbh,Motor Vehicle Manufacturing,Public Company,201-500,-,-,Berlin,-,Germany,https://www.berlin.audi
Sigma Engineering Works,sigma.ae,https://www.linkedin.com/company/sigma-engineering-works,Industrial Machinery Manufacturing,Privately Held,201-500,-,-,-,-,United States,https://sigma.ae
xTool Official,xtool.com,https://www.linkedin.com/company/xtool-global,Automation Machinery Manufacturing,Partnership,1001-5000,-,-,-,-,United States,https://www.xtool.com
DEXIS ITALIA,dexis.it,https://www.linkedin.com/company/dexis-italia,Industrial Machinery Manufacturing,Privately Held,201-500,-,-,-,-,United States,https://dexis.it
Yazaki Egypt,yazaki-europe.com,https://www.linkedin.com/company/yazaki-egypt,Motor Vehicle Manufacturing,Privately Held,501-1000,-,-,-,-,United States,https://yazaki-europe.com
Rockwood Service Corporation,rockwoodservice.com,https://www.linkedin.com/company/rockwoodservice,Industrial Machinery Manufacturing,Privately Held,201-500,-,-,-,-,United States,https://rockwoodservice.com
DaedongMobility,daedongmobility.co.kr,https://www.linkedin.com/company/daedongmobilityddm,Motor Vehicle Manufacturing,Public Company,201-500,-,-,-,-,United States,https://daedongmobility.co.kr
Genesis Egypt,-,https://www.linkedin.com/company/genesis-eg,Motor Vehicle Manufacturing,Privately Held,5001-10000,-,-,-,-,United States,-
