name,domain,website,linkedin_url,industry,employee_range,employees_on_linkedin,hq_city,hq_state,hq_country,source
&pizza,andpizza.com,http://www.andpizza.com,https://www.linkedin.com/company/andpizza,restaurants,,598,Washington,District Of Columbia,United States,aiark
-X-,conagrafoodscareers.com,http://www.conagrafoodscareers.com,https://www.linkedin.com/company/ralcorp-holdings,food and beverage manufacturing,,1234,,,United States,aiark
1 Hotels,1hotels.com,https://www.1hotels.com,https://www.linkedin.com/company/1-hotels,Hospitality,1001-5000,3620,Miami,Florida,United States,aiark+blitz
1-800 Contacts,1800contacts.com,https://www.1800contacts.com,https://www.linkedin.com/company/1-800-contacts,retail,,606,Draper,Utah,United States,aiark
"1-800-FLOWERS.COM, INC.",1800flowersinc.com,https://www.1800flowersinc.com/careers,https://www.linkedin.com/company/1800flowers-com,Retail,1001-5000,4433,Jericho,New York,United States,aiark+blitz
100%,100percent.com,http://www.100percent.com,https://www.linkedin.com/company/ride-100-percent,retail,,1285,San Diego,California,United States,aiark
110 Grill,110grill.com,https://www.110grill.com,https://www.linkedin.com/company/110-grill,Restaurants,501-1000,570,Westford,Massachusetts,United States,aiark+blitz
1754 Properties,1754properties.com,https://www.1754properties.com,https://www.linkedin.com/company/1754-properties,Hospitality,1001-5000,15,Weston,Florida,United States,blitz
"1859 Historic Hotels, Ltd",1859historichotels.com,https://www.1859historichotels.com,https://www.linkedin.com/company/1859-historic-hotels-ltd,Hospitality,1001-5000,55,Galveston,Texas,United States,blitz
1987,shop1987.com,http://1987label.com,https://www.linkedin.com/company/1987label,retail apparel and fashion,,611,Boston,Massachusetts,United States,aiark
2020 Companies,2020companies.com,https://www.2020companies.com,https://www.linkedin.com/company/2020companies,advertising services,,2668,Southlake,Texas,United States,aiark
21c Museum Hotels,21cmuseumhotels.com,https://21cmuseumhotels.com,https://www.linkedin.com/company/21c-museum-hotels,Hospitality,1001-5000,510,Louisville,Kentucky,United States,aiark+blitz
2nd & Charles,2ndandcharles.com,https://2ndandcharles.com,https://www.linkedin.com/company/2nd-charles,Retail,501-1000,377,Birmingham,Alabama,United States,blitz
3 Day Blinds,3dayblinds.com,https://www.3dayblinds.com,https://www.linkedin.com/company/3-day-blinds,Retail,501-1000,938,Irvine,California,United States,aiark+blitz
361 Degrees International Ltd,361sport.com,http://www.361usa.com,https://www.linkedin.com/company/361-degrees-international-ltd,spectator sports,,878,1200 Main St,California,United States,aiark
3h Group,3h.group,https://3h.group,https://www.linkedin.com/company/3hgroup,Hospitality,501-1000,58,Chattanooga,Tennessee,United States,blitz
3Sixty Duty Free,3sixtydutyfree.com,https://3sixtydutyfree.com/about-us,https://www.linkedin.com/company/3sixtydutyfree,Retail,501-1000,159,North Miami,Florida,United States,blitz
4 Star Restaurant Group,4srg.com,https://4srg.com,https://www.linkedin.com/company/4starrestaurantgroup,Food and Beverage Services,501-1000,104,Chicago,Illinois,United States,blitz
48forty Solutions,48forty.com,http://www.48forty.com,https://www.linkedin.com/company/48forty,packaging and containers manufacturing,,1285,Houston,Texas,United States,aiark
4Life Research,4life.com,http://www.4life.com,https://www.linkedin.com/company/4life-research,wellness and fitness services,,5501,Sandy,Utah,United States,aiark
4R Restaurant Group,4rsmokehouse.com,https://www.4rsmokehouse.com,https://www.linkedin.com/company/4rrestaurantgroup,Food and Beverage Services,1001-5000,81,Winter Park,Florida,United States,blitz
5.11,511tactical.com,https://fiveeleven.com,https://www.linkedin.com/company/5.11,Retail,1001-5000,1938,Costa Mesa,California,United States,aiark+blitz
50 Eggs Hospitality Group,50eggsinc.com,https://50eggsinc.com,https://www.linkedin.com/company/50-eggs-hospitality-group,Restaurants,501-1000,115,Miami,Florida,United States,blitz
54th Street Restaurants,54thstreetrestaurants.com,http://www.54thStreetGrill.com,https://www.linkedin.com/company/54thstreet,restaurants,,925,North Kansas City,Missouri,United States,aiark
7 Brew Coffee,7brew.com,http://www.7brew.com,https://www.linkedin.com/company/7brewcoffee,food and beverage services,,4106,Springdale,Arkansas,United States,aiark
7 For All Mankind,7forallmankind.com,http://www.7forallmankind.com,https://www.linkedin.com/company/7-for-all-mankind,retail apparel and fashion,,911,Los Angeles,California,United States,aiark
7 Leaves Cafe,7leavescafe.com,https://www.7leavescafe.com,https://www.linkedin.com/company/7-leaves-cafe,Retail,501-1000,445,Huntington Beach,California,United States,blitz
7-11 Seven Eleven,,,https://www.linkedin.com/company/7-11-seven-eleven,retail,,2273,Costa Mesa,California,United States,aiark
7-Eleven,7-eleven.com,https://careers.7-eleven.com,https://www.linkedin.com/company/7-eleven,Retail,10001+,58851,Irving,Texas,United States,aiark+blitz
7-Eleven Stores,ok7-eleven.com,https://ok7-eleven.com,https://www.linkedin.com/company/7-eleven-stores-ok,Retail,1001-5000,469,Oklahoma City,Oklahoma,United States,blitz
84 Lumber,84lumber.com,http://www.84lumber.com,https://www.linkedin.com/company/84-lumber,wholesale building materials,,5018,Eighty Four,Pennsylvania,United States,aiark
85C Bakery Cafe,85cbakerycafe.com,http://www.85cbakerycafe.com,https://www.linkedin.com/company/85c-bakery-cafe,restaurants,,911,Brea,California,United States,aiark
900 North Michigan Shops,shop900.com,https://www.shop900.com,https://www.linkedin.com/company/900shops,Retail,1001-5000,14,Chicago,Illinois,United States,blitz
99 Cents Only Stores,99only.com,https://www.99only.com,https://www.linkedin.com/company/99-cents-only-stores,Retail,10001+,4725,Commerce,California,United States,aiark+blitz
99 Ranch Market,99ranch.com,http://www.99ranch.com,https://www.linkedin.com/company/99ranchmarket,retail,,657,Buena Park,California,United States,aiark
99 Restaurant & Pub,,,https://www.linkedin.com/company/99-restaurant-&-pub,restaurants,,1285,Manchester,New Hampshire,United States,aiark
@hotel,athotel.com,http://athotel.com,https://www.linkedin.com/company/athotel,hospitality,,1003,Distributed,,United States,aiark
A&W Food Services of Canada Inc.,aw.ca,http://www.aw.ca,https://www.linkedin.com/company/a&w-food-services-of-canada,restaurants,,5941,North Vancouver,,Canada,aiark
"A&W Restaurants, Inc.",awrestaurants.com,https://www.awrestaurants.com,https://www.linkedin.com/company/awrestaurants,restaurants,,3304,Lexington,Kentucky,United States,aiark
A-1 Hospitality Group,a1hospitalitygroup.com,https://a1hospitalitygroup.com,https://www.linkedin.com/company/a-1-hospitality-group-llc,Hospitality,501-1000,24,Kennewick,Washington,United States,blitz
A. Marshall Hospitality,amarshallhospitality.com,https://amarshallhospitality.com,https://www.linkedin.com/company/a-marshall-hospitality,Restaurants,501-1000,44,Franklin,Tennessee,United States,blitz
A.C. Moore,acmoore.com,https://www.acmoore.com,https://www.linkedin.com/company/a-c--moore,Retail,5001-10000,732,Berlin,New Jersey,United States,aiark+blitz
a.k.a. Brands,aka-brands.com,http://www.aka-brands.com,https://www.linkedin.com/company/akabrands,retail,,1708,West Hollywood,California,United States,aiark
"ABARTA Coca-Cola Beverages, LLC",abartacocacola.com,http://www.abartacocacola.com,https://www.linkedin.com/company/abartacocacola,manufacturing,,536,Pittsburgh,Pennsylvania,United States,aiark
Abby's Legendary Pizza,abbys.com,https://www.abbys.com,https://www.linkedin.com/company/abby's-legendary-pizza,Restaurants,501-1000,296,Roseburg,Oregon,United States,blitz
abc,abc.com,http://www.abc.com,https://www.linkedin.com/company/wicked-fashions-inc-southpole-bangladesh,retail apparel and fashion,,8550,,,United States,aiark
ABC Fine Wine & Spirits,abcfws.com,http://www.abcfws.com,https://www.linkedin.com/company/abc-fine-wine-&-spirits,beverage manufacturing,,794,Orlando,Florida,United States,aiark
ABC Warehouse,abcwarehouse.com,http://www.abcwarehouse.com,https://www.linkedin.com/company/abc-warehouse,retail,,508,Pontiac,Michigan,United States,aiark
Abt,abt.com,http://www.abt.com,https://www.linkedin.com/company/abt-electronics,retail,,898,Glenview,Illinois,United States,aiark
Academy Sports + Outdoors,academy.com,http://www.academy.com,https://www.linkedin.com/company/academy-sports-and-outdoors,retail,,14546,Katy,Texas,United States,aiark
Accent Food Services,itsinreach.com,https://www.itsinreach.com,https://www.linkedin.com/company/accent-food-services,Food and Beverage Services,501-1000,92,Pflugerville,Texas,United States,blitz
AcceptanceNow,acceptancenow.com,http://www.acceptancenow.com/RAC-Acceptance-Home.html,https://www.linkedin.com/company/acceptance-now,financial services,,1178,,,United States,aiark
Access Hotels And Resorts,accesshospitality.com,https://www.accesshospitality.com,https://www.linkedin.com/company/access-hotels-and-resorts,Hospitality,501-1000,16,Celebration,Florida,United States,blitz
Ace Hardware Corporation,acehardware.com,https://www.acehardware.com,https://www.linkedin.com/company/acehardwarecorp,Retail,10001+,19459,Oak Brook,Illinois,United States,aiark+blitz
Ace Hospitality Service Group,acehsg.com,https://acehsg.com,https://www.linkedin.com/company/ace-hospitality-services-group,Hospitality,501-1000,6,Reno,Nevada,United States,blitz
Ace Hotel / Atelier Ace,acehotel.com,https://www.acehotel.com,https://www.linkedin.com/company/ace-hotel-atelier-ace,Hospitality,501-1000,635,New York,New York,United States,aiark+blitz
"Aces, Llc",acespizza.com,https://www.acespizza.com,https://www.linkedin.com/company/acespizza,Restaurants,1001-5000,53,Roanoke,Virginia,United States,blitz
ACL Digital,acldigital.com,https://www.acldigital.com,https://www.linkedin.com/company/acl-digital,it services and it consulting,,3530,San Jose,California,United States,aiark
Acme Fresh Market,acmestores.com,http://www.acmestores.com,https://www.linkedin.com/company/acme-fresh-market,retail,,513,,,United States,aiark
Acme Markets,acmemarkets.com,https://www.acmemarkets.com,https://www.linkedin.com/company/acme-markets,Retail,10001+,4838,Malvern,Pennsylvania,United States,aiark+blitz
Acosta,acosta.com,https://www.acosta.com,https://www.linkedin.com/company/acosta,Retail,10001+,13354,Jacksonville,Florida,United States,aiark+blitz
Acosta Group,acosta.group,https://www.acosta.group,https://www.linkedin.com/company/acostagrp,business consulting and services,,38571,Jacksonville,Florida,United States,aiark
ActionLink,actionlink.com,https://www.actionlink.com,https://www.linkedin.com/company/actionlink,Retail,1001-5000,1151,Las Vegas,Nevada,United States,aiark+blitz
Active International,activeinternational.com,http://www.activeinternational.com,https://www.linkedin.com/company/active-international,advertising services,,707,Pearl River,New York,United States,aiark
Actus Nutrition,actus.com,http://actus.com,https://www.linkedin.com/company/actus-nutrition,food and beverage manufacturing,,740,Eden Prairie,Minnesota,United States,aiark
Acura Of Laurel,acuraoflaurel.com,https://acuraoflaurel.com,https://www.linkedin.com/company/acura-of-laurel,Retail,10001+,10,Laurel,Maryland,United States,blitz
AD,adfashion.com.br,http://www.adfashion.com.br,https://www.linkedin.com/company/ad,retail apparel and fashion,,3353,,,United States,aiark
"Adamar Of New Jersey, Inc",tropicana.net,https://tropicana.net,https://www.linkedin.com/company/adamar-of-new-jersey-inc.,Hospitality,1001-5000,,Atlantic City,New Jersey,United States,blitz
Adams Fairacre Farms,adamsfarms.com,https://adamsfarms.com,https://www.linkedin.com/company/adams-fairacre-farms,Food and Beverage Services,1001-5000,475,Poughkeepsie,New York,United States,blitz
ADM,adm.com,http://www.adm.com,https://www.linkedin.com/company/adm,food and beverage manufacturing,,41596,Chicago,Illinois,United States,aiark
Admiral Beverage Corporation,admiralbeverage.com,http://www.admiralbeverage.com,https://www.linkedin.com/company/admiral-beverage-corporation,wholesale,,722,Worland,Wyoming,United States,aiark
Adore Me,adoreme.com,https://www.adoreme.com,https://www.linkedin.com/company/adore-me,Retail,501-1000,373,New York,New York,United States,blitz
Advance Auto Parts,advanceautoparts.com,https://www.advanceautoparts.com,https://www.linkedin.com/company/advance-auto-parts,Retail,10001+,25342,Raleigh,North Carolina,United States,aiark+blitz
Advanced Auto Parts Store,,,https://www.linkedin.com/company/advanced-auto-parts-store,retail,,932,Vine Street,Ohio,United States,aiark
AdvancePierre Foods,tysonfoodservice.com,http://www.advancepierre.com,https://www.linkedin.com/company/advancepierre-foods-,food and beverage manufacturing,,653,Cincinnati,Ohio,United States,aiark
Advantage Living Centers,advantageliving.net,https://www.advantageliving.net,https://www.linkedin.com/company/advantage-living-centers,Hospitality,1001-5000,171,Southfield,Michigan,United States,blitz
Aegis Living,aegisliving.com,https://www.AegisLiving.com,https://www.linkedin.com/company/aegis-living,hospitals and health care,,1227,Bellevue,Washington,United States,aiark
"Aerie by AEO, Inc.",ae.com,http://www.aerie.com,https://www.linkedin.com/company/aerie-aeoinc,retail,,4510,Pittsburgh,Pennsylvania,United States,aiark
"Affinity Group, Sales & Marketing Agency",affinitysales.com,http://www.affinitysales.com,https://www.linkedin.com/company/affinitygroupsales,food and beverage services,,874,Charlotte,North Carolina,United States,aiark
Afriboom,afriboom.co.za,http://www.afriboom.co.za,https://www.linkedin.com/company/afriboom,hospitality,,508,Honeydew,Gauteng,United States,aiark
Ag Processing Inc,agp.com,http://www.agp.com,https://www.linkedin.com/company/ag-processing-inc,food and beverage manufacturing,,510,Omaha,Nebraska,United States,aiark
Agencia Aduanal,,,https://www.linkedin.com/company/agencia-aduanal,food and beverage manufacturing,,2364,Pharr,Texas,United States,aiark
Agricultural Research Center,,,https://www.linkedin.com/company/agricultural-research-center,food and beverage services,,571,K,K,United States,aiark
AgroFresh,agrofresh.com,https://www.agrofresh.com,https://www.linkedin.com/company/agrofresh,biotechnology research,,726,Philadelphia,Pennsylvania,United States,aiark
Agropur,agropur.com,http://www.agropur.com,https://www.linkedin.com/company/agropurcoop,food and beverage manufacturing,,3606,Longueuil,Quebec,Canada,aiark
AHC Hospitality,ahchospitality.com,https://linktr.ee/ahchospitality,https://www.linkedin.com/company/ahchospitality,hospitality,,588,Grand Rapids,Michigan,United States,aiark
AHMC HealthCare,ahmchealth.com,http://AHMChealth.com,https://www.linkedin.com/company/ahmc-healthcare,hospitals and health care,,1415,,,United States,aiark
Ahold Delhaize USA,careerswithus.com,https://www.adusa.com,https://www.linkedin.com/company/ahold-delhaize-usa,retail,,2429,Quincy,Massachusetts,United States,aiark
Aimbridge Hospitality,aimbridgehospitality.com,https://www.aimbridgehospitality.com,https://www.linkedin.com/company/aimbridge-hospitality,Hospitality,10001+,7586,Plano,Texas,United States,aiark+blitz
Ain\'t Life Grand Investments,aintlifegrandinvestments.com,https://www.aintlifegrandinvestments.com,https://www.linkedin.com/company/ain't-life-grand-investments,Restaurants,1001-5000,22,Covington,Louisiana,United States,blitz
Air Force Inns,dodlodging.net,https://www.dodlodging.net,https://www.linkedin.com/company/air-force-inns,Hospitality,1001-5000,117,San Antonio,Texas,United States,blitz
Air Methods,airmethods.com,http://www.airmethods.com,https://www.linkedin.com/company/air-methods,airlines and aviation,,4386,Greenwood Village,Colorado,United States,aiark
Airbnb,airbnb.com,http://airbnb.com,https://www.linkedin.com/company/airbnb,software development,,70150,San Francisco,California,United States,aiark
Airgas,airgas.com,http://www.airgas.com,https://www.linkedin.com/company/airgas,chemical manufacturing,,10500,Radnor,Pennsylvania,United States,aiark
AirTran Airways,airtran.com,http://www.airtran.com,https://www.linkedin.com/company/airtran-airways,airlines and aviation,,1316,Orlando,Florida,United States,aiark
AJC Group,ajcgroup.com,https://www.ajcgroup.com,https://www.linkedin.com/company/theajcgroup,Food and Beverage Services,501-1000,748,Atlanta,Georgia,United States,aiark+blitz
"Ajinomoto Foods North America, Inc.",ajinomotocareers.com,https://www.ajinomotocareers.com,https://www.linkedin.com/company/ajinomotofoods,food and beverage manufacturing,,878,Ontario,California,United States,aiark
AKA Hotels+Hotel Residences,stayaka.com,http://www.stayaka.com,https://www.linkedin.com/company/aka,hospitality,,891,Plymouth Meeting,Pennsylvania,United States,aiark
AKIRA,shopakira.com,http://shopAKIRA.com,https://www.linkedin.com/company/akira-shopakira-com,retail apparel and fashion,,989,Chicago,Illinois,United States,aiark
Akola,akola.co,http://www.akola.co,https://www.linkedin.com/company/akola-project,retail luxury goods and jewelry,,910,Jinja,Uganda,United States,aiark
Al Copeland Investments,alcopeland.com,https://www.alcopeland.com,https://www.linkedin.com/company/al-copeland-investments,Restaurants,1001-5000,402,Metairie,Louisiana,United States,blitz
Alabama Power Company,alabamapower.com,http://www.alabamapower.com,https://www.linkedin.com/company/alabama-power,utilities,,2587,Birmingham,Alabama,United States,aiark
Alachua County Public Schools,,,https://www.linkedin.com/company/alachua-county-public-schools,food and beverage manufacturing,,1229,Gainesville,,United States,aiark
Alani Nutrition,alaninu.com,https://www.alaninu.com,https://www.linkedin.com/company/alani-nutrition,wellness and fitness services,,613,Boca Raton,Florida,United States,aiark
Alaska Commercial Company,alaskacommercial.com,https://www.alaskacommercial.com,https://www.linkedin.com/company/alaska-commercial-company,Retail,1001-5000,266,Anchorage,Alaska,United States,blitz
Albertsons Companies,albertsonscompanies.com,https://www.albertsonscompanies.com,https://www.linkedin.com/company/albertsons,Retail,10001+,109050,Boise,Idaho,United States,aiark+blitz
"Alco Stores, Inc",alcostores.com,https://www.alcostores.com,https://www.linkedin.com/company/alco-stores-inc,Retail,1001-5000,250,Coppell,Texas,United States,blitz
Aldelano Corporation,aldelano.com,https://www.aldelano.com,https://www.linkedin.com/company/aldelano-packaging-corporation,Food and Beverage Services,501-1000,33,Ontario,,United States,blitz
ALDI USA,aldi.us,https://careers.aldi.us,https://www.linkedin.com/company/aldi-usa,Retail,10001+,25585,Batavia,Illinois,United States,aiark+blitz
ALDINE INDEPENDENT SCHOOL DISTRICT,aldineisd.org,http://www.aldineisd.org,https://www.linkedin.com/company/aldine-independent-school-district,food and beverage manufacturing,,559,Houston,Texas,United States,aiark
ALDO Group,aldogroup.com,https://www.aldogroup.com,https://www.linkedin.com/company/aldo-group,Retail,1001-5000,6161,Montreal,Québec,Canada,aiark+blitz
AlerisLife,alerislife.com,http://alerislife.com,https://www.linkedin.com/company/alerislife,hospitality,,3041,Newton,Massachusetts,United States,aiark
"Alex Lee, Inc.",alexlee.com,https://www.alexlee.com,https://www.linkedin.com/company/alex-lee-inc-,Retail,5001-10000,680,Hickory,North Carolina,United States,aiark+blitz
ALG Vacations®,vaxvacationaccess.com,http://www.algvacations.com,https://www.linkedin.com/company/alg-vacations,hospitality,,1077,Newtown Square,Pennsylvania,United States,aiark
Alicart Restaurant Group,alicart.com,https://www.alicart.com,https://www.linkedin.com/company/alicart,Restaurants,501-1000,89,New York,New York,United States,blitz
ALICE + OLIVIA,aliceandolivia.com,http://www.aliceandolivia.com,https://www.linkedin.com/company/alice---olivia,retail apparel and fashion,,583,New York,New York,United States,aiark
Alila Hotels,alilahotels.com,https://www.hyatt.com/alila-hotels-and-resorts/en-US,https://www.linkedin.com/company/alila-hotels-&-resorts,hospitality,,999,Chicago,Illinois,United States,aiark
Alimentation Couche-Tard,couche-tard.com,https://corpo.couche-tard.com,https://www.linkedin.com/company/alimentation-couche-tard,Retail,10001+,429,Laval,Québec,Canada,aiark+blitz
Alkosto S.A.,alkosto.com,http://www.alkosto.com.co,https://www.linkedin.com/company/alkosto-s-a-,retail,,1280,Athens,Texas,United States,aiark
All Copy Products,allcopyproducts.com,http://www.allcopyproducts.com,https://www.linkedin.com/company/all-copy-products,retail office equipment,,539,Denver,Colorado,United States,aiark
All Fired Up Inc,allfiredupinc.ca,https://allfiredupinc.ca,https://www.linkedin.com/company/all-fired-up-inc.,Retail,10001+,10,Orillia,Ontario,Canada,blitz
All Team Staffing,allteamstaffing.com,http://www.allteamstaffing.com,https://www.linkedin.com/company/all-team-staffing,staffing and recruiting,,697,Tampa,Florida,United States,aiark
Alliance Beverage,alliance-beverage.com,https://www.alliance-beverage.com,https://www.linkedin.com/company/alliance-beverage,Food and Beverage Services,501-1000,212,Phoenix,Arizona,United States,blitz
Alliance Hospitality Management Llc,alliancehospitality.com,https://www.alliancehospitality.com,https://www.linkedin.com/company/alliance-hospitality-management-llc,Hospitality,1001-5000,74,Raleigh,North Carolina,United States,blitz
"Alliance Hospitality, Inc",thewitnessgroup.com,https://www.thewitnessgroup.com,https://www.linkedin.com/company/ahihotels,Hospitality,501-1000,52,Lewis Center,Ohio,United States,blitz
ALO,aloyoga.com,http://aloyoga.com,https://www.linkedin.com/company/aloyoga,retail apparel and fashion,,6055,Beverly Hills,California,United States,aiark
Aloe Vera Of America,foreverliving.com,https://www.foreverliving.com,https://www.linkedin.com/company/aloe-vera-of-america-inc.,Food and Beverage Services,501-1000,193,Dallas,Texas,United States,blitz
Aloft Hotels,alofthotels.com,https://alofthotels.com,https://www.linkedin.com/company/aloft-hotels,Hospitality,5001-10000,3126,Bethesda,Maryland,United States,blitz
"Aloha Hospitality International, Inc",alohahospitality.com,https://www.alohahospitality.com,https://www.linkedin.com/company/aloha-hospitality,Hospitality,501-1000,81,Loxley,Alabama,United States,blitz
Alon Brands 7-Eleven,alonbrands.com,https://www.alonbrands.com,https://www.linkedin.com/company/alonbrands,Retail,501-1000,30,Lubbock,Texas,United States,blitz
Alpha Auto Group,alpha-autogroup.com,https://www.alpha-autogroup.com,https://www.linkedin.com/company/alpha-autogroup,Retail,5001-10000,65,Toronto,Ontario,Canada,blitz
"Alpha Baking Co., Inc.",alphabaking.com,https://www.alphabaking.com,https://www.linkedin.com/company/alpha-baking,Food and Beverage Services,1001-5000,636,Chicago,Illinois,United States,aiark+blitz
alphabroder,alphabroder.com,https://www.ssactivewear.com,https://www.linkedin.com/company/alphabroder,retail apparel and fashion,,636,Feasterville-trevose,Pennsylvania,United States,aiark
Alta Convenience,altaconvenience.com,https://altaconvenience.com,https://www.linkedin.com/company/alta-conveniencestores,Retail,1001-5000,75,Greenwood Village,Colorado,United States,blitz
Alta Resources,altaresources.com,https://www.altaresources.com,https://www.linkedin.com/company/alta-resources,outsourcing and offshoring consulting,,2483,Neenah,Wisconsin,United States,aiark
Altamarea Group,altamareagroup.com,https://www.altamareagroup.com,https://www.linkedin.com/company/altamarea-group,Hospitality,501-1000,170,New York,New York,United States,blitz
Alterra Mountain Company,alterramtn.co,http://www.alterramtn.co,https://www.linkedin.com/company/alterramtnco,hospitality,,1083,Denver,Colorado,United States,aiark
"Alto-Shaam, Inc.",alto-shaam.com,https://www.alto-shaam.com,https://www.linkedin.com/company/alto-shaam-inc-,Food and Beverage Services,501-1000,363,Menomonee Falls,Wisconsin,United States,blitz
Alvarado Restaurant Nation,teamhungry.com,https://www.teamhungry.com,https://www.linkedin.com/company/alvaradoconceptspaloaltoinc,Restaurants,5001-10000,104,Greenwood Village,Colorado,United States,blitz
Ama de Casa LLC - USA,,,https://www.linkedin.com/company/ama-de-casa-llc-usa,retail,,1550,New York,,United States,aiark
Amalgamated Sugar Company,amalgamatedsugar.com,http://www.amalgamatedsugar.com,https://www.linkedin.com/company/the-amalgamated-sugar-company,food and beverage manufacturing,,790,Boise,Idaho,United States,aiark
Amazon Business,amazonbusiness.com,https://www.amazonbusiness.com/linkedin,https://www.linkedin.com/company/amazon-business,Retail,10001+,15078,Seattle,Washington,United States,blitz
Amazon Business,amazon.com,https://www.amazonbusiness.com/linkedin,https://www.linkedin.com/company/amazon-business,retail,,15635,Seattle,,United States,aiark
Amazone,myamazone.com,http://www.myamazone.com,https://www.linkedin.com/company/amazone,retail office equipment,,1605,Medina,Ohio,United States,aiark
Ambassador Hotel Collection,ambassadorhotelcollection.com,https://ambassadorhotelcollection.com,https://www.linkedin.com/company/ambassador-hotel-collection,Hospitality,501-1000,35,Tulsa,Oklahoma,United States,blitz
Ambrosia Qsr,ambrosiaqsr.com,https://www.ambrosiaqsr.com,https://www.linkedin.com/company/ambrosia-qsr,Restaurants,1001-5000,178,Vancouver,Washington,United States,blitz
America's Best,americasbest.com,https://www.americasbest.com,https://www.linkedin.com/company/america's-best-contacts-&-eyeglasses,Retail,5001-10000,4355,Lawrenceville,Georgia,United States,aiark+blitz
"America's Pizza Company, LLC",pizzahut.com,https://jobs.pizzahut.com,https://www.linkedin.com/company/america-s-pizza-company-llc,Restaurants,1001-5000,37,Lafayette,Louisiana,United States,blitz
America's Thrift Stores,americasthrift.com,http://www.americasthrift.com,https://www.linkedin.com/company/americasthrift,retail,,658,Irondale,Alabama,United States,aiark
American Crystal Sugar Company,crystalsugar.com,https://www.crystalsugar.com,https://www.linkedin.com/company/american-crystal-sugar-company,food and beverage manufacturing,,865,Moorhead,Minnesota,United States,aiark
American Deli,americandeli.com,http://www.americandeli.com,https://www.linkedin.com/company/american-deli-internataional-inc.,restaurants,,568,Atlanta,Georgia,United States,aiark
American Dream,americandream.com,http://www.americandream.com,https://www.linkedin.com/company/americandream,entertainment providers,,813,East Rutherford,New Jersey,United States,aiark
American Eagle Outfitters Inc.,aeo-inc.com,https://www.aeo-inc.com,https://www.linkedin.com/company/american-eagle-outfitters,Retail,10001+,23232,Pittsburgh,Pennsylvania,United States,aiark+blitz
American Food & Vending,afvusa.com,https://www.afvusa.com,https://www.linkedin.com/company/american-food-&-vending,Hospitality,1001-5000,623,Syracuse,New York,United States,aiark+blitz
American Foods Group,americanfoodsgroup.com,http://www.americanfoodsgroup.com,https://www.linkedin.com/company/american-foods-group,food and beverage manufacturing,,714,Green Bay,Wisconsin,United States,aiark
American Freight Furniture & Mattress,americanfreight.com,https://www.americanfreight.com,https://www.linkedin.com/company/americanfreight,furniture and home furnishings manufacturing,,1537,Delaware,Ohio,United States,aiark
American Furniture Warehouse,afw.com,http://afw.com,https://www.linkedin.com/company/afwonline,furniture and home furnishings manufacturing,,1908,Englewood,Colorado,United States,aiark
American Liberty Hospitality,amliberty.com,https://www.amliberty.com,https://www.linkedin.com/company/american-liberty-hospitality,Hospitality,501-1000,86,Houston,Texas,United States,blitz
American Restaurant Partners Lp,bookitfamilies.com,https://bookitfamilies.com,https://www.linkedin.com/company/american-restaurant-partners-lp,Restaurants,1001-5000,,Wichita,Kansas,United States,blitz
American Signature Inc,americansignaturefurniture.com,https://www.americansignaturefurniture.com,https://www.linkedin.com/company/american-signature-inc,Retail,1001-5000,2431,Columbus,Ohio,United States,aiark+blitz
American Tv,americantv.com,https://www.americantv.com,https://www.linkedin.com/company/american-tv,Retail,1001-5000,171,Madison,Wisconsin,United States,blitz
Americas Best Value Inns,redlion.com,http://www.AmericasBestValueInn.com,https://www.linkedin.com/company/americas-best-value-inns,hospitality,,632,Coral Springs,Florida,United States,aiark
Americinn International,americinn.com,https://www.americinn.com,https://www.linkedin.com/company/americinn-lodge-and-suites,Hospitality,5001-10000,272,Chanhassen,Minnesota,United States,blitz
"Americold Logistics, LLC.",americold.com,http://www.americold.com,https://www.linkedin.com/company/americold-logistics,truck transportation,,8314,Atlanta,Georgia,United States,aiark
Amerilodge Group,amerilodgegroup.com,https://www.amerilodgegroup.com,https://www.linkedin.com/company/amerilodge-group,Hospitality,1001-5000,166,Bloomfield Hills,Michigan,United States,blitz
Amerimark Direct,amerimarkcareers.com,https://www.amerimarkcareers.com,https://www.linkedin.com/company/amerimark-direct,Retail,501-1000,165,Cleveland,Ohio,United States,blitz
Amerimark Interactive,amerimarkinteractive.com,https://www.amerimarkinteractive.com,https://www.linkedin.com/company/amerimark-interactive,Retail,1001-5000,7,Lincolnshire,Illinois,United States,blitz
Amica Senior Lifestyles,amica.ca,https://www.amica.ca,https://www.linkedin.com/company/amica-senior-lifestyles,Hospitality,1001-5000,1783,Toronto,Ontario,Canada,aiark+blitz
"Amick Farms, LLC",amickfarms.com,http://www.amickfarms.com,https://www.linkedin.com/company/amick-farms-llc,food and beverage manufacturing,,1283,Batesburg,South Carolina,United States,aiark
AMIRI,amiri.com,https://amiri.com,https://www.linkedin.com/company/amirila,retail apparel and fashion,,567,Los Angeles,California,United States,aiark
Ammar\'s Inc,magicmartstores.com,https://magicmartstores.com,https://www.linkedin.com/company/ammar's-inc.,Retail,501-1000,38,Bluefield,Virginia,United States,blitz
ampm,ampm.com,https://www.ampm.com,https://www.linkedin.com/company/ampm-tmgs,retail,,757,La Palma,California,United States,aiark
Ams Retail Solutions Inc,amssolutions.net,https://www.amssolutions.net,https://www.linkedin.com/company/ams-retail-solutions-inc,Retail,501-1000,174,Mooresville,,United States,blitz
Amway,amwayglobal.com,http://www.AmwayGlobal.com,https://www.linkedin.com/company/amway,manufacturing,,21437,Ada,Michigan,United States,aiark
Amway Grand Plaza,amwaygrand.com,https://www.amwaygrand.com,https://www.linkedin.com/company/amway-grand-plaza,Hospitality,501-1000,262,Grand Rapids,Michigan,United States,blitz
Amy's Kitchen,amys.com,http://www.amys.com,https://www.linkedin.com/company/amy's-kitchen,food and beverage manufacturing,,1288,Petaluma,California,United States,aiark
Analytix Solutions,analytix.com,http://www.analytix.com,https://www.linkedin.com/company/analytixsolutions,business consulting and services,,606,Woburn,Massachusetts,United States,aiark
Ananda,anandaus.com,https://www.anandaus.com,https://www.linkedin.com/company/anandaus,food and beverage services,,653,Newark,California,United States,aiark
Anblicks,anblicks.com,http://www.anblicks.com,https://www.linkedin.com/company/anblicks,it services and it consulting,,742,Dallas,Texas,United States,aiark
Anchor Glass Container LLC,anchorglass.com,http://www.anchorglass.com,https://www.linkedin.com/company/anchor-glass-container-llc,packaging and containers manufacturing,,864,Tampa,Florida,United States,aiark
Andaz,andaz.hyatt.com,http://andaz.hyatt.com,https://www.linkedin.com/company/andaz,hospitality,,1169,New York,New York,United States,aiark
Anderson Merchandisers,amerch.com,http://www.amerch.com,https://www.linkedin.com/company/anderson-merchandisers,manufacturing,,2891,Plano,Texas,United States,aiark
Andros Foods North America,androsna.com,https://androsna.com,https://www.linkedin.com/company/andros-foods-north-america,Food and Beverage Services,501-1000,70,Bloomfield,New Jersey,United States,blitz
André Balazs Properties,andrebalazsproperties.com,https://www.andrebalazsproperties.com,https://www.linkedin.com/company/andr-balazs-properties,Hospitality,501-1000,43,,New York,United States,blitz
Andy's Frozen Custard,eatandys.com,http://www.eatandys.com,https://www.linkedin.com/company/andy's-frozen-custard,restaurants,,1161,Springfield,Missouri,United States,aiark
Angel Cellular,angelcellularstore.com,https://angelcellularstore.com,https://www.linkedin.com/company/angel-cellular,Retail,10001+,12,Richmond,British Columbia,Canada,blitz
Anheuser-Busch,anheuser-busch.com,https://www.anheuser-busch.com/careers.html,https://www.linkedin.com/company/anheuser-busch,Food and Beverage Services,10001+,7160,St. Louis,Missouri,United States,aiark+blitz
Anixter,anixter.com,http://www.anixter.com,https://www.linkedin.com/company/anixter,wholesale,,3783,Pittsburgh,Pennsylvania,United States,aiark
Anna\'s Linens,annaslinens.com,https://www.annaslinens.com,https://www.linkedin.com/company/anna's-linens,Retail,1001-5000,358,Costa Mesa,California,United States,blitz
Another Broken Egg Cafe,anotherbrokenegg.com,http://www.anotherbrokenegg.com,https://www.linkedin.com/company/another-broken-egg-cafe,restaurants,,1072,Orlando,Florida,United States,aiark
Anthony's Coal Fired Pizza,acfp.com,https://www.acfp.com,https://www.linkedin.com/company/anthony's-coal-fired-pizza,Restaurants,1001-5000,736,Fort Lauderdale,Florida,United States,aiark+blitz
Anthony\'s Restaurants,anthonys.com,https://www.anthonys.com,https://www.linkedin.com/company/anthony'srestaurants,Restaurants,1001-5000,325,Kirkland,,United States,blitz
Any Fashion Company,fashion-company.com,http://www.Any.fashion-company.com,https://www.linkedin.com/company/abid-company,retail apparel and fashion,,728,Fairfield,California,United States,aiark
Anyplace,anyplace.com,https://www.anyplace.com,https://www.linkedin.com/company/anyplacecom,real estate,,528,San Francisco,California,United States,aiark
"Apdc Services, Inc",apdc-services.com,https://www.apdc-services.com,https://www.linkedin.com/company/apdc-services-inc-,Hospitality,501-1000,185,Kissimmee,Florida,United States,blitz
Apollo Retail Specialists,apolloretail.com,https://www.apolloretail.com,https://www.linkedin.com/company/apollo-retail,Retail,1001-5000,1218,Tampa,Florida,United States,aiark+blitz
APOTHEKE,apothekeco.com,http://www.apothekeco.com,https://www.linkedin.com/company/apothekeco,retail luxury goods and jewelry,,3338,Brooklyn,New York,United States,aiark
Apple American Group LLC,appleamericancareers.com,https://appleamericancareers.com,https://www.linkedin.com/company/flynn-applebees,restaurants,,2847,Independence,Ohio,United States,aiark
Apple Leisure Group,appleleisuregroup.com,https://www.hyatt.com/development,https://www.linkedin.com/company/apple-leisure-group,hospitality,,1032,Newtown Square,Pennsylvania,United States,aiark
Apple Sauce Inc,applesauceinc.com,https://www.applesauceinc.com,https://www.linkedin.com/company/apple-sauce-inc,Restaurants,5001-10000,29,Fort Wayne,Indiana,United States,blitz
Applebee's Neighborhood Grill + Bar,applebees.com,http://www.applebees.com,https://www.linkedin.com/company/applebee's,restaurants,,2048,Pasadena,California,United States,aiark
"Applebee\'s - Apple-Metro, Inc",applemetrorestaurants.com,https://www.applemetrorestaurants.com,https://www.linkedin.com/company/apple-metro,Restaurants,1001-5000,259,Harrison,New York,United States,blitz
AprilAire,aprilaire.com,http://www.aprilaire.com,https://www.linkedin.com/company/aprilaire,manufacturing,,528,Madison,Wisconsin,United States,aiark
Aptos Retail,aptos.com,https://www.aptos.com,https://www.linkedin.com/company/aptos-retail,software development,,735,Alpharetta,,United States,aiark
Aqua-Aston Hospitality,aqua-aston.com,https://www.aqua-aston.com,https://www.linkedin.com/company/aqua-aston-hospitality,Hospitality,1001-5000,165,Honolulu,Hawaii,United States,blitz
Aramark,aramark.com,https://www.aramark.com,https://www.linkedin.com/company/aramark,Hospitality,10001+,57976,Philadelphia,Pennsylvania,United States,aiark+blitz
Aramark Canada,aramark.ca,https://www.aramark.ca,https://www.linkedin.com/company/aramark-canada,Food and Beverage Services,10001+,1383,Mississauga,Ontario,Canada,aiark+blitz
Aramark Refreshments,aramarkrefreshments.com,http://www.aramarkrefreshments.com,https://www.linkedin.com/company/aramarkrefreshments,food and beverage services,,5607,Philadelphia,Pennsylvania,United States,aiark
Arbonne,arbonne.com,http://www.arbonne.com,https://www.linkedin.com/company/arbonne,retail,,14382,Irvine,California,United States,aiark
Arby's,arbys.com,http://www.arbys.com,https://www.linkedin.com/company/arby's,restaurants,,28603,Atlanta,Georgia,United States,aiark
Arc Thrift Stores,arcthrift.com,https://www.arcthrift.com,https://www.linkedin.com/company/arc-thrift-stores,Retail,1001-5000,436,Westminster,Colorado,United States,blitz
Arc'teryx Equipment,arcteryx.com,http://www.arcteryx.com/careers,https://www.linkedin.com/company/arc-teryx-equipment-inc-,retail apparel and fashion,,3269,North Vancouver,Bc,Canada,aiark
Arcis Golf,arcisgolf.com,http://www.arcisgolf.com,https://www.linkedin.com/company/arcis-golf,hospitality,,926,Dallas,Texas,United States,aiark
Arctic Glacier Premium Ice,arcticglacier.com,http://arcticglacier.com,https://www.linkedin.com/company/arctic-glacier,manufacturing,,653,Sharpsburg,Pennsylvania,United States,aiark
Ardene,ardenecorporate.com,http://ardenecareers.com,https://www.linkedin.com/company/ardene,retail,,2365,Montreal,Quebec,Canada,aiark
Ardent Mills,ardentmills.com,http://www.ardentmills.com,https://www.linkedin.com/company/ardent-mills,food and beverage manufacturing,,1352,Denver,Colorado,United States,aiark
Areas USA,areas.com,https://us.areas.com,https://www.linkedin.com/company/areas-usa-inc-,Hospitality,1001-5000,922,Miami,Florida,United States,aiark+blitz
Arhaus,arhaus.com,https://www.arhaus.com/pages/careers,https://www.linkedin.com/company/arhaus-furniture,Retail,1001-5000,2047,Boston Heights,Ohio,United States,aiark+blitz
Aria Resort & Casino,aria.com,https://www.aria.com,https://www.linkedin.com/company/aria-resort-&-casino,Hospitality,5001-10000,1441,Las Vegas,Nevada,United States,blitz
Ariat International,ariat.com,http://www.ariat.com,https://www.linkedin.com/company/ariat-international,retail apparel and fashion,,1269,Union City,California,United States,aiark
ARIIX,ariix.com,http://www.ariix.com,https://www.linkedin.com/company/ariix,wellness and fitness services,,1435,Bountiful,Utah,United States,aiark
Aritzia,aritzia.com,https://www.aritzia.com,https://www.linkedin.com/company/aritzia,Retail,5001-10000,8621,Vancouver,British Columbia,Canada,aiark+blitz
AriZona Beverage Co.,drinkarizona.com,https://drinkarizona.com,https://www.linkedin.com/company/arizona-iced-tea,Food and Beverage Services,1001-5000,691,Woodbury,New York,United States,aiark+blitz
Arizona Biltmore,arizonabiltmore.com,https://www.arizonabiltmore.com,https://www.linkedin.com/company/arizona-biltmore,Hospitality,501-1000,433,Phoenix,Arizona,United States,blitz
Arjan Impex,arjanimpex.com,https://www.arjanimpex.com,https://www.linkedin.com/company/arjan-impex,Retail,501-1000,308,Delhi,Delhi,United States,blitz
Ark Restaurants,arkrestaurants.com,https://www.arkrestaurants.com,https://www.linkedin.com/company/ark-restaurants,Food and Beverage Services,1001-5000,219,New York,New York,United States,blitz
ARKO Corp. (NASDAQ: ARKO),arkocorp.com,https://www.arkocorp.com,https://www.linkedin.com/company/arko-corp-us,Retail,10001+,196,Richmond,Virginia,United States,blitz
"Arlo Technologies, Inc.",arlo.com,https://www.arlo.com,https://www.linkedin.com/company/arlo-smart-home,computers and electronics manufacturing,,507,Milpitas,California,United States,aiark
Armanino,armanino.com,https://www.armanino.com,https://www.linkedin.com/company/armanino,accounting,,3211,San Ramon,California,United States,aiark
"Armstrong Garden Centers, Inc.",armstronggarden.com,https://www.armstronggarden.com,https://www.linkedin.com/company/armstrong-garden-centers-inc.,Retail,1001-5000,242,Glendora,California,United States,blitz
Army Navy Country Club,ancc.org,https://www.ancc.org,https://www.linkedin.com/company/army-navy-country-club,Hospitality,501-1000,275,Arlington,Virginia,United States,blitz
Arni\'s Restaurant,meetyouatarnis.com,https://www.meetyouatarnis.com,https://www.linkedin.com/company/arni's-restaurant,Restaurants,501-1000,193,Indianapolis,Indiana,United States,blitz
Aroma Joe's Coffee,aromajoes.com,https://franchising.aromajoes.com,https://www.linkedin.com/company/aromajoescoffee,food and beverage services,,579,Scarborough,Maine,United States,aiark
Arrangements Unlimited,arrangementsunlimited.net,https://www.arrangementsunlimited.net,https://www.linkedin.com/company/arrangements-unlimited,Hospitality,501-1000,9,Rancho San Diego,California,United States,blitz
Array Marketing,arraymarketing.com,https://www.arraymarketing.com,https://www.linkedin.com/company/array-marketing,Retail,1001-5000,697,Toronto,Ontario,Canada,aiark+blitz
"Arrow International, Inc.",arrowinternational.com,http://www.arrowinternational.com,https://www.linkedin.com/company/arrow-international-inc-,manufacturing,,555,Cleveland,Ohio,United States,aiark
Art Van Furniture,artvan.com,http://www.artvan.com,https://www.linkedin.com/company/art-van-furniture,furniture and home furnishings manufacturing,,1130,Warren,Michigan,United States,aiark
Arterra Wines Canada,arterracanada.com,http://www.arterracanada.com,https://www.linkedin.com/company/arterra-wines-canada,beverage manufacturing,,762,Mississauga,Ontario,Canada,aiark
Artesanias,,,https://www.linkedin.com/company/artesanias,retail art supplies,,3341,,,United States,aiark
Artichoke Cafe,artichokecafe.com,https://www.artichokecafe.com,https://www.linkedin.com/company/artichoke-cafe,Food and Beverage Services,10001+,27,Stuart,Florida,United States,blitz
ARTIGIANO,artigianostore.com,http://www.artigianostyle.com,https://www.linkedin.com/company/artigiano-style,retail apparel and fashion,,641,Roseland,New Jersey,United States,aiark
Artist / Designer,artbees.co,http://artbees.co,https://www.linkedin.com/company/artist-designer,retail,,639,,,United States,aiark
"Arts, Artists, Artwork",artsartistsartwork.com,https://artsartistsartwork.com,https://www.linkedin.com/company/arts-artists-artwork,retail,,573,New Westminster,Bc,Canada,aiark
ARVIN SANGO INC,arvinsango.com,http://www.arvinsango.com,https://www.linkedin.com/company/arvin-sango-inc,motor vehicle manufacturing,,687,Madison,Indiana,United States,aiark
"Asbury Communities, Inc.",asbury.org,http://www.asbury.org,https://www.linkedin.com/company/asbury,hospitals and health care,,616,Frederick,Maryland,United States,aiark
ascena,ascena.com,https://knitwellgroup.com,https://www.linkedin.com/company/ascena,retail,,1735,Mahwah,New Jersey,United States,aiark
Ascent Hospitality Management,ascenthm.com,http://www.ascenthm.com,https://www.linkedin.com/company/ascenthospitalitymanagement,food and beverage services,,6996,Sandy Springs,Georgia,United States,aiark
Asda Supermarket,athena-horizons.co.uk,https://www.amazon.com/b?_encoding=UTF8&tag=deal4u005-20&linkCode=ur2&linkId=05d742fd67ed6ff14b9e9e8fe0d51f49&camp=1789&creative=9325&node=1036592,https://www.linkedin.com/company/asda-supermarket,retail,,1647,Mount Vernon,New York,United States,aiark
Ash,ash.world,https://www.ash.world,https://www.linkedin.com/company/ash-nyc,hospitality,,608,New York,New York,United States,aiark
ASHLEY,ashleynva.com,http://sale.ashleynva.com,https://www.linkedin.com/company/ashley-homestore-northern-virginia-richmond,retail,,606,Fredericksburg,Virginia,United States,aiark
Ashley Global Retail,ashley.com,http://www.ashley.com,https://www.linkedin.com/company/ashley-global-retail,retail,,798,Tampa,Florida,United States,aiark
"Ashley Stewart, Inc.",ashleystewart.com,http://www.ashleystewart.com,https://www.linkedin.com/company/ashley-stewart,retail apparel and fashion,,884,Secaucus,New Jersey,United States,aiark
ASICS America Corporation,asics.com,http://www.asics.com,https://www.linkedin.com/company/asics-america,retail,,813,Irvine,California,United States,aiark
Aspire Bakeries,aspirebakeries.com,http://www.aspirebakeries.com,https://www.linkedin.com/company/aspire-bakeries,food and beverage manufacturing,,1120,Los Angeles,California,United States,aiark
ASR Group,asr-group.com,http://www.asr-group.com,https://www.linkedin.com/company/american-sugar-refining,food and beverage manufacturing,,1680,West Palm Beach,Florida,United States,aiark
Assemblers Incorporated,assemblersinc.net,https://www.assemblersinc.net,https://www.linkedin.com/company/assemblers-inc,Retail,1001-5000,403,Chattanooga,Tennessee,United States,blitz
Associated Food Stores,afstores.com,http://www.afstores.com,https://www.linkedin.com/company/associated-food-stores,wholesale,,1074,Salt Lake City,Utah,United States,aiark
Associated Wholesale Grocers,awginc.com,http://www.awginc.com,https://www.linkedin.com/company/associated-wholesale-grocers,wholesale,,2466,Kansas City,Kansas,United States,aiark
At Home Group Inc.,athome.com,https://www.athome.com,https://www.linkedin.com/company/athomestores,Retail,5001-10000,4041,Dallas,Texas,United States,aiark+blitz
Athleta,athleta.com,http://www.athleta.com,https://www.linkedin.com/company/athleta,retail apparel and fashion,,2910,San Francisco,California,United States,aiark
"Atlantic City Linen Supply, Llc",aclinen.com,https://aclinen.com,https://www.linkedin.com/company/ac-linen,Hospitality,501-1000,53,Atlantic City,New Jersey,United States,blitz
Atlantic Coca-Cola Bottling Company,atlanticbottling.com,https://www.atlanticbottling.com,https://www.linkedin.com/company/atlantic-bottling-company,Food and Beverage Services,501-1000,284,Atlantic,Iowa,United States,blitz
Atlantic General Hospital,atlanticgeneral.org,http://www.atlanticgeneral.org,https://www.linkedin.com/company/atlantic-general-hospital,hospitals and health care,,514,Berlin,Maryland,United States,aiark
Atlantic Hotels Group,atlantichotelsgroup.com,https://www.atlantichotelsgroup.com,https://www.linkedin.com/company/atlantichotels,Hospitality,1001-5000,62,Dallas,Texas,United States,blitz
Atlantic Superstore,atlanticsuperstore.ca,https://www.atlanticsuperstore.ca/en_ca.html,https://www.linkedin.com/company/atlantic-superstore,Retail,10001+,865,Halifax,Nova Scotia,Canada,aiark+blitz
Atlantis Casino Resort Spa,atlantiscasino.com,https://www.atlantiscasino.com,https://www.linkedin.com/company/atlantisreno,Hospitality,1001-5000,738,Reno,Nevada,United States,aiark+blitz
Atlantis Management Group,atlantismgmt.com,https://www.atlantismgmt.com,https://www.linkedin.com/company/atlantismanagementgroup,Retail,1001-5000,164,Mount Vernon,New York,United States,blitz
Atlas MedStaff,atlasmedstaff.com,http://www.atlasmedstaff.com,https://www.linkedin.com/company/atlas-medstaff,staffing and recruiting,,657,Omaha,Nebraska,United States,aiark
Atlas Restaurant Group,atlasrestaurantgroup.com,https://www.atlasrestaurantgroup.com,https://www.linkedin.com/company/atlas-restaurant-group,Restaurants,1001-5000,360,Baltimore,Maryland,United States,blitz
Atomic Cowboy,atomiccowboy.net,https://atomiccowboy.net,https://www.linkedin.com/company/the-atomic-cowboy,Restaurants,501-1000,13,Denver,Colorado,United States,blitz
ATOMY,atomy.com,http://atomy.com/us,https://www.linkedin.com/company/atomyglobalus,retail,,602,Federal Way,Washington,United States,aiark
Atrium Hospitality,atriumhospitality.com,https://atriumhospitality.com,https://www.linkedin.com/company/atrium-hospitality,Hospitality,5001-10000,1359,Alpharetta,Georgia,United States,aiark+blitz
Atwoods Ranch & Home,atwoods.com,https://www.atwoods.com,https://www.linkedin.com/company/atwoods,Retail,1001-5000,1195,Enid,Oklahoma,United States,aiark+blitz
Au Bon Pain,aubonpain.com,http://www.aubonpain.com,https://www.linkedin.com/company/au-bon-pain,restaurants,,1174,Boston,Massachusetts,United States,aiark
Aubainerie,aubainerie.com,http://www.aubainerie.com,https://www.linkedin.com/company/aubainerie,retail apparel and fashion,,539,Montréal,Québec,Canada,aiark
Auberge Collection,aubergeresorts.com,https://auberge.com,https://www.linkedin.com/company/auberge-collection,hospitality,,1091,Bethesda,Maryland,United States,aiark
Audi Colorado Springs,audicoloradosprings.com,https://audicoloradosprings.com,https://www.linkedin.com/company/audi-colorado-springs,Retail,1001-5000,14,Colorado Springs,Colorado,United States,blitz
Augusta National Golf Club,masters.com,https://www.masters.com/careers,https://www.linkedin.com/company/augustanational,hospitality,,993,Augusta,Georgia,United States,aiark
Aunt Millie's Bakeries,auntmillies.com,http://www.auntmillies.com,https://www.linkedin.com/company/aunt-millie's-bakeries,food and beverage manufacturing,,714,Fort Wayne,Indiana,United States,aiark
Auntie Anne's,auntieannes.com,http://www.auntieannes.com,https://www.linkedin.com/company/auntie-anne's,food and beverage services,,3772,Atlanta,Georgia,United States,aiark
Aurify Brands,aurifybrands.com,https://www.aurifybrands.com,https://www.linkedin.com/company/aurify-brands,Restaurants,501-1000,29,New York,New York,United States,blitz
AUTOBELL Car Wash,autobell.com,https://linktr.ee/AutobellCarWash,https://www.linkedin.com/company/autobell-car-wash,retail,,1188,Charlotte,North Carolina,United States,aiark
AutoNation,autonation.com,http://jobs.autonation.com,https://www.linkedin.com/company/autonation,motor vehicle manufacturing,,10873,Ft. Lauderdale,Florida,United States,aiark
AutoZone,autozone.com,https://careers.autozone.com,https://www.linkedin.com/company/autozone,Retail,10001+,50398,Memphis,Tennessee,United States,aiark+blitz
Avalon Golf and Country Club,avalongcc.com,https://www.avalongcc.com,https://www.linkedin.com/company/avalon-golf-and-country-club,Hospitality,501-1000,159,Warren,Ohio,United States,blitz
AvalonBay Communities,avaloncommunities.com,http://www.avalonbay.com,https://www.linkedin.com/company/avalonbay-communities,real estate,,2415,Arlington,Virginia,United States,aiark
Avanos Medical,avanos.com,http://www.avanos.com,https://www.linkedin.com/company/avanos-medical,medical equipment manufacturing,,1425,Alpharetta,Georgia,United States,aiark
AVE by Korman Communities,aveliving.com,https://www.aveliving.com,https://www.linkedin.com/company/ave-by-korman-communities,Hospitality,501-1000,371,Plymouth Township,Pennsylvania,United States,blitz
Avery Dennison,averydennison.com,https://averydennison.com,https://www.linkedin.com/company/avery-dennison,packaging and containers manufacturing,,21964,Mentor,Ohio,United States,aiark
AVI,avilafayette.com,http://avilafayette.com,https://www.linkedin.com/company/avi,retail,,524,,,United States,aiark
AVI Foodsystems,avifoodsystems.com,https://www.avifoodsystems.com,https://www.linkedin.com/company/avi-foodsystems,Food and Beverage Services,5001-10000,3182,Warren,Ohio,United States,aiark+blitz
Aviagen,aviagen.com,http://www.aviagen.com,https://www.linkedin.com/company/aviagen,food and beverage manufacturing,,2310,,,United States,aiark
Avison Young,avisonyoung.com,http://www.avisonyoung.com,https://www.linkedin.com/company/avison-young-commercial-real-estate,real estate,,3482,Toronto,On,Canada,aiark
AVON,avon.com,https://www.avon.com/repstore/franzettalee?rep=franzettalee,https://www.linkedin.com/company/franzettaleeavon,manufacturing,,1560,Milwaukee,Wisconsin,United States,aiark
Away,awaytravel.com,http://www.awaytravel.com,https://www.linkedin.com/company/away,retail,,571,New York,Ny,United States,aiark
Ayres Hotels,ayreshotels.com,https://www.ayreshotels.com,https://www.linkedin.com/company/ayres-hotels-of-southern-california,Hospitality,501-1000,276,Costa Mesa,California,United States,blitz
"Aztec Shops, Ltd.",aztecshops.com,https://www.aztecshops.com,https://www.linkedin.com/company/aztecshops,Retail,501-1000,481,San Diego,California,United States,blitz
Aéropostale,aeropostale.com,https://www.aeropostale.com,https://www.linkedin.com/company/aeropostale,Retail,10001+,7148,,New York,United States,aiark+blitz
B Hotels & Resorts,bhotelsandresorts.com,https://www.bhotelsandresorts.com,https://www.linkedin.com/company/bhotelsandresorts,Hospitality,501-1000,21,Fort Lauderdale,Florida,United States,blitz
B&b Hospitality Group,bandbhg.com,https://www.bandbhg.com,https://www.linkedin.com/company/b&b-hospitality-group,Restaurants,1001-5000,77,New York,New York,United States,blitz
B&G Foods Inc.,bgfoods.com,https://www.bgfoods.com,https://www.linkedin.com/company/bgfoodsinc,Food and Beverage Services,1001-5000,1497,Parsippany,New Jersey,United States,aiark+blitz
B&H Photo Video,bandh.com,https://www.bandh.com,https://www.linkedin.com/company/b&h-photo-video,Retail,1001-5000,2445,New York,New York,United States,aiark+blitz
B. F. Saul Company Hospitality Group,bfsaulhotels.com,https://www.bfsaulhotels.com,https://www.linkedin.com/company/bfsaulhotels,Hospitality,501-1000,212,Bethesda,Maryland,United States,blitz
Babbo Italian Eatery,babboitalian.com,https://www.babboitalian.com,https://www.linkedin.com/company/babbo-italian-eatery,Restaurants,501-1000,84,Scottsdale,Arizona,United States,blitz
Babies R Us,babiesrus.com,http://www.babiesrus.com,https://www.linkedin.com/company/babies-r-us,retail,,1623,,,United States,aiark
Baccarat Hotels & Resorts,baccarathotels.com,https://www.baccarathotels.com,https://www.linkedin.com/company/baccarat-hotels-and-resorts,Hospitality,1001-5000,128,,New York,United States,blitz
Bachman's Inc.,bachmans.com,https://bachmans.com,https://www.linkedin.com/company/bachman's-inc.,Retail,501-1000,410,Minneapolis,Minnesota,United States,blitz
Backcountry,backcountrycorp.com,http://www.backcountrycorp.com,https://www.linkedin.com/company/backcountry,retail,,883,Park City,Utah,United States,aiark
Bad Daddy's Burger Bar,baddaddysburgerbar.com,http://www.baddaddysburgerbar.com,https://www.linkedin.com/company/bad-daddy's-burger-bar,restaurants,,781,Golden,Colorado,United States,aiark
Baesler S Market,baeslers.com,https://baeslers.com,https://www.linkedin.com/company/baesler%e2%80%99s-market,Retail,501-1000,61,Terre Haute,Indiana,United States,blitz
Bagel Brands,bagelbrands.com,http://bagelbrands.com,https://www.linkedin.com/company/bagel-brands,restaurants,,4112,Denver,Colorado,United States,aiark
Bagger Dave\'s Burger Tavern Inc,baggerdaves.com,https://baggerdaves.com,https://www.linkedin.com/company/bagger-dave's-burger-tavern-inc,Restaurants,1001-5000,73,Traverse City,Michigan,United States,blitz
Bags Inc.,bagsinc.com,http://www.bagsinc.com,https://www.linkedin.com/company/bags-inc,hospitality,,883,Orlando,Florida,United States,aiark
Bahama Breeze,bahamabreeze.com,https://www.bahamabreeze.com,https://www.linkedin.com/company/-bahama-breeze,Restaurants,10001+,1438,Orlando,Florida,United States,aiark+blitz
Bahama Buck's Franchise Corporation,bahamabucks.com,http://www.bahamabucks.com,https://www.linkedin.com/company/bahamabucks,food and beverage services,,689,Lubbock,Texas,United States,aiark
Bahia Resort Hotel,bahiahotel.com,https://www.bahiahotel.com,https://www.linkedin.com/company/bahia-resort-hotel,Hospitality,501-1000,133,San Diego,California,United States,blitz
"Baik Brands, Inc",baikbrands.com,https://www.baikbrands.com,https://www.linkedin.com/company/baikbrands,Retail,501-1000,85,Dallas,Texas,United States,blitz
BakeMark,bakemark.com,http://www.bakemark.com,https://www.linkedin.com/company/bakemarkusa,food and beverage manufacturing,,913,Pico Rivera,California,United States,aiark
Baker Distributing Company,bakerdist.com,http://www.bakerdist.com,https://www.linkedin.com/company/baker-distributing-company,wholesale,,978,Jacksonville,,United States,aiark
Baker\'s Drive Thru,bakersdrivethru.com,https://www.bakersdrivethru.com,https://www.linkedin.com/company/bakers-bugers-inc,Restaurants,1001-5000,186,Riverside,California,United States,blitz
Balboa Bay Club,balboabayclub.com,https://www.balboabayclub.com,https://www.linkedin.com/company/balboa-bay-club,Hospitality,501-1000,73,Newport Beach,California,United States,blitz
Balchem Human Nutrition And Health,balchem.com,https://balchem.com/hnh,https://www.linkedin.com/company/balchemhumannutritionandhealth,Food and Beverage Services,501-1000,190,Montvale,New Jersey,United States,aiark+blitz
"Baldor Specialty Foods, Inc.",baldorfood.com,http://www.baldorfood.com,https://www.linkedin.com/company/baldorfood,food and beverage services,,1019,Bronx,New York,United States,aiark
Bamboo House,bamboohousenj.com,https://bamboohousenj.com,https://www.linkedin.com/company/bamboo-house,Restaurants,10001+,65,Cookstown,New Jersey,United States,blitz
Banana Republic,bananarepublic.com,https://www.bananarepublic.com,https://www.linkedin.com/company/gap-inc--banana-republic,Retail,10001+,7827,San Francisco,California,United States,blitz
Bandon Dunes Golf Resort,bandondunesgolf.com,https://bandondunesgolf.com,https://www.linkedin.com/company/bandondunesgolf,Hospitality,501-1000,162,Bandon,Oregon,United States,blitz
Bang Energy,bangenergy.com,https://bangenergy.com,https://www.linkedin.com/company/bangenergy,Food and Beverage Services,1001-5000,418,Weston,Florida,United States,blitz
Bangbros Com,bangbros.com,http://www.bangbros.com,https://www.linkedin.com/company/bangbros-com,retail,,622,Miami,Florida,United States,aiark
Baptist Health - Central Alabama,baptistfirst.org,http://www.baptistfirst.org,https://www.linkedin.com/company/baptist-south,hospitals and health care,,759,Montgomery,Alabama,United States,aiark
Baptist Hospitals of Southeast Texas,bhset.net,http://www.bhset.net,https://www.linkedin.com/company/baptist-hospitals-of-southeast-texas,hospitals and health care,,977,Beaumont,Texas,United States,aiark
BAR - New Haven,barnightclub.com,http://barnightclub.com,https://www.linkedin.com/company/bar---new-haven,restaurants,,634,New Haven,Connecticut,United States,aiark
Bar Louie Franchise,barlouie.com,https://www.barlouie.com/franchise,https://www.linkedin.com/company/bar-louie-restaurants,Restaurants,5001-10000,111,Addison,Texas,United States,aiark+blitz
Bar-Restaurant,barrestaurant.la,http://www.barrestaurant.la,https://www.linkedin.com/company/bar-restaurant,hospitality,,852,Land O Lakes,Wisconsin,United States,aiark
Bar-S Foods Co.,sigma-alimentos.com,http://www.sigma-alimentos.com,https://www.linkedin.com/company/bar-s-foods-co-,food and beverage manufacturing,,938,Scottsdale,Arizona,United States,aiark
Barbacoa,barbacoa-boise.com,http://www.barbacoa-boise.com,https://www.linkedin.com/company/barbacoa,food and beverage services,,608,Boise,Idaho,United States,aiark
BarBurrito Restaurants Inc.,barburrito.ca,http://www.barburrito.ca,https://www.linkedin.com/company/barburrito-restaurants-inc,restaurants,,532,North York,Ontario,Canada,aiark
Barcel USA,barcel-usa.com,http://www.barcel-usa.com,https://www.linkedin.com/company/barcel-usa,food and beverage services,,654,Coppell,Texas,United States,aiark
Barcelona Wine Bar,barcelonawinebar.com,http://www.barcelonawinebar.com,https://www.linkedin.com/company/barcelona-wine-bar,restaurants,,643,,,United States,aiark
Bargain Hunt,bargainhunt.com,http://www.bargainhunt.com,https://www.linkedin.com/company/bargain-hunt,retail,,820,Antioch,Tennessee,United States,aiark
Bargreen Ellingson,bargreen.com,http://www.bargreen.com,https://www.linkedin.com/company/bargreen-ellingson,wholesale,,532,Tacoma,Washington,United States,aiark
Barista,baristaoncampus.com,https://www.baristaoncampus.com,https://www.linkedin.com/company/baristaoncampus,food and beverage services,,2152,New Haven,Connecticut,United States,aiark
Barnes & Noble College,bncollege.com,https://www.bncollege.com,https://www.linkedin.com/company/barnes-&-noble-college,Retail,10001+,2957,Florham Park,New Jersey,United States,aiark+blitz
"Barnes & Noble, Inc.",barnesandnoble.com,https://careers.barnesandnoble.com,https://www.linkedin.com/company/barnes-&-noble,Retail,10001+,14471,,New York,United States,aiark+blitz
Barneys New York,barneys.com,https://www.barneys.com,https://www.linkedin.com/company/barneys-new-york,Retail,1001-5000,927,,New York,United States,aiark+blitz
Barros Pizza,barrospizza.com,https://barrospizza.com,https://www.linkedin.com/company/barros-pizza,food and beverage services,,509,Phoenix,Arizona,United States,aiark
bartaco,bartaco.com,https://www.bartaco.com,https://www.linkedin.com/company/bartaco,restaurants,,830,Arlington,Virginia,United States,aiark
Bartell Drugs,bartelldrugs.com,https://www.bartelldrugs.com,https://www.linkedin.com/company/bartell-drugs,Retail,1001-5000,632,Seattle,Washington,United States,aiark+blitz
Bartell Hotels,bartellhotels.com,https://www.bartellhotels.com,https://www.linkedin.com/company/bartell-hotels,Hospitality,501-1000,81,San Diego,California,United States,blitz
Baruch Senior Ministries,baruchsls.org,https://www.baruchsls.org,https://www.linkedin.com/company/baruch-senior-ministries,Hospitality,501-1000,90,Grand Rapids,Michigan,United States,blitz
Bashas',bashas.com,https://www.bashas.com,https://www.linkedin.com/company/bashas,Retail,5001-10000,2018,Chandler,Arizona,United States,aiark+blitz
Basic American Foods,baf.com,http://www.baf.com,https://www.linkedin.com/company/basic-american-foods,food and beverage manufacturing,,632,Walnut Creek,California,United States,aiark
Bass Pro Shops,basspro.com,https://www.basspro.com,https://www.linkedin.com/company/bassproshops,Retail,10001+,10346,Springfield,Missouri,United States,aiark+blitz
Bath & Body Works,bathandbodyworks.com,https://www.bbwinc.com/about-us,https://www.linkedin.com/company/bath-and-body-works,retail,,33534,Columbus,Ohio,United States,aiark
Bath Fitter,bathfitter.com,https://bit.ly/3Tf4cxL,https://www.linkedin.com/company/bath-fitter,retail,,1565,St-eustache (québec),,Canada,aiark
Batory Foods,batoryfoods.com,https://www.batoryfoods.com,https://www.linkedin.com/company/batory-foods,Food and Beverage Services,501-1000,463,Rosemont,Illinois,United States,blitz
Batteries Plus,batteriesplus.com,https://www.batteriesplus.com,https://www.linkedin.com/company/batteries-plus,retail,,2619,Hartland,Wisconsin,United States,aiark
Battlefield Equipment Rentals / Location d’équipement Battlefield,battlefieldequipment.ca,https://www.BattlefieldEquipment.ca,https://www.linkedin.com/company/battlefield-equipment,retail,,625,Stoney Creek,Ontario,Canada,aiark
Bauer Hockey,bauer.com,http://www.bauer.com,https://www.linkedin.com/company/bauer-hockey-inc,retail,,770,Exeter,New Hampshire,United States,aiark
Bay Valley Foods,bayvalleyfoods.com,http://www.bayvalleyfoods.com,https://www.linkedin.com/company/bay-valley-foods,food and beverage manufacturing,,647,El Paso,Texas,United States,aiark
Baymont By Wyndham,baymontinndallas.com,http://www.baymontinndallas.com,https://www.linkedin.com/company/baymont-by-wyndham,hospitality,,705,Dallas,Texas,United States,aiark
BAYMONT INN,hotels-savannah.com,http://www.baymontinns.com,https://www.linkedin.com/company/baymont-inn,hospitality,,530,Spokane,,United States,aiark
Bayside Garden Center,baysidegardencenter.com,https://www.baysidegardencenter.com,https://www.linkedin.com/company/bayside-garden-center,Retail,10001+,18,Milwaukee,Wisconsin,United States,blitz
Bbl Hospitality,bblhospitality.com,https://www.bblhospitality.com,https://www.linkedin.com/company/bbl-hospitality,Hospitality,1001-5000,95,Albany,New York,United States,blitz
"BBQ Holdings, Inc.",bbq-holdings.com,https://www.bbq-holdings.com,https://www.linkedin.com/company/bbq-holdings-inc,Restaurants,1001-5000,2877,Minnetonka,Minnesota,United States,aiark+blitz
BCBGMAXAZRIAGROUP,bcbg.com,http://www.bcbg.com,https://www.linkedin.com/company/bcbg-max-azria,retail apparel and fashion,,1645,Los Angeles,California,United States,aiark
BCD Meetings & Events,bcdme.com,https://bcdme.com,https://www.linkedin.com/company/bcdme,events services,,2550,Chicago,Illinois,United States,aiark
"BDS Connected Solutions, LLC.",bdssolutions.com,http://www.bdssolutions.com,https://www.linkedin.com/company/bdsconnectedsolutions,advertising services,,1482,Lake Forest,California,United States,aiark
"Bealls, Inc.",beallsinc.com,https://www.beallsinc.com,https://www.linkedin.com/company/bealls,Retail,10001+,4847,Bradenton,Florida,United States,aiark+blitz
Beam Team,thebeamteam.com,https://www.thebeamteam.com,https://www.linkedin.com/company/beamteam18,Retail,501-1000,76,Alpharetta,Georgia,United States,blitz
Beau Rivage Resort & Casino,beaurivage.com,http://www.beaurivage.com,https://www.linkedin.com/company/beau-rivage,gambling facilities and casinos,,1554,,,United States,aiark
Beaumont Buckle,buckle.jobs,https://buckle.jobs,https://www.linkedin.com/company/beaumontbuckle,Retail,10001+,3,Beaumont,Texas,United States,blitz
Beauty Brands,beautybrands.com,https://www.beautybrands.com,https://www.linkedin.com/company/beauty-brands,Retail,501-1000,1974,Kansas City,Missouri,United States,aiark+blitz
Beauty Industry Group,beautyindustrygroup.com,http://beautyindustrygroup.com,https://www.linkedin.com/company/beauty-industry-group,consumer services,,882,Salt Lake City,Utah,United States,aiark
Beautycounter,beautycounter.com,https://www.beautycounter.com/careers,https://www.linkedin.com/company/beautycounter,retail,,2293,Santa Monica,California,United States,aiark
Beavers Incorporated,beaversinc.net,https://beaversinc.net,https://www.linkedin.com/company/beavers-incorporated,Food and Beverage Services,501-1000,21,Fort Walton Beach,Florida,United States,blitz
bebe stores,bebe.com,http://www.bebe.com,https://www.linkedin.com/company/bebe-stores,retail apparel and fashion,,1283,Los Angeles,California,United States,aiark
Bed Bath & Beyond,bedbathandbeyond.com,https://www.bedbathandbeyond.com,https://www.linkedin.com/company/bed-bath-and-beyond,Retail,501-1000,13742,Murray,Utah,United States,aiark+blitz
Beef 'O'​ Brady's,beefobradys.com,https://www.beefobradys.com,https://www.linkedin.com/company/beef-'o'-brady's,restaurants,,1543,Tampa,Florida,United States,aiark
"beeline Group, North America",beeline-group.com,https://www.beeline-group.com/en,https://www.linkedin.com/company/beeline-group-north-america,Retail,501-1000,213,Atlanta,Georgia,United States,blitz
Belk,belkcareers.com,https://www.belkcareers.com,https://www.linkedin.com/company/belk,Retail,10001+,12989,Charlotte,North Carolina,United States,aiark+blitz
Bell Flavors & Fragrances,bellff.com,http://www.bellff.com,https://www.linkedin.com/company/bell-flavors-&-fragrances,chemical manufacturing,,605,Northbrook,Illinois,United States,aiark
Bell S Brewery,bellsbeer.com,https://www.bellsbeer.com,https://www.linkedin.com/company/bellsbrewery,Food and Beverage Services,501-1000,192,Comstock,Michigan,United States,blitz
Bell Works,bell.works,https://bell.works,https://www.linkedin.com/company/bellworks,Retail,1001-5000,32,Holmdel,New Jersey,United States,blitz
BELLA+CANVAS,bellacanvas.com,http://www.bellacanvas.com,https://www.linkedin.com/company/bellacanvas,wholesale,,638,Beverly Hills,California,United States,aiark
Bellagio,bellagio.com,https://www.bellagio.com,https://www.linkedin.com/company/bellagio,Hospitality,5001-10000,2562,Las Vegas,Nevada,United States,blitz
Belle Tire,belletire.com,http://www.belletire.com,https://www.linkedin.com/company/belle-tire,retail,,1306,Southfield,Michigan,United States,aiark
Belmont Village Senior Living,belmontvillage.com,http://www.belmontvillage.com,https://www.linkedin.com/company/belmontvillageseniorliving,hospitals and health care,,1777,Houston,Texas,United States,aiark
Ben & Jerry's,benjerry.com,http://www.benjerry.com,https://www.linkedin.com/company/ben-&-jerry's,manufacturing,,1716,South Burlington,Vermont,United States,aiark
Ben E. Keith Foods,benekeith.com,https://www.benekeith.com/food,https://www.linkedin.com/company/benekeithfoods,Food and Beverage Services,1001-5000,1738,Fort Worth,Texas,United States,aiark+blitz
Benchmark Resorts & Hotels,benchmarkresortsandhotels.com,https://www.benchmarkresortsandhotels.com,https://www.linkedin.com/company/benchmarkresortsandhotels,Hospitality,5001-10000,412,The Woodlands,Texas,United States,blitz
Benchmark Senior Living,benchmarkseniorliving.com,https://careers.benchmarkseniorliving.com,https://www.linkedin.com/company/benchmarkseniorliving,hospitals and health care,,2041,Waltham,Massachusetts,United States,aiark
Benihana,benihana.com,https://www.benihana.com,https://www.linkedin.com/company/benihana,Restaurants,5001-10000,3522,Aventura,Florida,United States,aiark+blitz
Bennett Management Corp,bennettmanagement.com,https://www.bennettmanagement.com,https://www.linkedin.com/company/bennett-management-corp-,Restaurants,501-1000,38,Maumee,Ohio,United States,blitz
Benny&Co.,benny-co.com,http://www.benny-co.com,https://www.linkedin.com/company/benny&co-,restaurants,,570,Blainville,Quebec,Canada,aiark
Bentley Group,shopbentley.com,http://www.shopbentley.com,https://www.linkedin.com/company/bentley-leathers-inc.,retail,,501,Montreal,Quebec,Canada,aiark
Benzer Pharmacy,benzerpharmacy.com,https://www.benzerpharmacy.com,https://www.linkedin.com/company/benzerpharmacy,Retail,501-1000,202,Tampa,Florida,United States,blitz
Bergdorf Goodman,bergdorfgoodman.com,http://www.bergdorfgoodman.com,https://www.linkedin.com/company/bergdorf-goodman,retail,,1080,,,United States,aiark
Bergner\'s,bergners.com,https://bergners.com,https://www.linkedin.com/company/bergner's,Retail,10001+,144,Milwaukee,Wisconsin,United States,blitz
Berkeley Bowl Produce Inc,berkeleybowl.com,https://www.berkeleybowl.com,https://www.linkedin.com/company/berkeley-bowl-produce-inc-marketplace,Retail,501-1000,108,Berkeley,California,United States,blitz
Bernie & Phyl\'s Furniture,bernieandphyls.com,https://www.bernieandphyls.com,https://www.linkedin.com/company/bernie-&-phyl's-furniture,Retail,501-1000,160,Norton,Massachusetts,United States,blitz
Bertucci\'s,bertuccis.com,https://www.bertuccis.com,https://www.linkedin.com/company/bertucci's,Restaurants,5001-10000,896,Northborough,Massachusetts,United States,aiark+blitz
Best Buy,bestbuy.com,http://jobs.bestbuy.com,https://www.linkedin.com/company/best-buy,retail,,74658,Richfield,Minnesota,United States,aiark
Best Buy Canada,bestbuy.ca,http://www.bestbuy.ca/careers,https://www.linkedin.com/company/best-buy-canada,retail,,4210,Vancouver,British Columbia,Canada,aiark
Best Western Hotels & Resorts,bestwestern.com,http://www.bestwestern.com,https://www.linkedin.com/company/best-western-hotels-&-resorts,hospitality,,17806,Phoenix,Arizona,United States,aiark
Better Buzz Coffee,betterbuzzcoffee.com,https://www.betterbuzzcoffee.com,https://www.linkedin.com/company/better-buzz-coffee,Food and Beverage Services,1001-5000,491,San Diego,California,United States,blitz
BevMo!,bevmo.com,http://www.bevmo.com,https://www.linkedin.com/company/beverages-and-more,retail,,1256,Concord,California,United States,aiark
Beyond Meat,beyondmeat.com,https://www.beyondmeat.com,https://www.linkedin.com/company/gobeyondofficial,Food and Beverage Services,501-1000,924,El Segundo,California,United States,aiark+blitz
BI-LO,bi-lo.com,http://www.bi-lo.com,https://www.linkedin.com/company/bi-lo-llc,retail groceries,,1829,Jacksonville,Florida,United States,aiark
"Bi-Lo Holdings, Llc",biloholdings.com,https://biloholdings.com,https://www.linkedin.com/company/bi-lo-holdings-llc,Food and Beverage Services,10001+,4,Jacksonville,Florida,United States,blitz
Bi-Mart,bimart.com,https://www.bimart.com,https://www.linkedin.com/company/bimart,Retail,1001-5000,826,Eugene,Oregon,United States,aiark+blitz
Biaggi's Ristorante Italiano,biaggis.com,https://www.biaggis.com,https://www.linkedin.com/company/biaggi's-ristorante-italiano,Restaurants,1001-5000,653,Bloomington,Illinois,United States,aiark+blitz
Big 5 Sporting Goods,big5sportinggoods.com,https://www.big5sportinggoods.com,https://www.linkedin.com/company/big-5-sporting-goods,Retail,5001-10000,4131,El Segundo,California,United States,aiark+blitz
Big Boy Restaurants,bigboy.com,https://www.bigboy.com,https://www.linkedin.com/company/big-boy-restaurant-group-llc,Restaurants,1001-5000,802,Southfield,Michigan,United States,aiark+blitz
Big Cedar Lodge,bigcedar.com,https://www.bigcedar.com,https://www.linkedin.com/company/big-cedar-lodge,Hospitality,501-1000,714,Ridgedale,Missouri,United States,aiark+blitz
Big Geyser Inc.,biggeyser.com,https://www.biggeyser.com,https://www.linkedin.com/company/big-geyser-inc.,Food and Beverage Services,501-1000,266,Maspeth,New York,United States,blitz
Big Lots,biglots.com,https://www.biglots.com,https://www.linkedin.com/company/big-lots,Retail,10001+,17566,Columbus,Ohio,United States,aiark+blitz
"Big R Holdings, Inc",bigronline.com,https://bigronline.com,https://www.linkedin.com/company/big-r-holdings-inc.,Retail,501-1000,31,Pueblo,Colorado,United States,blitz
Big R Stores,stockandfield.com,https://www.stockandfield.com,https://www.linkedin.com/company/big-r-stores,Retail,1001-5000,429,Watseka,Illinois,United States,blitz
Big Red F Restaurant Group,bigredf.com,https://www.bigredf.com,https://www.linkedin.com/company/bigredf-restaurants,Restaurants,501-1000,84,Boulder,Colorado,United States,blitz
Big Sky Resort,bigskyresort.com,https://www.bigskyresort.com,https://www.linkedin.com/company/big-sky-resort,Hospitality,1001-5000,727,Big Sky,Montana,United States,aiark+blitz
Big Tex Trailers,bigtextrailers.com,http://www.bigtextrailers.com,https://www.linkedin.com/company/big-tex-trailers,manufacturing,,677,Mt. Pleasant,Texas,United States,aiark
Big Time Restaurant Group,bigtimerestaurants.com,https://www.bigtimerestaurants.com,https://www.linkedin.com/company/big-time-restaurant-group,Restaurants,1001-5000,102,Delray Beach,Florida,United States,blitz
Big Y World Class Market,bigy.com,http://www.bigy.com,https://www.linkedin.com/company/big-y-foods,retail,,3562,Springfield,Massachusetts,United States,aiark
BIGGBY COFFEE,biggby.com,http://www.biggby.com,https://www.linkedin.com/company/biggby-coffee,food and beverage services,,2540,East Lansing,Michigan,United States,aiark
Bill Gray\'s,billgrays.com,https://www.billgrays.com,https://www.linkedin.com/company/billgrays,Restaurants,501-1000,183,Webster,New York,United States,blitz
Bill Miller Bar-B-Q,billmillerbbq.com,http://www.billmillerbbq.com,https://www.linkedin.com/company/bill-miller-bar-b-q,restaurants,,1255,San Antonio,Texas,United States,aiark
Billabong,billabong.com,http://www.billabong.com,https://www.linkedin.com/company/billabong,retail apparel and fashion,,1183,Huntington Beach,California,United States,aiark
Biltmore,biltmore.com,https://www.biltmore.com,https://www.linkedin.com/company/biltmore,Hospitality,1001-5000,1130,Asheville,North Carolina,United States,aiark+blitz
Bimbo Bakeries USA,bimbobakeriesusa.com,http://www.bimbobakeriesusa.com,https://www.linkedin.com/company/bimbo-bakeries-usa,food and beverage manufacturing,,11537,Horsham,Pennsylvania,United States,aiark
Bimbo Canada,bimbocanada.com,http://www.bimbocanada.com,https://www.linkedin.com/company/bimbo-canada,food and beverage manufacturing,,2154,Etobicoke,Ontario,Canada,aiark
Bimbo QSR,bimboqsr.com,http://www.bimboqsr.com,https://www.linkedin.com/company/bimbo-qsr,food and beverage manufacturing,,1150,Zanesville,Ohio,United States,aiark
Binny's Beverage Depot,binnys.com,http://www.binnys.com,https://www.linkedin.com/company/binny's-beverage-depot,retail,,634,Niles,Illinois,United States,aiark
Binswanger Glass,binswangerglass.com,http://www.binswangerglass.com,https://www.linkedin.com/company/binswanger-glass,construction,,507,Memphis,Tennessee,United States,aiark
BioReference,bioreference.com,https://www.bioreference.com,https://www.linkedin.com/company/bioreference-laboratories,hospitals and health care,,1731,Elmwood Park,New Jersey,United States,aiark
BIOWORLD MERCHANDISING,bioworldmerch.com,http://www.bioworldmerch.com,https://www.linkedin.com/company/bioworld-merchandising,retail apparel and fashion,,732,Irving,Texas,United States,aiark
Birds Eye,birdseye.com,https://www.birdseye.com,https://www.linkedin.com/company/birds-eye-foods,food and beverage manufacturing,,507,Usa,Usa,United States,aiark
Birdsong Peanut Company,birdsong-peanuts.com,https://www.birdsong-peanuts.com,https://www.linkedin.com/company/birdsong-peanut-company,Food and Beverage Services,501-1000,217,Suffolk,Virginia,United States,blitz
Biscuitville Fresh Southern,biscuitville.com,https://www.biscuitville.com,https://www.linkedin.com/company/biscuitville,Restaurants,1001-5000,861,Greensboro,North Carolina,United States,aiark+blitz
"Bish's RV, Inc.",bishs.com,http://www.bishscareers.com,https://www.linkedin.com/company/bishs-rv,retail,,511,Meridian,Idaho,United States,aiark
Bite Squad,bitesquad.com,http://bitesquad.com,https://www.linkedin.com/company/bite-squad,food and beverage services,,506,Minneapolis,Minnesota,United States,aiark
"BJ's Restaurants, Inc.",bjsrestaurants.com,https://www.bjsrestaurants.com,https://www.linkedin.com/company/bj's-restaurants-inc-,Restaurants,10001+,8862,Huntington Beach,California,United States,aiark+blitz
BJ's Wholesale Club,bjs.com,https://www.bjs.com,https://www.linkedin.com/company/bj's-wholesale-club,Retail,10001+,16704,Marlborough,Massachusetts,United States,aiark+blitz
Black Angus Steakhouse,blackangus.com,https://www.blackangus.com,https://www.linkedin.com/company/black-angus-steakhouses,Restaurants,1001-5000,919,Burbank,California,United States,aiark+blitz
Black Bear Diner,blackbeardinerfranchise.com,https://blackbeardinerfranchise.com,https://www.linkedin.com/company/black-bear-diners-inc,restaurants,,1901,Redding,California,United States,aiark
Black Diamond Equipment,blackdiamondequipment.com,http://www.blackdiamondequipment.com,https://www.linkedin.com/company/black-diamond-equipment,retail,,533,Salt Lake City,Utah,United States,aiark
Black Rifle Coffee Company,blackriflecoffee.com,https://www.blackriflecoffee.com,https://www.linkedin.com/company/black-rifle-coffee-company,food and beverage services,,786,Salt Lake City,Utah,United States,aiark
Black Rock Coffee Bar,br.coffee,https://www.br.coffee,https://www.linkedin.com/company/black-rock-coffee-bar,food and beverage services,,960,Scottsdale,Arizona,United States,aiark
Black Walnut Cafe,blackwalnutcafe.com,https://www.blackwalnutcafe.com,https://www.linkedin.com/company/black-walnut-cafe,Restaurants,501-1000,169,The Woodlands,Texas,United States,blitz
Blackberry Farm,blackberryfarm.com,http://www.blackberryfarm.com,https://www.linkedin.com/company/blackberry-farm,hospitality,,528,Walland,Tennessee,United States,aiark
"Blackstone Consulting, Inc.",blackstone-consulting.com,http://www.blackstone-consulting.com,https://www.linkedin.com/company/blackstone-consulting,environmental services,,1059,Los Angeles,California,United States,aiark
"Blain's Farm & Fleet (Blain Supply, Inc.)",farmandfleet.com,http://www.farmandfleet.com/careers,https://www.linkedin.com/company/blain-supply,retail,,1838,Janesville,Wisconsin,United States,aiark
BLAIR,blair.com,https://www.bluestem.com/careers/orchard-brands,https://www.linkedin.com/company/blair-corporation,retail,,562,Warren,Pennsylvania,United States,aiark
Blaise Alexander Family Dealerships,blaisealexander.com,https://www.blaisealexander.com,https://www.linkedin.com/company/blaise-alexander-family-dealerships,Retail,1001-5000,138,Selinsgrove,Pennsylvania,United States,blitz
Blake's Lotaburger,lotaburger.com,http://lotaburger.com,https://www.linkedin.com/company/blake's-lotaburger,restaurants,,566,Albuquerque,New Mexico,United States,aiark
Blank Street,blankstreet.com,http://www.blankstreet.com,https://www.linkedin.com/company/blank-street,food and beverage services,,658,Brooklyn,New York,United States,aiark
Blantyre,blantyre.com,http://www.blantyre.com,https://www.linkedin.com/company/blantyre,hospitality,,729,Lenox,Massachusetts,United States,aiark
Blarney Castle Oil Co,blarneycastleoil.com,https://www.blarneycastleoil.com,https://www.linkedin.com/company/blarney-castle-oil-co-,Retail,1001-5000,507,Bear Lake,Michigan,United States,blitz
"Blaze Pizza, LLC",blazepizza.com,http://www.blazepizza.com,https://www.linkedin.com/company/blazepizza,restaurants,,3010,Atlanta,Georgia,United States,aiark
Blick Art Materials,dickblick.com,https://www.dickblick.com,https://www.linkedin.com/company/blick-art-materials,Retail,1001-5000,936,Highland Park,Illinois,United States,aiark+blitz
Blinds To Go,blindstogo.com,https://www.blindstogo.com,https://www.linkedin.com/company/blinds-to-go,Retail,1001-5000,654,Paramus,New Jersey,United States,aiark+blitz
Block,block.xyz,https://block.xyz,https://www.linkedin.com/company/joinblock,financial services,,12528,Oakland,California,United States,aiark
Block by Block,blockbyblock.com,http://www.blockbyblock.com,https://www.linkedin.com/company/block-by-block,hospitality,,1092,Louisville,Kentucky,United States,aiark
Blockbuster,blockbuster.com,https://www.blockbuster.com,https://www.linkedin.com/company/blockbuster,Retail,10001+,2862,Denver,Colorado,United States,aiark+blitz
Blommer Chocolate Company,blommer.com,http://www.blommer.com,https://www.linkedin.com/company/blommer-chocolate-company,food and beverage manufacturing,,587,Chicago,Illinois,United States,aiark
"Bloomin' Brands, Inc.",bloominbrands.com,https://www.bloominbrands.com,https://www.linkedin.com/company/bloomin'%e2%80%8b-brands-inc,Restaurants,10001+,1491,Tampa,Florida,United States,aiark+blitz
Bloomingdale's,bloomingdales.com,http://www.bloomingdales.com,https://www.linkedin.com/company/bloomingdales,retail luxury goods and jewelry,,7708,New York,New York,United States,aiark
Blount Fine Foods,blountfinefoods.com,http://blountfinefoods.com,https://www.linkedin.com/company/blount-fine-foods,food and beverage manufacturing,,914,Warren,Rhode Island,United States,aiark
BLT Restaurant Group,bltrestaurants.com,https://www.bltrestaurants.com,https://www.linkedin.com/company/bltrestaurantgroup,Restaurants,1001-5000,91,New York,New York,United States,blitz
Blue Apron,blueapron.com,https://www.blueapron.com,https://www.linkedin.com/company/blue-apron,Food and Beverage Services,1001-5000,1446,New York,New York,United States,aiark+blitz
Blue Bottle Coffee,bluebottlecoffee.com,https://www.bluebottlecoffee.com,https://www.linkedin.com/company/blue-bottle-coffee-co,Food and Beverage Services,501-1000,1091,Oakland,California,United States,aiark+blitz
Blue Buffalo,bluebuffalo.com,http://www.BlueBuffalo.com,https://www.linkedin.com/company/bluebuffalo,food and beverage manufacturing,,915,Wilton,Connecticut,United States,aiark
Blue Diamond Growers,bluediamond.com,https://www.bluediamond.com,https://www.linkedin.com/company/blue-diamond-growers,Food and Beverage Services,1001-5000,1100,Sacramento,California,United States,aiark+blitz
Blue Gate Hospitality,thebluegate.com,https://www.thebluegate.com,https://www.linkedin.com/company/blue-gate-hospitality-group,Hospitality,501-1000,59,Shipshewana,Indiana,United States,blitz
Blue Martini Lounge,bluemartinilounge.com,https://bluemartinilounge.com,https://www.linkedin.com/company/blue-martini,Hospitality,1001-5000,321,West Palm Beach,Florida,United States,blitz
Blue Mountain Resort,bluemountain.ca,https://www.bluemountain.ca/employment/careers-and-jobs,https://www.linkedin.com/company/blue-mountain,hospitality,,864,Blue Mountains,Ontario,Canada,aiark
Blue Nile,bluenile.com,https://www.bluenile.com,https://www.linkedin.com/company/blue-nile,Retail,501-1000,1420,New York,New York,United States,aiark+blitz
Blue Plate Restaurant Company,blueplateco.com,https://www.blueplateco.com,https://www.linkedin.com/company/blue-plate-restaurant-company,Restaurants,501-1000,150,Minneapolis,Minnesota,United States,blitz
Blue Ribbon Restaurants,blueribbonrestaurants.com,https://www.blueribbonrestaurants.com,https://www.linkedin.com/company/blueribbonrestaurants,Restaurants,501-1000,32,New York,New York,United States,blitz
Blue Ribbon Restaurants & Buckeye Barbeque,famousdavesdetroit.com,https://www.famousdavesdetroit.com,https://www.linkedin.com/company/blue-ribbon-restaurants-llc,Restaurants,5001-10000,16,Westland,Michigan,United States,blitz
Blue Star,sidedoormusic.com,http://www.thebluestar.net,https://www.linkedin.com/company/blue-star_2,restaurants,,577,Colorado Springs,Colorado,United States,aiark
Bluegreen Vacations,bluegreenvacations.com,https://www.bluegreenvacations.com,https://www.linkedin.com/company/bluegreen-vacations,Hospitality,5001-10000,3309,Boca Raton,Florida,United States,aiark+blitz
Blueground,theblueground.com,https://www.theblueground.com,https://www.linkedin.com/company/blueground-co,real estate,,811,New York,,United States,aiark
Bluemercury,bluemercury.com,https://bluemercury.com,https://www.linkedin.com/company/bluemercury,Retail,1001-5000,811,New York,,United States,aiark+blitz
Blueridge Restaurant Group,brrgrestaurants.com,https://brrgrestaurants.com,https://www.linkedin.com/company/blueridge-restaurant-group,Restaurants,501-1000,80,Columbia,Maryland,United States,blitz
BlueStar Resort & Golf,bluestargolf.com,https://www.bluestargolf.com,https://www.linkedin.com/company/bluestarresortandgolf,Hospitality,1001-5000,264,Scottsdale,Arizona,United States,blitz
Bluestem Brands,bluestem.com,https://www.bluestem.com,https://www.linkedin.com/company/bluestem-brands,Retail,1001-5000,862,Eden Prairie,Minnesota,United States,aiark+blitz
Bluestone Lane,bluestonelane.com,https://www.bluestonelane.com,https://www.linkedin.com/company/bluestone-lane-coffee,Hospitality,501-1000,270,,New York,United States,blitz
Bluetriton Brands,bluetriton.com,https://bluetriton.com,https://www.linkedin.com/company/bluetritonbrands,Food and Beverage Services,5001-10000,1241,Stamford,Connecticut,United States,aiark+blitz
Bluewater Health,bluewaterhealth.ca,http://www.bluewaterhealth.ca,https://www.linkedin.com/company/bluewater-health,hospitals and health care,,801,,,Canada,aiark
Blufin Sushi,blufinsushi.com,https://www.blufinsushi.com,https://www.linkedin.com/company/blufin-sushi,Restaurants,10001+,12,Grosse Pointe Farms,Michigan,United States,blitz
Bmw Of Delray Beach,bmwdelraybeach.com,https://bmwdelraybeach.com,https://www.linkedin.com/company/bmw-of-delray-beach,Retail,10001+,32,Delray Beach,Florida,United States,blitz
Boar's Head Brand,boarshead.com,http://www.boarshead.com,https://www.linkedin.com/company/boar's-head,food and beverage manufacturing,,2502,Sarasota,Florida,United States,aiark
Boathouse/Blackwell Supply Company,boathousestores.com,http://www.boathousestores.com,https://www.linkedin.com/company/boathouse-blackwell-supply-company,retail,,505,St Catharines,Ontario,Canada,aiark
"Bob Evans Farms, Inc.",bobevansgrocery.com,http://www.bobevansgrocery.com,https://www.linkedin.com/company/bob-evans,food and beverage manufacturing,,8320,New Albany,Ohio,United States,aiark
"Bob Evans Restaurants, Llc",bobevans.com,https://www.bobevans.com,https://www.linkedin.com/company/bob-evans-restaurants,Restaurants,10001+,2158,New Albany,Ohio,United States,aiark+blitz
Bob's Red Mill,bobsredmill.com,https://bobsredmill.com,https://www.linkedin.com/company/bob's-red-mill,Food and Beverage Services,501-1000,701,Milwaukie,Oregon,United States,aiark+blitz
"Bobrick Washroom Equipment, Inc",bobrick.com,http://www.bobrick.com,https://www.linkedin.com/company/bobrick-washroom-equipment-inc,retail office equipment,,533,North Hollywood,California,United States,aiark
"Boca West Country Club, Inc.",bocawestcc.org,https://www.bocawestcc.org,https://www.linkedin.com/company/boca-west-country-club-inc-,Hospitality,501-1000,467,Boca Raton,Florida,United States,blitz
Bodega,bdgastore.com,http://www.bdgastore.com,https://www.linkedin.com/company/bdga,retail,,1355,Boston,Massachusetts,United States,aiark
Bogopa Service Corp/ Food Bazaar Supermarket,foodbazaar.com,http://www.FoodBazaar.com,https://www.linkedin.com/company/bogopa-food-bazaar-supermarkets,retail,,690,Brooklyn,New York,United States,aiark
"Boiling Point Group, Inc.",bpgroupusa.com,https://www.bpgroupusa.com,https://www.linkedin.com/company/boiling-point-group-inc-,Restaurants,1001-5000,274,City Of Industry,California,United States,blitz
"BOJ of WNC, LLC",bocountry.com,http://www.bocountry.com,https://www.linkedin.com/company/boj-of-wnc-tn,restaurants,,563,Arden,North Carolina,United States,aiark
"Bojangles' Restaurants, Inc.",bojangles.com,https://www.bojangles.com,https://www.linkedin.com/company/bojangles'%e2%80%8b-restaurants-inc-,Restaurants,10001+,11422,Charlotte,,United States,aiark+blitz
BOKA Restaurant Group,bokagrp.com,https://www.bokagrp.com,https://www.linkedin.com/company/boka-restaurant-group,Hospitality,1001-5000,543,Chicago,Illinois,United States,aiark+blitz
Bolay Fresh Bold Kitchen,bolay.com,https://bolay.com,https://www.linkedin.com/company/bolayrestaurant,Restaurants,501-1000,279,West Palm Beach,Florida,United States,blitz
Bolthouse Farms,bolthouse.com,https://bolthouse.com,https://www.linkedin.com/company/bolthouse-farms,Food and Beverage Services,1001-5000,1024,Bakersfield,California,United States,aiark+blitz
Bomgaars Supply Inc,bomgaars.com,https://www.bomgaars.com,https://www.linkedin.com/company/bomgaars-supply-inc,Retail,5001-10000,693,Sioux City,Iowa,United States,aiark+blitz
Bon Appetit,bonappetit.com,http://www.bonappetit.com,https://www.linkedin.com/company/bon-appetit,book and periodical publishing,,2030,New  York,New York,United States,aiark
Bon Appétit Management Company,bamco.com,http://www.bamco.com,https://www.linkedin.com/company/bonappetitmgt,restaurants,,4240,Redwood City,California,United States,aiark
Bonchon,bonchon.com,http://www.bonchon.com,https://www.linkedin.com/company/bonchon,food and beverage services,,844,Dallas,Texas,United States,aiark
Bonduelle Americas,bonduelleamericas.com,https://bonduelleamericas.com/us,https://www.linkedin.com/company/bonduelle-americas,food and beverage manufacturing,,1035,Irwindale,California,United States,aiark
Bonefish Grill,bonefishgrill.com,http://bonefishgrill.com,https://www.linkedin.com/company/bonefish-grill,restaurants,,4165,,,United States,aiark
Bonobos,bonobos.com,http://www.bonobos.com,https://www.linkedin.com/company/bonobos,retail,,511,New York,New York,United States,aiark
Books A Million,booksamillion.com,https://www.booksamillion.com,https://www.linkedin.com/company/books-a-million,Retail,5001-10000,2814,Birmingham,Alabama,United States,aiark+blitz
Booster Juice,boosterjuice.com,http://www.boosterjuice.com,https://www.linkedin.com/company/booster-juice,food and beverage services,,1255,Edmonton,Alberta,Canada,aiark
Boot Barn,bootbarn.com,http://www.bootbarn.com,https://www.linkedin.com/company/bootbarn,retail,,4500,Irvine,California,United States,aiark
Borden,bordendairy.com,https://www.bordendairy.com,https://www.linkedin.com/company/borden-dairy-company,Food and Beverage Services,1001-5000,1085,Dallas,Texas,United States,aiark+blitz
Borders,borders.com,https://www.borders.com,https://www.linkedin.com/company/borders,Retail,10001+,,Ann Arbor,Michigan,United States,blitz
Borgata Hotel Casino & Spa,theborgata.com,https://www.theborgata.com,https://www.linkedin.com/company/borgata-hotel-casino-&-spa,Hospitality,5001-10000,1799,Atlantic City,New Jersey,United States,blitz
BORN,borngroup.com,http://www.borngroup.com,https://www.linkedin.com/company/born-group,it services and it consulting,,1007,New York,New York,United States,aiark
"Boscov's Department Store, LLC",boscovs.com,https://www.boscovs.com,https://www.linkedin.com/company/boscov's,Retail,5001-10000,3399,Reading,Pennsylvania,United States,aiark+blitz
Bosselman Enterprises,bosselman.com,https://www.bosselman.com,https://www.linkedin.com/company/bosselman-companies,Retail,1001-5000,254,Grand Island,Nebraska,United States,blitz
"Bost, Inc.",bost.org,http://www.bost.org,https://www.linkedin.com/company/bost-inc-,individual and family services,,537,Fort Smith,Arkansas,United States,aiark
Boston Market,bostonmarket.com,https://www.bostonmarket.com,https://www.linkedin.com/company/boston-market,Restaurants,10001+,2798,Golden,Colorado,United States,aiark+blitz
Boston Pizza International Inc,bostonpizza.com,http://www.bostonpizza.com,https://www.linkedin.com/company/bostonpizzacareers,restaurants,,4328,Richmond,British Columbia,Canada,aiark
Boston’s Pizza Restaurant and Sports Bar – Franchising – United States,bostons.com,https://www.ownabostons.com,https://www.linkedin.com/company/usafranchising,restaurants,,2818,Dallas,Texas,United States,aiark
Bottleneck Management,bottleneckmgmt.com,https://www.bottleneckmgmt.com,https://www.linkedin.com/company/bottleneck-management,Restaurants,501-1000,176,Chicago,Illinois,United States,blitz
Boucher Brothers Management,boucherbrothers.com,https://www.boucherbrothers.com,https://www.linkedin.com/company/boucherbrothers,Hospitality,501-1000,669,Miami Beach,Florida,United States,aiark+blitz
Bouclair,bouclair.com,http://www.bouclair.com,https://www.linkedin.com/company/bouclair,retail,,583,Pointe-claire,Quebec,Canada,aiark
Bowlmor AMF,bowlmor.com,https://www.bowlmor.com,https://www.linkedin.com/company/bowlmor-amf,entertainment providers,,579,New York,New York,United States,aiark
BoxLunch,boxlunch.com,http://www.boxlunch.com,https://www.linkedin.com/company/boxlunch,retail,,1557,City Of Industry,California,United States,aiark
Boykin Management Company,boykin.com,https://www.boykin.com,https://www.linkedin.com/company/boykin-management-company,Hospitality,501-1000,27,Cornelius,North Carolina,United States,blitz
Boyne Resorts,boyneresorts.com,https://www.boyneresorts.com,https://www.linkedin.com/company/boyne-resorts,Hospitality,10001+,498,Petoskey,Michigan,United States,blitz
"Boyne Usa, Inc",boyne.com,https://boyne.com,https://www.linkedin.com/company/boyne-usa-inc.,Hospitality,1001-5000,27,Petoskey,Michigan,United States,blitz
Bozzuto's Inc,bozzutos.com,http://www.bozzutos.com,https://www.linkedin.com/company/bozzutosinc,"transportation, logistics, supply chain and storage",,893,Cheshire,Connecticut,United States,aiark
Brakebush Chicken,brakebush.com,https://www.brakebush.com,https://www.linkedin.com/company/brakebush-chicken,food and beverage manufacturing,,832,Westfield,Wisconsin,United States,aiark
BrandsMart USA,brandsmartusa.com,https://www.brandsmartusa.com,https://www.linkedin.com/company/brandsmart-usa,retail,,1028,,,United States,aiark
BRANDT®,brandt.co,http://www.brandt.co,https://www.linkedin.com/company/brandtinc,farming,,574,Springfield,Illinois,United States,aiark
Brandy Melville,brandymelville.com,http://www.brandymelville.com,https://www.linkedin.com/company/brandymelville,retail apparel and fashion,,2061,Los Angeles,California,United States,aiark
Brasa Brazilian Steakhouse,brasasteakhouse.com,https://brasasteakhouse.com,https://www.linkedin.com/company/brasa-brazilian-steakhouse,Restaurants,10001+,19,Raleigh,North Carolina,United States,blitz
BRAVO BRIO Restaurant Group,bbrg.com,http://www.bbrg.com/locations.html,https://www.linkedin.com/company/bravo-brio-restaurants,restaurants,,763,Orlando,Florida,United States,aiark
Bretz RV & Marine,bretzrv.com,https://bretzrv.com,https://www.linkedin.com/company/bretz-rv,Retail,501-1000,243,Missoula,Montana,United States,blitz
Brewingz Sports Bar & Grill,brewingz.com,https://www.brewingz.com,https://www.linkedin.com/company/brewingz-sports-bar-&-grill,Restaurants,1001-5000,285,Houston,Texas,United States,blitz
BrickTop's Restaurant,bricktops.com,https://www.bricktops.com,https://www.linkedin.com/company/bricktop's-restaurant,Restaurants,501-1000,246,Nashville,Tennessee,United States,blitz
"Bridgestone Retail Operations, LLC",bsro.com,https://www.bsro.com,https://www.linkedin.com/company/bridgestone-retail,Retail,10001+,6086,Nashville,Tennessee,United States,aiark+blitz
Brighton Collectibles,brighton.com,https://www.brighton.com,https://www.linkedin.com/company/brighton-collectibles,Retail,1001-5000,1076,City Of Industry,California,United States,aiark+blitz
Brilliant Earth,brilliantearth.com,http://www.brilliantearth.com,https://www.linkedin.com/company/brilliantearth,retail luxury goods and jewelry,,962,San Francisco,California,United States,aiark
Brinker International,brinkerjobs.com,https://www.brinkerjobs.com,https://www.linkedin.com/company/brinker-international,Restaurants,10001+,40579,Dallas,Texas,United States,aiark+blitz
Brink’s Inc,brinks.com,http://www.brinks.com,https://www.linkedin.com/company/brinks,truck transportation,,10374,Coppell,Texas,United States,aiark
Brioche Dorée,briochedoree.fr,http://www.briochedoree.fr,https://www.linkedin.com/company/brioche-dor-e,food and beverage manufacturing,,1467,Rennes,Bretagne,France,aiark
Bristol Farms,bristolfarms.com,https://www.bristolfarms.com,https://www.linkedin.com/company/bristolfarms,Retail,1001-5000,703,Carson,California,United States,aiark+blitz
Brittain Resorts & Hotels,brittainresorts.com,https://www.brittainresorts.com,https://www.linkedin.com/company/brittain-resorts-and-hotels,Hospitality,1001-5000,270,Myrtle Beach,South Carolina,United States,blitz
"Brock & Company, Inc.",brockco.com,https://www.brockco.com,https://www.linkedin.com/company/brock-&-company,Food and Beverage Services,501-1000,242,Malvern,Pennsylvania,United States,blitz
Brookfield Properties,brookfieldproperties.com,https://www.brookfieldproperties.com,https://www.linkedin.com/company/brookfieldproperties,real estate,,5680,New York,New York,United States,aiark
Brooks Brothers,brooksbrothers.com,https://www.brooksbrothers.com,https://www.linkedin.com/company/brooks-brothers,Retail,1001-5000,2522,New York,New York,United States,blitz
Brooks Brothers,brooksbrothers.eu,http://www.brooksbrothers.com,https://www.linkedin.com/company/brooks-brothers,retail,,2780,New York,New York,United States,aiark
Brooks Running,brooksrunning.com,https://www.brooksrunning.com,https://www.linkedin.com/company/brooks-running-company,Retail,1001-5000,1780,Seattle,Washington,United States,aiark+blitz
"Brookshire Brothers, Inc.",brookshirebrothers.com,http://www.brookshirebrothers.com,https://www.linkedin.com/company/brookshire-brothers-inc,retail,,1942,Lufkin,Texas,United States,aiark
Brookshire Grocery Company,brookshires.com,https://jobs.brookshires.com,https://www.linkedin.com/company/brookshire-grocery-company,Retail,10001+,3827,Tyler,Texas,United States,aiark+blitz
Brookstone,brookstone.com,https://www.brookstone.com,https://www.linkedin.com/company/brookstone,Retail,1001-5000,791,Merrimack,New Hampshire,United States,aiark+blitz
Brown Golf Management,browngolfmanagement.com,https://www.browngolfmanagement.com,https://www.linkedin.com/company/brown-golf-management,Hospitality,501-1000,73,Camp Hill,Pennsylvania,United States,blitz
Brown Jordan Inc,brownjordaninc.com,https://brownjordaninc.com,https://www.linkedin.com/company/brown-jordan-inc,Retail,501-1000,535,St Augustine,Florida,United States,aiark+blitz
Brown-Forman,brown-forman.com,http://www.brown-forman.com,https://www.linkedin.com/company/brown-forman,beverage manufacturing,,4751,Louisville,Kentucky,United States,aiark
Browns Shoes Inc.,brownsshoes.com,http://www.brownsshoes.com,https://www.linkedin.com/company/browns-shoes-inc-,retail,,1191,Saint-laurent,Quebec,Canada,aiark
Browns Socialhouse - Premier Restaurant Group,brownssocialhouse.com,http://brownssocialhouse.com/brentwood,https://www.linkedin.com/company/browns-socialhouse-premire-restaurant-group,restaurants,,751,Burnaby,British Columbia,Canada,aiark
Bruegger's Bagels,brueggers.com,http://www.brueggers.com,https://www.linkedin.com/company/bruegger's-bagels,restaurants,,1119,Denver,Colorado,United States,aiark
BRUH.™,bruhshop.com,http://www.bruhshop.com,https://www.linkedin.com/company/bruh™,retail,,857,Clarkston,Michigan,United States,aiark
Brunet,brunet.ca,https://www.brunet.ca,https://www.linkedin.com/company/brunetsante,retail,,636,Montréal,Québec,Canada,aiark
Bruster's Real Ice Cream,brusters.com,http://www.brusters.com,https://www.linkedin.com/company/bruster's-real-ice-cream,food and beverage services,,1245,Bridgewater,Pennsylvania,United States,aiark
BSN SPORTS,bsnsports.com,https://www.bsnsports.com,https://www.linkedin.com/company/bsn-sports,Retail,1001-5000,2899,Farmers Branch,Texas,United States,aiark+blitz
Bubba Gump Shrimp Co.,bubbagump.com,http://www.bubbagump.com,https://www.linkedin.com/company/bubba-gump-shrimp-co-,hospitality,,1337,Houston,Texas,United States,aiark
Bubba's 33,bubbas33.com,https://bubbas33.com,https://www.linkedin.com/company/bubba-s-33,restaurants,,1759,Louisville,Kentucky,United States,aiark
"Buc-ee's, Ltd.",buc-ees.com,https://www.buc-ees.com,https://www.linkedin.com/company/buc-ee's-ltd.,Retail,5001-10000,3153,Lake Jackson,Texas,United States,aiark+blitz
Buca di Beppo,bucadibeppo.com,https://dineatbuca.com,https://www.linkedin.com/company/buca-di-beppo,restaurants,,1644,Orlando,Florida,United States,aiark
Buchheit Family of Companies,buchheits.com,https://buchheits.com,https://www.linkedin.com/company/buchheit-inc,Retail,501-1000,274,Biehle,Missouri,United States,blitz
Buckhead Life Restaurant Group,buckheadrestaurants.com,https://www.buckheadrestaurants.com,https://www.linkedin.com/company/buckhead-life-restaurant-group,Restaurants,1001-5000,231,Atlanta,Georgia,United States,blitz
Buckhead Meat,buckheadmeat.com,http://www.buckheadmeat.com,https://www.linkedin.com/company/buckhead-meat,food and beverage manufacturing,,531,,,United States,aiark
Buddy's Home Furnishings,buddyrents.com,https://www.buddyrents.com,https://www.linkedin.com/company/buddys-home-furnishings,retail,,757,Orlando,Florida,United States,aiark
"Buehler Food Markets, Inc",buehlers.com,https://www.buehlers.com,https://www.linkedin.com/company/buehler-food-markets,Retail,1001-5000,231,Wooster,Ohio,United States,blitz
Buff City Soap,buffcitysoap.com,https://www.buffcitysoap.com,https://www.linkedin.com/company/buff-city-soap,retail,,870,Dallas,Texas,United States,aiark
Buffalo Exchange,buffaloexchange.com,https://www.buffaloexchange.com/join-our-team,https://www.linkedin.com/company/buffalo-exchange,Retail,501-1000,633,Tucson,Arizona,United States,aiark+blitz
"Buffalo Lodging Associates, LLC",buffalolodging.com,https://www.buffalolodging.com,https://www.linkedin.com/company/buffalo-lodging,Hospitality,1001-5000,374,Canton,Massachusetts,United States,blitz
Buffalo Rock Company,buffalorock.com,https://www.buffalorock.com,https://www.linkedin.com/company/buffalo-rock,Food and Beverage Services,5001-10000,1241,Birmingham,Alabama,United States,aiark+blitz
Buffalo Wild Wings,buffalowildwings.com,https://careers.buffalowildwings.com/us/en,https://www.linkedin.com/company/buffalo-wild-wings,restaurants,,2777,Atlanta,Georgia,United States,aiark
Build With Ferguson,build.com,https://www.build.com,https://www.linkedin.com/company/build-com,Retail,501-1000,633,Chico,California,United States,aiark+blitz
Build-A-Bear Workshop,buildabear.com,https://www.buildabear.com,https://www.linkedin.com/company/build-a-bear-workshop,Retail,5001-10000,3593,St Louis,Missouri,United States,aiark+blitz
"Building Material Distributors, Inc. (BMD, Inc.)",bmdusa.com,http://www.bmdusa.com,https://www.linkedin.com/company/bmd,wholesale building materials,,712,Galt,California,United States,aiark
Bulk Barn Foods Limited,bulkbarn.ca,https://www.bulkbarn.ca,https://www.linkedin.com/company/bulk-barn-foods-limited,Food and Beverage Services,1001-5000,1364,Aurora,Ontario,Canada,aiark+blitz
Bunge,bunge.com,https://www.bunge.com,https://www.linkedin.com/company/bunge,food and beverage manufacturing,,25576,Chesterfield,Missouri,United States,aiark
BUNN,bunn.com,http://www.bunn.com,https://www.linkedin.com/company/bunn,food and beverage services,,1146,Springfield,Illinois,United States,aiark
Buona Companies,buona.com,https://buona.com,https://www.linkedin.com/company/buonabeef,Restaurants,1001-5000,152,Burr Ridge,Illinois,United States,blitz
Burger King,bk.com,https://www.bk.com,https://www.linkedin.com/company/burger-king,Restaurants,10001+,127561,Miami,Florida,United States,aiark+blitz
"Burger King - Tri City Foods, Inc. (formerly Heartland Food LLC.)",dhananigroupinc.com,https://dhananigroupinc.com/careers,https://www.linkedin.com/company/dhanani-group,restaurants,,1016,,,United States,aiark
Burger Lounge,burgerlounge.com,https://www.burgerlounge.com,https://www.linkedin.com/company/burgerlounge,Restaurants,501-1000,221,San Diego,California,United States,blitz
Burgerfi,burgerfi.com,https://www.burgerfi.com,https://www.linkedin.com/company/burgerfi,Restaurants,1001-5000,1051,Fort Lauderdale,Florida,United States,aiark+blitz
"Burgerville, Llc",burgerville.com,https://www.burgerville.com/careers,https://www.linkedin.com/company/burgerville-the-holland-inc-,Restaurants,1001-5000,668,Vancouver,Washington,United States,aiark+blitz
Burlington Coat Factory Store,,,https://www.linkedin.com/company/burlington-coat-factory-store,retail,,1036,Staten Island,New York,United States,aiark
"Burlington Stores, Inc.",burlington.com,https://www.burlington.com,https://www.linkedin.com/company/burlington-stores,Retail,10001+,40469,Burlington,New Jersey,United States,aiark+blitz
Burnac Produce Ltd,burnacproduce.com,https://www.burnacproduce.com,https://www.linkedin.com/company/burnacproduce,Food and Beverage Services,501-1000,233,Vaughan,Ontario,Canada,blitz
Burnbrae Farms,burnbraefarms.com,http://www.burnbraefarms.com,https://www.linkedin.com/company/burnbraefarms,food and beverage manufacturing,,511,Lyn,Ontario,Canada,aiark
BURNCO Rock Products Ltd,burnco.com,https://www.burnco.com/careers,https://www.linkedin.com/company/burnco,construction,,602,Calgary,Alberta,Canada,aiark
Burris Logistics,burrislogistics.com,http://www.burrislogistics.com,https://www.linkedin.com/company/burrislogistics,truck transportation,,835,Milford,Delaware,United States,aiark
Burtons Grill & Bar,burtonsgrill.com,http://www.burtonsgrill.com,https://www.linkedin.com/company/burtons-grill-llc,restaurants,,552,Andover,Massachusetts,United States,aiark
Busboys and Poets,busboysandpoets.com,https://www.busboysandpoets.com,https://www.linkedin.com/company/busboys-and-poets,Hospitality,501-1000,291,Washington,District of Columbia,United States,blitz
Busch Gardens Tampa Bay,buschgardens.com,http://www.buschgardens.com/tampa,https://www.linkedin.com/company/busch-gardens-tampa-bay,hospitality,,853,Tampa,Florida,United States,aiark
Busch's Fresh Food Market,buschs.com,http://www.buschs.com,https://www.linkedin.com/company/busch's-inc,retail,,581,Ann Arbor,Michigan,United States,aiark
Business Owner,foothillspremierautogroup.com,http://www.foothillspremierautogroup.com,https://www.linkedin.com/company/business-owner_3,retail,,17793,,,United States,aiark
Butera Market,buteramarket.com,https://buteramarket.com,https://www.linkedin.com/company/butera-market,Retail,1001-5000,146,Elgin,Illinois,United States,blitz
Butler Automotive Group,butlercars.com,https://butlercars.com,https://www.linkedin.com/company/butlerautomotivegroup,Retail,501-1000,4,Macon,Georgia,United States,blitz
Butterball,butterball.com,http://www.Butterball.com,https://www.linkedin.com/company/butterball,food and beverage manufacturing,,3888,Garner,North Carolina,United States,aiark
Buy Low Market,buylowmarket.com,https://www.buylowmarket.com,https://www.linkedin.com/company/buy-low-market,Retail,501-1000,44,Anaheim,California,United States,blitz
Buybuy Baby,buybuybaby.com,https://www.buybuybaby.com,https://www.linkedin.com/company/buybuybaby,Retail,501-1000,1080,Murray,Utah,United States,aiark+blitz
Buyers Edge Platform,buyersedgeplatform.com,https://www.buyersedgeplatform.com,https://www.linkedin.com/company/buyers-edge-platform,hospitality,,583,Waltham,Massachusetts,United States,aiark
By The Sea Resorts,bythesearesorts.com,https://www.bythesearesorts.com,https://www.linkedin.com/company/bythesearesorts,Hospitality,501-1000,105,Panama City Beach,Florida,United States,blitz
"Byrne, Inc.",byrnedairy.com,https://byrne1933.com,https://www.linkedin.com/company/byrne-1933,food and beverage manufacturing,,611,Lafayette,New York,United States,aiark
C&K Market Inc.,ckmarket.com,https://www.ckmarket.com,https://www.linkedin.com/company/c&k-market-inc.,Food and Beverage Services,1001-5000,230,Brookings,Oregon,United States,blitz
C&S Wholesale Grocers,cswg.com,http://www.cswg.com,https://www.linkedin.com/company/c&s-wholesale-grocers,wholesale,,8217,Keene,New Hampshire,United States,aiark
"C.C. Clark, Inc",ccclark.com,https://www.ccclark.com,https://www.linkedin.com/company/c-c--clark-inc-,Food and Beverage Services,1001-5000,21,Oakland,Kentucky,United States,blitz
C.H. Guenther,chg.com,http://www.chg.com,https://www.linkedin.com/company/c-h-guenther,food and beverage manufacturing,,1312,San Antonio,Texas,United States,aiark
Cabela\'s,cabelas.com,https://www.cabelas.com,https://www.linkedin.com/company/cabela's,Retail,10001+,7005,Sidney,Nebraska,United States,aiark+blitz
cabi Clothing,cabionline.com,https://www.cabionline.com/careers,https://www.linkedin.com/company/cabiclothing,retail apparel and fashion,,2030,Carson,California,United States,aiark
Cactus Club Cafe,cactusclubcafe.com,https://www.cactusclubcafe.com,https://www.linkedin.com/company/cactus-club,Food and Beverage Services,1001-5000,3169,Vancouver,British Columbia,Canada,aiark+blitz
Caesars Entertainment,caesars.com,https://www.caesars.com/corporate,https://www.linkedin.com/company/caesars-entertainment-inc,Hospitality,10001+,18582,Las Vegas,Nevada,United States,aiark+blitz
Caesars Windsor,caesarswindsor.com,https://www.caesarswindsor.com,https://www.linkedin.com/company/caesars-windsor,Hospitality,1001-5000,654,Windsor,Ontario,Canada,aiark+blitz
Cafe Bar,queensroomnyc.com,http://www.queensroomnyc.com,https://www.linkedin.com/company/cafe-bar,food and beverage manufacturing,,1173,Astoria,New York,United States,aiark
Cafe Rio Fresh Modern Mexican,caferio.com,http://www.caferio.com,https://www.linkedin.com/company/cafe-rio,restaurants,,1853,Salt Lake City,Utah,United States,aiark
Cafe Services Inc,cafeservices.com,https://www.cafeservices.com,https://www.linkedin.com/company/cafe-services-inc.,Hospitality,501-1000,297,Auburn,New Hampshire,United States,blitz
"Cafe Valley, Inc.",cafevalley.com,http://www.cafevalley.com,https://www.linkedin.com/company/cafe-valley-inc-,food and beverage manufacturing,,649,Marion,Indiana,United States,aiark
Cafe Zupas,cafezupas.com,https://www.cafezupas.com,https://www.linkedin.com/company/cafe-zupas,Restaurants,1001-5000,1097,Sandy,Utah,United States,aiark+blitz
CAFETERIA,cafeteriagroup.com,http://cafeteriagroup.com,https://www.linkedin.com/company/cafeteria,food and beverage services,,7428,New York,New York,United States,aiark
"Cal-Maine Foods, Inc.",calmainefoods.com,http://www.calmainefoods.com,https://www.linkedin.com/company/calmainefoods,food and beverage manufacturing,,883,Ridgeland,Mississippi,United States,aiark
Calandra Enterprises,calandras.net,https://calandras.net,https://www.linkedin.com/company/calandras,Hospitality,501-1000,29,Caldwell,New Jersey,United States,blitz
Calavo Growers,calavo.com,http://www.calavo.com,https://www.linkedin.com/company/calavo-growers,food and beverage manufacturing,,574,Santa Paula,California,United States,aiark
Calendar Holdings Llc,goretailgroup.com,https://goretailgroup.com,https://www.linkedin.com/company/go-toys-games,Retail,501-1000,529,Austin,Texas,United States,aiark+blitz
"Caleres, Inc.",caleres.com,http://jobs.caleres.com,https://www.linkedin.com/company/caleres,retail apparel and fashion,,9273,St. Louis,Missouri,United States,aiark
Calgary Co-op,calgarycoop.com,https://www.calgarycoop.com,https://www.linkedin.com/company/calgary-co-op,Retail,1001-5000,1227,Calgary,Alberta,Canada,aiark+blitz
Calico,calicocorners.com,https://www.calicocorners.com,https://www.linkedin.com/company/calico-corners---calico-home,Retail,501-1000,502,Kennett Square,Pennsylvania,United States,blitz
"California Dairies, Inc.",californiadairies.com,http://www.californiadairies.com,https://www.linkedin.com/company/californiadairiesinc,food and beverage manufacturing,,587,Visalia,California,United States,aiark
California Fish Grill,cafishgrill.com,https://cafishgrill.com,https://www.linkedin.com/company/california-fish-grill,Restaurants,1001-5000,319,Newport Beach,California,United States,blitz
California Pizza Kitchen,cpk.com,https://www.cpk.com,https://www.linkedin.com/company/california-pizza-kitchen,Restaurants,5001-10000,3847,Costa Mesa,California,United States,aiark+blitz
Callaway Golf,callawaygolf.com,http://www.callawaygolf.com,https://www.linkedin.com/company/callaway-golf,retail,,3056,Carlsbad,California,United States,aiark
Calvin Klein,calvinklein.us,http://www.calvinklein.com,https://www.linkedin.com/company/calvin-klein,retail apparel and fashion,,8493,New York,New York,United States,aiark
Cambro Manufacturing,cambro.com,https://www.cambro.com,https://www.linkedin.com/company/cambro-manufacturing,Food and Beverage Services,1001-5000,533,Huntington Beach,California,United States,aiark+blitz
Camelback Resort,camelbackresort.com,http://www.camelbackresort.com,https://www.linkedin.com/company/camelback-mountain-resort,hospitality,,593,Tannersville,Pennsylvania,United States,aiark
Cameron Mitchell Restaurants,cameronmitchell.com,https://www.cameronmitchell.com,https://www.linkedin.com/company/cameron-mitchell-restaurants,Restaurants,1001-5000,1027,Columbus,Ohio,United States,aiark+blitz
CAMP,camp.com,http://camp.com,https://www.linkedin.com/company/campstores,retail,,966,New York,New York,United States,aiark
"Campbell Oil Company | BellStores, Inc.",bellstores.com,https://www.bellstores.com,https://www.linkedin.com/company/campbell-oil-company-bellstores-inc-,Retail,1001-5000,278,Jackson Township,Ohio,United States,blitz
Campers Inn RV,campersinn.com,https://www.campersinn.com,https://www.linkedin.com/company/campers-inn,Retail,1001-5000,678,Jacksonville,Florida,United States,aiark+blitz
Campgaw Mountain Ski Area,skicampgaw.com,https://www.skicampgaw.com,https://www.linkedin.com/company/campgaw-mountain-ski-area,Hospitality,501-1000,122,Mahwah,New Jersey,United States,blitz
Camping World,campingworld.com,https://www.campingworld.com,https://www.linkedin.com/company/campingworld,Retail,10001+,7832,Lincolnshire,Illinois,United States,aiark+blitz
Canac,canac.ca,http://canac.ca,https://www.linkedin.com/company/canac,retail,,1150,Quebec,Québec,Canada,aiark
Canad Inns,canadinns.com,http://www.canadinns.com,https://www.linkedin.com/company/canad-inns,hospitality,,569,Winnipeg,Manitoba,Canada,aiark
"Canada Bread Company, Limited",canadabread.com,http://www.bimbocanada.com,https://www.linkedin.com/company/canada-bread-company-ltd.,food and beverage manufacturing,,1036,Toronto,Ontario,Canada,aiark
Canada Computers & Electronics,canadacomputers.com,http://www.canadacomputers.com,https://www.linkedin.com/company/canada-computers,retail,,577,Richmond Hill,Ontario,Canada,aiark
Canada Goose,canadagoose.com,http://www.canadagoose.com,https://www.linkedin.com/company/canada-goose-inc,retail apparel and fashion,,2465,Toronto,Ontario,Canada,aiark
Canada's Wonderland,cedarfair.com,https://jobs.sixflags.com/en/canadas-wonderland,https://www.linkedin.com/company/canada'swonderland,entertainment providers,,1370,Vaughan,On,Canada,aiark
Canadian Tire Corporation,canadiantire.ca,https://corp.canadiantire.ca,https://www.linkedin.com/company/canadian-tire,Retail,10001+,29672,Toronto,Ontario,Canada,aiark+blitz
Cannondale,cannondale.com,http://cannondale.com,https://www.linkedin.com/company/cannondale,retail,,610,Wilton,Connecticut,United States,aiark
Canon Canada,canon.ca,http://www.canon.ca,https://www.linkedin.com/company/canon-canada,retail office equipment,,754,Brampton,On,Canada,aiark
Cantaloupe Inc,cantaloupe.com,https://www.cantaloupe.com,https://www.linkedin.com/company/cantaloupeinc,software development,,1257,Malvern,Pennsylvania,United States,aiark
Canteen North America,canteen.com,https://www.canteen.com,https://www.linkedin.com/company/canteen-usa,food and beverage services,,2620,Charlotte,North Carolina,United States,aiark
Canusa Automotive Warehousing Inc,autopartscentres.com,https://www.autopartscentres.com,https://www.linkedin.com/company/canusa-automotive-warehousing-inc-,Retail,501-1000,104,London,Ontario,Canada,blitz
Canyon Ranch,canyonranch.com,https://www.canyonranch.com,https://www.linkedin.com/company/canyon-ranch,hospitality,,1422,Fort Worth,Texas,United States,aiark
Cape Resorts,caperesorts.com,https://www.caperesorts.com,https://www.linkedin.com/company/cape-resorts-group,Hospitality,501-1000,178,Cape May,New Jersey,United States,blitz
Capital Vacations,capitalvacations.com,https://www.capitalvacations.com,https://www.linkedin.com/company/capitalvacations,Hospitality,501-1000,824,Myrtle Beach,South Carolina,United States,aiark+blitz
Capri Holdings Limited,capriholdings.com,http://capriholdings.com,https://www.linkedin.com/company/capri-holdings-limited,retail apparel and fashion,,618,New York,New York,United States,aiark
Capriotti's Sandwich Shop,capriottis.com,http://www.capriottis.com,https://www.linkedin.com/company/capriottis,restaurants,,711,Las Vegas,Nevada,United States,aiark
Captain D's,captainds.com,https://www.captainds.com,https://www.linkedin.com/company/captain-d-s,Restaurants,1001-5000,4715,Nashville,Tennessee,United States,aiark+blitz
Car Toys,cartoys.com,https://www.cartoys.com,https://www.linkedin.com/company/car-toys,Retail,501-1000,943,Seattle,Washington,United States,aiark+blitz
Cardenas Markets LLC,cardenasmarkets.com,http://www.cardenasmarkets.com,https://www.linkedin.com/company/cardenasmarkets,retail,,1389,Ontario,California,United States,aiark
Cargill,cargill.com,https://www.cargill.com,https://www.linkedin.com/company/cargill,food and beverage manufacturing,,70455,Wayzata,Minnesota,United States,aiark
Carhartt,carhartt.com,https://www.carhartt.com,https://www.linkedin.com/company/carhartt,retail apparel and fashion,,3199,Dearborn,Michigan,United States,aiark
Caribe Royale Orlando,cariberoyale.com,https://www.cariberoyale.com,https://www.linkedin.com/company/caribe-royale-orlando,Hospitality,501-1000,378,Orlando,Florida,United States,blitz
Caribou Coffee,cariboucoffee.com,http://www.cariboucoffee.com,https://www.linkedin.com/company/caribou-coffee,food and beverage services,,4718,Minneapolis,Minnesota,United States,aiark
Carl Buddig and Company,buddig.com,https://www.buddig.com,https://www.linkedin.com/company/carl-buddig,Food and Beverage Services,1001-5000,640,Homewood,Illinois,United States,aiark+blitz
"CARL'S JR. RESTAURANTS, LLC",carlsjrfranchising.com,http://carlsjrfranchising.com,https://www.linkedin.com/company/carl's-jr.-restaurants-llc,restaurants,,3266,Anaheim,California,United States,aiark
Carlisle,carlislecorp.com,https://www.carlislecorp.com,https://www.linkedin.com/company/carlisle-corporation,Hospitality,5001-10000,90,Memphis,Tennessee,United States,blitz
Carlo's Bakery,carlosbakery.com,https://www.carlosbakery.com,https://www.linkedin.com/company/carlo's-bakery,Food and Beverage Services,501-1000,438,Jersey City,New Jersey,United States,blitz
CARLS JR,carlsjr.com,http://www.carlsjr.com,https://www.linkedin.com/company/carls-jr,,,3403,Santa Ana,California,United States,aiark
CARLS JR RESTAURANTS,,,https://www.linkedin.com/company/carls-jr-restaurants,restaurants,,938,Chino Hills,California,United States,aiark
Carlson,carlson.com,http://www.carlson.com,https://www.linkedin.com/company/carlson,financial services,,862,Minnetonka,Minnesota,United States,aiark
Carlton Senior Living,carltonseniorliving.com,https://www.carltonseniorliving.com,https://www.linkedin.com/company/carlton-senior-living,Hospitality,1001-5000,439,Concord,California,United States,blitz
CarMax,carmax.com,https://carmax.com,https://www.linkedin.com/company/carmax,Retail,10001+,17815,Richmond,Virginia,United States,aiark+blitz
Carmel Valley Ranch,carmelvalleyranch.com,https://www.carmelvalleyranch.com,https://www.linkedin.com/company/carmel-valley-ranch,Hospitality,501-1000,191,Carmel,California,United States,blitz
Carmine\'s Nyc Family Style Italian,carminesnyc.com,https://www.carminesnyc.com,https://www.linkedin.com/company/carmine-s-nyc-family-style-italian,Food and Beverage Services,1001-5000,385,New York,New York,United States,blitz
Carolina Ale House,carolinaalehouse.com,http://www.carolinaalehouse.com,https://www.linkedin.com/company/carolina-ale-house,hospitality,,788,Raleigh,North Carolina,United States,aiark
"Carolina Beverage Group, LLC",carolinabeveragegroup.com,https://www.carolinabeveragegroup.com,https://www.linkedin.com/company/carolinabeveragegroupllc,Food and Beverage Services,1001-5000,429,Mooresville,North Carolina,United States,blitz
Carolina Herrera,carolinaherrera.com,https://www.carolinaherrera.com/us/en/editorial/page_careers,https://www.linkedin.com/company/carolina-herrera,retail apparel and fashion,,928,New York,New York,United States,aiark
Carpet One Floor & Home,carpetone.com,http://www.carpetone.com,https://www.linkedin.com/company/carpetonefh,retail,,1073,Manchester,New Hampshire,United States,aiark
Carrabba's Italian Grill,carrabbas.com,https://www.carrabbas.com/careers,https://www.linkedin.com/company/carrabba's-italian-grill,Restaurants,10001+,5090,Tampa,Florida,United States,aiark+blitz
Carrols Corporation,carrols.com,https://carrols.com,https://www.linkedin.com/company/carrols-corporation,Restaurants,10001+,2475,Syracuse,New York,United States,aiark+blitz
Carson\'s,carsons.com,https://carsons.com,https://www.linkedin.com/company/carson's,Retail,10001+,694,Milwaukee,Wisconsin,United States,aiark+blitz
Carters Inc.,carters.com,http://www.carters.com,https://www.linkedin.com/company/carter's-oshkosh-bgosh,retail apparel and fashion,,10030,Atlanta,Georgia,United States,aiark
Cartridge World North America,cartridgeworldusa.com,https://cartridgeworldusa.com,https://www.linkedin.com/company/cartridge-world,retail office equipment,,841,New York,New York,United States,aiark
Carvel,carvel.com,https://www.carvel.com,https://www.linkedin.com/company/carvelicecream,Food and Beverage Services,501-1000,873,Sandy Springs,Georgia,United States,aiark+blitz
Casa Bonita,casabonitadenver.com,http://casabonitadenver.com,https://www.linkedin.com/company/casabonitadenver,restaurants,,501,Lakewood,Colorado,United States,aiark
Casa Ole Mexican Restaurant,casaole.com,https://casaole.com,https://www.linkedin.com/company/casa-ole-mexican-restaurant,Restaurants,501-1000,257,Pasadena,Texas,United States,blitz
"Case Farms, Inc.",casefarms.com,http://www.casefarms.com,https://www.linkedin.com/company/case-farms-inc.,food and beverage manufacturing,,1028,Troutman,North Carolina,United States,aiark
Casey's,caseys.com,http://www.caseys.com,https://www.linkedin.com/company/caseys,food and beverage services,,20331,Ankeny,Iowa,United States,aiark
Cash Store,cashstore.com,https://www.cashstore.com,https://www.linkedin.com/company/cash-store,Retail,501-1000,263,Irving,Texas,United States,blitz
Cash-Wa Distributing,cashwa.com,https://cashwa.com,https://www.linkedin.com/company/cash-wa-distributing-co.-of-kearney-inc.,Food and Beverage Services,1001-5000,351,Kearney,Nebraska,United States,blitz
Casper,casper.com,http://casper.com,https://www.linkedin.com/company/casper,retail,,801,New York,New York,United States,aiark
Castle Resorts & Hotels,castleresorts.com,https://www.castleresorts.com,https://www.linkedin.com/company/castle-resorts-and-hotels,Hospitality,1001-5000,123,Honolulu,Hawaii,United States,blitz
Catalyst Brands LLC,catalystbrands.com,https://www.catalystbrands.com,https://www.linkedin.com/company/catalyst-brands-llc,retail apparel and fashion,,55981,Plano,Texas,United States,aiark
Catamaran,catamaranrx.com,http://www.catamaranrx.com,https://www.linkedin.com/company/sxc-health-solutions,hospitals and health care,,747,Schaumburg,Illinois,United States,aiark
Catamaran Resort Hotel & Spa,catamaranresort.com,https://www.catamaranresort.com,https://www.linkedin.com/company/catamaran-resort-hotel-&-spa,Hospitality,501-1000,108,San Diego,California,United States,blitz
Catch Hospitality Group,catchrestaurants.com,https://www.catchrestaurants.com,https://www.linkedin.com/company/catch-hospitality-group,Hospitality,501-1000,273,New York,New York,United States,blitz
CATERING,urbncatering.com,http://www.urbncatering.com,https://www.linkedin.com/company/urbncatering,food and beverage services,,3354,San Diego,California,United States,aiark
Catering by Design,catering-by-design.com,http://www.catering-by-design.com,https://www.linkedin.com/company/catering-by-design,food and beverage services,,569,Cary,North Carolina,United States,aiark
Cato Corporation,catofashions.com,https://www.catofashions.com,https://www.linkedin.com/company/cato-corporation,Retail,5001-10000,3318,Charlotte,North Carolina,United States,aiark+blitz
CAVA,cava.com,https://try.cava.com/linkedin,https://www.linkedin.com/company/cava-,restaurants,,5062,Washington,District Of Columbia,United States,aiark
Cavender's,cavenders.com,https://www.cavenders.com,https://www.linkedin.com/company/cavender's,retail,,1634,Tyler,Texas,United States,aiark
Cavendish Farms,cavendishfarms.com,http://www.cavendishfarms.com,https://www.linkedin.com/company/cavendish-farms,food and beverage manufacturing,,913,Dieppe,New-brunswick,Canada,aiark
CB2,cb2.com,http://www.cb2.com,https://www.linkedin.com/company/cb2,retail,,544,Chicago,Illinois,United States,aiark
Cbc Restaurant Corp,cornerbakerycafe.com,https://cornerbakerycafe.com,https://www.linkedin.com/company/cbc-restaurant-corp.,Restaurants,501-1000,4,Dallas,Texas,United States,blitz
CCA Global Partners,ccaglobalpartners.com,http://www.ccaglobalpartners.com,https://www.linkedin.com/company/cca-global-partners,business consulting and services,,553,St. Louis,Missouri,United States,aiark
CCL Industries,cclind.com,,https://www.linkedin.com/company/ccl-industries,packaging and containers manufacturing,,832,Toronto,Ontario,Canada,aiark
CCMSI,ccmsi.com,http://www.ccmsi.com,https://www.linkedin.com/company/ccmsi,insurance,,1383,Danville,Illinois,United States,aiark
CCS,ccs.com,http://www.ccs.com,https://www.linkedin.com/company/asw-distribution-llc,retail,,2346,Portland,Oregon,United States,aiark
CDS,cds.com,http://www.cds.com,https://www.linkedin.com/company/cds,retail office equipment,,2825,,,United States,aiark
CEC Entertainment,chuckecheese.com,https://www.chuckecheese.com/careers,https://www.linkedin.com/company/cec-entertainment,Restaurants,10001+,8372,Irving,Texas,United States,aiark+blitz
Cedar Point Amusement Park,cedarpoint.com,https://www.sixflags.com/cedarpoint?utm_source=park_linkedin&utm_medium=social&utm_campaign=general&utm_id=winter&utm_content=evergreen_li_abt,https://www.linkedin.com/company/cedar-point-amusement-park,entertainment providers,,1021,Sandusky,Ohio,United States,aiark
CEFCO Convenience Stores,cefcostores.com,http://www.cefcostores.com,https://www.linkedin.com/company/cefco-convenience-stores,retail,,1356,Temple,Texas,United States,aiark
CELSIUS,celsius.com,https://ir.celsiusholdingsinc.com/overview/default.aspx,https://www.linkedin.com/company/celsius-inc-,retail,,1705,Boca Raton,Florida,United States,aiark
Cendyn,cendyn.com,https://www.cendyn.com,https://www.linkedin.com/company/cendyn,software development,,873,Boca Raton,Florida,United States,aiark
Centerplate,centerplate.com,https://www.sodexolive.us,https://www.linkedin.com/company/sodexolive,food and beverage services,,2825,Stamford,Connecticut,United States,aiark
Centific,centific.com,https://www.centific.com,https://www.linkedin.com/company/centificglobal,software development,,3246,Redmond,Washington,United States,aiark
Central Madeirense,tucentralonline.com,https://tucentralonline.com,https://www.linkedin.com/company/central-madeirense,food and beverage services,,915,"Caracas, Filas De Mariches",Miranda,United States,aiark
Central Market,centralmarket.com,https://centralmarket.com/careers,https://www.linkedin.com/company/centralmarket,retail,,1671,Dallas,Texas,United States,aiark
"Central Network Retail Group, LLC (CNRG)",cnrgstores.com,https://www.cnrgstores.com,https://www.linkedin.com/company/central-network-retail-group-llc-cnrg-,Retail,501-1000,164,Collierville,Tennessee,United States,blitz
Centric Brands,centricbrands.com,http://www.centricbrands.com,https://www.linkedin.com/company/centricbrands,retail apparel and fashion,,2506,New York,New York,United States,aiark
Centric Software,centricsoftware.com,http://www.centricsoftware.com,https://www.linkedin.com/company/centric-software,software development,,1425,Campbell,California,United States,aiark
Century 21 Stores,c21stores.com,http://www.C21Stores.com,https://www.linkedin.com/company/c21stores,retail,,1134,New York,New York,United States,aiark
Certco Inc.,certcoinc.com,https://certcoinc.com,https://www.linkedin.com/company/certco-inc-,Food and Beverage Services,501-1000,199,Fitchburg,Wisconsin,United States,blitz
Certified Oil Company,certifiedoil.com,https://www.certifiedoil.com,https://www.linkedin.com/company/certified-oil-corporation,Retail,501-1000,196,Westborough,Massachusetts,United States,blitz
Cetera Financial Group,cetera.com,https://www.cetera.com,https://www.linkedin.com/company/cetera-financial-group,financial services,,2604,San Diego,California,United States,aiark
"CGB Enterprises, Inc.",cgb.com,http://www.cgb.com,https://www.linkedin.com/company/cgb-enterprises,food and beverage manufacturing,,915,Covington,Louisiana,United States,aiark
Champion,champion.com,http://www.champion.com,https://www.linkedin.com/company/champion-global,retail apparel and fashion,,951,Winston-salem,North Carolina,United States,aiark
Champion Petfoods,championpetfoods.com,http://www.championpetfoods.com,https://www.linkedin.com/company/champion-petfoods,food and beverage manufacturing,,634,Edmonton,Alberta,Canada,aiark
Champs Sports,champssports.com,http://www.champssports.com,https://www.linkedin.com/company/champs-sports,retail,,4462,Bradenton,Florida,United States,aiark
"Charles Penzone, Inc.",charlespenzone.com,https://www.charlespenzone.com,https://www.linkedin.com/company/charles-penzone-inc.,Hospitality,501-1000,209,Powell,Ohio,United States,blitz
Charleston\'s Restaurant,charlestons.com,https://charlestons.com,https://www.linkedin.com/company/charlestons-restaurant,Restaurants,501-1000,460,Scottsdale,Arizona,United States,blitz
Charlestowne Hotels,charlestownehotels.com,https://www.charlestownehotels.com,https://www.linkedin.com/company/charlestowne-hotels,Hospitality,1001-5000,195,Charleston,South Carolina,United States,blitz
Charleys Philly Steaks,charleys.com,http://www.charleys.com,https://www.linkedin.com/company/charleysphillysteaks,restaurants,,2130,Columbus,Ohio,United States,aiark
Charlie Palmer Collective,charliepalmer.com,https://www.charliepalmer.com,https://www.linkedin.com/company/charlie-palmer-collective,Hospitality,501-1000,119,,New York,United States,blitz
Charlie's Produce,charliesproduce.com,http://www.charliesproduce.com,https://www.linkedin.com/company/charlie's-produce,wholesale,,813,Seattle,Washington,United States,aiark
Charlotte Russe,charlotterusse.com,https://www.charlotterusse.com,https://www.linkedin.com/company/charlotte-russe,Retail,5001-10000,3172,San Francisco,California,United States,aiark+blitz
Charming Charlie,charmingcharlie.com,https://www.charmingcharlie.com,https://www.linkedin.com/company/charming-charlie,Retail,5001-10000,1217,Houston,Texas,United States,aiark+blitz
Charming Shoppes,ascenaretail.com,https://www.ascenaretail.com,https://www.linkedin.com/company/charming-shoppes,Retail,10001+,864,Mahwah,New Jersey,United States,blitz
Chart House,chart-house.com,https://www.chart-house.com,https://www.linkedin.com/company/chart-house,Restaurants,1001-5000,271,Houston,Texas,United States,blitz
Charter One Hotels & Resorts,charteronehotels.com,https://www.charteronehotels.com,https://www.linkedin.com/company/charter-one-hotels-&-resorts,Hospitality,501-1000,18,Lakewood Ranch,Florida,United States,blitz
Charthouse Restaurant,charthouserestaurant.ca,https://charthouserestaurant.ca,https://www.linkedin.com/company/charthouse-restaurant,Restaurants,10001+,18,Richmond,British Columbia,Canada,blitz
Chartwell Hospitality,chartwellhospitality.com,https://chartwellhospitality.com,https://www.linkedin.com/company/chartwell-hospitality,Hospitality,1001-5000,346,Franklin,Tennessee,United States,blitz
Chartwells Higher Education Dining Services,chartwellshighered.com,https://www.chartwellshighered.com,https://www.linkedin.com/company/chartwells-higher-education-division-,Food and Beverage Services,10001+,5992,Charlotte,North Carolina,United States,aiark+blitz
Chartwells School Dining Services K12,chartwellsk12.com,http://www.chartwellsk12.com,https://www.linkedin.com/company/chartwells-school-dining-services-k12,food and beverage services,,2251,Charlotte,,United States,aiark
Chase Hospitality Group,chasehg.com,https://chasehg.com,https://www.linkedin.com/company/the-chase-hospitality-group,Hospitality,501-1000,61,Toronto,Ontario,Canada,blitz
Chatters Limited Partnership,chatters.ca,https://www.chatters.ca,https://www.linkedin.com/company/chatters-canada,Retail,1001-5000,814,Mississauga,Ontario,Canada,aiark+blitz
"Cheba Hut ""Toasted""​ Subs",chebahut.com,https://franchise.chebahut.com,https://www.linkedin.com/company/cheba-hut,restaurants,,618,Fort Collins,Colorado,United States,aiark
Checkers & Rally’s Drive-In Restaurants,checkers.com,https://www.checkers.com,https://www.linkedin.com/company/checkers-&-rally%e2%80%99s-drive-in-restaurants,Restaurants,5001-10000,7162,Tampa,Florida,United States,aiark+blitz
Checkpoint Systems,checkpointsystems.com,https://www.checkpointsystems.com,https://www.linkedin.com/company/checkpoint-systems,Retail,1001-5000,1973,Thorofare,New Jersey,United States,aiark+blitz
Cheddar's Scratch Kitchen,cheddars.com,http://www.cheddars.com,https://www.linkedin.com/company/cheddar's-scratch-kitchen,restaurants,,6778,Orlando,Florida,United States,aiark
Chedraui USA,chedrauiusa.com,https://chedrauiusa.com,https://www.linkedin.com/company/chedraui-usa,retail,,518,Commerce,,United States,aiark
Chef Works,chefworks.com,http://www.chefworks.com,https://www.linkedin.com/company/chef-works,hospitality,,3752,Poway,California,United States,aiark
Chemtrade,chemtradelogistics.com,http://www.chemtradelogistics.com,https://www.linkedin.com/company/chemtrade-logistics,chemical manufacturing,,1234,Toronto,Ontario,Canada,aiark
"Cheney Brothers, Inc.",cheneybrothers.com,https://www.cheneybrothers.com,https://www.linkedin.com/company/cheney-brothers-inc,Food and Beverage Services,1001-5000,1685,Riviera Beach,Florida,United States,aiark+blitz
Cherokee Nation Businesses,cherokeenationbusinesses.com,http://cherokeenationbusinesses.com,https://www.linkedin.com/company/cherokee-nation-businesses,information services,,1229,Tulsa,Oklahoma,United States,aiark
Chesterman Co. Coca-Cola,chesterman.com,https://www.chesterman.com,https://www.linkedin.com/company/chesterman-company,Food and Beverage Services,501-1000,206,Sioux City,Iowa,United States,blitz
Chevrolet Buick GMC West Island,chevroletwestisland.ca,https://chevroletwestisland.ca,https://www.linkedin.com/company/chevrolet-buick-gmc-west-island,motor vehicle manufacturing,,649,Dollard-des-ormeaux,Quebec,Canada,aiark
Chewy,chewy.com,https://careers.chewy.com,https://www.linkedin.com/company/chewy-com,Retail,10001+,13672,Plantation,Florida,United States,aiark+blitz
Chicago Athletic Association,chicagoathletichotel.com,https://www.chicagoathletichotel.com,https://www.linkedin.com/company/chicago-athletic-association-hotel,Hospitality,501-1000,69,Chicago,Illinois,United States,blitz
Chick-fil-A Restaurants,chick-fil-a.com,https://www.chick-fil-a.com/hiring,https://www.linkedin.com/company/chick-fil-a-restaurants,Restaurants,5001-10000,76767,Atlanta,Georgia,United States,aiark+blitz
Chicken N Pickle,chickennpickle.com,http://www.chickennpickle.com,https://www.linkedin.com/company/chicken-n-pickle,entertainment providers,,641,North Kansas City,Missouri,United States,aiark
Chicken Salad Chick,chickensaladchick.com,http://www.chickensaladchick.com,https://www.linkedin.com/company/chicken-salad-chick,restaurants,,2616,Atlanta,Georgia,United States,aiark
Chickie\'s And Pete\'s,chickiesandpetes.com,https://www.chickiesandpetes.com,https://www.linkedin.com/company/chickie's-and-pete's,Restaurants,1001-5000,607,Philadelphia,Pennsylvania,United States,aiark+blitz
"Chico's FAS, Inc.",chicos.com,https://www.chicos.com/store/category/new+arrivals/cat40036,https://www.linkedin.com/company/chico-s-fas-inc,Retail,10001+,5585,Fort Myers,Florida,United States,blitz
"Chico's FAS, Inc.",chicosfas.com,https://www.chicos.com/store/category/new+arrivals/cat40036,https://www.linkedin.com/company/chico-s-fas-inc,retail,,10352,Fort Myers,Florida,United States,aiark
Chili's,chilisjobs.com,https://www.chilisjobs.com,https://www.linkedin.com/company/chili's,Restaurants,10001+,34182,Dallas,Texas,United States,aiark+blitz
Chipotle Mexican Grill,chipotle.com,https://www.chipotle.com,https://www.linkedin.com/company/chipotle-mexican-grill,Restaurants,10001+,48300,Newport Beach,California,United States,aiark+blitz
Chobani,chobani.com,https://www.chobani.com,https://www.linkedin.com/company/chobani,Food and Beverage Services,1001-5000,2400,New Berlin,New York,United States,aiark+blitz
Choice Hotels International,choicehotels.com,https://www.choicehotels.com,https://www.linkedin.com/company/choice-hotels-international,Hospitality,1001-5000,1904,North Bethesda,Maryland,United States,aiark+blitz
Chop Steakhouse & Bar,chop.ca,https://www.chop.ca,https://www.linkedin.com/company/chop-steakhouse,restaurants,,709,Vancouver,British Columbia,Canada,aiark
Chopt Creative Salad Company,choptsalad.com,http://www.choptsalad.com,https://www.linkedin.com/company/chop't-creative-salad-company,restaurants,,725,Rye Brook,New York,United States,aiark
Christianbook,christianbook.com,https://www.christianbook.com,https://www.linkedin.com/company/christianbook,Retail,501-1000,210,Peabody,Massachusetts,United States,blitz
Christmas Tree Shops,christmastreeshops.com,https://www.christmastreeshops.com,https://www.linkedin.com/company/christmas-tree-shops,Retail,5001-10000,1455,Middleboro,Massachusetts,United States,aiark+blitz
Christopher And Banks,christopherandbanks.com,https://www.christopherandbanks.com,https://www.linkedin.com/company/christopher-&-banks,Retail,5001-10000,984,Plymouth,Minnesota,United States,aiark+blitz
Chrome Hearts,chromehearts.com,https://www.chromehearts.com,https://www.linkedin.com/company/chrome-hearts,retail luxury goods and jewelry,,568,Hollywood,California,United States,aiark
CHS Inc.,chsinc.com,https://www.chsinc.com,https://www.linkedin.com/company/chs,farming,,9584,Minnesota,55077,United States,aiark
Chuck's Roadhouse Bar & Grill,chucksroadhouse.com,http://www.chucksroadhouse.com,https://www.linkedin.com/company/chuck's-roadhouse,restaurants,,896,Mississauga,Ontario,Canada,aiark
Chula Vista Resort,chulavistaresort.com,https://www.chulavistaresort.com,https://www.linkedin.com/company/chula-vista-resort,Hospitality,501-1000,223,Wisconsin Dells,Wisconsin,United States,blitz
Church's Chicken PR,churchspr.com,http://churchspr.net,https://www.linkedin.com/company/church's-chicken-pr,food and beverage services,,936,Guaynabo,Puerto Rico,United States,aiark
Church's Texas Chicken,churchs.com,http://www.churchs.com,https://www.linkedin.com/company/churchstexaschicken,restaurants,,5302,,,United States,aiark
Chuy's Restaurants,chuys.com,https://www.chuys.com,https://www.linkedin.com/company/chuy's-restaurants,Restaurants,5001-10000,2680,Orlando,Florida,United States,aiark+blitz
Cibo Vita,cibovita.com,https://www.cibovita.com,https://www.linkedin.com/company/cibovita,Food and Beverage Services,501-1000,275,Totowa,New Jersey,United States,blitz
Cicis Pizza,cicis.com,http://www.cicis.com,https://www.linkedin.com/company/cicispizza,restaurants,,2397,Coppell,Texas,United States,aiark
Cinnabon,cinnabon.com,http://www.cinnabon.com,https://www.linkedin.com/company/cinnabon,food and beverage services,,2569,Sandy Springs,Georgia,United States,aiark
Cipriani,cipriani.com,http://www.cipriani.com,https://www.linkedin.com/company/cipriani,hospitality,,1603,,,United States,aiark
Circa Resort & Casino,circalasvegas.com,http://www.circalasvegas.com,https://www.linkedin.com/company/circalasvegas,hospitality,,639,Las Vegas,Nevada,United States,aiark
Circana,circana.com,http://www.circana.com,https://www.linkedin.com/company/wearecircana,market research,,6128,Chicago,Illinois,United States,aiark
Circle K,circlek.com,http://www.circlek.com,https://www.linkedin.com/company/circle-k,retail,,47115,Laval,Québec,Canada,aiark
Circuit City,circuitcity.com,http://www.circuitcity.com,https://www.linkedin.com/company/circuit-city,software development,,1663,,,United States,aiark
Cirkul,drinkcirkul.com,https://drinkcirkul.com,https://www.linkedin.com/company/cirkul,food and beverage manufacturing,,510,Tampa,Florida,United States,aiark
CISSS de l'Outaouais,gouv.qc.ca,http://cisss-outaouais.gouv.qc.ca,https://www.linkedin.com/company/cissso,hospitals and health care,,1761,Gatineau,Québec,Canada,aiark
Citarella - The Ultimate Gourmet Market,citarella.com,https://www.citarella.com,https://www.linkedin.com/company/citarella-inc,Food and Beverage Services,501-1000,330,New York,New York,United States,blitz
Citi Trends,cititrends.com,https://www.cititrends.com,https://www.linkedin.com/company/citi-trends,Retail,5001-10000,3301,Savannah,Georgia,United States,aiark+blitz
Citizen Watch America,citizenwatch.com,http://www.citizenwatch.com,https://www.linkedin.com/company/citizen-watch-america,retail luxury goods and jewelry,,640,New York,New York,United States,aiark
Citizens,citizensbank.com,http://www.citizensbank.com,https://www.linkedin.com/company/citizens-bank,banking,,22998,Providence,Rhode Island,United States,aiark
City Barbeque,citybbq.com,https://www.citybbq.com,https://www.linkedin.com/company/city-barbeque,Restaurants,1001-5000,701,Dublin,Ohio,United States,aiark+blitz
City Cruises,cityexperiences.com,https://citycruises.com,https://www.linkedin.com/company/citycruises,hospitality,,793,Orlando,Florida,United States,aiark
CITY Furniture,cityfurniture.com,http://www.cityfurniture.com,https://www.linkedin.com/company/city-furniture,retail,,2030,Ft. Lauderdale,Florida,United States,aiark
City Gear,citygear.com,http://www.DTLR.com,https://www.linkedin.com/company/city-gear,retail,,805,Memphis,Tennessee,United States,aiark
City Limits Bar & Grill,citylimitsbarandgrill.com,https://www.citylimitsbarandgrill.com,https://www.linkedin.com/company/city-limits-bar-&-grill,Food and Beverage Services,10001+,52,Shepherdsville,Kentucky,United States,blitz
City of Brampton,brampton.ca,http://www.brampton.ca,https://www.linkedin.com/company/citybrampton,government administration,,4150,Brampton,On,Canada,aiark
City of Evanston,cityofevanston.org,http://www.cityofevanston.org,https://www.linkedin.com/company/city-of-evanston,government administration,,693,Evanston,Illinois,United States,aiark
City of Houston,houstontx.gov,http://www.houstontx.gov,https://www.linkedin.com/company/city-of-houston,government administration,,10626,Houston,Texas,United States,aiark
City of New Orleans,nola.gov,https://nola.gov,https://www.linkedin.com/company/city-of-new-orleans,government administration,,1723,New Orleans,Louisiana,United States,aiark
City Sports,citysports.com,http://www.citysports.com,https://www.linkedin.com/company/city-sports,sporting goods manufacturing,,530,Eatontown,New Jersey,United States,aiark
City Thrift,buythrift.com,https://www.buythrift.com,https://www.linkedin.com/company/city-thrift,Retail,501-1000,222,Birmingham,Alabama,United States,blitz
City/Parish of Baton Rouge,brla.gov,http://www.brla.gov,https://www.linkedin.com/company/city-parish-of-baton-rouge,government administration,,1008,Baton Rouge,Louisiana,United States,aiark
Civeo North America,civeo.com,https://www.civeo.com,https://www.linkedin.com/company/civeo,Hospitality,1001-5000,1971,Edmonton,Alberta,Canada,aiark+blitz
Civil,wearecivil.com,http://www.WeAreCivil.com,https://www.linkedin.com/company/civil,retail,,1517,East Greenwich,Rhode Island,United States,aiark
Cj Foods,cjfoods.com,https://www.cjfoods.com,https://www.linkedin.com/company/cj-foods,Food and Beverage Services,501-1000,795,La Palma,California,United States,aiark+blitz
"Cka Management, Llc",ckamgmt.com,https://www.ckamgmt.com,https://www.linkedin.com/company/cka-management-llc,Restaurants,1001-5000,95,Hasbrouck Heights,New Jersey,United States,blitz
"CKE Restaurants, Inc.",ckr.com,http://www.ckr.com,https://www.linkedin.com/company/cke-restaurants-inc-,restaurants,,1338,Franklin,Tennessee,United States,aiark
Claddagh Irish Pubs,claddaghirishpubs.com,https://www.claddaghirishpubs.com,https://www.linkedin.com/company/claddagh-irish-pubs,Restaurants,501-1000,,Solon,Ohio,United States,blitz
Claim Jumper Restaurants,claimjumper.com,http://www.claimjumper.com,https://www.linkedin.com/company/claim-jumper-restaurants,restaurants,,612,Laughlin,Nevada,United States,aiark
Claire's,claires.com,https://www.claires.com,https://www.linkedin.com/company/claire's-accessories,Retail,10001+,9965,Hoffman Estates,Illinois,United States,aiark+blitz
Clare Rose Beverage,clarerose.com,https://www.clarerose.com,https://www.linkedin.com/company/clare-rose-beverage,Food and Beverage Services,501-1000,68,Shirley,New York,United States,blitz
Classic Beverage Of Southern California,classicdist.com,https://classicdist.com,https://www.linkedin.com/company/classicbevsocal,Food and Beverage Services,501-1000,102,City Of Industry,California,United States,blitz
Clearwater Paper Corporation,clearwaterpaper.com,http://www.clearwaterpaper.com,https://www.linkedin.com/company/clearwaterpaper,paper and forest product manufacturing,,1653,Spokane,Washington,United States,aiark
Cleco,cleco.com,http://www.cleco.com,https://www.linkedin.com/company/cleco,oil and gas,,903,Pineville,Louisiana,United States,aiark
Clemens Food Group,clemensfoodgroup.com,http://www.clemensfoodgroup.com,https://www.linkedin.com/company/clemens-food-group,food and beverage manufacturing,,1344,Hatfield,Pennsylvania,United States,aiark
Clerk Hotel Management,clerkhotel.com,http://www.clerkhotel.com,https://www.linkedin.com/company/clerkhotel,hospitality,,627,Miami,Florida,United States,aiark
Cliffstar Corporation,cliffstar.com,https://www.cliffstar.com,https://www.linkedin.com/company/cliffstar-corporation,Food and Beverage Services,1001-5000,,Dunkirk,New York,United States,blitz
CLOTH,ourclothshop.com,http://www.ourclothshop.com,https://www.linkedin.com/company/cloth,retail,,4086,,,United States,aiark
Clothing Manufacturers,sdfltd.com,https://sdfltd.com,https://www.linkedin.com/company/clothing-manufacturers,retail apparel and fashion,,843,Bronx,Ny,United States,aiark
Clothing Shop Online,clothingshoponline.com,https://www.clothingshoponline.com,https://www.linkedin.com/company/clothing-shop-online,retail apparel and fashion,,751,Hermosa Beach,California,United States,aiark
Cloud5 Communications,cloud5.com,http://cloud5.com,https://www.linkedin.com/company/cloud5,software development,,608,Chicago,Illinois,United States,aiark
Cloudbeds,cloudbeds.com,https://www.cloudbeds.com,https://www.linkedin.com/company/cloudbeds,hospitality,,738,San Diego,California,United States,aiark
Clover Imaging,cloverimaging.com,http://www.cloverimaging.com,https://www.linkedin.com/company/clover-imaging,retail office equipment,,543,Hoffman Estates,Illinois,United States,aiark
Club Demonstration Services,clubdemo.com,http://www.clubdemo.com,https://www.linkedin.com/company/club-demonstration-services,retail,,2904,San Diego,California,United States,aiark
Club Monaco,clubmonaco.com,http://www.clubmonaco.com,https://www.linkedin.com/company/club-monaco,retail apparel and fashion,,987,New York,New York,United States,aiark
Club Quarters Hotels,clubquartershotels.com,https://clubquartershotels.com,https://www.linkedin.com/company/clubquartershotels,Hospitality,501-1000,392,Stamford,Connecticut,United States,blitz
ClubCorp,invitedclubs.com,https://www.invitedclubs.com,https://www.linkedin.com/company/invited-clubs,hospitality,,1449,Dallas,Texas,United States,aiark
ClubLink,clublink.ca,http://www.clublink.ca,https://www.linkedin.com/company/clublink-corporation,hospitality,,760,King City,Ontario,Canada,aiark
Clyde's Restaurant Group,clydes.com,http://clydesgroup.com,https://www.linkedin.com/company/clyde's-restaurant-group,restaurants,,768,Washington,District Of Columbia,United States,aiark
CMC,cmc.com,http://www.cmc.com,https://www.linkedin.com/company/inside-cmc,construction,,9445,Irving,Texas,United States,aiark
CN Hotels,cnhotels.net,https://www.cnhotels.net,https://www.linkedin.com/company/cn-hotels,Hospitality,501-1000,52,High Point,North Carolina,United States,blitz
Coach,coach.com,http://www.coach.com,https://www.linkedin.com/company/coach,retail apparel and fashion,,13199,New York,New York,United States,aiark
Coast Hotels,coasthotels.com,https://www.coasthotels.com,https://www.linkedin.com/company/coast-hotels,Hospitality,1001-5000,467,Vancouver,British Columbia,Canada,blitz
Coastal Farm & Ranch,coastalcountry.com,https://www.coastalcountry.com,https://www.linkedin.com/company/coastal-farm-and-ranch,Retail,501-1000,352,Albany,Oregon,United States,blitz
Coastal Hotel Group,coastalhotels.com,https://www.coastalhotels.com,https://www.linkedin.com/company/coastal-hotel-group,Hospitality,501-1000,23,Seattle,Washington,United States,blitz
"Coborn's, Inc.",cobornsinc.com,http://www.cobornsinc.com,https://www.linkedin.com/company/coborn's-inc.,retail,,2026,Saint Cloud,Minnesota,United States,aiark
COBS Bread,cobsbread.com,http://www.cobsbread.com,https://www.linkedin.com/company/cobs-bread,food and beverage services,,1197,Vancouver,Bc,Canada,aiark
Coca Colaa,coca-cola.com,https://coca-cola.com,https://www.linkedin.com/company/coca-colaa,Food and Beverage Services,10001+,371,Surrey,British Columbia,Canada,blitz
Coca-Cola Beverages Florida,cocacolaflorida.com,https://cokeflorida.com,https://www.linkedin.com/company/cokeflorida,food and beverage services,,2468,Tampa,Florida,United States,aiark
Coca-Cola Beverages Northeast,cokenortheast.com,https://www.cokenortheast.com,https://www.linkedin.com/company/cokenortheast,Food and Beverage Services,1001-5000,691,Bedford,New Hampshire,United States,aiark+blitz
Coca-Cola Bottlers'​ Sales & Services,ccbss.com,http://www.ccbss.com,https://www.linkedin.com/company/cocacolabottlerssalesandservices,food and beverage services,,520,Atlanta,Georgia,United States,aiark
Coca-Cola Bottling Company High Country,coca-colahighcountry.com,https://www.coca-colahighcountry.com,https://www.linkedin.com/company/coca-cola-high-country,Food and Beverage Services,501-1000,190,Rapid City,South Dakota,United States,blitz
"Coca-Cola Bottling Company UNITED, Inc.",cocacolaunited.com,http://www.cocacolaunited.com,https://www.linkedin.com/company/coca-cola-bottling-company-united,manufacturing,,6123,Birmingham,Al - Alabama,United States,aiark
Coca-Cola Consolidated,cokeconsolidated.com,https://www.cokeconsolidated.com,https://www.linkedin.com/company/cocacolaconsolidated,Food and Beverage Services,10001+,13491,Charlotte,North Carolina,United States,aiark+blitz
Coca-Cola Southwest Beverages,cocacolaswb.com,https://www.cocacolaswb.com,https://www.linkedin.com/company/cocacolaswb,Food and Beverage Services,5001-10000,2503,Dallas,Texas,United States,aiark+blitz
Coeur D Alene Casino Resort Hotel,cdacasino.com,https://www.cdacasino.com,https://www.linkedin.com/company/cdacasino,Hospitality,501-1000,295,Worley,Idaho,United States,blitz
Cogneesol,cogneesol.com,https://www.cogneesol.com,https://www.linkedin.com/company/cogneesol,outsourcing and offshoring consulting,,901,New York,New York,United States,aiark
Coiffure Salon,coiffure-salon.com,https://www.linkedin.com/company/coiffure-salon,https://www.linkedin.com/company/coiffure-salon,retail art supplies,,560,Nutley,New Jersey,United States,aiark
Coinstar,coinstar.com,https://www.coinstar.com,https://www.linkedin.com/company/coinstar,retail,,612,Bellevue,Washington,United States,aiark
Cold Stone Creamery,coldstonecreamery.com,http://www.coldstonecreamery.com,https://www.linkedin.com/company/cold-stone-creamery,restaurants,,3961,,,United States,aiark
Coldwater Creek,coldwatercreek.com,http://www.coldwatercreek.com,https://www.linkedin.com/company/coldwater-creek,retail,,1213,Fort Lauderdale,Florida,United States,aiark
Cole Haan,colehaan.com,https://www.colehaan.com,https://www.linkedin.com/company/cole-haan,Retail,1001-5000,1659,New York,New York,United States,aiark+blitz
Colony Tire Corporation,colonytire.com,https://www.colonytire.com,https://www.linkedin.com/company/colony-tire-corporation,Retail,501-1000,189,Edenton,North Carolina,United States,blitz
Color Me Mine,colormemine.com,http://www.colormemine.com,https://www.linkedin.com/company/color-me-mine,retail art supplies,,595,Los Angeles,California,United States,aiark
Columbia Distributing,coldist.com,https://www.coldist.com,https://www.linkedin.com/company/columbia-distributing,Food and Beverage Services,1001-5000,1552,Wilsonville,Oregon,United States,aiark+blitz
Columbia Hospitality,columbiahospitality.com,https://columbiahospitality.com/hospitality-management-careers,https://www.linkedin.com/company/columbia-hospitality,Hospitality,1001-5000,777,Seattle,Washington,United States,aiark+blitz
Columbia Sportswear Company,columbiasportswearcompany.com,https://www.columbiasportswearcompany.com,https://www.linkedin.com/company/columbia-sportswear,retail apparel and fashion,,7917,Portland,Oregon,United States,aiark
Columbia Sussex Corporation,columbiasussex.com,https://columbiasussex.com,https://www.linkedin.com/company/columbia-sussex-corporation,Hospitality,1001-5000,361,Crestview Hills,Kentucky,United States,blitz
Columbia University,columbia.edu,http://columbia.edu,https://www.linkedin.com/school/columbia-university,higher education,,23719,New York,New York,United States,aiark
Columbus Hospitality Management,columbushospitality.com,https://www.columbushospitality.com,https://www.linkedin.com/company/columbus-hospitality,Hospitality,1001-5000,135,Columbus,Ohio,United States,blitz
Colwen Hotels,colwenhotels.com,https://colwenhotels.com,https://www.linkedin.com/company/colwen-hotels,Hospitality,1001-5000,386,Portsmouth,New Hampshire,United States,blitz
Comedor,comedortx.com,https://comedortx.com,https://www.linkedin.com/company/comedortx,restaurants,,645,Austin,Texas,United States,aiark
Comfort inn & suites,comfortinnmontgomery.com,https://www.choicehotels.com/alabama/montgomery/comfort-inn-hotels/al522,https://www.linkedin.com/company/comfort-inn-suites,hospitality,,1059,Montgomery,,United States,aiark
Comfort Inn and Suites,comfortinnsuitesdallastx.com,https://www.comfortinnsuitesdallastx.com,https://www.linkedin.com/company/comfort-inn-and-suites,hospitality,,1422,Dallas,Texas,United States,aiark
Commerce,comr.se,http://Comrse.com,https://www.linkedin.com/company/commerce,retail,,4763,Seattle,Washington,United States,aiark
CommerceIQ,commerceiq.ai,https://www.commerceiq.ai,https://www.linkedin.com/company/commerceiq,software development,,643,Mountain View,California,United States,aiark
Commonwealth Blue Ribbon Restaurants,famousdavesdmv.com,https://www.famousdavesdmv.com,https://www.linkedin.com/company/commonwealth-blue-ribbon-restaurants,Food and Beverage Services,5001-10000,8,Alexandria,Virginia,United States,blitz
Commonwealth Hotels,commonwealthhotels.com,https://www.commonwealthhotels.com,https://www.linkedin.com/company/commonwealthhotels,Hospitality,1001-5000,252,Covington,Kentucky,United States,blitz
Commune Hotels Resorts,communehotels.com,https://www.communehotels.com,https://www.linkedin.com/company/commune-hotels-and-resorts,Hospitality,1001-5000,76,San Francisco,California,United States,blitz
Community Coffee,communitycoffee.com,https://www.communitycoffee.com,https://www.linkedin.com/company/community-coffee,Food and Beverage Services,1001-5000,768,Baton Rouge,Louisiana,United States,aiark+blitz
Community Memorial Healthcare,mycmh.org,https://www.mycmh.org,https://www.linkedin.com/company/community-memorial-health-system,hospitals and health care,,1069,Ventura,California,United States,aiark
Company,22vanderbilt.com,https://company.co,https://www.linkedin.com/school/companyventures,hospitality,,1869,New York,,United States,aiark
Company Kitchen,companykitchen.com,https://www.companykitchen.com,https://www.linkedin.com/company/company-kitchen,Food and Beverage Services,1001-5000,618,Merriam,Kansas,United States,aiark+blitz
Compass Group Canada,compass-canada.com,http://www.compass-canada.com,https://www.linkedin.com/company/compassgroupcanada,food and beverage services,,2507,Mississauga,On,Canada,aiark
Compass Group USA,compassgroupcareers.com,https://www.compassgroupcareers.com,https://www.linkedin.com/company/compass-group-north-america,Food and Beverage Services,10001+,70329,Charlotte,North Carolina,United States,aiark+blitz
Compusa,compusa.com,https://www.compusa.com,https://www.linkedin.com/company/compusa,Retail,1001-5000,,Miami,Florida,United States,aiark+blitz
Con-Way Freight,,,https://www.linkedin.com/company/con-way-freight,restaurants,,908,Shelby,Iowa,United States,aiark
Conagra Brands,conagrabrands.com,https://www.conagrabrands.com,https://www.linkedin.com/company/conagra-brands,Food and Beverage Services,10001+,7930,Chicago,Illinois,United States,aiark+blitz
Conagra Foodservice,conagrafoodservice.com,https://conagrafoodservice.com,https://www.linkedin.com/company/conagra-foodservice,Food and Beverage Services,1001-5000,150,Chicago,Illinois,United States,blitz
Conair LLC,conair.com,http://www.conair.com,https://www.linkedin.com/company/conair-corporation,manufacturing,,2078,Stamford,Connecticut,United States,aiark
Concept Restaurants Inc,conceptrestaurants.com,https://www.conceptrestaurants.com,https://www.linkedin.com/company/concept-restaurants-inc,Restaurants,1001-5000,44,Boulder,Colorado,United States,blitz
Concessions International,cintl.com,https://www.cintl.com,https://www.linkedin.com/company/concessionsinternational,Food and Beverage Services,1001-5000,277,Atlanta,Georgia,United States,blitz
Concord,concord.com,http://www.concord.com,https://www.linkedin.com/company/concordofficial,entertainment providers,,1668,Nashville,Tennessee,United States,aiark
Concord Hospitality Enterprises,concordhotels.com,http://www.concordhotels.com,https://www.linkedin.com/company/concord-hospitality-enterprises,hospitality,,1418,Raleigh,North Carolina,United States,aiark
Condado Tacos,condadotacos.com,http://condadotacos.com,https://www.linkedin.com/company/condadotacos,restaurants,,688,Columbus,Ohio,United States,aiark
ConferenceDirect,conferencedirect.com,https://www.conferencedirect.com,https://www.linkedin.com/company/conferencedirect,Hospitality,501-1000,690,Folsom,California,United States,aiark+blitz
Confiz,confiz.com,https://www.confiz.com,https://www.linkedin.com/company/confiz,it services and it consulting,,662,Bellevue,Washington,United States,aiark
Conn's HomePlus,conns.com,http://www.conns.com,https://www.linkedin.com/company/connshomeplus,retail,,3431,The Woodlands,Texas,United States,aiark
Consolidated Burger Holdings,consolidatedburgerholdings.com,https://consolidatedburgerholdings.com,https://www.linkedin.com/company/consolidated-burger-holdings,Restaurants,1001-5000,52,Destin,Florida,United States,blitz
Constellation Brands,cbrands.com,https://www.cbrands.com,https://www.linkedin.com/company/constellation-brands,Food and Beverage Services,5001-10000,5979,Rochester,New York,United States,aiark+blitz
"Consumer Cellular, Inc.",consumercellular.com,https://www.consumercellular.com/careers,https://www.linkedin.com/company/consumer-cellular-inc-,telecommunications,,2183,Scottsdale,Arizona,United States,aiark
Continental,continentalserves.com,http://continentalserves.com,https://www.linkedin.com/company/continental-serves,food and beverage services,,518,Troy,Michigan,United States,aiark
Continental Properties,cproperties.com,http://www.cproperties.com,https://www.linkedin.com/company/continental-properties-company-inc-,real estate,,587,Menomonee Falls,Wisconsin,United States,aiark
Convene,convene.com,http://www.convene.com,https://www.linkedin.com/company/convene-venues,hospitality,,546,New York,New York,United States,aiark
Converse,converse.com,https://jobs.converse.com,https://www.linkedin.com/company/converse,Retail,1001-5000,4448,Boston,Massachusetts,United States,aiark+blitz
Cook Out,cookout.com,https://cookout.com,https://www.linkedin.com/company/cookout-burgers,restaurants,,579,Greensboro,North Carolina,United States,aiark
Cookout!,,,https://www.linkedin.com/company/cookoutapp,food and beverage services,,3074,San Francisco,California,United States,aiark
CookUnity,cookunity.com,https://www.cookunity.com,https://www.linkedin.com/company/cookunity,food and beverage manufacturing,,867,Brooklyn,New York,United States,aiark
CoolSys - Refrigeration and HVAC Systems,coolsys.com,https://coolsys.com,https://www.linkedin.com/company/cool-sys,facilities services,,1642,Brea,California,United States,aiark
Cooper Farms,cooperfarms.com,http://cooperfarms.com,https://www.linkedin.com/company/cooper-farms,food and beverage manufacturing,,674,,,United States,aiark
Cooper's Hawk Winery and Restaurants,chwinery.com,https://www.chwinery.com,https://www.linkedin.com/company/cooper's-hawk-winery-and-restaurants,Food and Beverage Services,5001-10000,3693,Downers Grove,Illinois,United States,aiark+blitz
Copper Kettle Restaurant,copperkettlerestaurant.com,https://www.copperkettlerestaurant.com,https://www.linkedin.com/company/copper-kettle-restaurant,Restaurants,10001+,18,Hanover,Pennsylvania,United States,blitz
CoralTree Hospitality,coraltreehospitality.com,https://www.coraltreehospitality.com,https://www.linkedin.com/company/coraltree-hospitality,hospitality,,2425,Englewood,Colorado,United States,aiark
CORE Foodservice,corefoodservice.com,http://www.corefoodservice.com,https://www.linkedin.com/company/corefoodservice,food and beverage services,,1435,Jacksonville,Florida,United States,aiark
Core-Mark International,core-mark.com,http://www.core-mark.com,https://www.linkedin.com/company/core-mark-international,wholesale,,5308,Westlake,Texas,United States,aiark
Coric Equipment,coricind.com,https://www.coricind.com,https://www.linkedin.com/company/coric-equipment,retail office equipment,,531,Southfield,Michigan,United States,aiark
Cork & Pig Tavern,corkandpigtavern.com,https://www.corkandpigtavern.com,https://www.linkedin.com/company/cork-and-pig-tavern,Restaurants,501-1000,148,Las Colinas,Texas,United States,blitz
Corky's Kitchen & Bakery,corkyskitchenandbakery.com,https://www.corkyskitchenandbakery.com,https://www.linkedin.com/company/corkys-kitchen,Hospitality,501-1000,15,Rancho Cucamonga,California,United States,blitz
Corky\'s Bbq,corkysbbq.com,https://www.corkysbbq.com,https://www.linkedin.com/company/corky's-bbq---memphis,Restaurants,501-1000,156,Memphis,Tennessee,United States,blitz
Cornelius,cornelius.com,https://www.cornelius.com,https://www.linkedin.com/company/imi-cornelius,Food and Beverage Services,1001-5000,569,Glendale Heights,Illinois,United States,aiark+blitz
Corporate Chefs,corporatechefs.com,https://www.corporatechefs.com,https://www.linkedin.com/company/corporate-chefs,Food and Beverage Services,1001-5000,212,Woburn,Massachusetts,United States,blitz
Corporate Concierge Services,corporateconcierge.com,https://www.corporateconcierge.com,https://www.linkedin.com/company/corporate-concierge-services,Hospitality,10001+,101,Chicago,Illinois,United States,blitz
Corvium Acquired By Neogen,neogen.com,https://www.neogen.com/neogen-analytics,https://www.linkedin.com/company/corvium,Food and Beverage Services,1001-5000,15,Lansing,Michigan,United States,aiark+blitz
Cosentino's Food Stores,cosentinos.com,https://www.cosentinos.com,https://www.linkedin.com/company/cosentinosfoodstores,Food and Beverage Services,1001-5000,432,Overland Park,Kansas,United States,blitz
Cosentino's Price Chopper,mypricechopper.com,http://www.mypricechopper.com,https://www.linkedin.com/company/cosentino-price-chopper,retail groceries,,688,,,United States,aiark
Cosi,getcosi.com,http://www.getcosi.com,https://www.linkedin.com/company/cosi,restaurants,,672,Mountainside,New Jersey,United States,aiark
CosmoProf Beauty,cosmoprofbeauty.com,https://www.cosmoprofbeauty.com,https://www.linkedin.com/company/cosmoprof-beauty,Retail,5001-10000,2866,Plano,Texas,United States,aiark+blitz
"Costa Vida, Fresh Mexican Grill",costavida.com,http://www.costavida.com,https://www.linkedin.com/company/costa-vida,restaurants,,981,,,United States,aiark
Costco Wholesale,costco.com,https://www.costco.com,https://www.linkedin.com/company/costco-wholesale,Retail,10001+,89362,Seattle,Washington,United States,aiark+blitz
Costello's Ace Hardware,costellosace.com,https://www.costellosace.com,https://www.linkedin.com/company/costello'sacehardware,Retail,1001-5000,295,Deer Park,New York,United States,blitz
Cotton Patch Cafe,cottonpatch.com,https://www.CottonPatch.com,https://www.linkedin.com/company/cotton-patch-cafe,restaurants,,1023,Southlake,Texas,United States,aiark
Counter Intelligence Merchandising,counterintelligenceinc.net,https://www.counterintelligenceinc.net,https://www.linkedin.com/company/counter-intelligence-merchandising,Retail,1001-5000,143,Concord,Ontario,Canada,blitz
"Country Fair, Inc.",countryfairstores.com,https://www.countryfairstores.com,https://www.linkedin.com/company/country-fair-inc.,Retail,1001-5000,531,Erie,Pennsylvania,United States,aiark+blitz
Country Inns,countryinns.com,https://www.countryinns.com,https://www.linkedin.com/company/country-inns,Hospitality,10001+,71,Cleveland,Ohio,United States,blitz
County Line Incorporated,countyline.com,https://www.countyline.com,https://www.linkedin.com/company/county-line-incorporated,Restaurants,501-1000,109,Austin,,United States,blitz
Coupang,coupang.jobs,https://www.aboutcoupang.com,https://www.linkedin.com/company/coupang,software development,,9124,Seattle,Washington,United States,aiark
Courts,san-joaquin.ca.us,http://www.courts.san-joaquin.ca.us,https://www.linkedin.com/company/courts,retail,,1327,,,United States,aiark
"Cousins Submarines, Inc",cousinssubs.com,https://www.cousinssubs.com,https://www.linkedin.com/company/cousins-submarines-inc,Restaurants,501-1000,494,Menomonee Falls,Wisconsin,United States,blitz
Covelli Enterprises,covelli.com,https://www.covelli.com,https://www.linkedin.com/company/covelli-enterprises,Restaurants,10001+,260,Warren,Ohio,United States,blitz
"Cox\'s Foodarama, Inc",foodaramatexas.com,https://foodaramatexas.com,https://www.linkedin.com/company/cox's-foodarama-inc.,Food and Beverage Services,1001-5000,28,Houston,Texas,United States,blitz
CP Kelco,cpkelco.com,http://www.cpkelco.com,https://www.linkedin.com/company/cpkelco,manufacturing,,1012,Atlanta,Georgia,United States,aiark
CPMC,floridarent.com,http://Floridarent.com,https://www.linkedin.com/company/cpmc,hospitality,,1097,,,United States,aiark
CPR Cell Phone Repair,cellphonerepair.com,https://www.cellphonerepair.com,https://www.linkedin.com/company/cprcellphonerepair,retail,,1025,Independence,Ohio,United States,aiark
Cracker Barrel,crackerbarrel.com,https://www.careers.crackerbarrel.com,https://www.linkedin.com/company/cracker-barrel,Restaurants,10001+,19301,Lebanon,Tennessee,United States,aiark+blitz
Crate & Barrel,crateandbarrel.com,https://www.crateandbarrel.com,https://www.linkedin.com/company/crate-&-barrel,Retail,5001-10000,6559,Northbrook,Illinois,United States,aiark+blitz
Creative Destruction Lab,creativedestructionlab.com,http://www.creativedestructionlab.com,https://www.linkedin.com/school/creative-destruction-lab,venture capital and private equity principals,,718,Toronto,Ontario,Canada,aiark
Creative Dining Services,creativedining.com,https://www.creativedining.com,https://www.linkedin.com/company/ccreative-dining-svc,Hospitality,1001-5000,633,Zeeland,Michigan,United States,aiark+blitz
Creative Memories®,creativememories.com,http://www.creativememories.com,https://www.linkedin.com/company/creative-memories,retail,,1261,Minneapolis,Minnesota,United States,aiark
Creekside Cafe,creekside-cafe.com,https://creekside-cafe.com,https://www.linkedin.com/company/creekside-cafe,Food and Beverage Services,10001+,16,Rocky Mount,Missouri,United States,blitz
Creole Cuisine Restaurant Concepts,creolecuisine.com,https://www.creolecuisine.com,https://www.linkedin.com/company/creole-cuisine-restaurant,Restaurants,1001-5000,310,New Orleans,Louisiana,United States,blitz
"Crescent Crown Distributing, LLC",crescentcrown.com,https://www.crescentcrown.com,https://www.linkedin.com/company/crescent-crown-distributing,Food and Beverage Services,1001-5000,767,Mesa,Arizona,United States,aiark+blitz
Crescent Hotels & Resorts,crescenthotels.com,https://www.crescenthotels.com,https://www.linkedin.com/company/crescent-hotels-&-resorts,Hospitality,5001-10000,1142,Fairfax,Virginia,United States,aiark+blitz
"Crest Foods Co., Inc.",crestfoods.com,http://www.crestfoods.com,https://www.linkedin.com/company/crestfoodsco,food and beverage manufacturing,,541,Ashton,Illinois,United States,aiark
Crestline Hotels & Resorts,crestlinehotels.com,https://www.crestlinehotels.com,https://www.linkedin.com/company/crestline-hotels-&-resorts,Hospitality,5001-10000,1036,Fairfax,Virginia,United States,aiark+blitz
Crew Carwash,crewcarwash.com,https://www.crewcarwash.com,https://www.linkedin.com/company/crew-carwash,Retail,1001-5000,1106,Fishers,Indiana,United States,aiark+blitz
"Crispers, Fresh Alternatives, Llc",crispers.com,https://www.crispers.com,https://www.linkedin.com/company/crispers-llc,Restaurants,501-1000,82,Lakeland,,United States,blitz
Critical Mass,criticalmass.com,http://www.criticalmass.com,https://www.linkedin.com/company/critical-mass,advertising services,,1842,Calgary,Alberta,Canada,aiark
"Crocs, Inc.",crocs.com,http://www.crocs.com,https://www.linkedin.com/company/crocsinc,retail apparel and fashion,,7609,Broomfield,Colorado,United States,aiark
Crop Production Services,nutrien.com,https://www.nutrien.com,https://www.linkedin.com/company/crop-production-services,Retail,10001+,2097,Loveland,Colorado,United States,aiark+blitz
CrossAmerica Partners LP,crossamericapartners.com,https://www.crossamericapartners.com,https://www.linkedin.com/company/crossamerica-partners-lp,Retail,1001-5000,224,Allentown,Pennsylvania,United States,blitz
"Crown Linen, LLC",crownlinen.net,https://www.crownlinen.net,https://www.linkedin.com/company/crown-linen-llc,Hospitality,501-1000,309,Miami,Florida,United States,blitz
Crowne Plaza® Hotels & Resorts,crowneplazaperth.com.au,http://www.ihg.co/linkedin,https://www.linkedin.com/company/crowne-plaza-hotels-&-resorts,hospitality,,8107,Atlanta,Georgia,United States,aiark
Crozer-Keystone Health System,crozerhealth.org,http://www.crozerhealth.org,https://www.linkedin.com/company/crozerhealth,hospitals and health care,,1701,Springfield,Pennsylvania,United States,aiark
CruiseOne,cruiseone.com,http://www.cruiseone.com,https://www.linkedin.com/company/cruiseone,travel arrangements,,835,Fort Lauderdale,Florida,United States,aiark
Crumbl,crumblcookies.com,http://crumbl.com/order,https://www.linkedin.com/company/crumbl,food and beverage services,,8669,Lindon,Utah,United States,aiark
Crystal Mountain,crystalmountain.com,https://www.crystalmountain.com,https://www.linkedin.com/company/crystal-mountain,Hospitality,501-1000,297,Thompsonville,Michigan,United States,blitz
Crystal Springs Resort,crystalgolfresort.com,https://www.crystalgolfresort.com,https://www.linkedin.com/company/crystal-springs-resort,Hospitality,1001-5000,522,Hamburg,New Jersey,United States,aiark+blitz
CSM Bakery Supplies Europe is now CSM Bakery Solutions,csmbakerysolutions.com,http://www.csmbakerysolutions.com,https://www.linkedin.com/company/csm-bakery-supplies-europe-division,food and beverage manufacturing,,1629,,,United States,aiark
CTFO- Changing The Future Outcome,myctfocbd.com,http://kaylalee97.myctfocbd.com,https://www.linkedin.com/company/ctfo-changing-the-future-outcome,wellness and fitness services,,730,Vacaville,California,United States,aiark
CTI Foods,ctifoods.com,https://www.ctifoods.com,https://www.linkedin.com/company/cti-foods,food and beverage manufacturing,,722,Southlake,Texas,United States,aiark
Cub,cub.com,https://www.cub.com,https://www.linkedin.com/company/cubfoods,Retail,5001-10000,3084,Stillwater,,United States,aiark+blitz
CUISINE,tastecateringva.com,http://www.cuisineandcompany.com,https://www.linkedin.com/company/cuisine-company,food and beverage services,,563,Virginia Beach,Virginia,United States,aiark
Cuisine Solutions,cuisinesolutions.com,http://www.cuisinesolutions.com,https://www.linkedin.com/company/cuisine-solutions,food and beverage manufacturing,,835,Sterling,Virginia,United States,aiark
CULINAIRE,culinaireintl.com,https://www.culinaireintl.com,https://www.linkedin.com/company/culinaire,Food and Beverage Services,1001-5000,353,Dallas,Texas,United States,blitz
CulinArt Group,culinartgroup.com,http://www.culinartgroup.com,https://www.linkedin.com/company/culinart-managed-dining-services,food and beverage services,,529,Rye Brook,New York,United States,aiark
Culinary Dropout,culinarydropout.com,https://www.culinarydropout.com,https://www.linkedin.com/company/culinarydropout,Restaurants,5001-10000,587,Scottsdale,Arizona,United States,aiark+blitz
Culinary Khancepts,culinarykhancepts.com,https://culinarykhancepts.com,https://www.linkedin.com/company/culinary-khancepts,Restaurants,1001-5000,45,Sugar Land,Texas,United States,blitz
Culinary Services Group,culinaryservicesgroup.com,https://www.culinaryservicesgroup.com,https://www.linkedin.com/company/culinary-services-group,Food and Beverage Services,501-1000,268,Westminster,Maryland,United States,blitz
Culver's Restaurants,culvers.com,https://www.culvers.com,https://www.linkedin.com/company/culversrestaurants,Restaurants,501-1000,17054,Prairie Du Sac,Wisconsin,United States,aiark+blitz
Cumberland Farms,cumberlandfarms.com,https://www.cumberlandfarms.com,https://www.linkedin.com/company/cumberland-farms,Retail,5001-10000,4078,Westborough,Massachusetts,United States,aiark+blitz
Cura Hospitality,curahospitality.com,https://curahospitality.com,https://www.linkedin.com/company/cura-hospitality-inc.,Food and Beverage Services,1001-5000,430,Canonsburg,Pennsylvania,United States,blitz
Curacao,icuracao.com,http://www.curacao.com,https://www.linkedin.com/company/curacao,retail,,1216,Los Angeles,California,United States,aiark
Custom Ink,customink.com,http://www.customink.com,https://www.linkedin.com/company/custom-ink,retail,,1304,Fairfax,Virginia,United States,aiark
Cvent,cvent.com,https://bit.ly/3vyiQnI,https://www.linkedin.com/company/cvent,software development,,6620,Tysons Corner,Virginia,United States,aiark
CVS Pharmacy,cvs.com,https://cvs.co/linkedinprofiles,https://www.linkedin.com/company/cvs-pharmacy,retail,,55321,Woonsocket,Rhode Island,United States,aiark
Cycle Gear Inc.,cyclegear.com,https://www.cyclegear.com,https://www.linkedin.com/company/cycle-gear,Retail,1001-5000,655,Benicia,California,United States,aiark+blitz
"Cynosure, LLC.",cynosure.com,http://www.cynosurelutronic.com,https://www.linkedin.com/company/cynosure-inc-,medical equipment manufacturing,,813,Westford,Massachusetts,United States,aiark
Cytec Solvay Group,cytec.com,http://www.syensqo.com,https://www.linkedin.com/company/cytec,chemical manufacturing,,1416,,,United States,aiark
D&B Supply,dbsupply.com,https://www.dbsupply.com,https://www.linkedin.com/company/dbsupply,Retail,501-1000,333,Caldwell,Idaho,United States,blitz
D&W Fine Pack,dwfinepack.com,http://www.dwfinepack.com,https://www.linkedin.com/company/d&w-fine-pack,packaging and containers manufacturing,,700,,,United States,aiark
Da Kitchen Cafe,da-kitchen.com,http://www.Da-Kitchen.com,https://www.linkedin.com/company/da-kitchen-cafe,restaurants,,815,Kahului,Hawaii,United States,aiark
"Daily Management, Inc",dailymanagementresorts.com,https://www.dailymanagementresorts.com,https://www.linkedin.com/company/daily-management-inc,Hospitality,501-1000,48,Fort Lauderdale,Florida,United States,blitz
Dairi-O,dairio.com,https://www.dairio.com,https://www.linkedin.com/company/dairiorestaurants,Restaurants,501-1000,96,Winston-salem,North Carolina,United States,blitz
Dairy Farmers of America,dfamilk.com,http://www.dfamilk.com/careers,https://www.linkedin.com/company/dairy-farmers-of-america,food and beverage manufacturing,,8262,Kansas City,Kansas,United States,aiark
Dairy Queen,dairyqueen.com,http://www.dairyqueen.com,https://www.linkedin.com/company/dairy-queen,food and beverage services,,35303,Bloomington,Minnesota,United States,aiark
Daiso USA,daisous.com,http://www.daisous.com,https://www.linkedin.com/company/daisousa,retail,,1100,Anaheim,California,United States,aiark
Dakota Provisions,dakotaprovisions.com,https://www.dakotaprovisions.com,https://www.linkedin.com/company/dakota-provision,Food and Beverage Services,1001-5000,180,,South Dakota,United States,blitz
Dakota Watch Company,dakotawatch.com,https://www.dakotawatch.com,https://www.linkedin.com/company/dakota-watch-company,Retail,1001-5000,143,Cincinnati,Ohio,United States,blitz
DARCARS Automotive Group,darcars.com,http://DARCARS.com,https://www.linkedin.com/company/darcars,consumer services,,931,Bethesda,Maryland,United States,aiark
Darden,darden.com,http://www.darden.com,https://www.linkedin.com/company/darden,restaurants,,81532,Orlando,Florida,United States,aiark
Darigold,darigold.com,https://www.darigold.com,https://www.linkedin.com/company/darigold,food and beverage services,,1097,Seattle,Washington,United States,aiark
Dart Container,dartcontainer.com,http://www.dartcontainer.com,https://www.linkedin.com/company/dart-container,packaging and containers manufacturing,,5493,Mason,Michigan,United States,aiark
Davanni\'s Pizza & Hot Hoagies,davannis.com,https://www.davannis.com,https://www.linkedin.com/company/davanni's-pizza-&-hoagies,Restaurants,501-1000,313,St Louis Park,Minnesota,United States,blitz
"Davco Restaurants, Llc",wendavco.com,https://wendavco.com,https://www.linkedin.com/company/davco-restaurants-llc,Restaurants,501-1000,2,Crofton,Maryland,United States,blitz
"Dave And Buster\'s, Kansas City",daveandbusters.com,https://www.daveandbusters.com/locations/kansas-city,https://www.linkedin.com/company/dave-and-buster-s-kansas-city,Restaurants,10001+,116,Kansas City,Kansas,United States,aiark+blitz
Dave's Hot Chicken,daveshotchicken.com,http://www.daveshotchicken.com/franchising,https://www.linkedin.com/company/daveshotchicken,restaurants,,2334,Pasadena,California,United States,aiark
Dave\'s Fresh Marketplace,davesmarketplace.com,https://www.davesmarketplace.com/pages/cfhome.cfm,https://www.linkedin.com/company/daves-market-place,Retail,1001-5000,439,East Greenwich,Rhode Island,United States,blitz
Dave\'s Supermarkets,davesmarkets.com,https://www.davesmarkets.com,https://www.linkedin.com/company/dave's-supermarkets,Food and Beverage Services,1001-5000,473,Bedford,Ohio,United States,blitz
"David Stanley Chevrolet, Inc",davidstanleychevrolet.com,https://davidstanleychevrolet.com,https://www.linkedin.com/company/david-stanley-chevrolet-inc.,Retail,501-1000,79,Oklahoma City,Oklahoma,United States,blitz
David Yurman,davidyurman.com,http://www.davidyurman.com,https://www.linkedin.com/company/david-yurman,retail luxury goods and jewelry,,1921,New York,Ny,United States,aiark
David's Bridal,davidsbridal.com,https://www.davidsbridal.com,https://www.linkedin.com/company/david's-bridal,Retail,5001-10000,5740,Conshohocken,Pennsylvania,United States,aiark+blitz
Davidson Hospitality Group,davidsonhospitality.com,http://www.davidsonhospitality.com,https://www.linkedin.com/company/davidsonhospitality,hospitality,,6989,Atlanta,Georgia,United States,aiark
Davidson Specialty Foods,davidsonspecfoods.com,https://www.davidsonspecfoods.com,https://www.linkedin.com/company/davidson-specialty-foods,Food and Beverage Services,501-1000,82,Wethersfield,Connecticut,United States,blitz
Dawn Foods Global,dawnfoods.com,https://www.dawnfoods.com,https://www.linkedin.com/company/dawn-food-products,food and beverage manufacturing,,3295,Jackson,Michigan,United States,aiark
Day Automotive Group Inc,dayauto.com,https://dayauto.com,https://www.linkedin.com/company/day-automotive-group-inc.,Retail,501-1000,18,Monroeville,Pennsylvania,United States,blitz
Days Inn,dcdaysinn.com,http://www.dcdaysinn.com,https://www.linkedin.com/company/days-inn-washington-dc---connecticut-ave-,hospitality,,821,Washington,District Of Columbia,United States,aiark
DC Shoes,dcshoes.com,http://www.dcshoes.com,https://www.linkedin.com/company/dc-shoes,retail apparel and fashion,,907,Huntington Beach,California,United States,aiark
DDS DISCOUNTS,ddsdiscounts.com,http://www.ddsdiscounts.com,https://www.linkedin.com/company/dds-discounts,retail,,2705,Pomona,California,United States,aiark
DEAN & DELUCA,deandeluca.com,https://www.deandeluca.com,https://www.linkedin.com/company/dean-&-deluca,Retail,501-1000,455,Wichita,Kansas,United States,blitz
Deckers Brands,deckers.com,http://www.deckers.com,https://www.linkedin.com/company/deckers-brands,retail apparel and fashion,,6463,Goleta,California,United States,aiark
DECO,shopdeclaration.com,http://www.shopdeclaration.com,https://www.linkedin.com/company/deco,food and beverage services,,594,,,United States,aiark
Decor Cabinets Ltd,decorcabinets.com,https://decorcabinets.com,https://www.linkedin.com/company/decorcabinets,Retail,501-1000,177,Morden,Manitoba,Canada,blitz
Deerhurst Resort,deerhurstresort.com,https://www.deerhurstresort.com,https://www.linkedin.com/company/deerhurst-resort,Hospitality,501-1000,269,Huntsville,Ontario,Canada,blitz
Deez Nutz,eatdeez.com,http://eatdeez.com,https://www.linkedin.com/company/deez-nutz,food and beverage services,,513,Sisters,Oregon,United States,aiark
Defense Commissary Agency,commissaries.com,http://www.commissaries.com,https://www.linkedin.com/company/defense-commissary-agency,retail,,3015,Fort Gregg-adams,Virginia,United States,aiark
Del Arte,delarte.fr,http://recrutement.delarte.fr,https://www.linkedin.com/company/ristorante-del-arte,restaurants,,1795,Rennes,Bretagne,France,aiark
Del Frisco's Restaurant Group,dfrg.com,https://www.dfrg.com,https://www.linkedin.com/company/delfriscos,Restaurants,1001-5000,647,Houston,Texas,United States,aiark+blitz
Del Monte Foods,delmontefoods.com,https://freshdelmonte.com,https://www.linkedin.com/company/del-monte-foods,food and beverage services,,2131,Walnut Creek,California,United States,aiark
Del Sol,delsol.com,http://www.delsol.com,https://www.linkedin.com/company/del-sol,retail,,972,Sandy,Utah,United States,aiark
Del Taco,deltaco.com,https://www.deltaco.com,https://www.linkedin.com/company/del-taco,Restaurants,5001-10000,5135,Lake Forest,California,United States,aiark+blitz
Delaware North,delawarenorth.com,https://www.DelawareNorth.com,https://www.linkedin.com/company/delaware-north,hospitality,,13339,Buffalo,New York,United States,aiark
Delhaize America,delhaize.com,https://ws4.delhaize.com/HRWEB/ATS/ATS/JobBoard/Custom/Ats_Gateway.aspx,https://www.linkedin.com/company/delhaize-america,retail groceries,,989,Salisbury,North Carolina,United States,aiark
"Deli Management, Inc",jasonsdeli.com,https://jasonsdeli.com,https://www.linkedin.com/company/deli-management-inc.,Restaurants,1001-5000,9,Addison,Texas,United States,aiark+blitz
Delia S,deliasinc.com,https://www.deliasinc.com,https://www.linkedin.com/company/delias,Retail,1001-5000,,New York,New York,United States,blitz
Delight Restaurant Group,delightrg.com,https://www.delightrg.com,https://www.linkedin.com/company/delightrg,Restaurants,5001-10000,209,Norfolk,Virginia,United States,blitz
DelMonte Hotel Group,delmontehotels.com,https://www.delmontehotels.com,https://www.linkedin.com/company/delmontehotelgroup,Hospitality,501-1000,246,Rochester,New York,United States,blitz
"Delta Earthmoving, Inc.",deltaearthmoving.com,http://www.deltaearthmoving.com,https://www.linkedin.com/company/delta-earthmoving-inc-,retail,,731,Quezon City,Metro Manila,United States,aiark
Delta Faucet Company,deltafaucetcompany.com,http://www.deltafaucetcompany.com,https://www.linkedin.com/company/delta-faucet-company,manufacturing,,1904,Indianapolis,Indiana,United States,aiark
Delta Hotels and Resorts®,deltahotels.com,https://www.deltahotels.com,https://www.linkedin.com/company/delta-hotels,Hospitality,5001-10000,692,Toronto,Ontario,Canada,blitz
"Demoulas Super Markets, Inc.",shopmarketbasket.com,https://www.shopmarketbasket.com,https://www.linkedin.com/company/marketbasket,retail,,1108,Tewksbury,Massachusetts,United States,aiark
Denihan Hospitality Group,denihan.com,https://www.denihan.com,https://www.linkedin.com/company/denihan-hospitality-group,Hospitality,1001-5000,113,New York,New York,United States,blitz
Dennis Group,dennisgroup.com,https://www.dennisgroup.com,https://www.linkedin.com/company/dennis-group,Food and Beverage Services,501-1000,691,Springfield,Massachusetts,United States,aiark+blitz
Denny's,dennys.com,https://www.dennys.com,https://www.linkedin.com/company/denny's,Restaurants,10001+,27019,Spartanburg,South Carolina,United States,aiark+blitz
Deseret Book Company,deseretbook.com,https://deseretbook.com,https://www.linkedin.com/company/deseret-book,Retail,501-1000,574,Salt Lake City,Utah,United States,aiark+blitz
Deseret Industries,jobsly.net,https://www.jobsly.net,https://www.linkedin.com/company/deseret-industries,retail,,2023,,,United States,aiark
Desert Mountain Club,desertmountain.com,https://www.desertmountain.com,https://www.linkedin.com/company/desert-mountain-club,Hospitality,501-1000,335,Scottsdale,Arizona,United States,blitz
Design Within Reach,dwr.com,http://www.dwr.com,https://www.linkedin.com/company/design-within-reach,furniture and home furnishings manufacturing,,892,Stamford,Connecticut,United States,aiark
Designer Brands,designerbrands.com,https://designerbrands.com,https://www.linkedin.com/company/designer-brands-inc,Retail,10001+,1722,Columbus,Ohio,United States,aiark+blitz
Designs for Health,designsforhealth.com,http://www.designsforhealth.com,https://www.linkedin.com/company/designs-for-health,wellness and fitness services,,513,Palm Coast,Florida,United States,aiark
Despensa Familiar Convenience,,,https://www.linkedin.com/company/despensa-familiar-convenience,retail groceries,,926,Waltham,Massachusetts,United States,aiark
Dessert Holdings,dessertholdings.com,https://dessertholdings.com,https://www.linkedin.com/company/dessert-holdings,manufacturing,,584,St Paul,Minnesota,United States,aiark
Destination Maternity Corp (Motherhood Maternity® and A Pea in the Pod®),motherhood.com,http://www.motherhood.com,https://www.linkedin.com/company/destination-maternity-corporation,retail,,754,Moorestown,New Jersey,United States,aiark
Devlyn Optical Llc,devlynoptical.com,https://devlynoptical.com,https://www.linkedin.com/company/devlyn-optical-llc,Retail,1001-5000,6,Austin,Texas,United States,blitz
Devsinc,devsinc.com,http://www.devsinc.com,https://www.linkedin.com/company/developers-inc,it services and it consulting,,2079,San Francisco,California,United States,aiark
Dewey's Pizza,deweyspizza.com,http://www.deweyspizza.com,https://www.linkedin.com/company/dewey's-pizza,restaurants,,566,Cincinnati,Ohio,United States,aiark
DEX Imaging,deximaging.com,http://www.deximaging.com,https://www.linkedin.com/company/dex-imaging,retail office equipment,,1156,Tampa,Florida,United States,aiark
Dfass Group,dfassgroup.com,https://www.dfassgroup.com,https://www.linkedin.com/company/dfass-group,Retail,501-1000,128,Miami,Florida,United States,blitz
Dialog Direct,dialog-direct.com,http://www.dialog-direct.com,https://www.linkedin.com/company/dialog-direct,outsourcing and offshoring consulting,,1155,Highland Park,Michigan,United States,aiark
"Diamond Foods, LLC",diamondnuts.com,https://www.diamondnuts.com,https://www.linkedin.com/company/diamond-foods-inc.,Food and Beverage Services,501-1000,367,Stockton,California,United States,blitz
Diamond Resorts,dia.md,https://dia.md/kuyp50epfgq,https://www.linkedin.com/company/diamondresorts,Hospitality,5001-10000,2050,Las Vegas,Nevada,United States,aiark+blitz
Diamond Resorts Resort Operations,diamondresorts.com,https://www.diamondresorts.com,https://www.linkedin.com/company/driresortoperations,Hospitality,5001-10000,78,Las Vegas,Nevada,United States,blitz
Diamonds Direct,diamondsdirect.com,https://diamondsdirect.com/index.html,https://www.linkedin.com/company/diamonds-direct,retail luxury goods and jewelry,,619,Charlotte,North Carolina,United States,aiark
Diamonds International,diamondsinternational.com,http://www.diamondsInternational.com,https://www.linkedin.com/company/diamonds-international,retail luxury goods and jewelry,,1280,New York,New York,United States,aiark
DICK'S Sporting Goods,dickssportinggoods.jobs,https://www.dickssportinggoods.jobs,https://www.linkedin.com/company/dick's-sporting-goods,Retail,10001+,36116,Coraopolis,Pennsylvania,United States,aiark+blitz
Dick\'s Last Resort,dickslastresort.com,https://www.dickslastresort.com,https://www.linkedin.com/company/dick's-last-resort,Restaurants,1001-5000,323,Las Vegas,Nevada,United States,blitz
"Dickey's Barbecue Restaurants, Inc.",dickeys.com,https://www.dickeys.com,https://www.linkedin.com/company/dickey's-barbecue-pit,Restaurants,1001-5000,1583,Dallas,Texas,United States,aiark+blitz
Dickie Brennan & Company,frenchquarter-dining.com,https://www.frenchquarter-dining.com,https://www.linkedin.com/company/dickie-brennan-and-company,Restaurants,501-1000,157,New Orleans,Louisiana,United States,blitz
Dickies®,dickies.com,http://www.dickies.com,https://www.linkedin.com/company/dickies,retail apparel and fashion,,1242,Costa Mesa,California,United States,aiark
Diedrich Coffee,greenmountaincoffee.com,https://www.greenmountaincoffee.com,https://www.linkedin.com/company/diedrich-coffee,Food and Beverage Services,1001-5000,29,Waterbury,Vermont,United States,blitz
Dierbergs Markets,dierbergs.com,https://www.dierbergs.com,https://www.linkedin.com/company/dierbergs-markets,Retail,1001-5000,1387,Chesterfield,Missouri,United States,aiark+blitz
Dietz and Watson,dietzandwatson.com,http://www.dietzandwatson.com,https://www.linkedin.com/company/dietzandwatson,food and beverage manufacturing,,706,Philadelphia,Pennsylvania,United States,aiark
Dig Inn,diginn.com,https://www.diginn.com,https://www.linkedin.com/company/dig-inn,Restaurants,501-1000,332,New York,,United States,blitz
Digital River,digitalriver.com,https://digitalriver.com,https://www.linkedin.com/company/digital-river,software development,,511,Minnetonka,Minnesota,United States,aiark
Dilawri Group of Companies,dilawri.ca,http://www.dilawri.ca,https://www.linkedin.com/company/dilawri-automotive-group,motor vehicle manufacturing,,2110,Toronto,Ontario,Canada,aiark
Dillard's,dillards.com,https://www.dillards.com,https://www.linkedin.com/company/dillards,Retail,10001+,20940,Little Rock,Arkansas,United States,aiark+blitz
DILLONS,dillons.com,https://www.dillons.com,https://www.linkedin.com/company/dillons,,,942,Wichita,Kansas,United States,aiark
Din Tai Fung North America,dintaifungusa.com,http://Http://dtf.com,https://www.linkedin.com/company/din-tai-fung-north-america,restaurants,,1844,Arcadia,California,United States,aiark
Dine Brands Global,dinebrands.com,https://www.dinebrands.com/en,https://www.linkedin.com/company/dinebrandsglobal,Restaurants,501-1000,871,Pasadena,California,United States,aiark+blitz
DineAmic Hospitality,dineamic.com,https://www.dineamic.com,https://www.linkedin.com/company/dineamic-hospitality,Hospitality,1001-5000,216,Chicago,Illinois,United States,blitz
Dinosaur Bar-B-Que,dinosaurbarbque.com,https://www.dinosaurbarbque.com,https://www.linkedin.com/company/dinosaur-restaurants-llc,Restaurants,1001-5000,261,Syracuse,New York,United States,blitz
Dion's,dions.com,http://www.dions.com,https://www.linkedin.com/company/dion's,food and beverage services,,623,Albuquerque,New Mexico,United States,aiark
dipndip,dipndip.com,http://www.dipndip.com,https://www.linkedin.com/company/dipndip,food and beverage services,,590,Oakville,Ontario,Canada,aiark
Direct Energy,directenergy.com,https://www.directenergy.com,https://www.linkedin.com/company/direct-energy,utilities,,2095,Houston,Texas,United States,aiark
Dirt Cheap LLC,ilovedirtcheap.com,http://www.ilovedirtcheap.com,https://www.linkedin.com/company/dirt-cheap-llc,retail,,923,Indianapolis,Indiana,United States,aiark
Discount Drug Mart,discount-drugmart.com,https://www.discount-drugmart.com,https://www.linkedin.com/company/discount-drug-mart,Retail,1001-5000,1585,Medina,Ohio,United States,aiark+blitz
Discount School Supply,discountschoolsupply.com,https://www.discountschoolsupply.com,https://www.linkedin.com/company/discount-school-supply,Retail,1001-5000,36,Monterey,California,United States,blitz
Discount Tire,discounttire.com,http://www.discounttire.com,https://www.linkedin.com/company/discount-tire-company,motor vehicle manufacturing,,11106,Scottsdale,Arizona,United States,aiark
Discountmugs,discountmugs.com,https://www.discountmugs.com,https://www.linkedin.com/company/discountmugs,Retail,501-1000,55,Medley,Florida,United States,blitz
Disney Store,shopdisney.com,http://shopDisney.com,https://www.linkedin.com/company/the-disney-store,retail,,1391,Orlando,Florida,United States,aiark
District Photo Inc.,districtphoto.com,http://www.districtphoto.com,https://www.linkedin.com/company/district-photo,printing services,,501,Beltsville,Maryland,United States,aiark
DLS EVENTS LLC,dlseventsllc.com,http://dlseventsllc.com,https://www.linkedin.com/company/dls-events-llc,events services,,575,Los Angeles,California,United States,aiark
Dmd Restaurants - Twin Peaks Franchisee,twinpeaksfloridajobs.com,https://www.twinpeaksfloridajobs.com,https://www.linkedin.com/company/dmd-restaurant-group-twin-peaks-franchisee,Restaurants,501-1000,11,Davie,Florida,United States,blitz
DOBBS TIRE & AUTO CENTERS,gotodobbs.com,https://www.gotodobbs.com,https://www.linkedin.com/company/dobbs-tire-&-auto-centers-inc,Retail,1001-5000,333,High Ridge,Missouri,United States,blitz
Dockers,dockers.com,https://www.dockers.com,https://www.linkedin.com/company/dockers,retail apparel and fashion,,597,San Francisco,California,United States,aiark
Doherty Enterprises,dohertyinc.com,https://www.dohertyinc.com,https://www.linkedin.com/company/doherty-enterprises,Restaurants,5001-10000,507,Allendale,New Jersey,United States,aiark+blitz
Dolce Hotels & Resorts,dolce.com,https://www.dolce.com,https://www.linkedin.com/company/dolce-hotels-&-resorts,Hospitality,1001-5000,481,Parsippany,New Jersey,United States,blitz
Dolce Vita,dolcevita.com,http://www.dolcevita.com,https://www.linkedin.com/company/dolce-vita-footwear,retail apparel and fashion,,710,New York,Ny,United States,aiark
Dole Food Company,dole.com,https://www.dole.com,https://www.linkedin.com/company/dole-food-company,Food and Beverage Services,10001+,,Charlotte,North Carolina,United States,aiark+blitz
Dollar General,dollargeneral.com,https://www.dollargeneral.com/careers,https://www.linkedin.com/company/dollar-general,Retail,10001+,106691,Goodlettsville,Tennessee,United States,aiark+blitz
Dollar Tree Stores,dollartree.com,https://careers.dollartree.com,https://www.linkedin.com/company/dollar-tree-stores,Retail,10001+,62556,Chesapeake,Virginia,United States,aiark+blitz
Dollarama,dollarama.com,https://www.dollarama.com,https://www.linkedin.com/company/dollarama,Retail,10001+,12265,Mont-Royal,Québec,Canada,aiark+blitz
Domino's,dominos.com,https://biz.dominos.com,https://www.linkedin.com/company/domino's-pizza,Restaurants,10001+,95600,Ann Arbor,Michigan,United States,aiark+blitz
Dominoes Pizza,,,https://www.linkedin.com/company/noes-pizza,food and beverage manufacturing,,1760,Ventura,California,United States,aiark
Don Jose Mexican Food,donjosemexicanfood.com,https://donjosemexicanfood.com,https://www.linkedin.com/company/don-jose-mexican-food,Restaurants,10001+,30,Phoenix,Arizona,United States,blitz
Don Pollo,donpollogroup.com,http://donpollogroup.com,https://www.linkedin.com/company/don-pollo,restaurants,,573,Fullerton,California,United States,aiark
Don Roberto Jewelers,donrobertojewelers.com,https://www.donrobertojewelers.com,https://www.linkedin.com/company/don-roberto-jewelers,Retail,501-1000,289,San Clemente,California,United States,blitz
Don\'s Seafood,donsseafoodonline.com,https://www.donsseafoodonline.com,https://www.linkedin.com/company/dons-seafood,Restaurants,501-1000,168,Lafayette,Louisiana,United States,blitz
Donatos Pizza,donatos.com,http://www.donatos.com,https://www.linkedin.com/company/donatospizza,restaurants,,1673,Columbus,Ohio,United States,aiark
Dot Foods,dotfoods.com,http://www.dotfoods.com,https://www.linkedin.com/company/dotfoods,truck transportation,,2404,Mt. Sterling,Illinois,United States,aiark
doTERRA Wellness Advocate,doterra.com,https://www.doterra.com/US/en/about-our-advocates,https://www.linkedin.com/company/doterrawellnessadvocates,wellness and fitness services,,5475,Pleasant Grove,Utah,United States,aiark
Dots,,,https://www.linkedin.com/company/dots-1,retail,,570,Solon,Ohio,United States,aiark
DoubleTree by Hilton,doubletree.com,http://www.doubletree.com,https://www.linkedin.com/company/doubletree-hilton,hospitality,,15823,Mclean,Virginia,United States,aiark
Doubletree By Hilton At The Entrance To Universal Orlando,doubletreeorlando.com,https://www.doubletreeorlando.com,https://www.linkedin.com/company/doubletreeuniversalorlando,Hospitality,10001+,41,Orlando,Florida,United States,blitz
Dover Food Retail,dovercorporation.com,https://www.dovercorporation.com/our-markets/refrigeration-and-food-equipment,https://www.linkedin.com/company/dover-food-retail,Retail,1001-5000,296,Conyers,Georgia,United States,blitz
Dover Saddlery,doversaddlery.com,https://www.doversaddlery.com,https://www.linkedin.com/company/dover-saddlery,Retail,501-1000,425,Littleton,Massachusetts,United States,blitz
"Downtown L.A. Motors, Lp",dtlamotors.com,https://dtlamotors.com,https://www.linkedin.com/company/downtown-l.a.-motors-lp,Retail,1001-5000,,Los Angeles,California,United States,blitz
Doyon Universal Services,doyonuniversal.com,https://doyonuniversal.com,https://www.linkedin.com/company/doyon-universal-services,Restaurants,1001-5000,27,Anchorage,Alaska,United States,blitz
Dp Hotel Group,southpointcasino.com,https://southpointcasino.com,https://www.linkedin.com/company/south-point-hotel-casino-and-spa,Hospitality,501-1000,4,Dania,Florida,United States,blitz
Dr Pepper Snapple Group,drpeppersnapplegroup.com,https://www.drpeppersnapplegroup.com,https://www.linkedin.com/company/dr-pepper-snapple-group,Food and Beverage Services,10001+,3227,Plano,Texas,United States,blitz
Draeger\'s Markets,draegers.com,https://www.draegers.com,https://www.linkedin.com/company/draeger's-markets,Food and Beverage Services,1001-5000,112,South San Francisco,California,United States,blitz
Drake's,drakescomeplay.com,https://drakescomeplay.com,https://www.linkedin.com/company/drakescomeplay,restaurants,,591,Lexington,Kentucky,United States,aiark
Dream Hotel Group,dreamhotelgroup.com,https://www.dreamhotelgroup.com,https://www.linkedin.com/company/dream-hotel-group,Hospitality,1001-5000,272,New York,New York,United States,blitz
Dressbarn,dressbarn.com,https://www.dressbarn.com,https://www.linkedin.com/company/dressbarn,retail,,1806,Houston,Texas,United States,aiark
Dreyer's Grand Ice Cream,dreyersgrandicecream.com,https://www.dreyersgrandicecream.com,https://www.linkedin.com/company/dreyer's-grand-ice-cream,manufacturing,,1223,Walnut Creek,California,United States,aiark
Driftwood Hospitality Management,driftwoodhospitality.com,https://www.driftwoodhospitality.com,https://www.linkedin.com/company/driftwood-hospitality-management,Hospitality,1001-5000,591,North Palm Beach,Florida,United States,aiark+blitz
Driscoll Foods,driscollfoods.com,https://www.driscollfoods.com,https://www.linkedin.com/company/driscoll-foods,Food and Beverage Services,501-1000,513,Wayne,New Jersey,United States,blitz
Driscoll's,driscolls.com,https://www.driscolls.com,https://www.linkedin.com/company/driscoll's,Food and Beverage Services,1001-5000,4202,Watsonville,California,United States,aiark+blitz
Driveline Retail Merchandising,drivelineretail.com,http://www.drivelineretail.com,https://www.linkedin.com/company/driveline-retail-services,manufacturing,,5295,Coppell,Texas,United States,aiark
Driven Brands Inc.,drivenbrands.com,https://www.drivenbrands.com,https://www.linkedin.com/company/driven-brands-inc-,Retail,5001-10000,1217,Charlotte,North Carolina,United States,aiark+blitz
DriveTime,drivetime.com,http://www.drivetime.com,https://www.linkedin.com/company/drivetime,retail,,3501,Tempe,Arizona,United States,aiark
Drm Arby\'s,drmarbys.com,https://www.drmarbys.com,https://www.linkedin.com/company/drm-inc-d-b-a-arby's,Restaurants,1001-5000,241,Omaha,Nebraska,United States,blitz
Drogueria,,,https://www.linkedin.com/company/drogueria,retail,,569,Laval,Quebec,Canada,aiark
Drs. Foster & Smith,drsfostersmith.com,https://www.drsfostersmith.com,https://www.linkedin.com/company/drs.-foster-&-smith,Retail,501-1000,79,Rhinelander,,United States,blitz
Drugstore.Com,drugstore.com,https://www.drugstore.com,https://www.linkedin.com/company/drugstore.com,Retail,501-1000,,Bellevue,Washington,United States,blitz
Drury Hotels,druryhotels.com,https://jobs.druryhotels.com,https://www.linkedin.com/company/drury-hotels,hospitality,,2631,St Louis,Missouri,United States,aiark
Dry Goods USA,drygoodsusa.com,https://www.drygoodsusa.com,https://www.linkedin.com/company/dry-goods-usa,Retail,501-1000,439,Davenport,Iowa,United States,blitz
Drybar,thedrybar.com,https://www.thedrybar.com,https://www.linkedin.com/company/the-drybar,Retail,1001-5000,2357,Irvine,California,United States,blitz
Drybar,drybar.com,http://www.thedrybar.com,https://www.linkedin.com/company/the-drybar,retail,,2281,Irvine,California,United States,aiark
"DTLR, Inc.",dtlr.com,http://www.DTLR.com,https://www.linkedin.com/company/dtlr,retail apparel and fashion,,2050,Hanover,Maryland,United States,aiark
Duane Reade,duanereade.com,http://www.duanereade.com,https://www.linkedin.com/showcase/duane-reade,retail,,1464,New York,New York,United States,aiark
Duck Donuts,duckdonuts.com,http://duckdonuts.com,https://www.linkedin.com/company/duck-donuts,food and beverage services,,657,Mechanicsburg,Pennsylvania,United States,aiark
Duffy's Sports Grill,duffysmvp.com,http://www.duffysmvp.com,https://www.linkedin.com/company/duffys-sports-grill,restaurants,,885,Lake Worth,Florida,United States,aiark
Duluth Holdings Inc,duluthtrading.com,https://duluthtrading.com,https://www.linkedin.com/company/duluth-holdings-inc,Retail,501-1000,,Mount Horeb,Wisconsin,United States,aiark+blitz
Dunder Mifflin Scranton,dundermifflinpaper.com,https://dundermifflinpaper.com,https://www.linkedin.com/company/dunder-mifflin-scranton,paper and forest product manufacturing,,1591,Scranton,Pennsylvania,United States,aiark
Dunham's Sports,dunhamssports.com,http://www.dunhamssports.com,https://www.linkedin.com/company/dunham's-sports,retail,,2589,Troy,Michigan,United States,aiark
Dunkin'​,dunkindonuts.com,https://www.dunkindonuts.com,https://www.linkedin.com/company/dunkin'​,food and beverage services,,37864,Canton,Massachusetts,United States,aiark
Dusit Thani Guam Resort,dusit.com,https://www.dusit.com/dusitthani/guamresort,https://www.linkedin.com/company/dusit-thani-guam-resort,Hospitality,501-1000,197,Tumon,,United States,blitz
Dutch Bros Coffee,dutchbros.com,https://careers.dutchbros.com/us/en,https://www.linkedin.com/company/dutchbroscoffee,Food and Beverage Services,10001+,10280,Tempe,Arizona,United States,aiark+blitz
Dutch-Way Farm Market,dutchwayfarmmarket.com,https://www.dutchwayfarmmarket.com,https://www.linkedin.com/company/dutch-way-farm-market,Retail,501-1000,58,Gap,Pennsylvania,United States,blitz
"Dutchman Hospitality Group, Inc",dhgroup.com,https://dhgroup.com,https://www.linkedin.com/company/dutchman-hospitality,Hospitality,1001-5000,101,Walnut Creek,Ohio,United States,blitz
Duty Free Americas,dutyfreeamericas.com,https://www.dutyfreeamericas.com,https://www.linkedin.com/company/dutyfreeamericas,Retail,1001-5000,1222,Hollywood,Florida,United States,aiark+blitz
Dwarf House ChickfilA Classics,,,https://www.linkedin.com/company/dwarf-house-chickfila-classics,restaurants,,605,Rome,Georgia,United States,aiark
DXL Group,dxl.com,https://www.dxl.com,https://www.linkedin.com/company/dxl-group,Retail,1001-5000,1471,Canton,Massachusetts,United States,aiark+blitz
DYNE Hospitality Group,dynehg.com,https://dynehg.com,https://www.linkedin.com/company/dyne-hospitality-group,Restaurants,1001-5000,100,Little Rock,Arkansas,United States,blitz
Earl Enterprises,earlenterprise.com,https://www.earlenterprise.com,https://www.linkedin.com/company/earl-enterprises,Restaurants,5001-10000,252,Orlando,Florida,United States,blitz
Earls Kitchen + Bar,earls.ca,https://www.earls.ca,https://www.linkedin.com/company/earls-restaurants,Restaurants,5001-10000,4707,Vancouver,British Columbia,Canada,aiark+blitz
Earth Fare,earthfare.com,https://www.earthfare.com/jobs,https://www.linkedin.com/company/earth-fare---the-healthy-supermarket,Food and Beverage Services,1001-5000,798,Asheville,North Carolina,United States,aiark+blitz
Earthbound Trading Company,earthboundtrading.com,http://www.earthboundtrading.com,https://www.linkedin.com/company/earthbound-trading-company,retail,,824,Grapevine,Texas,United States,aiark
East Side Marios Restaurant,eastsidemarios.com,http://www.eastsidemarios.com,https://www.linkedin.com/company/east-side-marios-restaurant,restaurants,,982,Concord,Ontario,Canada,aiark
East Stroudsburg Area School District,eritonmotos.com.br,http://www.esasd.net,https://www.linkedin.com/company/east-stroudsburg-area-school-district,primary and secondary education,,658,East Stroudsburg,,United States,aiark
Eastbay,eastbay.com,https://www.eastbay.com,https://www.linkedin.com/company/eastbay,Retail,10001+,1004,Wausau,Wisconsin,United States,aiark+blitz
Eastern National,easternnational.org,https://www.easternnational.org,https://www.linkedin.com/company/eastern-national,Retail,501-1000,304,Fort Washington,Pennsylvania,United States,blitz
Easton's Group of Hotels,eastonsgroup.com,https://www.eastonsgroup.com,https://www.linkedin.com/company/easton's-group-of-hotels,Hospitality,5001-10000,110,Markham,Ontario,Canada,blitz
Easy Ice,easyice.com,https://www.easyice.com,https://www.linkedin.com/company/easy-ice,Food and Beverage Services,501-1000,248,Marquette,Michigan,United States,blitz
Eat'n Park Hospitality Group,enphospitality.com,http://www.enphgsmiles.com,https://www.linkedin.com/company/enphg,hospitality,,1120,Homestead,Pennsylvania,United States,aiark
Eataly,eataly.com,http://www.eataly.com,https://www.linkedin.com/company/eataly,food and beverage services,,4182,Global,,United States,aiark
eBay,ebayinc.com,https://www.ebayinc.com,https://www.linkedin.com/company/ebay,software development,,20049,San Jose,California,United States,aiark
Eclipse Senior Living,eclipseseniorliving.com,http://www.eclipseseniorliving.com,https://www.linkedin.com/company/eclipseseniorliving,hospitality,,1030,Lake Oswego,Oregon,United States,aiark
Eclipse Stores Inc,eclipsestores.com,https://www.eclipsestores.com,https://www.linkedin.com/company/eclipse-stores-inc-,Retail,501-1000,124,St Johns,,Canada,blitz
Ecolab,ecolab.com,http://www.ecolab.com,https://www.linkedin.com/company/ecolab,chemical manufacturing,,48411,St. Paul,Minnesota,United States,aiark
ECOLE PRIMAIRE,ecoleprimairenyc.com,https://www.ecoleprimairenyc.com,https://www.linkedin.com/company/ecoleprimaire,retail luxury goods and jewelry,,2470,New York,New York,United States,aiark
Econo Lodge Inn & Suites,econolodgemoncton.com,http://www.econolodgemoncton.com,https://www.linkedin.com/company/econo-lodge-inn-&-suites,hospitality,,618,,,Canada,aiark
Econolodge,qualityinnocmd.com,http://econolodgeoceanfrontocmd.com,https://www.linkedin.com/company/econolodge,hospitality,,931,Ocean City,Maryland,United States,aiark
Eddie Bauer,eddiebauer.com,https://www.eddiebauer.com,https://www.linkedin.com/company/eddie-bauer,Retail,1001-5000,2226,Seattle,Washington,United States,aiark+blitz
Eddie Merlot\'s Prime Aged Beef And Seafood,eddiemerlots.com,https://www.eddiemerlots.com,https://www.linkedin.com/company/eddiemerlots,Restaurants,1001-5000,303,Denver,Colorado,United States,blitz
Eddie V's Prime Seafood,eddiev.com,https://www.eddiev.com,https://www.linkedin.com/company/eddie-v-s-prime-seafood,restaurants,,783,Orlando,Florida,United States,aiark
Edgepark,edgepark.com,http://edgepark.com,https://www.linkedin.com/company/edgepark,hospitals and health care,,702,Twinsburg,Ohio,United States,aiark
Edible Arrangements,edible.com,https://www.edible.com,https://www.linkedin.com/company/edible-arrangements,Retail,1001-5000,3466,Atlanta,Georgia,United States,blitz
Edible Arrangements,ediblearrangements.com,http://www.edible.com,https://www.linkedin.com/company/edible-arrangements,retail,,3480,Atlanta,Georgia,United States,aiark
Edikted,edikted.com,http://www.edikted.com,https://www.linkedin.com/company/edikted,retail apparel and fashion,,539,Los Angeles,,United States,aiark
EDITION,editionhotels.com,http://www.editionhotels.com,https://www.linkedin.com/company/edition,hospitality,,1128,New York,New York,United States,aiark
Edmundson Electrical Ltd,edmundson-electrical.co.uk,http://www.edmundson-electrical.co.uk,https://www.linkedin.com/company/edmundson-electrical-ltd,wholesale,,1817,Knutsford,Cheshire,United States,aiark
Edo Japan,edojapan.com,http://www.edojapan.com,https://www.linkedin.com/company/edo-japan,restaurants,,606,Calgary,Alberta,Canada,aiark
Edward Don & Company,don.com,http://www.don.com,https://www.linkedin.com/company/edward-don-and-company,wholesale,,1220,Woodridge,Illinois,United States,aiark
eegee's,eegees.com,https://www.eegees.com,https://www.linkedin.com/company/eegee's,Restaurants,1001-5000,339,Tucson,Arizona,United States,blitz
Effy Jewelry,effyjewelry.com,http://effyjewelry.com,https://www.linkedin.com/company/effy-jewelry,retail luxury goods and jewelry,,1029,New York,New York,United States,aiark
EG America,eg-america.com,https://www.eg-america.com,https://www.linkedin.com/company/eg-america,Retail,10001+,9528,Westborough,Massachusetts,United States,aiark+blitz
Eggs Up Grill,eggsupgrillfranchise.com,https://eggsupgrillfranchise.com,https://www.linkedin.com/company/eggs-up-grill,restaurants,,516,Spartanburg,South Carolina,United States,aiark
"EILEEN FISHER, INC.",eileenfisher.com,https://www.eileenfisher.com,https://www.linkedin.com/company/eileen-fisher,Retail,501-1000,735,Irvington,New York,United States,aiark+blitz
Einstein Bros Bagels,einsteinbros.com,https://www.einsteinbros.com,https://www.linkedin.com/company/einstein-bros-bagels,restaurants,,1944,Denver,Colorado,United States,aiark
Einstein Healthcare Network,einstein.edu,http://www.einstein.edu,https://www.linkedin.com/company/einstein-healthcare-network,hospitals and health care,,3850,Philadelphia,Pennsylvania,United States,aiark
"Einstein Noah Restaurant Group, Inc.",,,https://www.linkedin.com/company/inactivepage2,restaurants,,604,Inactive,Page,United States,aiark
El Cholo Restaurants,elcholo.com,https://www.elcholo.com,https://www.linkedin.com/company/el-cholo-restaurants,Restaurants,501-1000,65,Newport Beach,California,United States,blitz
"El Pollo Loco, Inc.",elpolloloco.com,http://www.elpolloloco.com,https://www.linkedin.com/company/el-pollo-loco,restaurants,,3713,Costa Mesa,California,United States,aiark
El Rancho Supermercado,elranchoinc.com,http://www.elranchoinc.com,https://www.linkedin.com/company/el-rancho-inc,retail,,893,Addison,Texas,United States,aiark
El Rio Grande Latin Market,elriogrande.net,https://www.elriogrande.net,https://www.linkedin.com/company/elriograndelatinmarket,Retail,1001-5000,265,Dallas,Texas,United States,blitz
El Super,elsupermarkets.com,http://www.elsupermarkets.com,https://www.linkedin.com/company/elsuper,retail,,1788,Paramount,California,United States,aiark
El Tianguis,eltianguisrt.com,http://www.eltianguisrt.com,https://www.linkedin.com/company/el-tianguis,retail,,694,Hayward,California,United States,aiark
"Eldorado Resort Casino - Reno, Nv",eldoradoreno.com,https://www.eldoradoreno.com,https://www.linkedin.com/company/eldorado-hotel-casino,Hospitality,1001-5000,323,Reno,Nevada,United States,blitz
ELECTRIC ⚡️,dashhudson.com,https://likeshop.me/electric,https://www.linkedin.com/company/electric-visual,manufacturing,,525,San Clemente,California,United States,aiark
Eli Zabar,elizabar.com,https://www.elizabar.com,https://www.linkedin.com/company/eli-zabar,Food and Beverage Services,501-1000,38,New York,New York,United States,blitz
Elior North America,elior-na.com,https://www.elior-na.com,https://www.linkedin.com/company/elior-north-america,Food and Beverage Services,10001+,2692,Charlotte,North Carolina,United States,aiark+blitz
Elite Parking Hawaii,eliteparking.net,https://www.eliteparking.net,https://www.linkedin.com/company/eliteparkinghawaii,Hospitality,501-1000,141,Honolulu,Hawaii,United States,blitz
Elizabeth Arden,elizabetharden.com,http://www.elizabetharden.com,https://www.linkedin.com/company/elizabeth-arden,personal care product manufacturing,,1889,Miramar,2400 Sw 145 Avenue,United States,aiark
Elliott Electric Supply,elliottelectric.com,https://www.ElliottElectric.com,https://www.linkedin.com/company/elliott-electric-supply,retail office equipment,,1413,Nacogdoches,Texas,United States,aiark
Ellis Island Casino,ellisislandcasino.com,https://www.ellisislandcasino.com,https://www.linkedin.com/company/ellis-island-casino,Hospitality,501-1000,197,Las Vegas,Nevada,United States,blitz
Elte,elte.com,http://www.elte.com,https://www.linkedin.com/company/elte,retail,,881,Toronto,Ontario,Canada,aiark
Embassy Suites,embassysuites.com,https://www.embassysuites.com,https://www.linkedin.com/company/embassy-suites,Hospitality,10001+,6780,Mclean,Virginia,United States,aiark+blitz
Embroidme,embroidme.com,https://www.embroidme.com,https://www.linkedin.com/company/embroidme,Retail,501-1000,369,West Palm Beach,Florida,United States,blitz
Emerald Queen Hotel & Casinos,emeraldqueen.com,http://www.emeraldqueen.com/Careers,https://www.linkedin.com/company/emerald-queen-casino,gambling facilities and casinos,,725,Fife,Washington,United States,aiark
Empire Company Limited,empireco.ca,https://www.empireco.ca,https://www.linkedin.com/company/empire-company-limited,Retail,10001+,71,Stellarton,Nova Scotia,Canada,blitz
Empire Eats,empireeats.com,https://www.empireeats.com,https://www.linkedin.com/company/empire-eats,Restaurants,501-1000,87,Raleigh,North Carolina,United States,blitz
Empire Marketing Strategies,empirefoods.com,http://www.empirefoods.com,https://www.linkedin.com/company/empire-marketing-strategies,food and beverage services,,532,Cincinnati,Ohio,United States,aiark
Empire Merchants,empiremerchants.com,https://www.empiremerchants.com,https://www.linkedin.com/company/empire-merchants,beverage manufacturing,,978,,,United States,aiark
Empire Today,empiretoday.com,https://www.empiretoday.com,https://www.linkedin.com/company/empire-today,Retail,1001-5000,2295,Northlake,Illinois,United States,aiark+blitz
Empire Truck Sales,empiretruck.com,https://www.empiretruck.com,https://www.linkedin.com/company/empire-truck-sales-lc,Retail,501-1000,176,Jackson,Mississippi,United States,blitz
Empty,,,https://www.linkedin.com/company/planet-hollywood,restaurants,,724,,,United States,aiark
Encore Boston Harbor,encorebostonharbor.com,https://encorebostonharbor.com,https://www.linkedin.com/company/encore-boston-harbor,Hospitality,1001-5000,946,Everett,Massachusetts,United States,aiark+blitz
"Enjoy Technology, Inc",enjoy.com,https://www.enjoy.com,https://www.linkedin.com/company/enjoy-inc-,Retail,1001-5000,533,Palo Alto,California,United States,aiark+blitz
Enmarket,enmarket.com,https://enmarket.com,https://www.linkedin.com/company/enmarket-stations,food and beverage services,,586,Savannah,Georgia,United States,aiark
Ensemble Health Partners,ensemblehp.com,http://www.EnsembleHP.com,https://www.linkedin.com/company/ensemblehp,hospitals and health care,,5632,Cincinnati,Ohio,United States,aiark
Entergy,entergy.com,https://www.entergy.com,https://www.linkedin.com/company/entergy,utilities,,12112,New Orleans,Louisiana,United States,aiark
Entertainment Cruises Inc,entertainmentcruises.com,https://www.entertainmentcruises.com,https://www.linkedin.com/company/entertainment-cruises-inc-,Hospitality,1001-5000,395,Chicago,Illinois,United States,blitz
EPIC Insurance Brokers & Consultants,edgewoodins.com,https://linktr.ee/epicbrokers,https://www.linkedin.com/company/epicinsurancebrokers,insurance,,3022,New York,New York,United States,aiark
Epicurean Group,epicurean-group.com,https://www.epicurean-group.com,https://www.linkedin.com/company/epicurean-group,Food and Beverage Services,501-1000,209,Los Altos,California,United States,blitz
Epicure™,epicure.com,http://www.epicure.com,https://www.linkedin.com/company/epicure-selections-victorian-epicure,retail,,860,Vancouver,Bc,Canada,aiark
ERC,erc.us,https://astrion.us,https://www.linkedin.com/company/erc,defense and space manufacturing,,881,Huntsville,Alabama,United States,aiark
Erewhon,erewhonmarket.com,http://www.erewhon.com,https://www.linkedin.com/company/erewhon,food and beverage services,,684,Los Angeles,California,United States,aiark
Ergode,ergode.com,http://www.ergode.com,https://www.linkedin.com/company/ergodecorporate,retail,,700,Texas,,United States,aiark
Ergotron,ergotron.com,http://www.ergotron.com,https://www.linkedin.com/company/ergotron,retail office equipment,,523,Eagan,Minnesota,United States,aiark
Escalante Golf,escalantegolf.com,https://www.escalantegolf.com,https://www.linkedin.com/company/escalantegolf,Hospitality,1001-5000,150,Fort Worth,Texas,United States,blitz
Escape Lodging Company,escapelodging.com,https://www.escapelodging.com,https://www.linkedin.com/company/escapelodging,Hospitality,501-1000,23,Cannon Beach,Oregon,United States,blitz
Esprit,esprit.com,http://www.esprit.com,https://www.linkedin.com/company/esprit,retail apparel and fashion,,2508,New York,,United States,aiark
Establecimiento Las Marias,lasmarias.com.ar,http://www.lasmarias.com.ar,https://www.linkedin.com/company/establecimiento-las-marias,food and beverage services,,711,,,United States,aiark
estiatorio Milos,estiatoriomilos.com,https://www.estiatoriomilos.com/careers,https://www.linkedin.com/company/estiatorio-milos,Restaurants,1001-5000,296,New York,New York,United States,blitz
"Ethan Allen Global, Inc.",ethanallen.com,https://www.ethanallen.com,https://www.linkedin.com/company/ethan-allen,Retail,1001-5000,2774,Danbury,Connecticut,United States,aiark+blitz
Etta,ettarestaurant.com,https://www.ettarestaurant.com,https://www.linkedin.com/company/etta-restaurant,Hospitality,501-1000,173,Chicago,Illinois,United States,blitz
Eureka Restaurant Group,eurekarestaurantgroup.com,https://www.eurekarestaurantgroup.com,https://www.linkedin.com/company/eureka-restaurant-group,Hospitality,1001-5000,499,Hawthorne,California,United States,blitz
Evans Hotels,evanshotels.com,https://www.evanshotels.com,https://www.linkedin.com/company/evans-hotels,Hospitality,1001-5000,667,San Diego,California,United States,aiark+blitz
"Event Network, LLC",eventnetwork.com,https://eventnetwork.com,https://www.linkedin.com/company/event-network,Retail,1001-5000,933,San Diego,California,United States,aiark+blitz
EVEREVE,evereve.com,https://www.evereve.com,https://www.linkedin.com/company/hot-mama,Retail,1001-5000,1150,Edina,Minnesota,United States,aiark+blitz
Evergreen Goodwill of Northwest Washington,evergreengoodwill.org,http://www.evergreengoodwill.org,https://www.linkedin.com/company/evergrngoodwill,non-profit organizations,,675,Seattle,Washington,United States,aiark
Evergreen Packaging,pactivevergreen.com,https://pactivevergreen.com,https://www.linkedin.com/company/evergreen-packaging,packaging and containers manufacturing,,970,Memphis,,United States,aiark
Evermark,,,https://www.linkedin.com/company/evermark-brands,retail,,519,New York,,United States,aiark
EVERYTHING,everythingthebrand.com,http://www.everythingthebrand.com,https://www.linkedin.com/company/everythingthebrand,retail apparel and fashion,,743,Berkeley,California,United States,aiark
everywhere,everywhereapparel.com,http://www.everywhereapparel.com,https://www.linkedin.com/company/everywhere,retail apparel and fashion,,660,Los Angeles,California,United States,aiark
evo,evo.com,http://www.evo.com,https://www.linkedin.com/company/evo-com,retail,,776,Seattle,Washington,United States,aiark
Evolution Hospitality,evolutionhospitality.com,https://www.evolutionhospitality.com,https://www.linkedin.com/company/evolution-hospitality,Hospitality,5001-10000,448,San Clemente,California,United States,blitz
Evolve,evolve.com,https://evolve.com,https://www.linkedin.com/company/evolve-vacation-rental,hospitality,,1647,Denver,Colorado,United States,aiark
"Exceldor, coopérative avicole",exceldorcooperative.ca,https://www.exceldorcooperative.ca,https://www.linkedin.com/company/exceldor-cooperative,food and beverage manufacturing,,579,Lévis,Québec,Canada,aiark
Exclusive Hospitality Group Inc,exclusivehospitalitygroup.com,https://www.exclusivehospitalitygroup.com,https://www.linkedin.com/company/exclusive-hospitality-group-inc,Hospitality,501-1000,2,New York,New York,United States,blitz
Execustay,execustay.com,https://execustay.com,https://www.linkedin.com/company/execustay,Hospitality,1001-5000,,Los Angeles,California,United States,blitz
Exp. Group. LLC,expgroup.us,https://www.expgroup.us,https://www.linkedin.com/company/exp-group-llc,Food and Beverage Services,501-1000,54,North Bergen,New Jersey,United States,blitz
Export Development Canada | Exportation et développement Canada,edc.ca,https://linktr.ee/exportdevcanada,https://www.linkedin.com/company/export-development-canada,financial services,,2718,Ottawa,Ontario,Canada,aiark
Expotel Hospitality,expotelhospitality.com,https://www.expotelhospitality.com,https://www.linkedin.com/company/expotel-hospitality-llc,Hospitality,501-1000,36,New Orleans,Louisiana,United States,blitz
EXPRESS,express.com,https://www.express.com,https://www.linkedin.com/company/express-llc,Retail,5001-10000,12054,Columbus,Ohio,United States,aiark+blitz
Express Oil Change & Tire Engineers,expressoil.com,https://www.expressoil.com,https://www.linkedin.com/company/expressoil,motor vehicle manufacturing,,1788,Birmingham,Alabama,United States,aiark
Express Stop,expressstop.com,https://www.expressstop.com,https://www.linkedin.com/company/express-stop,Retail,501-1000,51,Saginaw,Michigan,United States,blitz
Expressions Home Gallery,expressionshomegallery.com,https://expressionshomegallery.com,https://www.linkedin.com/company/expressions-home-gallery,Retail,1001-5000,70,Dallas,Texas,United States,blitz
Extended Stay America,linktr.ee,https://linktr.ee/extendedstayamerica,https://www.linkedin.com/company/extendedstayamerica,Hospitality,5001-10000,5072,Charlotte,North Carolina,United States,blitz
Extended Stay America,extendedstayamerica.com,https://linktr.ee/extendedstayamerica,https://www.linkedin.com/company/extendedstayamerica,hospitality,,4970,Charlotte,North Carolina,United States,aiark
Eyeglass World,eyeglassworld.com,https://www.eyeglassworld.com,https://www.linkedin.com/company/eyeglass-world,Retail,1001-5000,564,Lawrenceville,Georgia,United States,aiark+blitz
Eyemart Express,eyemartexpress.com,https://www.eyemartexpress.com,https://www.linkedin.com/company/eyemart-express,Retail,1001-5000,1365,Farmers Branch,Texas,United States,aiark+blitz
"Ez Lube, Llc",ezlube.com,https://ezlube.com,https://www.linkedin.com/company/ez-lube-llc,Retail,501-1000,39,Costa Mesa,California,United States,blitz
Ez Mart,ezmart.com,https://www.ezmart.com/home,https://www.linkedin.com/company/e-z-mart,Food and Beverage Services,5001-10000,639,Tx,Texas,United States,blitz
ezCater,ezcater.com,http://bit.ly/2RoPTIz,https://www.linkedin.com/company/ezcater,software development,,938,Boston,Massachusetts,United States,aiark
EZCORP,ezcorp.com,http://www.ezcorp.com,https://www.linkedin.com/company/ezcorp,financial services,,2093,Rollingwood,Texas,United States,aiark
Fabletics,fabletics.com,http://www.fabletics.com,https://www.linkedin.com/company/fabletics,retail apparel and fashion,,1585,El Segundo,California,United States,aiark
Fabric,getfabric.com,https://getfabric.com,https://www.linkedin.com/company/fabriclogistics,truck transportation,,742,New York,New York,United States,aiark
fabric,fabric.inc,https://fabric.inc,https://www.linkedin.com/company/teamfabric,software development,,563,Seattle,Washington,United States,aiark
Factor_,factor75.com,https://www.factor75.com/r/home,https://www.linkedin.com/company/factormeals,food and beverage services,,1133,Batavia,Illinois,United States,aiark
Factory Connection,factory-connection.com,https://factory-connection.com,https://www.linkedin.com/company/factory-connection,Retail,501-1000,337,Guntersville,Alabama,United States,blitz
FAENA,faena.com,https://www.faena.com,https://www.linkedin.com/company/faena-group,Hospitality,501-1000,893,Miami Beach,Florida,United States,aiark+blitz
Faire,faire.com,https://www.faire.com/careers,https://www.linkedin.com/company/fairewholesale,software development,,1517,San Francisco,California,United States,aiark
"fairlife, LLC",fairlife.com,http://www.fairlife.com,https://www.linkedin.com/company/fairlife-llc,food and beverage services,,923,Chicago,Illinois,United States,aiark
Fairmont Hotels & Resorts,fairmont.com,https://www.fairmont.com,https://www.linkedin.com/company/fairmont-hotels-and-resorts,Hospitality,10001+,23449,New York,New York,United States,aiark+blitz
Fairway Market,fairwaymarket.com,http://www.fairwaymarket.com,https://www.linkedin.com/company/fairway-market,retail,,1017,New York,New York,United States,aiark
Falcon Holdings Management Llc,falconholdings.com,https://falconholdings.com,https://www.linkedin.com/company/falcon-holdings,Restaurants,5001-10000,73,Southlake,Texas,United States,blitz
Familiprix,familiprix.com,http://www.familiprix.com,https://www.linkedin.com/company/familiprix,retail,,1950,Québec,Québec,Canada,aiark
Family Christian,familychristian.com,https://www.familychristian.com,https://www.linkedin.com/company/family-christian-stores-llc,Retail,1001-5000,550,Grand Rapids,Michigan,United States,aiark+blitz
Family Dollar,familydollar.com,https://www.familydollar.com,https://www.linkedin.com/company/family-dollar,Retail,10001+,49378,Chesapeake,Virginia,United States,aiark+blitz
Family Express,familyexpress.com,https://www.familyexpress.com,https://www.linkedin.com/company/family-express-corporation,Retail,501-1000,496,Valparaiso,Indiana,United States,blitz
Family Farm & Home,familyfarmandhome.com,https://www.familyfarmandhome.com,https://www.linkedin.com/company/family-farm-&-home,Retail,1001-5000,718,Muskegon,,United States,aiark+blitz
Famous Dave's of America,famousdaves.com,https://www.famousdaves.com,https://www.linkedin.com/company/famous-dave's,Restaurants,501-1000,2072,Hopkins,Minnesota,United States,aiark+blitz
Famous Footwear,famous.com,https://jobs.famous.com,https://www.linkedin.com/company/famous-footwear,Retail,5001-10000,5756,St Louis,,United States,blitz
Famous Toastery,famoustoastery.com,https://www.famoustoastery.com,https://www.linkedin.com/company/famous-toastery,Restaurants,501-1000,211,Davidson,North Carolina,United States,blitz
Fanatics,fanaticsinc.com,http://www.fanaticsinc.com,https://www.linkedin.com/company/fanatics-inc-,software development,,14370,New York,New York,United States,aiark
"Fareway Stores, Inc.",fareway.com,http://www.fareway.com,https://www.linkedin.com/company/fareway-stores-inc-,food and beverage services,,2373,Boone,Iowa,United States,aiark
Farm & Home Supply,farmandhomesupply.com,https://www.farmandhomesupply.com,https://www.linkedin.com/company/farm-&-home-supply,Retail,501-1000,201,Quincy,Illinois,United States,blitz
Farm Boy Inc.,farmboy.ca,http://www.farmboy.ca,https://www.linkedin.com/company/officialfarmboy,retail,,2417,Ottawa,Ontario,Canada,aiark
"Farm Credit East, ACA",farmcrediteast.com,http://FarmCreditEast.com,https://www.linkedin.com/company/farm-credit-east-aca,financial services,,529,Enfield,Connecticut,United States,aiark
Farmer Boys,farmerboys.com,https://www.farmerboys.com,https://www.linkedin.com/company/farmer-boys,Restaurants,1001-5000,1386,Riverside,California,United States,aiark+blitz
Farmer Brothers,farmerbros.com,https://farmerbros.com,https://www.linkedin.com/company/farmer-brothers,Food and Beverage Services,501-1000,3804,Fort Worth,Texas,United States,aiark+blitz
"Farmers Cooperative Association, Inc",farmerscoop.com,https://www.farmerscoop.com,https://www.linkedin.com/company/farmers-cooperative-association-inc-,Retail,1001-5000,13,Frederick,Maryland,United States,blitz
Farmers Home Furniture,farmershomefurniture.com,https://www.farmershomefurniture.com,https://www.linkedin.com/company/farmers-home-furniture,Retail,1001-5000,1145,Dublin,Georgia,United States,blitz
Farmers Home Furniture,farmersfurniture.com,https://www.farmershomefurniture.com,https://www.linkedin.com/company/farmers-home-furniture,retail,,1109,Dublin,Georgia,United States,aiark
Farrell\'s Ice Cream Parlour Restaurants,farrellsusa.com,https://www.farrellsusa.com,https://www.linkedin.com/company/farrell's-ice-cream-parlour,Food and Beverage Services,501-1000,102,Lake Forest,California,United States,blitz
Farrelli\'s Pizza,farrellispizza.com,https://farrellispizza.com,https://www.linkedin.com/company/farrelli's-wood-fire-pizza,Restaurants,501-1000,123,Dupont,Washington,United States,blitz
"Fashion Group International, Inc.",fgi.org,http://www.fgi.org,https://www.linkedin.com/company/fashion-group-international,retail apparel and fashion,,550,New York,New York,United States,aiark
Fashion Nova,fashionnova.com,http://www.fashionnova.com,https://www.linkedin.com/company/fashion-nova,retail apparel and fashion,,4549,Beverly Hills,California,United States,aiark
FASHIONPHILE,fashionphile.com,https://www.fashionphile.com,https://www.linkedin.com/company/fashionphile,retail luxury goods and jewelry,,618,Carlsbad,California,United States,aiark
Fastfood,lovefastfood.com,https://lovefastfood.com,https://www.linkedin.com/company/wearefastfood,food and beverage services,,740,Boston,Massachusetts,United States,aiark
Fastrac Markets,fastracmarkets.com,https://www.fastracmarkets.com,https://www.linkedin.com/company/fastrac-markets,Retail,501-1000,247,Westborough,Massachusetts,United States,blitz
Fatburger,fatburger.com,http://www.fatburger.com,https://www.linkedin.com/company/fatburger-corporation,restaurants,,687,Beverly Hills,California,United States,aiark
Fatz Cafe,fatz.com,https://www.fatz.com,https://www.linkedin.com/company/fatzcafe,Restaurants,1001-5000,,Greenville,South Carolina,United States,blitz
Favor Delivery,favordelivery.com,https://favordelivery.com,https://www.linkedin.com/company/favor,consumer services,,1678,Austin,Texas,United States,aiark
Fazoli's,fazolis.com,https://www.fazolis.com,https://www.linkedin.com/company/fazolis,Restaurants,1001-5000,2554,Lexington,Kentucky,United States,aiark+blitz
FDS,,,https://www.linkedin.com/company/fds,retail,,1536,,,United States,aiark
FED,enactusbcit.ca,http://www.enactusbcit.ca/fed,https://www.linkedin.com/company/f.e.d.,hospitality,,734,Burnaby,Bc,Canada,aiark
Fedway Associates,fedway.com,https://www.fedway.com,https://www.linkedin.com/company/fedway-associates,Food and Beverage Services,501-1000,532,Basking Ridge,New Jersey,United States,aiark+blitz
Feed the Children,feedthechildren.org,https://www.feedthechildren.org,https://www.linkedin.com/company/feed-the-children,non-profit organizations,,598,Oklahoma City,Oklahoma,United States,aiark
Feel Good Brands Corp,westwarddough.com,https://www.westwarddough.com,https://www.linkedin.com/company/feel-good-brands-corp,Restaurants,501-1000,22,Las Vegas,Nevada,United States,blitz
Ferrara,ferrarausa.com,http://www.ferrara.com,https://www.linkedin.com/company/ferrara-,food and beverage manufacturing,,5317,Chicago,Illinois,United States,aiark
Ferraro Foods,ferrarofoods.com,https://www.ferrarofoods.com,https://www.linkedin.com/company/ferrarofoods,food and beverage services,,549,Piscataway,New Jersey,United States,aiark
Ferro Corporation,vibrantz.com,https://www.vibrantz.com,https://www.linkedin.com/company/ferro-corporation,chemical manufacturing,,1423,Mayfield Heights,Ohio,United States,aiark
Festival Foods,festfoods.com,http://www.festfoods.com/careers,https://www.linkedin.com/company/festival-foods,retail,,2738,De Pere,Wisconsin,United States,aiark
FGF Brands,fgfbrands.com,http://www.fgfbrands.com,https://www.linkedin.com/company/fgf-brands,food and beverage manufacturing,,2157,Toronto,Ontario,Canada,aiark
Fiat Usa Inc,fiatusa.com,https://fiatusa.com,https://www.linkedin.com/company/fiat-usa-inc.,Retail,10001+,5,New York,New York,United States,blitz
Fieldale Farms Corporation,fieldale.com,http://www.fieldale.com,https://www.linkedin.com/company/fieldale-farms-corporation,food and beverage manufacturing,,991,Alto,Georgia,United States,aiark
Fiesta Americana Inc,,,https://www.linkedin.com/company/fiesta-americana-inc,hospitality,,502,Plano,Texas,United States,aiark
"Fiesta Mart, Inc",fiestamart.com,https://www.fiestamart.com,https://www.linkedin.com/company/fiesta-mart-inc-,Retail,5001-10000,2090,Houston,Texas,United States,aiark+blitz
"Fiesta Restaurant Group, Inc",frgi.com,https://www.frgi.com,https://www.linkedin.com/company/fiesta-restaurant-group-inc-,Restaurants,1001-5000,173,Addison,Texas,United States,blitz
FIFCO USA,fifcousa.com,https://www.fifcousa.com,https://www.linkedin.com/company/fifco-usa,Food and Beverage Services,501-1000,235,Rochester,New York,United States,blitz
Fifth Group Restaurants,fifthgroup.com,https://fifthgroup.com,https://www.linkedin.com/company/fifth-group-restaurants,Restaurants,501-1000,197,Atlanta,Georgia,United States,blitz
FILA,fila.com,http://www.fila.com,https://www.linkedin.com/company/fila,retail apparel and fashion,,1799,,,United States,aiark
Filling Station,fillingstation.com,https://www.fillingstation.com,https://www.linkedin.com/company/filling-station,hospitality,,595,Seeley Lake,Montana,United States,aiark
"Findlay Automotive Group, Inc",findlayauto.com,https://findlayauto.com,https://www.linkedin.com/company/findlay-automotive-group-inc.,Retail,1001-5000,102,Henderson,Nevada,United States,blitz
Fini Usa,finisweetsusa.com,https://finisweetsusa.com,https://www.linkedin.com/company/fini-usa,Food and Beverage Services,501-1000,6,Hollister,Missouri,United States,blitz
Firebirds Wood Fired Grill,firebirdsrestaurants.com,https://firebirdsrestaurants.com,https://www.linkedin.com/company/firebirds-restaurants,Restaurants,1001-5000,2042,Charlotte,North Carolina,United States,aiark+blitz
Firehouse Subs,firehousesubs.com,https://www.firehousesubs.com/franchising,https://www.linkedin.com/company/firehouse-subs,Restaurants,501-1000,8671,Jacksonville,Florida,United States,aiark+blitz
FireKeepers Casino Hotel,firekeeperscasino.com,http://firekeeperscasino.com,https://www.linkedin.com/company/fire-keepers-casino,gambling facilities and casinos,,890,Battle Creek,Michigan,United States,aiark
Firestone Walker Brewing Company,firestonewalker.com,https://www.firestonewalker.com,https://www.linkedin.com/company/firestone-walker-brewing-company,Food and Beverage Services,501-1000,319,Buellton,California,United States,blitz
Fireworks Supermarket,fireworkssupermarket.com,https://www.fireworkssupermarket.com,https://www.linkedin.com/company/fireworkssupermarket,Retail,501-1000,33,Springfield,Missouri,United States,blitz
"First Call Hospitality, Inc.",fchhotels.com,https://www.fchhotels.com,https://www.linkedin.com/company/first-call-hospitality-inc-,Hospitality,501-1000,23,Fargo,North Dakota,United States,blitz
"First Coast Energy, LLP ; Daily's Convenience Stores",dailys.com,https://www.dailys.com,https://www.linkedin.com/company/daily's-convenience-stores,Retail,1001-5000,239,Jacksonville,Florida,United States,blitz
First Hospitality,firsthospitality.com,https://firsthospitality.com,https://www.linkedin.com/company/firsthospitality,Hospitality,1001-5000,545,Chicago,Illinois,United States,aiark+blitz
First Quality,firstquality.com,http://www.firstquality.com,https://www.linkedin.com/company/first-quality,manufacturing,,2770,Great Neck,New York,United States,aiark
First Watch Restaurants,firstwatch.com,https://firstwatch.com,https://www.linkedin.com/company/first-watch-restaurant,Restaurants,10001+,5509,Bradenton,Florida,United States,aiark+blitz
Fish Window Cleaning,fishwindowcleaning.com,https://www.fishwindowcleaning.com,https://www.linkedin.com/company/fish-window-cleaning,facilities services,,1166,Chesterfield,Missouri,United States,aiark
Fisher Auto Parts,fisherautoparts.com,https://www.fisherautoparts.com,https://www.linkedin.com/company/fisher-auto-parts,motor vehicle manufacturing,,1047,Staunton,Virginia,United States,aiark
Fitness International LLC,lafitness.com,http://www.lafitness.com,https://www.linkedin.com/company/fitness-international-llc,retail,,570,Irvine,California,United States,aiark
Five Below,fivebelow.com,https://careers.fivebelow.com/us/en,https://www.linkedin.com/company/five-below,Retail,10001+,15356,Philadelphia,Pennsylvania,United States,aiark+blitz
Five Guys Enterprises,fiveguys.com,https://careers.fiveguys.com/us/en,https://www.linkedin.com/company/five-guys-enterprises,restaurants,,11468,Alexandria,Virginia,United States,aiark
Five Star Breaktime Solutions,fivestarbreaktime.com,http://www.fivestarbreaktime.com,https://www.linkedin.com/company/fivestarbreaktime,food and beverage services,,865,Chattanooga,Tennessee,United States,aiark
Five Star Fish Processing,fivestarfishprocessingservices.com,https://www.fivestarfishprocessingservices.com,https://www.linkedin.com/company/five-star-fish-processing,Retail,10001+,15,San Diego,California,United States,blitz
Fivestar Gourmet Foods,fivestargourmetfoods.com,https://www.fivestargourmetfoods.com,https://www.linkedin.com/company/fivestargourmetfoods,Food and Beverage Services,501-1000,119,Rancho Cucamonga,California,United States,blitz
Flanagan Foodservice Inc.,flanagan.ca,https://www.flanagan.ca,https://www.linkedin.com/company/flanagan-foodservice-inc,Food and Beverage Services,501-1000,407,Kitchener,Ontario,Canada,blitz
"Flanigan's Enterprises, Inc.",flanigans.net,https://www.flanigans.net,https://www.linkedin.com/company/flanigan's-enterprises-inc.,Restaurants,1001-5000,692,Fort Lauderdale,Florida,United States,aiark+blitz
Fleet Farm,fleetfarm.com,https://www.fleetfarm.com,https://www.linkedin.com/company/fleetfarm,Retail,5001-10000,2732,Appleton,Wisconsin,United States,aiark+blitz
Fleet Feet,fleetfeet.com,http://www.fleetfeet.com,https://www.linkedin.com/company/fleet-feet-incorporated,retail,,1788,Carrboro,North Carolina,United States,aiark
Fleet Feet Montclair,fleetfeetmontclair.com,https://fleetfeetmontclair.com,https://www.linkedin.com/company/fleet-feet-montclair,Retail,10001+,,Montclair,New Jersey,United States,blitz
Fleming's Prime Steakhouse & Wine Bar,flemingssteakhouse.com,http://www.flemingssteakhouse.com,https://www.linkedin.com/company/fleming-s-prime-steakhouse-wine-bar,restaurants,,1819,Tampa,Florida,United States,aiark
Flik Hospitality Group,flik-usa.com,http://www.flik-usa.com,https://www.linkedin.com/company/flik-hospitality-group,food and beverage services,,2332,Rye Brook,New York,United States,aiark
Flix Entertainment | Flix Brewhouse | Cinema Breweries,flixbrewhouse.com,https://www.flixbrewhouse.com,https://www.linkedin.com/company/flix-brewhouse,entertainment providers,,535,Round Rock,Texas,United States,aiark
Floor & Decor,flooranddecor.com,http://careers.flooranddecor.com,https://www.linkedin.com/company/flooranddecor,retail,,7880,Atlanta,Georgia,United States,aiark
"Floor And Decor Outlets Of America, Inc",flooranddecoroutlets.com,https://flooranddecoroutlets.com,https://www.linkedin.com/company/floor-and-decor-outlets-of-america-inc.,Retail,1001-5000,11,Atlanta,Georgia,United States,blitz
Floor Coverings International,floorcoveringsinternational.com,http://www.floorcoveringsinternational.com,https://www.linkedin.com/company/floor-coverings-international,retail,,747,,,United States,aiark
Florida Crystals,floridacrystalscorp.com,http://www.floridacrystalscorp.com,https://www.linkedin.com/company/florida-crystals,food and beverage manufacturing,,583,West Palm Beach,Florida,United States,aiark
Florida Department of Education,fadss.org,http://www.fadss.org,https://www.linkedin.com/company/florida-department-of-education,food and beverage manufacturing,,1020,,,United States,aiark
Florida Hospital,floridahospital.com,http://AdventHealth.com,https://www.linkedin.com/company/florida-hospital,hospitals and health care,,9086,Altamonte Springs,Florida,United States,aiark
Florida Restaurant & Lodging Association (FRLA),frla.org,http://FRLA.org,https://www.linkedin.com/company/frlanews,hospitality,,560,Tallahassee,Florida,United States,aiark
Florida's Natural Growers,floridasnatural.com,https://www.floridasnatural.com,https://www.linkedin.com/company/florida's-natural-growers,Food and Beverage Services,501-1000,394,Lake Wales,Florida,United States,blitz
Flower Child,iamaflowerchild.com,http://iamaflowerchild.com,https://www.linkedin.com/company/iamaflowerchild,restaurants,,601,Phoenix,Arizona,United States,aiark
Flowers Foods & Subsidiaries,flowersfoods.com,http://www.flowersfoods.com,https://www.linkedin.com/company/flowers-foods,food and beverage manufacturing,,4574,Thomasville,Georgia,United States,aiark
Flying Food Group,flyingfood.com,http://www.flyingfood.com,https://www.linkedin.com/company/flying-food-group,food and beverage manufacturing,,1259,Chicago,Illinois,United States,aiark
Flynn Group,flynn.com,http://www.flynn.com,https://www.linkedin.com/company/flynn-restaurants-group,restaurants,,2332,Independence,Ohio,United States,aiark
FlynnO'Hara Uniforms,flynnohara.com,https://www.flynnohara.com,https://www.linkedin.com/company/flynnoharauniforms,Retail,501-1000,350,Philadelphia,Pennsylvania,United States,blitz
FMS Solutions,fmssolutions.com,http://www.fmssolutions.com,https://www.linkedin.com/company/fms-solutions,financial services,,1028,Ft. Lauderdale,Florida,United States,aiark
Fogo de Chão,fogo.com,https://www.fogo.com,https://www.linkedin.com/company/fogo-de-sh-aun,Restaurants,10001+,3416,Dallas,Texas,United States,blitz
Fogo de Chão,fogodechao.com,http://www.fogo.com,https://www.linkedin.com/company/fogo-de-sh-aun,restaurants,,3213,Dallas,Texas,United States,aiark
Folio3 Software,folio3.com,https://www.folio3.com,https://www.linkedin.com/company/folio3,software development,,809,San Mateo,California,United States,aiark
Follett Higher Education,follett.com,https://follett.com,https://www.linkedin.com/company/follett-higher-education,Retail,5001-10000,3764,Westchester,Illinois,United States,aiark+blitz
Fontainebleau Las Vegas,fontainebleaulasvegas.com,https://www.fontainebleaulasvegas.com,https://www.linkedin.com/company/fontainebleau-las-vegas,hospitality,,1298,Las Vegas,Nevada,United States,aiark
Fontainebleau Miami Beach,fontainebleau.com,https://www.fontainebleau.com,https://www.linkedin.com/company/fontainebleau-miami-beach,Hospitality,1001-5000,896,Miami Beach,Florida,United States,aiark+blitz
Food Basics,foodbasics.ca,https://www.foodbasics.ca/index.en.html,https://www.linkedin.com/company/food-basics-on,retail,,2486,Toronto,Ontario,Canada,aiark
Food City Kvat Foods Inc,foodcity.com,https://www.foodcity.com,https://www.linkedin.com/company/kvat-foods-inc.,Retail,10001+,5239,Abingdon,Virginia,United States,aiark+blitz
Food Concepts International Abuelo\'s,abuelos.com,https://www.abuelos.com,https://www.linkedin.com/company/food-concepts-international-abuelo's,Food and Beverage Services,1001-5000,128,Lubbock,Texas,United States,blitz
"Food Giant Supermarkets, Inc",foodgiant.com,https://www.foodgiant.com,https://www.linkedin.com/company/food-giant-supermarkets-inc-,Retail,5001-10000,624,Sikeston,Missouri,United States,aiark+blitz
Food Lion,foodlion.com,https://www.foodlion.com,https://www.linkedin.com/company/food-lion,Retail,10001+,25968,Salisbury,North Carolina,United States,aiark+blitz
Food Service Professionals,fspro.com,https://www.fspro.com,https://www.linkedin.com/company/fsp,Food and Beverage Services,501-1000,210,Chicago,Illinois,United States,blitz
Food Services of America,fsafood.com,http://www.fsafood.com,https://www.linkedin.com/company/food-services-of-america,food and beverage services,,1383,Scottsdale,Arizona,United States,aiark
Food4Less/FoodsCo,food4less.com,https://www.food4less.com,https://www.linkedin.com/company/food4less-foodsco,Retail,10001+,1243,Los Angeles,California,United States,aiark+blitz
Fooda,fooda.com,http://www.fooda.com,https://www.linkedin.com/company/fooda,food and beverage services,,652,Chicago,Illinois,United States,aiark
Foodbuy USA,foodbuy.com,https://www.foodbuy.com,https://www.linkedin.com/company/foodbuyus,Food and Beverage Services,501-1000,643,Charlotte,North Carolina,United States,aiark+blitz
FoodChain ID,foodchainid.com,https://www.foodchainid.com,https://www.linkedin.com/company/foodchainid,Food and Beverage Services,501-1000,513,Fairfield,Iowa,United States,blitz
Foodfirst Global Restaurants,foodfirst.com,https://www.foodfirst.com/index.html,https://www.linkedin.com/company/foodfirst-global-restaurants,Restaurants,5001-10000,20,Orlando,Florida,United States,blitz
Foodhandler,foodhandler.com,https://www.foodhandler.com,https://www.linkedin.com/company/foodhandler,Food and Beverage Services,501-1000,52,Reno,Nevada,United States,blitz
"Foodland Super Market, Ltd",foodland.com,https://www.foodland.com,https://www.linkedin.com/company/foodland-super-market-ltd,Retail,1001-5000,29,Honolulu,Hawaii,United States,aiark+blitz
Foodlion LLC Store,,,https://www.linkedin.com/company/foodlion-llc-store,retail,,2522,Pembroke,Georgia,United States,aiark
Foodmaxx,foodmaxx.com,http://foodmaxx.com,https://www.linkedin.com/company/foodmaxx,retail,,719,Harrisonburg,Virginia,United States,aiark
Foodstaff,foodstaff.com,https://foodstaff.com,https://www.linkedin.com/company/foodstaff,Hospitality,1001-5000,81,Charleston,South Carolina,United States,blitz
Foodtown,foodtown.com,http://www.foodtown.com,https://www.linkedin.com/company/foodtown,retail,,844,Bronx,New York,United States,aiark
Foot Locker,footlocker-inc.com,https://www.footlocker-inc.com,https://www.linkedin.com/company/footlocker,Retail,10001+,11061,New York City,New York,United States,aiark+blitz
Footaction,footaction.com,https://www.footaction.com,https://www.linkedin.com/company/footaction,Retail,1001-5000,614,New York City,New York,United States,aiark+blitz
"Ford Models, Inc.",fordmodels.com,http://www.fordmodels.com,https://www.linkedin.com/company/ford-models,retail apparel and fashion,,1749,New York,New York,United States,aiark
Ford's Garage,fordsgarageusa.com,https://www.fordsgarageusa.com,https://www.linkedin.com/company/fords-garage,restaurants,,772,Tampa,Florida,United States,aiark
Foremost Farms USA,foremostfarms.com,http://www.foremostfarms.com,https://www.linkedin.com/company/foremostfarms,food and beverage manufacturing,,633,Middleton,Wisconsin,United States,aiark
Forest Lawn Memorial Parks and Mortuaries,forestlawn.com,http://www.forestlawn.com,https://www.linkedin.com/company/forest-lawn-memorial-parks-and-mortuaries,individual and family services,,640,Glendale,California,United States,aiark
Forever 21,forever21.com,http://www.forever21.com,https://www.linkedin.com/company/forever-21,retail apparel and fashion,,19345,Los Angeles,California,United States,aiark
Forman Mills,formanjobs.com,https://jobs.appone.com/formanmills,https://www.linkedin.com/company/forman-mills,retail,,1359,Pennsauken,New Jersey,United States,aiark
Fortunoff,fortunoff.com,https://www.fortunoff.com,https://www.linkedin.com/company/fortunoff,Retail,1001-5000,161,Uniondale,New York,United States,blitz
Forward Corporation,forwardcorp.com,https://www.forwardcorp.com,https://www.linkedin.com/company/fwdcorp,Retail,501-1000,92,Standish,Michigan,United States,blitz
"Fossil Group, Inc.",fossilgroup.com,https://www.fossilgroup.com,https://www.linkedin.com/company/fossil,Retail,5001-10000,5365,Richardson,Texas,United States,aiark+blitz
Foster Farms,fosterfarms.com,https://jobs.fosterfarms.com,https://www.linkedin.com/company/foster-farms,food and beverage manufacturing,,4749,Livingston,California,United States,aiark
Founders Group International,foundersgroupinternational.com,https://foundersgroupinternational.com,https://www.linkedin.com/company/founders-group-international,Hospitality,501-1000,136,Myrtle Beach,South Carolina,United States,blitz
Fountain Tire,fountaintire.com,https://www.fountaintire.com,https://www.linkedin.com/company/fountain-tire,Retail,1001-5000,1186,Edmonton,,Canada,aiark+blitz
Four Corners,4cbars.com,https://www.4cbars.com,https://www.linkedin.com/company/fourcorners,Restaurants,501-1000,339,Chicago,Illinois,United States,blitz
Four Points by Sheraton,fourpoints.com,http://www.fourpoints.com,https://www.linkedin.com/company/four-points-by-sheraton,hospitality,,5713,White Plains,,United States,aiark
Four Seasons,fourseasons.com,https://www.fourseasons.com,https://www.linkedin.com/company/four-seasons-hotels-and-resorts,Hospitality,10001+,44075,Toronto,Ontario,Canada,aiark+blitz
Fourteen Foods,fourteenfoods.net,http://fourteenfoods.net,https://www.linkedin.com/company/fourteenfoods,restaurants,,618,Franklin,Tennessee,United States,aiark
Fourth,fourth.com,https://www.fourth.com,https://www.linkedin.com/company/fourth,it services and it consulting,,880,Austin,Texas,United States,aiark
"Fourth Wall Restaurants, Llc",fourthwallrestaurants.com,https://fourthwallrestaurants.com,https://www.linkedin.com/company/fourth-wall-restaurants-llc,Restaurants,501-1000,8,New York,New York,United States,blitz
"Fox Bros. Piggly Wiggly, Inc.",foxbrospigglywiggly.com,https://www.foxbrospigglywiggly.com,https://www.linkedin.com/company/fox-bros-piggly-wiggly-inc-,Retail,501-1000,93,Hartland,Wisconsin,United States,blitz
Fox Racing,foxracing.com,http://www.FoxRacing.com,https://www.linkedin.com/company/fox-racing,retail apparel and fashion,,611,Irvine,California,United States,aiark
Fox Restaurant Concepts,foxrc.com,https://www.foxrc.com,https://www.linkedin.com/company/foxrestaurantconcepts,Restaurants,5001-10000,3245,Phoenix,Arizona,United States,aiark+blitz
Fox's Pizza Den,foxspizza.com,https://franchise.foxspizza.com,https://www.linkedin.com/company/foxspizzaden,retail,,658,Murrysville,Pennsylvania,United States,aiark
FPL Food LLC,fplfood.com,http://www.fplfood.com,https://www.linkedin.com/company/fpl-food-llc,food and beverage manufacturing,,846,Augusta,Georgia,United States,aiark
FRAME,frame-store.com,http://www.frame-store.com,https://www.linkedin.com/company/frame-denim,retail apparel and fashion,,644,Beverly Hills,California,United States,aiark
Framebridge,framebridge.com,https://www.framebridge.com,https://www.linkedin.com/company/framebridge,Retail,501-1000,485,Washington,District of Columbia,United States,blitz
Francesca S,francescas.com,https://www.francescas.com,https://www.linkedin.com/company/francesca-s-,Retail,5001-10000,2061,Houston,Texas,United States,aiark+blitz
Frank Beverage Group,frankbeveragegroup.com,https://frankbeveragegroup.com,https://www.linkedin.com/company/frank-beverage-group,Food and Beverage Services,501-1000,149,Madison,Wisconsin,United States,blitz
Frank Pepe Pizzeria Napoletana,pepespizzeria.com,https://pepespizzeria.com,https://www.linkedin.com/company/frank-pepe-pizzeria-napoletana,Restaurants,501-1000,142,Meriden,Connecticut,United States,blitz
Franke Foodservice Systems,franke.com,https://www.franke.com/us/en/fs.html,https://www.linkedin.com/company/franke-foodservice-systems,Restaurants,1001-5000,709,Smyrna,Tennessee,United States,aiark+blitz
Franz Family Bakery,franzbakery.com,http://www.franzbakery.com,https://www.linkedin.com/company/franz-family-bakery,food and beverage manufacturing,,1121,Portland,Oregon,United States,aiark
"Fred Beans Ford, Inc",fredbeansford.net,https://fredbeansford.net,https://www.linkedin.com/company/fred-beans-ford-inc.,Retail,1001-5000,19,Doylestown,Pennsylvania,United States,blitz
Fred Meyer Jewelers,fredmeyerjewelers.com,http://www.fredmeyerjewelers.com,https://www.linkedin.com/company/fred-meyer-jewelers,retail luxury goods and jewelry,,587,Portland,Oregon,United States,aiark
Fred's Inc.,,,https://www.linkedin.com/company/fred's-inc-,retail,,1720,Memphis,Tennessee,United States,aiark
Freddy's Frozen Custard & Steakburgers,freddysusa.com,https://freddys.com,https://www.linkedin.com/company/freddy's-frozen-custard-and-steakburgers,restaurants,,6592,Wichita,Kansas,United States,aiark
Free lance Artist,sueturayhi.com,http://sueturayhi.com,https://www.linkedin.com/company/free-lance-artist,retail art supplies,,2008,,,United States,aiark
Freebirds World Burrito,freebirds.com,https://www.freebirds.com,https://www.linkedin.com/company/freeb-rds-world-burrito,Restaurants,1001-5000,671,Austin,Texas,United States,aiark+blitz
FreedomPay,freedompay.com,http://www.freedompay.com,https://www.linkedin.com/company/freedompay,it services and it consulting,,601,Philadelphia,Pennsylvania,United States,aiark
Fremont Bank,fremontbank.com,https://www.fremontbank.com,https://www.linkedin.com/company/fremont-bank,banking,,934,Fremont,California,United States,aiark
French Lick Resort,frenchlick.com,https://frenchlick.com,https://www.linkedin.com/company/french-lick-resort,Hospitality,1001-5000,660,French Lick,Indiana,United States,aiark+blitz
Fresh & Easy,freshandeasy.com,https://careers.freshandeasy.com,https://www.linkedin.com/company/fresh-&-easy-neighborhood-market-inc-,Retail,1001-5000,690,Torrance,California,United States,aiark+blitz
Fresh Del Monte,freshdelmonte.com,http://www.freshdelmonte.com,https://www.linkedin.com/company/freshdelmonte,food and beverage services,,4026,Coral Gables,Florida,United States,aiark
"Fresh Encounter, Inc",freshencounter.com,https://www.freshencounter.com,https://www.linkedin.com/company/fresh-encounter-inc.,Retail,1001-5000,141,Findlay,Ohio,United States,blitz
Fresh Express,freshexpress.com,http://freshexpress.com,https://www.linkedin.com/company/fresh-express,food and beverage manufacturing,,1682,Windermere,Florida,United States,aiark
Fresh Mark Inc.,freshmark.com,http://www.freshmark.com,https://www.linkedin.com/company/fresh-mark-inc,food and beverage manufacturing,,741,Massillon,Ohio,United States,aiark
Fresh Off The Boat,fotb416.com,https://fotb416.com,https://www.linkedin.com/company/fresh-off-the-boat,Restaurants,10001+,8,Toronto,Ontario,Canada,blitz
Fresh Prints,freshprints.com,http://www.freshprints.com,https://www.linkedin.com/company/fresh-prints,retail apparel and fashion,,1413,New York,New York,United States,aiark
Fresh Thyme Market,freshthyme.com,http://FreshThyme.com,https://www.linkedin.com/company/freshthymemarket,retail,,1759,Downers Grove,Illinois,United States,aiark
"FRESHCO, LTD.",freshco.co,https://freshco.co,https://www.linkedin.com/company/freshco-ltd.,retail,,1946,Mississauga,Ontario,Canada,aiark
FreshDirect,freshdirect.com,https://www.freshdirect.com,https://www.linkedin.com/company/freshdirect,Food and Beverage Services,1001-5000,1776,Bronx,New York,United States,aiark+blitz
Freshii,freshii.com,https://www.freshii.com,https://www.linkedin.com/company/freshii,Restaurants,5001-10000,927,Toronto,Ontario,Canada,aiark+blitz
Freshpet,freshpet.com,http://freshpet.com,https://www.linkedin.com/company/freshpet,manufacturing,,642,Bedminster,New Jersey,United States,aiark
"FreshPoint, Inc.",freshpoint.com,https://www.freshpoint.com,https://www.linkedin.com/company/freshpointinc,Food and Beverage Services,1001-5000,1769,Houston,Texas,United States,aiark+blitz
Friedman's Home Improvement,friedmanshome.com,https://www.friedmanshome.com,https://www.linkedin.com/company/friedman's-home-improvement,Retail,501-1000,248,Petaluma,California,United States,blitz
"Friendly's Ice Cream, LLC",friendlys.com,http://www.friendlys.com,https://www.linkedin.com/company/friendly-ice-cream-corporation,restaurants,,1514,,,United States,aiark
Friendly's Restaurants,friendlysrestaurants.com,https://www.friendlysrestaurants.com,https://www.linkedin.com/company/friendlys-restaurant,restaurants,,872,Dallas,Texas,United States,aiark
Frisch’s Big Boy,frischs.com,http://www.frischs.com,https://www.linkedin.com/company/frischsbigboy,restaurants,,1402,Cincinnati,Ohio,United States,aiark
Frito-Lay,fritolay.com,https://www.fritolay.com,https://www.linkedin.com/company/frito-lay,Food and Beverage Services,10001+,16735,Plano,Texas,United States,aiark+blitz
frog,frog.co,http://www.frog.co,https://www.linkedin.com/company/frogdesign,design services,,2102,San Francisco,California,United States,aiark
Front Burner Brands,frontburnerbrands.com,https://www.frontburnerbrands.com,https://www.linkedin.com/company/front-burner-brands-inc-,Food and Beverage Services,501-1000,77,Tampa,Florida,United States,blitz
Frontgrade Technologies,frontgrade.com,http://www.frontgrade.com,https://www.linkedin.com/company/frontgrade-technologies,defense and space manufacturing,,511,Colorado Springs,Colorado,United States,aiark
"Fruit of the Loom, Inc.",fotlinc.com,http://www.fotlinc.com,https://www.linkedin.com/company/fruit-of-the-loom,retail apparel and fashion,,3049,Bowling Green,Kentucky,United States,aiark
Fruitist,agrovisioncorp.com,https://www.fruitist.com,https://www.linkedin.com/company/fruitist,food and beverage services,,540,Los Angeles,California,United States,aiark
Frutarom,iff.com,http://www.iff.com,https://www.linkedin.com/company/frutarom,food and beverage services,,529,,,United States,aiark
Fruth Pharmacy,fruthpharmacy.com,https://www.fruthpharmacy.com,https://www.linkedin.com/company/fruth-pharmacy,Retail,501-1000,207,Pt Pleasant,West Virginia,United States,blitz
Fry's Food and Drug,frysfood.com,http://www.frysfood.com,https://www.linkedin.com/company/fry's-food-and-drug,retail,,6504,,,United States,aiark
FTD,ftdcompanies.com,http://www.ftdcompanies.com/JobOpportunities,https://www.linkedin.com/company/ftd,retail,,1319,Chicago,Illinois,United States,aiark
Fuddruckers,fuddruckers.com,https://www.fuddruckers.com,https://www.linkedin.com/company/fuddruckers,Restaurants,1001-5000,1322,Houston,Texas,United States,aiark+blitz
FUJIFILM Healthcare Americas Corporation,fujifilm.com,https://healthcaresolutions-us.fujifilm.com,https://www.linkedin.com/company/fujifilm-healthcare-americas-corp,medical equipment manufacturing,,1703,Lexington,Massachusetts,United States,aiark
FULLBEAUTY Brands,fbbrands.com,http://www.fbbrands.com,https://www.linkedin.com/company/fullbeauty-brands,retail apparel and fashion,,1856,New York,New York,United States,aiark
Fun Spot America Theme Parks,fun-spot.com,https://fun-spot.com,https://www.linkedin.com/company/funspotamericathemeparks,Hospitality,1001-5000,210,Orlando,Florida,United States,blitz
Fun Town RV,funtownrv.com,https://www.funtownrv.com,https://www.linkedin.com/company/funtownrv,Retail,501-1000,428,Fort Worth,Texas,United States,blitz
Furniture Row Companies,furniturerow.com,https://www.furniturerow.com,https://www.linkedin.com/company/furniture-row-companies,Retail,1001-5000,998,Denver,Colorado,United States,aiark+blitz
"Furnitureland South, Inc",furniturelandsouth.com,https://www.furniturelandsouth.com,https://www.linkedin.com/company/furnitureland-south-inc,Retail,501-1000,569,Jamestown,North Carolina,United States,aiark+blitz
Fusion CX,fusioncx.com,https://www.fusioncx.com,https://www.linkedin.com/company/fusioncx-official,outsourcing and offshoring consulting,,6645,Norcross,Georgia,United States,aiark
"Future Foam, Inc.",futurefoam.com,http://www.futurefoam.com,https://www.linkedin.com/company/future-foam-inc.,manufacturing,,516,Council Bluffs,Iowa,United States,aiark
Fuzzy's Taco Shop,fuzzystacoshop.com,http://www.FuzzysTacoShop.com,https://www.linkedin.com/company/fuzzy's-taco-shop,restaurants,,1175,Fort Worth,Texas,United States,aiark
Fwrd,fwrd.com,https://www.fwrd.com,https://www.linkedin.com/company/forward-by-elyse-walker,Retail,501-1000,93,Cerritos,California,United States,blitz
FYE - For Your Entertainment,fye.com,https://www.fye.com,https://www.linkedin.com/company/officialfye,Retail,1001-5000,857,Albany,New York,United States,aiark+blitz
"G M Oil Company, Inc",gmoc.com,https://www.gmoc.com,https://www.linkedin.com/company/g-m-oil-company-inc,Retail,1001-5000,26,Huntington Beach,California,United States,blitz
"G&J Pepsi-Cola Bottlers, Inc.",gjpepsi.com,http://www.gjpepsi.com,https://www.linkedin.com/company/g-&-j-pepsi-cola-bottlers-inc,manufacturing,,907,Cincinnati,Ohio,United States,aiark
G&K Services,cintas.com,http://www.gkservices.com,https://www.linkedin.com/company/g&k-services,retail apparel and fashion,,8286,Minnetonka,Minnesota,United States,aiark
G-III Apparel Group,giii.com,https://www.giii.com,https://www.linkedin.com/company/g-iii-apparel-group,retail apparel and fashion,,3586,,,United States,aiark
G3 Enterprises,g3enterprises.com,https://go.g3enterprises.com/l/885323/2022-02-15/59jcy,https://www.linkedin.com/company/g3-enterprises,Food and Beverage Services,501-1000,586,Modesto,California,United States,aiark+blitz
G6 Hospitality LLC,g6hospitality.com,http://www.g6hospitality.com,https://www.linkedin.com/company/g6-hospitality-llc,hospitality,,8617,Carrollton,Texas,United States,aiark
Gabbys Cafe,gabyscafe.com,https://www.gabyscafe.com/home.aspx,https://www.linkedin.com/company/gabbys-cafe,Food and Beverage Services,10001+,11,Cincinnati,Ohio,United States,blitz
Gabes,gabesstores.com,https://www.GabesStores.com,https://www.linkedin.com/company/gabes-stores,retail,,3810,Morgantown,West Virginia,United States,aiark
Gage Marine Corporation,gagemarine.com,https://gagemarine.com,https://www.linkedin.com/company/gage-marine-corporation,Hospitality,501-1000,16,Williams Bay,Wisconsin,United States,blitz
Galls,galls.com,https://www.galls.com,https://www.linkedin.com/company/galls,public safety,,968,Lexington,Kentucky,United States,aiark
Galt House Hotel,galthouse.com,https://www.galthouse.com,https://www.linkedin.com/company/galt-house-hotel-&-suites,Hospitality,501-1000,318,Louisville,Kentucky,United States,blitz
GameStop,gamestop.com,https://www.gamestop.com,https://www.linkedin.com/company/gamestop,Retail,10001+,17280,Grapevine,Texas,United States,aiark+blitz
GameStop Canada,gamestop.ca,http://www.ebgames.ca,https://www.linkedin.com/company/eb-games,retail,,995,Brampton,Ontario,Canada,aiark
Garage Billiards,garagebilliards.com,https://www.garagebilliards.com,https://www.linkedin.com/company/garage-billiards,Food and Beverage Services,10001+,11,Seattle,Washington,United States,blitz
Garage Clothing,garageclothing.com,https://www.garageclothing.com,https://www.linkedin.com/company/garageclothing,retail,,2566,Us,,United States,aiark
"Garan, Incorporated",garanimals.com,http://www.garanimals.com,https://www.linkedin.com/company/garan,retail apparel and fashion,,569,New York,New York,United States,aiark
Garden Fresh Restaurants (dba Souplantation & Sweet Tomatoes Restaurants),souplantation.com,http://www.souplantation.com,https://www.linkedin.com/company/garden-fresh-restaurants-dba-souplantation-&-sweet-tomatoes-restaurants-,restaurants,,591,Tucson,Arizona,United States,aiark
Garden of Life,gardenoflife.com,http://www.gardenoflife.com,https://www.linkedin.com/company/garden-of-life,retail,,513,Palm Beach Gardens,Fl,United States,aiark
Gardner White Furniture & Mattress,gardner-white.com,https://www.gardner-white.com,https://www.linkedin.com/company/gardner-white,furniture and home furnishings manufacturing,,548,Auburn Hills,Michigan,United States,aiark
Garment Buying House,garmentbuyingagents.com,http://www.garmentbuyingagents.com,https://www.linkedin.com/company/garmentbuyinghouse,retail apparel and fashion,,2307,New York,New York,United States,aiark
Garment Central,,,https://www.linkedin.com/company/garment-central,retail apparel and fashion,,1000,,,United States,aiark
Garrett Brands,garrettbrands.com,https://www.garrettbrands.com,https://www.linkedin.com/company/garrett-brands-llc,Food and Beverage Services,501-1000,19,Chicago,Illinois,United States,blitz
Gas Express Llc,circlekatl.com,https://www.circlekatl.com,https://www.linkedin.com/company/gas-express-llc,Retail,501-1000,120,Atlanta,Georgia,United States,blitz
Gasoline Alley Coffee,gasolinealleycoffee.com,http://gasolinealleycoffee.com,https://www.linkedin.com/company/gasoline-alley-coffee,restaurants,,868,New York,,United States,aiark
Gate 1 Travel,gate1travel.com,https://www.gate1travel.com,https://www.linkedin.com/company/gate-1-travel,Hospitality,501-1000,692,Fort Washington,Pennsylvania,United States,aiark+blitz
Gate Petroleum Company,gatepetro.com,http://www.gatepetro.com,https://www.linkedin.com/company/gate-petroleum-company,retail,,612,,,United States,aiark
Gay Lea Foods,gaylea.com,http://www.gaylea.com,https://www.linkedin.com/company/gay-lea-foods,food and beverage manufacturing,,870,Etobicoke,Ontario,Canada,aiark
Gaylord Entertainment Company,rymanhp.com,https://rymanhp.com,https://www.linkedin.com/company/gaylord-entertainment,Hospitality,5001-10000,428,Nashville,Tennessee,United States,aiark+blitz
Gaylord Hotels,gaylordhotels.com,https://www.gaylordhotels.com/meet,https://www.linkedin.com/company/gaylord-hotels,Hospitality,5001-10000,2286,Bethesda,Maryland,United States,aiark+blitz
Gaylord Opryland Resort & Convention Center,gaylordopryland.com,https://www.marriott.com/en-us/hotels/bnago-gaylord-opryland-resort-and-convention-center/overview,https://www.linkedin.com/company/gaylord-opryland,hospitality,,515,Nashville,Tennessee,United States,aiark
GBC,gbc.com,http://www.GBC.com,https://www.linkedin.com/company/gbc,retail office equipment,,1397,Lake Zurich,Illinois,United States,aiark
GCG,gogcg.com,https://www.gogcg.com,https://www.linkedin.com/company/gcg-corporate,"appliances, electrical, and electronics manufacturing",,702,Chicago,Illinois,United States,aiark
Gee Automotive Companies,geeautomotive.com,https://www.geeautomotive.com,https://www.linkedin.com/company/gee-automotive-companies,Retail,1001-5000,203,Liberty Lake,Washington,United States,blitz
Gel Spice Company,gelspice.com,https://gelspice.com,https://www.linkedin.com/company/gel-spice,Food and Beverage Services,10001+,37,Bayonne,New Jersey,United States,blitz
Gelson's Markets,gelsons.com,http://www.gelsons.com,https://www.linkedin.com/company/gelson's-markets,retail,,644,Encino,California,United States,aiark
Gemaire Distributors,gemaire.com,http://www.gemaire.com,https://www.linkedin.com/company/gemaire-distributors,wholesale,,619,Deerfield Beach,Florida,United States,aiark
Gems Tv,gemstv.com,https://www.gemstv.com,https://www.linkedin.com/company/gems-tv,Retail,1001-5000,67,Reno,Nevada,United States,blitz
Gen Korean BBQ House,genkoreanbbq.com,http://genkoreanbbq.com,https://www.linkedin.com/company/gen-korean-bbq-house,food and beverage services,,822,Cerritos,California,United States,aiark
General Mills,generalmills.com,http://www.generalmills.com,https://www.linkedin.com/company/general-mills,manufacturing,,25126,Minneapolis,Minnesota,United States,aiark
General RV Center,generalrv.com,https://www.generalrv.com,https://www.linkedin.com/company/generalrv,Retail,5001-10000,1222,Wixom,Michigan,United States,aiark+blitz
General Store,arizonageneralstores.com,http://www.azgenstores.com,https://www.linkedin.com/company/general-store,hospitality,,1156,Casa Grande,Arizona,United States,aiark
Genesco,genesco.com,https://genesco.com,https://www.linkedin.com/company/genesco,Retail,10001+,10995,Nashville,Tennessee,United States,aiark+blitz
Genghis Grill,genghisgrill.com,https://www.genghisgrill.com,https://www.linkedin.com/company/genghis-grill-franchise-concepts-lp,Restaurants,1001-5000,569,Irving,Texas,United States,aiark+blitz
Genpak,genpak.com,https://www.genpak.com,https://www.linkedin.com/company/genpak,packaging and containers manufacturing,,1013,Charlotte,North Carolina,United States,aiark
George Weston Limited,weston.ca,https://www.weston.ca,https://www.linkedin.com/company/george-weston-limited,Retail,10001+,226,Toronto,Ontario,Canada,blitz
"George's, Inc.",georgesinc.com,http://www.georgesinc.com,https://www.linkedin.com/company/george's,food and beverage manufacturing,,1698,Springdale,Arkansas,United States,aiark
Georgia Aquarium,georgiaaquarium.org,https://www.georgiaaquarium.org,https://www.linkedin.com/company/georgia-aquarium,"museums, historical sites, and zoos",,847,Atlanta,Georgia,United States,aiark
Gerland Corporation,gerlands.com,https://www.gerlands.com,https://www.linkedin.com/company/gerland-corporation,Retail,1001-5000,30,Houston,,United States,blitz
GetixHealth,getixhealth.com,http://getixhealth.com,https://www.linkedin.com/company/getixhealth,hospitals and health care,,1108,Sugar Land,Texas,United States,aiark
GF Hotels & Resorts,gfhotels.com,https://www.gfhotels.com,https://www.linkedin.com/company/gfhotelsandresorts,Hospitality,5001-10000,1064,Philadelphia,Pennsylvania,United States,aiark+blitz
gfg,fransmart.com,http://go.fransmart.com/GFGbakery-Cafe,https://www.linkedin.com/company/greek-from-greece,restaurants,,501,Hoboken,New Jersey,United States,aiark
Ghirardelli Chocolate Company,ghirardelli.com,http://www.ghirardelli.com/careers,https://www.linkedin.com/company/ghirardelli-chocolate-company,manufacturing,,1165,San Leandro,California,United States,aiark
GHOST,ghostlifestyle.com,http://ghostlifestyle.com,https://www.linkedin.com/company/ghost-lifestyle,wellness and fitness services,,1013,Chicago,Illinois,United States,aiark
"Giant Eagle, Inc.",gianteagle.com,http://jobs.gianteagle.com,https://www.linkedin.com/company/giant-eagle,retail,,14455,Cranberry Township,Pennsylvania,United States,aiark
Giant Food,giantfood.com,https://www.giantfood.com,https://www.linkedin.com/company/giantfood,Retail,10001+,8413,Hyattsville,Maryland,United States,aiark+blitz
Giant Tiger,gianttiger.com,https://www.gianttiger.com,https://www.linkedin.com/company/giant-tiger,retail,,3365,Ottawa,Ontario,Canada,aiark
Gibsons Restaurant Group,grgmc.com,https://www.grgmc.com,https://www.linkedin.com/company/gibsons-restaurant-group,Restaurants,1001-5000,667,Chicago,Illinois,United States,aiark+blitz
Gifted Healthcare,giftedhealthcare.com,http://www.giftedhealthcare.com,https://www.linkedin.com/company/gifted-healthcare,staffing and recruiting,,616,Metairie,Louisiana,United States,aiark
Gilan,gilan.com,http://www.gilan.com,https://www.linkedin.com/company/gilan,retail luxury goods and jewelry,,549,Istanbul,Levent,United States,aiark
Gillette Stadium,gillettestadium.com,https://www.gillettestadium.com,https://www.linkedin.com/company/gillette-stadium,Hospitality,1001-5000,371,Foxborough,Massachusetts,United States,blitz
Gilster-Mary Lee Corp.,gilstermarylee.com,http://www.gilstermarylee.com,https://www.linkedin.com/company/gilster-mary-lee-corp.,food and beverage manufacturing,,764,,,United States,aiark
Giordano's,giordanos.com,http://www.giordanos.com,https://www.linkedin.com/company/giordano's---famous-stuffed-pizza,food and beverage services,,693,Chicago,Illinois,United States,aiark
Giorgio Fresh Co,giorgiofresh.com,https://www.giorgiofresh.com,https://www.linkedin.com/company/giorgio-fresh-co-,Food and Beverage Services,1001-5000,112,,,United States,blitz
Give and Go Prepared Foods,giveandgo.com,http://www.giveandgo.com,https://www.linkedin.com/company/give-and-go,food and beverage manufacturing,,2121,Toronto,Ontario,Canada,aiark
Glacier Restaurant Group,grgfood.com,https://www.grgfood.com,https://www.linkedin.com/company/glacier-restaurant-group,Restaurants,1001-5000,58,Whitefish,Montana,United States,blitz
Glanbia Nutritionals,glanbianutritionals.com,http://www.glanbianutritionals.com,https://www.linkedin.com/company/glanbianutritionals,food and beverage manufacturing,,1156,Chicago,Illinois,United States,aiark
Glanbia Performance Nutrition (GPN),glanbia.com,https://www.glanbia.com,https://www.linkedin.com/company/glanbiaperformancenutrition,Food and Beverage Services,1001-5000,1360,Kilkenny,,United States,aiark+blitz
Glazier Foods Company,glazierfoods.com,https://www.glazierfoods.com,https://www.linkedin.com/company/glazier-foods-company,Food and Beverage Services,501-1000,,Houston,Texas,United States,blitz
GLENTEL Inc.,glentel.com,https://www.glentel.com,https://www.linkedin.com/company/glentel,Retail,1001-5000,1830,Burnaby,British Columbia,Canada,aiark+blitz
"Global Franchise Group Gfg Management, Llc",fatbrands.com,https://www.fatbrands.com,https://www.linkedin.com/company/gfg-management-llc,Food and Beverage Services,501-1000,3619,Atlanta,Georgia,United States,aiark+blitz
Global Gourmet Catering,ggcatering.com,https://www.ggcatering.com,https://www.linkedin.com/company/global-gourmet-catering,Food and Beverage Services,501-1000,201,San Francisco,California,United States,blitz
Global Hotel Group,globalhotelgroup.net,https://www.globalhotelgroup.net,https://www.linkedin.com/company/global-management-investments,Hospitality,1001-5000,29,,,United States,blitz
Globant,globant.com,https://globant.link/3YqJVI4,https://www.linkedin.com/company/globant,it services and it consulting,,28477,San Francisco,California,United States,aiark
Globe,globe.gov,http://www.globe.gov,https://www.linkedin.com/company/globe,retail,,1459,,,United States,aiark
Globiwest Hospitality,globiwest.com,https://www.globiwest.com,https://www.linkedin.com/company/globiwesthospitality,Hospitality,501-1000,14,Artesia,California,United States,blitz
Globocam,globocam.ca,https://www.globocam.ca,https://www.linkedin.com/company/globocam-lecamioncestnous,Retail,501-1000,240,Montréal-est,,Canada,blitz
Glory Days Grill,glorydaysgrill.com,https://www.glorydaysgrill.com,https://www.linkedin.com/company/glorydaysgrill,Restaurants,1001-5000,866,Gaithersburg,Maryland,United States,aiark+blitz
GLY Religious store,glyreligiousstore.com,http://www.glybooks.com,https://www.linkedin.com/company/gly-religious-store_2,retail,,2420,,,United States,aiark
GNC,gnc.com,http://www.gnc.com,https://www.linkedin.com/company/gnc,retail,,10340,Pittsburgh,Pennsylvania,United States,aiark
Go Auto,goauto.ca,https://www.goauto.ca,https://www.linkedin.com/company/go-auto,motor vehicle manufacturing,,1179,Edmonton,Alberta,Canada,aiark
Go Girl Energy,gogirlenergy.com,https://www.gogirlenergy.com,https://www.linkedin.com/company/gogirlenergy.com,Food and Beverage Services,501-1000,4,West Sacramento,California,United States,blitz
Gob,omgob.com,http://www.omgob.com,https://www.linkedin.com/company/gob,food and beverage services,,880,Toronto,On,Canada,aiark
Godfather's Pizza,godfathers.com,https://www.godfathers.com,https://www.linkedin.com/company/godfather's-pizza,Restaurants,501-1000,957,Omaha,Nebraska,United States,aiark+blitz
Godiva Chocolatier,godiva.com,https://pladisglobal.com,https://www.linkedin.com/company/godiva-chocolatier,food and beverage services,,1910,White Plains,New York,United States,aiark
GoJet Airlines,gojetairlines.com,http://www.gojetairlines.com,https://www.linkedin.com/company/gojet-airlines,airlines and aviation,,952,Bridgeton,Missouri,United States,aiark
Gold Key Phr,goldkeyphr.com,https://www.goldkeyphr.com,https://www.linkedin.com/company/goldkeyphr,Hospitality,1001-5000,386,Virginia Beach,Virginia,United States,blitz
Gold Star,goldstarchili.com,http://www.goldstarchili.com,https://www.linkedin.com/company/gold-star-chili-inc.,restaurants,,877,Cincinnati,Ohio,United States,aiark
Gold Strike Casino Resort,goldstrike.com,https://www.goldstrike.com,https://www.linkedin.com/company/gold-strike-casino-resort,Hospitality,1001-5000,273,Robinsonville,Mississippi,United States,blitz
Golden Chick,goldenchick.com,https://goldenchick.com,https://www.linkedin.com/company/golden-chick,Restaurants,501-1000,1443,Richardson,Texas,United States,aiark+blitz
Golden Corral Corporation,goldencorral.com,http://www.goldencorral.com,https://www.linkedin.com/company/golden-corral,restaurants,,6053,Raleigh,North Carolina,United States,aiark
Golden Corral Restaurant,,,https://www.linkedin.com/company/golden-corral-restaurant,restaurants,,750,El Centro,California,United States,aiark
Golden Nugget Atlantic City,goldennugget.com,https://www.goldennugget.com/atlantic-city,https://www.linkedin.com/company/golden-nugget-atlantic-city,Hospitality,1001-5000,302,Atlantic City,New Jersey,United States,aiark+blitz
Golden State Foods,goldenstatefoods.com,http://www.goldenstatefoods.com,https://www.linkedin.com/company/golden-state-foods,food and beverage manufacturing,,2841,Irvine,California,United States,aiark
Golden Touch,gtimports.net,http://goldentouchgroup.com,https://www.linkedin.com/company/goldentouchgroup,retail apparel and fashion,,580,New York,New York,United States,aiark
Golf Galaxy,golfgalaxy.com,https://www.golfgalaxy.com,https://www.linkedin.com/company/golf-galaxy,Retail,1001-5000,1378,Coraopolis,Pennsylvania,United States,aiark+blitz
Golf Town,joingolftown.com,http://www.joingolftown.com,https://www.linkedin.com/company/golf-town,retail,,700,Vaughan,Ontario,Canada,aiark
Golfsmith International,golfsmith.com,,https://www.linkedin.com/company/golfsmith,retail,,935,Austin,Texas,United States,aiark
GOLFTEC,golftec.com,https://www.golftec.com,https://www.linkedin.com/company/golftec,hospitality,,1185,Englewood,Colorado,United States,aiark
"Gong cha (Northeast, Southeast, Texas, Oklahoma) USA",gongchausa.com,http://www.gongchausa.com,https://www.linkedin.com/company/gong-cha,food and beverage services,,827,Hauppauge,New York,United States,aiark
Good 2 Go Stores,good2gostores.com,https://good2gostores.com,https://www.linkedin.com/company/good-2-go-stores,Retail,501-1000,167,Idaho Falls,Idaho,United States,blitz
GOOD AMERICAN,goodamerican.com,https://www.goodamerican.com,https://www.linkedin.com/company/good-american,retail apparel and fashion,,504,Los Angeles,California,United States,aiark
Good Time Design,goodtimedesignsd.com,https://www.goodtimedesignsd.com,https://www.linkedin.com/company/the-tipsy-crow-the-double-deuce-whiskey-girl-and-bub's-at-the-ball-park,Hospitality,501-1000,76,San Diego,California,United States,blitz
Good Times Restaurants Inc.,goodtimesburgers.com,https://goodtimesburgers.com,https://www.linkedin.com/company/good-times-restaurants,Food and Beverage Services,1001-5000,187,Golden,Colorado,United States,blitz
Goodcents,goodcents.com,https://www.goodcents.com,https://www.linkedin.com/company/goodcents-subs,Restaurants,1001-5000,295,De Soto,Kansas,United States,blitz
Goode Company Restaurants,goodecompany.com,https://www.goodecompany.com,https://www.linkedin.com/company/goodecompanyrestaurants,Restaurants,501-1000,175,Houston,Texas,United States,blitz
Goodfood Market (TSX:FOOD),makegoodfood.ca,http://www.makegoodfood.ca,https://www.linkedin.com/company/goodfood-market,food and beverage services,,659,Saint-laurent,Quebec,Canada,aiark
Goodwill Central Coast,ccgoodwill.org,https://ccgoodwill.org,https://www.linkedin.com/company/goodwill-central-coast,Retail,501-1000,137,Salinas,California,United States,blitz
Goodwill Industries of Alberta,goodwill.ab.ca,https://www.goodwill.ab.ca,https://www.linkedin.com/company/goodwill-industries-of-alberta,Retail,1001-5000,265,Edmonton,Alberta,Canada,blitz
"Goodwill Industries of Southeastern Wisconsin, Inc.",goodwillsew.com,https://www.goodwillsew.com,https://www.linkedin.com/company/goodwill-industries-of-southeastern-wisconsin-inc,Retail,5001-10000,1875,Milwaukee,Wisconsin,United States,aiark+blitz
Goodwill Industries of the Columbia Willamette,meetgoodwill.org,http://www.meetgoodwill.org,https://www.linkedin.com/company/goodwill-industries-of-the-columbia-willamette,non-profit organizations,,578,Portland,Oregon,United States,aiark
Goodwill Industries Of Ventura And Santa Barbara Counties,goodwillvsb.org,https://www.goodwillvsb.org,https://www.linkedin.com/company/goodwill-industries-of-ventura-and-santa-barbara-counties,Retail,501-1000,150,Oxnard,California,United States,blitz
Goodwill Ncw,goodwillncw.org,https://www.goodwillncw.org,https://www.linkedin.com/company/goodwill-ncw,Retail,1001-5000,555,Menasha,Wisconsin,United States,aiark+blitz
Goodwill of Central and Northern Arizona,goodwillaz.org,http://www.goodwillaz.org,https://www.linkedin.com/company/goodwill-of-central-and-northern-arizona,non-profit organizations,,4186,Phoenix,Arizona,United States,aiark
Goodwill Of Silicon Valley,goodwillsv.org,https://www.goodwillsv.org,https://www.linkedin.com/company/goodwill-of-silicon-valley,Retail,501-1000,344,San Jose,California,United States,blitz
Goodwill of Southwestern Pennsylvania,goodwillswpa.org,https://www.goodwillswpa.org,https://www.linkedin.com/company/goodwill-of-southwestern-pennsylvania,Retail,1001-5000,425,Pittsburgh,Pennsylvania,United States,blitz
Goodwill of the Finger Lakes,goodwillfingerlakes.org,https://www.goodwillfingerlakes.org,https://www.linkedin.com/company/goodwill-of-the-finger-lakes,Retail,501-1000,199,Rochester,New York,United States,blitz
Goodwill of the Olympics & Rainier Region,goodwillwa.org,https://goodwillwa.org,https://www.linkedin.com/company/goodwilloftheolympicsandrainier,Retail,1001-5000,430,Tacoma,Washington,United States,blitz
Gordmans,gordmans.com,http://www.gordmans.com,https://www.linkedin.com/company/gordmans,retail,,1312,Houston,Texas,United States,aiark
Gordon Biersch Brewery Restaurant,gordonbiersch.com,https://www.gordonbiersch.com,https://www.linkedin.com/company/gordon-biersch,Restaurants,1001-5000,435,Houston,Texas,United States,blitz
Gordon Flesch Company,gflesch.com,http://www.gflesch.com,https://www.linkedin.com/company/gordon-flesch-company,retail office equipment,,523,Madison,Wisconsin,United States,aiark
Gordon Food Service,gfs.com,https://www.gfs.com,https://www.linkedin.com/company/gordon-food-service,Food and Beverage Services,10001+,12076,Grand Rapids,Michigan,United States,aiark+blitz
Gordon Food Service - Canada,gfs.ca,https://www.gfs.ca,https://www.linkedin.com/company/gfs-canada,Food and Beverage Services,10001+,1010,Milton,Ontario,Canada,aiark+blitz
Gorgias,gorgias.com,https://www.gorgias.com,https://www.linkedin.com/company/gorgias,software development,,521,San Francisco,California,United States,aiark
gorjana,gorjana.com,http://www.gorjana.com,https://www.linkedin.com/company/gorjana,retail luxury goods and jewelry,,645,Laguna Beach,California,United States,aiark
Gosh Enterprises Inc,,,https://www.linkedin.com/company/gosh-enterprises-inc,restaurants,,2757,Upper Arlington,Ohio,United States,aiark
GoTo Foods,gotofoods.com,http://www.gotofoods.com,https://www.linkedin.com/company/gotofoods,food and beverage services,,19887,Atlanta,Georgia,United States,aiark
Gourmet Dining LLC,gourmetdining.co,https://gourmetdining.co,https://www.linkedin.com/company/gourmet-dining-llc,Food and Beverage Services,1001-5000,316,Madison,New Jersey,United States,blitz
Gourmet Foods International,gfifoods.com,https://www.gfifoods.com,https://www.linkedin.com/company/gourmet-foods-international,Food and Beverage Services,501-1000,742,Decatur,Georgia,United States,aiark+blitz
Goya Foods,goya.com,http://www.goya.com,https://www.linkedin.com/company/goya-foods,food and beverage manufacturing,,1516,Jersey City,New Jersey,United States,aiark
"GPM Investments, LLC",gpminvestments.com,https://gpminvestments.com,https://www.linkedin.com/company/gpm-investmentsllc,Retail,5001-10000,2927,Richmond,Virginia,United States,aiark+blitz
GPS Hospitality,workforgps.com,https://www.workforgps.com,https://www.linkedin.com/company/gps-hospitality,Restaurants,10001+,1081,Atlanta,Georgia,United States,blitz
GPS Hospitality,avature.net,http://www.workforgps.com,https://www.linkedin.com/company/gps-hospitality,restaurants,,1060,Atlanta,Georgia,United States,aiark
Graduate Hotels,graduatehotels.com,http://graduatebyhilton.com,https://www.linkedin.com/company/graduate-hotels,hospitality,,750,Nashville,Tennessee,United States,aiark
Graeter\'s Ice Cream,graeters.com,https://www.graeters.com,https://www.linkedin.com/company/graeter's-ice-cream,Food and Beverage Services,501-1000,639,Cincinnati,Ohio,United States,aiark+blitz
Grain Processing Corporation,grainprocessing.com,https://www.grainprocessing.com,https://www.linkedin.com/company/grain-processing-corporation,Food and Beverage Services,1001-5000,418,Muscatine,Iowa,United States,blitz
Grainger,grainger.com,https://bit.ly/3EeMwJ0,https://www.linkedin.com/company/w.w.-grainger,retail office equipment,,21705,Lake Forest,Illinois,United States,aiark
Grand Geneva Resort & Spa,grandgeneva.com,https://www.grandgeneva.com,https://www.linkedin.com/company/grand-geneva-resort,Hospitality,501-1000,465,Lake Geneva,Wisconsin,United States,blitz
Grand Heritage Hotel Group,grandheritage.com,https://grandheritage.com,https://www.linkedin.com/company/grand-heritage-hotel-group,Hospitality,1001-5000,103,Annapolis,Maryland,United States,blitz
Grand Hotel,grandhotel.com,http://www.grandhotel.com,https://www.linkedin.com/company/grand-hotel-2,hospitality,,1881,Mackinac Island,Mi - Michigan,United States,aiark
Grand Lux Cafe,grandluxcafe.com,https://www.grandluxcafe.com,https://www.linkedin.com/company/grand-lux-cafe,Restaurants,10001+,678,Calabasas Hills,California,United States,aiark+blitz
Grand Pacific Resorts,grandpacificresorts.com,https://grandpacificresorts.com/company/careers-culture,https://www.linkedin.com/company/grand-pacific-resorts,Hospitality,1001-5000,417,Carlsbad,California,United States,blitz
Grand Sierra Resort,grandsierraresort.com,https://www.grandsierraresort.com,https://www.linkedin.com/company/grand-sierra-resort,Hospitality,1001-5000,969,Reno,Nevada,United States,aiark+blitz
Grand Teton Lodge Company,gtlc.com,https://www.gtlc.com,https://www.linkedin.com/company/grand-teton-lodge-company,Hospitality,501-1000,215,,,United States,blitz
Grand Traverse Resort And Spa,grandtraverseresort.com,https://www.grandtraverseresort.com,https://www.linkedin.com/company/grand-traverse-resort-and-spa,Hospitality,501-1000,337,Acme,Michigan,United States,blitz
Grand View Lodge,grandviewlodge.com,https://www.grandviewlodge.com,https://www.linkedin.com/company/grand-view-lodge,Hospitality,501-1000,176,Nisswa,Minnesota,United States,blitz
Grand Wailea,grandwailea.com,https://www.grandwailea.com,https://www.linkedin.com/company/grand-wailea,Hospitality,1001-5000,408,Kihei,Hawaii,United States,blitz
Grande Cheese Company,grande.com,http://www.grande.com,https://www.linkedin.com/company/grande-cheese-company,food and beverage manufacturing,,696,Fond Du Lac,Wisconsin,United States,aiark
Grandlife Hotels,grandlifehotels.com,https://www.grandlifehotels.com,https://www.linkedin.com/company/grandlife-hotels,Hospitality,501-1000,86,New York,New York,United States,blitz
Granite City Food & Brewery,gcfb.com,https://www.gcfb.com,https://www.linkedin.com/company/granitecitybrewery,Restaurants,1001-5000,637,Minneapolis,Minnesota,United States,aiark+blitz
Gratafy,inmar.com,http://www.gratafy.com,https://www.linkedin.com/company/gratafy,advertising services,,3061,Seattle,Washington,United States,aiark
Graves Hospitality,graveshospitality.com,https://www.graveshospitality.com,https://www.linkedin.com/company/graves-world-hospitality,Hospitality,1001-5000,42,Minneapolis,Minnesota,United States,blitz
Great American Restaurants,greatamericanrestaurants.com,https://www.greatamericanrestaurants.com,https://www.linkedin.com/company/great-american-restaurants,Restaurants,1001-5000,715,Fairfax,Virginia,United States,aiark+blitz
Great Canadian Entertainment,greatcanadian.com,https://greatcanadian.com,https://www.linkedin.com/company/grtcanadian,gambling facilities and casinos,,2080,North York,Ontario,Canada,aiark
"Great Circle Family Foods, Llc",gcff.com,https://www.gcff.com,https://www.linkedin.com/company/great-circle-family-foods-llc,Restaurants,1001-5000,10,Long Beach,California,United States,blitz
Great Clips Inc.,greatclips.com,https://jobs.greatclips.com,https://www.linkedin.com/company/greatclips,consumer services,,12513,Minneapolis,Minnesota,United States,aiark
Great Harvest Bread Co.,greatharvest.com,http://www.greatharvest.com,https://www.linkedin.com/company/great-harvest-bread-co.,food and beverage services,,1078,Dillon,Montana,United States,aiark
Great Lakes Ace Hardware,greatlakesace.com,https://www.greatlakesace.com,https://www.linkedin.com/company/greatlakesace,Retail,501-1000,308,Farmington Hills,Michigan,United States,blitz
Great Lakes Cheese,greatlakescheese.com,http://www.greatlakescheese.com,https://www.linkedin.com/company/great-lakes-cheese,food and beverage manufacturing,,1503,Hiram,Ohio,United States,aiark
Great Southern Bank,greatsouthernbank.com,http://www.GreatSouthernBank.com,https://www.linkedin.com/company/great-southern-bank,banking,,881,Springfield,Missouri,United States,aiark
Great Western Bank,firstinterstatebank.com,https://www.firstinterstatebank.com,https://www.linkedin.com/company/great-western-bank,financial services,,949,,,United States,aiark
Great Wolf Lodge,greatwolf.com,https://www.greatwolf.com/jobs,https://www.linkedin.com/company/great-wolf-lodge,Hospitality,10001+,6165,Chicago,Illinois,United States,aiark+blitz
Greatclips For Hair,,,https://www.linkedin.com/company/greatclips-for-hair,retail,,641,Puyallup,Washington,United States,aiark
"Greco and Sons, Inc.",grecoandsons.com,http://www.grecoandsons.com,https://www.linkedin.com/company/greco-and-sons,food and beverage services,,545,Bartlett,Illinois,United States,aiark
Greek Peak Mountain Resort,greekpeak.net,https://greekpeak.net,https://www.linkedin.com/company/greekpeak,Hospitality,501-1000,224,Cortland,New York,United States,blitz
"Green Compass, LLC",greencompassglobal.com,http://www.greencompassglobal.com,https://www.linkedin.com/company/greencompass,retail,,620,Wilmington,North Carolina,United States,aiark
Green Dragon,greendragon.com,https://greendragon.com,https://www.linkedin.com/company/greendragon-cannabis,Retail,501-1000,9,Edgewater,Colorado,United States,blitz
Greenleaf Hospitality Group,joingreenleaf.com,https://www.joingreenleaf.com,https://www.linkedin.com/company/greenleaf-hospitality-group,Hospitality,501-1000,315,Kalamazoo,Michigan,United States,blitz
Grieco Honda,griecohonda.com,https://griecohonda.com,https://www.linkedin.com/company/grieco-honda,Retail,501-1000,11,Johnston,Rhode Island,United States,blitz
Griffith Foods,griffithfoods.com,http://www.griffithfoods.com,https://www.linkedin.com/company/griffith-foods,food and beverage manufacturing,,3423,Alsip,Illinois,United States,aiark
Grimaldi\'s Pizzeria,grimaldispizzeria.com,https://www.grimaldispizzeria.com,https://www.linkedin.com/company/grimaldi's-pizzeria,Restaurants,1001-5000,985,Scottsdale,Arizona,United States,aiark+blitz
Grimmway Produce Group,grimmway.com,http://www.grimmway.com,https://www.linkedin.com/company/grimmwayproducegroup,farming,,1291,,,United States,aiark
Gringo's Mexican Kitchen,gringostexmex.com,https://www.gringostexmex.com,https://www.linkedin.com/company/gringo's-mexican-kitchen,Restaurants,1001-5000,612,La Porte,Texas,United States,aiark+blitz
Gristedes Red Apple Group,gristedes.com,https://www.gristedes.com,https://www.linkedin.com/company/gristedes-red-apple-group,Retail,1001-5000,208,New York,New York,United States,blitz
Grocery Outlet,groceryoutlet.com,http://www.groceryoutlet.com,https://www.linkedin.com/company/grocery-outlet,retail,,7778,Emeryville,California,United States,aiark
Grotto Pizza,grottopizza.com,https://www.grottopizza.com,https://www.linkedin.com/company/grottopizza,Restaurants,501-1000,306,Rehoboth Beach,Delaware,United States,blitz
Group 1 Automotive,group1auto.com,http://www.group1auto.com,https://www.linkedin.com/company/group1automotive,motor vehicle manufacturing,,3449,Houston,Texas,United States,aiark
Group Health Cooperative of South Central Wisconsin,ghcscw.com,http://www.ghcscw.com,https://www.linkedin.com/company/group-health-cooperative-of-south-central-wisconsin,hospitals and health care,,518,Madison,,United States,aiark
Groupe BMR,bmr.ca,https://www.bmr.ca,https://www.linkedin.com/company/bmr-sollio-groupe-cooperatif,Retail,5001-10000,928,Boucherville,Québec,Canada,aiark+blitz
Groupe Dynamite,groupedynamite.com,https://www.groupedynamite.com,https://www.linkedin.com/company/groupe-dynamite,Retail,5001-10000,4860,Town Of Mount-Royal,Québec,Canada,aiark+blitz
Groupe St-Hubert,st-hubert.com,http://www.st-hubert.com,https://www.linkedin.com/company/groupe-st-hubert,restaurants,,1362,Boisbriand,Quebec,Canada,aiark
Groupon,grouponcareers.com,https://www.groupon.com,https://www.linkedin.com/company/groupon,software development,,10690,Chicago,Illinois,United States,aiark
Grubhub,grubhub.com,http://www.grubhub.com,https://www.linkedin.com/company/grubhub-seamless,software development,,6704,Chicago,Illinois,United States,aiark
GT's Living Foods,gtslivingfoods.com,https://www.gtslivingfoods.com,https://www.linkedin.com/company/gts-kombucha,Food and Beverage Services,501-1000,372,Beverly Hills,California,United States,blitz
Guayakí Yerba Mate,bitly.com,https://yerbamadre.com,https://www.linkedin.com/company/guayaki-yerba-mate,food and beverage services,,545,Sebastopol,California,United States,aiark
Gucci,careers.gucci.com,https://careers.gucci.com,https://www.linkedin.com/company/gucci-asia,retail,,568,Usa,,United States,aiark
Guckenheimer,guckenheimer.com,https://www.guckenheimer.com,https://www.linkedin.com/company/issguckenheimer,Food and Beverage Services,1001-5000,1247,San Antonio,Texas,United States,aiark+blitz
Guess Store,,,https://www.linkedin.com/company/guess-store,retail,,1145,Denver,Colorado,United States,aiark
"GUESS?, Inc.",guess.eu,http://www.guess.com,https://www.linkedin.com/company/guess-,retail apparel and fashion,,8973,Los Angeles,California,United States,aiark
"Guest Services, Inc.",guestservices.com,http://www.guestservices.com,https://www.linkedin.com/company/guest-services-inc,hospitality,,1675,Fairfax,Virginia,United States,aiark
Guest Supply,guestsupply.com,http://www.guestsupply.com,https://www.linkedin.com/company/guest-supply,hospitality,,565,Somerset,New Jersey,United States,aiark
Guesty,guesty.com,https://www.guesty.com,https://www.linkedin.com/company/guesty,software development,,806,Covina,California,United States,aiark
Guild,guild.com,https://guild.com?utm_term=homepage,https://www.linkedin.com/company/guildeducation,higher education,,1227,Denver,Colorado,United States,aiark
"Gulf Coast Motor Sales, Inc",palmerstoyota.com,https://palmerstoyota.com,https://www.linkedin.com/company/gulf-coast-motor-sales-inc.,Retail,501-1000,,Mobile,Alabama,United States,blitz
Gulf Distributing Holdings LLC,gulfdistributingholdings.com,https://www.gulfdistributingholdings.com,https://www.linkedin.com/company/gulf-distributing-holdings-llc,Food and Beverage Services,1001-5000,400,Mobile,Alabama,United States,blitz
Gulfstream Park,gulfstreampark.com,https://www.gulfstreampark.com,https://www.linkedin.com/company/gulfstream-park-racing-&-casino,Hospitality,501-1000,285,Hallandale Beach,Florida,United States,blitz
Gulph Creek Hotels,gulphcreekhotels.com,https://www.gulphcreekhotels.com,https://www.linkedin.com/company/gulph-creek-hotels,Hospitality,501-1000,84,Wayne,Pennsylvania,United States,blitz
Gymboree,gymboree.com,https://careers.gymboree.com,https://www.linkedin.com/company/gymboree,retail,,2873,Secaucus,New Jersey,United States,aiark
H E B Grocery Co,,,https://www.linkedin.com/company/h-e-b-grocery-co,retail,,887,San Antonio,Texas,United States,aiark
H Mart,hmart.com,https://www.hmart.com,https://www.linkedin.com/company/hmartofficial,Retail,5001-10000,822,Lyndhurst,New Jersey,United States,aiark+blitz
H&R Block,hrblock.com,https://www.hrblock.com,https://www.linkedin.com/company/h&r-block,retail,,16180,Kansas City,Missouri,United States,aiark
H&s Bakery Inc,hsbakery.com,https://www.hsbakery.com,https://www.linkedin.com/company/h&s-bakery-inc,Food and Beverage Services,1001-5000,261,Baltimore,Maryland,United States,blitz
H-E-B,heb.com,https://careers.heb.com,https://www.linkedin.com/company/heb,Retail,10001+,54061,San Antonio,Texas,United States,aiark+blitz
Habit Burger & Grill,habitburger.com,http://www.habitburger.com,https://www.linkedin.com/company/habit-burger-and-grill,restaurants,,2210,Irvine,California,United States,aiark
Haddad Brands,haddad.com,http://www.haddad.com,https://www.linkedin.com/company/haddad-brands,retail apparel and fashion,,1088,New York,New York,United States,aiark
Haggar Clothing Co.,haggar.com,http://www.haggar.com,https://www.linkedin.com/company/haggar-clothing-co.,retail apparel and fashion,,569,Farmers Branch,Texas,United States,aiark
"Haggen, Inc.",haggen.com,http://www.haggen.com,https://www.linkedin.com/company/haggen-inc-,retail,,899,Bellingham,Washington,United States,aiark
Hai Hospitality,haihospitality.com,https://www.haihospitality.com,https://www.linkedin.com/company/hai-hospitality,Restaurants,501-1000,334,Austin,Texas,United States,blitz
Hair & Makeup Artist,pixissive.com,http://www.pixissive.com,https://www.linkedin.com/company/hair-dresser,retail,,510,Chicago,Illinois,United States,aiark
Hair Cuttery Family of Brands,haircuttery.com,http://haircutterycareers.com,https://www.linkedin.com/company/haircutteryfamilyofbrands,retail,,2852,Mclean,Virginia,United States,aiark
HairClub,hairclub.com,https://hclub.cc/48KiONg,https://www.linkedin.com/company/hair-club-for-men-and-women,retail,,1663,Boca Raton,Florida,United States,aiark
Hal Smith Restaurants,halsmith.com,https://halsmith.com,https://www.linkedin.com/company/hal-smith-restaurant-group-inc,Restaurants,1001-5000,428,Norman,Oklahoma,United States,blitz
Half Price Books,hpb.com,https://www.hpb.com,https://www.linkedin.com/company/half-price-books,Retail,1001-5000,1152,Dallas,,United States,aiark+blitz
Half Shell Oyster House,halfshelloysterhouse.com,https://halfshelloysterhouse.com,https://www.linkedin.com/company/halfshelloysterhouse,Restaurants,1001-5000,195,Gulfport,Mississippi,United States,blitz
Hallmark Cards,hallmark.com,https://careers.hallmark.com,https://www.linkedin.com/company/hallmark-cards,Retail,10001+,17427,Kansas City,Missouri,United States,aiark+blitz
"Hamister Group, Llc",hamistergroup.com,https://www.hamistergroup.com,https://www.linkedin.com/company/the-hamister-group,Hospitality,501-1000,101,Buffalo,New York,United States,blitz
Hammond Lumber Company,hammondlumber.com,https://www.hammondlumber.com,https://www.linkedin.com/company/hammond-lumber-company,Retail,1001-5000,305,Belgrade,Maine,United States,blitz
Hampton,hampton.com,http://www.hampton.com,https://www.linkedin.com/company/hampton,hospitality,,11437,Mclean,Virginia,United States,aiark
Hampton Farms,hamptonfarms.com,https://www.hamptonfarms.com,https://www.linkedin.com/company/hampton-farms,Food and Beverage Services,501-1000,301,Severn,,United States,blitz
Hampton Inn & Suites,lanettsuites.hamptoninn.com,http://lanettsuites.hamptoninn.com,https://www.linkedin.com/company/hampton-inn-&-suites,hospitality,,1067,Oklahoma City,Oklahoma,United States,aiark
Hampton Inn and Suites,hamptoninn.com,http://www.stillwatersuites.hamptoninn.com,https://www.linkedin.com/company/hamptoninnandsuites,hospitality,,2272,Stillwater,Oklahoma,United States,aiark
Hamra Enterprises,hamraenterprises.com,https://www.hamraenterprises.com,https://www.linkedin.com/company/hamraenterprises,Hospitality,5001-10000,343,Springfield,Missouri,United States,blitz
Hancock Fabrics,hancockfabrics.com,https://www.hancockfabrics.com,https://www.linkedin.com/company/hancock-fabrics,Retail,1001-5000,422,Baldwyn,Mississippi,United States,blitz
Handel's Homemade Ice Cream,handelsicecream.com,https://handelsicecream.com,https://www.linkedin.com/company/handels-ice-cream,retail,,865,Canfield,Ohio,United States,aiark
Hanesbrands Inc.,hanesbrands.com,https://gildancorp.com/en/gildan-and-hanesbrands-homepage,https://www.linkedin.com/company/hanesbrands-inc-,retail apparel and fashion,,11284,Winston-salem,North Carolina,United States,aiark
Hannaford Supermarkets,hannaford.com,https://hannaford.com,https://www.linkedin.com/company/hannafordsupermarkets,Retail,10001+,8190,Scarborough,Maine,United States,aiark+blitz
Harbor Court Hotel,harborcourthotel.com,https://www.harborcourthotel.com,https://www.linkedin.com/company/harborcourthotel,Hospitality,1001-5000,14,San Francisco,California,United States,blitz
Harbor Freight Tools,harborfreight.com,http://www.HFJobs.com,https://www.linkedin.com/company/harbor-freight-tools,retail,,16288,Calabasas,California,United States,aiark
Harbor Retirement Associates,hraseniorliving.com,https://www.hraseniorliving.com,https://www.linkedin.com/company/harbor-retirement-associates,Hospitality,1001-5000,81,Vero Beach,Florida,United States,blitz
Hard Rock Cafe,hardrockcafe.com,http://www.hardrockcafe.com,https://www.linkedin.com/company/hardrockcafe,restaurants,,4751,Davie,Florida,United States,aiark
Hard Rock Hotel & Casino Biloxi,hrhcbiloxi.com,https://www.hrhcbiloxi.com,https://www.linkedin.com/company/hard-rock-hotel-&-casino-biloxi,Hospitality,501-1000,521,Biloxi,Mississippi,United States,aiark+blitz
"Hard Rock Hotel & Casino, Las Vegas",vh-lv.com,http://www.vh-lv.com,https://www.linkedin.com/company/hard-rock-hotel,hospitality,,1032,Las Vegas,,United States,aiark
Hard Rock International,hardrock.com,https://www.hardrock.com,https://www.linkedin.com/company/hard-rock-international,Hospitality,10001+,6343,Davie,Florida,United States,aiark+blitz
Hardees,hardees.com,http://hardees.com,https://www.linkedin.com/company/hardeesrestaurants,food and beverage services,,8612,New York,,United States,aiark
Hardings Friendly Markets,hardings.com,https://www.hardings.com,https://www.linkedin.com/company/hardings-friendly-markets,Food and Beverage Services,1001-5000,314,Plainwell,Michigan,United States,blitz
Harmons Grocery,harmonsgrocery.com,https://www.harmonsgrocery.com/careers,https://www.linkedin.com/company/harmon-city-inc.,Retail,1001-5000,1539,West Valley,Utah,United States,aiark+blitz
"Harps Food Stores, Inc.",harpsfood.com,https://www.harpsfood.com,https://www.linkedin.com/company/harps-food-stores-inc.,Retail,1001-5000,1985,Springdale,Arkansas,United States,aiark+blitz
Harri,harri.com,http://www.harri.com,https://www.linkedin.com/company/harri-com,software development,,627,New York,New York,United States,aiark
Harris Teeter,harristeeter.com,https://www.harristeeter.com,https://www.linkedin.com/company/harris-teeter,Retail,10001+,15413,Matthews,North Carolina,United States,aiark+blitz
Harry & David,harryanddavid.com,https://www.harryanddavid.com/h/careers,https://www.linkedin.com/company/harry-&-david,Food and Beverage Services,1001-5000,1978,Medford,Oregon,United States,aiark+blitz
Harry Caray's Restaurant Group,harrycarays.com,https://www.harrycarays.com,https://www.linkedin.com/company/harry-caray's-restaurant-group,Restaurants,501-1000,121,Chicago,Illinois,United States,blitz
Harry Rosen,harryrosen.com,https://www.harryrosen.com,https://www.linkedin.com/company/harry-rosen,Retail,501-1000,838,Toronto,Ontario,Canada,aiark+blitz
Harry Winston,harrywinston.com,http://www.harrywinston.com,https://www.linkedin.com/company/harry-winston,retail luxury goods and jewelry,,1019,New York,New York,United States,aiark
"Hart Hotels, Inc",harthotels.com,https://harthotels.com,https://www.linkedin.com/company/hart-hotels-inc,Hospitality,501-1000,80,Buffalo,New York,United States,blitz
Harvest Food Distributors,harvestfooddistributors.com,https://harvestfooddistributors.com,https://www.linkedin.com/company/harvest-food-distributors,Food and Beverage Services,501-1000,9,National City,California,United States,blitz
Harvest Group,harvestgroup.com,http://www.harvestgroup.com,https://www.linkedin.com/company/the-harvest-group,business consulting and services,,753,Rogers,Arkansas,United States,aiark
Harvest Sherwood Food Distributors,harvestsherwood.com,https://harvestsherwood.com,https://www.linkedin.com/company/harvestsherwood,Food and Beverage Services,1001-5000,321,Detroit,Michigan,United States,blitz
Harveys Restaurant And Bar,harveysofsaratoga.com,https://harveysofsaratoga.com,https://www.linkedin.com/company/harveys-restaurant-and-bar,Restaurants,10001+,14,Saratoga Springs,New York,United States,blitz
Harveys Supermarkets,harveyssupermarkets.com,http://www.harveyssupermarkets.com,https://www.linkedin.com/company/harveys-supermarkets,retail,,682,Jacksonville,Florida,United States,aiark
Hawaii Foodservice Alliance Llc,hfahawaii.com,https://www.hfahawaii.com,https://www.linkedin.com/company/hawaii-foodservice-alliance-llc,Food and Beverage Services,501-1000,113,Honolulu,Hawaii,United States,blitz
Hawaiian Bros Island Grill,hawaiianbros.com,http://www.hawaiianbros.com,https://www.linkedin.com/company/hawaiian-bros,restaurants,,658,Kansas City,,United States,aiark
Hawkeye Hotels,hawkeyehotels.com,https://www.hawkeyehotels.com,https://www.linkedin.com/company/hawkeye-hotels,Hospitality,1001-5000,182,Coralville,Iowa,United States,blitz
Hawthorn Senior Living,seniorlivinginstyle.com,https://www.seniorlivinginstyle.com,https://www.linkedin.com/company/hawthorn-senior-living,Hospitality,1001-5000,736,Vancouver,Washington,United States,aiark+blitz
Hay Creek Hotels,haycreekhotels.com,https://www.haycreekhotels.com,https://www.linkedin.com/company/hay-creek-hotels-llc,Hospitality,501-1000,66,New York City,New York,United States,blitz
Hayneedle.Com,hayneedle.com,https://www.hayneedle.com,https://www.linkedin.com/company/hayneedle,Retail,501-1000,206,Omaha,Nebraska,United States,blitz
Hazen and Sawyer,hazenandsawyer.com,http://www.hazenandsawyer.com,https://www.linkedin.com/company/hazen-and-sawyer,environmental services,,2231,New York,New York,United States,aiark
Hci Hospitality,hcihospitality.com,https://www.hcihospitality.com,https://www.linkedin.com/company/hci-hospitality,Hospitality,1001-5000,70,Manhattan,Kansas,United States,blitz
Hda Merchandising,hdamerchandising.com,https://www.hdamerchandising.com,https://www.linkedin.com/company/hda-merchandising,Retail,1001-5000,69,Saint Louis,Missouri,United States,blitz
Hdos Enterprises,hotdogonastick.com,https://www.hotdogonastick.com,https://www.linkedin.com/company/hot-dog-on-a-stick,Food and Beverage Services,501-1000,24,Carlsbad,California,United States,blitz
HDT Global,hdtglobal.com,http://www.hdtglobal.com,https://www.linkedin.com/company/hdt-global,defense and space manufacturing,,597,Solon,Ohio,United States,aiark
Health Alliance Plan,hap.org,http://www.hap.org,https://www.linkedin.com/company/health-alliance-plan,hospitals and health care,,1056,Detroit,Michigan,United States,aiark
"Healthcare Services Group, Inc",hcsg.com,https://www.hcsg.com,https://www.linkedin.com/company/healthcare-services-group-inc,Hospitality,10001+,5821,Bensalem,Pennsylvania,United States,blitz
"Healthcare Services Group, Inc",hcsgcorp.com,https://www.hcsg.com,https://www.linkedin.com/company/healthcare-services-group-inc,hospitality,,5673,Bensalem,Pennsylvania,United States,aiark
HealthMark Group,healthmark-group.com,http://www.healthmark-group.com,https://www.linkedin.com/company/healthmark-group,hospitals and health care,,616,Addison,Texas,United States,aiark
HearingLife,hearinglife.com,http://www.hearinglife.com,https://www.linkedin.com/company/hearing-life,retail,,1367,Somerset,New Jersey,United States,aiark
Hearthside Food Solutions,hearthsidefoods.com,http://www.hearthsidefoods.com,https://www.linkedin.com/company/hearthside-food-solutions,food and beverage manufacturing,,2631,,,United States,aiark
Heartland Brewery Group,heartlandbrewery.com,https://www.heartlandbrewery.com,https://www.linkedin.com/company/heartland-brewery-inc,Restaurants,501-1000,53,New York,New York,United States,blitz
Heartland Coca-Cola,heartlandcocacola.com,https://heartlandcocacola.com,https://www.linkedin.com/company/heartlandcocacola,Food and Beverage Services,1001-5000,690,Lenexa,Kansas,United States,aiark+blitz
Heartland Hotel Corporation,heartlandhotel.com,https://www.heartlandhotel.com,https://www.linkedin.com/company/heartland-hotel-corporation,Hospitality,1001-5000,49,Plano,Texas,United States,blitz
HEI Hotels & Resorts,heihotels.com,https://www.heihotels.com,https://www.linkedin.com/company/hei-hotels-&-resorts,Hospitality,10001+,1467,Norwalk,Connecticut,United States,aiark+blitz
Heidelberg Distributing Company,heidelbergdistributing.com,https://heidelbergdistributing.com/locations/cleveland/#catalog=brands/tab/1,https://www.linkedin.com/company/lambert's-foodapalooza,Restaurants,5001-10000,20,Austin,Texas,United States,aiark+blitz
Heinen's Grocery Store,heinens.com,https://www.heinens.com,https://www.linkedin.com/company/heinen-s,Retail,1001-5000,1369,Warrensville Heights,Ohio,United States,aiark+blitz
Heiser Lincoln,heiserlincoln.com,https://heiserlincoln.com,https://www.linkedin.com/company/heiser-lincoln,Retail,501-1000,,Glendale,Wisconsin,United States,blitz
Helen of Troy,helenoftroy.com,http://careers.helenoftroy.com,https://www.linkedin.com/company/helen-of-troy,manufacturing,,2328,El Paso,Texas,United States,aiark
HelmsBriscoe,helmsbriscoe.com,http://www.helmsbriscoe.com,https://www.linkedin.com/company/helmsbriscoe,hospitality,,1687,Scottsdale,Arizona,United States,aiark
Helzberg Diamonds,helzberg.jobs,https://www.helzberg.jobs,https://www.linkedin.com/company/helzberg-diamonds,Retail,1001-5000,1751,North Kansas City,Missouri,United States,blitz
Helzberg Diamonds,helzberg.com,http://www.helzberg.jobs,https://www.linkedin.com/company/helzberg-diamonds,retail,,1705,North Kansas City,Missouri,United States,aiark
Hendrix Restaurant Equipment & Supplies,hendrixequip.com,https://hendrixequip.com,https://www.linkedin.com/company/hendrix-restaurant-equipment-&-supplies,Retail,501-1000,,Kingston,Ontario,Canada,blitz
Hennes Maurtiz,,,https://www.linkedin.com/company/hennes-maurtiz,retail apparel and fashion,,958,North Arlington,New Jersey,United States,aiark
Henny Penny,hennypenny.com,https://www.hennypenny.com,https://www.linkedin.com/company/henny-penny,Food and Beverage Services,501-1000,737,Eaton,Ohio,United States,aiark+blitz
Henri Bendel,henribendel.com,https://www.henribendel.com,https://www.linkedin.com/company/henri-bendel,Retail,5001-10000,103,New York,New York,United States,blitz
Henry Ford Optimeyes,henryfordoptimeyes.com,https://www.henryfordoptimeyes.com,https://www.linkedin.com/company/henry-ford-optimeyes,Retail,501-1000,287,Detroit,,United States,blitz
Herberger\'s,herbergers.com,https://herbergers.com,https://www.linkedin.com/company/herberger's,Retail,10001+,316,Milwaukee,Wisconsin,United States,blitz
Here,here.co,https://www.here.co,https://www.linkedin.com/company/herefinds,financial services,,866,Miami,Florida,United States,aiark
Heritage Auctions,ha.com,http://www.HA.com,https://www.linkedin.com/company/heritage-auctions,retail luxury goods and jewelry,,739,Dallas,Texas,United States,aiark
Heritage Grocers Group,heritagegrocersgroup.com,https://heritagegrocersgroup.com,https://www.linkedin.com/company/heritagegrocersgroup,retail,,2993,Ontario,California,United States,aiark
Heritage\'s Dairy Stores,heritages.com,https://www.heritages.com,https://www.linkedin.com/company/heritagesdairystores,Retail,501-1000,184,West Deptford Township,New Jersey,United States,blitz
Herr Foods Inc.,herrs.com,http://www.herrs.com,https://www.linkedin.com/company/herr-foods-inc.,food and beverage services,,780,Nottingham,Pennsylvania,United States,aiark
Hershey Entertainment & Resorts Company,hersheyentertainmentandresorts.com,http://www.HersheyEntertainmentandResorts.com,https://www.linkedin.com/company/hershey-entertainment-&-resorts,hospitality,,2299,Hershey,Pennsylvania,United States,aiark
HEYDUDE,heydude.com,https://www.heydude.com,https://www.linkedin.com/company/heydude,retail apparel and fashion,,592,Westwood,Massachusetts,United States,aiark
Hhgregg,hhgregg.com,https://www.hhgregg.com,https://www.linkedin.com/company/hhgregg,Retail,5001-10000,1738,Indianapolis,Indiana,United States,aiark+blitz
HHM Hotels,hhmhotels.com,http://hhmhotels.com,https://www.linkedin.com/company/hersha-hospitality,hospitality,,2684,Philadelphia,Pennsylvania,United States,aiark
Hi Development,hidevelopment.com,https://www.hidevelopment.com,https://www.linkedin.com/company/hi-development,Hospitality,501-1000,25,Tampa,Florida,United States,blitz
Hibbett,hibbett.com,https://www.hibbett.com,https://www.linkedin.com/company/hibbett-sporting-goods,Retail,5001-10000,6107,Birmingham,Alabama,United States,aiark+blitz
"Hickory Farms, LLC",hickoryfarms.com,https://www.hickoryfarms.com,https://www.linkedin.com/company/hickory-farms,retail,,628,Joliet,Illinois,United States,aiark
Hickory Tavern,thehickorytavern.com,https://www.thehickorytavern.com,https://www.linkedin.com/company/hickory-tavern,Restaurants,1001-5000,556,Charlotte,North Carolina,United States,aiark+blitz
Hideaway Pizza,hideawaypizza.com,https://www.hideawaypizza.com,https://www.linkedin.com/company/hideaway-pizza,Restaurants,1001-5000,620,Oklahoma Oklahoma,Oklahoma,United States,aiark+blitz
Higgins Crab House,higginscrabhouse.com,https://higginscrabhouse.com,https://www.linkedin.com/company/higgins-crab-house,Restaurants,10001+,17,Ocean City,Maryland,United States,blitz
High Hotels Ltd.,highhotels.com,https://www.highhotels.com,https://www.linkedin.com/company/high-hotels-ltd-,Hospitality,1001-5000,110,Lancaster,Pennsylvania,United States,blitz
Highgate,highgate.com,http://www.highgate.com,https://www.linkedin.com/company/highgate,hospitality,,3858,New York,New York,United States,aiark
Highland Ventures,highlandventuresltd.com,https://www.highlandventuresltd.com,https://www.linkedin.com/company/highlandventures,Retail,1001-5000,1262,Brentwood,Tennessee,United States,aiark+blitz
Hiland Dairy Foods,hilanddairy.com,https://hilanddairy.com/tracks/back-to-school,https://www.linkedin.com/company/hilanddairyfoods,food and beverage manufacturing,,970,Springfield,Missouri,United States,aiark
Hill's Pet Nutrition,hillspet.com,http://www.hillspet.com,https://www.linkedin.com/company/hill's-pet-nutrition,manufacturing,,3637,Overland Park,Kansas,United States,aiark
Hillphoenix,hillphoenix.com,https://www.hillphoenix.com,https://www.linkedin.com/company/hillphoenix,Retail,1001-5000,1258,Conyers,Georgia,United States,aiark+blitz
Hillstone Restaurant Group,hillstone.com,https://www.hillstone.com,https://www.linkedin.com/company/hillstone-restaurant-group,Restaurants,1001-5000,1452,Los Angeles,California,United States,aiark+blitz
Hilmar,hilmar.com,http://www.hilmar.com,https://www.linkedin.com/company/hilmar-cheese-company,food and beverage manufacturing,,1076,Hilmar,California,United States,aiark
Hilton,hilton.com,https://stories.hilton.com,https://www.linkedin.com/company/hilton,Hospitality,10001+,158907,Mclean,Virginia,United States,aiark+blitz
Hilton Anatole,hiltonanatolehotel.com,https://www.hiltonanatolehotel.com,https://www.linkedin.com/company/hilton-anatole,Hospitality,1001-5000,335,Dallas,Texas,United States,blitz
Hilton Garden Inn,hgikauai.com,https://www.hilton.com/en/brands/hilton-garden-inn,https://www.linkedin.com/company/hilton-garden-inn,hospitality,,13186,Mclean,Virginia,United States,aiark
Hilton Grand Vacations,hgv.com,https://careers.hgv.com,https://www.linkedin.com/company/hilton-grand-vacations,Hospitality,10001+,14600,Orlando,Florida,United States,aiark+blitz
Hilton Hawaiian Village Waikiki Beach Resort,hiltonhawaiianvillage.com,https://hiltonhawaiianvillage.com,https://www.linkedin.com/company/hilton-hawaiian-village,Hospitality,1001-5000,284,Honolulu,Hawaii,United States,blitz
Hilton Milwaukee,hiltonmilwaukee.com,https://www.hiltonmilwaukee.com,https://www.linkedin.com/company/hilton-milwaukee,Hospitality,501-1000,100,Milwaukee,Wisconsin,United States,blitz
Hilton Orlando,thehiltonorlando.com,https://www.thehiltonorlando.com,https://www.linkedin.com/company/hiltonorlando,Hospitality,501-1000,234,Orlando,Florida,United States,blitz
Hilton San Diego Bayfront,hiltonsandiegobayfront.com,https://www.hiltonsandiegobayfront.com,https://www.linkedin.com/company/hiltonsandiegobayfront,Hospitality,501-1000,254,San Diego,California,United States,blitz
Hilton Sandestin Beach Golf Resort & Spa,hiltonsandestinbeach.com,https://www.hiltonsandestinbeach.com,https://www.linkedin.com/company/hilton-sandestin-beach-golf-resort-&-spa,Hospitality,501-1000,162,Miramar Beach,Florida,United States,blitz
Hilton Waikoloa Village,hiltonwaikoloavillage.com,https://www.hiltonwaikoloavillage.com,https://www.linkedin.com/company/hilton-waikoloa-village,Hospitality,501-1000,136,Waikoloa,Hawaii,United States,blitz
Hinterland Design,hinterlanddesign.com,https://hinterlanddesign.com,https://www.linkedin.com/company/hinterland-design,Retail,10001+,,Vancouver,British Columbia,Canada,blitz
HLC,hlc.bike,http://www.hlc.bike,https://www.linkedin.com/company/hlc-bike,retail,,515,"Lévis, Canada | Sparks, Nv",-,Canada,aiark
Hmg Hospitality,hmghospitality.com,https://www.hmghospitality.com,https://www.linkedin.com/company/hotel-managers-group-hmg-hotels-,Hospitality,501-1000,173,San Diego,California,United States,blitz
HMSHost,hmshost.com,http://www.hmshost.com,https://www.linkedin.com/company/hmshost,food and beverage services,,10292,,,United States,aiark
Hobart Food Equipment and Service,hobartservice.com,http://www.hobartservice.com,https://www.linkedin.com/company/hobart,retail office equipment,,1615,Troy,Ohio,United States,aiark
Hobby Lobby,hobbylobby.com,http://www.hobbylobby.com,https://www.linkedin.com/company/hobby-lobby,retail,,17943,Oklahoma City,Oklahoma,United States,aiark
Hogsalt,hogsalt.com,https://www.hogsalt.com,https://www.linkedin.com/company/hogsalt,Restaurants,1001-5000,350,Chicago,Illinois,United States,blitz
"Hojeij Branded Foods, Inc",hbfairports.com,https://www.hbfairports.com,https://www.linkedin.com/company/hojeij-branded-foods-inc-,Food and Beverage Services,1001-5000,135,Atlanta,Georgia,United States,blitz
HOKA,hoka.com,http://hoka.com,https://www.linkedin.com/company/hokaofficial,retail apparel and fashion,,1603,Goleta,California,United States,aiark
Holiday Inn,holidayinn.com,http://www.holidayinn.com,https://www.linkedin.com/company/holiday-inn-hotels,hospitality,,12889,Atlanta,Georgia,United States,aiark
Holiday Inn Club Vacations,hicv.com,http://www.hicv.com,https://www.linkedin.com/company/hiclubvacations,hospitality,,3620,Orlando,Florida,United States,aiark
Holiday Inn Express,holidayinnexpress.com,http://www.holidayinnexpress.com,https://www.linkedin.com/company/holidayinnexpress,hospitality,,22550,Global,,United States,aiark
Holiday Inn Harrisburg Hershey,stayholiday.com,https://www.stayholiday.com,https://www.linkedin.com/company/holiday-inn-harrisburghershey,Hospitality,501-1000,,Grantville,Pennsylvania,United States,blitz
HOLIDAY INN HOTEL,resortvacationstogo.com,http://resortvacationstogo.com,https://www.linkedin.com/company/holiday-inn-hotel,hospitality,,678,Montgomery,Alabama,United States,aiark
Holiday Retirement,atriacareers.com,https://atriacareers.com,https://www.linkedin.com/company/holiday-retirement,hospitality,,3171,Louisville,Kentucky,United States,aiark
Holiday Stationstores,holidaystationstores.com,https://www.holidaystationstores.com,https://www.linkedin.com/company/holiday-companies,Retail,10001+,1253,Bloomington,Minnesota,United States,aiark+blitz
Holland Bakery,hollandamericanbakery.com,http://www.hollandamericanbakery.com,https://www.linkedin.com/company/holland-bakery,food and beverage manufacturing,,535,Thunder Bay,Ontario,Canada,aiark
Hollander Hospitality,hollanderhospitality.com,https://www.hollanderhospitality.com,https://www.linkedin.com/company/hollanderhospitality,Hospitality,501-1000,106,Bellingham,Washington,United States,blitz
Holliday Inn,,,https://www.linkedin.com/company/holliday-inn,hospitality,,747,Saint Louis,Missouri,United States,aiark
Hollister Co,abercrombie.com,https://corporate.abercrombie.com,https://www.linkedin.com/company/hollister-co.,Retail,5001-10000,14299,New Albany,Ohio,United States,aiark+blitz
Hollywood Entertainment,,,https://www.linkedin.com/company/hollywood-entertainment,retail,,526,,,United States,aiark
Hollywood Feed,hollywoodfeed.com,https://www.hollywoodfeed.com,https://www.linkedin.com/company/hollywood-feed,Retail,1001-5000,653,Memphis,Tennessee,United States,aiark+blitz
Holt Renfrew,holtrenfrew.com,http://www.holtrenfrew.com,https://www.linkedin.com/company/holt-renfrew,retail,,2107,Toronto,Ontario,Canada,aiark
Holzer Health System,holzer.org,http://www.holzer.org,https://www.linkedin.com/company/holzer-clinic,hospitals and health care,,1178,Gallipolis,Ohio,United States,aiark
HOM Furniture,homfurniture.com,http://www.homfurniture.com,https://www.linkedin.com/company/hom-furniture,furniture and home furnishings manufacturing,,1398,Coon Rapids,Minnesota,United States,aiark
Home City Ice,homecityice.com,http://www.homecityice.com,https://www.linkedin.com/company/home-city-ice,manufacturing,,1128,Cincinnati,Ohio,United States,aiark
"HOME DEPOT U.S.A., INC.",,,https://www.linkedin.com/company/home-depot-u-s-a-inc-,retail office equipment,,900,New Milford,Connecticut,United States,aiark
Home Depot/Your Other Warehouse,ebarnett.com,http://www.yourotherwarehouse.com,https://www.linkedin.com/company/home-depot-your-other-warehouse,retail,,2860,,,United States,aiark
Home Hardware Stores Limited,homehardware.ca,https://www.homehardware.ca/en/landing/careers,https://www.linkedin.com/company/homehardware,Retail,1001-5000,4696,St. Jacobs,Ontario,Canada,aiark+blitz
Home Outfitters,homeoutfitters.com,https://www.homeoutfitters.com/en/index.html,https://www.linkedin.com/company/homeoutfitters,Retail,501-1000,154,Brampton,Ontario,Canada,blitz
Home Run Auto Group,alphornford.net,https://alphornford.net,https://www.linkedin.com/company/home-run-auto-group,Retail,501-1000,20,Janesville,Wisconsin,United States,blitz
Home2 Suites by Hilton,home2suites.com,https://home2suites.com,https://www.linkedin.com/company/home2-suites-by-hilton,Hospitality,10001+,2813,Mclean,Virginia,United States,aiark+blitz
HomeGoods Stores,homegoods.com,http://www.homegoods.com,https://www.linkedin.com/company/homegoods-store,retail,,2056,,,United States,aiark
Homewood Suites,homewoodsuites3.hilton.com,http://homewoodsuites3.hilton.com/en/hotels/illinois/homewood-suites-by-hilton-chicago-schaumburg-CHISMHW/index.html,https://www.linkedin.com/company/homewood-suitesil,hospitality,,650,Schaumburg,Illinois,United States,aiark
honeygrow,honeygrow.com,https://www.honeygrow.com,https://www.linkedin.com/company/honeygrow,Restaurants,1001-5000,559,Philadelphia,Pennsylvania,United States,aiark+blitz
Hook & Reel Cajun Seafood Restaurant & Bar,hookreel.com,https://www.hookreel.com,https://www.linkedin.com/company/hook-reel-inc,Restaurants,501-1000,534,New York,New York,United States,aiark+blitz
Hooters Casino Hotel,hooterscasinohotel.com,https://www.hooterscasinohotel.com,https://www.linkedin.com/company/hooters-casino-hotel,Hospitality,501-1000,,Las Vegas,Nevada,United States,blitz
Hooters Of America,hooters.com,https://www.hooters.com,https://www.linkedin.com/company/hooters-of-america,Restaurants,10001+,7693,Clearwater,Florida,United States,aiark+blitz
Hopdoddy Burger Bar,hopdoddy.com,https://www.hopdoddy.com,https://www.linkedin.com/company/hopdoddy-burger-bar,Restaurants,501-1000,516,Austin,Texas,United States,blitz
Horseshoe Bay Resort,hsbresort.com,https://www.hsbresort.com,https://www.linkedin.com/company/horseshoe-bay-resort,Hospitality,501-1000,499,Horseshoe Bay,Texas,United States,blitz
Hospitality Enterprises,bigeasy.com,https://www.bigeasy.com,https://www.linkedin.com/company/hospitality-enterprises,Hospitality,501-1000,62,New Orleans,Louisiana,United States,blitz
Hospitality Management Advisors,hospitalityma.com,https://www.hospitalityma.com,https://www.linkedin.com/company/hospitality-management-advisors,Hospitality,501-1000,35,Cordova,Tennessee,United States,blitz
Hospitality Marketing Concepts,hmcloyalty.com,https://hmcloyalty.com,https://www.linkedin.com/company/hospitality-marketing-concepts,Hospitality,1001-5000,346,Newport Beach,California,United States,blitz
Hospitality Partners,hospitalitypartners.com,https://www.hospitalitypartners.com,https://www.linkedin.com/company/hospitality-partners,Hospitality,501-1000,73,Bethesda,Maryland,United States,blitz
HOSPITALITY recruiter recruiters EXECUTIVE search hotel chef restaurant manager +1-310-691-2586,hospitalityexecutive.com,http://hospitalityexecutive.com,https://www.linkedin.com/company/hospitality-executive,hospitality,,1281,Beverly Hills,California,United States,aiark
Hospitality Services Group,hospitalityservicesgroup.net,https://www.hospitalityservicesgroup.net,https://www.linkedin.com/company/hospitality-services-group,Hospitality,1001-5000,124,Munster,Indiana,United States,blitz
Hostess Brands,hostessbrands.com,https://www.hostessbrands.com,https://www.linkedin.com/company/hostessbrands,Food and Beverage Services,1001-5000,1410,Lenexa,Kansas,United States,aiark+blitz
Hot Topic,hottopic.com,https://www.hottopic.com,https://www.linkedin.com/company/hot-topic,Retail,5001-10000,8304,City Of Industry,California,United States,aiark+blitz
Hotel 1000,hotel1000seattle.com,http://www.hotel1000seattle.com,https://www.linkedin.com/company/hotel-1000,hospitality,,4770,Seattle,Washington,United States,aiark
Hotel Business Magazine,hotelbusiness.com,https://hotelbusiness.com,https://www.linkedin.com/company/hotel-business,hospitality,,910,Islandia,New York,United States,aiark
Hotel del Coronado,hoteldel.com,https://hoteldel.com,https://www.linkedin.com/company/hotel-del-coronado,hospitality,,752,Coronado,California,United States,aiark
Hotel Equities,hotelequities.com,http://www.hotelequities.com,https://www.linkedin.com/company/hotel-equities,hospitality,,990,Alpharetta,Georgia,United States,aiark
Hotel Hilton,,,https://www.linkedin.com/company/hotel-hilton,hospitality,,556,Waltham,Massachusetts,United States,aiark
Hotel Job Vacancy,oilpapa.com,https://frobia.com,https://www.linkedin.com/company/hotel-jobs-vacancy,hospitality,,1200,Warm Springs,Oregon,United States,aiark
"Hotel Management and Consulting, Inc.",hotelmc.net,https://www.hotelmc.net,https://www.linkedin.com/company/hotel-management-and-consulting,Hospitality,501-1000,139,Overland Park,Kansas,United States,blitz
Hotel Raddison,radisson.com,http://www.radisson.com,https://www.linkedin.com/company/hotel-raddison,hospitality,,1773,Omaha,Nebraska,United States,aiark
Hotel Shangri-La,shangrila-hotel.com,http://www.shangrila-hotel.com,https://www.linkedin.com/company/hotel-shangri-la,hospitality,,1635,Santa Monica,California,United States,aiark
Hotels & Resorts Of Halekulani,halekulani.com,https://www.halekulani.com,https://www.linkedin.com/company/hotels-and-resorts-of-halekulani,Hospitality,501-1000,490,Honolulu,Hawaii,United States,blitz
"Hotrec, Llc",hotrecllc.com,https://www.hotrecllc.com,https://www.linkedin.com/company/hotrec-llc,Hospitality,1001-5000,49,Atlanta,Georgia,United States,blitz
Hotshots Sports Bar And Grill,hotshotsnet.com,https://www.hotshotsnet.com,https://www.linkedin.com/company/hotshots-sports-bar-and-gill,Restaurants,501-1000,191,St. Charles,Missouri,United States,blitz
Houchens Food Group,hfginc.com,http://www.hfginc.com,https://www.linkedin.com/company/houchens-food-group-inc,retail,,518,Bowling Green,Kentucky,United States,aiark
Houligan\'s,wallywings.com,https://www.wallywings.com,https://www.linkedin.com/company/houligan-s,Restaurants,501-1000,78,Daytona Beach,Florida,United States,blitz
"Houlihan's Restaurants, Inc.",houlihans.com,https://houlihans.com,https://www.linkedin.com/company/houlihan's-restaurants-inc-,Hospitality,1001-5000,1018,Leawood,Kansas,United States,aiark+blitz
House of Raeford Farms,houseofraeford.com,http://www.houseofraeford.com,https://www.linkedin.com/company/house-of-raeford,food and beverage manufacturing,,1646,Rose Hill,North Carolina,United States,aiark
Housemart Ace Hardware Ben Franklin Crafts Daiso,hmstores.com,https://hmstores.com,https://www.linkedin.com/company/housemart-ace-hardware-ben-franklin-crafts,Retail,501-1000,75,Honolulu,Hawaii,United States,blitz
Housewife Store,entitledhousewife.com,http://www.entitledhousewife.com,https://www.linkedin.com/company/housewife-store,retail,,965,Miami,Florida,United States,aiark
Howard Johnson,howardjohnsoninc.com,http://www.howardjohnsoninc.com,https://www.linkedin.com/company/howard-johnson,hospitality,,1727,,,United States,aiark
HP Hood LLC,hood.com,http://www.hphood.com,https://www.linkedin.com/company/hp-hood,food and beverage manufacturing,,1995,Lynnfield,Massachusetts,United States,aiark
"HRM Enterprises, Inc.",hartvillejobs.com,https://hartvillejobs.com,https://www.linkedin.com/company/hrm-enterprises-inc,Retail,501-1000,45,Hartville,Ohio,United States,blitz
HTeaO,hteao.com,http://www.HTeaO.com,https://www.linkedin.com/company/hteao,restaurants,,650,Midland,Texas,United States,aiark
Hu,hukitchen.com,http://www.hukitchen.com,https://www.linkedin.com/company/hu-kitchen,food and beverage services,,1155,New York,New York,United States,aiark
Hualalai Resort,hualalairesort.com,https://www.hualalairesort.com,https://www.linkedin.com/company/hualalai-resort,Hospitality,501-1000,106,Kailua-Kona,,United States,blitz
Huck's Food and Fuel,hucks.com,http://www.hucks.com,https://www.linkedin.com/company/huck's-convenience-stores,retail,,903,Carmi,Illinois,United States,aiark
Huddle House,huddlehouse.com,https://www.huddlehouse.com,https://www.linkedin.com/company/huddlehouse,restaurants,,3387,Sandy Springs,Georgia,United States,aiark
Hudson,hudsongroup.com,https://www.hudsongroup.com,https://www.linkedin.com/company/hudson-group,Retail,5001-10000,2847,East Rutherford,New Jersey,United States,aiark+blitz
Hudson's Bay,careersathudsonsbay.com,https://www.instag,https://www.linkedin.com/company/hudsonsbay,retail,,1720,Toronto,,Canada,aiark
Hudson\'s Bay Company,hbc.com,https://www.hbc.com,https://www.linkedin.com/company/hudsonsbaycompany,Retail,10001+,7761,New York,New York,United States,aiark+blitz
Huey Magoo’s Restaurants LLC,hueymagoos.com,http://www.hueymagoos.com,https://www.linkedin.com/company/huey-magoo's-llc,restaurants,,571,Orlando,Florida,United States,aiark
Huffines Auto Dealerships,huffines.net,http://www.huffines.net,https://www.linkedin.com/company/huffines-auto-group,retail,,597,Plano,Texas,United States,aiark
HuHot Mongolian Grill,huhot.com,http://www.huhot.com,https://www.linkedin.com/company/huhot-mongolian-grill,food and beverage services,,779,Missoula,Montana,United States,aiark
Hulsing Hotels Inc,hulsingenterprises.com,https://hulsingenterprises.com,https://www.linkedin.com/company/hulsing-hotels-inc,Hospitality,1001-5000,56,Mission,Kansas,United States,blitz
Hungry Howie's Pizza,hungryhowies.com,https://www.hungryhowies.com,https://www.linkedin.com/company/hungryhowies,food and beverage services,,2995,Madison Heights,Michigan,United States,aiark
Hunter,hunterpr.com,http://www.hunterpr.com,https://www.linkedin.com/company/hunterny,public relations and communications services,,998,New York,New York,United States,aiark
Hunter Amenities International Ltd.,hunteramenities.com,https://www.hunteramenities.com,https://www.linkedin.com/company/hunter-amenities-international-ltd.,Hospitality,1001-5000,356,Burlington,Ontario,Canada,blitz
Hurley,hurley.com,http://hurley.com,https://www.linkedin.com/company/hurley,retail apparel and fashion,,763,Costa Mesa,California,United States,aiark
Hush Parties,hushparties.com,https://www.hushparties.com,https://www.linkedin.com/company/hush-parties,Retail,501-1000,6,Anaheim,California,United States,blitz
Husky Energy,cenovus.com,http://www.cenovus.com,https://www.linkedin.com/company/huskyenergy,oil and gas,,3056,Calgary,Alberta,Canada,aiark
Hussmann,hussmann.com,http://www.hussmann.com,https://www.linkedin.com/company/hussmann,retail,,3095,Bridgeton,Missouri,United States,aiark
HVS,hvs.com,http://www.hvs.com,https://www.linkedin.com/company/hvs,hospitality,,647,Loveland,Colorado,United States,aiark
Hwy 55,hwy55.com,http://www.Hwy55.com,https://www.linkedin.com/company/hwy-55-burgers-shakes-&-fries,restaurants,,874,Mount Olive,North Carolina,United States,aiark
Hy Cite,hycite.com,http://www.hycite.com,https://www.linkedin.com/company/hy-cite-corporation,financial services,,1371,Middleton,Wisconsin,United States,aiark
"Hy-Vee, Inc.",hy-vee.com,https://hy-vee.com,https://www.linkedin.com/company/hy-vee,Retail,10001+,18210,West Des Moines,Iowa,United States,aiark+blitz
Hyatt Regency Dallas,hyattregencydallas.com,https://www.hyattregencydallas.com,https://www.linkedin.com/company/hyatt-regency-dallas,Hospitality,501-1000,132,Dallas,Texas,United States,blitz
Hyatt Regency Denver,hyattregencydenver.com,https://www.hyattregencydenver.com,https://www.linkedin.com/company/hyatt-regency-denver,Hospitality,10001+,32,Denver,,United States,blitz
Hyatt Vacation Ownership,hvocareers.com,http://www.hvocareers.com,https://www.linkedin.com/company/hyattvacationownership,hospitality,,1007,Orlando,Florida,United States,aiark
Hyde Park Restaurant Group,hydeparkrestaurants.com,https://hydeparkrestaurants.com,https://www.linkedin.com/company/hyde-park-restaurant-group,Restaurants,501-1000,278,Beachwood,Ohio,United States,blitz
HyLife,hylife.com,https://hylife.com,https://www.linkedin.com/company/hylife,food and beverage manufacturing,,1042,Steinbach,Manitoba,Canada,aiark
Hyvee Employee Owned,,,https://www.linkedin.com/company/hyvee-employee-owned,restaurants,,1905,Omaha,Nebraska,United States,aiark
Häagen-Dazs Shops,icecream.com,https://www.icecream.com/us/en/brands/haagen-dazs/shops,https://www.linkedin.com/company/haagen-dazs-shops,restaurants,,1340,Eden Prairie,Minnesota,United States,aiark
Iberia Foods,iberiafoods.com,https://iberiafoods.com,https://www.linkedin.com/company/iberia-foods-corporation,Food and Beverage Services,1001-5000,249,Miami,Florida,United States,blitz
Ibotta,ibotta.com,http://www.ibotta.com,https://www.linkedin.com/company/ibotta-inc-,software development,,936,Denver,Colorado,United States,aiark
Iconink,iconink.com,https://iconink.com,https://www.linkedin.com/company/iconink,Restaurants,501-1000,42,Toronto,Ontario,Canada,blitz
ICSC,icsc.com,http://www.icsc.com,https://www.linkedin.com/company/icsc,real estate,,638,New York,New York,United States,aiark
IDA Pharmacy,guardian-ida-remedysrx.ca,http://www.guardian-ida-remedysrx.ca,https://www.linkedin.com/company/ida-pharmacies,retail,,576,Markham,Ontario,Canada,aiark
Ideal Market,laidealmarket.com,https://laidealmarket.com,https://www.linkedin.com/company/ideal-market,Retail,501-1000,132,New Orleans,Louisiana,United States,blitz
IDeaS Revenue Solutions,ideas.com,https://www.ideas.com,https://www.linkedin.com/company/ideas-revenue-solutions,Hospitality,501-1000,1081,Minneapolis,Minnesota,United States,aiark+blitz
"IGA, INC.",iga.com,http://corporate.iga.com,https://www.linkedin.com/company/iga-inc.,retail,,6772,Chicago,Illinois,United States,aiark
Ignite Medical Resorts,ignitemedicalresorts.com,http://www.ignitemedicalresorts.com,https://www.linkedin.com/company/ignite-medical-resorts,hospitals and health care,,753,Park Ridge,Illinois,United States,aiark
Ignite Restaurant Group,igniterestaurantgroup.com,https://www.igniterestaurantgroup.com,https://www.linkedin.com/company/ignite-restaurants,Restaurants,10001+,2309,Houston,Texas,United States,aiark+blitz
iHerb,iherb.com,https://www.iherb.com,https://www.linkedin.com/company/iherb,Retail,1001-5000,1834,Irvine,California,United States,aiark+blitz
IHOP,jbennettwomackrestaurants.com,http://jbennett@womackrestaurants.com,https://www.linkedin.com/company/ihop_2,restaurants,,2640,,,United States,aiark
IHOP,ihop.com,http://ihop.com,https://www.linkedin.com/company/ihop,restaurants,,1288,Los Angeles,,United States,aiark
Il Fornaio,ilfornaio.com,https://www.ilfornaio.com,https://www.linkedin.com/company/il-fornaio,Restaurants,1001-5000,789,Corte Madera,California,United States,aiark+blitz
IMG Models,imgmodels.com,http://www.imgmodels.com,https://www.linkedin.com/company/img-models,retail apparel and fashion,,693,New York,New York,United States,aiark
Imo's Pizza,imospizza.com,http://www.imospizza.com,https://www.linkedin.com/company/imo's-pizza,restaurants,,672,St. Louis,Missouri,United States,aiark
Imperfect Foods,imperfect.com,https://www.imperfect.com,https://www.linkedin.com/company/imperfect-foods-spc,Food and Beverage Services,1001-5000,373,San Francisco,California,United States,blitz
Imperial,imperial1916.com,http://www.imperial1916.com,https://www.linkedin.com/company/imperial-headwear,retail apparel and fashion,,541,Bourbon,Missouri,United States,aiark
"Imperial, LLC.",imperialco.com,https://www.imperialco.com,https://www.linkedin.com/company/imperial-inc-,Food and Beverage Services,501-1000,120,Tulsa,Oklahoma,United States,blitz
Impossible Foods,impossiblefoods.com,http://www.impossiblefoods.com,https://www.linkedin.com/company/impossible-foods-inc-,food and beverage services,,501,Redwood City,California,United States,aiark
In-N-Out Burger,in-n-out.com,https://www.in-n-out.com,https://www.linkedin.com/company/in-n-out-burger,Restaurants,10001+,14426,Irvine,California,United States,aiark+blitz
Independence Village,independencevillages.com,https://www.independencevillages.com,https://www.linkedin.com/company/independence-village-1440,Hospitality,1001-5000,,Brighton,Michigan,United States,blitz
Independent Bank,independentbank.com,https://www.IndependentBank.com,https://www.linkedin.com/company/independent-bank,banking,,945,Grand Rapids,Michigan,United States,aiark
Independent contracter,xprt.net,http://www.xprt.net/~sranney,https://www.linkedin.com/company/independent-contracter,retail,,1676,,,United States,aiark
Indian Spring Country Club,indianspringcc.com,https://www.indianspringcc.com/web/pages/home,https://www.linkedin.com/company/indian-spring-country-club,Hospitality,501-1000,44,Boynton Beach,Florida,United States,blitz
Indiana Packers Corporation,indianapackerscorp.com,https://indianapackerscorp.com,https://www.linkedin.com/company/indiana-packers-corporation,food and beverage manufacturing,,1020,Delphi,Indiana,United States,aiark
Indigo,indigo.ca,https://www.indigo.ca/en-ca,https://www.linkedin.com/company/indigo,Retail,1001-5000,6913,Toronto,Ontario,Canada,aiark+blitz
"Indoff, LLC",indoff.com,http://www.indoff.com,https://www.linkedin.com/company/indoff-llc,retail office equipment,,572,St. Louis,Missouri,United States,aiark
Industrial Physics,industrialphysics.com,https://www.industrialphysics.com,https://www.linkedin.com/company/industrial-physics,machinery manufacturing,,681,New Albany,Indiana,United States,aiark
Industrious,industriousoffice.com,https://www.industriousoffice.com,https://www.linkedin.com/company/industrioushq,hospitality,,1114,New York,New York,United States,aiark
Industry,industry.co,http://industryrecruiterai.com,https://www.linkedin.com/company/industryrecruiterai,software development,,993,San Diego,California,United States,aiark
INFRA,naturalfoodretailers.com,http://www.naturalfoodretailers.com,https://www.linkedin.com/company/infra-independent-natural-food-retailers-association,retail,,750,St Paul,Minnesota,United States,aiark
"Ingles Markets, Inc.",inglescareers.com,http://www.inglescareers.com,https://www.linkedin.com/company/inglescareers,retail,,7627,Black Mountain,North Carolina,United States,aiark
Ingredion Incorporated,ingredion.com,https://www.ingredion.com,https://www.linkedin.com/company/ingredion-incorporated,Food and Beverage Services,10001+,8471,Westchester,Illinois,United States,aiark+blitz
Inkstop,goinkstop.com,https://www.goinkstop.com,https://www.linkedin.com/company/inkstop,Retail,501-1000,,Warrensville Heights,Ohio,United States,blitz
"Inmotion Entertainment Group, Llc",inmotionstores.com,https://www.inmotionstores.com,https://www.linkedin.com/company/inmotion-entertainment-llc,Retail,1001-5000,432,Las Vegas,Nevada,United States,blitz
"Innisbrook, A Salamander Resort",visitinnisbrook.com,https://www.visitinnisbrook.com,https://www.linkedin.com/company/innisbrook-resort,Hospitality,501-1000,37,Palm Harbor,Florida,United States,blitz
Innisfree Hotels,innisfreehotels.com,https://innisfreehotels.com,https://www.linkedin.com/company/innisfree-hotels,Hospitality,1001-5000,296,Gulf Breeze,Florida,United States,blitz
InnTrusted Hotels,inntrusted.com,https://www.inntrusted.com,https://www.linkedin.com/company/inntrusted,Hospitality,501-1000,27,Idaho Falls,Idaho,United States,blitz
InnVentures IVI LP,innventures.com,https://www.innventures.com,https://www.linkedin.com/company/innventures-ivi-llc,Hospitality,1001-5000,288,Kent,Washington,United States,blitz
InnVest Hotels,innvesthotels.com,https://www.innvesthotels.com,https://www.linkedin.com/company/innvest-hotels,Hospitality,5001-10000,245,Toronto,Ontario,Canada,blitz
Insomnia Cookies,insomniacookies.com,http://insomniacookies.com,https://www.linkedin.com/company/insomnia-cookies,restaurants,,1983,Philadelphia,Pennsylvania,United States,aiark
Inspirato,inspirato.com,https://bit.ly/3akhxP7,https://www.linkedin.com/company/inspirato,hospitality,,538,Denver,Colorado,United States,aiark
Inspire,inspirebrands.com,http://stories.inspirebrands.com,https://www.linkedin.com/company/inspire-brands,restaurants,,55719,Atlanta,Georgia,United States,aiark
Instore Group,theinstoregroup.com,https://www.theinstoregroup.com,https://www.linkedin.com/company/the-instore-group,Retail,1001-5000,218,Charlotte,North Carolina,United States,blitz
Integracolor,ororavisual.com,https://www.ororavisual.com,https://www.linkedin.com/company/integracolor,Retail,501-1000,103,Mesquite,Texas,United States,blitz
Interface Systems,interfacesystems.com,http://www.interfacesystems.com,https://www.linkedin.com/company/interfacesystems,security and investigations,,620,St Louis,Missouri,United States,aiark
Interior Design By Distinctive Decor,d-decor.com,https://www.d-decor.com,https://www.linkedin.com/company/interior-design-by-distinctive-decor,Retail,10001+,4,,,United States,blitz
Intermountain Management,immhotels.com,https://www.immhotels.com,https://www.linkedin.com/company/intermountain-management,Hospitality,1001-5000,293,Monroe,Louisiana,United States,blitz
International Fertilizer Development Center (IFDC),ifdc.org,http://www.ifdc.org,https://www.linkedin.com/company/ifdc,international trade and development,,1073,Muscle Shoals,Alabama,United States,aiark
International Restaurant Management Group,irmgusa.com,https://www.irmgusa.com,https://www.linkedin.com/company/international-restaurant-management-group,Restaurants,501-1000,35,Coral Gables,Florida,United States,blitz
International Shoppes,ishoppes.com,https://www.ishoppes.com,https://www.linkedin.com/company/international-shoppes,Retail,501-1000,236,Valley Stream,New York,United States,blitz
Internova Travel Group,internova.com,https://www.internova.com,https://www.linkedin.com/company/internova-travel-group,Hospitality,5001-10000,6286,New York,New York,United States,aiark+blitz
Interstate Batteries - All Battery Center,interstatebatteries.com,https://www.interstatebatteries.com/all-battery-centers,https://www.linkedin.com/company/interstate-batteries-all-battery-center,Retail,501-1000,99,Dallas,Texas,United States,blitz
InTown Suites,intownsuites.com,https://www.intownsuites.com,https://www.linkedin.com/company/intown-suites,hospitality,,690,Sandy Springs,Georgia,United States,aiark
Invision Creative Cafe,invisioncafe.com,https://invisioncafe.com,https://www.linkedin.com/company/invision-creative-cafe,Restaurants,10001+,1,St. Petersburg,Florida,United States,blitz
Iowa 80 Truckstop Inc,iowa80truckstop.com,https://iowa80truckstop.com,https://www.linkedin.com/company/iowa-80-truckstop-inc,Hospitality,501-1000,63,Walcott,Iowa,United States,blitz
IPIC Theaters,ipic.com,https://www.workatipic.com,https://www.linkedin.com/company/ipictheaters,entertainment providers,,772,Boca Raton,Florida,United States,aiark
Iron Hill Brewery,ironhillbrewery.com,http://www.ironhillbrewery.us,https://www.linkedin.com/company/ironhillbrewery,restaurants,,602,Philadelphia,Pennsylvania,United States,aiark
Irrigation Dept,,,https://www.linkedin.com/company/irrigation-dept,retail art supplies,,534,Jerome,Idaho,United States,aiark
Island Hospitality Management,islandhospitality.com,https://www.islandhospitality.com,https://www.linkedin.com/company/island-hospitality-management,Hospitality,5001-10000,656,West Palm Beach,Florida,United States,aiark+blitz
Island Resort & Casino,islandresortandcasino.com,https://www.islandresortandcasino.com,https://www.linkedin.com/company/island-resort-&-casino,Hospitality,501-1000,226,Harris,Michigan,United States,blitz
Islands Restaurants,islandsrestaurants.com,http://islandsrestaurants.com,https://www.linkedin.com/company/islands-restaurants,restaurants,,1024,,,United States,aiark
ISS Facility Services - North America,issworld.com,http://www.us.issworld.com,https://www.linkedin.com/company/iss-facility-services,facilities services,,3782,San Antonio,Texas,United States,aiark
It Works! Global,itworks.com,http://www.itworks.com,https://www.linkedin.com/company/it-works-global,retail,,8804,Palmetto,Florida,United States,aiark
IT'SUGAR,itsugar.com,https://www.itsugar.com,https://www.linkedin.com/company/itsugar,Retail,501-1000,501,Fort Lauderdale,Florida,United States,aiark+blitz
Italianni's International,italiannis.com,http://www.italiannis.com,https://www.linkedin.com/company/italianni's-international,restaurants,,567,Miami,Florida,United States,aiark
ITS Logistics,its4logistics.com,http://www.its4logistics.com,https://www.linkedin.com/company/its-logistics,truck transportation,,1006,Reno,Nevada,United States,aiark
"J & A Food Service, Inc",jafoods.com,https://www.jafoods.com,https://www.linkedin.com/company/j-&-a-food-service-inc,Restaurants,1001-5000,54,Redding,California,United States,blitz
J&J Snack Foods Corp,jjsnack.com,http://www.jjsnack.com,https://www.linkedin.com/company/j&j-snack-foods,food and beverage services,,1023,Mount Laurel,New Jersey,United States,aiark
J. Jill,jjill.com,https://www.jjill.com,https://www.linkedin.com/company/j--jill,Retail,1001-5000,2557,Quincy,Massachusetts,United States,aiark+blitz
J.Crew,jcrew.com,https://www.jcrew.com,https://www.linkedin.com/company/j-crew,retail apparel and fashion,,15298,New York,New York,United States,aiark
"J.D. Byrider Systems, Inc",jdbyrider.com,https://jdbyrider.com,https://www.linkedin.com/company/j.d.-byrider-systems-inc.,Retail,1001-5000,,Carmel,Indiana,United States,blitz
"J.D. Irving, Limited",jdirving.com,http://www.jdirving.com,https://www.linkedin.com/company/jd-irving,paper and forest product manufacturing,,2813,Saint John,Nb,Canada,aiark
J.Hilburn,jhilburn.com,http://www.jhilburn.com,https://www.linkedin.com/company/j-hilburn,retail apparel and fashion,,1249,Dallas,Texas,United States,aiark
JA,jamericatlg.com,http://www.jamericatlg.com,https://www.linkedin.com/company/j-america-licensed-products,retail apparel and fashion,,2024,Fowlerville,Michigan,United States,aiark
Jacent,jacentretail.com,https://jacentretail.com,https://www.linkedin.com/company/jacent,Retail,1001-5000,795,Cinnaminson,New Jersey,United States,aiark+blitz
Jack Astor's Bar and Grill,jackastors.com,http://jackastors.com,https://www.linkedin.com/company/jack-astor's-bar-and-grill,restaurants,,1256,Burlington,Ontario,Canada,aiark
Jack in the Box,jackinthebox.com,https://www.jackinthebox.com,https://www.linkedin.com/company/jack-in-the-box,Restaurants,10001+,21769,San Diego,California,United States,aiark+blitz
Jack Link's Protein Snacks,jacklinks.com,http://www.jacklinks.com,https://www.linkedin.com/company/jack-link's-protein-snacks,manufacturing,,1352,Minong,Wisconsin,United States,aiark
Jack Victor Limited,jackvictor.com,https://www.jackvictor.com,https://www.linkedin.com/company/jack-victor-limited,Retail,501-1000,155,Montreal,Québec,Canada,blitz
"Jack's Family Restaurants, LP",eatatjacks.com,https://www.eatatjacks.com,https://www.linkedin.com/company/jack's-family-restaurants-inc.,Restaurants,5001-10000,2924,Homewood,Alabama,United States,aiark+blitz
Jacksons Food Stores,jacksons.com,http://www.jacksons.com,https://www.linkedin.com/company/jacksons-food-stores,retail,,1208,Meridian,Idaho,United States,aiark
Jacuzzi Group,jacuzzi.com,http://www.jacuzzi.com,https://www.linkedin.com/company/jacuzzi-group,manufacturing,,723,Chino,California,United States,aiark
Jamba,jamba.com,https://www.jamba.com,https://www.linkedin.com/company/jamba-juice,Food and Beverage Services,1001-5000,4868,Atlanta,Georgia,United States,aiark+blitz
James Avery Artisan Jewelry,jamesavery.com,https://www.jamesavery.com/careers,https://www.linkedin.com/company/jamesavery,Retail,1001-5000,1971,Kerrville,Texas,United States,aiark+blitz
Janie and Jack,janieandjack.com,https://www.janieandjack.com,https://www.linkedin.com/company/janie-and-jack,Retail,1001-5000,649,San Francisco,California,United States,aiark+blitz
Jared Jewelers,jared.com,http://www.jared.com,https://www.linkedin.com/company/jaredjewelers,retail luxury goods and jewelry,,2206,,,United States,aiark
Jasper Innovative Solutions,jasperinnovativesolutions.com,https://jasperinnovativesolutions.com,https://www.linkedin.com/company/jasper-innovative-solutions,Retail,1001-5000,18,Leavenworth,Indiana,United States,blitz
JB,jbgroup.com,http://www.jbgroup.com,https://www.linkedin.com/company/j&b-group,manufacturing,,830,St. Michael,Minnesota,United States,aiark
JBS USA,jbsfoodsgroup.com,http://www.jbsfoodsgroup.com,https://www.linkedin.com/company/jbsusa,food and beverage manufacturing,,5736,Greeley,Colorado,United States,aiark
JC Licht,jclicht.com,https://jclicht.com,https://www.linkedin.com/company/jclicht,Retail,501-1000,208,Addison,Illinois,United States,blitz
Jc Penny,,,https://www.linkedin.com/company/jc-penny,retail apparel and fashion,,1806,Chattanooga,Tennessee,United States,aiark
JCPenney,jcpenney.com,https://www.jcpenney.com,https://www.linkedin.com/company/jcpenney,Retail,10001+,35151,Plano,Texas,United States,aiark+blitz
JCPenny,,,https://www.linkedin.com/company/jcpenny,retail,,1392,Hanford,California,United States,aiark
JD Finish Line,finishline.com,http://www.finishline.com,https://www.linkedin.com/company/jd-finish-line,retail,,8762,Indianapolis,Indiana,United States,aiark
JD Sports Canada,jdplc.com,https://www.jdplc.com,https://www.linkedin.com/company/jd-sports-canada,retail,,715,Vancouver,Bc,Canada,aiark
Jean Coutu,jeancoutu.com,http://www.jeancoutu.com,https://www.linkedin.com/company/jean-coutu,retail,,6235,Varennes,Quebec,Canada,aiark
Jean-Georges Management,jean-georges.com,https://www.jean-georges.com,https://www.linkedin.com/company/jean-georges-management,Restaurants,1001-5000,280,New York,New York,United States,blitz
Jeeter - a DreamFields Brand,dreamfields.com,http://www.dreamfields.com,https://www.linkedin.com/company/jeeter,manufacturing,,564,Desert Hot Springs,California,United States,aiark
Jeff Ruby Culinary Entertainment,jeffruby.com,https://www.jeffruby.com,https://www.linkedin.com/company/jeff-ruby-culinary-entertainment,Restaurants,501-1000,357,Cincinnati,Ohio,United States,blitz
Jeni's Splendid Ice Creams,jenis.com,http://jenis.com,https://www.linkedin.com/company/jenisicecreams,food and beverage manufacturing,,749,Columbus,Ohio,United States,aiark
Jennie-O Turkey Store,jennieo.com,http://www.jennieo.com,https://www.linkedin.com/company/jennie-o-turkey-store,food and beverage manufacturing,,1045,Willmar,Minnesota,United States,aiark
Jeremiah's Italian Ice,jeremiahsice.com,http://jeremiahsice.com,https://www.linkedin.com/company/jeremiahsice,food and beverage services,,667,Orlando,Florida,United States,aiark
Jerry's Enterprises,jerrysfoods.com,https://www.jerrysfoods.com,https://www.linkedin.com/company/jerrys-foods,Retail,1001-5000,443,Edina,Minnesota,United States,blitz
Jerry\'s Home Improvement Center,betterheadforjerrys.com,https://betterheadforjerrys.com,https://www.linkedin.com/company/jerry-s-home-improvement-center,Retail,501-1000,196,Eugene,Oregon,United States,blitz
Jersey Mike's Subs,jerseymikes.com,http://www.jerseymikes.com,https://www.linkedin.com/company/jerseymikes,restaurants,,15967,Manasquan,New Jersey,United States,aiark
"Jet Enterprises, Llc",jjsgrill.com,https://www.jjsgrill.com,https://www.linkedin.com/company/jet-enterprises-llc,Restaurants,501-1000,16,Fayetteville,Arkansas,United States,blitz
Jets Pizza,jetspizza.com,http://www.jetspizza.com,https://www.linkedin.com/company/jets-pizza,food and beverage services,,2731,Sterling Heights,Michigan,United States,aiark
Jewel-Osco,jewelosco.com,https://www.jewelosco.com,https://www.linkedin.com/company/jewel-osco,Retail,10001+,11470,Itasca,Illinois,United States,aiark+blitz
Jewelry Television,jtv.com,https://www.jtv.com,https://www.linkedin.com/company/jewelry-television,Retail,1001-5000,1030,Knoxville,Tennessee,United States,aiark+blitz
Jiffy Lube International,jiffylube.com,https://franchise.jiffylube.com,https://www.linkedin.com/company/jiffy-lube-international,motor vehicle manufacturing,,4851,Houston,Texas,United States,aiark
Jim 'N Nick's Community Bar-B-Q,jimnnicks.com,https://www.jimnnicks.com,https://www.linkedin.com/company/jim-'n-nick's-bar-b-q,Restaurants,1001-5000,1319,Birmingham,Alabama,United States,aiark+blitz
Jimmy Changas,freshmexfun.com,https://www.freshmexfun.com,https://www.linkedin.com/company/jimmy-changas,Restaurants,1001-5000,187,La Porte,Texas,United States,blitz
Jimmy Jazz,snipesusa.com,http://www.snipesusa.com,https://www.linkedin.com/company/jimmy-jazz,retail,,1123,Philadelphia,Pennsylvania,United States,aiark
Jimmy John's,jimmyjohns.com,http://www.jimmyjohns.com,https://www.linkedin.com/company/jimmy-john's,restaurants,,19999,Sandy Springs,Georgia,United States,aiark
JINYA Ramen Bar,jinyaramenbar.com,https://jinyaramenbar.com,https://www.linkedin.com/company/jinya-ramen-bar-franchise,restaurants,,567,Los Angeles,California,United States,aiark
Joann Fabrics,,,https://www.linkedin.com/company/joann-fabrics,retail,,679,Onondaga,New York,United States,aiark
Joann Stores,joann.com,https://www.joann.com/careers,https://www.linkedin.com/company/jo-ann-stores-inc-,Retail,10001+,,Hudson,Ohio,United States,aiark+blitz
JobsInfo | Hotel Jobs | Hospitality Careers,dubaivacancy.info,https://www.dubaivacancy.info,https://www.linkedin.com/company/jobsinfo-org-maldivesjobs-info,hospitality,,1121,Los Angeles,California,United States,aiark
"Jockey International, Inc.",jockey.com,https://www.jockey.com,https://www.linkedin.com/company/jockey-international-inc,Retail,1001-5000,3523,Kenosha,Wisconsin,United States,aiark+blitz
Joe Fresh,joefresh.com,http://JoeFresh.com,https://www.linkedin.com/company/joe-fresh,retail,,594,Toronto,Ontario,Canada,aiark
Joe's Crab Shack,joescrabshack.com,https://www.joescrabshack.com,https://www.linkedin.com/company/joe's-crab-shack,Restaurants,10001+,1970,Houston,Texas,United States,aiark+blitz
JOEY Restaurant Group,joeyrestaurants.com,https://www.joeyrestaurants.com,https://www.linkedin.com/company/joey-restaurant-group,Restaurants,5001-10000,2831,Vancouver,British Columbia,Canada,aiark+blitz
JOH,johare.com,http://www.joh.com,https://www.linkedin.com/company/joh,food and beverage services,,857,Billerica,Massachusetts,United States,aiark
"John B. Sanfilippo & Son, Inc.",jbssinc.com,http://www.jbssinc.com,https://www.linkedin.com/company/john-b--sanfilippo-&-son-inc-,food and beverage manufacturing,,601,Elgin,Illinois,United States,aiark
John Gore Organization,johngore.com,http://www.johngore.com,https://www.linkedin.com/company/john-gore-organization,entertainment providers,,549,New York,New York,United States,aiark
John Soules Foods,johnsoulesfoods.com,http://www.soulesfoods.com,https://www.linkedin.com/company/soulesfoods,food and beverage manufacturing,,757,Tyler,Texas,United States,aiark
Johnny Rockets,johnnyrockets.com,http://www.johnnyrockets.com,https://www.linkedin.com/company/johnny-rockets,restaurants,,1923,Lake Forest,California,United States,aiark
Johnny\'s Italian Steakhouse,johnnysitaliansteakhouse.com,https://johnnysitaliansteakhouse.com,https://www.linkedin.com/company/johnny's-italian-steakhouse,Restaurants,501-1000,209,Moline,Illinois,United States,blitz
Johnson & Johnson Consumer Health,jnjconsumerhealth.com,https://www.jnjconsumerhealth.com,https://www.linkedin.com/company/jntl,retail,,1496,.,.,United States,aiark
Johnson Brothers,johnsonbrothers.com,http://www.johnsonbrothers.com,https://www.linkedin.com/company/johnson-brothers-,beverage manufacturing,,2427,St. Paul,Minnesota,United States,aiark
Johnson Outdoors,johnsonoutdoors.com,https://www.johnsonoutdoors.com,https://www.linkedin.com/company/johnson-outdoors,Retail,1001-5000,1254,Racine,Wisconsin,United States,aiark+blitz
Johnsonville,johnsonville.com,http://www.careers.johnsonville.com/Johnsonville,https://www.linkedin.com/company/johnsonville-sausage,food and beverage manufacturing,,1252,Sheboygan Falls,Wisconsin,United States,aiark
Johnston & Murphy,johnstonmurphy.com,https://www.johnstonmurphy.com,https://www.linkedin.com/company/johnstonmurphy,Retail,501-1000,659,Nashville,Tennessee,United States,aiark+blitz
Jollibee Group North America,jollibeefoods.com,http://www.jollibeeusa.com,https://www.linkedin.com/company/jollibee-group-north-america,restaurants,,838,West Covina,California,United States,aiark
Jonathan Club,jc.org,https://www.jc.org,https://www.linkedin.com/company/jonathan-club,Hospitality,501-1000,246,Los Angeles,California,United States,blitz
Jonathan\'s Grille,jonathansgrille.com,https://www.jonathansgrille.com,https://www.linkedin.com/company/jonathans-grille,Food and Beverage Services,1001-5000,167,Franklin,Tennessee,United States,blitz
Jons Marketplace,jonsmarketplace.com,https://www.jonsmarketplace.com,https://www.linkedin.com/company/jons-marketplace,Food and Beverage Services,1001-5000,246,Los Angeles,California,United States,blitz
Jordan Restaurant Group,jordanrestaurantgroup.com,https://www.jordanrestaurantgroup.com,https://www.linkedin.com/company/jordan-restaurant-group,Restaurants,501-1000,12,Westerville,Ohio,United States,blitz
Jos. A. Bank Clothiers,josbank.com,https://www.josbank.com,https://www.linkedin.com/company/jos--a--bank-clothiers,Retail,1001-5000,1834,Fremont,California,United States,aiark+blitz
Jose Pepper\'s Restaurants,josepeppers.com,https://www.josepeppers.com,https://www.linkedin.com/company/jose-peppers-marketplace,Food and Beverage Services,1001-5000,226,Overland Park,Kansas,United States,blitz
Jostens,jostens.com,https://www.jostens.com/?utm_source=linkedin&utm_medium=social&utm_campaign=ENT_SY25_LINK_IN_BIO_ORGANIC_20250319,https://www.linkedin.com/company/jostens,manufacturing,,2960,Minneapolis,Minnesota,United States,aiark
Journeys,journeys.com,https://www.journeys.com/careers,https://www.linkedin.com/company/journeys,Retail,10001+,8656,Nashville,Tennessee,United States,aiark+blitz
Joya,joyasushi.ca,https://joyasushi.ca,https://www.linkedin.com/company/joya,Restaurants,10001+,65,Hamilton,,Canada,blitz
JS,johnsolomon.org,http://johnsolomon.org,https://www.linkedin.com/company/jsformula,retail,,719,Chino Hills,California,United States,aiark
Junction City,junctioncitymusichall.com,https://junctioncitymusichall.com,https://www.linkedin.com/company/junction-city,Restaurants,10001+,16,Toronto,Ontario,Canada,blitz
Jungle Jim's International Market,junglejims.com,https://www.junglejims.com,https://www.linkedin.com/company/jungle-jim's-international-market,Retail,501-1000,402,Fairfield,Ohio,United States,blitz
Just Salad,justsalad.com,http://www.justsalad.com,https://www.linkedin.com/company/just-salad,restaurants,,618,New York,,United States,aiark
Justice,shopjustice.com,https://www.walmart.com/brand/justice/10010585,https://www.linkedin.com/company/justicebrand,retail,,3773,Columbus,Ohio,United States,aiark
Justrite Safety Group,justrite.com,https://www.justrite.com,https://www.linkedin.com/company/justrite-safety,manufacturing,,1094,Deerfield,Illinois,United States,aiark
Jw Marriott Austin,jwmarriottaustin.com,https://www.jwmarriottaustin.com,https://www.linkedin.com/company/jw-marriott-austin,Hospitality,501-1000,127,Austin,Texas,United States,blitz
JW Marriott Indianapolis,jwindy.com,https://www.jwindy.com,https://www.linkedin.com/company/jw-marriott-indianapolis,Hospitality,501-1000,181,Indianapolis,Indiana,United States,blitz
Jw Marriott Miami Turnberry Resort & Spa,jwturnberry.com,https://www.jwturnberry.com,https://www.linkedin.com/company/turnberry-isle-miami,Hospitality,501-1000,356,Aventura,Florida,United States,blitz
K&G Fashion Superstore,kgstores.com,https://www.kgstores.com,https://www.linkedin.com/company/k&g-fashion-superstore,Retail,1001-5000,941,Atlanta,Georgia,United States,aiark+blitz
K&w Cafeterias,kwcafeterias.com,https://kwcafeterias.com,https://www.linkedin.com/company/kw-cafeterias,Restaurants,1001-5000,163,Greensboro,,United States,blitz
K-Swiss Global Brands,ksgb.com,http://www.ksgb.com,https://www.linkedin.com/company/ksgb,retail apparel and fashion,,3222,Los Angeles,California,United States,aiark
Kafé,drinkkafe.com,http://drinkkafe.com,https://www.linkedin.com/company/drinkkafe,food and beverage services,,654,Forest Grove,Oregon,United States,aiark
Kal Tire,kaltire.com,https://www.kaltire.com,https://www.linkedin.com/company/kaltire,Retail,5001-10000,4125,Vernon,British Columbia,Canada,aiark+blitz
Kalahari Resorts & Conventions,kalahariresorts.com,https://www.kalahariresorts.com,https://www.linkedin.com/company/kalahari-resorts-conventions,Hospitality,1001-5000,2282,Wisconsin Dells,Wisconsin,United States,aiark+blitz
Kalispel Tribal Economic Authority,ktea.com,https://www.ktea.com,https://www.linkedin.com/company/kalispel-tribal-economic-authority,Hospitality,1001-5000,52,Airway Heights,Washington,United States,blitz
Kana Hotel Group,kanahotelgroup.com,https://www.kanahotelgroup.com,https://www.linkedin.com/company/kana-hotel-group,Hospitality,1001-5000,109,Knoxville,Tennessee,United States,blitz
"Kangaroo Express, an operating trade name of The Pantry, Inc.",kangarooexpress.com,http://www.kangarooexpress.com,https://www.linkedin.com/company/kangaroo-express,retail,,1330,Cary,North Carolina,United States,aiark
Kansas Sampler,kansassampler.com,https://www.kansassampler.com,https://www.linkedin.com/company/kansas-sampler,Retail,501-1000,24,Lenexa,Kansas,United States,blitz
Karachi,,,https://www.linkedin.com/company/karachi,restaurants,,773,Miami,Florida,United States,aiark
Karl Strauss Brewing Company,karlstrauss.com,https://www.karlstrauss.com,https://www.linkedin.com/company/karl-strauss-brewing-company,Food and Beverage Services,501-1000,280,San Diego,California,United States,blitz
Karsten Manufacturing Corporation,ping.com,https://ping.com,https://www.linkedin.com/company/karsten-manufacturing-corporation,Retail,501-1000,11,Phoenix,Arizona,United States,aiark+blitz
Kasa,kasa.com,https://kasa.com,https://www.linkedin.com/company/kasaliving,hospitality,,577,New York,New York,United States,aiark
Kaskaid Hospitality,craveamerica.com,https://craveamerica.com/eden-prairie-crave-american-kitchen-and-sushi-bar-careers,https://www.linkedin.com/company/crave-restaurant,Restaurants,1001-5000,184,Eden Prairie,Minnesota,United States,blitz
kate spade new york,katespade.com,https://www.katespade.com,https://www.linkedin.com/company/kate-spade-new-york,retail apparel and fashion,,4058,New York,New York,United States,aiark
Kay Jewelers,,,https://www.linkedin.com/company/kay-jewelers,retail,,2429,Merritt Island,Florida,United States,aiark
"Kay Jewelers Outlet in Leeds, AL",kayoutlet.com,http://stores.kayoutlet.com/al/leeds/6200-grand-river-blvd--e.html,https://www.linkedin.com/company/kay-jewlers,retail,,567,Leeds,Alabama,United States,aiark
KAYU,kayudesign.com,http://www.kayudesign.com,https://www.linkedin.com/company/kayu,retail apparel and fashion,,853,San Mateo,California,United States,aiark
Kb Toys,kbtoys.com,https://www.kbtoys.com,https://www.linkedin.com/company/kb-toys,Retail,10001+,203,Pittsfield,Massachusetts,United States,blitz
KBP Brands,kbpbrands.com,http://www.kbpbrands.com,https://www.linkedin.com/company/kbp-brands,restaurants,,552,Leawood,Kansas,United States,aiark
KBP Foods,kbp-foods.com,http://www.kbpbrands.com,https://www.linkedin.com/company/kbp-foods,restaurants,,964,Overland Park,Kansas,United States,aiark
"Kbp Investments, Llc",kbpinvestments.com,https://kbpinvestments.com,https://www.linkedin.com/company/kbp-investments-llc,Restaurants,1001-5000,3,Overland Park,Kansas,United States,blitz
"KBS - Kellermeyer Bergensons Services, LLC",kbs-services.com,http://www.kbs-services.com,https://www.linkedin.com/company/kellermeyer-bergensons-services-llc,facilities services,,5711,Oceanside,California,United States,aiark
Kedai Makan,kedaimakansea.com,http://kedaimakansea.com,https://www.linkedin.com/company/kedai-makan,restaurants,,796,Seattle,Washington,United States,aiark
KEEN,keenfootwear.com,http://www.keenfootwear.com,https://www.linkedin.com/company/keen,retail apparel and fashion,,887,Portland,Oregon,United States,aiark
Keffer Automotive Group,kefferauto.com,https://www.kefferauto.com,https://www.linkedin.com/company/kefferautogroup,Retail,501-1000,40,Charlotte,North Carolina,United States,blitz
KeHE & DPI Specialty Foods,dpispecialtyfoods.com,http://www.dpispecialtyfoods.com,https://www.linkedin.com/company/dpi-specialty-foods,wholesale,,710,Ontario,California,United States,aiark
KeHE Distributors,kehe.com,https://www.kehe.com,https://www.linkedin.com/company/kehe-distributors-inc,Food and Beverage Services,5001-10000,4593,Naperville,Illinois,United States,aiark+blitz
Keke's Breakfast Cafe,kekes.com,http://www.kekes.com,https://www.linkedin.com/company/keke's-breakfast-cafe-inc.,restaurants,,803,Orlando,Florida,United States,aiark
Kellanova,kellanova.com,http://www.kellanova.com,https://www.linkedin.com/company/kellanova,food and beverage manufacturing,,6212,Chicago,Illinois,United States,aiark
Kellogg Company,kelloggcompany.com,http://kelloggcompany.com,https://www.linkedin.com/company/kellogg-company,manufacturing,,14307,Battle Creek,Michigan,United States,aiark
Kellogg Hotel & Conference Center,kelloggcenter.com,https://www.kelloggcenter.com,https://www.linkedin.com/company/kellogg-hotel-&-conference-center,Hospitality,501-1000,164,East Lansing,Michigan,United States,blitz
Kelly-Moore Paints,kellymooreshop.com,https://kellymooreshop.com,https://www.linkedin.com/company/kelly-moore-paints,retail,,579,Irving,Texas,United States,aiark
"Kelton Enterprises, Llc",keltonenterprises.com,https://www.keltonenterprises.com,https://www.linkedin.com/company/kelton-enterprises-llc-wny,Food and Beverage Services,501-1000,65,Amherst,New York,United States,blitz
Kemin Industries,kemin.com,http://www.kemin.com,https://www.linkedin.com/company/kemin-industries,biotechnology research,,2210,Des Moines,Iowa,United States,aiark
KemperSports,kempersports.com,http://www.kempersports.com,https://www.linkedin.com/company/kempersports,hospitality,,667,Northbrook,Illinois,United States,aiark
Kemps LLC,kemps.com,http://www.kemps.com,https://www.linkedin.com/company/kemps-llc,food and beverage manufacturing,,594,St. Paul,Minnesota,United States,aiark
Ken's Foods,kensfoods.com,http://www.kensfoods.com,https://www.linkedin.com/company/ken's-foods,food and beverage manufacturing,,972,Marlborough,Massachusetts,United States,aiark
"Kendo Brands, Inc.",kendobrands.com,http://www.kendobrands.com,https://www.linkedin.com/company/kendo-brands-inc-,personal care product manufacturing,,876,San Francisco,California,United States,aiark
Kendra Scott,kendrascott.com,http://www.kendrascott.com,https://www.linkedin.com/company/kendra-scott,retail luxury goods and jewelry,,2514,Austin,Texas,United States,aiark
Kenneth Cole Productions,kennethcole.com,https://www.kennethcole.com/pages/careers,https://www.linkedin.com/company/kenneth-cole-productions,retail apparel and fashion,,963,New York,New York,United States,aiark
Kent Building Supplies,kent.ca,https://kent.ca,https://www.linkedin.com/company/kent-building-supplies,Retail,1001-5000,1636,Saint John,New Brunswick,Canada,aiark+blitz
KENT WORLDWIDE,kentww.com,http://kentww.com,https://www.linkedin.com/company/kent-worldwide,food and beverage manufacturing,,591,Muscatine,Iowa,United States,aiark
Kentucky Fried Chicken Restaurant,,,https://www.linkedin.com/company/kentucky-fried-chicken-restaurant,restaurants,,1662,Corydon,Indiana,United States,aiark
Keolis Commuter Services,keoliscs.com,http://www.keoliscs.com,https://www.linkedin.com/company/keolis-commuter-services,truck transportation,,662,Boston,Massachusetts,United States,aiark
Kerbey Lane Cafe,kerbeylanecafe.com,https://www.kerbeylanecafe.com,https://www.linkedin.com/company/kerbey-lane-cafe,Restaurants,501-1000,214,Austin,Texas,United States,blitz
Kerry Foodservice,kerryfoodservice.com,https://www.kerryfoodservice.com,https://www.linkedin.com/company/kerryfoodservice,Food and Beverage Services,501-1000,496,Beloit,Wisconsin,United States,blitz
Kessler Collection,kesslercollection.com,https://www.kesslercollection.com,https://www.linkedin.com/company/kessler-collection,Hospitality,1001-5000,388,Orlando,Florida,United States,blitz
Kettle Cuisine,kettlecuisine.com,https://www.kettlecuisine.com,https://www.linkedin.com/company/kettle-cuisine,Food and Beverage Services,501-1000,471,Lynn,Massachusetts,United States,blitz
Keurig Dr Pepper Inc.,keurigdrpepper.com,https://www.keurigdrpepper.com,https://www.linkedin.com/company/keurig-dr-pepper-inc,Food and Beverage Services,10001+,13996,Burlington,Massachusetts,United States,aiark+blitz
Key Food Stores Co-Operative Inc.,keyfood.com,http://www.keyfood.com,https://www.linkedin.com/company/keyfood,retail groceries,,783,Matawan,New Jersey,United States,aiark
Key Technology,key.net,http://www.key.net,https://www.linkedin.com/company/key-technology-incorporated,automation machinery manufacturing,,511,"Walla Walla, Washington; Beusichem, Netherlands; Hasselt, Belgium",,United States,aiark
KFC,kfc.com,https://global.kfc.com,https://www.linkedin.com/company/kfc,Restaurants,10001+,100960,Dallas,Texas,United States,aiark+blitz
KFC / Taco Bell,,,https://www.linkedin.com/company/kfc-taco-bell,restaurants,,1745,Langley,British Columbia,Canada,aiark
KFC Canada (Yum! Brands Subsidiary),kfc.ca,http://www.kfc.ca,https://www.linkedin.com/company/kfc-canada,restaurants,,1151,Vaughan,Ontario,Canada,aiark
kgb,kgb.com,http://www.kgb.com,https://www.linkedin.com/company/kgb,information services,,2493,New York,New York,United States,aiark
Kiawah Island Golf Resort,kiawahresort.com,http://www.kiawahresort.com,https://www.linkedin.com/company/kiawahresort,hospitality,,851,Kiawah Island,South Carolina,United States,aiark
Kickback Jack\'s Restaurants,kbjacks.com,https://www.kbjacks.com,https://www.linkedin.com/company/kickback-jack-s-restaurants,Restaurants,1001-5000,563,Greensboro,North Carolina,United States,aiark+blitz
Kicklo,kicklo.com,https://www.kicklo.com,https://www.linkedin.com/company/kickloo,retail,,505,Claymont,Delaware,United States,aiark
Kid to Kid,kidtokid.com,https://kidtokid.com,https://www.linkedin.com/company/kidtokid,retail,,625,Salt Lake City,Utah,United States,aiark
KIK Consumer Products,kikcorp.com,http://www.kikcorp.com,https://www.linkedin.com/company/kik-consumer-products,manufacturing,,1936,Lawrenceville,Georgia,United States,aiark
Kikka Sushi,kikkasushi.com,https://www.kikkasushi.com,https://www.linkedin.com/company/kikka-sushi,Food and Beverage Services,1001-5000,263,Inglewood,California,United States,blitz
"Kilwins Chocolates Franchise, Inc.",kilwins.com,http://www.kilwins.com,https://www.linkedin.com/company/kilwins-chocolates-franchise-inc.,food and beverage manufacturing,,715,Petoskey,Michigan,United States,aiark
Kimball Hospitality,kimballhospitality.com,https://www.kimballhospitality.com,https://www.linkedin.com/company/kimball-hospitality,Hospitality,501-1000,99,Jasper,Indiana,United States,blitz
Kimpton Hotels & Restaurants,kimptonhotels.com,https://bit.ly/kimptoncareers2022,https://www.linkedin.com/company/kimpton-hotels-&-restaurants,hospitality,,3494,San Francisco,California,United States,aiark
KIND,kindsnacks.com,https://www.kindsnacks.com,https://www.linkedin.com/company/kind,Food and Beverage Services,501-1000,815,New York,,United States,aiark+blitz
King Kullen,kingkullen.com,http://www.kingkullen.com,https://www.linkedin.com/company/kingkullen,retail,,851,Hauppauge,New York,United States,aiark
King Soopers/City Market,kingsoopers.com,http://www.jobs.kingsoopers.com,https://www.linkedin.com/company/king-soopers,retail,,5872,Denver,Colorado,United States,aiark
King Taco Restaurants,kingtaco.com,https://www.kingtaco.com,https://www.linkedin.com/company/king-taco-restaurants,Hospitality,501-1000,26,Commerce,California,United States,blitz
"King Venture, Inc",kingventure.com,https://kingventure.com,https://www.linkedin.com/company/king-venture-inc.,Restaurants,1001-5000,5,Livonia,Michigan,United States,blitz
King's Hawaiian,kingshawaiian.com,http://kingshawaiian.com,https://www.linkedin.com/company/kingshawaiian,food and beverage manufacturing,,964,Torrance,California,United States,aiark
King's Seafood Company,kingsseafood.com,https://www.kingsseafood.com,https://www.linkedin.com/company/kings-seafood-company,Restaurants,1001-5000,472,Costa Mesa,California,United States,blitz
Kinney Drugs,kinneydrugs.com,https://www.kinneydrugs.com,https://www.linkedin.com/company/kinneydrugs,Retail,1001-5000,1127,Gouverneur,New York,United States,aiark+blitz
Kinseth Hospitality Companies,kinseth.com,https://kinseth.com,https://www.linkedin.com/company/kinseth-hospitality-company,Hospitality,1001-5000,382,Coralville,Iowa,United States,blitz
Kirkland\'s,kirklands.com,https://www.kirklands.com,https://www.linkedin.com/company/kirkland's-home,Retail,1001-5000,2636,Brentwood,Tennessee,United States,aiark+blitz
KITH,kith.com,http://www.kith.com,https://www.linkedin.com/company/kithnyc,retail,,1076,Brooklyn,New York,United States,aiark
KKM,kkm.com,http://www.johare.com,https://www.linkedin.com/company/kkm,manufacturing,,4114,Woonsocket,Rhode Island,United States,aiark
Kmart,kmart.com,http://www.kmart.com,https://www.linkedin.com/company/kmart,retail,,19552,Chicago,Illinois,United States,aiark
Kneaders Bakery and Cafe,kneaders.com,http://kneaders.com,https://www.linkedin.com/company/kneaders-bakery-and-cafe,restaurants,,810,Orem,Utah,United States,aiark
Kobe Japanese Steakhouse,kobesteakhouse.com,http://www.kobesteakhouse.com,https://www.linkedin.com/company/kobe-japanese-steakhouse,restaurants,,551,Altamonte Springs,Florida,United States,aiark
"Koch Foods, Inc.",kochfoods.com,https://kochfoods.com/our-company,https://www.linkedin.com/company/koch-foods-inc,food and beverage manufacturing,,2880,Park Ridge,Illinois,United States,aiark
Kohl's,kohls.com,http://careers.kohls.com,https://www.linkedin.com/company/kohls-department-stores,retail,,55157,Menomonee Falls,Wisconsin,United States,aiark
"Kokua Hospitality, Llc",kokuahospitality.com,https://www.kokuahospitality.com,https://www.linkedin.com/company/kokua-hospitality-llc,Hospitality,501-1000,34,San Francisco,California,United States,blitz
Kolter Hospitality,kolterhospitality.com,https://www.kolterhospitality.com,https://www.linkedin.com/company/kolter-hospitality,Hospitality,501-1000,100,Delray Beach,Florida,United States,blitz
Komar,komarbrands.com,http://www.komarbrands.com,https://www.linkedin.com/company/komar,retail apparel and fashion,,592,Jersey City,New Jersey,United States,aiark
Kona Grill,konagrill.com,http://www.konagrill.com,https://www.linkedin.com/company/kona-grill,restaurants,,1292,Scottsdale,Arizona,United States,aiark
Konica Minolta Business Solutions Canada,konicaminolta.ca,http://www.konicaminolta.ca,https://www.linkedin.com/company/konica-minolta-business-solutions-canada,it services and it consulting,,518,Mississauga,On,Canada,aiark
"Kontoor Brands, Inc.",kontoorbrands.com,http://www.kontoorbrands.com,https://www.linkedin.com/company/kontoor-brands,retail apparel and fashion,,3229,Greensboro,North Carolina,United States,aiark
Kowalski's Markets,kowalskis.com,http://kowalskis.com,https://www.linkedin.com/company/kowalskis,retail,,557,Woodbury,Minnesota,United States,aiark
KPot Korean BBQ & Hot Pot,kpotbbq.com,https://thekpot.com,https://www.linkedin.com/company/kpotkbbq,restaurants,,846,Rockville,Maryland,United States,aiark
Kraft Foods,kraftrecipes.com,https://onlinecareer360.com,https://www.linkedin.com/company/kraft-foods,food and beverage manufacturing,,4207,Chicago,,United States,aiark
Kraft Heinz,kraftheinz.com,https://careers.kraftheinz.com,https://www.linkedin.com/company/the-kraft-heinz-company,Food and Beverage Services,10001+,29263,Chicago,Illinois,United States,blitz
Kraft Heinz,kraftheinzcompany.com,https://careers.kraftheinz.com,https://www.linkedin.com/company/the-kraft-heinz-company,food and beverage services,,28353,Chicago,Illinois,United States,aiark
Kravet,kravet.com,http://www.kravet.com,https://www.linkedin.com/company/kravet,textile manufacturing,,609,Woodbury,New York,United States,aiark
Krispy Kreme,krispykreme.com,http://www.krispykreme.com,https://www.linkedin.com/company/krispy-kreme,food and beverage services,,10542,Charlotte,North Carolina,United States,aiark
Kroger,thekrogerco.com,http://www.thekrogerco.com,https://www.linkedin.com/company/kroger,retail,,146569,Cincinnati,Ohio,United States,aiark
Krogers,,,https://www.linkedin.com/company/krogers,retail groceries,,1393,Frankenmuth,Michigan,United States,aiark
Krogers Supermarket,kroger.com,https://www.kroger.com,https://www.linkedin.com/company/krogers-supermarket,retail,,1103,Glen Allen,Virginia,United States,aiark
Krystal Restaurants LLC,krystal.com,http://www.krystal.com,https://www.linkedin.com/company/krystal-restaurants-llc,restaurants,,2110,Dunwoody,Georgia,United States,aiark
Kuhn\'s Market,kuhnsmarket.com,https://www.kuhnsmarket.com,https://www.linkedin.com/company/kuhns-market,Food and Beverage Services,501-1000,159,Pittsburgh,Pennsylvania,United States,blitz
Kum & Go,kumandgo.com,https://careers.maverik.com,https://www.linkedin.com/company/kum-&-go,retail,,2291,Salt Lake City,Utah,United States,aiark
Kung Fu Tea,kungfutea.com,https://www.kungfutea.com,https://www.linkedin.com/company/kung-fu-tea,food and beverage services,,942,New York,New York,United States,aiark
"Kuni Enterprises, Inc",kuniauto.com,https://kuniauto.com,https://www.linkedin.com/company/kuni-enterprises-inc.,Retail,1001-5000,,Vancouver,Washington,United States,blitz
Kunjani World Coffeehouse,kunjanicoffee.com,http://kunjanicoffee.com,https://www.linkedin.com/company/kunjani-world-coffeehouse,restaurants,,565,Parker,Colorado,United States,aiark
Kura Sushi Usa,kurasushi.com,https://kurasushi.com,https://www.linkedin.com/company/kura-sushi-usa,Restaurants,1001-5000,826,Irvine,California,United States,aiark+blitz
Kwik Shop Inc.,kwikshop.com,https://www.kwikshop.com,https://www.linkedin.com/company/kwik-shop-inc.,Retail,1001-5000,746,Westborough,Massachusetts,United States,aiark+blitz
"Kwik Trip, Inc.",kwiktrip.com,https://jobs.kwiktrip.com,https://www.linkedin.com/company/kwik-trip-inc-,Retail,10001+,9811,La Crosse,Wisconsin,United States,aiark+blitz
"KYOCERA Document Solutions America, Inc.",kyoceradocumentsolutions.us,http://www.kyoceradocumentsolutions.us,https://www.linkedin.com/company/kyocera-document-solutions-america-inc,retail office equipment,,1167,Fairfield,New Jersey,United States,aiark
L Brands,bbwinc.com,https://www.bbwinc.com,https://www.linkedin.com/company/lbrands,retail,,9926,Columbus,Ohio,United States,aiark
L&M Companies,lmcompanies.com,http://www.lmcompanies.com,https://www.linkedin.com/company/l-&-m,food and beverage manufacturing,,812,Raleigh,North Carolina,United States,aiark
L'Auberge Del Mar,laubergedelmar.com,https://www.laubergedelmar.com,https://www.linkedin.com/company/laubergedelmar,Hospitality,501-1000,95,Del Mar,California,United States,blitz
L.A.Tan Corporate,latan.com,https://www.latan.com,https://www.linkedin.com/company/l.a.tan-corporate,Retail,1001-5000,107,Lincolnwood,Illinois,United States,blitz
L.L.Bean,llbean.com,http://www.llbean.com,https://www.linkedin.com/company/llbean,retail,,3488,Freeport,Maine,United States,aiark
La & Sf Specialty,laspecialty.com,https://www.laspecialty.com,https://www.linkedin.com/company/l-a--&-s-f--specialty,Food and Beverage Services,501-1000,85,Santa Fe Springs,California,United States,blitz
LA BODEGUITA,,,https://www.linkedin.com/company/la-bodeguita,restaurants,,969,San Antonio,Texas,United States,aiark
La Cage Brasserie Sportive,cage.ca,http://www.cage.ca,https://www.linkedin.com/company/la-cage-brasserie-sportive,restaurants,,670,Boucherville,Qc,Canada,aiark
La Cevicheria,lacevicheriacartagena.com,http://lacevicheriacartagena.com,https://www.linkedin.com/company/la-cevicheria,food and beverage services,,1135,Los Angeles,California,United States,aiark
La Colombe Coffee Workshop,lacolombe.com,http://www.lacolombe.com,https://www.linkedin.com/company/la-colombe-coffee-workshop,food and beverage services,,501,Philadelphia,Pennsylvania,United States,aiark
la Madeleine Bakery & Cafe,lamadeleine.com,https://lamadeleine.com/?utm_source=linkedin&utm_medium=social&utm_campaign=general,https://www.linkedin.com/company/la-madeleine,restaurants,,920,Dallas,Texas,United States,aiark
La Maison Simons,simons.ca,https://simons.ca,https://www.linkedin.com/company/maisonsimons,Retail,1001-5000,1735,,Québec,Canada,aiark+blitz
La Quinta L.L.C,laquintamathis.com,https://laquintamathis.com,https://www.linkedin.com/company/la-quinta-l.l.c.,Hospitality,5001-10000,7,Irving,Texas,United States,blitz
La Quinta Resort & Club,laquintaresort.com,https://www.laquintaresort.com,https://www.linkedin.com/company/la-quinta-resort-&-club,Hospitality,1001-5000,420,La Quinta,California,United States,blitz
La Senza,lasenza.com,http://www.lasenza.com,https://www.linkedin.com/company/la-senza,retail,,920,,,United States,aiark
La Surtidora,lasurtidorainc.com,http://www.lasurtidorainc.com,https://www.linkedin.com/company/la-surtidora,warehousing and storage,,599,San Francisco,California,United States,aiark
La Vie En Rose,lavieenrose.com,http://www.lavieenrose.com,https://www.linkedin.com/company/la-vie-en-rose,retail,,2235,Montreal,Quebec,Canada,aiark
La-Z-Boy Furniture Galleries,la-z-boy.com,http://lazboy.COM,https://www.linkedin.com/company/la-z-boy-furniture-galleries,retail,,952,Melbourne,Florida,United States,aiark
Labatt Breweries of Canada,labatt.com,http://www.labatt.com,https://www.linkedin.com/company/labatt,beverage manufacturing,,2016,Toronto,Ontario,Canada,aiark
Labatt Food Service,labattfood.com,https://www.labattfood.com,https://www.linkedin.com/company/labattfood,Food and Beverage Services,1001-5000,869,San Antonio,Texas,United States,aiark+blitz
Lacrosse Unlimited,lacrosseunlimited.com,https://www.lacrosseunlimited.com/job-board,https://www.linkedin.com/company/lacrosse-unlimited,Retail,501-1000,407,Edgewood,New York,United States,blitz
Lactalis American Group,lactalisamericangroup.com,http://lactalisamericangroup.com,https://www.linkedin.com/company/lactalis-american-group,food and beverage manufacturing,,1133,Buffalo,New York,United States,aiark
Lactalis Canada,lactalis.ca,http://www.lactalis.ca,https://www.linkedin.com/company/lactalis-canada,food and beverage manufacturing,,1589,Toronto,Ontario,Canada,aiark
"Lafayette Venetian Blind, Inc",lafvb.com,https://lafvb.com,https://www.linkedin.com/company/lafayette-venetian-blind-inc.,Retail,501-1000,89,West Lafayette,Indiana,United States,blitz
LaFontaine Automotive Group,familydeal.com,http://www.familydeal.com,https://www.linkedin.com/company/lafontaine-automotive-group,motor vehicle manufacturing,,1148,Highland,Michigan,United States,aiark
Lafrance Hospitality,lafrancehospitality.com,https://www.lafrancehospitality.com,https://www.linkedin.com/company/lafrance-hospitality-company,Hospitality,501-1000,123,Westport,Massachusetts,United States,blitz
LAGOS,lagos.com,http://www.lagos.com,https://www.linkedin.com/company/lagos,retail luxury goods and jewelry,,623,Philadelphia,Pennsylvania,United States,aiark
Lakeshore Learning Materials,lakeshorelearning.com,https://www.lakeshorelearning.com,https://www.linkedin.com/company/lakeshore-learning-materials,Retail,1001-5000,2026,Carson,California,United States,aiark+blitz
"Lakeside Foods, Inc.",lakesidefoods.com,http://lakesidefoods.com,https://www.linkedin.com/company/lakeside-foods,food and beverage manufacturing,,626,Manitowoc,Wisconsin,United States,aiark
Lakme India,lakmeindia.com,https://lakmeindia.com/,https://www.linkedin.com/company/lakme-india,retail luxury goods and jewelry,,631,sunnyvale,california,united states,aiark
"LALA U.S., Inc",lala-us.com,http://www.lala-us.com,https://www.linkedin.com/company/lala-us-inc,food and beverage services,,1132,Dallas,Texas,United States,aiark
Lallemand,lallemand.com,http://www.lallemand.com,https://www.linkedin.com/company/lallemand,food and beverage manufacturing,,2564,Rexdale,Ontario,Canada,aiark
Lamb Weston,lambweston.com,http://www.lambweston.com,https://www.linkedin.com/company/lamb-weston,food and beverage manufacturing,,3493,Eagle,Idaho,United States,aiark
"Lamont Companies, Inc",lamontcompanies.com,https://www.lamontcompanies.com,https://www.linkedin.com/company/lamont-companies-inc-,Hospitality,1001-5000,47,Aberdeen,,United States,blitz
Lamour,lamour.com,http://www.lamour.com,https://www.linkedin.com/company/lamourgroup,retail apparel and fashion,,546,Montreal,Quebec,Canada,aiark
Lamps Plus,lampsplus.com,https://www.lampsplus.com,https://www.linkedin.com/company/lamps-plus,Retail,1001-5000,734,Los Angeles,California,United States,aiark+blitz
"Lancaster Wings, Inc.",lancasterwings.com,https://lancasterwings.com,https://www.linkedin.com/company/lancaster-wings-inc,Restaurants,501-1000,18,Lancaster Oh,Ohio,United States,blitz
Lancer Worldwide,lancerworldwide.com,https://www.lancerworldwide.com,https://www.linkedin.com/company/lancer-worldwide,Food and Beverage Services,1001-5000,721,San Antonio,Texas,United States,aiark+blitz
Land O'Frost,landofrost.com,http://www.landofrost.com,https://www.linkedin.com/company/land-o'frost,food and beverage manufacturing,,625,Munster,Indiana,United States,aiark
"Land O'Lakes, Inc.",landolakesinc.com,http://www.landolakesinc.com,https://www.linkedin.com/company/landolakesinc,food and beverage manufacturing,,6817,Arden Hills,Minnesota,United States,aiark
Landau Corp,landau.com,https://www.landau.com,https://www.linkedin.com/company/landau-corp,Retail,1001-5000,,Miami,Florida,United States,blitz
Landry's,landrysinc.com,https://www.landrysinc.com,https://www.linkedin.com/company/landry's-restaurants,Hospitality,10001+,12984,Houston,Texas,United States,aiark+blitz
Landry's Seafood,landrysseafood.com,https://www.landrysseafood.com,https://www.linkedin.com/company/landry's-seafood,Hospitality,10001+,201,Houston,Texas,United States,blitz
Lands'​ End,landsend.com,http://www.landsend.com,https://www.linkedin.com/company/lands'​-end,retail apparel and fashion,,3220,Dodgeville,Wisconsin,United States,aiark
Lane Bryant,lanebryant.com,https://www.lanebryant.com,https://www.linkedin.com/company/lane-bryant,Retail,5001-10000,4180,New Albany,Ohio,United States,aiark+blitz
Langer Juice Company,langers.com,https://langers.com,https://www.linkedin.com/company/langer-juice-company,Food and Beverage Services,501-1000,44,City Of Industry,California,United States,blitz
Larco Hospitality,larcohospitality.com,https://www.larcohospitality.com,https://www.linkedin.com/company/larcohospitality,Hospitality,1001-5000,55,Vancouver,British Columbia,Canada,blitz
Large Ltd,largeltd.com,http://www.largeltd.com,https://www.linkedin.com/company/large-ltd,retail apparel and fashion,,536,Lake Oswego,Oregon,United States,aiark
Larkspur Hotels And Restaurants,larkspurhotels.com,https://www.larkspurhotels.com,https://www.linkedin.com/company/larkspur-hotels-and-restaurants,Hospitality,1001-5000,103,Larkspur,California,United States,blitz
"LaRosa's Pizzeria, Inc.",larosas.com,http://larosas.com,https://www.linkedin.com/company/larosas,restaurants,,1476,Cincinnati,Ohio,United States,aiark
"Larry Blumberg & Associates, Inc",lbaproperties.com,https://lbaproperties.com,https://www.linkedin.com/company/larry-blumberg-&-associates-inc.,Hospitality,1001-5000,16,Dothan,Alabama,United States,blitz
Las Palmeras,hotel-laspalmeras.com,http://www.hotel-laspalmeras.com,https://www.linkedin.com/company/las-palmeras,hospitality,,549,South Brunswick,North Carolina,United States,aiark
Las Vegas,thedrew.com,http://www.thedrew.com,https://www.linkedin.com/company/the-drew-las-vegas,hospitality,,946,Las Vegas,Nevada,United States,aiark
Las Vegas Limousines,lasvegaslimo.com,https://www.lasvegaslimo.com,https://www.linkedin.com/company/las-vegas-limousine,Hospitality,1001-5000,29,Las Vegas,Nevada,United States,blitz
Las Vegas Sands Corp.,sands.com,https://www.sands.com,https://www.linkedin.com/company/las-vegas-sands-corporation,Hospitality,10001+,1026,Las Vegas,Nevada,United States,aiark+blitz
Lassonde,lassonde.com,http://www.lassonde.com,https://www.linkedin.com/company/lassonde,food and beverage manufacturing,,1138,Rougemont,Québec,Canada,aiark
LaTrelle's Management Corporation,latrelles.com,https://www.latrelles.com,https://www.linkedin.com/company/latrelle's-management-corporation,Food and Beverage Services,1001-5000,164,Houston,Texas,United States,blitz
Laura Canada,laura.ca,http://www.laura.ca,https://www.linkedin.com/company/laura-canada,retail,,1024,Laval,Québec,Canada,aiark
Lawrence Merchandising Services (LMS),lmsvc.com,http://www.lmsvc.com,https://www.linkedin.com/company/lms-lawrence-merchandising-services,retail,,546,Plymouth,Minnesota,United States,aiark
Lawry's Restaurants Inc.,lawrysonline.com,https://lawrysonline.com,https://www.linkedin.com/company/lawry's-the-prime-rib,Restaurants,501-1000,215,Pasadena,California,United States,blitz
Lawtons Drugs,lawtons.ca,http://www.lawtons.ca,https://www.linkedin.com/company/lawtons-drugs,pharmaceutical manufacturing,,910,Halifax,Ns,Canada,aiark
LAX,lax.com,http://Lax.com,https://www.linkedin.com/company/lax,retail,,608,,,United States,aiark
Lazy Dog Restaurant & Bar,lazydogrestaurants.com,https://www.lazydogrestaurants.com,https://www.linkedin.com/company/lazy-dog-restaurants,Restaurants,5001-10000,2098,Newport Beach,California,United States,aiark+blitz
LCBO,lcbo.com,http://www.lcbo.com,https://www.linkedin.com/company/lcbo,retail,,5601,Toronto,Ontario,Canada,aiark
LCS,lcsnet.com,https://www.lcsliving.com,https://www.linkedin.com/company/lcs-care,hospitality,,2518,Des Moines,Iowa,United States,aiark
"Le Duff America, Inc",groupeleduff.com,https://en.groupeleduff.com,https://www.linkedin.com/company/le-duff-america-inc-,Restaurants,1001-5000,49,Dallas,Texas,United States,aiark+blitz
Le Meridien Tampa Hotel,lemeridientampa.com,https://lemeridientampa.com,https://www.linkedin.com/company/le-meridien-tampa-hotel,Hospitality,10001+,7,Tampa,Florida,United States,blitz
Leclerc Foods,leclerc.ca,http://www.leclerc.ca/fr/default.idigit,https://www.linkedin.com/company/biscuits-leclerc,food and beverage manufacturing,,2959,St-augustin-de-desmaures,Québec,Canada,aiark
Ledo Pizza,ledopizza.com,http://www.LedoPizza.com,https://www.linkedin.com/company/ledo-pizza,restaurants,,550,Annapolis,Maryland,United States,aiark
Lee,lee.com,https://www.lee.com,https://www.linkedin.com/company/lee-jeans,retail apparel and fashion,,745,Greesnboro,North Carolina,United States,aiark
Lee Valley Tools,leevalley.com,https://www.leevalley.com,https://www.linkedin.com/company/lee-valley-tools-canada,Retail,501-1000,410,Ottawa,Ontario,Canada,blitz
"Leeann Chin, Inc",leeannchin.com,https://www.leeannchin.com,https://www.linkedin.com/company/leeann-chin-inc-,Restaurants,501-1000,186,Bloomington,Minnesota,United States,blitz
Lees Marketplace,leesmarketplace.com,https://leesmarketplace.com,https://www.linkedin.com/company/lees-marketplace,Retail,501-1000,344,Logan,Utah,United States,blitz
Legacy Restaurant Group Llc,legacywendys.com,https://www.legacywendys.com,https://www.linkedin.com/company/legacyrestaurantgroupllc,Restaurants,1001-5000,72,Lenexa,Kansas,United States,blitz
Legacy Ventures Hospitality,lvmgt.com,https://www.lvmgt.com,https://www.linkedin.com/company/legacy-ventures-hospitality,Hospitality,1001-5000,230,Atlanta,Georgia,United States,blitz
Legal Sea Foods,legalseafoods.com,https://www.legalseafoods.com,https://www.linkedin.com/company/legal-sea-foods,Restaurants,1001-5000,954,Boston,Massachusetts,United States,aiark+blitz
Legends Global,legends.net,https://legendsglobal.com,https://www.linkedin.com/company/legends-global,entertainment providers,,7382,New York,New York,United States,aiark
Legends Pub & Sports Bar,legendspub.com,https://legendspub.com,https://www.linkedin.com/company/legends-pub-&-sports-bar,Restaurants,10001+,12,Richmond,,Canada,blitz
Leisure Care,leisurecare.com,https://www.leisurecare.com,https://www.linkedin.com/company/leisure-care,Hospitality,501-1000,554,Seattle,Washington,United States,aiark+blitz
Lemonade Restaurant Group,lemonadela.com,https://www.lemonadela.com,https://www.linkedin.com/company/lemonade-restaurant-group-llc,Restaurants,1001-5000,125,El Segundo,California,United States,blitz
Lenox Corporation,lenox.com,http://www.lenox.com,https://www.linkedin.com/company/lenox,retail luxury goods and jewelry,,502,Bristol,Pennsylvania,United States,aiark
LensCrafters,lenscrafters.com,https://www.lenscrafters.com/lc-us/careers,https://www.linkedin.com/company/lenscrafters,retail apparel and fashion,,6480,Cincinnati,Ohio,United States,aiark
Leo\'s Coney Island,leosconeyisland.com,https://www.leosconeyisland.com,https://www.linkedin.com/company/leosconeyisland,Restaurants,1001-5000,627,Royal Oak,Michigan,United States,aiark+blitz
Leprino,leprinofoods.com,http://www.leprino.com,https://www.linkedin.com/company/leprino,food and beverage manufacturing,,2402,Denver,Colorado,United States,aiark
Les Chocolats Favoris Inc.,chocolatsfavoris.com,https://www.chocolatsfavoris.com,https://www.linkedin.com/company/chocolats-favoris,Food and Beverage Services,501-1000,214,Quebec,Québec,Canada,blitz
Les Schwab Tire Centers,lesschwab.com,http://lesschwab.com,https://www.linkedin.com/company/les-schwab-tire-centers,retail,,3038,Bend,Oregon,United States,aiark
LESCO,lesco-logistics.com,http://www.lesco-logistics.com,https://www.linkedin.com/company/lesco,retail,,1017,,,United States,aiark
Leslie's,lesliespool.com,https://www.lesliespool.com,https://www.linkedin.com/company/leslies,Retail,1001-5000,2919,Phoenix,Arizona,United States,aiark+blitz
Lessing\'s Hospitality Group,lessings.com,https://www.lessings.com,https://www.linkedin.com/company/lessings-inc-,Hospitality,1001-5000,535,Great River,New York,United States,aiark+blitz
Lettuce Entertain You Restaurants,lettuce.com,http://www.lettuce.com,https://www.linkedin.com/company/lettuce-entertain-you-restaurants,restaurants,,2192,Chicago,Illinois,United States,aiark
Levi Strauss & Co.,levistrauss.com,http://www.levistrauss.com,https://www.linkedin.com/company/levi-strauss-&-co-,retail apparel and fashion,,16846,San Francisco,California,United States,aiark
Levi Strauss & Co.,levi.com,http://levi.ca,https://www.linkedin.com/company/levi-strauss-co,retail apparel and fashion,,715,Atlanta,Georgia,United States,aiark
Levin Furniture & Mattress,levinfurniture.com,https://www.levinfurniture.com,https://www.linkedin.com/company/levinfurnitureandmattress,Retail,501-1000,531,Smithton,Pennsylvania,United States,aiark+blitz
Levy Restaurants,levyrestaurants.com,http://www.levyrestaurants.com,https://www.linkedin.com/company/levy-restaurants,food and beverage services,,11858,Chicago,Illinois,United States,aiark
LF Distribution Holding Inc. (A Li & Fung Company),lifung.com,http://www.lifung.com,https://www.linkedin.com/company/li-&-fung-usa,retail apparel and fashion,,651,New York,New York,United States,aiark
lia sophia,liasophia.com,http://www.liasophia.com,https://www.linkedin.com/company/lia-sophia,retail luxury goods and jewelry,,1730,,,United States,aiark
Liberty Coca-Cola Beverages,libertycoke.com,http://www.libertycoke.com,https://www.linkedin.com/company/libertycocacola,manufacturing,,953,Philadelphia,Pennsylvania,United States,aiark
LiDestri Foods,lidestrifoods.com,https://www.lidestrifoods.com,https://www.linkedin.com/company/lidestri-foods-inc-,Food and Beverage Services,1001-5000,766,Fairport,New York,United States,aiark+blitz
Lidl US,lidl.com,https://careers.lidl.com,https://www.linkedin.com/company/lidl-us,Retail,5001-10000,3123,Arlington,Virginia,United States,aiark+blitz
Lids,lids.com,https://careers.lids.com,https://www.linkedin.com/company/lids-,Retail,5001-10000,5297,Indianapolis,Indiana,United States,aiark+blitz
Life Cafe Lifetime Fitness,lifetimefitness.com,https://www.lifetimefitness.com/en/programs-and-events/lifestyle/lifecafe.html,https://www.linkedin.com/company/life-cafe-lifetime-fitness,Restaurants,10001+,218,Fairfax,Virginia,United States,blitz
Life is Good,lifeisgood.com,http://www.lifeisgood.com,https://www.linkedin.com/company/life-is-good,retail apparel and fashion,,834,Boston,Massachusetts,United States,aiark
Lighthouse,mylighthouse.com,https://www.mylighthouse.com,https://www.linkedin.com/company/lighthouseintelligence,hospitality,,1092,Denver,Colorado,United States,aiark
Lilly Pulitzer,lillypulitzer.com,http://www.lillypulitzer.com,https://www.linkedin.com/company/lilly-pulitzer,retail apparel and fashion,,773,,,United States,aiark
Lipari Foods,liparifoods.com,https://www.liparifoods.com,https://www.linkedin.com/company/lipari-foods,Food and Beverage Services,1001-5000,1086,Warren,Michigan,United States,aiark+blitz
Liquidation Channel,shoplc.com,https://www.shoplc.com,https://www.linkedin.com/company/liquidation-channel,Retail,501-1000,68,Austin,,United States,blitz
Litehouse Inc.,litehousefoods.com,http://www.litehouse-foods.com,https://www.linkedin.com/company/litehouse,food and beverage manufacturing,,603,Sandpoint,Idaho,United States,aiark
Lithia & Driveway,lithiadriveway.com,http://www.lithiamotors.com,https://www.linkedin.com/company/lithiadriveway,motor vehicle manufacturing,,5291,Medford,Oregon,United States,aiark
Litmus7,litmus7.com,http://www.litmus7.com,https://www.linkedin.com/company/litmus7inc,it services and it consulting,,1005,San Francisco,California,United States,aiark
Little Ceasers Pizza,,,https://www.linkedin.com/company/little-ceasers-pizza,restaurants,,814,South Bend,Indiana,United States,aiark
LiveGood Inc. USA,livegood.com,https://www.livegood.com/MoneySolutions,https://www.linkedin.com/company/livegood-suppliments-inc-usa,retail,,716,Jupiter,Florida,United States,aiark
Living Spaces Furniture,livingspaces.com,https://www.livingspaces.com/careers,https://www.linkedin.com/company/living-spaces-furniture,Retail,1001-5000,2570,La Mirada,California,United States,aiark+blitz
Ll Flooring,llflooring.com,https://www.llflooring.com,https://www.linkedin.com/company/llflooring,Retail,1001-5000,1428,Richmond,Virginia,United States,aiark+blitz
LM Restaurants,lmrest.com,https://careers.lmrest.com,https://www.linkedin.com/company/lm-restaurants,Restaurants,1001-5000,1081,Raleigh,North Carolina,United States,aiark+blitz
LMC,lmc.net,http://www.LMC.net,https://www.linkedin.com/company/lumbermens-merchandising-corporation,wholesale building materials,,564,Pa,19087,United States,aiark
Loaf 'N Jug,loafnjug.com,https://www.loafnjug.com,https://www.linkedin.com/company/loaf-'n-jug,Retail,1001-5000,833,Westborough,Massachusetts,United States,aiark+blitz
Loblaw Companies Limited,loblaw.ca,https://www.loblaw.ca,https://www.linkedin.com/company/loblaw-companies-limited,Retail,10001+,24283,Brampton,Ontario,Canada,aiark+blitz
Local Favorite Restaurants,localfavorite.com,https://www.localfavorite.com,https://www.linkedin.com/company/local-favorite-restaurants,Restaurants,1001-5000,117,Dallas,Texas,United States,blitz
LOCAL Public Eatery,localpubliceatery.com,http://www.localpubliceatery.com/careers,https://www.linkedin.com/company/local-public-eatery,hospitality,,596,Vancouver,British Columbia,Canada,aiark
Local Restaurant,,,https://www.linkedin.com/company/local-restaurant,restaurants,,610,Dallas,Texas,United States,aiark
Lodging Dynamics,lodgingdynamics.com,https://lodgingdynamics.com,https://www.linkedin.com/company/lodging-dynamics,Hospitality,1001-5000,154,Provo,Utah,United States,blitz
Lodging Hospitality Management,lhmc.com,https://www.lhmc.com,https://www.linkedin.com/company/lodging-hospitality-management,Hospitality,1001-5000,245,St. Louis,Missouri,United States,blitz
Loehmann\'s,loehmanns.com,https://www.loehmanns.com,https://www.linkedin.com/company/loehmann's,Retail,1001-5000,164,Bronx,New York,United States,blitz
Loews Hotels & Co,loewshotels.com,http://loewshotels.com,https://www.linkedin.com/company/loewshotels,hospitality,,4441,New York,New York,United States,aiark
LOFT,loft.com,https://www.loft.com,https://www.linkedin.com/company/loft-,retail,,2436,New York,New York,United States,aiark
Logan's Roadhouse,logansroadhouse.com,http://LogansRoadhouse.com,https://www.linkedin.com/company/logan's-roadhouse,restaurants,,5366,,,United States,aiark
LogMeIn,logmein.com,http://www.logmeininc.com,https://www.linkedin.com/company/log-me-in-inc,software development,,1008,Boston,Massachusetts,United States,aiark
"Lombardi Caterers, Inc",lombardicaterers.com,https://www.lombardicaterers.com,https://www.linkedin.com/company/lombardi-caterers-inc-,Hospitality,501-1000,9,Holbrook,New York,United States,blitz
London Drugs,londondrugs.com,https://londondrugs.com,https://www.linkedin.com/company/london-drugs,Retail,5001-10000,3997,Richmond,British Columbia,Canada,aiark+blitz
Long & McQuade Musical Instruments,long-mcquade.com,https://www.long-mcquade.com,https://www.linkedin.com/company/long-&-mcquade-musical-instruments,Retail,1001-5000,1143,Pickering,Ontario,Canada,aiark+blitz
"Long John Silver's, LLC",ljsilvers.com,https://www.ljsilvers.com,https://www.linkedin.com/company/long-john-silver's-llc,Restaurants,1001-5000,2905,Louisville,Kentucky,United States,aiark+blitz
LongHorn Steakhouse,longhornsteakhouse.com,http://www.longhornsteakhouse.com,https://www.linkedin.com/company/longhorn-steakhouse,restaurants,,13268,,,United States,aiark
Longo's,longos.com,http://www.longos.com,https://www.linkedin.com/company/longos,retail,,2279,Vaughan,Ontario,Canada,aiark
Looking for Job,helojobs.com,http://www.tookro.com,https://www.linkedin.com/company/looking-for-job1,hospitality,,9339,Waco,Texas,United States,aiark
Loop Neighborhood,loopneighborhood.com,https://www.loopneighborhood.com,https://www.linkedin.com/company/loop-neighborhood,Retail,1001-5000,87,Fremont,California,United States,blitz
Lopez Dorada,lopezdorada.com,http://www.lopezdorada.com,https://www.linkedin.com/company/lopezdorada,food and beverage manufacturing,,703,Oklahoma City,Oklahoma,United States,aiark
Lord & Taylor,lordandtaylor.com,https://www.lordandtaylor.com,https://www.linkedin.com/company/lord&taylor,Retail,5001-10000,2834,New York,New York,United States,aiark+blitz
Lordco Auto Parts,lordco.com,http://www.lordco.com,https://www.linkedin.com/company/lordco-auto-parts,motor vehicle manufacturing,,862,Port Coquitlam,British Columbia,Canada,aiark
Loretto,lorettocny.org,http://www.lorettocny.org,https://www.linkedin.com/company/loretto,hospitals and health care,,946,Syracuse,New York,United States,aiark
Lori's Gifts,lorisgifts.com,http://www.lorisgifts.com,https://www.linkedin.com/company/lorisgifts,hospitals and health care,,656,Plano,Texas,United States,aiark
LOS TRES AMIGOS GROUP,lostresamigosonline.com,https://www.lostresamigosonline.com,https://www.linkedin.com/company/los-tres-amigos,Restaurants,1001-5000,104,Harvey,Louisiana,United States,blitz
Lotte New York Palace,lottenypalace.com,https://www.lottenypalace.com,https://www.linkedin.com/company/lotte-new-york-palace,Hospitality,501-1000,285,New York City,New York,United States,blitz
Lotus Concepts Management,lotusconceptsmgmt.com,https://lotusconceptsmgmt.com,https://www.linkedin.com/company/lotus-concepts-management,Hospitality,501-1000,36,Denver,Colorado,United States,blitz
Lou Malnati's Pizzeria,loumalnatis.com,https://www.loumalnatis.com,https://www.linkedin.com/company/lou-malnati-s,Restaurants,1001-5000,1108,Northbrook,Illinois,United States,aiark+blitz
Loumage Hotels & Resorts,loumage.com,https://www.loumage.com,https://www.linkedin.com/company/loumage-hotels-&-resorts,Hospitality,1001-5000,16,Ny,New York,United States,blitz
Love's Travel Stops,loves.com,https://www.loves.com,https://www.linkedin.com/company/love's-travel-stops,Retail,10001+,16332,Oklahoma City,Oklahoma,United States,aiark+blitz
Lovesac,lovesac.com,https://www.lovesac.com,https://www.linkedin.com/company/lovesac,Retail,501-1000,1430,Stamford,Connecticut,United States,aiark+blitz
"Lowe's Companies, Inc.",lowes.com,https://talent.lowes.com,https://www.linkedin.com/company/lowe's-home-improvement,Retail,10001+,114313,Mooresville,North Carolina,United States,aiark+blitz
Lowe's Home Improvement,,,https://www.linkedin.com/company/record-aircraft-parts,retail,,3457,Miami,,United States,aiark
Lowe's Pro Supply,lowesprosupply.com,http://www.lowesprosupply.com,https://www.linkedin.com/company/lowesprosupply,wholesale,,941,Mooresville,North Carolina,United States,aiark
Lowes Foods,lowesfoods.com,http://www.lowesfoods.com,https://www.linkedin.com/company/lowes-foods,retail,,4703,Winston-salem,North Carolina,United States,aiark
Lowes Home Improvment,,,https://www.linkedin.com/company/lowes-home-improvment,retail,,911,Phoenix,Arizona,United States,aiark
Lowe’s stores in Canada,lowes.ca,http://www.lowes.ca,https://www.linkedin.com/company/lowe-s-stores-in-canada,retail,,561,Boucherville,Québec,Canada,aiark
Loyal Companion,loyalcompanion.com,https://loyalcompanion.com,https://www.linkedin.com/company/loyal-companion-pets,Retail,501-1000,61,Ma,New Hampshire,United States,blitz
Lq Management Llc,lq.com,https://www.lq.com,https://www.linkedin.com/company/lq-management-llc,Hospitality,5001-10000,206,Irving,Texas,United States,aiark+blitz
LSG Sky Chefs,lsg-group.com,http://www.lsgskychefs.com,https://www.linkedin.com/company/lsg-sky-chefs,food and beverage manufacturing,,6160,Irving,Texas,United States,aiark
"Lsg Sky Chefs Usa, Inc",lsgskychefs.com,https://www.lsgskychefs.com,https://www.linkedin.com/company/lsg-sky-chefs-usa-inc.,Restaurants,501-1000,67,Irving,Texas,United States,blitz
LSGF Management,lsgfmanagement.com,https://www.lsgfmanagement.com,https://www.linkedin.com/company/lsgf-management,Retail,501-1000,16,Norcross,Georgia,United States,blitz
LTD Commodities,ltdcommodities.com,http://www.ltdcommodities.com,https://www.linkedin.com/company/commoditiesltd,retail,,583,Lincolnshire,Illinois,United States,aiark
Luby's Culinary Services,lubyscs.com,https://www.lubyscs.com,https://www.linkedin.com/company/luby's-culinary-services,Food and Beverage Services,1001-5000,80,Houston,Texas,United States,blitz
Luby's Restaurant Company,lubys.com,http://www.lubys.com,https://www.linkedin.com/company/lubys,restaurants,,1509,Houston,Texas,United States,aiark
LucidHealth,lucidhealth.com,http://lucidhealth.com,https://www.linkedin.com/company/lucidhealth,hospitals and health care,,616,Columbus,Ohio,United States,aiark
Lucille's Smokehouse Bar-B-Que,lucillesbbq.com,http://www.lucillesbbq.com,https://www.linkedin.com/company/lucilles-smokehouse-bbq,restaurants,,644,Signal Hill,California,United States,aiark
Lucky Brand,luckybrand.com,http://www.luckybrand.com,https://www.linkedin.com/company/lucky-brand-jeans,retail apparel and fashion,,1788,New York,New York,United States,aiark
"Luihn Food Systems, Inc",luihnfood.com,https://www.luihnfood.com,https://www.linkedin.com/company/luihn-food-systems-inc.,Restaurants,1001-5000,72,Morrisville,North Carolina,United States,blitz
lululemon,lululemon.com,https://corporate.lululemon.com/careers,https://www.linkedin.com/company/lululemon,Retail,10001+,25341,Vancouver,British Columbia,Canada,aiark+blitz
Lulus,lulus.com,http://www.lulus.com,https://www.linkedin.com/company/lulusdotcom,retail apparel and fashion,,1823,Los Angeles,California,United States,aiark
"Lunchtime Solutions, Inc.",lunchtimesolutions.com,https://www.lunchtimesolutions.com,https://www.linkedin.com/company/lunchtime-solutions-inc.,Food and Beverage Services,501-1000,169,N Sioux City,South Dakota,United States,blitz
Lunds & Byerlys,lundsandbyerlys.com,https://lundsandbyerlys.com,https://www.linkedin.com/company/lundsandbyerlys,Retail,1001-5000,1340,Minneapolis,Minnesota,United States,aiark+blitz
Lupe Tortilla Restaurants,tex-mex.com,https://www.tex-mex.com,https://www.linkedin.com/company/rdm-inc.-lupe-tortilla-brand,Restaurants,1001-5000,711,Houston,,United States,aiark+blitz
Lutheran Community Services Northwest,lcsnw.org,http://www.lcsnw.org,https://www.linkedin.com/company/lutheran-community-services-northwest,non-profit organizations,,660,Seatac,Washington,United States,aiark
Luxor Hotel & Casino,luxor.com,https://www.luxor.com,https://www.linkedin.com/company/luxor-las-vegas,Hospitality,5001-10000,811,Las Vegas,Nevada,United States,blitz
Lyons Magnus,lyonsmagnus.com,http://lyonsmagnus.com,https://www.linkedin.com/company/lyons-magnus,food and beverage manufacturing,,604,Fresno,California,United States,aiark
M Resort Spa Casino,themresort.com,https://www.themresort.com,https://www.linkedin.com/company/m-resort,Hospitality,1001-5000,512,Henderson,Nevada,United States,aiark+blitz
M Street Entertainment Group,mstreetnashville.com,https://mstreetnashville.com,https://www.linkedin.com/company/mstreet-entertainment-group,Hospitality,501-1000,81,Nashville,Tennessee,United States,blitz
M&M Food Market,mmfoodmarket.com,http://www.mmfoodmarket.com,https://www.linkedin.com/company/m&m-food-market,retail,,521,Mississauga,On,Canada,aiark
MAA,maac.com,http://www.maac.com,https://www.linkedin.com/company/mid-america-apartment-communities,real estate,,2547,Germantown,Tennessee,United States,aiark
Mac Donald Co,,,https://www.linkedin.com/company/mac-donald-co,restaurants,,2402,Pinellas Park,Florida,United States,aiark
Macado\'s,macados.net,https://www.macados.net,https://www.linkedin.com/company/macado's,Restaurants,501-1000,343,Roanoke,Virginia,United States,blitz
MacDonald's Food Market,,,https://www.linkedin.com/company/macdonald's-food-market,food and beverage services,,1398,Iron Bridge,Ontario,Canada,aiark
Mackenzie River Pizza,mackenzieriverpizza.com,https://www.mackenzieriverpizza.com,https://www.linkedin.com/company/mackenzie-river-pizza,Restaurants,1001-5000,308,Hamilton,Ohio,United States,blitz
Macs Circle K,circlekmacs.com,https://www.circlekmacs.com,https://www.linkedin.com/company/mid-atlantic-convenience-stores,Retail,501-1000,205,Richmond,Virginia,United States,blitz
Macy Macy Corp,macysinc.com,https://www.macysinc.com,https://www.linkedin.com/company/macy-macy-corp,Retail,10001+,29,Denver,Colorado,United States,aiark+blitz
Macy's,macysjobs.com,https://www.macysjobs.com,https://www.linkedin.com/company/macy,Retail,10001+,81339,New York,New York,United States,blitz
Macy's,macys.com,http://www.macysjobs.com?rx_source=linkedincompanypage,https://www.linkedin.com/company/macy,retail,,81626,New York,New York,United States,aiark
"Macy\'s Backstage, Inc",macysbackstage.com,https://macysbackstage.com,https://www.linkedin.com/company/macy's-backstage-inc.,Retail,1001-5000,725,New York,New York,United States,aiark+blitz
"Mad Engine Global, LLC.",madengine.com,http://www.madengine.com,https://www.linkedin.com/company/mad-engine,retail apparel and fashion,,590,Glendale,California,United States,aiark
MadRag,madrag.com,https://madrag.com,https://www.linkedin.com/company/10-spot,Retail,1001-5000,808,North Bergen,New Jersey,United States,aiark+blitz
Maggiano's Little Italy,maggianos.com,https://www.maggianos.com,https://www.linkedin.com/company/maggiano's-little-italy,Restaurants,5001-10000,2621,Dallas,Texas,United States,aiark+blitz
"Magna Hospitality Group, L.C",magnahospitality.com,https://magnahospitality.com,https://www.linkedin.com/company/magna-hospitality-group-l.c,Hospitality,1001-5000,4,Warwick,Rhode Island,United States,blitz
Magnolia,magnolia.com,https://www.magnolia.com,https://www.linkedin.com/company/magnolia-,Retail,501-1000,1305,Waco,Texas,United States,aiark+blitz
Magnolia Bakery,magnoliabakery.com,http://www.magnoliabakery.com,https://www.linkedin.com/company/magnolia-bakery,retail,,625,New York City,New York,United States,aiark
"Magnum Foods, Inc",littlecaesars.com,https://www.littlecaesars.com,https://www.linkedin.com/company/magnum-foods-inc,Restaurants,501-1000,41,Oklahoma City,Oklahoma,United States,aiark+blitz
"Maines Paper And Food Service, Inc",maines.net,https://www.maines.net,https://www.linkedin.com/company/maines-paper-&-food-service,Food and Beverage Services,1001-5000,614,Conklin,New York,United States,blitz
"Maines Paper and Food Service, Inc.",lineagelogistics.com,http://www.maines.net,https://www.linkedin.com/company/maines-paper-&-food-service,food and beverage services,,614,Conklin,New York,United States,aiark
Maison,thisismaison.com,https://www.thisismaison.com,https://www.linkedin.com/company/thisismaison,hospitality,,3300,New York,New York,United States,aiark
Maison des Nus,wearenus.com,http://www.maisondesnus.com,https://www.linkedin.com/company/maisondesnus,retail apparel and fashion,,543,New York,,United States,aiark
Major Food Group,majorfood.com,http://www.majorfood.com,https://www.linkedin.com/company/major-food-group,restaurants,,571,New York,New York,United States,aiark
"Majors Management, Llc",majorsmanagement.com,https://www.majorsmanagement.com,https://www.linkedin.com/company/majorsmanagement,Retail,1001-5000,196,Lawrenceville,Georgia,United States,blitz
Maker's Pride,makerspride.com,https://www.makerspride.com,https://www.linkedin.com/company/maker-s-pride,food and beverage manufacturing,,578,Downers Grove,Illinois,United States,aiark
Maletis Beverage,maletis.com,https://www.maletis.com,https://www.linkedin.com/company/maletis-beverage,Food and Beverage Services,501-1000,232,Portland,Oregon,United States,blitz
Mall of America,mallofamerica.com,http://www.mallofamerica.com,https://www.linkedin.com/company/mall-of-america,retail,,1130,Bloomington,Minnesota,United States,aiark
Mall of Trends,instagram.com,https://www.instagram.com/mallof.brands,https://www.linkedin.com/company/malloftrends,retail apparel and fashion,,774,New York,,United States,aiark
Mammoth Holdings,mammothholdings.com,https://www.mammothholdings.com,https://www.linkedin.com/company/mammothholdings,Retail,1001-5000,153,Dallas,Texas,United States,blitz
Mandalay Bay Resort And Casino,mandalaybay.com,https://www.mandalaybay.com,https://www.linkedin.com/company/mandalay-bay,Hospitality,5001-10000,2240,Las Vegas,Nevada,United States,blitz
Mandarin Restaurant Franchise Corporation,mandarinrestaurant.com,https://www.mandarinrestaurant.com,https://www.linkedin.com/company/mandarinrestaurant,hospitality,,513,Brampton,Ontario,Canada,aiark
MANDY'S,mandys.ca,http://mandys.ca,https://www.linkedin.com/company/mandysalads,restaurants,,568,Montréal,Quebec,Canada,aiark
Manhattan Beer Distributors,manhattanbeer.com,https://www.manhattanbeer.com,https://www.linkedin.com/company/manhattan-beerandbeverage-distributors,Food and Beverage Services,1001-5000,842,Bronx,New York,United States,aiark+blitz
Manitowoc Foodservice,mtwfs.com,https://www.mtwfs.com,https://www.linkedin.com/company/manitowoc-foodservice,Food and Beverage Services,5001-10000,295,New Port Richey,Florida,United States,blitz
"Mann Packing Co., Inc",mannpacking.com,https://mannpacking.com,https://www.linkedin.com/company/mann-packing-co.-inc.,Food and Beverage Services,501-1000,11,Salinas,California,United States,blitz
"Manna Development Group Llc, Franchisee Of Panera Bread",mannadevelopment.com,https://www.mannadevelopment.com,https://www.linkedin.com/company/manna-development-group-llc,Restaurants,5001-10000,190,Encinitas,California,United States,blitz
Mapco Express,mapcorewards.com,https://careers.mapcorewards.com,https://www.linkedin.com/company/mapco-express,Retail,1001-5000,2248,Franklin,Tennessee,United States,aiark+blitz
Maple Leaf Foods Inc,mapleleaffoods.com,http://www.mapleleaffoods.com,https://www.linkedin.com/company/maple-leaf-foods,food and beverage manufacturing,,6095,Mississauga,On,Canada,aiark
Maple Lodge Farms,maplelodgefarms.com,http://www.maplelodgefarms.com,https://www.linkedin.com/company/maple-lodge-farms,food and beverage manufacturing,,965,Brampton,Ontario,Canada,aiark
Mar-Jac Poultry,marjacpoultry.com,http://www.marjacpoultry.com,https://www.linkedin.com/company/mar-jac-poultry,food and beverage manufacturing,,620,Gainesville,Georgia,United States,aiark
Maralago Club,maralagoclub.com,https://www.maralagoclub.com,https://www.linkedin.com/company/maralago-club,Hospitality,10001+,68,Palm Beach,Florida,United States,blitz
Marathon Cheese Corporation,mcheese.com,http://mcheese.com,https://www.linkedin.com/company/marathon-cheese-corporation,food and beverage manufacturing,,671,Marathon,Wisconsin,United States,aiark
Marble Slab Creamery,marbleslabfranchise.com,http://www.marbleslabfranchise.com,https://www.linkedin.com/company/marble-slab-creamery,restaurants,,634,,,United States,aiark
Marc & Rose,marcandrosehospitality.com,https://marcandrosehospitality.com,https://www.linkedin.com/company/marc-and-rose,hospitality,,768,Scottsdale,Arizona,United States,aiark
Marc Jacobs,marcjacobs.com,http://www.MarcJacobs.com,https://www.linkedin.com/company/marc-jacobs,retail apparel and fashion,,1235,New York,New York City,United States,aiark
Marchon Eyewear,marchon.com,http://www.marchon.com,https://www.linkedin.com/company/marchon-eyewear,retail apparel and fashion,,1389,Melville,New York,United States,aiark
Marco MKT,marcomkt.com,https://heymarco.com,https://www.linkedin.com/company/heymarco,advertising services,,888,Fort Lauderdale,Florida,United States,aiark
"Marco's Pizza (Marco's Franchising, LLC)",marcos.com,https://marcos.com/franchising,https://www.linkedin.com/company/marco's-pizza,Restaurants,10001+,8016,Toledo,Ohio,United States,aiark+blitz
Marcus Corporation,marcuscorp.com,https://www.marcuscorp.com,https://www.linkedin.com/company/marcus-corporation,Hospitality,10001+,216,Milwaukee,Wisconsin,United States,blitz
Marcus Hotels & Resorts,marcushotels.com,https://www.marcushotels.com,https://www.linkedin.com/company/marcus-hotels-&-resorts,Hospitality,1001-5000,841,Milwaukee,Wisconsin,United States,aiark+blitz
Mardel Christian & Education,mardel.com,https://www.mardel.com,https://www.linkedin.com/company/mardel,Retail,501-1000,387,Oklahoma City,Oklahoma,United States,blitz
Marden\'s Inc,mardens.com,https://www.mardens.com,https://www.linkedin.com/company/mardens,Retail,501-1000,234,Winslow,Maine,United States,blitz
Margaritaville,margaritaville.com,https://www.margaritaville.com,https://www.linkedin.com/company/margaritaville,Hospitality,1001-5000,2390,Orlando,Florida,United States,aiark+blitz
MarginEdge,marginedge.com,http://www.marginedge.com,https://www.linkedin.com/company/marginedge,restaurants,,1095,Arlington,Virginia,United States,aiark
Mariano's,marianos.com,http://www.marianos.com,https://www.linkedin.com/company/mariano's,food and beverage services,,3098,Rosemont,Illinois,United States,aiark
MarineMax,marinemax.com,https://www.marinemax.com,https://www.linkedin.com/company/marinemax,Retail,1001-5000,1474,Oldsmar,Florida,United States,aiark+blitz
MarinHealth,mymarinhealth.org,https://www.mymarinhealth.org,https://www.linkedin.com/company/marinhealth,hospitals and health care,,1773,Greenbrae,California,United States,aiark
Mark Anthony Group,markanthony.com,http://www.markanthony.com,https://www.linkedin.com/company/mark-anthony-group,beverage manufacturing,,1138,Vancouver,British Columbia,Canada,aiark
Mark's,marks.com,https://www.marks.com,https://www.linkedin.com/company/markscanada,Retail,5001-10000,3190,Calgary,Alberta,Canada,aiark+blitz
"Market America, Inc.",marketamerica.com,https://www.marketamerica.com,https://www.linkedin.com/company/market-america-inc-,software development,,3778,Greensboro,North Carolina,United States,aiark
Market Basket,marketbasket.com,http://marketbasket.com,https://www.linkedin.com/company/market-basket,retail groceries,,3512,Franklin Lakes,New Jersey,United States,aiark
Market Basket Food Stores,marketbasketfoods.com,http://www.marketbasketfoods.com,https://www.linkedin.com/company/market-basket-food-stores,retail,,2044,Nederland,Texas,United States,aiark
Market of Choice,marketofchoice.com,https://www.marketofchoice.com,https://www.linkedin.com/company/marketofchoice,Food and Beverage Services,1001-5000,490,Eugene,Oregon,United States,blitz
Market Street Grill Utah,marketstreetgrill.com,https://marketstreetgrill.com,https://www.linkedin.com/company/market-street-grill-utah,Restaurants,501-1000,34,Salt Lake City,Utah,United States,blitz
Market Studios,marketstudios.com,https://marketstudios.com,https://www.linkedin.com/company/marketstudios,retail,,3200,Los Angeles,California,United States,aiark
Marlow's Tavern,marlowstavern.com,https://www.marlowstavern.com,https://www.linkedin.com/company/marlowstavern,Restaurants,501-1000,407,Atlanta,Georgia,United States,blitz
Marmon Foodservice Technologies,marmonfoodservice.com,http://www.marmonfoodservice.com,https://www.linkedin.com/company/marmon-foodservice-technologies,food and beverage services,,679,Carol Stream,Illinois,United States,aiark
Marriott Hotels,marriotthotels.com,https://www.marriotthotels.com,https://www.linkedin.com/company/marriott_hotels_resorts,Hospitality,10001+,45020,Bethesda,Maryland,United States,blitz
Marriott International,marriott.com,https://www.marriott.com,https://www.linkedin.com/company/marriott-international,Hospitality,10001+,244249,Bethesda,Maryland,United States,aiark+blitz
"Marriott Ownership Resorts, Inc",marriottvacationclub.com,https://marriottvacationclub.com,https://www.linkedin.com/company/marriott-ownership-resorts-inc.,Hospitality,501-1000,4,Orlando,Florida,United States,blitz
Marriott Vacations Worldwide,marriottvacationsworldwide.com,https://www.marriottvacationsworldwide.com,https://www.linkedin.com/company/marriottvacationsworldwide,Hospitality,10001+,8942,Orlando,Florida,United States,aiark+blitz
Mars,mars.com,https://www.mars.com,https://www.linkedin.com/company/mars,food and beverage manufacturing,,66022,Mclean,Virginia,United States,aiark
Marsh Supermarkets,marsh.net,http://www.marsh.net,https://www.linkedin.com/company/marsh-supermarkets,retail groceries,,536,Indianapolis,Indiana,United States,aiark
Marshall Retail Group,marshallretailgroup.com,https://www.marshallretailgroup.com,https://www.linkedin.com/company/marshallretailgroup,Food and Beverage Services,501-1000,251,Baldwin,New York,United States,aiark+blitz
Marshalls Convenience Stores,marshallsonline.com,https://www.marshallsonline.com,https://www.linkedin.com/company/marshalls-stores,Retail,10001+,3264,Cascade,Wisconsin,United States,aiark+blitz
MARSHALLS LLC,marshalls.com,https://www.marshalls.com,https://www.linkedin.com/company/marshalls-llc,retail,,16007,Shelton,Connecticut,United States,aiark
Martin Brower,martinbrower.com,http://www.martinbrower.com,https://www.linkedin.com/company/martin-brower,truck transportation,,4527,,,United States,aiark
Martin's Famous Potato Rolls and Bread,potatorolls.com,http://www.potatorolls.com,https://www.linkedin.com/company/martin's-famous-pastry-shoppe-inc-,food and beverage manufacturing,,543,Chambersburg,Pennsylvania,United States,aiark
Martin\'s Bar-B-Que Joint,martinsbbqjoint.com,https://www.martinsbbqjoint.com,https://www.linkedin.com/company/martinsbbqjoint,Restaurants,501-1000,84,Nashville,Tennessee,United States,blitz
"Marvin\'s, Inc",marvins.com,https://www.marvins.com,https://www.linkedin.com/company/marvin's-inc.,Retail,501-1000,321,Leeds,Alabama,United States,blitz
Mary Brown's Chicken,marybrowns.com,http://www.marybrowns.com,https://www.linkedin.com/company/mary-brown's-famous-chicken-and-taters,food and beverage services,,1191,Markham,Ontario,Canada,aiark
MAS Restaurant Group,masrestaurantgroup.com,https://www.masrestaurantgroup.com,https://www.linkedin.com/company/masrestaurantgroup,Restaurants,1001-5000,79,Houston,Texas,United States,blitz
Massanutten Resort,massresort.com,https://www.massresort.com,https://www.linkedin.com/company/massanutten-resort,Hospitality,1001-5000,438,Mcgaheysville,Virginia,United States,blitz
MassChallenge,masschallenge.org,http://www.masschallenge.org,https://www.linkedin.com/company/masschallenge,venture capital and private equity principals,,509,Boston,Massachusetts,United States,aiark
Massimo Zanetti Beverage USA,mzb-usa.com,https://www.mzb-usa.com,https://www.linkedin.com/company/massimo-zanetti-beverage-usa,Food and Beverage Services,501-1000,331,Suffolk,Virginia,United States,blitz
"Master ConcessionAir, LLC",mca-airports.com,https://www.mca-airports.com,https://www.linkedin.com/company/master-concessionair-world-wide-concessions,Restaurants,1001-5000,136,Doral,Florida,United States,blitz
"MasterCorp, Inc.",mastercorp.com,https://www.mastercorp.com,https://www.linkedin.com/company/mastercorp,Hospitality,5001-10000,2465,Orlando,Florida,United States,aiark+blitz
Mastro's Restaurants,mastrosrestaurants.com,https://www.mastrosrestaurants.com,https://www.linkedin.com/company/mastro's,Hospitality,10001+,570,Houston,Texas,United States,aiark+blitz
Mastronardi Produce,sunsetgrown.com,http://sunsetgrown.com,https://www.linkedin.com/company/mastronardi-produce,food and beverage services,,1620,Kingsville,Ontario,Canada,aiark
Matera,matera.com,https://www.matera.com,https://www.linkedin.com/company/matera,it services and it consulting,,1271,Philadelphia,Pennsylvania,United States,aiark
Materne North America - GoGo squeeZ,gogosqueez.com,https://www.gogosqueez.com,https://www.linkedin.com/company/materne-north-america,Food and Beverage Services,501-1000,370,New York,New York,United States,blitz
Mateus,,,https://www.linkedin.com/company/hikaru-sushi,retail,,850,Fortaleza,Ceará,United States,aiark
Matrix Proven Pos,ncr.com,https://www.ncr.com,https://www.linkedin.com/company/matrix-proven-pos,Hospitality,10001+,,Huron,Ohio,United States,aiark+blitz
Mattress Firm,mattressfirm.com,https://www.mattressfirm.com,https://www.linkedin.com/company/mattressfirm,retail,,6815,Houston,Texas,United States,aiark
Mattress Warehouse,mattresswarehouse.com,http://www.mattresswarehouse.com,https://www.linkedin.com/company/mattresswarehouse,retail,,1008,Frederick,Maryland,United States,aiark
Maui Jim Sunglasses,mauijim.com,https://careers.mauijim.com,https://www.linkedin.com/company/mauijim,retail luxury goods and jewelry,,699,Peoria,Illinois,United States,aiark
maurices,maurices.com,https://www.maurices.com,https://www.linkedin.com/company/maurices,Retail,5001-10000,5744,Duluth,Minnesota,United States,aiark+blitz
"Maverik, Inc.",maverik.com,https://maverik.com,https://www.linkedin.com/company/maverik-inc,retail,,5950,Salt Lake City,Utah,United States,aiark
Mavis Tire,mavis.com,http://mavis.com,https://www.linkedin.com/company/mavis-tire,motor vehicle manufacturing,,3859,Millwood,New York,United States,aiark
Mazda North American Operations,mazdausa.com,http://www.mazdausa.com,https://www.linkedin.com/company/mazda-north-american-operations,motor vehicle manufacturing,,2207,Irvine,California,United States,aiark
Mazzio\'s,mazzios.com,https://www.mazzios.com,https://www.linkedin.com/company/mazzio's-corporation,Restaurants,1001-5000,1003,Tulsa,,United States,aiark+blitz
Mazzone Hospitality,mazzonehospitality.com,https://www.mazzonehospitality.com,https://www.linkedin.com/company/mazzone-hospitality-llc,Hospitality,501-1000,270,Clifton Park,New York,United States,blitz
MBI Brands,mbibrands.com,https://mbibrands.com,https://www.linkedin.com/company/mbi-brands,retail,,1393,Markham,Ontario,Canada,aiark
MBS,mbsbooks.com,http://www.mbsbooks.com,https://www.linkedin.com/company/mbs-textbook-exchange,higher education,,1416,Columbia,Missouri,United States,aiark
Mc Donalds Restaurants 4850,,,https://www.linkedin.com/company/mc-donalds-restaurants-4850,retail,,1152,Perrysburg,Ohio,United States,aiark
McAlister's Deli,mcalistersdeli.com,http://www.mcalistersdeli.com,https://www.linkedin.com/company/mcalistersdeli,restaurants,,5665,Atlanta,Georgia,United States,aiark
Mcallisters Deli,,,https://www.linkedin.com/company/mcallisters-deli,hospitality,,672,Jackson,Mississippi,United States,aiark
McCain Foods,mccain.com,https://www.mccain.com,https://www.linkedin.com/company/mccainfoods,food and beverage manufacturing,,11707,Toronto,On,Canada,aiark
McCall Farms Inc,mccallfarms.com,http://www.mccallfarms.com,https://www.linkedin.com/company/mccall-farms-inc,food and beverage manufacturing,,505,Effingham,South Carolina,United States,aiark
Mccaulou\'s Department Stores,mccaulous.com,https://mccaulous.com,https://www.linkedin.com/company/mccaulous,Retail,501-1000,67,Lafayette,California,United States,blitz
McConnell Golf,mcconnellgolf.com,https://www.mcconnellgolf.com,https://www.linkedin.com/company/mcconnell-golf-llc,Hospitality,501-1000,228,Raleigh,North Carolina,United States,blitz
McCormick & Company,mccormickcorporation.com,http://www.mccormickcorporation.com,https://www.linkedin.com/company/mccormick,food and beverage manufacturing,,9064,Hunt Valley,Maryland,United States,aiark
McCormick & Schmick's,mccormickandschmicks.com,https://www.mccormickandschmicks.com,https://www.linkedin.com/company/mccormick-&-schmick's,Hospitality,10001+,827,Houston,Texas,United States,aiark+blitz
McDonald's,mcdonalds.com,https://corporate.mcdonalds.com,https://www.linkedin.com/company/mcdonald's-corporation,restaurants,,458305,Chicago,Illinois,United States,aiark
McKee Foods Corporation,mckeefoods.com,http://jobs.mckeefoods.com,https://www.linkedin.com/company/mckee-foods-corporation,food and beverage manufacturing,,3158,Collegedale,Tennessee,United States,aiark
McKibbon Hospitality,mckibbon.com,http://www.mckibbon.com,https://www.linkedin.com/company/mckibbon-hotel-management,hospitality,,596,Tampa,Florida,United States,aiark
Mclendon Hardware,mclendons.com,https://www.mclendons.com,https://www.linkedin.com/company/mclendon-hardware,Retail,501-1000,143,Renton,Washington,United States,blitz
Mcloone\'s Restaurants,mcloones.com,https://www.mcloones.com,https://www.linkedin.com/company/mcloone's-restaurants,Restaurants,1001-5000,195,Shrewsbury,New Jersey,United States,blitz
Mcmenamins Pubs & Breweries,mcmenamins.com,https://www.mcmenamins.com,https://www.linkedin.com/company/mcmenamins,Food and Beverage Services,1001-5000,1052,Portland,Oregon,United States,aiark+blitz
McNaughton-McKay Electric Company,mc-mc.com,http://www.mc-mc.com,https://www.linkedin.com/company/mcnaughtonmckay,wholesale,,826,Madison Heights,Michigan,United States,aiark
MCR Hotels,mcrhotels.com,http://www.mcrhotels.com,https://www.linkedin.com/company/mcr-hotels,hospitality,,625,New York,New York,United States,aiark
MEC,mec.ca,http://www.mec.ca,https://www.linkedin.com/company/mountainequipmentcompany,retail,,1558,Vancouver,Bc,Canada,aiark
Medieval Times,medievaltimes.com,http://www.MedievalTimes.com,https://www.linkedin.com/company/medieval-times,entertainment providers,,813,Irving,Texas,United States,aiark
Medline,medline.com,http://www.medline.com,https://www.linkedin.com/company/medlineinc,medical equipment manufacturing,,18418,Northfield,Illinois,United States,aiark
Mega Cat Studios,megacatstudios.com,https://www.megacatstudios.com,https://www.linkedin.com/company/megacatstudios,computer games,,594,Pittsburgh,Pennsylvania,United States,aiark
Megamex Foods,megamexfoods.com,https://www.megamexfoods.com,https://www.linkedin.com/company/megamex-foods-llc,Food and Beverage Services,1001-5000,140,Orange,California,United States,blitz
Meijer,meijer.com,https://www.meijer.com,https://www.linkedin.com/company/meijer,Retail,10001+,31376,Grand Rapids,Michigan,United States,aiark+blitz
Mejuri,mejuri.com,http://www.mejuri.com,https://www.linkedin.com/company/mejuri,retail luxury goods and jewelry,,694,Toronto,Ontario,Canada,aiark
Mellow Mushroom,mellowmushroom.com,http://www.mellowmushroom.com,https://www.linkedin.com/company/hgi--mellow-mushroom-hq,restaurants,,2846,Atlanta,Georgia,United States,aiark
Melly P\'s Food Truck,mellyps.com,https://www.mellyps.com,https://www.linkedin.com/company/melly-p-s-food-truck,Food and Beverage Services,10001+,,Branford,Connecticut,United States,blitz
Melt Bar And Grilled,meltbarandgrilled.com,https://www.meltbarandgrilled.com,https://www.linkedin.com/company/melt-bar-and-grilled,Restaurants,501-1000,92,Independence,Ohio,United States,blitz
meme,,,https://www.linkedin.com/company/meme,retail,,538,,,United States,aiark
Men's Wearhouse,menswearhouse.com,https://www.menswearhouse.com,https://www.linkedin.com/company/the-men's-wearhouse-inc,Retail,10001+,6550,Houston,Texas,United States,aiark+blitz
Menards,menards.com,https://www.menards.com/careers,https://www.linkedin.com/company/menards,Retail,10001+,22806,Eau Claire,Wisconsin,United States,aiark+blitz
Menchie's Frozen Yogurt,menchies.com,http://www.menchies.com,https://www.linkedin.com/company/menchie's-frozen-yogurt,restaurants,,1439,Woodland Hills,California,United States,aiark
Mendocino Farms,mendocinofarms.com,https://www.mendocinofarms.com,https://www.linkedin.com/company/mendocino-farms,Restaurants,1001-5000,857,El Segundo,California,United States,aiark+blitz
Menin Hospitality,meninhospitality.com,https://www.meninhospitality.com,https://www.linkedin.com/company/meninhospitality,Hospitality,501-1000,93,Miami Beach,Florida,United States,blitz
Mercados Devoto S.A.,devoto.com.uy,https://www.devoto.com.uy,https://www.linkedin.com/company/mercados-devoto-s.a.,retail groceries,,682,,,United States,aiark
Mercedez Benz,,,https://www.linkedin.com/company/mercedez-benz,retail,,537,Sarasota,Florida,United States,aiark
"Merchants Distributors, LLC",mdi.com,http://www.mdi.com,https://www.linkedin.com/company/merchants-distributors-inc-,wholesale,,584,Hickory,North Carolina,United States,aiark
Merchants Foodservice,merchantsfoodservice.com,https://merchantsfoodservice.com,https://www.linkedin.com/company/merchantsfs,Food and Beverage Services,501-1000,323,Hattiesburg,Mississippi,United States,blitz
Mercy Housing,mercyhousing.org,http://www.mercyhousing.org,https://www.linkedin.com/company/mercy-housing,non-profit organizations,,1388,Denver,Colorado,United States,aiark
Meritage Hospitality Group,meritagehospitality.com,https://www.meritagehospitality.com,https://www.linkedin.com/company/meritage-hospitality-group,Hospitality,10001+,520,Grand Rapids,Michigan,United States,aiark+blitz
Meriwether Godsey,merig.com,https://www.merig.com,https://www.linkedin.com/company/meriwether-godsey,Hospitality,501-1000,228,Lynchburg,Virginia,United States,blitz
Merle Norman Cosmetics,merlenorman.com,http://merlenorman.com,https://www.linkedin.com/company/merle-norman-cosmetics,personal care product manufacturing,,1287,,,United States,aiark
Merrell,merrell.com,https://www.merrell.com,https://www.linkedin.com/company/merrell,retail,,519,Rockford,Michigan,United States,aiark
Merrill Gardens,merrillgardens.com,https://www.merrillgardens.com,https://www.linkedin.com/company/merrill-gardens,Hospitality,1001-5000,1202,Seattle,Washington,United States,aiark+blitz
Mervyns,mervyns.com,http://www.mervyns.com,https://www.linkedin.com/company/mervyns,retail,,693,,,United States,aiark
Mesero,mesero.com.do,http://www.mesero.com.do,https://www.linkedin.com/company/mesero,food and beverage services,,664,Santo Domingo,Distrito Nacional,United States,aiark
Mestessa,mestessa.com,http://www.mestessa.com,https://www.linkedin.com/company/mestessa,retail apparel and fashion,,708,Durham,North Carolina,United States,aiark
Metal Sales Manufacturing Corporation,metalsales.us.com,https://www.metalsales.us.com,https://www.linkedin.com/company/metal-sales-manufacturing,wholesale building materials,,666,Sellersburg,Indiana,United States,aiark
Metro Diner,metrodiner.com,https://www.metrodiner.com,https://www.linkedin.com/company/metro-diner,restaurants,,1002,Tampa,Florida,United States,aiark
Metro Inc.,metro.ca,http://www.corpo.metro.ca,https://www.linkedin.com/company/metro-inc.,retail,,22905,Montréal,Québec,Canada,aiark
Metropolitan at The 9 | Autograph Collection,the9cleveland.com,https://the9cleveland.com,https://www.linkedin.com/company/metropolitan-at-the-9,Hospitality,501-1000,79,Cleveland,Ohio,United States,blitz
Metropolitan Hospitality Group,eatmhg.com,https://www.eatmhg.com,https://www.linkedin.com/company/metropolitan-hospitality-group,Hospitality,501-1000,100,Falls Church,Virginia,United States,blitz
Metrotainment Cafes,metrocafes.com,https://www.metrocafes.com,https://www.linkedin.com/company/metrotainment-cafes,Hospitality,501-1000,57,Atlanta,Georgia,United States,blitz
Metz Culinary Management,metzculinary.com,https://www.metzculinary.com,https://www.linkedin.com/company/metz-culinary-management,Hospitality,5001-10000,1859,Dallas,Pennsylvania,United States,aiark+blitz
"Mexican Restaurants, Inc",mexicanrestaurantsinc.com,https://www.mexicanrestaurantsinc.com,https://www.linkedin.com/company/mexican-restaurants-inc.,Restaurants,1001-5000,,Houston,Texas,United States,blitz
MFA Incorporated,mfa-inc.com,http://www.mfa-inc.com,https://www.linkedin.com/company/mfa-incorporated,farming,,703,Columbia,Missouri,United States,aiark
MGF,mgfsourcing.com,http://www.mgfsourcing.com,https://www.linkedin.com/company/mgf-sourcing,retail apparel and fashion,,592,Columbus,Ohio,United States,aiark
Mgm Grand Hotel & Casino Las Vegas,mgmgrand.com,https://www.mgmgrand.com,https://www.linkedin.com/company/mgm-grand,Hospitality,5001-10000,,Las Vegas,Nevada,United States,blitz
MGM Resorts International,mgmresorts.com,https://www.mgmresorts.com,https://www.linkedin.com/company/mgm-resorts-international,Hospitality,10001+,27310,Las Vegas,Nevada,United States,aiark+blitz
Mgm Springfield,mgmspringfield.com,https://www.mgmspringfield.com,https://www.linkedin.com/company/mgm-springfield,Hospitality,1001-5000,401,Springfield,Massachusetts,United States,blitz
Mi Familia,,,https://www.linkedin.com/company/mi-familia,restaurants,,559,Phoenix,Arizona,United States,aiark
Michael Foods,michaelfoods.com,http://www.MichaelFoods.com,https://www.linkedin.com/company/michael-foods,food and beverage manufacturing,,1442,Hopkins,Minnesota,United States,aiark
Michael Kors,michaelkors.com,http://MichaelKors.com,https://www.linkedin.com/company/michael-kors,retail apparel and fashion,,9093,New York,New York,United States,aiark
Michaels Arts & Craft Store,,,https://www.linkedin.com/company/michaels-arts-&-craft-store,retail,,2729,Sarasota,Florida,United States,aiark
Michaels Stores,michaels.com,https://www.michaels.com,https://www.linkedin.com/company/michaels-stores-inc-,Retail,10001+,18677,Irving,Texas,United States,aiark+blitz
Miche Bag,michebag.com,http://www.michebag.com,https://www.linkedin.com/company/miche-bag,retail apparel and fashion,,554,,,United States,aiark
Michigan Sugar Company,michigansugar.com,http://www.michigansugar.com,https://www.linkedin.com/company/michigan-sugar-co,food and beverage manufacturing,,529,Bay City,Michigan,United States,aiark
Micro Center,microcenter.com,http://www.microcenter.com,https://www.linkedin.com/company/micro-center,retail,,2720,Hilliard,Ohio,United States,aiark
Midamerica Hotels Corporation,midamcorp.com,https://midamcorp.com,https://www.linkedin.com/company/midamerica-hotels-corporation,Hospitality,1001-5000,64,Cape Girardeau,Missouri,United States,blitz
Midas Hospitality,midashospitality.com,https://www.midashospitality.com,https://www.linkedin.com/company/midas-hospitality,Hospitality,1001-5000,377,St Louis,Missouri,United States,blitz
Middleby Foodservice,middleby.com,https://www.middleby.com,https://www.linkedin.com/company/middleby-foodservice,Food and Beverage Services,10001+,,Elgin,Illinois,United States,aiark+blitz
MIDLAND,midlandpaper.com,http://www.midlandco.com,https://www.linkedin.com/company/midland-paper-packaging-supplies,paper and forest product manufacturing,,887,Wheeling,Illinois,United States,aiark
MidwayUSA,midwayusa.com,https://www.midwayusa.com,https://www.linkedin.com/company/midwayusa,Retail,501-1000,274,Columbia,Missouri,United States,blitz
Midwest Petroleum,midwestpetro.com,https://www.midwestpetro.com,https://www.linkedin.com/company/midwest-petroleum,Retail,501-1000,269,Manchester,Missouri,United States,blitz
Milano Restaurants International Corp,milano-ri.com,https://milano-ri.com,https://www.linkedin.com/company/milano-restaurants-international-corp.,Restaurants,501-1000,41,Fresno,California,United States,blitz
Milestones Grill + Bar,milestonesrestaurants.com,http://www.milestonesrestaurants.com,https://www.linkedin.com/company/milestones-grill-bar,food and beverage services,,674,Toronto,,Canada,aiark
Milk Bar,milkbarstore.com,http://milkbarstore.com,https://www.linkedin.com/company/milk-bar,food and beverage services,,516,New York,New York,United States,aiark
Mill Creek Carpet & Tile,millcreekcarpet.com,https://www.millcreekcarpet.com,https://www.linkedin.com/company/mill-creek-carpet-tile,Retail,501-1000,49,Tulsa,Oklahoma,United States,blitz
Miller's Ale House Restaurants,millersalehouse.com,https://www.millersalehouse.com,https://www.linkedin.com/company/miller's-ale-house,Restaurants,5001-10000,3550,Orlando,Florida,United States,aiark+blitz
"Milo's Tea Company, Inc.",drinkmilos.com,https://www.drinkmilos.com,https://www.linkedin.com/company/milo's-tea-company-inc-,Food and Beverage Services,501-1000,784,Bessemer,Alabama,United States,aiark+blitz
Mimi\'s Cafe,mimis.com,https://www.mimis.com,https://www.linkedin.com/company/mimisbistroandbakery,Restaurants,1001-5000,1334,Dallas,Texas,United States,blitz
Mingledorff's,mingledorffs.com,http://www.mingledorffs.com,https://www.linkedin.com/company/mingledorff's,wholesale,,516,Norcross,Georgia,United States,aiark
MINISO USA,minisousaonline.com,https://www.miniso-us.com,https://www.linkedin.com/company/miniso-usa,retail,,1028,West Covina,California,United States,aiark
Minit Mart,minitmart.com,https://minitmart.com,https://www.linkedin.com/company/minit-mart,Retail,1001-5000,468,Westborough,Massachusetts,United States,blitz
Minsa Corporation,minsa.com,http://www.minsa.com,https://www.linkedin.com/company/minsa-corporation,food and beverage manufacturing,,1077,Lubbock,Texas,United States,aiark
Minsky's Pizza,minskys.com,https://minskys.com,https://www.linkedin.com/company/minskyspizza,Restaurants,501-1000,245,Kansas City,Missouri,United States,blitz
Mint Julep Restaurants,greercompanies.com,https://www.greercompanies.com,https://www.linkedin.com/company/greer-companies,Restaurants,5001-10000,15,Lexington,Kentucky,United States,blitz
Minuteman Parking Company,minutemanparking.com,https://www.minutemanparking.com,https://www.linkedin.com/company/minuteman-parking-company,Hospitality,501-1000,47,Manhattan Beach,California,United States,blitz
Miracle Ear,miracleear.com,http://MiracleEar.com,https://www.linkedin.com/company/miracle-ear,retail,,531,,,United States,aiark
Miraval Resorts & Spas,miravalresorts.com,http://www.miravalresorts.com,https://www.linkedin.com/company/miraval-resort-and-spa,hospitality,,606,Tucson,Arizona,United States,aiark
Misfits Market,misfitsmarket.com,https://www.misfitsmarket.com,https://www.linkedin.com/company/misfitsmarket,Food and Beverage Services,1001-5000,508,Delanco,New Jersey,United States,blitz
MISSION BBQ,mission-bbq.com,http://mission-bbq.com,https://www.linkedin.com/company/mission-bbq,food and beverage services,,2225,Glen Burnie,Maryland,United States,aiark
Mission Foods,missionfoods.com,https://www.missionfoods.com,https://www.linkedin.com/company/mission-foods,food and beverage manufacturing,,3958,Irving,Texas,United States,aiark
Mission Produce®,missionproduce.com,http://www.missionproduce.com,https://www.linkedin.com/company/mission-produce-inc-,food and beverage services,,521,Oxnard,California,United States,aiark
"Mission Yogurt, Inc.",missionyogurt.com,https://www.missionyogurt.com,https://www.linkedin.com/company/missionyogurt,Hospitality,501-1000,127,Denver,Colorado,United States,blitz
Mister Car Wash,mistercarwash.com,https://www.mistercarwash.com,https://www.linkedin.com/company/mister-car-wash,Retail,5001-10000,3576,Tucson,Arizona,United States,aiark+blitz
Mizkan America,mizkan.com,http://www.mizkan.com,https://www.linkedin.com/company/mizkan-america,food and beverage manufacturing,,736,Schaumburg,Illinois,United States,aiark
Mmi Hotel Group,mmihospitality.com,https://www.mmihotelgroup.com,https://www.linkedin.com/company/mmi-hotel,Hospitality,1001-5000,135,Ridgeland,Mississippi,United States,blitz
MobileOne LLC,mobileonellc.com,https://mobileonellc.com,https://www.linkedin.com/company/mobile-one-llc,Retail,501-1000,399,La Jolla,California,United States,blitz
MOD Pizza,modpizza.com,https://modpizza.com,https://www.linkedin.com/company/modpizza,restaurants,,4015,Bellevue,Washington,United States,aiark
Modell\'s Sporting Goods,modells.com,https://www.modells.com,https://www.linkedin.com/company/modell's-sporting-goods,Retail,1001-5000,1175,New York,New York,United States,aiark+blitz
Modere,modere.com,http://www.modere.com,https://www.linkedin.com/company/modere,retail,,1811,Provo,Utah,United States,aiark
Moe's Southwest Grill,moes.com,http://www.moes.com,https://www.linkedin.com/company/moe's-southwest-grill,restaurants,,4454,Atlanta,Georgia,United States,aiark
Mohonk Mountain House,mohonk.com,https://www.mohonk.com,https://www.linkedin.com/company/mohonk-mountain-house,Hospitality,501-1000,365,New Paltz,,United States,blitz
Molson Coors Beverage Company,molsoncoors.com,https://www.molsoncoors.com,https://www.linkedin.com/company/molson-coors,Food and Beverage Services,10001+,12341,Chicago,Illinois,United States,aiark+blitz
Mom's Meals | A Purfoods Company,momsmeals.com,http://www.momsmeals.com,https://www.linkedin.com/company/mom's-meals,food and beverage manufacturing,,1183,Ankeny,Iowa,United States,aiark
MOM's Organic Market,momsorganicmarket.com,https://momsorganicmarket.com,https://www.linkedin.com/company/mom's-organic-market,Retail,1001-5000,556,Rockville,Maryland,United States,aiark+blitz
Momofuku,momofuku.com,https://www.momofuku.com,https://www.linkedin.com/company/momofuku,Restaurants,501-1000,269,New York,,United States,blitz
MONAT Global,monatglobal.com,https://monatglobal.com/culture,https://www.linkedin.com/company/monat-global-corp,retail,,5291,Doral,Florida,United States,aiark
Mondelēz International,mondelezinternational.com,https://www.mondelezinternational.com/?utm_source=linkedin.com&utm_medium=button&utm_campaign=Linkedin_homepage,https://www.linkedin.com/company/mondelezinternational,food and beverage manufacturing,,49301,Greater Chicago Area,Illinois,United States,aiark
Monk\'s Bar & Grill,monksbarandgrill.com,https://www.monksbarandgrill.com,https://www.linkedin.com/company/monk's-bar-&-grill,Restaurants,501-1000,93,Wisconsin Dells,Wisconsin,United States,blitz
Monogram Foods,monogramfoods.com,http://www.monogramfoods.com,https://www.linkedin.com/company/monogramfoods,food and beverage manufacturing,,1339,Memphis,Tennessee,United States,aiark
"Monro, Inc.",monro.com,https://corporate.monro.com,https://www.linkedin.com/company/monroinc,motor vehicle manufacturing,,2577,Fairport,New York,United States,aiark
Monster Energy,monsterenergy.com,https://www.monsterenergy.com,https://www.linkedin.com/company/monsterenergy,Food and Beverage Services,5001-10000,7407,Corona,California,United States,aiark+blitz
Montage Hotels & Resorts,montage.com,https://www.montage.com,https://www.linkedin.com/company/montage-hotels-&-resorts,Hospitality,1001-5000,757,Irvine,California,United States,aiark+blitz
Montage International,montageinternational.com,https://www.montageinternational.com,https://www.linkedin.com/company/montage-international,Hospitality,1001-5000,2849,Irvine,California,United States,aiark+blitz
Montanas BBQ & Bar,montanas.ca,http://montanas.ca,https://www.linkedin.com/company/montanas-bbq-bar,hospitality,,954,Vaughan,Ontario,Canada,aiark
Monte Carlo Resort & Casino,montecarlo.com,https://www.montecarlo.com,https://www.linkedin.com/company/monte-carlo-resort-&-casino,Hospitality,1001-5000,375,Las Vegas,Nevada,United States,blitz
"Monterey Mushrooms, LLC",montereymushrooms.com,https://www.montereymushrooms.com,https://www.linkedin.com/company/monterey-mushrooms,Food and Beverage Services,1001-5000,463,Loudon,Tennessee,United States,blitz
Moon Valley Nurseries,moonvalleynurseries.com,http://www.moonvalleynurseries.com,https://www.linkedin.com/company/moonvalleynurseries,retail,,625,Scottsdale,Arizona,United States,aiark
Moores Clothing,mooresclothing.com,http://www.mooresclothing.com,https://www.linkedin.com/company/moores-clothing,retail,,863,Etobicoke,Ontario,Canada,aiark
Mooyah Burgers Fries And Shakes,mooyahfranchise.com,https://www.mooyahfranchise.com,https://www.linkedin.com/company/mooyah-burgers-fries-and-shakes,Restaurants,1001-5000,490,Plano,Texas,United States,blitz
Morrison Community Living,morrisoncommunityliving.com,https://morrisoncommunityliving.com,https://www.linkedin.com/company/morrison-community-living,Food and Beverage Services,5001-10000,19,Atlanta,Georgia,United States,blitz
Morrison Healthcare,morrisonhealthcare.com,https://www.morrisonhealthcare.com,https://www.linkedin.com/company/morrison-healthcare-food-services,Food and Beverage Services,10001+,6397,Atlanta,Georgia,United States,aiark+blitz
Morrison Living,morrisonliving.com,http://www.morrisonliving.com,https://www.linkedin.com/company/morrisonliving,food and beverage services,,885,Atlanta,Georgia,United States,aiark
Morrissey Hospitality,morrisseyhospitality.com,https://www.morrisseyhospitality.com,https://www.linkedin.com/company/morrisseyhospitality,Hospitality,1001-5000,98,Saint Paul,Minnesota,United States,blitz
Morton's The Steakhouse,mortons.com,http://www.mortons.com,https://www.linkedin.com/company/morton's-the-steakhouse,hospitality,,1488,Houston,Texas,United States,aiark
Mosaic North America,mosaic.com,http://www.mosaic.com,https://www.linkedin.com/company/mosaic-sales-solutions,advertising services,,2963,Toronto,Ontario,Canada,aiark
Motel 6,motel6.com,http://www.motel6.com,https://www.linkedin.com/company/motel-6,hospitality,,7517,Carrollton,Texas,United States,aiark
Mother Parkers Tea & Coffee,mother-parkers.com,https://www.mother-parkers.com,https://www.linkedin.com/company/mother-parkers-tea-coffee,Food and Beverage Services,501-1000,676,Mississauga,Ontario,Canada,aiark+blitz
MotorCity Casino Hotel,motorcitycasino.com,http://www.motorcitycasino.com,https://www.linkedin.com/company/motorcity-casino-hotel,gambling facilities and casinos,,709,Detroit,Michigan,United States,aiark
Mount Washington Resort,mountwashingtonresort.com,https://www.mountwashingtonresort.com,https://www.linkedin.com/company/mount-washington-resort,Hospitality,501-1000,53,Bretton Woods,,United States,blitz
"Mountain Empire Oil Company, Inc",roadrunnermarkets.com,https://roadrunnermarkets.com,https://www.linkedin.com/company/mountain-empire-oil-company-inc.,Retail,501-1000,13,Johnson City,Tennessee,United States,blitz
"Mountain Mike's Pizza, LLC",mountainmikespizza.com,http://www.mountainmikespizza.com,https://www.linkedin.com/company/mountainmikes,restaurants,,835,Irvine,California,United States,aiark
Mountaire Farms,mountaire.com,http://www.mountaire.com,https://www.linkedin.com/company/mountaire-farms,food and beverage manufacturing,,2212,Millsboro,Delaware,United States,aiark
"Movado Group, Inc",movadogroup.com,http://www.movadogroup.com,https://www.linkedin.com/company/movado-group-inc,retail luxury goods and jewelry,,1640,Paramus,New Jersey,United States,aiark
Movie Tavern Inc.,movietavern.com,http://www.movietavern.com,https://www.linkedin.com/company/movie-tavern-partners-llc,entertainment providers,,737,Dallas,Texas,United States,aiark
Moxies,moxies.com,https://moxies.com,https://www.linkedin.com/company/moxies,restaurants,,2556,Vancouver,British Columbia,Canada,aiark
MPP,mpp.com,http://www.mpp.com,https://www.linkedin.com/company/mpp,retail,,690,,,United States,aiark
Mr Gatti's Pizza,gattispizza.com,https://gattispizza.com,https://www.linkedin.com/company/gatti's-pizza,Restaurants,1001-5000,546,Fort Worth,Texas,United States,blitz
Mr Gatti's Pizza,mrgattispizza.com,http://gattispizza.com,https://www.linkedin.com/company/gatti's-pizza,restaurants,,529,Fort Worth,Texas,United States,aiark
Mr. Lube Canada,mrlube.com,http://www.mrlube.com,https://www.linkedin.com/company/mr--lube-canada,motor vehicle manufacturing,,1391,Richmond,Bc,Canada,aiark
MSC,milkspecialties.com,http://www.msccompany.com,https://www.linkedin.com/company/msc_2,food and beverage manufacturing,,2675,,,United States,aiark
MSI Express,msiexpress.com,https://msiexpress.com,https://www.linkedin.com/company/msi-express,food and beverage manufacturing,,545,Portage,Indiana,United States,aiark
Mt. Olympus Resort & Theme Park,mtolympuspark.com,https://www.mtolympuspark.com,https://www.linkedin.com/company/mt.-olympus-resort-&-theme-park,Hospitality,1001-5000,207,Wisconsin Dells,Wisconsin,United States,blitz
"Mtr Gaming Group, Inc",mtrgaming.com,https://mtrgaming.com,https://www.linkedin.com/company/mtr-gaming-group-inc.,Hospitality,1001-5000,,Chester,West Virginia,United States,blitz
MTY Food Group,mtygroup.com,http://www.mtygroup.com,https://www.linkedin.com/company/mty-food-group,food and beverage services,,644,Montreal,Quebec,Canada,aiark
Mud Bay,mudbay.com,https://www.mudbay.com,https://www.linkedin.com/company/mudbay,Retail,501-1000,326,Olympia,Washington,United States,blitz
Murdoch's Ranch & Home Supply,murdochs.com,https://www.murdochs.com,https://www.linkedin.com/company/murdoch's-ranch-&-home-supply,Retail,1001-5000,843,Bozeman,Montana,United States,aiark+blitz
Murphy Adams Restaurant Group,mamafus.com,https://www.mamafus.com,https://www.linkedin.com/company/murphy-adams-restaurant-group,Restaurants,501-1000,102,Austin,Texas,United States,blitz
Murphy USA,murphyusa.com,https://www.murphyusa.com,https://www.linkedin.com/company/murphyusa,Retail,10001+,5986,El Dorado,Arkansas,United States,aiark+blitz
Mvp Sonic Group,mcclainsonics.com,https://www.mcclainsonics.com,https://www.linkedin.com/company/mcclain-sonics,Food and Beverage Services,1001-5000,31,Ridgeland,Mississippi,United States,blitz
My Pillow Inc,mypillow.com,https://www.mypillow.com/linkedin,https://www.linkedin.com/company/mypillow-inc,Retail,1001-5000,257,Chaska,Minnesota,United States,blitz
Mygrant Glass Company,mygrantglassonline.com,http://mygrantglass.com,https://www.linkedin.com/company/mygrant-glass-company,"glass, ceramics and concrete manufacturing",,680,Hayward,California,United States,aiark
Mérieux NutriSciences - North America,merieuxnutrisciences.com,https://na.mxns.com,https://www.linkedin.com/company/mxnsna,biotechnology research,,1291,Chicago,Illinois,United States,aiark
Nabisco,snackworks.com,https://onlinecareer360.com,https://www.linkedin.com/company/nabisco,manufacturing,,3516,,,United States,aiark
Nada,nadagrocery.com,http://www.nadagrocery.com,https://www.linkedin.com/company/nadagrocery,retail,,2380,Vancouver,British Columbia,Canada,aiark
NAILS SPA,nailstx.com,http://nailstx.com,https://www.linkedin.com/company/nails-spaa,retail,,565,Decatur,Texas,United States,aiark
Nando's PERi-PERi North America,nandosperiperi.com,https://www.nandosperiperi.com,https://www.linkedin.com/company/nando-s-peri-peri,Restaurants,501-1000,1136,Washington,District Of Columbia,United States,aiark+blitz
NAPA Auto Parts,genpt.com,https://jobs.genpt.com,https://www.linkedin.com/company/napa-auto-parts,Retail,10001+,14550,Atlanta,Georgia,United States,aiark+blitz
"Nassau Candy Distributors, Inc.",nassaucandy.com,https://www.nassaucandy.com,https://www.linkedin.com/company/nassau-candy-distributors-inc.,Food and Beverage Services,1001-5000,689,Hicksville,New York,United States,aiark+blitz
Nation's Restaurant News,nrn.com,http://www.NRN.com,https://www.linkedin.com/company/nation's-restaurant-news,food and beverage services,,1920,New York,,United States,aiark
National Assemblers Inc.,nationalassemblers.com,https://www.nationalassemblers.com,https://www.linkedin.com/company/national-assemblers-inc,retail,,577,Palm Beach,,United States,aiark
National Beef Packing Company LLC,nationalbeef.com,http://www.nationalbeef.com,https://www.linkedin.com/company/national-beef-packing,food and beverage manufacturing,,1705,Kansas City,Missouri,United States,aiark
National Beverage Corp.,nationalbeverage.com,https://www.nationalbeverage.com,https://www.linkedin.com/company/nationalbeveragecorp,Food and Beverage Services,1001-5000,363,Fort Lauderdale,Florida,United States,blitz
National Coney Island,nationalconeyisland.com,https://www.nationalconeyisland.com,https://www.linkedin.com/company/national-coney-island,Restaurants,501-1000,253,Roseville,Michigan,United States,blitz
"National DCP, LLC",nationaldcp.com,https://nationaldcp.com,https://www.linkedin.com/company/national-dcp-llc,Food and Beverage Services,1001-5000,731,Duluth,Georgia,United States,aiark+blitz
National Gypsum Company,nationalgypsum.com,http://www.nationalgypsum.com,https://www.linkedin.com/company/national-gypsum-company,wholesale building materials,,1252,Charlotte,North Carolina,United States,aiark
National Restaurant Association,restaurant.org,http://www.restaurant.org,https://www.linkedin.com/company/national-restaurant-association,restaurants,,1727,Washington,District Of Columbia,United States,aiark
National Retail Federation,nrf.com,https://nrf.com,https://www.linkedin.com/company/national-retail-federation,retail,,642,Washington,District Of Columbia,United States,aiark
"National Retail Services Group, Inc.",gonrsg.com,https://gonrsg.com,https://www.linkedin.com/company/national-retail-services-group,retail,,832,Tucson,Arizona,United States,aiark
National Rollout Co,nationalrollout.com,https://nationalrollout.com,https://www.linkedin.com/company/national-rollout-company,Retail,1001-5000,21,Sugar Hill,Georgia,United States,blitz
National Sports,nationalsportsjobs.com,https://nationalsportsjobs.com,https://www.linkedin.com/company/national-sports,Retail,1001-5000,496,Markham,Ontario,Canada,blitz
National Stores Inc,factory2-u.com,https://www.factory2-u.com/aboutus.html,https://www.linkedin.com/company/national-stores-inc,Retail,1001-5000,180,Gardena,California,United States,blitz
National Vision Holdings Inc,nationalvision.com,https://nationalvision.com,https://www.linkedin.com/company/national-vision-holdings-inc,Retail,10001+,15,Duluth,Georgia,United States,aiark+blitz
Natural Grocers by Vitamin Cottage,naturalgrocers.com,https://www.naturalgrocers.com,https://www.linkedin.com/company/natural-grocers-by-vitamin-cottage,Retail,1001-5000,1933,Lakewood,Colorado,United States,aiark+blitz
Natural Resources Canada (NRCan),nrcan-rncan.gc.ca,https://natural-resources.canada.ca,https://www.linkedin.com/company/natural-resources-canada,government administration,,4589,Ottawa,On,Canada,aiark
Nature's Bakery,naturesbakery.com,http://www.naturesbakery.com,https://www.linkedin.com/company/nature-s-bakery,food and beverage services,,785,Reno,Nevada,United States,aiark
NatureSweet,naturesweet.com,https://naturesweet.com,https://www.linkedin.com/company/naturesweet,manufacturing,,1215,San Antonio,Texas,United States,aiark
Nautica,nautica.com,http://www.nautica.com,https://www.linkedin.com/company/nautica,retail apparel and fashion,,1970,New York,,United States,aiark
Navis,naviscrm.com,https://www.naviscrm.com,https://www.linkedin.com/company/naviscrm-inc,Hospitality,501-1000,147,Bend,Oregon,United States,blitz
NAVY EXCHANGE SERVICE COMMAND (NEXCOM),mynavyexchange.com,http://www.NEXCOMjobs.org,https://www.linkedin.com/company/us-navy-exchange-subasenlon,retail,,4221,Virginia Beach,Virginia,United States,aiark
Navy Lodge,navy-lodge.com,https://www.navy-lodge.com,https://www.linkedin.com/company/navy-lodge,Hospitality,1001-5000,180,Virginia Beach,Virginia,United States,blitz
NCR Atleos,ncratleos.com,https://www.ncratleos.com,https://www.linkedin.com/company/ncratleos,banking,,9597,Atlanta,Georgia,United States,aiark
Neighbourly Pharmacy,neighbourlypharmacy.ca,http://www.neighbourlypharmacy.ca,https://www.linkedin.com/company/neighbourlypharmacy,retail,,572,Toronto,Ontario,Canada,aiark
Neiman Marcus,neimanmarcusgroup.com,http://www.neimanmarcus.com,https://www.linkedin.com/company/neimanmarcus-nm,retail apparel and fashion,,8543,Dallas,Texas,United States,aiark
Nekter Juice Bar,nekterjuicebar.com,https://www.nekterjuicebar.com,https://www.linkedin.com/company/nekter-juice-bar,Food and Beverage Services,501-1000,864,Costa Mesa,California,United States,aiark+blitz
Nellson,nellsonllc.com,http://www.nellsonllc.com,https://www.linkedin.com/company/nellson,food and beverage manufacturing,,587,Anaheim,California,United States,aiark
Nemacolin,nemacolin.com,https://www.nemacolin.com,https://www.linkedin.com/company/nemacolin,Hospitality,1001-5000,805,Farmington,Pennsylvania,United States,aiark+blitz
NeoLife International,shopneolife.com,http://shopneolife.com,https://www.linkedin.com/company/neolife-intl,wellness and fitness services,,4673,Santa Clara,California,United States,aiark
Neovia group,global.admanimalnutrition.com,https://www.global.admanimalnutrition.com,https://www.linkedin.com/company/adm-animal-nutrition,food and beverage manufacturing,,635,Chicago,Illinois,United States,aiark
Nestle,nestle.com,https://www.nestle.com,https://www.linkedin.com/company/goodfoodgoodlife,retail,,2655,Sheridan,Wyoming,United States,aiark
Nestlé Purina North America,nestlejobs.com,http://www.purinajobs.com,https://www.linkedin.com/company/nestl-purina-north-america,manufacturing,,8315,St. Louis,Missouri,United States,aiark
Netscribes,netscribes.com,http://www.netscribes.com,https://www.linkedin.com/company/netscribes,it services and it consulting,,1367,New York,New York,United States,aiark
New Balance,newbalance.com,http://www.newbalance.com,https://www.linkedin.com/company/new-balance,retail,,11368,Brighton,Massachusetts,United States,aiark
New Belgium Brewing,newbelgium.com,https://www.newbelgium.com,https://www.linkedin.com/company/new-belgium-brewing-company,Food and Beverage Services,501-1000,813,Fort Collins,Colorado,United States,aiark+blitz
New Caesars Palace,,,https://www.linkedin.com/company/new-caesars-palace,restaurants,,514,Wichita,Kansas,United States,aiark
New Castle Hotels & Resorts,newcastlehotels.com,https://newcastlehotels.com,https://www.linkedin.com/company/new-castle-hotels-&-resorts,hospitality,,528,Ct,Ridgefield,United States,aiark
New Era Cap,neweracap.com,http://www.neweracap.com,https://www.linkedin.com/company/new-era-cap,retail apparel and fashion,,3553,Buffalo,New York,United States,aiark
New Experience No 1,,,https://www.linkedin.com/company/new-experience-no-1,hospitality,,2327,Long Island City,New York,United States,aiark
"New Horizon Foods, Inc.",newhorizonfoods.com,https://www.newhorizonfoods.com,https://www.linkedin.com/company/new-horizon-foods,Food and Beverage Services,1001-5000,234,St Louis Park,Minnesota,United States,blitz
New Look Vision Group,newlookvision.ca,https://www.newlookvision.ca,https://www.linkedin.com/company/newlook-vision,Retail,1001-5000,181,Montreal,Québec,Canada,blitz
"New Mexico State Personnel Office, Career Services Bureau",state.nm.us,https://careers.share.nm.gov,https://www.linkedin.com/company/state-of-new-mexico,government administration,,3698,Santa Fe,,United States,aiark
New Seasons Market,newseasonsmarket.com,https://www.newseasonsmarket.com,https://www.linkedin.com/company/new-seasons-market,Food and Beverage Services,1001-5000,1320,Portland,Oregon,United States,aiark+blitz
New York & Company,nyandcompany.com,https://www.nyandcompany.com,https://www.linkedin.com/company/new-york-&-company,Retail,5001-10000,1731,New York,New York,United States,aiark+blitz
New York Athletic Club,nyac.org,https://www.nyac.org,https://www.linkedin.com/company/new-york-athletic-club,Hospitality,501-1000,341,New York,New York,United States,blitz
"New York State Parks, Recreation & Historic Preservation",ny.gov,https://parks.ny.gov,https://www.linkedin.com/company/nystateparks,government administration,,1084,Albany,New York,United States,aiark
Newcrestimage,newcrestimage.com,https://www.newcrestimage.com,https://www.linkedin.com/company/newcrestimage,Hospitality,1001-5000,104,Grapevine,Texas,United States,blitz
Newegg,newegg.com,https://www.newegg.com,https://www.linkedin.com/company/newegg-com,Retail,1001-5000,1345,Diamond Bar,California,United States,aiark+blitz
"NEWH, Inc",newh.org,https://t.mtrbio.com/newh-inc,https://www.linkedin.com/company/newh-the-hospitality-network,Hospitality,5001-10000,102,Shawano,Wisconsin,United States,blitz
Newk's Eatery,newks.com,http://www.newks.com,https://www.linkedin.com/company/newks-eatery,food and beverage services,,1659,Jackson,Mississippi,United States,aiark
Newly Weds Foods,newlywedsfoods.com,http://www.newlywedsfoods.com,https://www.linkedin.com/company/newlywedsfoods,food and beverage manufacturing,,2096,Chicago,Illinois,United States,aiark
Newmark,nmrk.com,http://nmrk.re/Newmark_Website,https://www.linkedin.com/company/nmrk-cre,real estate,,7015,New York,New York,United States,aiark
Newport Harbor Corporation,linkedin.com,https://www.linkedin.com/company/52196276,https://www.linkedin.com/company/newport-harbor-corporation,Hospitality,501-1000,128,Warwick,Rhode Island,United States,aiark+blitz
Newport Restaurant Group,newportrestaurantgroup.com,https://www.newportrestaurantgroup.com,https://www.linkedin.com/company/newportrestaurantgroup,Restaurants,1001-5000,492,Warwick,Rhode Island,United States,blitz
News America Marketing,neptuneretailsolutions.com,https://www.neptuneretailsolutions.com,https://www.linkedin.com/company/newsamericamarketing,advertising services,,872,New York,New York,United States,aiark
NFC Amenity Management,nfcamenity.com,https://www.nfcamenity.com,https://www.linkedin.com/company/nfc-amenity-management,Hospitality,1001-5000,1175,Asbury Park,New Jersey,United States,blitz
NFC Amenity Management,nfcamenitymanagement.com,http://www.nfcamenity.com,https://www.linkedin.com/company/nfc-amenity-management,hospitality,,1145,Asbury Park,New Jersey,United States,aiark
NFM,nfm.com,https://www.nfm.com/careers,https://www.linkedin.com/company/nebraska-furniture-mart,Retail,1001-5000,3037,Omaha,Nebraska,United States,aiark+blitz
Niagara Bottling,niagarawater.com,https://careers.niagarawater.com,https://www.linkedin.com/company/niagara-bottling,Food and Beverage Services,5001-10000,5795,Diamond Bar,California,United States,aiark+blitz
Niagara Casinos,fallsviewcasinoresort.com,http://www.fallsviewcasinoresort.com,https://www.linkedin.com/company/niagara-casinos,gambling facilities and casinos,,720,Niagara Falls,Ontario,Canada,aiark
Nicholas and Company Inc. Foodservice,nicholasandco.com,http://www.nicholasandco.com,https://www.linkedin.com/company/nicholasandcompany,food and beverage services,,558,Salt Lake City,Utah,United States,aiark
Nickelodeon Suites Resort,nickhotel.com,https://nickhotel.com,https://www.linkedin.com/company/nickelodeon-suites-resort,Hospitality,501-1000,15,Orlando,Florida,United States,blitz
Niello Audi,niello.com,https://www.niello.com,https://www.linkedin.com/company/mercedes-benz-of-rocklin,Retail,501-1000,22,Rocklin,California,United States,blitz
"Niemann Foods, Inc.",mycountymarket.com,http://www.mycountymarket.com,https://www.linkedin.com/company/niemann-foods-inc-,retail,,541,Quincy,Illinois,United States,aiark
Nike,nike.com,https://careers.nike.com,https://www.linkedin.com/company/nike,Retail,10001+,105996,Beaverton,Oregon,United States,aiark+blitz
Nikki Beach Hospitality Group,nikkibeach.com,https://nikkibeach.com,https://www.linkedin.com/company/nikki-beach,hospitality,,551,Miami Beach,Florida,United States,aiark
Nine West Group,ninewest.com,http://careers.ninewest.com,https://www.linkedin.com/company/nine-west-group,retail apparel and fashion,,883,,,United States,aiark
Nissin Foods,nissinfoods.com,http://www.nissinfoods.com,https://www.linkedin.com/company/nissin-foods,food and beverage services,,1749,Gardena,California,United States,aiark
No Company,nocompany.com,http://www.nocompany.com,https://www.linkedin.com/company/karebo,retail art supplies,,1496,Sunnyvale,California,United States,aiark
No Fear,nofear.com,http://www.nofear.com,https://www.linkedin.com/company/no-fear,retail apparel and fashion,,3049,Carlsbad,California,United States,aiark
No Frills,nofrills.ca,http://nofrills.ca,https://www.linkedin.com/company/no-frills,retail,,5973,Brampton,Ontario,Canada,aiark
Noble House Hotels & Resorts,noblehousehotels.com,https://www.noblehousehotels.com,https://www.linkedin.com/company/noble-house-hotels-&-resorts,Hospitality,1001-5000,668,Kirkland,Washington,United States,aiark+blitz
Nobu Hospitality,nobuhospitality.com,https://www.nobuhospitality.com,https://www.linkedin.com/company/nobu-hospitality,Hospitality,5001-10000,877,Miami Beach,Florida,United States,blitz
Nobu Hotel Palo Alto,nobuhotels.com,https://www.nobuhotels.com/palo-alto,https://www.linkedin.com/company/nobu-hotel-palo-alto,Hospitality,1001-5000,28,Palo Alto,California,United States,aiark+blitz
Nobu Restaurants,noburestaurants.com,https://www.noburestaurants.com,https://www.linkedin.com/company/nobu-restaurant-group,Restaurants,1001-5000,901,New York,New York,United States,aiark+blitz
Noho Hospitality Group,nhgnyc.com,https://www.nhgnyc.com,https://www.linkedin.com/company/noho-hospitality-group,Hospitality,1001-5000,257,New York,New York,United States,blitz
Noodles & Company,noodles.com,https://www.noodles.com,https://www.linkedin.com/company/noodles-company,Restaurants,10001+,5075,Broomfield,Colorado,United States,aiark+blitz
Nor-Cal Beverage Co,ncbev.com,https://www.ncbev.com,https://www.linkedin.com/company/nor-cal-beverage,Food and Beverage Services,501-1000,241,West Sacramento,California,United States,blitz
"Norco, Inc.",norco-inc.com,https://www.norco-inc.com,https://www.linkedin.com/company/norco,Retail,1001-5000,878,Boise,Idaho,United States,aiark+blitz
Nordstrom,nordstrom.com,https://www.nordstrom.com,https://www.linkedin.com/company/nordstrom,Retail,10001+,48937,Seattle,Washington,United States,aiark+blitz
Nordstrom Trunk Club,trunkclub.com,https://www.trunkclub.com,https://www.linkedin.com/company/trunk-club,Retail,1001-5000,220,Chicago,Illinois,United States,blitz
"Norm Reeves, Inc",normreeves.com,https://normreeves.com,https://www.linkedin.com/company/norm-reeves-inc,Retail,501-1000,1,Newport Beach,California,United States,blitz
Norms Restaurants,normsrestaurants.com,https://www.normsrestaurants.com,https://www.linkedin.com/company/norms-restaurants,Restaurants,1001-5000,397,Bellflower,California,United States,blitz
Nortera,norterafoods.com,http://www.norterafoods.com,https://www.linkedin.com/company/nortera,food and beverage manufacturing,,896,Brossard,Qc,Canada,aiark
"North 40 Outfitters - CSWW, Inc.",north40.com,https://www.north40.com,https://www.linkedin.com/company/csww-inc,Retail,1001-5000,346,Great Falls,Montana,United States,blitz
"North American Breweries, Inc",nabreweries.com,https://www.nabreweries.com,https://www.linkedin.com/company/north-american-breweries-inc-,Food and Beverage Services,1001-5000,126,Rochester,New York,United States,blitz
North Italia,northitalia.com,http://www.northitaliarestaurant.com,https://www.linkedin.com/company/northitalia,restaurants,,1276,Phoenix,Arizona,United States,aiark
North Point Hospitality,northpointhospitality.com,https://northpointhospitality.com,https://www.linkedin.com/company/north-point-hospitality,Hospitality,501-1000,77,Atlanta,Georgia,United States,blitz
North Sails,northsails.com,https://www.northsails.com/pages/sails,https://www.linkedin.com/company/north-sails,retail,,1132,Newport,Rhode Island,United States,aiark
Northern Quest Resort & Casino,northernquest.com,https://www.northernquest.com,https://www.linkedin.com/company/northern-quest-resort-&-casino,Hospitality,1001-5000,629,Airway Heights,Washington,United States,aiark+blitz
Northern Reflections,northernreflections.com,https://northernreflections.com,https://www.linkedin.com/company/northern-reflections,Retail,1001-5000,401,Toronto,Ontario,Canada,blitz
Northern Tool + Equipment,northerntool.com,https://www.northerntool.com,https://www.linkedin.com/company/northern-tool---equipment,Retail,1001-5000,1902,Burnsville,Minnesota,United States,aiark+blitz
Northgate Market,northgatemarket.com,http://www.northgatemarket.com,https://www.linkedin.com/company/northgatemarket,retail,,1498,Anaheim,California,United States,aiark
Northland Properties,northland.ca,https://northland.ca,https://www.linkedin.com/company/northland-properties,Hospitality,10001+,5971,Vancouver,British Columbia,Canada,aiark+blitz
Not Applicable,google.com,http://www.google.com,https://www.linkedin.com/company/global-cloud-solutions-inc.,retail luxury goods and jewelry,,12268,Anytown,California,United States,aiark
Not company,none.com,http://www.none.com,https://www.linkedin.com/company/net-company-by-rand-sausage-corporation,restaurants,,1421,Rancho Cordova,California,United States,aiark
Not Your Average Joe's,notyouraveragejoes.com,https://www.notyouraveragejoes.com,https://www.linkedin.com/company/not-your-average-joe's,Restaurants,1001-5000,565,Quincy,Massachusetts,United States,aiark+blitz
Nothing Bundt Cakes,nothingbundtcakes.com,http://www.nothingbundtcakes.com,https://www.linkedin.com/company/nothing-bundt-cakes,food and beverage services,,5584,Dallas,Texas,United States,aiark
Nouria,nouriaenergy.com,http://www.nouria.com,https://www.linkedin.com/company/nouriaenergy,retail,,731,Worcester,Massachusetts,United States,aiark
Nova Scotia Liquor Corporation,mynslc.com,http://myNSLC.com,https://www.linkedin.com/company/nova-scotia-liquor-corporation,retail,,758,Halifax,Ns,Canada,aiark
Novamex,novamex.com,http://www.novamex.com,https://www.linkedin.com/company/novamex,food and beverage services,,695,El Paso,Texas,United States,aiark
Novelis,novelis.com,http://www.novelis.com,https://www.linkedin.com/company/novelis,manufacturing,,7346,Atlanta,Georgia,United States,aiark
"Novus International, Inc.",novusint.com,http://www.novusint.com,https://www.linkedin.com/company/novus,food and beverage manufacturing,,766,Chesterfield,Missouri,United States,aiark
Now Optics,nowoptics.com,https://www.nowoptics.com,https://www.linkedin.com/company/now-optics,Retail,501-1000,1598,Delray Beach,Florida,United States,aiark+blitz
NowVertical Group Inc.,nowvertical.com,http://www.nowvertical.com,https://www.linkedin.com/company/nowvertical-inc,software development,,515,Global,,United States,aiark
Npc International,npcinternational.com,https://www.npcinternational.com,https://www.linkedin.com/company/npc-international,Restaurants,10001+,1011,Leawood,Kansas,United States,aiark+blitz
NSF,nsf.org,http://www.nsf.org,https://www.linkedin.com/company/nsf,public safety,,3346,Ann Arbor,Michigan,United States,aiark
NSK,nskamericas.com,http://www.nsk.com/am-en,https://www.linkedin.com/company/nskamericas,machinery manufacturing,,3588,Ann Arbor,Michigan,United States,aiark
Nu Skin,nuskin.com,http://www.nuskin.com,https://www.linkedin.com/company/nu-skin-enterprises,retail,,3552,Provo,Utah,United States,aiark
NuCO2,nuco2.com,https://www.nuco2.com,https://www.linkedin.com/company/nuco2,Food and Beverage Services,501-1000,657,Stuart,Florida,United States,aiark+blitz
"Nugget Market, Inc.",nuggetmarket.com,https://www.nuggetmarket.com,https://www.linkedin.com/company/nugget-market-inc-,Retail,1001-5000,726,Davis,California,United States,aiark+blitz
NULLA,nullashop.com,https://www.nullashop.com,https://www.linkedin.com/company/nulla,retail,,2335,Toronto,Ontario,Canada,aiark
Nutrabolt,nutrabolt.com,http://www.nutrabolt.com,https://www.linkedin.com/company/nutrabolt,retail,,559,Austin,Texas,United States,aiark
NYC Transit Authority,,,https://www.linkedin.com/company/nyc-transit-authority,hospitality,,1061,Jackson Heights,New York,United States,aiark
O'Charley's,ocharleys.jobs,https://www.jobs.ocharleys.com,https://www.linkedin.com/company/o'charley's,restaurants,,3752,,,United States,aiark
O'Reilly Auto Parts,oreillyauto.com,https://careers.oreillyauto.com,https://www.linkedin.com/company/o'reilly-auto-parts,Retail,10001+,26708,Springfield,Missouri,United States,aiark+blitz
"O'Reilly Hospitality Management, LLC",ohospitalitymanagement.com,https://www.ohospitalitymanagement.com,https://www.linkedin.com/company/oreilly-hospitality-management,Hospitality,1001-5000,280,Springfield,Missouri,United States,blitz
O'Reilly's Auto Parts Store,,,https://www.linkedin.com/company/o'reilly's-auto-parts-store,retail,,933,Northfield,Minnesota,United States,aiark
O\'hara\'s Public House,oharaspublichouse.com,https://oharaspublichouse.com,https://www.linkedin.com/company/o'hara's-public-house,Restaurants,10001+,25,Barrie,Ontario,Canada,blitz
OAK + FORT,oakandfort.com,https://www.oakandfort.com,https://www.linkedin.com/company/oak-fort,Retail,501-1000,372,Vancouver,British Columbia,Canada,blitz
Oakley,oakley.com,https://www.oakley.com/en-us/careers,https://www.linkedin.com/company/oakley,retail apparel and fashion,,4192,Foothill Ranch,California,United States,aiark
Oakmont Senior Living,oakmontseniorliving.com,http://www.oakmontseniorliving.com,https://www.linkedin.com/company/oakmont-senior-living,hospitals and health care,,1783,Irvine,California,United States,aiark
Oasis,oasiscollections.com,https://staywithoasis.com,https://www.linkedin.com/company/staywithoasis,hospitality,,2156,Tampa,Florida,United States,aiark
Oasis,paychex.com,http://www.OasisAdvantage.com,https://www.linkedin.com/company/oasis-outsourcing,human resources services,,1068,West Palm Beach,Florida,United States,aiark
Ob Hospitalist Group,obhg.com,http://www.OBHG.com,https://www.linkedin.com/company/ob-hospitalist-group,hospitals and health care,,757,Greenville,South Carolina,United States,aiark
Oberweis Dairy,oberweis.com,https://www.oberweis.com,https://www.linkedin.com/company/oberweis-dairy,food and beverage manufacturing,,521,North Aurora,Illinois,United States,aiark
Ocean Choice International,oceanchoice.com,https://www.oceanchoice.com,https://www.linkedin.com/company/ocean-choice-international,Food and Beverage Services,1001-5000,200,St. Johns,,Canada,blitz
Ocean Edge Resort,oceanedge.com,https://www.oceanedge.com,https://www.linkedin.com/company/ocean-edge-resort-capecod,Hospitality,501-1000,228,Brewster,Massachusetts,United States,blitz
Ocean Reef Club,oceanreef.com,http://www.oceanreef.com,https://www.linkedin.com/company/ocean-reef-club,hospitality,,723,Key Largo,Florida,United States,aiark
Ocean Spray Cranberries,oceanspray.com,https://www.oceanspray.com,https://www.linkedin.com/company/ocean-spray-cranberries,Food and Beverage Services,1001-5000,2008,Middleboro-lakeville,Massachusetts,United States,aiark+blitz
Ocean State Job Lot,oceanstatejoblot.com,https://oceanstatejoblot.com,https://www.linkedin.com/company/ocean-state-job-lot,Retail,5001-10000,2683,North Kingstown,Rhode Island,United States,aiark+blitz
Oceania Cruises,oceaniacruises.com,http://www.oceaniacruises.com,https://www.linkedin.com/company/oceaniacruises,travel arrangements,,2615,Miami,Florida,United States,aiark
Octave,octave.com,https://www.octave.com,https://www.linkedin.com/company/octaveintelligence,software development,,2546,Madison,Alabama,United States,aiark
Odawa Casino Resort,odawacasino.com,https://www.odawacasino.com,https://www.linkedin.com/company/odawa-casino-resort,Hospitality,501-1000,182,Petoskey,Michigan,United States,blitz
OEG Inc.,oeg.ca,https://www.oeg.ca,https://www.linkedin.com/company/oeg-inc,spectator sports,,567,Edmonton,Alberta,Canada,aiark
Office Depot,officedepot.com,https://odp.biz/3EXAPqF,https://www.linkedin.com/company/office-depot,retail office equipment,,32231,Boca Raton,Florida,United States,aiark
OfficeMax,officemax.com,http://www.officedepot.com,https://www.linkedin.com/company/officemax,retail,,5726,,,United States,aiark
Oglebay,oglebay.com,https://www.oglebay.com,https://www.linkedin.com/company/oglebay-park,Hospitality,501-1000,238,Wheeling,West Virginia,United States,blitz
Ojai Valley Inn,ojaivalleyinn.com,https://www.ojaivalleyinn.com,https://www.linkedin.com/company/ojaivalleyinn,Hospitality,501-1000,481,Ojai,California,United States,blitz
Ojos Locos Sports Cantina,ojoslocos.com,https://ojoslocos.com,https://www.linkedin.com/company/ojos-locos-sports-cantina,restaurants,,533,Plano,Texas,United States,aiark
OK Foods Inc.,okfoods.com,https://bachocousa.com,https://www.linkedin.com/company/bachocousa,food and beverage manufacturing,,2088,Fort Smith,Arkansas,United States,aiark
Oki Golf,okigolf.com,https://www.okigolf.com,https://www.linkedin.com/company/okigolf,Hospitality,501-1000,129,Bellevue,Washington,United States,blitz
Old Chicago Restaurants,oldchicago.com,https://www.oldchicago.com,https://www.linkedin.com/company/old-chicago-restaurants,Restaurants,1001-5000,1956,Houston,Texas,United States,aiark+blitz
Old Dutch Foods,olddutchfoods.com,http://www.olddutchfoods.com,https://www.linkedin.com/company/old-dutch-foods,food and beverage manufacturing,,752,St Paul,Minnesota,United States,aiark
Old Navy,gapinc.com,https://jobs.gapinc.com/old-navy-home,https://www.linkedin.com/company/gap-inc.-old-navy,Retail,10001+,30032,San Francisco,California,United States,aiark+blitz
"Old Time Pottery, Llc",oldtimepottery.com,https://oldtimepottery.com,https://www.linkedin.com/company/old-time-pottery-inc,Retail,1001-5000,413,Murfreesboro,Tennessee,United States,blitz
Olive Garden,olivegarden.com,http://www.olivegarden.com,https://www.linkedin.com/company/olivegarden,restaurants,,40256,Orlando,Florida,United States,aiark
Oliver & Bonacini Hospitality,oliverbonacini.com,https://www.oliverbonacini.com,https://www.linkedin.com/company/oliver-&-bonacini-hospitality,Hospitality,1001-5000,890,Toronto,Ontario,Canada,aiark+blitz
Oliver's Market,oliversmarket.com,https://oliversmarket.com,https://www.linkedin.com/company/olivers-market,Retail,1001-5000,323,Santa Rosa,California,United States,blitz
"Ollie's Bargain Outlet, Inc.",ollies.com,https://www.ollies.com,https://www.linkedin.com/company/ollies-bargain-outlets,Retail,5001-10000,6102,Harrisburg,Pennsylvania,United States,blitz
"Ollie's Bargain Outlet, Inc.",ollies.us,https://www.ollies.com,https://www.linkedin.com/company/ollies-bargain-outlets,retail,,5756,Harrisburg,Pennsylvania,United States,aiark
Olo,olo.com,http://www.olo.com,https://www.linkedin.com/company/olo,software development,,871,New York,New York,United States,aiark
Olymel,olymel.ca,https://compagnie.olymel.com,https://www.linkedin.com/company/olymel,food and beverage manufacturing,,3393,Boucherville,Quebec,Canada,aiark
Olympic Group,olympicgrouprealty.com,https://www.amazon.com/b?_encoding=UTF8&tag=deal4u005-20&linkCode=ur2&linkId=0f977dcc2414e7cf760251ba19eef0ab&camp=1789&creative=9325&node=3375251,https://www.linkedin.com/company/olympic-1,retail,,502,Mount Vernon,New York,United States,aiark
Omaha Steaks,omahasteaks.com,http://www.omahasteaks.com,https://www.linkedin.com/company/omahasteaks,food and beverage manufacturing,,1411,Omaha,Nebraska,United States,aiark
Omni Barton Creek Resort & Spa,omnibartoncreek.com,https://www.omnibartoncreek.com,https://www.linkedin.com/company/barton-creek-resort-&-spa,Hospitality,501-1000,302,Austin,Texas,United States,blitz
Omni Hotels & Resorts,omnihotels.com,https://www.omnihotels.com,https://www.linkedin.com/company/omni-hotels,Hospitality,10001+,9178,Dallas,Texas,United States,aiark+blitz
Omni Rancho Las Palmas Resort & Spa,omnirancholaspalmas.com,https://www.omnirancholaspalmas.com,https://www.linkedin.com/company/rancho-las-palmas-resort-&-spa,Hospitality,501-1000,138,Rancho Mirage,California,United States,blitz
On Deck Concepts,ondeckconcepts.com,https://www.ondeckconcepts.com,https://www.linkedin.com/company/ondeckconcepts,Restaurants,1001-5000,41,Bedford,Texas,United States,blitz
On The Border Mexican Grill & Cantina,ontheborder.com,http://www.ontheborder.com,https://www.linkedin.com/company/on-the-border,restaurants,,2485,Irving,Texas,United States,aiark
Once Upon A Child Central,,,https://www.linkedin.com/company/once-upon-a-child-central,retail,,507,Wethersfield,Connecticut,United States,aiark
Once Upon A Child Scottsdale,onceuponachild.com,http://www.onceuponachildscottsdale.com,https://www.linkedin.com/company/once-upon-a-child-scottsdale,retail,,574,Scottsdale,Arizona,United States,aiark
"Oncue Marketing, Llc",oncueexpress.com,https://www.oncueexpress.com,https://www.linkedin.com/company/oncue-marketing-llc,Retail,1001-5000,512,Stillwater,Oklahoma,United States,aiark+blitz
One Inc,oneinc.com,https://hubs.la/Q0412jHk0,https://www.linkedin.com/company/one-inc,financial services,,727,Folsom,California,United States,aiark
OneWater Marine,onewatermarine.com,https://www.onewatermarine.com,https://www.linkedin.com/company/one-water-marine,Retail,1001-5000,219,Buford,Georgia,United States,blitz
Ono Hawaiian BBQ,onohawaiianbbq.com,https://www.onohawaiianbbq.com,https://www.linkedin.com/company/ono-hawaiian-bbq,Food and Beverage Services,1001-5000,371,Diamond Bar,California,United States,blitz
ONroute,onroute.ca,http://onroute.ca,https://www.linkedin.com/company/onroute,retail,,548,Mississauga,Ontario,Canada,aiark
Opaa! Food Management,opaafood.com,http://www.opaafood.com,https://www.linkedin.com/company/opaa-food-management,food and beverage services,,639,Chesterfield,Missouri,United States,aiark
Open Access BPO,openaccessbpo.com,https://www.openaccessbpo.com,https://www.linkedin.com/company/open-access-bpo,outsourcing and offshoring consulting,,1202,Las Vegas,Nevada,United States,aiark
OpenTable,opentable.com,http://www.opentable.com,https://www.linkedin.com/company/opentable,hospitality,,2182,San Francisco,California,United States,aiark
Optimas Solutions,optimas.com,https://optimas.com,https://www.linkedin.com/company/optimas-solutions,manufacturing,,960,Wood Dale,Illinois,United States,aiark
Oracle,oracle.com,http://www.oracle.com,https://www.linkedin.com/company/oracle,it services and it consulting,,207359,Austin,Texas,United States,aiark
Orange Tree Golf Club,orangetreegolfcourse.com,https://www.orangetreegolfcourse.com,https://www.linkedin.com/company/orange-tree-golf-club,Hospitality,501-1000,67,Scottsdale,Arizona,United States,blitz
Orchard Supply Hardware,osh.com,,https://www.linkedin.com/company/orchard-supply-hardware,retail,,779,San José,California,United States,aiark
Oregano's Pizza Bistro,oreganos.com,https://www.oreganos.com,https://www.linkedin.com/company/oregano's-pizza-bistro,Restaurants,1001-5000,503,Scottsdale,Arizona,United States,blitz
OREMOR Automotive Group,oremorautomotive.com,https://www.oremorautomotive.com/careers,https://www.linkedin.com/company/oremor-automotive-group,motor vehicle manufacturing,,968,Ontario,California,United States,aiark
Organic Valley,ov.coop,https://ov.coop/impact,https://www.linkedin.com/company/organic-valley,Food and Beverage Services,501-1000,785,La Farge,Wisconsin,United States,aiark+blitz
ORGANO™,organogold.com,https://www.organogold.com,https://www.linkedin.com/company/organogold,food and beverage services,,4201,Richmond,British Columbia,Canada,aiark
"Oriental Trading Company, A Berkshire Hathaway Company",orientaltrading.com,https://www.orientaltrading.com,https://www.linkedin.com/company/oriental-trading-company,Retail,1001-5000,1048,Omaha,Nebraska,United States,aiark+blitz
Origami Owl,thinkgoodness.com,http://www.origamiowl.com,https://www.linkedin.com/company/origami-owl,retail luxury goods and jewelry,,2035,Chandler,Arizona,United States,aiark
Origin Coffee & Tea,origincoffee.org,https://www.origincoffee.org,https://www.linkedin.com/company/origin-coffee-&-tea,Restaurants,501-1000,12,Rocklin,California,United States,blitz
Orvis,orvis.com,http://www.orvis.com,https://www.linkedin.com/company/orvis,retail,,1000,Sunderland,Vermont,United States,aiark
OSI Group,osigroup.com,http://www.osigroup.com,https://www.linkedin.com/company/osigroup,food and beverage manufacturing,,1540,Aurora,Illinois,United States,aiark
OSL Retail Services,oslcareers.com,https://oslcareers.com,https://www.linkedin.com/company/oslrs,retail,,5324,Mississauga,Ontario,Canada,aiark
Osmow's,osmows.com,http://www.Osmows.com,https://www.linkedin.com/company/osmows,restaurants,,643,Mississauga,Ontario,Canada,aiark
Ospina Coffee Company,ospinacoffee.com,https://www.ospinacoffee.com,https://www.linkedin.com/company/ospina-coffee-company,Food and Beverage Services,501-1000,3,Charlotte,,United States,blitz
OTG Management,otgexp.com,https://otgexp.com,https://www.linkedin.com/company/otg-management,Hospitality,5001-10000,2613,New York,New York,United States,aiark+blitz
OTO Development,careersatoto.com,https://careersatoto.com,https://www.linkedin.com/company/otodevelopment,Hospitality,1001-5000,527,Spartanburg,South Carolina,United States,aiark+blitz
OTSI - Object Technology Solutions Inc.,otsi-global.com,https://otsi-global.com,https://www.linkedin.com/company/otsi,it services and it consulting,,1222,Overland Park,Kansas,United States,aiark
Ourisman Chevrolet Co. Inc,ourismanchevrolet.com,https://ourismanchevrolet.com,https://www.linkedin.com/company/ourisman-chevrolet-co.-inc,Retail,501-1000,13,Marlow Heights,Maryland,United States,blitz
Outback Steakhouse,outback.com,http://www.outback.com,https://www.linkedin.com/company/outback-steakhouse,restaurants,,24448,Tampa,Florida,United States,aiark
OUTRIGGER Hospitality Group,outrigger.com,https://www.outrigger.com,https://www.linkedin.com/company/outrigger-hospitality-group,Hospitality,1001-5000,870,Honolulu,Hawaii,United States,aiark+blitz
Ovative Group,ovative.com,http://www.ovative.com,https://www.linkedin.com/company/ovative-group,advertising services,,575,Minneapolis,Minnesota,United States,aiark
Overstock,overstock.com,https://www.overstock.com,https://www.linkedin.com/company/overstock,Retail,501-1000,867,Murray,Utah,United States,aiark+blitz
Oxford Collection Hotels,oxfordcollection.com,https://www.oxfordcollection.com,https://www.linkedin.com/company/oxford-collection-hotels,Hospitality,501-1000,208,Bend,Oregon,United States,blitz
P&k Equipment,pkequipment.com,https://www.pkequipment.com,https://www.linkedin.com/company/p&k-equipment-inc-,Retail,501-1000,161,Enid,Oklahoma,United States,blitz
P. Terry's Burger Stand,pterrys.com,https://pterrys.com,https://www.linkedin.com/company/pterrys,Restaurants,501-1000,211,Austin,Texas,United States,blitz
P.F. Chang's,pfchangs.com,http://www.pfchangs.com,https://www.linkedin.com/company/pfchangs,restaurants,,10844,Scottsdale,Arizona,United States,aiark
P.J. Clarke\'s,pjclarkes.com,https://pjclarkes.com,https://www.linkedin.com/company/p-j-clarke-s,Hospitality,501-1000,14,New York,New York,United States,blitz
"P.L. Marketing, Inc.",plmarketing.net,https://www.plmarketing.net,https://www.linkedin.com/company/p.l.-marketing-inc.,Food and Beverage Services,1001-5000,1202,Newport,Kentucky,United States,aiark+blitz
Pacific Bells,pacificbells.com,https://www.pacificbells.com,https://www.linkedin.com/company/pacific-bells,Restaurants,10001+,507,Vancouver,Washington,United States,blitz
Pacific Coast Producers,pacificcoastproducers.com,http://PacificCoastProducers.com,https://www.linkedin.com/company/pacific-coast-producers,food and beverage manufacturing,,547,Lodi,California,United States,aiark
Pacific Hospitality Group,pacifichospitality.com,https://www.pacifichospitality.com,https://www.linkedin.com/company/pacific-hospitality-group,Hospitality,1001-5000,197,Irvine,California,United States,blitz
"Pacific Hotel Management, LLC",phmhotels.com,https://www.phmhotels.com,https://www.linkedin.com/company/pacific-hotel-management-llc,Hospitality,501-1000,57,San Mateo,California,United States,blitz
Pacific Office Automation,pacificoffice.com,http://www.pacificoffice.com,https://www.linkedin.com/company/pacific-office-automation,retail office equipment,,1175,Beaverton,Oregon,United States,aiark
Pacific Sales Kitchen & Home,pacificsales.com,https://www.pacificsales.com,https://www.linkedin.com/company/pacificsales,Retail,501-1000,586,Torrance,California,United States,aiark+blitz
Pacific Seafood,pacificseafood.com,http://www.pacificseafood.com,https://www.linkedin.com/company/pacific-seafood,food and beverage manufacturing,,1472,Clackamas,Oregon,United States,aiark
"Packers Sanitation Services, Inc. (PSSI)",pssi.co,http://www.pssi.co,https://www.linkedin.com/company/packers-sanitation-services-inc-,food and beverage manufacturing,,1320,Kieler,Wisconsin,United States,aiark
PACSUN,pacsun.com,http://www.pacsun.com,https://www.linkedin.com/company/pacific-sunwear,retail,,5204,Anaheim,California,United States,aiark
Palenque Group,tacopalenque.com,https://www.tacopalenque.com,https://www.linkedin.com/company/palenque-group,Restaurants,1001-5000,188,Laredo,Texas,United States,blitz
Palermo's Pizza,palermospizza.com,http://www.palermospizza.com,https://www.linkedin.com/company/palermos-pizza,food and beverage manufacturing,,577,Milwaukee,Wisconsin,United States,aiark
Paleteria La Michoacana,michoacana.com,http://www.michoacana.com,https://www.linkedin.com/company/lamichoacanaytu,food and beverage manufacturing,,1603,Ontario,California,United States,aiark
Palm Holdings,palm-holdings.com,https://www.palm-holdings.com,https://www.linkedin.com/company/palm-holdings,Hospitality,1001-5000,42,Toronto,Ontario,Canada,blitz
Palmetto Moon,palmettomoononline.com,https://www.palmettomoononline.com,https://www.linkedin.com/company/palmetto-moon,Retail,501-1000,602,Charleston,South Carolina,United States,aiark+blitz
Palmetto State Armory,palmettostatearmory.com,https://palmettostatearmory.com,https://www.linkedin.com/company/palmetto-state-armory,Retail,1001-5000,492,Columbia,South Carolina,United States,blitz
Palmetto57 Nissan,palmetto57nissan.com,https://www.palmetto57nissan.com,https://www.linkedin.com/company/palmetto57-nissan,Retail,1001-5000,31,Miami Gardens,Florida,United States,blitz
Palms Casino Resort,palms.com,http://www.palms.com,https://www.linkedin.com/company/palms-casino-resort,hospitality,,1035,Las Vegas,Nevada,United States,aiark
Palomar Health,palomarhealth.org,http://www.palomarhealth.org,https://www.linkedin.com/company/palomar-health,hospitals and health care,,2859,Escondido,California,United States,aiark
Pampered Chef,pamperedchef.com,http://www.pamperedchef.com,https://www.linkedin.com/company/the-pampered-chef,retail,,9068,Addison,Illinois,United States,aiark
Panago Pizza,panago.com,https://panago.com,https://www.linkedin.com/company/panago-pizza-inc.,Food and Beverage Services,1001-5000,759,Abbotsford,British Columbia,Canada,aiark+blitz
Panasonic North America,panasonic.com,https://na.panasonic.com,https://www.linkedin.com/company/panasonic-northamerica,"appliances, electrical, and electronics manufacturing",,11488,Newark,New Jersey,United States,aiark
Pancheros Mexican Grill,pancheros.com,https://www.pancheros.com,https://www.linkedin.com/company/panchero's-mexican-grill,Food and Beverage Services,501-1000,520,Coralville,Iowa,United States,aiark+blitz
Panda Restaurant Group,pandarg.com,https://www.pandarg.com,https://www.linkedin.com/company/walong-marketing-inc,Food and Beverage Services,10001+,13,Bolingbrook,Illinois,United States,aiark+blitz
Panera Bread,panerabread.com,https://www.panerabread.com/en-us/home.html,https://www.linkedin.com/company/panera-bread,restaurants,,43198,Fenton,Missouri,United States,aiark
Papa Gino\'s,papaginos.com,https://www.papaginos.com,https://www.linkedin.com/company/papaginos,Restaurants,1001-5000,1005,Dedham,Massachusetts,United States,aiark+blitz
Papa John\'s Of Central Ohio Johncol Inc,papajohns.com,https://www.papajohns.com,https://www.linkedin.com/company/johncol-inc,Restaurants,501-1000,33,Columbus,Ohio,United States,aiark+blitz
Papa Murphy's International,papamurphys.com,http://www.papamurphys.com,https://www.linkedin.com/company/papa-murphy's-international,restaurants,,3693,,,United States,aiark
Paparazzi Accessories,paparazziaccessories.com,http://www.paparazziaccessories.com,https://www.linkedin.com/company/paparazziaccessories,retail,,3196,St George,Utah,United States,aiark
Paper Source,papersource.com,https://www.papersource.com,https://www.linkedin.com/company/paper-source,Retail,1001-5000,1028,Chicago,Illinois,United States,aiark+blitz
"Pappas Restaurants, Inc.",pappas.com,https://www.pappas.com,https://www.linkedin.com/company/pappasrestaurants,Restaurants,10001+,2746,Houston,Texas,United States,aiark+blitz
Paradies Lagardère,paradieslagardere.com,https://paradieslagardere.com,https://www.linkedin.com/company/paradies-lagardere,hospitality,,2956,Atlanta,Georgia,United States,aiark
Paradise Point Resort & Spa,paradisepoint.com,https://paradisepoint.com,https://www.linkedin.com/company/paradise-point,Hospitality,501-1000,178,San Diego,California,United States,blitz
Paramount Fine Foods,paramountfinefoods.com,https://www.paramountfinefoods.com,https://www.linkedin.com/company/paramountfinefoods,Restaurants,1001-5000,213,Mississauga,Ontario,Canada,blitz
Paramount Hotel Group,paramounthotelgroup.com,https://www.paramounthotelgroup.com,https://www.linkedin.com/company/clarion-hotel-&-conference-center-tampa-busch-gardens,Hospitality,501-1000,46,Fairfield,New Jersey,United States,blitz
"Parasole Restaurant Holdings, Inc",parasole.com,https://www.parasole.com,https://www.linkedin.com/company/parasole,Restaurants,501-1000,125,Edina,Minnesota,United States,blitz
Parco Ltd,parcoltd.com,https://parcoltd.com,https://www.linkedin.com/company/parco-ltd,Restaurants,501-1000,48,Dubuque,Iowa,United States,blitz
Paris Baguette North America,parisbaguetteusa.com,http://www.parisbaguetteusa.com,https://www.linkedin.com/company/paris-baguette,food and beverage services,,1636,Moonachie,New Jersey,United States,aiark
Park Hyatt,hyatt.com,https://www.park.hyatt.com,https://www.linkedin.com/company/park-hyatt,Hospitality,10001+,2739,Chicago,Illinois,United States,aiark+blitz
Park Lane Jewelry,parklanejewelry.com,http://www.ParkLaneJewelry.com,https://www.linkedin.com/company/park-lane-jewelry,retail luxury goods and jewelry,,699,Schaumburg,Illinois,United States,aiark
Parker's Kitchen,parkerskitchen.com,http://www.parkerskitchen.com,https://www.linkedin.com/company/parkerskitchen,retail,,837,Savannah,Georgia,United States,aiark
Parkhurst Dining,parkhurstdining.com,http://www.parkhurstdining.com,https://www.linkedin.com/company/parkhurstdining,food and beverage services,,1236,Homestead,Pennsylvania,United States,aiark
Parking Management Company,parkingmgt.com,http://www.parkingmgt.com,https://www.linkedin.com/company/parking-management-company,hospitality,,2265,Nashville,Tennessee,United States,aiark
Parkland Corporation,parkland.ca,http://www.parkland.ca,https://www.linkedin.com/company/parklandcorporation,oil and gas,,1672,Calgary,Alberta,Canada,aiark
Parkway Diner,parkwaydinerllc.com,https://www.parkwaydinerllc.com,https://www.linkedin.com/company/parkway-diner,Food and Beverage Services,10001+,25,South Burlington,Vermont,United States,blitz
Parmalat Canada,parmalat.ca,http://www.lactalis.ca,https://www.linkedin.com/company/parmalat-canada,food and beverage manufacturing,,634,Toronto,Ontario,Canada,aiark
Parry's Pizzeria & Taphouse | Parry's Sliceria & Taps,parryspizza.com,https://parryspizza.com,https://www.linkedin.com/company/parryspizza,Restaurants,1001-5000,367,Centennial,Colorado,United States,blitz
Partner.Co,partner.co,http://partner.co,https://www.linkedin.com/company/partnerco-global,retail,,916,Midvale,Utah,United States,aiark
Parts Town,partstown.com,https://www.partstown.com,https://www.linkedin.com/company/parts-town,truck transportation,,816,Addison,Illinois,United States,aiark
Party City,partycity.com,http://www.partycity.com,https://www.linkedin.com/company/party-city,retail,,9933,Hillside,New Jersey,United States,aiark
PartyLite,partylite.com,https://www.partylite.com,https://www.linkedin.com/company/partylite,retail,,760,Norwell,Massachusetts,United States,aiark
Passion Parties,passionparties.com,http://www.passionparties.com,https://www.linkedin.com/company/passion-parties,retail,,1088,Las Vegas,Nevada,United States,aiark
"Pasta Pomodoro, Inc",pastapomodoro.com,https://www.pastapomodoro.com,https://www.linkedin.com/company/pasta-pomodoro-inc,Restaurants,1001-5000,121,San Francisco,California,United States,blitz
Patagonia,patagonia.com,http://www.patagonia.com,https://www.linkedin.com/company/patagonia_2,retail,,3757,Ventura,California,United States,aiark
"Pathmark Stores, Inc.",pathmark.com,http://www.pathmark.com,https://www.linkedin.com/company/pathmark-stores-inc.,retail groceries,,1210,,,United States,aiark
Patrick Morin,patrickmorin.com,http://www.patrickmorin.com,https://www.linkedin.com/company/patrickmorin,retail,,528,St-paul,Québec,Canada,aiark
Paul Martin\'s American Grill,paulmartinsamericangrill.com,https://paulmartinsamericangrill.com,https://www.linkedin.com/company/paul-martin's-american-grill,Restaurants,501-1000,203,Newport Beach,California,United States,blitz
Pavilions,pavilions.com,http://www.pavilions.com,https://www.linkedin.com/company/pavilions,retail,,534,Fullerton,California,United States,aiark
Payless,payless.com,https://www.payless.com,https://www.linkedin.com/company/payless-shoesource,Retail,10001+,6103,Miami,Florida,United States,aiark+blitz
Pc Richard & Son,pcrichard.com,https://www.pcrichard.com,https://www.linkedin.com/company/pc-richard-&-son,Retail,1001-5000,1390,Farmingdale,New York,United States,aiark+blitz
PCC Community Markets,pccmarkets.com,https://www.pccmarkets.com,https://www.linkedin.com/company/pccmarkets,retail,,670,Seattle,Washington,United States,aiark
"Pcc Natural Markets, Inc",pccnaturalmarkets.com,https://pccnaturalmarkets.com,https://www.linkedin.com/company/pcc-natural-markets-inc.,Food and Beverage Services,1001-5000,8,Seattle,Washington,United States,blitz
Pch Hotels & Resorts,pchresorts.com,https://www.pchresorts.com/careers,https://www.linkedin.com/company/pch-hotels-&-resorts,Hospitality,1001-5000,956,Mobile,Alabama,United States,aiark+blitz
"PCSI - Professional Contract Services, Inc",pcsi.org,http://www.pcsi.org,https://www.linkedin.com/company/professional-contract-services-incorporated,non-profit organizations,,700,Austin,Texas,United States,aiark
PDI Technologies,pditechnologies.com,https://pditechnologies.com,https://www.linkedin.com/company/pdi-technologies,software development,,2402,Alpharetta,Georgia,United States,aiark
PDQ Restaurants,eatpdq.com,https://www.eatpdq.com,https://www.linkedin.com/company/pdq-restaurants,Restaurants,1001-5000,782,Tampa,Florida,United States,aiark+blitz
PeaceHealth,peacehealth.org,http://www.peacehealth.org,https://www.linkedin.com/company/peacehealth,hospitals and health care,,9161,Vancouver,Washington,United States,aiark
Pearle Hospitality,pearlehospitality.ca,https://pearlehospitality.ca,https://www.linkedin.com/company/pearle-hospitality,Hospitality,1001-5000,629,Ancaster,Ontario,Canada,aiark+blitz
Pearle Vision,pearlevision.com,http://www.pearlevision.com,https://www.linkedin.com/company/pearle-vision,retail,,2184,New York,New York,United States,aiark
Pebble Beach Resorts,pebblebeach.com,http://www.pebblebeach.com,https://www.linkedin.com/company/pebble-beach-company,hospitality,,1067,Pebble Beach,California,United States,aiark
Pechanga Resort Casino,pechanga.com,http://www.pechanga.com,https://www.linkedin.com/company/pechangacasino,gambling facilities and casinos,,1700,Temecula,California,United States,aiark
PECO FOODS INC,pecofoods.com,https://pecofoods.com,https://www.linkedin.com/company/peco-foods-inc,food and beverage manufacturing,,2269,Tuscaloosa,Alabama,United States,aiark
Peek\'n Peak Resort And Spa,pknpk.com,https://www.pknpk.com,https://www.linkedin.com/company/peek'n-peak-resort-and-spa,Hospitality,501-1000,129,Clymer,New York,United States,blitz
Peet's Coffee,peets.com,https://www.peets.com,https://www.linkedin.com/company/peetscoffee,Retail,5001-10000,787,Emeryville,California,United States,aiark+blitz
Pei Wei,peiwei.com,https://www.peiwei.com,https://www.linkedin.com/company/peiwei,restaurants,,1194,Irving,Texas,United States,aiark
Pendry Hotels & Resorts,pendry.com,https://www.pendry.com,https://www.linkedin.com/company/pendry-hotels,hospitality,,830,Irvine,California,United States,aiark
Penguinstaff,penguinstaff.com,https://penguinstaff.com,https://www.linkedin.com/company/penguin-services,Hospitality,5001-10000,14,Alexandria,Virginia,United States,blitz
Penn Medicine Princeton Health,princetonhcs.org,http://www.princetonhcs.org,https://www.linkedin.com/company/penn-medicine-princeton-health,hospitals and health care,,1875,Princeton,New Jersey,United States,aiark
Penn Station East Coast Subs,penn-station.com,http://penn-station.com,https://www.linkedin.com/company/penn-station-east-coast-subs,restaurants,,1672,Milford,Ohio,United States,aiark
Penske Automotive Group,penskeautomotive.com,https://www.penskeautomotive.com,https://www.linkedin.com/company/penskeautomotive,motor vehicle manufacturing,,2922,Bloomfield Hills,Michigan,United States,aiark
Pentex Restaurant Group,pentexrg.com,https://www.pentexrg.com,https://www.linkedin.com/company/pentex-management,Restaurants,501-1000,37,Fargo,North Dakota,United States,blitz
"People's United Bank, N.A.",mtb.com,http://www.peoples.com,https://www.linkedin.com/company/people's-united-bank,financial services,,2569,Bridgeport,Connecticut,United States,aiark
Pep Boys-Manny Moe & Jack,pepboys.com,https://pepboys.com,https://www.linkedin.com/company/pep-boys-manny-moe-&-jack,Retail,10001+,64,Philadelphia,Pennsylvania,United States,aiark+blitz
Pepper\'s Restaurant & Bar,pepperscafe.ca,https://pepperscafe.ca,https://www.linkedin.com/company/pepper's-restaurant-&-bar,Restaurants,10001+,25,Toronto,Ontario,Canada,blitz
Peppermill Resort Spa Casino,peppermillreno.com,https://www.peppermillreno.com,https://www.linkedin.com/company/peppermill-resort-spa-casino,Hospitality,1001-5000,820,Reno,Nevada,United States,aiark+blitz
Pepsi Bottling Ventures,pepsibottlingventures.com,https://www.pepsibottlingventures.com,https://www.linkedin.com/company/pbvllc,Food and Beverage Services,1001-5000,4903,Raleigh,North Carolina,United States,aiark+blitz
Pepsi MidAmerica,pepsimidamerica.com,https://pepsimidamerica.com,https://www.linkedin.com/company/pepsi-mid-america,Food and Beverage Services,501-1000,564,Marion,Illinois,United States,aiark+blitz
PepsiCo,pepsico.com,https://www.pepsico.com,https://www.linkedin.com/company/pepsico,Food and Beverage Services,10001+,158706,Purchase,New York,United States,aiark+blitz
Perdue Farms,perduefarms.com,https://corporate.perduefarms.com,https://www.linkedin.com/company/perdue-farms,food and beverage manufacturing,,8316,Salisbury,Maryland,United States,aiark
Performance Auto Group,performance.ca,http://www.performance.ca,https://www.linkedin.com/company/autoplanet-automotive-group-inc-,motor vehicle manufacturing,,687,Brampton,Ontario,Canada,aiark
Performance Food Group,pfgc.com,https://www.pfgc.com,https://www.linkedin.com/company/performancefoodgroup,Food and Beverage Services,10001+,8730,Richmond,Virginia,United States,aiark+blitz
Performance Foodservice,performancefoodservice.com,https://performancefoodservice.com,https://www.linkedin.com/company/performance-foodservice,Food and Beverage Services,5001-10000,6140,Richmond,Virginia,United States,aiark+blitz
Perfumania,perfumania.com,https://www.perfumania.com,https://www.linkedin.com/company/perfumania,Retail,1001-5000,868,Bellport,New York,United States,aiark+blitz
Perfumania Holdings Inc,perfumaniaholdings.com,https://www.perfumaniaholdings.com,https://www.linkedin.com/company/perfumaniaholdinginc,Retail,501-1000,15,Bellport,New York,United States,blitz
Perkins American Food Co.,perkinsrestaurants.com,https://www.perkinsrestaurants.com,https://www.linkedin.com/company/perkinsamericanfoodco,restaurants,,3546,Sandy Springs,Georgia,United States,aiark
Perry Ellis International,pery.com,http://www.careers.pery.com,https://www.linkedin.com/company/perry-ellis-international,retail apparel and fashion,,2443,Doral,Florida,United States,aiark
Perry's Steakhouse & Grille,perryssteakhouse.com,https://www.perryssteakhouse.com,https://www.linkedin.com/company/perry's-steakhouse-&-grille,Restaurants,1001-5000,981,Houston,Texas,United States,aiark+blitz
Personal Chef,personalchef.com,https://www.personalchef.com,https://www.linkedin.com/company/personal-chef,food and beverage services,,889,,,United States,aiark
Personiv,personiv.com,https://personiv.com,https://www.linkedin.com/company/personiv,outsourcing and offshoring consulting,,2210,Austin,Texas,United States,aiark
Pet Food Express,petfood.express,https://www.petfood.express,https://www.linkedin.com/company/pet-food-express,Retail,1001-5000,619,Concord,California,United States,aiark+blitz
Pet Paradise,petparadise.com,http://www.petparadise.com,https://www.linkedin.com/company/pet-paradise-resort,non-profit organizations,,896,Jacksonville,Florida,United States,aiark
Pet Supermarket,petsupermarket.com,https://www.petsupermarket.com,https://www.linkedin.com/company/pet-supermarket,Retail,1001-5000,1539,Sunrise,Florida,United States,aiark+blitz
Pet Supplies Plus,petsuppliesplus.com,http://www.petsuppliesplus.com,https://www.linkedin.com/company/petsuppliesplus,retail,,5209,Livonia,Michigan,United States,aiark
"Pet Supplies Plus, Llc",petsupplies.com,https://petsupplies.com,https://www.linkedin.com/company/pet-supplies-plus-llc,Retail,1001-5000,11,Livonia,Michigan,United States,blitz
Pet Valu,petvalu.ca,http://www.petvalu.ca/careers,https://www.linkedin.com/company/pet-valu,retail,,2696,Markham,On,Canada,aiark
Petco,petco.com,https://www.petco.com,https://www.linkedin.com/company/petco-animal-supplies-inc-,Retail,10001+,20141,San Diego,California,United States,aiark+blitz
Pete's Fresh Market,petesfresh.com,http://petesfresh.com,https://www.linkedin.com/company/pete's-fresh-market,retail groceries,,520,Chicago,Illinois,United States,aiark
Peter and Pauls Hospitality Group,bypeterandpauls.com,http://corporate.bypeterandpauls.com,https://www.linkedin.com/company/peterandpauls,hospitality,,2012,Vaughan,On,Canada,aiark
Peter Millar,petermillar.com,http://www.petermillar.com,https://www.linkedin.com/company/peter-millar,retail apparel and fashion,,687,Raleigh,North Carolina,United States,aiark
Peter Piper Pizza,peterpiperpizza.com,https://www.peterpiperpizza.com,https://www.linkedin.com/company/peter-piper-inc.,Restaurants,1001-5000,1348,Phoenix,Arizona,United States,aiark+blitz
"Petland Discounts, Inc",petlanddiscounts.com,https://www.petlanddiscounts.com,https://www.linkedin.com/company/petland-discounts-inc-,Retail,501-1000,101,Brentwood,New York,United States,blitz
"Petland, Inc. (USA)",petland.com,http://www.petland.com,https://www.linkedin.com/company/petland-inc-usa-,retail,,624,Chillicothe,Ohio,United States,aiark
Petsense by Tractor Supply,petsense.com,http://www.petsense.com,https://www.linkedin.com/company/petsensebytractorsupply,retail,,953,Brentwood,Tennessee,United States,aiark
PetSmart,petsmart.com,https://careers.petsmart.com,https://www.linkedin.com/company/petsmart,Retail,10001+,32077,Phoenix,Arizona,United States,aiark+blitz
PetSuites,petsuitesofamerica.com,http://www.petsuitesofamerica.com,https://www.linkedin.com/company/petsuites,hospitality,,889,Agoura Hills,California,United States,aiark
PF Changs China Bistro,,,https://www.linkedin.com/company/pf-changs-china-bistro,restaurants,,2768,Winston Salem,North Carolina,United States,aiark
PGA National Resort,pgaresort.com,https://www.pgaresort.com,https://www.linkedin.com/company/pga-national-resort-spa,Hospitality,501-1000,373,Palm Beach Gardens,Florida,United States,blitz
PGA TOUR Superstore,pgatoursuperstore.com,http://www.pgatoursuperstore.com,https://www.linkedin.com/company/pgatoursuperstore,retail,,1575,Roswell,Georgia,United States,aiark
Phantom Fireworks,fireworks.com,http://www.fireworks.com,https://www.linkedin.com/company/phantom-fireworks,retail,,735,Youngstown,Ohio,United States,aiark
Pharmacie,pharmaciempls.com,http://www.pharmaciempls.com,https://www.linkedin.com/company/pharmacie_mpls,retail,,1848,Minneapolis,Minnesota,United States,aiark
Pharmapacks,pharmapacks.com,https://www.pharmapacks.com,https://www.linkedin.com/company/pharmapacks,Retail,501-1000,237,Hauppauge,New York,United States,blitz
Pharmasave Canada,pharmasave.com,http://www.pharmasave.com,https://www.linkedin.com/company/pharmasavecanada,retail,,2157,Langley,B.c.,Canada,aiark
PHE INC,pheinc.com,https://www.pheinc.com,https://www.linkedin.com/company/phe,Retail,501-1000,562,Hillsborough,North Carolina,United States,blitz
PHE INC,adameve.com,https://www.pheinc.com,https://www.linkedin.com/company/phe,retail,,559,Hillsborough,North Carolina,United States,aiark
Phil Stefani Signature Restaurants,stefanirestaurants.com,https://www.stefanirestaurants.com,https://www.linkedin.com/company/stefani-signature-restaurants,Restaurants,501-1000,66,Chicago,Illinois,United States,blitz
Phillips,phillips.com,http://phillips.com,https://www.linkedin.com/company/phillips,retail luxury goods and jewelry,,1300,New York,,United States,aiark
Philly Pretzel Factory,phillypretzelfactory.com,http://www.phillypretzelfactory.com,https://www.linkedin.com/company/soft-pretzel-franchise-systems-inc-,food and beverage services,,572,Bensalem,Pennsylvania,United States,aiark
Philz Coffee,philzcoffee.com,https://www.philzcoffee.com,https://www.linkedin.com/company/philz-coffee,Retail,1001-5000,841,Oakland,California,United States,aiark+blitz
PHOENIX,phoenixdtc.com,https://www.phoenixdtc.com,https://www.linkedin.com/company/phoenixdtc,retail apparel and fashion,,12347,Columbus,Ohio,United States,aiark
Phoenix Beverages,phoenixbeverages.com,https://www.phoenixbeverages.com,https://www.linkedin.com/company/phoenix-beverages,Food and Beverage Services,501-1000,248,Brooklyn,New York,United States,blitz
PIAA,piaa.org,http://piaa.org,https://www.linkedin.com/company/piaa,spectator sports,,662,,,United States,aiark
PIADA ITALIAN STREET FOOD,mypiada.com,http://www.mypiada.com,https://www.linkedin.com/company/piada,restaurants,,547,Columbus,Ohio,United States,aiark
Piccadilly Restaurants,piccadilly.com,https://www.piccadilly.com/foodservice,https://www.linkedin.com/company/piccadilly-restaurants,Restaurants,1001-5000,451,Baton Rouge,Louisiana,United States,blitz
Pics Inventory,picsinv.com,https://www.picsinv.com,https://www.linkedin.com/company/pics-inventory,Retail,1001-5000,550,Holly,Michigan,United States,aiark+blitz
Pieology Pizzeria,pieology.com,http://www.pieology.com,https://www.linkedin.com/company/pieology-pizzeria,restaurants,,835,Rancho Santa Margarita,California,United States,aiark
Pier 1,pier1.com,http://www.pier1.com,https://www.linkedin.com/company/pier-1-imports,retail,,4881,Fort Worth,Texas,United States,aiark
Piercing Pagoda,banter.com,https://www.banter.com,https://www.linkedin.com/company/banter-piercing-pagoda,retail,,599,Coppell,Texas,United States,aiark
Piggly Wiggly Carolina,thepig.net,http://www.thepig.net,https://www.linkedin.com/company/piggly-wiggly-carolina,retail groceries,,700,,,United States,aiark
"Piggly Wiggly Midwest, LLC",shopthepig.com,http://www.shopthepig.com,https://www.linkedin.com/company/piggly-wiggly-midwest-llc,retail,,1462,Sheboygan,Wisconsin,United States,aiark
Pilgrim's,pilgrims.com,http://www.pilgrims.com,https://www.linkedin.com/company/pilgrims-corp,food and beverage manufacturing,,11325,Greeley,Colorado,United States,aiark
Pilot Flying J,pilotflyingj.com,https://pilotflyingj.com,https://www.linkedin.com/company/pilot-flying-j,Retail,10001+,13452,Knoxville,Tennessee,United States,aiark+blitz
Pinch A Penny Pool Patio Spa,pinchapenny.com,http://www.pinchapenny.com,https://www.linkedin.com/company/pinchapenny,retail,,1179,Clearwater,Florida,United States,aiark
Pine Cove,pinecove.com,http://www.pinecove.com,https://www.linkedin.com/company/pine-cove,religious institutions,,514,Tyler,Texas,United States,aiark
Pinehurst Resort,pinehurst.com,https://www.pinehurst.com,https://www.linkedin.com/company/pinehurst-resort,Hospitality,1001-5000,911,Pinehurst,North Carolina,United States,aiark+blitz
"Pinkberry Ventures, Inc",pinkberry.com,http://www.pinkberry.com,https://www.linkedin.com/company/pinkberry-ventures-inc,food and beverage services,,516,Scottsdale,Arizona,United States,aiark
Pinnacle Automotive Hospitality Services,pinnacleahs.com,https://pinnacleahs.com,https://www.linkedin.com/company/pinnacle-automotive-hospitality-services,Retail,501-1000,3,Tampa,Florida,United States,blitz
Pinnacle Entertainment,pnkinc.com,https://www.pnkinc.com,https://www.linkedin.com/company/pinnacle-entertainment,Hospitality,10001+,1260,Las Vegas,Nevada,United States,aiark+blitz
Pinnacle Foods,pinnaclefoods.com,https://www.pinnaclefoods.com,https://www.linkedin.com/company/pinnacle-foods-group-llc,Food and Beverage Services,1001-5000,938,Parsippany,New Jersey,United States,aiark+blitz
Pinnacle Hotel Management,pinnaclehotelmanagement.com,https://www.pinnaclehotelmanagement.com,https://www.linkedin.com/company/pinnacle-hotel-management,Hospitality,501-1000,53,Royal Palm Beach,Florida,United States,blitz
Pinnacle Hotels Usa,pinnaclehotelsusa.com,https://www.pinnaclehotelsusa.com,https://www.linkedin.com/company/pinnacle-hotels-usa,Hospitality,501-1000,55,San Diego,California,United States,blitz
Pinstripes,pinstripes.com,https://www.pinstripes.com,https://www.linkedin.com/company/pinstripes-inc,entertainment providers,,523,Northbrook,Illinois,United States,aiark
"Pioneer College Caterers, Inc",pcconline.com,https://www.pcconline.com,https://www.linkedin.com/company/pioneer-college-caterers-inc,Hospitality,501-1000,389,Olathe,Kansas,United States,blitz
"Pioneer Hi-Bred International, Inc.",pioneer.com,http://pioneer.com,https://www.linkedin.com/company/pioneer-hi-bred-international-inc.,food and beverage manufacturing,,1079,Johnston,Iowa,United States,aiark
Pita Pit,pitapitwinnipeg.ca,http://www.pitapitregent.ca,https://www.linkedin.com/company/pita-pit,restaurants,,869,Winnipeg,Mb,Canada,aiark
PitchBook,pitchbook.com,http://www.pitchbook.com,https://www.linkedin.com/company/pitchbook,venture capital and private equity principals,,1519,Seattle,Washington,United States,aiark
Pizza Hut,foodblog.nl,http://pizzahut.com,https://www.linkedin.com/company/pizza-hut,restaurants,,89281,Plano,Texas,United States,aiark
Pizza Hut Of Fort Wayne,pizzahutfwi.com,https://www.pizzahutfwi.com,https://www.linkedin.com/company/pizza-hut-of-fort-wayne,Restaurants,1001-5000,70,Fort Wayne,Indiana,United States,blitz
"Pizza Hut Of Southern Wisconsin, Inc",phsw.net,https://phsw.net,https://www.linkedin.com/company/pizza-hut-of-southern-wisconsin-inc.,Restaurants,501-1000,1,Madison,Wisconsin,United States,blitz
Pizza King,pizzaking.com,https://pizzaking.com,https://www.linkedin.com/company/pizza-king,Restaurants,501-1000,1152,Muncie,Indiana,United States,aiark+blitz
Pizza My Heart,pizzamyheart.com,https://pizzamyheart.com,https://www.linkedin.com/company/pizza-my-heart,Food and Beverage Services,501-1000,208,Los Gatos,California,United States,blitz
Pizza Nova,pizzanova.com,https://www.pizzanova.com,https://www.linkedin.com/company/pizza-nova,Restaurants,1001-5000,625,Toronto,Ontario,Canada,aiark+blitz
Pizza Parma,pizzaparma.us,https://www.pizzaparma.us,https://www.linkedin.com/company/pizza-parma,Food and Beverage Services,10001+,20,Pittsburgh,Pennsylvania,United States,blitz
Pizza Pizza Limited,pizzapizza.ca,https://www.pizzapizza.ca,https://www.linkedin.com/company/pizza-pizza-ltd,Food and Beverage Services,1001-5000,2275,Toronto,Ontario,Canada,aiark+blitz
Pizza Ranch,pizzaranch.com,https://www.pizzaranch.com/careers,https://www.linkedin.com/company/pizza-ranch,restaurants,,2340,Orange City,Iowa,United States,aiark
Pizza Studio,pizzastudio.com,https://www.pizzastudio.com,https://www.linkedin.com/company/pizza-studio,Restaurants,501-1000,181,Calabasas,California,United States,blitz
PJ's Coffee of New Orleans,pjscoffee.com,http://www.pjscoffee.com,https://www.linkedin.com/company/pjscoffee,restaurants,,677,Mandeville,Louisiana,United States,aiark
Planar,planar.com,http://www.planar.com,https://www.linkedin.com/company/planar-systems,computers and electronics manufacturing,,516,Hillsboro,Oregon,United States,aiark
Planet Hollywood International,planethollywoodintl.com,https://www.planethollywoodintl.com,https://www.linkedin.com/company/planet-hollywood-international,Restaurants,5001-10000,288,Lake Buena Vista,Florida,United States,blitz
Plank Road Pub And Grill,plankroadpubandgrill.com,https://plankroadpubandgrill.com,https://www.linkedin.com/company/plank-road-pub-and-grill,Restaurants,10001+,6,De Pere,Wisconsin,United States,blitz
Plated,plated.com,https://www.plated.com,https://www.linkedin.com/company/plated,Food and Beverage Services,501-1000,236,New York,New York,United States,blitz
Platinum Corral Llc,platinumcorral.com,https://platinumcorral.com,https://www.linkedin.com/company/platinumcorral,Hospitality,501-1000,44,Jacksonville,North Carolina,United States,blitz
Playa Bowls,playabowls.com,http://www.playabowls.com,https://www.linkedin.com/company/playa-bowls,restaurants,,2270,Belmar,New Jersey,United States,aiark
Playa Hotels & Resorts,playaresorts.com,https://www.playaresorts.com,https://www.linkedin.com/company/playa-hotels-&-resorts,Hospitality,10001+,916,Fairfax,Virginia,United States,aiark+blitz
Plaza Hotel and Casino,plazahotelcasino.com,https://www.plazahotelcasino.com,https://www.linkedin.com/company/plaza-hotel-and-casino,Hospitality,501-1000,239,Las Vegas,Nevada,United States,blitz
Plaza Provision Company,plazaprovision.com,https://www.plazaprovision.com,https://www.linkedin.com/company/plaza-provision-co.,Food and Beverage Services,501-1000,155,San Juan,,United States,blitz
Plow & Hearth,plowandhearth.com,https://www.plowandhearth.com,https://www.linkedin.com/company/plow-&-hearth,Retail,501-1000,216,Madison,Virginia,United States,blitz
PLS,pls247.com,http://www.PLS247.com,https://www.linkedin.com/company/pls-financial-services,financial services,,2366,Chicago,Illinois,United States,aiark
Pluckers Wing Bar,pluckers.com,http://www.pluckers.com,https://www.linkedin.com/company/pluckers-wing-bar,restaurants,,1563,Austin,Texas,United States,aiark
Plum Market,plummarket.com,https://www.plummarket.com,https://www.linkedin.com/company/plummarket,Food and Beverage Services,501-1000,405,Farmington Hills,Michigan,United States,blitz
PM Hotel Group,pmhotelgroup.com,https://pmhotelgroup.com,https://www.linkedin.com/company/pmhotelgroup,Hospitality,1001-5000,504,Chevy Chase,Maryland,United States,blitz
PODS,pods.com,https://PODS.com,https://www.linkedin.com/company/pods,consumer services,,1386,Clearwater,Florida,United States,aiark
Polar Beverages,polarbeverages.com,https://polarbeverages.com,https://www.linkedin.com/company/polar-beverages,food and beverage services,,750,Worcester,Massachusetts,United States,aiark
Polished,polished.com,https://www.polished.com,https://www.linkedin.com/company/polishedco,Retail,501-1000,86,Brooklyn,New York,United States,blitz
Pollard Banknote Limited,pollardbanknote.com,http://www.pollardbanknote.com,https://www.linkedin.com/company/pollard-banknote,it services and it consulting,,842,Winnipeg,Mb,Canada,aiark
Pollo Campero,campero.com,https://www.campero.com,https://www.linkedin.com/company/pollo-campero,Restaurants,1001-5000,4665,Dallas,Texas,United States,aiark+blitz
Pollo Regio,polloregio.com,https://www.polloregio.com,https://www.linkedin.com/company/pollo-regio,Restaurants,1001-5000,222,Grand Prairie,Texas,United States,blitz
Pollo Tropical,pollotropical.com,http://www.pollotropical.com,https://www.linkedin.com/company/pollo-tropical,restaurants,,2104,Miami,Florida,United States,aiark
Polly\'s Pies,pollyspies.com,https://www.pollyspies.com,https://www.linkedin.com/company/pollys-pies,Restaurants,1001-5000,223,Placentia,California,United States,blitz
Polo Ralph Lauen,,,https://www.linkedin.com/company/polo-ralph-lauen,retail apparel and fashion,,929,Elizabeth,New Jersey,United States,aiark
"Pomp's Tire Service, Inc.",pompstire.com,http://www.pompstire.com,https://www.linkedin.com/company/pomp's-tire-service,motor vehicle manufacturing,,1022,Green Bay,Wisconsin,United States,aiark
Ponte Vedra Beach Resorts,pontevedra.com,https://www.pontevedra.com,https://www.linkedin.com/company/ponte-vedra-inn-&-club,Hospitality,501-1000,99,Ponte Vedra Beach,Florida,United States,blitz
Popeyes Louisiana Kitchen,popeyes.com,http://www.popeyes.com,https://www.linkedin.com/company/popeyes-louisiana-kitchen,restaurants,,28307,Miami,Florida,United States,aiark
Popeyes® Careers,pleaseapplyonline.com,http://www.pleaseapplyonline.com/pfc,https://www.linkedin.com/company/popeyescareers,restaurants,,943,Raleigh,North Carolina,United States,aiark
poppi,drinkpoppi.com,https://drinkpoppi.com,https://www.linkedin.com/company/poppi,retail,,1000,Austin,Texas,United States,aiark
pOpshelf,popshelf.com,https://www.popshelf.com/careers,https://www.linkedin.com/company/popshelf,retail,,898,Goodlettsville,Tennessee,United States,aiark
Portillo's,portillos.com,https://www.portillos.com,https://www.linkedin.com/company/portillos,Restaurants,5001-10000,3607,Oak Brook,Illinois,United States,aiark+blitz
Porto\'s Bakery & Cafe,portosbakery.com,https://www.portosbakery.com,https://www.linkedin.com/company/portos-bakery-inc,Food and Beverage Services,1001-5000,705,Glendale,California,United States,aiark+blitz
Posados Cafe,posados.com,https://www.posados.com,https://www.linkedin.com/company/posados-cafe,Restaurants,501-1000,175,Tyler,Texas,United States,blitz
Poshmark,poshmark.com,http://www.poshmark.com,https://www.linkedin.com/company/poshmark,retail apparel and fashion,,3130,Redwood City,California,United States,aiark
Post Holdings,postholdings.com,https://www.postholdings.com,https://www.linkedin.com/company/postholdings,Food and Beverage Services,10001+,1150,St Louis,Missouri,United States,aiark+blitz
Postmates by Uber,postmates.com,http://Postmates.com,https://www.linkedin.com/company/postmates,software development,,4126,San Francisco,California,United States,aiark
PostNet International Franchise Corporation,postnet.com,http://www.PostNet.com,https://www.linkedin.com/company/postnet,printing services,,995,Lakewood,Colorado,United States,aiark
Potbelly Sandwich Works,potbelly.com,https://www.potbelly.com,https://www.linkedin.com/company/potbelly-sandwich-works,Restaurants,5001-10000,3463,Chicago,Illinois,United States,aiark+blitz
Potpourri Group,potpourrigroup.com,https://www.potpourrigroup.com,https://www.linkedin.com/company/potpourri-group,Retail,501-1000,240,Billerica,Massachusetts,United States,blitz
Pottery Barn,potterybarn.com,https://www.potterybarn.com,https://www.linkedin.com/company/pottery-barn,Retail,10001+,3239,San Francisco,California,United States,aiark+blitz
Pottery Barn Kids,williamssonomainc.com,http://www.williamssonomainc.com,https://www.linkedin.com/company/pottery-barn-kids,retail,,551,San Francisco,California,United States,aiark
Powell's Books,powells.com,https://www.powells.com,https://www.linkedin.com/company/powell's-books,Retail,501-1000,290,Portland,Oregon,United States,blitz
POWER Engineers,powereng.com,https://www.wsp.com,https://www.linkedin.com/company/power-engineers,it services and it consulting,,3517,Hailey,Idaho,United States,aiark
Ppx Hospitality Brands,ppxhospitalitybrands.com,https://www.ppxhospitalitybrands.com,https://www.linkedin.com/company/ppxhospitalitybrands,Hospitality,1001-5000,25,Boston,Massachusetts,United States,blitz
"Prairie Farms Dairy, Inc.",prairiefarms.com,http://www.prairiefarms.com,https://www.linkedin.com/company/prairie-farms,food and beverage manufacturing,,1316,Edwardsville,Illinois,United States,aiark
"Premier Automotive, L.L.C",premierautomotive.com,https://premierautomotive.com,https://www.linkedin.com/company/premier-automotive-l.l.c.,Retail,501-1000,1,New Orleans,Louisiana,United States,blitz
"Premier Designs, Inc.",premierdesigns.com,http://www.PremierDesigns.com,https://www.linkedin.com/company/premier-designs,retail apparel and fashion,,2027,Irving,Texas,United States,aiark
Premium Retail Services,premiumretail.com,https://premiumretail.com,https://www.linkedin.com/company/premium-retail-services,Retail,10001+,6426,Chesterfield,Missouri,United States,aiark+blitz
Premium Waters Inc,premiumwaters.com,https://premiumwaters.com,https://www.linkedin.com/company/premium-waters-inc.,Food and Beverage Services,1001-5000,633,Riverside,Missouri,United States,aiark+blitz
Presidian Hotels & Resorts,presidian.com,https://www.presidian.com,https://www.linkedin.com/company/presidian-hotels-resorts,Hospitality,501-1000,34,San Antonio,Texas,United States,blitz
"Presidio International, Inc",armaniexchange.com,https://armaniexchange.com,https://www.linkedin.com/company/presidio-international-inc.,Retail,1001-5000,,New York,New York,United States,blitz
Pressed Juicery,pressed.com,http://www.pressed.com,https://www.linkedin.com/company/pressedofficial,food and beverage services,,602,Culver City,California,United States,aiark
Price Chopper Supermarkets-Market 32,pricechopper.com,http://www.pricechopper.com,https://www.linkedin.com/company/golub-group,retail,,6293,Schenectady,New York,United States,aiark
Price Rite Supermarket,priceritesupermarkets.com,http://www.priceritesupermarkets.com,https://www.linkedin.com/company/price-rite-supermarket,food and beverage manufacturing,,876,Secane,Pennsylvania,United States,aiark
PriceSmart,pricesmart.com,https://www.pricesmart.com/site/en/country-picker,https://www.linkedin.com/company/pricesmart,Retail,5001-10000,6278,San Diego,California,United States,aiark+blitz
Primanti Bros. Restaurant and Bar,primantibros.com,https://primantibros.com/careers,https://www.linkedin.com/company/primanti-brothers-restaurants,Restaurants,1001-5000,732,Pittsburgh,Pennsylvania,United States,aiark+blitz
Primary Aim Wendys,primaryaimllc.com,https://primaryaimllc.com,https://www.linkedin.com/company/primary-aim-wendys,Restaurants,501-1000,115,Zanesville,,United States,blitz
Primient,primient.com,https://www.primient.com,https://www.linkedin.com/company/primient,food and beverage manufacturing,,869,Schaumburg,Illinois,United States,aiark
Primo Brands,primowater.com,https://www.primobrands.com,https://www.linkedin.com/company/primobrands,food and beverage services,,4149,Tampa,Florida,United States,aiark
Prince Resorts Hawaii Inc,princeresortshawaii.com,https://www.princeresortshawaii.com,https://www.linkedin.com/company/prince-resorts-hawaii-inc,Hospitality,1001-5000,66,Honolulu,Hawaii,United States,blitz
Princess Auto Ltd.,princessauto.com,https://www.princessauto.com,https://www.linkedin.com/company/princess-auto-ltd.,Retail,1001-5000,1425,Winnipeg,Manitoba,Canada,aiark+blitz
Prinova USA,prinovaglobal.com,https://www.prinovaglobal.com,https://www.linkedin.com/company/prinova-usa,Food and Beverage Services,1001-5000,475,Itasca,Illinois,United States,blitz
Printpack,printpack.com,http://www.printpack.com,https://www.linkedin.com/company/printpack-inc-,packaging and containers manufacturing,,3020,Atlanta,Georgia,United States,aiark
ProMach,promachbuilt.com,http://www.ProMachBuilt.com,https://www.linkedin.com/company/pro-mach-inc,machinery manufacturing,,965,Covington,Kentucky,United States,aiark
Proper Hospitality,properhotel.com,https://www.properhotel.com,https://www.linkedin.com/company/proper-hospitality,Hospitality,501-1000,465,Santa Monica,California,United States,blitz
Prospect Capital Restaurants,pcrestaurants.com,https://www.pcrestaurants.com,https://www.linkedin.com/company/prospectcapitalrestaurants,Restaurants,501-1000,34,Holmdel Township,New Jersey,United States,blitz
Providence Place Senior Living,providence-place.com,https://www.providence-place.com,https://www.linkedin.com/company/providence-place-senior-living,Hospitality,501-1000,233,Hummelstown,Pennsylvania,United States,blitz
Provigo,provigofranchise.com,http://provigofranchise.com,https://www.linkedin.com/company/provigoqc,retail,,918,Montréal,Québec,Canada,aiark
Proxim,groupeproxim.ca,http://www.groupeproxim.ca,https://www.linkedin.com/company/proxim_2,retail,,692,Montreal,Quebec,Canada,aiark
Proximo Spirits,proximospirits.com,http://www.proximospirits.com,https://www.linkedin.com/company/proximo-spirits,beverage manufacturing,,786,Jersey City,New Jersey,United States,aiark
PS,reserveps.com,https://reserveps.com,https://www.linkedin.com/company/theprivatesuite,hospitality,,856,Los Angeles,California,United States,aiark
Ps.Com,digikeep.com,http://www.ps.com,https://www.linkedin.com/company/ps-com,retail apparel and fashion,,1100,Greenwich,Connecticut,United States,aiark
PSAV,encoreglobal.com,http://www.encoreglobal.com,https://www.linkedin.com/company/psav,events services,,3331,Schiller Park,Illinois,United States,aiark
Pseb Llc,psebllc.com,https://psebllc.com,https://www.linkedin.com/company/pseb-llc,Retail,5001-10000,72,Anaheim,California,United States,blitz
PSSI,pssi.com,https://www.fortrexsolutions.com,https://www.linkedin.com/company/pssifoodsafety,food and beverage manufacturing,,2568,Kieler,Wisconsin,United States,aiark
Psycho Bunny,psychobunny.com,http://www.psychobunny.com,https://www.linkedin.com/company/psychobunny,retail apparel and fashion,,773,Montreal,Quebec,Canada,aiark
PT Heinz ABC Indonesia,heinzabc.co.id,http://www.heinzabc.co.id,https://www.linkedin.com/company/pt-heinz-abc-indonesia,food and beverage manufacturing,,1522,Central Jakarta,Jakarta,United States,aiark
PUBLIC,publicbikes.com,http://www.publicbikes.com,https://www.linkedin.com/company/public_609056,retail,,1994,Novato,California,United States,aiark
Publix Inc,publixmedia.com,http://publixmedia.com,https://www.linkedin.com/company/publix,retail,,699,Lakeland,Florida,United States,aiark
Publix Super Markets,publix.com,https://corporate.publix.com,https://www.linkedin.com/company/publix-super-markets,Retail,10001+,85591,Lakeland,Florida,United States,aiark+blitz
Puesto,eatpuesto.com,http://eatpuesto.com,https://www.linkedin.com/company/puesto-mexican-street-food,restaurants,,1191,La Jolla,California,United States,aiark
Pull-A-Part,pullapart.com,https://www.pullapart.com,https://www.linkedin.com/company/pull-a-part,Retail,501-1000,331,,Georgia,United States,blitz
Punch Bowl Social,punchbowlsocial.com,http://punchbowlsocial.com,https://www.linkedin.com/company/punch-bowl-social,hospitality,,577,Denver,Colorado,United States,aiark
Pura Vida,puravidabracelets.com,https://www.puravidabracelets.com,https://www.linkedin.com/company/pura-vida-bracelets,retail apparel and fashion,,668,San Diego,California,United States,aiark
Purdys Chocolatier,purdys.com,http://www.purdys.com,https://www.linkedin.com/company/r.c.-purdy's-chocolates,retail,,524,Vancouver,B.c.,Canada,aiark
Pure Fishing,purefishing.com,http://www.purefishing.com,https://www.linkedin.com/company/pure-fishing,retail,,1672,Columbia,South Carolina,United States,aiark
Pure Hockey,purehockey.com,https://www.purehockey.com,https://www.linkedin.com/company/pure-hockey,Retail,1001-5000,536,Holliston,Massachusetts,United States,aiark+blitz
Pure Romance,pureromance.com,http://www.pureromance.com,https://www.linkedin.com/company/pure-romance,retail,,4753,Cincinnati,Ohio,United States,aiark
Purecircle,purecircle.com,https://www.purecircle.com,https://www.linkedin.com/company/purecircle-usa,Food and Beverage Services,1001-5000,407,Chicago,Illinois,United States,blitz
Purple,purple.com,https://purple.com,https://www.linkedin.com/company/purple-innovation-llc,Retail,1001-5000,1248,Lehi,Utah,United States,aiark+blitz
Puttshack,puttshack.com,https://www.puttshack.com,https://www.linkedin.com/company/puttshack,Hospitality,1001-5000,677,Chicago,Illinois,United States,aiark+blitz
PVH Corp.,pvh.com,http://www.pvh.com,https://www.linkedin.com/company/pvh,retail apparel and fashion,,12761,New York,New York,United States,aiark
Pyramid Global Hospitality,pyramidglobal.com,http://pyramidglobal.com,https://www.linkedin.com/company/pyramid-global-hospitality,hospitality,,3252,Boston,Massachusetts,United States,aiark
QBurst,qburst.com,https://www.qburst.com,https://www.linkedin.com/company/qburst,it services and it consulting,,3323,Chantilly,Virginia,United States,aiark
Qdoba Restaurant Corporation,qdoba.com,https://www.qdoba.com,https://www.linkedin.com/company/qdoba,Restaurants,1001-5000,4418,San Diego,California,United States,aiark+blitz
Qk Holdings L.L.C,qkholdings.com,https://www.qkholdings.com,https://www.linkedin.com/company/qk-holdings-l-l-c-,Restaurants,1001-5000,19,Holbrook,Arizona,United States,blitz
Quaintance-Weaver Restaurants & Hotels,qwrh.com,https://www.qwrh.com,https://www.linkedin.com/company/qwrh,Hospitality,501-1000,152,Greensboro,North Carolina,United States,blitz
Quaker Steak & Lube,thelube.com,http://www.thelube.com,https://www.linkedin.com/company/quaker-steak-&-lube,restaurants,,844,Bloomsburg,Pennsylvania,United States,aiark
Quality Custom Distribution,qualitycustomdistribution.com,http://www.qualitycustomdistribution.com,https://www.linkedin.com/company/qualitycustomdistribution,truck transportation,,728,Frisco,Texas,United States,aiark
"Quality Dining, Inc",qdi.com,https://www.qdi.com,https://www.linkedin.com/company/quality-dining-inc.,Restaurants,5001-10000,361,Mishawaka,Indiana,United States,blitz
Quality Inn and Suites,qualityinngreensboroga.com,http://www.qualityinngreensboroga.com,https://www.linkedin.com/company/quality-inn-and-suites,hospitality,,2079,Greensboro,Georgia,United States,aiark
Quality Restaurant Group,qualityrestaurantgroup.com,https://www.qualityrestaurantgroup.com,https://www.linkedin.com/company/quality-restaurant-group,Restaurants,5001-10000,67,Greensboro,North Carolina,United States,blitz
Quest Food Management Services,questfms.com,https://www.questfms.com,https://www.linkedin.com/company/questfoodmgt,Hospitality,1001-5000,364,Lombard,Illinois,United States,blitz
Quest Service Group Llc,questservicegroup.com,https://www.questservicegroup.com,https://www.linkedin.com/company/quest-service-group-llc,Retail,501-1000,215,Garden City,New York,United States,blitz
Quick Quack Car Wash,dontdrivedirty.com,https://www.dontdrivedirty.com,https://www.linkedin.com/company/quick-quack-car-wash,Retail,1001-5000,1890,Roseville,California,United States,aiark+blitz
QuickChek Corporation,quickchek.com,http://www.quickchekjobs.com,https://www.linkedin.com/company/quickchek,food and beverage services,,1450,Whitehouse Station,New Jersey,United States,aiark
Quiksilver,quiksilver.com,http://www.quiksilver.com,https://www.linkedin.com/company/quiksilver,retail apparel and fashion,,2056,Huntington Beach,California,United States,aiark
QuikTrip,quiktrip.com,https://www.quiktrip.com,https://www.linkedin.com/company/quiktrip,Retail,10001+,12091,Tulsa,Oklahoma,United States,aiark+blitz
Quill,quill.com,http://www.quill.com,https://www.linkedin.com/company/quill,retail office equipment,,673,Lincolnshire,Illinois,United States,aiark
Quince,quince.com,https://www.quince.com,https://www.linkedin.com/company/onequince,retail,,1872,San Francisco,California,United States,aiark
Quinn Company,quinncompany.com,https://www.quinncompany.com/?utm_source=linkedin&utm_medium=referral&utm_campaign=profile,https://www.linkedin.com/company/quinn-group,machinery manufacturing,,754,City Of Industry,California,United States,aiark
Quirch Foods,quirchfoods.com,https://www.quirchfoods.com,https://www.linkedin.com/company/quirchfoods,Food and Beverage Services,1001-5000,617,Coral Gables,Florida,United States,aiark+blitz
Quiznos,quiznos.com,http://www.Quiznos.com,https://www.linkedin.com/company/quiznos,restaurants,,1369,Denver,Colorado,United States,aiark
QVC,qurateretailgroup.com,https://careers.qvcgrp.com,https://www.linkedin.com/company/qvc-international,retail,,9233,West Chester,Pennsylvania,United States,aiark
QVC Group,libertyinteractive.com,http://www.qvcgrp.com,https://www.linkedin.com/company/qvcgroup,retail,,2674,West Chester,Pennsylvania,United States,aiark
Qwick,qwick.com,https://go.qwick.com/businesses,https://www.linkedin.com/company/qwick,hospitality,,962,Charleston,South Carolina,United States,aiark
"R.H. Reny, Inc",renys.com,https://www.renys.com,https://www.linkedin.com/company/r-h-reny-inc-,Retail,501-1000,87,Newcastle,Maine,United States,blitz
"R.S. Hughes Co., Inc.",rshughes.com,https://www.rshughes.com,https://www.linkedin.com/company/r-s--hughes,wholesale,,560,Sunnyvale,California,United States,aiark
RA Sushi Bar Restaurant,rasushi.com,http://www.rasushi.com,https://www.linkedin.com/company/ra-sushi-bar-restaurant,restaurants,,756,Pembroke Pines / Miami,Florida,United States,aiark
RaceTrac,racetrac.com,https://www.racetrac.com,https://www.linkedin.com/company/racetrac,Retail,5001-10000,7959,Atlanta,Georgia,United States,aiark+blitz
RaceWay,racewaystores.com,https://www.RaceWayStores.com,https://www.linkedin.com/company/racewaygas,oil and gas,,555,Atlanta,,United States,aiark
Rack Room Shoes,rackroomshoes.com,https://www.rackroomshoes.com,https://www.linkedin.com/company/rack-room-shoes,Retail,1001-5000,3190,Charlotte,North Carolina,United States,aiark+blitz
Raddison,,,https://www.linkedin.com/company/raddison,hospitality,,1122,Orlando,Florida,United States,aiark
RadioShack,radioshack.com,http://www.radioshack.org,https://www.linkedin.com/company/radioshack,it services and it consulting,,4911,fort worth,texas,united states,aiark
Radioshack Corporation,,,https://www.linkedin.com/company/radioshack-corporation,food and beverage manufacturing,,3192,Richmond,California,United States,aiark
Radius Hospitality,radiushospitality.com,https://www.radiushospitality.com,https://www.linkedin.com/company/radiushospitality,Hospitality,1001-5000,27,Akron,Ohio,United States,blitz
Raffles Hotels & Resorts,raffles.com,https://www.raffles.com,https://www.linkedin.com/company/raffles-hotels-&-resorts,Hospitality,5001-10000,3722,New York,New York,United States,aiark+blitz
rag & bone,rag-bone.com,https://www.ragandbone.com,https://www.linkedin.com/company/rag-&-bone,retail apparel and fashion,,819,New York,New York,United States,aiark
Raging Waters,rwsplash.com,https://rwsplash.com,https://www.linkedin.com/company/raging-waters,Hospitality,501-1000,210,San Jose,California,United States,blitz
Rainbow Apparel Co,rainbowshops.com,https://www.rainbowshops.com,https://www.linkedin.com/company/rainbow-apparel-co,Retail,10001+,4871,New York,,United States,aiark+blitz
Rainforest Cafe,rainforestcafe.com,https://www.rainforestcafe.com,https://www.linkedin.com/company/rainforest-cafe,Hospitality,10001+,851,Houston,Texas,United States,aiark+blitz
Raising Cane's Chicken Fingers,raisingcanes.com,http://www.RaisingCanes.com,https://www.linkedin.com/company/raising-cane's,restaurants,,21267,Plano,Texas,United States,aiark
Raley's,raleys.com,https://www.raleys.com,https://www.linkedin.com/company/raley's,Retail,10001+,4294,West Sacramento,California,United States,aiark+blitz
Rally House,rallyhouse.com,https://www.rallyhouse.com,https://www.linkedin.com/company/rally-house,retail,,2359,Lenexa,Kansas,United States,aiark
Ralph Lauren,ralphlauren.com,http://corporate.ralphlauren.com,https://www.linkedin.com/company/ralph-lauren,retail apparel and fashion,,21462,New York,,United States,aiark
Ralphs Grocery Company,ralphs.com,http://www.ralphs.com,https://www.linkedin.com/company/ralphs-grocery-company,retail,,5921,,,United States,aiark
Ram Restaurant Group,theram.com,https://www.theram.com,https://www.linkedin.com/company/ram-restaurant-group,Food and Beverage Services,1001-5000,144,Lakewood,Washington,United States,blitz
Ramada Hotel,canaltahotels.com,http://www.canaltahotels.com,https://www.linkedin.com/company/ramada-hotel,food and beverage services,,708,Lac La Biche,Ab,Canada,aiark
Ramada Inn,brookfield-living.com,http://www.Brookfield-living.com,https://www.linkedin.com/company/ramada-inn_2,real estate,,1401,St George,Utah,United States,aiark
Ramraj Cotton,ramrajcotton.in,http://ramrajcotton.in,https://www.linkedin.com/company/ramraj-cotton,retail apparel and fashion,,1254,Tiruppur,Tamilnadu,United States,aiark
Rana,,,https://www.linkedin.com/company/rana,food and beverage manufacturing,,697,,,United States,aiark
Rancho Bernardo Inn,ranchobernardoinn.com,https://www.ranchobernardoinn.com,https://www.linkedin.com/company/rancho-bernardo-inn,Hospitality,501-1000,60,San Diego,California,United States,blitz
Randa Apparel & Accessories,randa.net,https://www.randa.net,https://www.linkedin.com/company/randa-apparel-accessories,retail apparel and fashion,,1653,New York City,New York,United States,aiark
Randalls Food Market,randalls.com,http://www.randalls.com,https://www.linkedin.com/company/randalls-food-market,food and beverage services,,1204,Conroe,Texas,United States,aiark
Rar Hospitality,rarhospitality.com,https://www.rarhospitality.com,https://www.linkedin.com/company/rar-hospitality,Hospitality,501-1000,26,San Diego,California,United States,blitz
Rare Beauty,rarebeauty.com,http://www.RareBeauty.com,https://www.linkedin.com/company/rarebeautyofficial,personal care product manufacturing,,875,El Segundo,California,United States,aiark
Ratner Companies,ratnerco.com,http://www.ratnerco.com,https://www.linkedin.com/company/ratner-companies,retail,,535,Vienna,,United States,aiark
"Rave Restaurant Group, Inc",raverg.com,https://raverg.com,https://www.linkedin.com/company/rave-restaurant-group-inc-,Restaurants,501-1000,40,The Colony,Texas,United States,blitz
Raymour & Flanigan Furniture and Mattresses,raymourflanigan.com,https://www.raymourflanigan.com,https://www.linkedin.com/company/raymour-&-flanigan,Retail,5001-10000,3877,Liverpool,New York,United States,aiark+blitz
Razzoo\'s Cajun Cafe,razzoos.com,https://www.razzoos.com,https://www.linkedin.com/company/razzoo's-cajun-cafe,Restaurants,1001-5000,474,Carrollton,Texas,United States,blitz
Rb Properties Inc,rbpropertiesinc.com,https://www.rbpropertiesinc.com,https://www.linkedin.com/company/rb-properties-inc,Hospitality,501-1000,66,Washington,District Of Columbia,United States,blitz
RC Willey,rcwilley.com,https://www.rcwilley.com,https://www.linkedin.com/company/rc-willey,Retail,1001-5000,1440,Salt Lake City,Utah,United States,aiark+blitz
"Rci Hospitality Holdings, Inc",rcihospitality.com,https://www.rcihospitality.com,https://www.linkedin.com/company/rci-hospitality-holdings-inc,Hospitality,1001-5000,119,Houston,Texas,United States,blitz
RCL - Reitmans Canada Ltd/Ltée,reitmanscanadalimited.com,http://www.reitmanscanadalimited.com,https://www.linkedin.com/company/reitmanscanadalimited,retail,,2671,Montreal,Quebec,Canada,aiark
RDSolutions,gr8people.com,https://rdsolutions.io,https://www.linkedin.com/company/rdsolutions-formerly-retail-data,it services and it consulting,,510,Glen Allen,Virginia,United States,aiark
"Ready Pac Foods, Inc.",readypac.com,http://www.readypac.com,https://www.linkedin.com/company/ready-pac-produce,food and beverage manufacturing,,665,Irwindale,California,United States,aiark
Real Fruit Bubble Tea,realfruitbubbletea.com,https://www.realfruitbubbletea.com,https://www.linkedin.com/company/real-fruit-bubble-tea,food and beverage services,,502,Markham,Ontario,Canada,aiark
Real Hospitality Group,realhospitalitygroup.com,https://realhospitalitygroup.com,https://www.linkedin.com/company/real-hospitality-group,Hospitality,1001-5000,169,Ocean City,Maryland,United States,blitz
Real Mex Restaurants,realmexrestaurants.com,https://www.realmexrestaurants.com,https://www.linkedin.com/company/real-mex-restaurants,Restaurants,5001-10000,230,Cypress,California,United States,blitz
"RealTruck, Inc.",realtruck.com,https://realtruck.com/about-realtruck,https://www.linkedin.com/company/realtruckinc,motor vehicle manufacturing,,1961,Ann Arbor,Michigan,United States,aiark
Reasor's,reasors.com,http://www.reasors.com,https://www.linkedin.com/company/reasor's,retail groceries,,938,,,United States,aiark
Recipe Unlimited Corporation,recipeunlimited.com,https://www.recipeunlimited.com,https://www.linkedin.com/company/recipe-unlimited-corporation,Hospitality,10001+,4275,Vaughan,Ontario,Canada,aiark+blitz
Reconext,reconext.com,http://www.reconext.com,https://www.linkedin.com/company/reconext,it services and it consulting,,1272,Grapevine,Texas,United States,aiark
Red Bull Canada,redbull.com,https://www.redbull.com/ca-en,https://www.linkedin.com/company/red-bull-canada,Food and Beverage Services,10001+,18,Toronto,Ontario,Canada,blitz
Red Bull Distribution Company,redbulldistributioncompany.com,https://redbulldistributioncompany.com,https://www.linkedin.com/company/redbulldistributioncompany,Food and Beverage Services,1001-5000,1141,Santa Monica,California,United States,aiark+blitz
Red Gold,redgoldfoods.com,https://www.redgoldfoods.com,https://www.linkedin.com/company/red-gold,food and beverage manufacturing,,829,Elwood,Indiana,United States,aiark
Red Lion Hotels Corporation,rlhco.com,https://www.rlhco.com,https://www.linkedin.com/company/rlhco,Hospitality,1001-5000,526,Denver,Colorado,United States,blitz
Red Lobster,redlobster.com,https://www.redlobster.com,https://www.linkedin.com/company/-red-lobster,Restaurants,10001+,17699,Orlando,Florida,United States,aiark+blitz
"Red Mango, Llc",redmangousa.com,https://redmangousa.com,https://www.linkedin.com/company/red-mango-inc.,Restaurants,501-1000,246,Dallas,Texas,United States,blitz
Red Robin Canada,redrobin.com,https://www.redrobin.com,https://www.linkedin.com/company/redrobincanada,Food and Beverage Services,501-1000,28,Surrey,British Columbia,Canada,aiark+blitz
Red Rock Casino Resort & Spa,redrocklasvegas.com,https://redrocklasvegas.com,https://www.linkedin.com/company/redrockcasinoresortspa,Hospitality,1001-5000,621,Las Vegas,Nevada,United States,aiark+blitz
Red Roof,redroof.com,https://www.redroof.com,https://www.linkedin.com/company/red-roof,Hospitality,5001-10000,3082,New Albany,Ohio,United States,aiark+blitz
Red Roof Inns Inc,redroofinns.com,https://redroofinns.com,https://www.linkedin.com/company/red-roof-inns-inc.,Hospitality,5001-10000,38,Springfield,Ohio,United States,blitz
Redenvelope,redenvelope.com,https://www.redenvelope.com,https://www.linkedin.com/company/redenvelope,Retail,501-1000,78,San Diego,California,United States,blitz
Redi Help Inc,redihelp.com,https://www.redihelp.com,https://www.linkedin.com/company/redi-help-inc,Hospitality,501-1000,40,Milwaukee,Wisconsin,United States,blitz
Redstone American Grill,redstonegrill.com,https://www.redstonegrill.com,https://www.linkedin.com/company/redstonegrill,Restaurants,501-1000,193,Il Nj Pa Ma Md,Minnesota,United States,blitz
Reece USA,reece.com,https://careers.reece.com/us,https://www.linkedin.com/company/reeceusa,wholesale,,1764,Dallas,Texas,United States,aiark
REEDS Jewelers,reeds.com,http://www.reeds.com,https://www.linkedin.com/company/reeds-jewelers,retail luxury goods and jewelry,,557,Wilmington,North Carolina,United States,aiark
Refined Hospitality,refinedhospitality.com,https://refinedhospitality.com,https://www.linkedin.com/company/refined-hospitality,Hospitality,501-1000,19,New Hope,Pennsylvania,United States,blitz
Reformation,thereformation.com,https://www.thereformation.com/pages/careers,https://www.linkedin.com/company/reformation,retail apparel and fashion,,1232,Vernon,California,United States,aiark
"Refuel Operating Company, LLC",refuelmarket.com,https://www.refuelmarket.com,https://www.linkedin.com/company/refuel-operating-company-llc,Retail,1001-5000,611,Charleston,South Carolina,United States,aiark+blitz
REI,rei.com,https://www.rei.com,https://www.linkedin.com/company/rei,retail,,9943,Seattle,,United States,aiark
Reinhart Foodservice,rfsdelivers.com,https://www.rfsdelivers.com,https://www.linkedin.com/company/reinhart-foodservice,Food and Beverage Services,1001-5000,1821,Chicago,Illinois,United States,blitz
Reiter Affiliated Companies,berry.net,http://www.berry.net,https://www.linkedin.com/company/reiter-affiliated-companies,farming,,563,Oxnard,California,United States,aiark
Reliant Energy,reliant.com,http://www.reliant.com,https://www.linkedin.com/company/reliant-energy,utilities,,1061,Houston,Texas,United States,aiark
Relish Labs Llc,homechef.com,https://homechef.com,https://www.linkedin.com/company/relish-labs-llc,Retail,501-1000,17,Chicago,Illinois,United States,aiark+blitz
Reltio,reltio.com,https://www.reltio.com,https://www.linkedin.com/company/reltio-inc,software development,,646,Redwood Shores,California,United States,aiark
Remington 1816,remington.com,http://www.remington.com,https://www.linkedin.com/company/remington-ammunition,retail,,1009,Lonoke,Arkansas,United States,aiark
Remington Hospitality,remingtonhospitality.com,http://www.remingtonhospitality.com,https://www.linkedin.com/company/remington-hospitality,hospitality,,1408,Dallas,Texas,United States,aiark
Renaissance Global Ltd,renaissanceglobal.com,https://renaissanceglobal.com,https://www.linkedin.com/company/renaissance-global-ltd,retail luxury goods and jewelry,,593,New York,New York,United States,aiark
Renaissance Hotels,renhotels.com,https://renhotels.com,https://www.linkedin.com/company/renaissance_hotels,Hospitality,10001+,4090,Bethesda,Maryland,United States,blitz
Rent The Runway,renttherunway.com,https://www.renttherunway.com,https://www.linkedin.com/company/rent-the-runway,Retail,501-1000,885,Brooklyn,New York,United States,aiark+blitz
"Rent-A-Center Franchising International, Inc",rentacenter.com,https://www.rentacenter.com,https://www.linkedin.com/company/colortyme,Retail,10001+,147,Plano,Texas,United States,aiark+blitz
Rental-World Inc,rental-world.com,https://rental-world.com,https://www.linkedin.com/company/rental-world-inc-,Retail,501-1000,7,Landsdales,Pennsylvania,United States,blitz
Republic Golf Club,republicgolfclub.com,https://www.republicgolfclub.com,https://www.linkedin.com/company/republic-golf-club,Food and Beverage Services,10001+,7,Great Falls,South Carolina,United States,blitz
Republic National Distributing Company,rndc-usa.com,http://www.rndc-usa.com,https://www.linkedin.com/company/republic-national-distributing-company,beverage manufacturing,,7205,Grand Prairie,Texas,United States,aiark
Republic Parking System,republicparking.com,http://www.republicparking.com,https://www.linkedin.com/company/republic-parking-system,facilities services,,616,Chattanooga,Tennessee,United States,aiark
Research Chefs Association,culinology.org,https://www.culinology.org,https://www.linkedin.com/company/research-chefs-association,Food and Beverage Services,1001-5000,35,Lexington,Kentucky,United States,blitz
Reser's Fine Foods,resers.com,https://www.resers.com,https://www.linkedin.com/company/reser's-fine-foods,food and beverage manufacturing,,1427,Beaverton,Oregon,United States,aiark
Residence Inn,residenceinnscarborough.com,http://www.residenceinnscarborough.com,https://www.linkedin.com/company/residence-inn,hospitality,,1868,,,United States,aiark
Resident,residenthome.com,http://www.residenthome.com,https://www.linkedin.com/company/residenthome,retail,,602,Tampa,Florida,United States,aiark
Resorts Casino Hotel,resortsac.com,https://www.resortsac.com,https://www.linkedin.com/company/resorts-casino-hotel,Hospitality,1001-5000,478,Atlantic City,New Jersey,United States,blitz
Resorts World Las Vegas,rwlasvegas.com,http://www.rwlasvegas.com,https://www.linkedin.com/company/resortsworldlv,gambling facilities and casinos,,1532,Las Vegas,Nevada,United States,aiark
Resource Plus,resourcep.com,https://www.resourcep.com,https://www.linkedin.com/company/resource-plus,Retail,501-1000,267,Jacksonville,Florida,United States,blitz
Restaurant Associates,restaurantassociates.com,http://www.restaurantassociates.com,https://www.linkedin.com/company/restaurant-associates,food and beverage services,,11464,New York,New York,United States,aiark
Restaurant Brands International,rbi.com,https://www.rbi.com,https://www.linkedin.com/company/restaurant-brands-international,Food and Beverage Services,5001-10000,9380,Toronto,Ontario,Canada,aiark+blitz
"Restaurant Growth Services, Llc",restaurantgrowthservices.com,https://www.restaurantgrowthservices.com,https://www.linkedin.com/company/restaurant-growth-services-llc,Restaurants,10001+,92,Nashville,Tennessee,United States,blitz
Restaurant Normandin,restaurantnormandin.com,http://www.restaurantnormandin.com,https://www.linkedin.com/company/restaurant-normandin,restaurants,,537,Québec,Québec,Canada,aiark
"Restaurant Services, Inc.",rsiweb.com,http://www.rsiweb.com,https://www.linkedin.com/company/restaurant-services-inc.,food and beverage services,,611,Miami,Florida,United States,aiark
Restaurant Technologies,rti-inc.com,https://www.rti-inc.com,https://www.linkedin.com/company/restaurant-technologies-inc-,Food and Beverage Services,1001-5000,1434,Mendota Heights,Minnesota,United States,aiark+blitz
Restaurant.com,restaurant.com,http://www.Restaurant.com,https://www.linkedin.com/company/restaurant-com,restaurants,,3334,Arlington Heights,Illinois,United States,aiark
Restaurant365,restaurant365.com,http://www.restaurant365.com,https://www.linkedin.com/company/restaurant365-cloud-erp-for-restaurants,software development,,3968,Irvine,California,United States,aiark
Restore Hyper Wellness,restore.com,http://www.restore.com,https://www.linkedin.com/company/restore-hyperwellness-cryotherapy,wellness and fitness services,,1523,Austin,Texas,United States,aiark
ResultsCX,resultscx.com,https://resultscx.com,https://www.linkedin.com/company/resultscx,outsourcing and offshoring consulting,,15277,Norristown,Pennsylvania,United States,aiark
Retail Concepts,sunandski.com,https://jobs.sunandski.com,https://www.linkedin.com/company/retail-concepts,Retail,501-1000,177,Houston,Texas,United States,blitz
Retail Industry Leaders Association (RILA),rila.org,http://www.rila.org,https://www.linkedin.com/company/retail-industry-leaders-association-rila,retail,,589,Washington,District Of Columbia,United States,aiark
"Retail Merchandising Services, Inc.",rmservicing.com,http://www.rmservicing.com,https://www.linkedin.com/company/retail-merchandising-services,retail,,810,Brooklyn Park,Minnesota,United States,aiark
Retail Merchandising Solutions Inc,rmsicorp.com,https://www.rmsicorp.com,https://www.linkedin.com/company/retail-merchandising-solutions-inc.,Retail,1001-5000,166,Livermore,California,United States,blitz
Retail Options,retail-options.com,http://www.retail-options.com,https://www.linkedin.com/company/retail-options,retail,,648,Phoenix,Arizona,United States,aiark
Retirement Unlimited Inc,rui.net,https://www.rui.net/careers,https://www.linkedin.com/company/retirement-unlimited-inc,Hospitality,1001-5000,251,Roanoke,Virginia,United States,blitz
Revelyst,revelyst.com,https://www.revelyst.com,https://www.linkedin.com/company/revelyst,retail,,2178,Anoka,Minnesota,United States,aiark
Revolution Foods,revolutionfoods.com,https://www.revolutionfoods.com,https://www.linkedin.com/company/revolution-foods,Food and Beverage Services,1001-5000,427,Los Angeles,California,United States,blitz
REVOLVE,revolve.com,http://www.REVOLVE.com,https://www.linkedin.com/company/revolve-,retail apparel and fashion,,1234,Cerritos,California,United States,aiark
Rewards Network,rewardsnetwork.com,https://www.rewardsnetwork.com,https://www.linkedin.com/company/rewards-network,financial services,,752,Chicago,Illinois,United States,aiark
Rexall Pharmacy Group Ltd.,rexall.ca,https://www.rexall.ca,https://www.linkedin.com/company/rexall,Retail,5001-10000,4610,Mississauga,Ontario,Canada,aiark+blitz
Reyes Beverage Group,reyesbeveragegroup.com,https://reyesbeveragegroup.com,https://www.linkedin.com/company/reyes-beverage-group,food and beverage services,,2105,Chicago,Illinois,United States,aiark
Reyes Coca-Cola Bottling,reyescocacola.com,http://www.reyescocacola.com,https://www.linkedin.com/company/reyes-coca-cola-bottling,food and beverage services,,3513,Niles,Illinois,United States,aiark
Reyes Holdings,reyesholdings.com,https://www.reyesholdings.com,https://www.linkedin.com/company/reyes-holdings,Food and Beverage Services,10001+,8253,Rosemont,Illinois,United States,aiark+blitz
Reynolds Consumer Products,reynoldsconsumerproducts.com,http://www.ReynoldsConsumerProducts.com,https://www.linkedin.com/company/reynolds-consumer-products-inc,manufacturing,,2606,Lake Forest,Illinois,United States,aiark
RGIS,rgis.com,https://www.rgis.com,https://www.linkedin.com/company/rgis,retail,,12446,Michigan,,United States,aiark
Rhodes Convenience Stores,rhodes101.com,https://www.rhodes101.com,https://www.linkedin.com/company/rhodesconveniencestores,Retail,501-1000,104,Cape Girardeau,Missouri,United States,blitz
"Rhw Management, Inc",rhwhotels.com,https://www.rhwhotels.com,https://www.linkedin.com/company/rhw-management-inc.,Hospitality,501-1000,55,Overland Park,Kansas,United States,blitz
Ria Money Transfer,riamoneytransfer.com,http://www.riamoneytransfer.com,https://www.linkedin.com/company/ria-financial,financial services,,4350,Buena Park,California,United States,aiark
RibCrib,ribcrib.com,https://franchise.ribcrib.com,https://www.linkedin.com/company/ribcrib,restaurants,,629,Tulsa,Oklahoma,United States,aiark
"Riceland Foods, Inc.",riceland.com,http://www.riceland.com,https://www.linkedin.com/company/ricelandfoodsinc,food and beverage manufacturing,,888,Stuttgart,Arkansas,United States,aiark
Rich Products Corporation,richs.com,http://www.richs.com,https://www.linkedin.com/company/richproducts,food and beverage manufacturing,,6088,Buffalo,New York,United States,aiark
Richard Sandoval Hospitality,richardsandoval.com,https://www.richardsandoval.com,https://www.linkedin.com/company/richard-sandoval-hospitality,Hospitality,501-1000,157,Denver,Colorado,United States,blitz
Richardson International,richardson.ca,http://www.richardson.ca,https://www.linkedin.com/company/richardson-international,food and beverage manufacturing,,1115,Winnipeg,Manitoba,Canada,aiark
Ricker Oil Company,rickers.net,https://www.rickers.net,https://www.linkedin.com/company/ricker-oil-company,Retail,501-1000,122,Anderson,Indiana,United States,blitz
Riddell,riddell.com,http://hootbio.com/riddellsports,https://www.linkedin.com/company/riddell,retail,,764,Des Plaines,Illinois,United States,aiark
RideNow Powersports,ridenow.com,https://www.ridenow.com,https://www.linkedin.com/company/ridenow-powersports,Retail,1001-5000,792,Chandler,Arizona,United States,aiark+blitz
Ridleys Market,shopridleys.com,http://shopridleys.com,https://www.linkedin.com/company/ridleys-market,pharmaceutical manufacturing,,521,Boise,Idaho,United States,aiark
Rio Grande,riogrande.com,http://www.riogrande.com,https://www.linkedin.com/company/rio-grande-a-berkshire-hathaway-company,retail luxury goods and jewelry,,631,Albuquerque,New Mexico,United States,aiark
Rio Grande Mexican Restaurants,riograndemexican.com,https://www.riograndemexican.com,https://www.linkedin.com/company/rio-grande-mexican-restaurants,Restaurants,501-1000,223,Fort Collins,Colorado,United States,blitz
Rio Ranch Markets,rioranchmarket.com,https://www.rioranchmarket.com,https://www.linkedin.com/company/rio-ranch-markets,Retail,501-1000,72,Fontana,California,United States,blitz
RIO TINTO ALCAN INCORPORATION,,,https://www.linkedin.com/company/rio-tinto-alcan-incorporation,retail,,537,Montreal Quebec,,Canada,aiark
RIS,risdc.com,http://www.risdc.com,https://www.linkedin.com/company/ris_3,restaurants,,667,Washington,District Of Columbia,United States,aiark
Rise Baking Company,risebakingcompany.com,http://www.risebakingcompany.com,https://www.linkedin.com/company/rise-baking-company,food and beverage manufacturing,,923,Minneapolis,Minnesota,United States,aiark
Rita's Italian Ice,ritasice.com,http://www.ritasice.com,https://www.linkedin.com/company/rita's-italian-ice,food and beverage services,,2336,Greater Philadelphia,Pennsylvania,United States,aiark
Rite Aid,riteaid.com,https://www.riteaid.com,https://www.linkedin.com/company/riteaid,Retail,10001+,28846,Philadelphia,Pennsylvania,United States,aiark+blitz
RiteRug Flooring,riterug.com,https://www.riterug.com,https://www.linkedin.com/company/rite-rug,retail,,714,Whitehall,Ohio,United States,aiark
River Country Co-Op,rivercountrycoop.com,https://www.rivercountrycoop.com,https://www.linkedin.com/company/rivercountryco-op,Retail,501-1000,99,Chippewa Falls,Wisconsin,United States,blitz
Rivers Casino & The Landing Hotel Pittsburgh,riverscasino.com,http://www.riverscasino.com/Pittsburgh,https://www.linkedin.com/company/rivers-casino,hospitality,,844,Pittsburgh,Pennsylvania,United States,aiark
Riverside Healthcare,riversidehealthcare.org,http://www.riversidehealthcare.org,https://www.linkedin.com/company/riversidemc,hospitals and health care,,1513,Kankakee,Illinois,United States,aiark
Riverside Natural Foods Ltd. (Home of MadeGood),riversidenaturalfoods.com,https://riversidenaturalfoods.com,https://www.linkedin.com/company/riverside-natural-foods-ltd-,food and beverage manufacturing,,523,Toronto,Ontario,Canada,aiark
Riviana Foods Inc. - USA,riviana.com,http://www.riviana.com,https://www.linkedin.com/company/riviana-foods-inc.-usa,food and beverage manufacturing,,571,,,United States,aiark
Rmh Franchise Corporation,rmhfranchise.com,https://www.rmhfranchise.com,https://www.linkedin.com/company/rmh-franchise-corporation,Restaurants,5001-10000,235,Lincoln,Nebraska,United States,blitz
Road Ranger,roadrangerusa.com,http://www.roadrangerusa.com,https://www.linkedin.com/company/roadranger,retail,,540,Schaumburg,Illinois,United States,aiark
Robbins Research International,tonyrobbins.com,http://www.tonyrobbins.com,https://www.linkedin.com/company/robbins-research-international,professional training and coaching,,511,San Diego,California,United States,aiark
Robinson Fresh,robinsonfresh.com,https://www.robinsonfresh.com,https://www.linkedin.com/company/robinson-fresh,Food and Beverage Services,1001-5000,306,Eden Prairie,Minnesota,United States,blitz
Rocco\'s Tacos And Tequila Bar,roccostacos.com,https://www.roccostacos.com,https://www.linkedin.com/company/roccostacosandtequilabar,Restaurants,501-1000,300,West Palm Beach,Florida,United States,blitz
Roche Bros. Supermarkets,rochebros.com,https://www.rochebros.com,https://www.linkedin.com/company/roche-bros.-supermarkets,Retail,5001-10000,1178,Mansfield,Massachusetts,United States,aiark+blitz
Rock \'n\' Horse Saloon,rocknhorsesaloon.com,https://rocknhorsesaloon.com,https://www.linkedin.com/company/rock-'n'-horse-saloon,Restaurants,10001+,,Toronto,Ontario,Canada,blitz
Rock Bottom Restaurant & Brewery,rockbottom.com,https://www.rockbottom.com,https://www.linkedin.com/company/rock-bottom-restaurant-&-brewery,Restaurants,501-1000,487,Denver,Colorado,United States,blitz
"Rockler Companies, Inc",rockler.com,https://www.rockler.com,https://www.linkedin.com/company/rockler-companies-inc.,Retail,501-1000,255,Medina,Minnesota,United States,blitz
RockTenn,westrock.com,http://www.westrock.com,https://www.linkedin.com/company/smurfit-stone-1,packaging and containers manufacturing,,2425,Norcross,Georgia,United States,aiark
"Rocky Brands, Inc.",rockybrands.com,https://linktr.ee/rockybrandsinc,https://www.linkedin.com/company/rocky-brands-inc-,retail apparel and fashion,,504,Nelsonville,Ohio,United States,aiark
Rocky Mountain,bikes.com,http://www.bikes.com,https://www.linkedin.com/company/rocky-mountain-bicycles,retail,,1293,Saint-georges De Beauce,Quebec,Canada,aiark
Rocky Mountain Chocolate Factory,rmcf.com,http://www.rmcf.com,https://www.linkedin.com/company/rockymountainchocolatefactory,food and beverage manufacturing,,646,Durango,Colorado,United States,aiark
"Roedel Companies, Llc",roedelcompanies.com,https://www.roedelcompanies.com,https://www.linkedin.com/company/roedel-companies-llc,Hospitality,501-1000,59,Wilton,New Hampshire,United States,blitz
Rogue Fitness,roguefitness.com,http://www.roguefitness.com,https://www.linkedin.com/company/rogue-fitness,retail,,528,Columbus,Ohio,United States,aiark
"Romacorp, Inc",tonyromas.com,https://tonyromas.com,https://www.linkedin.com/company/romacorp-inc-,Restaurants,5001-10000,1101,Florida,Florida,United States,aiark+blitz
Romano's Macaroni Grill,macaronigrill.com,http://macaronigrill.com,https://www.linkedin.com/company/romano's-macaroni-grill,restaurants,,1503,Denver,Colorado,United States,aiark
Romulus Restaurant Group,romulusinc.com,https://www.romulusinc.com,https://www.linkedin.com/company/romulus-restaurants,Restaurants,5001-10000,133,Phoenix,Arizona,United States,blitz
RONA,ronainc.ca,https://www.ronainc.ca,https://www.linkedin.com/company/rona,retail,,8596,Boucherville,Québec,Canada,aiark
"RoNetco Supermarkets, Inc. ShopRite",shoprite.com,https://www.shoprite.com,https://www.linkedin.com/company/ronetco-supermarkets-inc-shoprite,Retail,1001-5000,371,Ledgewood,New Jersey,United States,aiark+blitz
Room & Board,roomandboard.com,http://www.roomandboard.com/careers,https://www.linkedin.com/company/room-&-board,retail,,813,Minneapolis,Minnesota,United States,aiark
Rooms To Go,roomstogo.com,https://www.roomstogo.com,https://www.linkedin.com/company/rooms-to-go,furniture and home furnishings manufacturing,,5055,Seffner,Florida,United States,aiark
Roosters We Be Wings Franchise,roosterswings.com,https://www.roosterswings.com,https://www.linkedin.com/company/we-be-wings-llc,Restaurants,501-1000,901,Chillicothe,Ohio,United States,aiark+blitz
Roots,roots.com,http://www.roots.com,https://www.linkedin.com/company/roots,retail apparel and fashion,,2305,Toronto,On,Canada,aiark
Rosati's Pizza,myrosatisfranchising.com,http://www.myrosatisfranchising.com,https://www.linkedin.com/company/rosati's-pizza,restaurants,,821,,,United States,aiark
Rose Acre Farms,goodegg.com,http://goodegg.com,https://www.linkedin.com/company/rose-acre-farms,food and beverage manufacturing,,698,Seymour,Indiana,United States,aiark
Rosebud Restaurant Group,rosebudrestaurants.com,https://www.rosebudrestaurants.com,https://www.linkedin.com/company/rosebud-restaurants-inc-,Hospitality,501-1000,127,Chicago,Illinois,United States,blitz
Rosen Hotels & Resorts,rosenhotels.com,https://www.rosenhotels.com,https://www.linkedin.com/company/rosen-hotels-&-resorts,Hospitality,1001-5000,971,Orlando,Florida,United States,aiark+blitz
Rosen Plaza,clarionplaza.com,https://www.rosenplaza.com,https://www.linkedin.com/company/rosen-plaza,Hospitality,1001-5000,45,Orlando,Florida,United States,blitz
Rosen Shingle Creek,rosenshinglecreek.com,https://www.rosenshinglecreek.com,https://www.linkedin.com/company/rosen-shingle-creek,Hospitality,1001-5000,375,Orlando,Florida,United States,blitz
Roses Discount Store,,,https://www.linkedin.com/company/roses-discount-store,retail,,604,West Mifflin,Pennsylvania,United States,aiark
Rosewood Sand Hill,rosewoodhotels.com,http://www.rosewoodhotels.com/en/sandhill,https://www.linkedin.com/company/rosewood-sand-hill,hospitality,,518,Menlo Park,California,United States,aiark
Roskam Foods,roskamfoods.com,http://roskamfoods.com,https://www.linkedin.com/company/roskam-foods,food and beverage manufacturing,,754,Grand Rapids,Michigan,United States,aiark
"Ross Stores, Inc.",rossstores.com,https://jobs.rossstores.com,https://www.linkedin.com/company/ross-stores,Retail,10001+,43763,Dublin,California,United States,aiark+blitz
Round Table Pizza,roundtablepizza.com,https://www.roundtablepizza.com,https://www.linkedin.com/company/round-table-pizza,Restaurants,1001-5000,2462,Atlanta,Georgia,United States,aiark+blitz
Round The Table Hospitality,rtthospitality.com,https://www.rtthospitality.com,https://www.linkedin.com/company/round-the-table-hospitality,Hospitality,501-1000,280,Chicago,Illinois,United States,blitz
Rouses Markets,rouses.com,https://www.rouses.com,https://www.linkedin.com/company/rouses-supermarkets,Retail,5001-10000,2602,Thibodaux,Louisiana,United States,aiark+blitz
Roy\'s Hawaiian Fusion Cuisine,roysrestaurant.com,https://www.roysrestaurant.com,https://www.linkedin.com/company/roy's-hawaiian-fusion-cuisine,Restaurants,1001-5000,444,Dallas,Texas,United States,blitz
Royal Caribbean International,royalcaribbean.com,http://www.royalcaribbean.com,https://www.linkedin.com/company/royal-caribbean-international,travel arrangements,,9560,Miami,Florida,United States,aiark
Royal Carribbean,,,https://www.linkedin.com/company/royal-carribbean,food and beverage manufacturing,,506,Miami,Florida,United States,aiark
"Royal Cup, Inc.",royalcupcoffee.com,http://www.royalcupcoffee.com,https://www.linkedin.com/company/royal-cup-coffee,food and beverage services,,602,Birmingham,Alabama,United States,aiark
Royal Farms,royalfarms.com,http://www.royalfarms.com,https://www.linkedin.com/company/royal-farms,retail,,2776,Baltimore,Maryland,United States,aiark
Royal Prestige of the bay area Inc.,,,https://www.linkedin.com/company/royal-prestige-of-the-bay-area-inc,retail,,538,San Jose,California,United States,aiark
Rpm Pizza,rpmpizza.com,https://www.rpmpizza.com,https://www.linkedin.com/company/rpmpizza,Restaurants,1001-5000,279,Gulfport,Mississippi,United States,blitz
RS,rstpm.com,http://www.rstpm.com,https://www.linkedin.com/company/rs,retail office equipment,,1318,,,United States,aiark
RS Americas,rs-online.com,https://us.rs-online.com,https://www.linkedin.com/company/rs-americas,automation machinery manufacturing,,571,Fort Worth,Texas,United States,aiark
RSI,americanwoodmark.com,https://americanwoodmark.com,https://www.linkedin.com/company/woodmark,retail,,959,,,United States,aiark
RTC,rtc.com,https://www.rtc.com,https://www.linkedin.com/company/rtc,Retail,501-1000,2678,Rolling Meadows,Illinois,United States,aiark+blitz
Rubio's Restaurant Group,rubios.com,https://www.rubios.com,https://www.linkedin.com/company/rubios-coastal-grill,restaurants,,1333,Carlsbad,California,United States,aiark
Ruby Tuesday,rubytuesday.com,http://www.rubytuesday.com,https://www.linkedin.com/company/ruby-tuesday,restaurants,,8695,,,United States,aiark
"Rudy's ""Country Store""​ and Bar-B-Q",rudysbbq.com,http://Rudys.com,https://www.linkedin.com/company/rudysbbq,restaurants,,614,Austin,Texas,United States,aiark
Rudy\'s Barbershop,rudysbarbershop.com,https://rudysbarbershop.com,https://www.linkedin.com/company/rudy's-barbershop,Retail,501-1000,231,Seattle,Washington,United States,blitz
Rudy\'s Country Store And Bar-B-Q,rudys.com,https://rudys.com,https://www.linkedin.com/company/rudysbbq,Restaurants,1001-5000,628,Austin,Texas,United States,blitz
Rue Gilt Groupe,ruegiltgroupe.com,https://careers.ruegiltgroupe.com,https://www.linkedin.com/company/rue-gilt-groupe,retail,,639,Boston,Massachusetts,United States,aiark
Rue21,rue21.com,https://www.rue21.com,https://www.linkedin.com/company/rue21,Retail,10001+,5585,Warrendale,Pennsylvania,United States,aiark+blitz
Ruiz Foods,ruizfoods.com,https://ruizfoods.com,https://www.linkedin.com/company/ruiz-foods,food and beverage manufacturing,,1311,Frisco,Texas,United States,aiark
Runnings,runnings.com,http://www.runnings.com,https://www.linkedin.com/company/runnings,retail,,799,Marshall,Minnesota,United States,aiark
Runza Restaurants,runza.com,https://www.runza.com,https://www.linkedin.com/company/runza-restaurants,restaurants,,519,Lincoln,Nebraska,United States,aiark
Rural King,rktalent.com,http://www.RKtalent.com,https://www.linkedin.com/company/ruralking,retail,,4315,,,United States,aiark
Russell Stover Chocolates,russellstover.com,http://www.russellstover.com,https://www.linkedin.com/company/russell-stover-chocolates,food and beverage manufacturing,,966,Kansas City,Missouri,United States,aiark
Ruth's Chris Steak House,ruthschris.com,https://ruthschris.com/careers,https://www.linkedin.com/company/ruth's-chris-steak-house,Restaurants,1001-5000,4619,Winter Park,Florida,United States,aiark+blitz
Ruth\'s Hospitality Group,rhgi.com,https://www.rhgi.com,https://www.linkedin.com/company/ruth's-hospitality-group-inc.-,Hospitality,5001-10000,82,Winter Park,Florida,United States,blitz
Rutter's,rutters.com,http://www.rutters.com,https://www.linkedin.com/company/rutter's,retail,,970,York,Pennsylvania,United States,aiark
RW&CO,rw-co.com,http://www.rw-co.com,https://www.linkedin.com/company/rw-co,retail,,701,Montréal,Québec,Canada,aiark
Rōti,roti.com,http://www.roti.com,https://www.linkedin.com/company/roti-hq,restaurants,,584,Atlanta,Georgia,United States,aiark
S & K Sales Co.,sksales.com,http://www.sksales.com,https://www.linkedin.com/company/s-&-k-sales-co.,manufacturing,,2437,Virginia Beach,Virginia,United States,aiark
S&S Activewear,ssactivewear.com,https://www.ssactivewear.com/about/careers,https://www.linkedin.com/company/s&s-activewear,retail apparel and fashion,,1335,Bolingbrook,Illinois,United States,aiark
SAADIA,saadia.com,https://saadia.com,https://www.linkedin.com/company/saadia,retail,,2075,New York,New York,United States,aiark
Sabert Corporation,sabert.eu,http://www.sabert.com,https://www.linkedin.com/company/sabert-corporation,packaging and containers manufacturing,,884,Sayreville,New Jersey,United States,aiark
Sabra Dipping Company,sabra.com,https://www.sabra.com,https://www.linkedin.com/company/sabra-dipping-company-llc,Food and Beverage Services,501-1000,428,White Plains,New York,United States,blitz
Saddlebrook Resort,saddlebrook.com,https://www.saddlebrook.com,https://www.linkedin.com/company/saddlebrook-resort,Hospitality,501-1000,226,Wesley Chapel,Florida,United States,blitz
Safari Hospitality,safarihospitality.com,https://safarihospitality.com,https://www.linkedin.com/company/safari-hospitality,Hospitality,501-1000,115,Cedar City,Utah,United States,blitz
Safariland,safariland.com,http://www.safariland.com,https://www.linkedin.com/company/safariland,manufacturing,,760,Jacksonville,Florida,United States,aiark
Safeology,safeology.com,https://safeology.com,https://www.linkedin.com/company/safeology%e2%84%a2,Hospitality,501-1000,4,Everett,Washington,United States,blitz
Safeway,safeway.com,http://www.safeway.com,https://www.linkedin.com/company/safeway,retail,,53358,,,United States,aiark
Safford Automotive Group,saffordauto.com,https://saffordauto.com,https://www.linkedin.com/company/safford-automotive-group,Retail,1001-5000,81,Fredericksburg,Virginia,United States,blitz
SAGE Dining Services,sagedining.com,https://www.sagedining.com,https://www.linkedin.com/company/sage-dining-services-inc-,Food and Beverage Services,1001-5000,1346,Lutherville,Maryland,United States,aiark+blitz
Sage Hospitality Group,sagehospitalitygroup.com,https://www.sagehospitalitygroup.com,https://www.linkedin.com/company/sage-hospitality-group,hospitality,,1630,Denver,Colorado,United States,aiark
SAHARA Las Vegas,saharalasvegas.com,https://www.saharalasvegas.com,https://www.linkedin.com/company/saharalasvegas,hospitality,,671,Las Vegas,Nevada,United States,aiark
SAIL,sail.ca,http://sail.ca,https://www.linkedin.com/company/sailpleinairoutdoors,retail,,1178,Laval,Quebec,Canada,aiark
Saje Natural Wellness,saje.com,http://www.saje.ca,https://www.linkedin.com/company/saje-natural-wellness,wellness and fitness services,,545,Vancouver,British Columbia,Canada,aiark
"Sakata Seed America, Inc.",sakatavegetables.com,http://www.sakata.com,https://www.linkedin.com/company/sakata-seed-america-inc,wholesale,,537,Woodland,California,United States,aiark
Saks Fifth Avenue Stores (SFA),careersatsfa.com,https://www.careersatsfa.com,https://www.linkedin.com/company/saksfifthavenuestores,retail apparel and fashion,,597,New York,New York,United States,aiark
Saks Global,saksfifthavenue.com,https://www.saksglobal.com,https://www.linkedin.com/company/saks-com,retail apparel and fashion,,23180,New York,New York,United States,aiark
Saks OFF 5TH,saksoff5th.com,http://www.saksoff5th.com,https://www.linkedin.com/company/saksoff5th,retail apparel and fashion,,1684,New York,New York,United States,aiark
Sal\'s Pizza,sals-pizza.com,https://www.sals-pizza.com,https://www.linkedin.com/company/salspizzaofficial,Restaurants,501-1000,397,Lawrence,Massachusetts,United States,blitz
Salad and Go,saladandgo.com,http://saladandgo.com,https://www.linkedin.com/company/salad-and-go,restaurants,,833,Dallas,Texas,United States,aiark
Saladworks,saladworks.com,http://www.saladworks.com,https://www.linkedin.com/company/saladworks,food and beverage services,,536,St. Petersburg,Florida,United States,aiark
Salata,salata.com,http://www.salata.com,https://www.linkedin.com/company/salata---the-next-generation-salad-bar,restaurants,,600,Houston,Texas,United States,aiark
Salgados,,,https://www.linkedin.com/company/salgados,restaurants,,593,Belton,Texas,United States,aiark
Sally Beauty,sallybeautyholdings.com,https://www.sallybeautyholdings.com/contact-us,https://www.linkedin.com/company/sally-beauty,Retail,10001+,20,Denton,Texas,United States,blitz
Sally Beauty,sallybeauty.com,http://www.sallybeauty.com,https://www.linkedin.com/company/sally-beauty-company,retail,,12259,Denton,Texas,United States,aiark
Salon Services Pro,salonservicespro.com,http://www.salonservicespro.com,https://www.linkedin.com/company/salonservicespro,personal care product manufacturing,,1641,Auburn,Washington,United States,aiark
Saltgrass Steak House,saltgrass.com,https://www.saltgrass.com,https://www.linkedin.com/company/saltgrass-steak-house,Hospitality,10001+,2048,Houston,Texas,United States,aiark+blitz
Sam Ash Music,samash.com,http://www.samash.com,https://www.linkedin.com/company/legacy-music-1924,retail,,693,Hicksville,New York,United States,aiark
Sam's Club,samsclub.com,http://www.samsclub.com,https://www.linkedin.com/company/sam's-club,retail,,48949,Bentonville,Arkansas,United States,aiark
SAMBAZON,sambazon.com,http://www.sambazon.com,https://www.linkedin.com/company/sambazon,food and beverage manufacturing,,604,San Clemente,California,United States,aiark
"Samco Enterprises, Inc",samcoenterprisesinc.com,https://www.samcoenterprisesinc.com,https://www.linkedin.com/company/samco-enterprises,Hospitality,501-1000,43,Chicago,Illinois,United States,blitz
San Antonio,,,https://www.linkedin.com/company/courtyard-by-marriott-seaworld-san-antonio-texas,hospitality,,985,San Antonio,Texas,United States,aiark
San Antonio Shoemakers Sas,sasshoes.com,https://sasshoes.com,https://www.linkedin.com/company/san-antonio-shoemakers,Retail,1001-5000,341,San Antonio,Texas,United States,blitz
Sanderson Farms,waynesandersonfarms.com,https://waynesandersonfarms.com,https://www.linkedin.com/company/sanderson-farms,food and beverage manufacturing,,4594,Oakwood,Georgia,United States,aiark
"Sandestin Investments, Llc",sandestin.com,https://sandestin.com,https://www.linkedin.com/company/sandestin-investments-llc,Hospitality,501-1000,3,Destin,Florida,United States,blitz
Sandman Hotel Group,sandmanhotels.com,https://www.sandmanhotels.com,https://www.linkedin.com/company/sandman-hotel-group,hospitality,,882,Vancouver,British Columbia,Canada,aiark
Sani Professional®,saniprofessional.com,https://saniprofessional.com,https://www.linkedin.com/company/sani-professional,Food and Beverage Services,501-1000,28,Woodcliff Lake,New Jersey,United States,blitz
SanMar,sanmar.com,http://www.sanmar.com,https://www.linkedin.com/company/sanmar,retail apparel and fashion,,3424,Issaquah,Washington,United States,aiark
Santander US,santanderus.com,http://www.santanderus.com,https://www.linkedin.com/company/santander-us,financial services,,1015,Boston,Massachusetts,United States,aiark
Sapporo-Stone Brewing,sapporobeer.com,http://www.sapporobeer.com,https://www.linkedin.com/company/sapporo-stonebrewing,food and beverage services,,741,Escondido,California,United States,aiark
Saputo Inc.,saputo.com,http://www.saputo.com,https://www.linkedin.com/company/saputo,food and beverage manufacturing,,7825,Montreal,Quebec,Canada,aiark
Sara Lee Frozen Bakery,saraleefrozenbakery.com,http://saraleefrozenbakery.com,https://www.linkedin.com/company/sara-lee-frozen-bakery,food and beverage manufacturing,,648,Oakbrook Terrace,Illinois,United States,aiark
Sardi\'s Hospitality Group,sardischicken.com,https://sardischicken.com,https://www.linkedin.com/company/sardi-s-hospitality-group,Restaurants,501-1000,53,Beltsville,Maryland,United States,blitz
Sargento,sargento.com,https://careers.sargento.com,https://www.linkedin.com/company/sargento,food and beverage manufacturing,,1402,Plymouth,Wisconsin,United States,aiark
SAS Retail Services,sasretail.com,https://www.sasretail.com,https://www.linkedin.com/company/sasretailservices,Retail,10001+,5700,Orange,California,United States,aiark+blitz
SASR Workforce Solutions,sasrlink.com,http://www.sasrlink.com,https://www.linkedin.com/company/sasr-workforce-solutions,business consulting and services,,1082,Cary,North Carolina,United States,aiark
Save A Lot,savealot.com,http://www.savealot.com,https://www.linkedin.com/company/save-a-lot,food and beverage manufacturing,,7465,St Ann,Missouri,United States,aiark
Save-On-Foods,saveonfoods.com,http://www.saveonfoods.com,https://www.linkedin.com/company/overwaitea-save-on-foods,retail,,6138,Langley,Bc,Canada,aiark
"Saver Group, Inc",savergroup.com,https://www.savergroup.com,https://www.linkedin.com/company/saver-group-inc,Retail,501-1000,118,Campbellsville,Kentucky,United States,blitz
Savers | Value Village,savers.com,https://www.savers.com,https://www.linkedin.com/company/saversvaluevillage,Retail,10001+,8699,Bellevue,Washington,United States,aiark+blitz
Sawgrass Marriott Golf Resort & Spa,sawgrassmarriott.com,https://www.sawgrassmarriott.com,https://www.linkedin.com/company/sawgrass-marriott,Hospitality,501-1000,149,Ponte Vedra Beach,Florida,United States,blitz
Sazerac Company,sazerac.com,https://www.sazerac.com,https://www.linkedin.com/company/sazerac,beverage manufacturing,,2433,Louisville,Kentucky,United States,aiark
Sbarro,sbarro.com,http://www.sbarro.com,https://www.linkedin.com/company/sbarro,restaurants,,1982,Columbus,Ohio,United States,aiark
sbe Lifestyle Hospitality,sbe.com,https://sbe.com,https://www.linkedin.com/company/sbe-entertainment,Hospitality,1001-5000,1087,Beverly Hills,California,United States,aiark+blitz
Scheels,scheels.com,https://www.scheels.com/careers.html,https://www.linkedin.com/company/scheels,retail,,4352,Fargo,North Dakota,United States,aiark
Schlotzsky's,schlotzskys.com,http://www.schlotzskys.com,https://www.linkedin.com/company/schlotzskys,restaurants,,1758,Atlanta,Georgia,United States,aiark
"Schnuck Markets, Inc.",schnucks.com,http://www.schnucks.com,https://www.linkedin.com/company/schnuck-markets-inc-,retail,,4015,,,United States,aiark
Scholl's Wellness Company,scholl.co.uk,http://www.scholl.co.uk/home,https://www.linkedin.com/company/scholl’s-wellness-company,retail,,766,New Jersey,,United States,aiark
School Basics,schoolbasics.com,http://www.SchoolBasics.com,https://www.linkedin.com/company/schoolbasics,retail,,3462,Jamaica,New York,United States,aiark
Schreiber Foods,schreiberfoods.com,http://www.schreiberfoods.com,https://www.linkedin.com/company/schreiber-foods,food and beverage manufacturing,,4327,Green Bay,Wisconsin,United States,aiark
Schuff Steel,schuff.com,https://linktr.ee/SchuffSteel,https://www.linkedin.com/company/schuff-steel,construction,,946,Phoenix,Arizona,United States,aiark
Schulte Hospitality Group,schultehotels.com,https://www.schultehotels.com/careers,https://www.linkedin.com/company/schulte-hospitality-group,Hospitality,10001+,986,Louisville,Kentucky,United States,blitz
Schulte Hospitality Group,schultehospitality.com,https://www.schultehotels.com/careers,https://www.linkedin.com/company/schulte-hospitality-group,hospitality,,890,Louisville,Kentucky,United States,aiark
Schurman Retail Group,srgretail.com,https://www.srgretail.com,https://www.linkedin.com/company/schurman-retail-group-american-greetings-carlton-and-papyrus-stores-,Retail,1001-5000,93,Goodlettsville,Tennessee,United States,blitz
Schwan's Company,schwanscompany.com,http://schwanscompany.com,https://www.linkedin.com/company/schwans-company,food and beverage manufacturing,,4830,Marshall,Minnesota,United States,aiark
Scooter's Coffee,scooterscoffee.com,https://www.scooterscoffee.com,https://www.linkedin.com/company/scooters-coffee,food and beverage services,,4551,Omaha,Nebraska,United States,aiark
"Scott Enterprises, Erie PA.",visitscott.com,https://www.visitscott.com,https://www.linkedin.com/company/scott-enterprises-erie-pa,Hospitality,1001-5000,159,Erie,Pennsylvania,United States,blitz
Scotto Brothers,scottobrothers.com,https://www.scottobrothers.com,https://www.linkedin.com/company/scotto-brothers,Hospitality,1001-5000,54,Woodbury,New York,United States,blitz
Scottsdale Golf Group,scottsdalegolfgroup.com,https://scottsdalegolfgroup.com,https://www.linkedin.com/company/scottsdale-golf-group,Hospitality,501-1000,38,Scottsdale,Arizona,United States,blitz
Scotty\'s Brewhouse,scottysbrewhouse.com,https://www.scottysbrewhouse.com,https://www.linkedin.com/company/scotty's-brewhouse-inc.,Restaurants,1001-5000,177,Indianapolis,Indiana,United States,blitz
SCP,wearescp.com,http://wearescp.com,https://www.linkedin.com/company/wearescp,retail apparel and fashion,,972,Chicago,Illinois,United States,aiark
SCRAP,scrap-sf.org,http://www.scrap-sf.org,https://www.linkedin.com/company/scrap,retail art supplies,,708,San Francisco,California,United States,aiark
Scrubs & Beyond,scrubsandbeyond.com,https://www.scrubsandbeyond.com,https://www.linkedin.com/company/scrubs-&-beyond,Retail,501-1000,361,Scottsdale,Arizona,United States,blitz
SCS,spartancomputer.com,http://spartancomputer.com,https://www.linkedin.com/company/scs_4,hospitality,,615,,,United States,aiark
Sculpture Hospitality,sculpturehospitality.com,http://www.sculpturehospitality.com,https://www.linkedin.com/company/sculpturehospitality,hospitality,,509,Toronto,Ontario,Canada,aiark
"Sd Holdings, Llc",sdholdingsllc.com,https://www.sdholdingsllc.com,https://www.linkedin.com/company/sd-holdings-llc,Restaurants,1001-5000,15,Matthews,North Carolina,United States,blitz
Sea Breeze,seabreezesyrups.com,http://www.seabreezesyrups.com,https://www.linkedin.com/company/sea-breeze,food and beverage services,,501,Towaco,New Jersey,United States,aiark
Sea Island Company,seaisland.com,https://www.seaisland.com,https://www.linkedin.com/company/sea-island-company,Hospitality,1001-5000,1531,Sea,Georgia,United States,aiark+blitz
Seaboard Foods,seaboardfoods.com,http://www.seaboardfoods.com,https://www.linkedin.com/company/seaboard-foods,food and beverage manufacturing,,2225,Merriam,Kansas,United States,aiark
Seaboard Triumph Foods,seaboardtriumphfoods.com,http://www.seaboardtriumphfoods.com,https://www.linkedin.com/company/seaboardtriumphfoods,food and beverage manufacturing,,747,Sioux City,Iowa,United States,aiark
Seacret Direct,seacretdirect.com,https://www.seacretdirect.com,https://www.linkedin.com/company/seacret-direct,Retail,501-1000,863,Scottsdale,Arizona,United States,aiark+blitz
Sealed Air Corporation,sealedair.com,http://www.sealedair.com,https://www.linkedin.com/company/sealed-air-corporation,packaging and containers manufacturing,,12911,Charlotte,North Carolina,United States,aiark
Sears,sears.com,https://jobs.sears.com,https://www.linkedin.com/company/transformcohq,Retail,10001+,30820,Hoffman Estates,Illinois,United States,aiark+blitz
Sears,brassring.com,https://bit.ly/3UZDRRX,https://www.linkedin.com/company/sears,retail,,27169,Chicago,Illinois,United States,aiark
Sears Canada,sears.ca,https://www.sears.ca,https://www.linkedin.com/company/sears-canada,Retail,10001+,3996,Toronto,Ontario,Canada,aiark+blitz
"Sears Hometown And Outlet Stores, Inc",shos.com,https://www.shos.com,https://www.linkedin.com/company/sears-hometown-and-outlet-stores-inc-,Retail,1001-5000,509,Hoffman Estates,Illinois,United States,aiark+blitz
"Sears Outlet Stores, Llc",searsoutlet.com,https://www.searsoutlet.com,https://www.linkedin.com/company/sears-outlet-stores-llc,Retail,10001+,496,Hoffman Estates,Illinois,United States,blitz
Seasons 52 Restaurant,seasons52.com,https://www.seasons52.com,https://www.linkedin.com/company/seasons-52-restaurant,Restaurants,501-1000,1258,Orlando,Florida,United States,aiark+blitz
Seattle Children's,seattlechildrens.org,http://www.seattlechildrens.org,https://www.linkedin.com/company/seattle-childrens,hospitals and health care,,8709,Seattle,Washington,United States,aiark
Seaworld San Antonio,seaworld.com,https://seaworld.com/san-antonio,https://www.linkedin.com/company/seaworld-san-antonio,Hospitality,1001-5000,299,San Antonio,Texas,United States,blitz
Second Cup,secondcup.com,http://www.secondcup.com,https://www.linkedin.com/company/second-cup,food and beverage services,,1115,Mississauga,Ontario,Canada,aiark
Sedano's Supermarket,sedanos.com,http://www.sedanos.com,https://www.linkedin.com/company/sedano's-supermarket,retail groceries,,551,,,United States,aiark
Sedona Taphouse,sedonataphouse.com,https://sedonataphouse.com,https://www.linkedin.com/company/sedonataphouse,Restaurants,501-1000,386,Richmond,Virginia,United States,blitz
See's Candies,sees.com,https://sees.wd1.myworkdayjobs.com/Sees_Candies,https://www.linkedin.com/company/sees-candies,retail,,1740,,,United States,aiark
SEI,sei.com,https://www.sei.com,https://www.linkedin.com/company/systemsevolutioninc-,business consulting and services,,713,Cincinnati,Ohio,United States,aiark
"Sei Aaron\'s, Inc",seiaarons.com,https://www.seiaarons.com,https://www.linkedin.com/company/sei-aaron's-sales-&-lease-ownership,Retail,501-1000,90,East Hartford,Connecticut,United States,blitz
Self-Employed,grahamkandiah.com,http://www.grahamkandiah.com,https://www.linkedin.com/company/self-employed_1084,retail apparel and fashion,,7682,,,United States,aiark
Seller / Buyer at ETSY.COM,vnterprises.etsy.com,http://vnterprises.etsy.com,https://www.linkedin.com/company/seller-buyer-at-etsy.com,retail,,546,,,United States,aiark
Seminole Hard Rock Support Services,icims.com,https://shrss-seminole.icims.com/jobs/intro?hashed=-435737845&mobile=false&width=1170&height=500&bga=true&needsRedirect=false&jan1offset=-300&jun1offset=-240,https://www.linkedin.com/company/shrss,hospitality,,673,Davie,Florida,United States,aiark
Sendik's Food Market,sendikscareers.com,https://jobs.sendiks.com,https://www.linkedin.com/company/sendik's-food-market,retail,,841,Milwaukee,Wisconsin,United States,aiark
Seneca Foods Corporation,senecafoods.com,http://www.senecafoods.com,https://www.linkedin.com/company/seneca-foods-corporation,food and beverage manufacturing,,1804,Fairport,New York,United States,aiark
Seneca Gaming Corporation,senecacasinos.com,http://www.SenecaCasinos.com,https://www.linkedin.com/company/seneca-gaming-corporation,gambling facilities and casinos,,937,Niagara Falls,New York,United States,aiark
Sensient Technologies Corporation,sensient.com,http://www.sensient.com,https://www.linkedin.com/company/sensient,food and beverage manufacturing,,3084,Milwaukee,Wisconsin,United States,aiark
"Sephora USA, Inc.",sephorausa.com,http://sephorausa.com,https://www.linkedin.com/company/sephora-usa-inc.,retail,,515,san francisco,california,united states,aiark
Sequel Youth and Family Services,sequelyouthservices.com,http://www.sequelyouthservices.com,https://www.linkedin.com/company/sequel-youth-&-family-services,individual and family services,,511,Addison,Texas,United States,aiark
Serafina Restaurant Group,serafinarestaurant.com,https://www.serafinarestaurant.com,https://www.linkedin.com/company/serafina-restaurant-group,Restaurants,1001-5000,170,New York,New York,United States,blitz
Serena & Lily,serenaandlily.com,http://www.serenaandlily.com,https://www.linkedin.com/company/serena-&-lily,retail,,520,Sausalito,California,United States,aiark
Serg Restaurant Group,serggroup.com,https://www.serggroup.com,https://www.linkedin.com/company/serg-restaurant-group,Restaurants,1001-5000,101,Hilton Head Island,South Carolina,United States,blitz
Serv-U-Success,serv-u-success.com,https://www.serv-u-success.com,https://www.linkedin.com/company/serv-u-success,Retail,1001-5000,742,Grandville,Michigan,United States,aiark+blitz
Servco Pacific Inc.,servco.com,https://www.servco.com,https://www.linkedin.com/company/servco-pacific-inc,Retail,1001-5000,553,Honolulu,Hawaii,United States,aiark+blitz
Service Merchandise,servicemerchandise.com,https://www.servicemerchandise.com,https://www.linkedin.com/company/service-merchandise,Retail,10001+,175,,Online,United States,blitz
Services Group Of America,servicesgroupofamerica.com,https://www.servicesgroupofamerica.com,https://www.linkedin.com/company/services-group-of-america,Food and Beverage Services,1001-5000,33,Scottsdale,Arizona,United States,blitz
Seven Springs Mountain Resort,7springs.com,https://www.7springs.com,https://www.linkedin.com/company/seven-springs-mountain-rsort,Hospitality,1001-5000,330,Seven Springs,Pennsylvania,United States,blitz
Sexx University,sexxuniversity.com,http://www.sexxuniversity.com,https://www.linkedin.com/company/sexx-university,retail,,506,Los Angeles,California,United States,aiark
SFE- Southwest Foodservice Excellence,sfellc.com,https://roanoke.communityvotes.com,https://www.linkedin.com/company/sfe-southwest-foodservice-excellence,food and beverage manufacturing,,838,Scottsdale,Arizona,United States,aiark
Shake Shack,shakeshack.com,https://careers.shakeshack.com,https://www.linkedin.com/company/shakeshack,Hospitality,5001-10000,7834,New York,New York,United States,aiark+blitz
Shake Smart,shakesmart.com,http://www.shakesmart.com,https://www.linkedin.com/company/shake-smart,food and beverage services,,575,San Diego,California,United States,aiark
Shakey\'s Usa,shakeys.com,https://www.shakeys.com,https://www.linkedin.com/company/shakey's-usa,Restaurants,501-1000,495,Alhambra,California,United States,blitz
Shamin Hotels,shaminhotels.com,https://www.shaminhotels.com,https://www.linkedin.com/company/shamin-hotels,Hospitality,1001-5000,374,Richmond,Virginia,United States,blitz
Shamrock Foods Company,shamrockfoods.com,https://jobs.shamrockfoods.com,https://www.linkedin.com/company/shamrock-foods,Food and Beverage Services,5001-10000,3620,Phoenix,Arizona,United States,aiark+blitz
Shane Co.,shaneco.com,http://www.shaneco.com,https://www.linkedin.com/company/shaneco,retail,,1085,Greenwood Village,Colorado,United States,aiark
Shaner Hotels,shanercorp.com,https://www.shanercorp.com,https://www.linkedin.com/company/shaner-hotels,Hospitality,1001-5000,627,State College,Pennsylvania,United States,aiark+blitz
Shanty Creek Resorts,shantycreek.com,https://www.shantycreek.com/careers-at-shanty-creek,https://www.linkedin.com/company/shanty-creek-resorts,Hospitality,501-1000,150,Bellaire,Michigan,United States,blitz
Shari\'s Management Corporation,sharis.com,https://sharis.com,https://www.linkedin.com/company/shari's-corporation,Restaurants,1001-5000,812,Beaverton,Oregon,United States,aiark+blitz
SharkNinja,sharkninja.com,http://www.sharkninja.com,https://www.linkedin.com/company/sharkninja,"appliances, electrical, and electronics manufacturing",,4015,Needham,Massachusetts,United States,aiark
Shaw’s and Star Market,shaws.com,http://www.shaws.com,https://www.linkedin.com/company/shaw’s-star-market,retail,,4336,West Bridgewater,Massachusetts,United States,aiark
Shearer's Foods,shearers.com,http://www.shearers.com,https://www.linkedin.com/company/shearer's-foods-inc-,food and beverage manufacturing,,2153,Massillon,Ohio,United States,aiark
Sheetz,sheetz.com,https://jobs.sheetz.com,https://www.linkedin.com/company/sheetz,Retail,10001+,11215,Altoona,Pennsylvania,United States,aiark+blitz
SHEIN Distribution Corporation,sheingroup.com,https://sheingroup.com,https://www.linkedin.com/company/shein-distribution-corporation,retail apparel and fashion,,1469,Los Angeles,California,United States,aiark
Sheraton Charlotte Airport Hotel,sheratoncharlotte.com,https://sheratoncharlotte.com,https://www.linkedin.com/company/sheraton-charlotte-airport-hotel,Hospitality,10001+,25,Charlotte,North Carolina,United States,blitz
Sheraton Crescent Hotel,sheratoncrescent.com,https://www.sheratoncrescent.com,https://www.linkedin.com/company/sheraton-crescent-hotel,Hospitality,5001-10000,18,Phoenix,Arizona,United States,blitz
Sheraton Hotels & Resorts,sheraton.com,https://www.sheraton.com,https://www.linkedin.com/company/sheraton,Hospitality,1001-5000,21402,Bethesda,Maryland,United States,blitz
Sheraton Milwaukee Brookfield Hotel,sheratonmilwaukeebrookfield.com,https://www.sheratonmilwaukeebrookfield.com,https://www.linkedin.com/company/sheraton-milwaukee-brookfield-hotel,Hospitality,501-1000,20,Brookfield,Wisconsin,United States,blitz
Sheraton Tribeca New York City,sheratontribeca.com,https://www.sheratontribeca.com,https://www.linkedin.com/company/sheraton-tribeca-new-york-city,Hospitality,10001+,21,New York,New York,United States,blitz
Sherwood Food Distributors,sherwoodfoods.com,https://www.sherwoodfoods.com,https://www.linkedin.com/company/sherwood-food-distributors,Food and Beverage Services,1001-5000,437,Detroit,Michigan,United States,blitz
Shiekh Shoes,shiekh.com,https://www.shiekh.com,https://www.linkedin.com/company/sheik-shoes,Retail,1001-5000,177,Ontario,California,United States,blitz
Shiekh Shoes Llc,shiekhshoes.com,https://www.shiekhshoes.com,https://www.linkedin.com/company/shiekh-shoes,Retail,1001-5000,290,Ontario,California,United States,blitz
Shilo Inns Suites Hotels,shiloinns.com,https://www.shiloinns.com,https://www.linkedin.com/company/shilo-inns-suites-hotels,Hospitality,501-1000,373,Portland,Oregon,United States,blitz
Shipley Do-Nuts,shipleydonuts.com,http://www.shipleydonuts.com,https://www.linkedin.com/company/shipley-do-nuts,food and beverage services,,512,Houston,Texas,United States,aiark
Shobha,myshobha.com,http://www.myshobha.com,https://www.linkedin.com/company/shobha,retail,,798,Gaithersburg,Maryland,United States,aiark
"Shoe Carnival, Inc.",shoecarnival.com,https://www.shoecarnival.com,https://www.linkedin.com/company/shoe-carnival,Retail,5001-10000,3335,Fort Mill,South Carolina,United States,aiark+blitz
Shoe Palace,shoepalace.com,http://www.shoepalace.com,https://www.linkedin.com/company/shoe-palace,retail,,2002,Morgan Hill,California,United States,aiark
"Shoe Sensation, Inc.",shoesensation.com,https://www.shoesensation.com,https://www.linkedin.com/company/shoe-sensation-inc.,Retail,1001-5000,853,Jeffersonville,Indiana,United States,aiark+blitz
"SHOE SHOW, INC.",shoeshowmega.com,https://www.shoeshowmega.com,https://www.linkedin.com/company/shoe-show,Retail,10001+,3138,Concord,North Carolina,United States,aiark+blitz
Shoe Station,shoestation.com,https://www.shoestation.com,https://www.linkedin.com/company/shoe-station,Retail,5001-10000,406,Fort Mill,South Carolina,United States,blitz
"Shoney\'s Of Knoxville, Inc",shoneysknox.com,https://shoneysknox.com,https://www.linkedin.com/company/shoney's-of-knoxville-inc.,Restaurants,501-1000,25,Knoxville,Tennessee,United States,blitz
Shoney\'s Restaurants & Franchising,shoneys.com,https://www.shoneys.com/franchise,https://www.linkedin.com/company/shoney's,Restaurants,5001-10000,641,Nashville,Tennessee,United States,aiark+blitz
Shop At Home Network,,,https://www.linkedin.com/company/shop-at-home-network,retail,,1601,,,United States,aiark
Shop N Save Supermarket,shopnsavefood.com,http://www.shopnsavefood.com,https://www.linkedin.com/company/shop-n-save-supermarket,retail,,780,Du Bois,Pennsylvania,United States,aiark
SHOP.COM,shop.com,http://www.shop.com,https://www.linkedin.com/company/shop.com,manufacturing,,3652,Greensboro,North Carolina,United States,aiark
Shopbop,shopbop.com,http://www.shopbop.com,https://www.linkedin.com/company/shopbop,retail,,761,Madison,Wisconsin,United States,aiark
ShopHQ,shophq.com,http://www.shophq.com,https://www.linkedin.com/company/shop-hq,retail,,539,New York,New York,United States,aiark
Shoppers Drug Mart,shoppersdrugmart.ca,https://www.shoppersdrugmart.ca,https://www.linkedin.com/company/shoppers-drug-mart,Retail,1001-5000,33319,Toronto,Ontario,Canada,aiark+blitz
Shoppers World,shoppersworldusa.com,https://www.shoppersworldusa.com,https://www.linkedin.com/company/shoppers-world,Retail,1001-5000,524,New York,New York,United States,aiark+blitz
Showroom,theshowroom.io,http://www.theshowroom.io,https://www.linkedin.com/company/theshowroom,retail apparel and fashion,,878,New York,,United States,aiark
Shrimp Basket,shrimpbasket.com,https://www.shrimpbasket.com,https://www.linkedin.com/company/shrimpbasket,Restaurants,501-1000,369,Gulf Shores,Alabama,United States,blitz
"SHRW, LLC",starwoodhotels.com,https://www.marriott.com,https://www.linkedin.com/company/shrw,hospitality,,10148,Stamford,Connecticut,United States,aiark
Shutterfly,shutterflyinc.com,https://www.shutterflyinc.com,https://www.linkedin.com/company/shutterfly,Retail,10001+,8632,San Jose,California,United States,aiark+blitz
Sierra,sierra.com,https://www.sierra.com,https://www.linkedin.com/company/sierra-trading-post,retail,,1724,Cheyenne,Wyoming,United States,aiark
Sierra Nevada Brewing Co.,sierranevada.com,http://www.sierranevada.com/careers,https://www.linkedin.com/company/sierra-nevada-brewing-co-,food and beverage services,,772,Chico,California,United States,aiark
Signarama,links.signarama.com,https://links.signarama.com,https://www.linkedin.com/company/signarama,retail,,1530,West Palm Beach,Florida,United States,aiark
Signature Retail Services,sigretail.com,https://sigretail.com,https://www.linkedin.com/company/signature-retail-services,Retail,1001-5000,346,Aurora,Illinois,United States,blitz
Signet Jewelers,signetjewelers.com,http://www.signetjewelers.com,https://www.linkedin.com/company/signetjewelers,retail,,7496,Akron,Ohio,United States,aiark
Silgan Containers,silgancontainers.com,https://silgancontainers.com,https://www.linkedin.com/company/silgan-containers,packaging and containers manufacturing,,1812,Woodland Hills,California,United States,aiark
Silpada Designs,silpada.com,http://silpada.com,https://www.linkedin.com/company/silpada-designs,retail luxury goods and jewelry,,2042,Lenexa,Kansas,United States,aiark
Silver Eagle Beverages,silvereaglebeverages.com,https://www.silvereaglebeverages.com,https://www.linkedin.com/company/silvereaglebeverages,Food and Beverage Services,501-1000,143,San Antonio,Texas,United States,blitz
"Silver Eagle Distributors Houston, LLC",silvereagle.com,https://silvereagle.com,https://www.linkedin.com/company/silver-eagle-distributors,Food and Beverage Services,1001-5000,691,Houston,Texas,United States,aiark+blitz
Silver Hotel Group,silverhotelgroup.com,https://www.silverhotelgroup.com,https://www.linkedin.com/company/silver-hotel-group,Hospitality,1001-5000,141,Mississauga,Ontario,Canada,blitz
Silver Legacy Resort Casino,silverlegacyreno.com,https://www.silverlegacyreno.com,https://www.linkedin.com/company/silver-legacy-resort-casino,Hospitality,1001-5000,,Reno,Nevada,United States,blitz
Simba,simbaline.com,https://Simbaline.com,https://www.linkedin.com/company/simbaline,wholesale,,551,Oxnard,California,United States,aiark
Simmons Bedding Company,beautyrest.com,http://www.Beautyrest.com,https://www.linkedin.com/company/simmons-bedding-company,manufacturing,,774,Atlanta,Georgia,United States,aiark
Simmons Foods,simmonsfoods.com,https://simmonsfoods.com,https://www.linkedin.com/company/simmonsfoods,Food and Beverage Services,5001-10000,3982,Siloam Springs,Arkansas,United States,aiark+blitz
Simmons Pet Food,simmonspetfood.com,https://simmonspetfood.com,https://www.linkedin.com/company/simmons-pet-food,food and beverage manufacturing,,550,Siloam Springs,Arkansas,United States,aiark
Simon Property Group,simon.com,https://business.simon.com,https://www.linkedin.com/company/simon-property-group,real estate,,3815,Indianapolis,Indiana,United States,aiark
Simplot Company,simplot.com,http://www.simplot.com,https://www.linkedin.com/company/simplot-company,food and beverage manufacturing,,5652,Boise,Idaho,United States,aiark
Sina Hospitality,sinahospitality.com,https://www.sinahospitality.com,https://www.linkedin.com/company/sina-hospitality,Hospitality,1001-5000,66,Richmond,Virginia,United States,blitz
Singer Equipment Company,singerequipment.com,https://linktr.ee/SingerEquipmentCo,https://www.linkedin.com/company/singerequipment,wholesale,,680,Elverson,Pennsylvania,United States,aiark
Sir Royalty Income Fund,sircorp.com,https://sircorp.com,https://www.linkedin.com/company/sir-royalty-income-fund,Restaurants,1001-5000,3,Burlington,,Canada,aiark+blitz
Sixty Hotels,sixtyhotels.com,https://www.sixtyhotels.com,https://www.linkedin.com/company/sixty-hotels,Hospitality,501-1000,60,,New York,United States,blitz
Sizzler Usa,sizzler.com,https://www.sizzler.com,https://www.linkedin.com/company/sizzler-usa,Restaurants,1001-5000,724,Mission Viejo,California,United States,aiark+blitz
"Sizzling Platter, LLC",sizzlingplatter.com,https://www.sizzlingplatter.com,https://www.linkedin.com/company/sizzling-platter-llc,Restaurants,10001+,981,Salt Lake City,Utah,United States,aiark+blitz
SK Food Group Inc,skfoodgroup.com,http://www.skfoodgroup.com,https://www.linkedin.com/company/sk-food-group-inc,food and beverage manufacturing,,536,Phoenix,Arizona,United States,aiark
Skechers,skechers.com,https://about.skechers.com/careers,https://www.linkedin.com/company/skechers,Retail,10001+,16304,Manhattan Beach,California,United States,aiark+blitz
SKIMS,skims.com,https://skims.com,https://www.linkedin.com/company/skimsbody,retail apparel and fashion,,1520,Culver City,California,United States,aiark
Skip,skipthedishes.com,http://www.SkipCanada.com,https://www.linkedin.com/company/skipthedishes,software development,,2445,Winnipeg,Manitoba,Canada,aiark
Sky Zone,skyzone.com,http://www.skyzone.com,https://www.linkedin.com/company/skyzoneactiveentertainment,recreational facilities,,2416,Provo,Utah,United States,aiark
Skyline Chili,skylinechili.com,http://skylinechili.com,https://www.linkedin.com/company/skyline-chili,food and beverage services,,1777,Fairfield,,United States,aiark
Sleeman Breweries Ltd.,sleemanbreweries.ca,http://www.sleemanbreweries.com,https://www.linkedin.com/company/sleeman-breweries-ltd.,food and beverage services,,683,Guelph,Ontario,Canada,aiark
Sleep Country Canada,sleepcountry.ca,https://www.sleepcountry.ca,https://www.linkedin.com/company/sleep-country-canada,Retail,1001-5000,1007,Brampton,Ontario,Canada,aiark+blitz
Sleep Inn,sleepinnportcharlotte.com,https://www.choicehotels.com/sleep-inn,https://www.linkedin.com/company/sleepinn,hospitality,,1538,Rockville,Maryland,United States,aiark
Sleep Number Corporation,sleepnumber.com,https://careers.sleepnumber.com,https://www.linkedin.com/company/sleep-number-corporation,Retail,1001-5000,3620,Minneapolis,Minnesota,United States,aiark+blitz
"Sleepy\'s, The Mattress Professionals",sleepys.com,https://www.sleepys.com,https://www.linkedin.com/company/sleepy's,Retail,1001-5000,643,Hicksville,New York,United States,blitz
Slim Chickens,slimchickens.com,http://www.slimchickens.com,https://www.linkedin.com/company/slim-chickens,restaurants,,2421,Fayetteville,Arkansas,United States,aiark
Slumberland Furniture,slumberland.com,http://www.slumberland.com,https://www.linkedin.com/company/slumberland-furniture,furniture and home furnishings manufacturing,,754,Oakdale,Minnesota,United States,aiark
Small Business Owner,patriciaavenue.com,http://www.PatriciaAvenue.com,https://www.linkedin.com/company/small-business-owner,retail,,3892,,,United States,aiark
Smart & Final,smartandfinal.com,https://www.smartandfinal.com,https://www.linkedin.com/company/smart-and-final,Retail,10001+,4480,,Commerce,United States,aiark+blitz
SmartStyle Salons,smartstyle.com,http://www.jobs.smartstyle.com,https://www.linkedin.com/company/smartstyle-salon,retail,,1372,Minneapolis,Minnesota,United States,aiark
Smashburger,smashburger.com,http://www.smashburger.com,https://www.linkedin.com/company/smashburger,restaurants,,2354,Denver,Colorado,United States,aiark
SMG,smgcatering.com,http://smgcatering.com,https://www.linkedin.com/company/smg_2,food and beverage services,,2301,,,United States,aiark
Smith,smithmade.org,https://www.smithmade.org,https://www.linkedin.com/company/smth,Hospitality,501-1000,972,Asbury Park,New Jersey,United States,aiark+blitz
Smith & Wesson,smith-wesson.com,https://www.smith-wesson.com,https://www.linkedin.com/company/smith-&-wesson,Retail,1001-5000,1373,Maryville,Tennessee,United States,aiark+blitz
"Smith & Wollensky Restaurant Group, Inc.",smithandwollensky.com,https://www.smithandwollensky.com,https://www.linkedin.com/company/smith-&-wollensky,Restaurants,1001-5000,429,Boston,Massachusetts,United States,blitz
Smith's Food & Drug Centers,smithsfoodanddrug.com,http://www.smithsfoodanddrug.com,https://www.linkedin.com/company/smith's-food-&-drug,retail,,4934,,,United States,aiark
Smithfield Foods,smithfieldfoods.com,http://www.smithfieldfoods.com/giwwd,https://www.linkedin.com/company/smithfield-foods,food and beverage manufacturing,,10491,Smithfield,Virginia,United States,aiark
Smiths Connectors,smithsconnectors.com,https://smithsconnectors.com,https://www.linkedin.com/company/smiths-connectors,Retail,1001-5000,10,Kansas City,Kansas,United States,blitz
Smokey Bones,smokeybones.com,https://www.smokeybones.com,https://www.linkedin.com/company/smokey-bones-bar-&-fire-grill,Restaurants,1001-5000,1369,Plantation,Florida,United States,aiark+blitz
Smoothie King (SKFI),smoothieking.com,http://www.smoothieking.com,https://www.linkedin.com/company/smoothie-king,restaurants,,6035,Dallas,Texas,United States,aiark
SMS International Shore Operations,smscruises.com,https://www.smscruises.com,https://www.linkedin.com/company/sms-international-shore-operations,Hospitality,1001-5000,540,Miami,Florida,United States,aiark+blitz
Snooze,snoozeeatery.com,https://www.snoozeeatery.com,https://www.linkedin.com/company/eatsnooze,Restaurants,1001-5000,1014,Denver,Colorado,United States,aiark+blitz
Soaring Eagle Casino & Resort,soaringeaglewaterpark.com,https://www.soaringeaglewaterpark.com,https://www.linkedin.com/company/soaring-eagle-casino-&-resort,Hospitality,1001-5000,315,Mt Pleasant,Michigan,United States,blitz
Sobeys,sobeyscareers.com,https://www.sobeyscareers.com,https://www.linkedin.com/company/sobeys,Retail,10001+,17811,Stellarton,Nova Scotia,Canada,aiark+blitz
Société de transport de Montréal,stm.info,http://www.stm.info,https://www.linkedin.com/company/societedetransportdemontreal,truck transportation,,3757,Montréal,Quebec,Canada,aiark
Sodel Concepts,sodelconcepts.com,https://www.sodelconcepts.com,https://www.linkedin.com/company/sodel-concepts,Restaurants,501-1000,200,Rehoboth Beach,Delaware,United States,blitz
SodexoMagic,sodexomagic.com,http://sodexomagic.com,https://www.linkedin.com/company/sodexomagic,consumer services,,774,Beverly Hills,California,United States,aiark
Sofar Sounds,sofarsounds.com,http://www.sofarsounds.com,https://www.linkedin.com/company/sofarsounds,events services,,719,New York,New York,United States,aiark
Sofina Foods Canada,sofinafoods.com,http://www.sofinafoods.com,https://www.linkedin.com/company/sofina-foods-inc-,food and beverage manufacturing,,1880,Markham,Ontario,Canada,aiark
Softmoc,softmoc.com,https://www.softmoc.com,https://www.linkedin.com/company/softmoc,Retail,1001-5000,1004,Whitby,Ontario,Canada,aiark+blitz
SoftServe,softserveinc.com,https://www.softserveinc.com,https://www.linkedin.com/company/softserve,it services and it consulting,,10348,Austin,Texas,United States,aiark
Softura,softura.com,https://www.softura.com,https://www.linkedin.com/company/softura,software development,,543,Farmington Hills,Michigan,United States,aiark
Software Advice,softwareadvice.com,https://www.softwareadvice.com,https://www.linkedin.com/company/software-advice,information services,,541,Westlake Hills,Texas,United States,aiark
Soil and Water Conservation,nylica.com,http://www.nylica.com,https://www.linkedin.com/company/soil-and-water-conservation,food and beverage manufacturing,,1405,Batavia,New York,United States,aiark
Sol de Janeiro,soldejaneiro.com,http://soldejaneiro.com,https://www.linkedin.com/company/sol-de-janeiro-body-care,retail,,552,New York,New York,United States,aiark
Soma,soma.com,http://www.soma.com,https://www.linkedin.com/company/soma-intimates,retail,,1940,Fort Myers,Florida,United States,aiark
Sonder Inc,sonder.com,https://www.sonder.com,https://www.linkedin.com/company/sonder-inc,Hospitality,1001-5000,644,San Francisco,California,United States,aiark+blitz
Sonesta International Hotels,sonesta.com,https://www.sonesta.com,https://www.linkedin.com/company/sonesta-hotels,Hospitality,10001+,3558,Newton,Massachusetts,United States,aiark+blitz
SONIC,sonicdrivein.com,https://www.sonicdrivein.com,https://www.linkedin.com/company/sonic-drive-in,Restaurants,10001+,1663,Atlanta,Georgia,United States,aiark+blitz
Sonic Automotive,sonicautomotive.com,http://www.sonicautomotive.com,https://www.linkedin.com/company/sonic-automotive,motor vehicle manufacturing,,2394,Charlotte,North Carolina,United States,aiark
"SONIFI Solutions, Inc.",sonifi.com,https://www.sonifi.com,https://www.linkedin.com/company/sonifi,Hospitality,501-1000,702,Sioux Falls,South Dakota,United States,aiark+blitz
Sonny's BBQ,sonnysbbq.com,http://www.sonnysbbq.com,https://www.linkedin.com/company/sonnysbbq,restaurants,,1889,Winter Park,Florida,United States,aiark
Sotheby's,sothebys.com,http://www.sothebys.com,https://www.linkedin.com/company/sothebys,artists and writers,,3032,New York,New York,United States,aiark
Souper Salad,soupersalad.com,https://www.soupersalad.com,https://www.linkedin.com/company/souper-salad,Restaurants,501-1000,123,Dallas,Texas,United States,blitz
SourceHOV,exelatech.com,http://www.exelatech.com,https://www.linkedin.com/company/sourcehov,it services and it consulting,,1711,Irving,Texas,United States,aiark
South Bay Galleria,southbaygalleria.com,https://www.southbaygalleria.com,https://www.linkedin.com/company/south-bay-galleria,Retail,1001-5000,1,Redondo Beach,,United States,blitz
South Riding Inn,southridinginn.com,https://southridinginn.com,https://www.linkedin.com/company/south-riding-inn,Hospitality,10001+,9,,,United States,blitz
Southeastern Grocers,segrocers.com,http://WinnDixie.com,https://www.linkedin.com/company/segrocers,retail,,1267,Jacksonville,Florida,United States,aiark
"Southern Foodservice Management, Inc.",southernfoodservice.com,https://www.southernfoodservice.com,https://www.linkedin.com/company/southern-foodservice-management,Food and Beverage Services,1001-5000,425,Birmingham,Alabama,United States,blitz
Southern Glazer's Wine & Spirits,southernglazers.com,https://www.southernglazers.com/careers,https://www.linkedin.com/company/southern-wine-&-spirits,beverage manufacturing,,17092,Miami,Florida,United States,aiark
Southern Multifoods Llc,smi-tex.com,https://www.smi-tex.com,https://www.linkedin.com/company/southern-multifoods-inc,Food and Beverage Services,1001-5000,103,Jacksonville,Texas,United States,blitz
Southern Nevada Health District,southernnevadahealthdistrict.org,http://www.snhd.info,https://www.linkedin.com/company/southern-nevada-health-district,government administration,,563,Las Vegas,Nevada,United States,aiark
Southern Proper Hospitality Group,sphospitality.com,https://www.sphospitality.com,https://www.linkedin.com/company/southern-proper-hospitality,Hospitality,501-1000,92,Atlanta,Georgia,United States,blitz
Southern Rock Restaurants,southernrockrestaurants.com,https://www.southernrockrestaurants.com,https://www.linkedin.com/company/southernrockrestaurants-mcalistersdeli,Restaurants,5001-10000,211,Franklin,Tennessee,United States,blitz
Southern Tire Mart,stmtires.com,http://stmtires.com,https://www.linkedin.com/company/southerntiremart,motor vehicle manufacturing,,1621,Columbia,Mississippi,United States,aiark
"Southwest Georgia Oil Company, Inc",swgaoil.com,https://swgaoil.com,https://www.linkedin.com/company/southwest-georgia-oil-company-inc.,Retail,1001-5000,154,Bainbridge,Georgia,United States,blitz
Spalding,spalding.com,https://www.spalding.com,https://www.linkedin.com/company/spalding,Retail,501-1000,168,Bowling Green,Kentucky,United States,blitz
Spangles Restaurant,spanglesinc.com,https://www.spanglesinc.com,https://www.linkedin.com/company/spangles-restaurant,Restaurants,501-1000,240,Wichita,Kansas,United States,blitz
SPAR Group,sparinc.com,https://www.sparinc.com,https://www.linkedin.com/company/spar-group-inc.,Retail,5001-10000,3906,Charlotte,North Carolina,United States,aiark+blitz
SPARC Group LLC,sparcgroup.com,http://www.sparcgroup.com,https://www.linkedin.com/company/sparc-group-llc,retail apparel and fashion,,23741,New York,,United States,aiark
Spareparts,sparepartslife.com,http://www.sparepartslife.com,https://www.linkedin.com/company/spareparts,retail,,510,Saskatoon,Saskatchewan,Canada,aiark
Sparrow Health System,sparrow.org,https://www.uofmhealthsparrow.org,https://www.linkedin.com/company/sparrow-health-system,hospitals and health care,,3512,Lansing,Michigan,United States,aiark
SpartanNash,spartannash.com,https://careers.spartannash.com,https://www.linkedin.com/company/spartannash,truck transportation,,4265,Grand Rapids,Michigan,United States,aiark
SPB Hospitality,spbhospitality.com,https://SPBHospitality.com,https://www.linkedin.com/company/spb-hospitality,restaurants,,9141,Houston,Texas,United States,aiark
Spec's Liquor,specsonline.com,http://www.specsonline.com,https://www.linkedin.com/company/spec's-liquor,graphic design,,752,Houston,Texas,United States,aiark
Specialized Bicycle Components,specialized.com,https://www.specialized.com,https://www.linkedin.com/company/specialized-bicycle-components,Retail,1001-5000,2514,Morgan Hill,California,United States,aiark+blitz
Specialty Restaurants,specialtyrestaurants.com,https://www.specialtyrestaurants.com,https://www.linkedin.com/company/specialty-restaurant-corporation,Hospitality,1001-5000,251,Costa Mesa,California,United States,blitz
Specialty\'s Cafe & Bakery,specialtys.com,https://www.specialtys.com,https://www.linkedin.com/company/specialty's-cafe-&-bakery,Restaurants,1001-5000,267,Pleasanton,California,United States,blitz
Specs Liqour,yelp.ie,http://www.yelp.com/biz/specs-liquor-lubbock,https://www.linkedin.com/company/specs-liqour,retail,,682,Houston,Texas,United States,aiark
Spectra,oakviewgroup.com,https://www.oakviewgroup.com,https://www.linkedin.com/company/spectra-exp,hospitality,,1075,Philadelphia,Pennsylvania,United States,aiark
"Spectrum Catering, Concessions & Events",spectrumconcessions.com,https://www.spectrumconcessions.com,https://www.linkedin.com/company/spectrum-catering-concessions-events,Hospitality,501-1000,185,The Woodlands,Texas,United States,blitz
Speedo,speedo.com,https://us.speedo.com,https://www.linkedin.com/company/speedo,retail apparel and fashion,,794,Cypress,California,United States,aiark
Speedway,speedway.com,https://speedway.com/careers,https://www.linkedin.com/company/speedway,Retail,10001+,19175,Enon,Ohio,United States,aiark+blitz
Spencer's,spencersonline.com,http://SpencersOnline.com,https://www.linkedin.com/company/spencer-gifts,retail,,13210,Egg Harbor Township,New Jersey,United States,aiark
Spi - Software Paradigms International,spi.com,https://www.spi.com,https://www.linkedin.com/company/spi-software-paradigms-international,Retail,1001-5000,259,Atlanta,Georgia,United States,blitz
Spin,wearespin.com,https://www.wearespin.com,https://www.linkedin.com/company/spin-global,Hospitality,501-1000,233,New York,New York,United States,blitz
Spinelli,spinelli.com,https://www.spinelli.com,https://www.linkedin.com/company/spinelli,Retail,501-1000,223,Lachine,Québec,Canada,blitz
Spinnaker Resorts,spinnakerresorts.com,https://www.spinnakerresorts.com,https://www.linkedin.com/company/spinnaker-resorts,Hospitality,501-1000,315,Hilton Head Island,South Carolina,United States,blitz
Spinx,myspinx.com,https://www.myspinx.com,https://www.linkedin.com/company/the-spinx-co-,Retail,1001-5000,994,Greenville,South Carolina,United States,aiark+blitz
Spire Hospitality,spirehotels.com,https://www.spirehotels.com,https://www.linkedin.com/company/spirehotels,Hospitality,1001-5000,336,Irving,Texas,United States,blitz
Spirit Halloween,spirithalloween.com,http://www.spirithalloween.com,https://www.linkedin.com/company/spirit-halloween,retail,,7415,Egg Harbor Township,New Jersey,United States,aiark
Spooky Nook Sports,spookynooksports.com,https://www.spookynooksports.com,https://www.linkedin.com/company/spooky-nook-sports,Hospitality,501-1000,338,Manheim,Pennsylvania,United States,blitz
Sport Chalet,sportchalet.com,https://www.sportchalet.com,https://www.linkedin.com/company/sport-chalet,Retail,1001-5000,,La Canada-Flintridge,California,United States,blitz
Sport Chalet,ems.com,http://www.sportchalet.com,https://www.linkedin.com/company/sport-chalet,retail,,507,La Canada-flintridge,California,United States,aiark
Sport Chek,canadiantirecareers.com,http://sportchekjobs.com,https://www.linkedin.com/company/sport-chek,retail,,2697,Calgary,Alberta,Canada,aiark
Sporting Life,sportinglife.ca,https://www.sportinglife.ca,https://www.linkedin.com/company/sporting-life,Retail,1001-5000,605,Vaughan,Ontario,Canada,aiark+blitz
Sports Authority,sportsauthority.com,https://www.sportsauthority.com,https://www.linkedin.com/company/sports-authority,Retail,10001+,3455,Englewood,Colorado,United States,aiark+blitz
Sports Basement,sportsbasement.com,https://www.sportsbasement.com,https://www.linkedin.com/company/sportsbasement,Retail,501-1000,429,San Francisco,California,United States,blitz
Sports Endeavors,sportsendeavors.com,https://www.sportsendeavors.com,https://www.linkedin.com/company/sports-endeavors,Retail,501-1000,683,Hillsborough,North Carolina,United States,aiark+blitz
Sports Experts,sportsexperts.ca,https://www.sportsexperts.ca/fr-CA,https://www.linkedin.com/company/sports-expertss,retail,,701,Laval,Quebec,Canada,aiark
Sportsman's Warehouse,sportsmans.com,http://www.sportsmans.com,https://www.linkedin.com/company/sportsman's-warehouse,retail,,2742,West Jordan,Utah,United States,aiark
SpotHopper,spothopperapp.com,http://www.spothopperapp.com,https://www.linkedin.com/company/spothopper,software development,,768,Milwaukee,Wisconsin,United States,aiark
Spreetail,spreetail.com,https://www.spreetail.com,https://www.linkedin.com/company/spreetail,Retail,1001-5000,949,Lincoln,Nebraska,United States,aiark+blitz
Sprouts Farmers Market,sprouts.com,https://sprouts.com,https://www.linkedin.com/company/sprouts-farmers-market,Retail,10001+,15815,Phoenix,Arizona,United States,aiark+blitz
"SPX FLOW, Inc.",spxflow.com,http://www.spxflow.com,https://www.linkedin.com/company/spx-flow,industrial machinery manufacturing,,4165,Charlotte,North Carolina,United States,aiark
SSA Group,thessagroup.com,https://thessagroup.com,https://www.linkedin.com/company/thessagroup,Hospitality,5001-10000,1983,Denver,Colorado,United States,aiark+blitz
SSENSE,ssense.com,https://www.ssense.com,https://www.linkedin.com/company/ssense_2,Retail,501-1000,1423,Montréal,Québec,Canada,aiark+blitz
SSP America,foodtravelexperts.com,http://www.foodtravelexperts.com/america,https://www.linkedin.com/company/ssp-america,food and beverage services,,2669,Ashburn,Virginia,United States,aiark
St Regis Hotel,stregishotel.com,http://stregishotel.com,https://www.linkedin.com/company/st-regis-hotel,hospitality,,793,,,Canada,aiark
St. John Knits,stjohnknits.com,http://www.stjohnknits.com,https://www.linkedin.com/company/st--john-knits,retail luxury goods and jewelry,,515,Newport Beach,California,United States,aiark
St. Regis Hotels & Resorts,stregis.com,http://www.stregis.com,https://www.linkedin.com/company/stregis,hospitality,,3958,New York,New York,United States,aiark
Stage Stores,bealls.com,http://corporate.stage.com,https://www.linkedin.com/company/stage-stores,retail,,2237,Houston,Texas,United States,aiark
Stamford Health,stamfordhealth.org,https://stamfordhealth.org,https://www.linkedin.com/company/stamford-health,hospitals and health care,,2541,Stamford,Connecticut,United States,aiark
Stampin'​ Up!,stampinup.com,http://www.stampinup.com,https://www.linkedin.com/company/stampin'-up,retail,,2122,Riverton,Utah,United States,aiark
"Standard International, Llc",stndintl.com,https://www.stndintl.com,https://www.linkedin.com/company/standardinternationalmanagement,Hospitality,1001-5000,25,New York,New York,United States,blitz
"Standard Sales Company, LP",standardsalescompanylp.com,https://www.standardsalescompanylp.com,https://www.linkedin.com/company/standard-sales-co,Food and Beverage Services,501-1000,299,Odessa,Texas,United States,blitz
"Stanley Black & Decker, Inc.",stanleyblackanddecker.com,http://www.stanleyblackanddecker.com,https://www.linkedin.com/company/stanley-black-decker-inc,manufacturing,,29183,New Britain,Connecticut,United States,aiark
Stanton Optical,stantonoptical.com,http://www.stantonoptical.com,https://www.linkedin.com/company/stanton-optical,retail,,1156,Delray Beach,Florida,United States,aiark
Staples,staplesadvantage.com,http://www.staples.com,https://www.linkedin.com/company/staples,retail office equipment,,32796,Framingham,Massachusetts,United States,aiark
Staples Canada,staples.ca,https://www.staples.ca,https://www.linkedin.com/company/staples-canada,Retail,10001+,4340,Richmond Hill,Ontario,Canada,aiark+blitz
Staples Professional,staplesprofessional.ca,https://www.staplesprofessional.ca,https://www.linkedin.com/company/staplesprofessional,retail office equipment,,722,Mississauga,On,Canada,aiark
Staples Stores,staples.com,https://staples.work/staplestores,https://www.linkedin.com/company/staples-stores,retail office equipment,,1395,Framingham,Massachusetts,United States,aiark
Star Furniture,starfurniture.com,http://www.starfurniture.com,https://www.linkedin.com/company/star-furniture,furniture and home furnishings manufacturing,,526,Houston,Texas,United States,aiark
Starbird,starbirdchicken.com,https://starbirdchicken.com,https://www.linkedin.com/company/starbird,Restaurants,501-1000,140,San Francisco,California,United States,blitz
Starboard Group,starboardcruise.com,https://www.starboardretailgroup.com,https://www.linkedin.com/company/starboardgroup,retail,,1727,Miami,Florida,United States,aiark
"Starcrest Products Of California, Inc",starcrest.com,https://www.starcrest.com,https://www.linkedin.com/company/starcrest-products-of-california-inc.,Retail,501-1000,172,Perris,California,United States,blitz
STARK,starkcarpet.com,http://www.starkcarpet.com,https://www.linkedin.com/company/stark-carpet,retail,,711,New York,New York,United States,aiark
Starr Restaurants,starr-restaurant.com,https://www.starr-restaurant.com,https://www.linkedin.com/company/starr-restaurants,Restaurants,1001-5000,1678,Philadelphia,Pennsylvania,United States,blitz
STARR Restaurants,starr-restaurants.com,http://www.starr-restaurant.com,https://www.linkedin.com/company/starr-restaurants,restaurants,,1645,Philadelphia,Pennsylvania,United States,aiark
Starwood Hotels,shhotelsandresorts.com,https://www.starwoodhotels.com,https://www.linkedin.com/company/starwoodhotels,Hospitality,1001-5000,353,Miami,Florida,United States,blitz
State of Play Hospitality,stateofplay.com,https://www.stateofplay.com,https://www.linkedin.com/company/state-of-play-hospitality,Hospitality,501-1000,86,Chicago,Illinois,United States,blitz
Stater Bros. Markets,staterbros.com,https://www.staterbros.com/careers,https://www.linkedin.com/company/staterbrosmarkets,Retail,10001+,6267,San Bernardino,California,United States,aiark+blitz
Stauffers of Kissel Hill,skh.com,https://www.skh.com,https://www.linkedin.com/company/stauffers-of-kissel-hill,Retail,1001-5000,296,Lititz,Pennsylvania,United States,blitz
Staybridge Suites® Hotels,ihg.com,https://www.ihg.com/staybridge,https://www.linkedin.com/company/staybridge-suites,Hospitality,10001+,2436,Atlanta,Georgia,United States,aiark+blitz
Steak n Shake,steaknshake.com,http://www.steaknshake.com,https://www.linkedin.com/company/steak-n-shake,restaurants,,8510,"Indianapolis, Indiana 46204",(317) 633-4100,United States,aiark
Steamboat Resort,steamboat.com,http://www.steamboat.com,https://www.linkedin.com/company/steamboatresort,travel arrangements,,752,Steamboat Springs,Colorado,United States,aiark
Steelcase,steelcase.com,https://www.steelcase.com,https://www.linkedin.com/company/steelcase,furniture and home furnishings manufacturing,,9391,Grand Rapids,Michigan,United States,aiark
Stein Mart,steinmartjobs.com,https://www.steinmartjobs.com/join-us,https://www.linkedin.com/company/stein-mart,retail,,2170,,,United States,aiark
Stein's Garden & Home,shopsteins.com,https://www.shopsteins.com,https://www.linkedin.com/company/stein-gardens-and-gifts,Retail,501-1000,204,Milwaukee,Wisconsin,United States,blitz
Steinhafels Furniture,steinhafels.com,http://www.steinhafels.com,https://www.linkedin.com/company/steinhafels,retail,,566,Waukesha,Wisconsin,United States,aiark
Stella & Dot,stelladot.com,https://www.stelladot.com,https://www.linkedin.com/company/stelladot,retail apparel and fashion,,1982,Brisbane,California,United States,aiark
Stemilt Growers,stemilt.com,http://www.stemilt.com,https://www.linkedin.com/company/stemilt-growers,food and beverage manufacturing,,575,Wenatchee,Washington,United States,aiark
Stepherson\'s Superlo Foods,superlofoods.com,https://www.superlofoods.com,https://www.linkedin.com/company/superlo-foods,Retail,501-1000,238,Memphis,Tennessee,United States,blitz
Sterling Jewelers,sterlingcareers.com,https://www.sterlingcareers.com,https://www.linkedin.com/company/sterling-jewelers,Retail,10001+,1580,Akron,Ohio,United States,aiark+blitz
Steve Madden,stevemadden.com,http://www.stevemadden.com,https://www.linkedin.com/company/steve-madden,retail,,3332,Long Island City,New York,United States,aiark
Stew Leonard\'s Farm Fresh Food,stewleonards.com,https://www.stewleonards.com,https://www.linkedin.com/company/stew-leonard's,Food and Beverage Services,1001-5000,1045,Norwalk,Connecticut,United States,aiark+blitz
Stewart\'s Shops Corp,stewartsshops.com,https://www.stewartsshops.com,https://www.linkedin.com/company/stewarts-shops-inc.,Retail,1001-5000,1740,Ballston Spa,New York,United States,aiark+blitz
STIIIZY,stiiizy.com,https://www.stiiizy.com,https://www.linkedin.com/company/stiiizy,manufacturing,,783,Los Angeles,California,United States,aiark
"Stine, LLC",stinehome.com,https://www.stinehome.com,https://www.linkedin.com/company/stine-llc,Retail,501-1000,425,Sulphur,Louisiana,United States,blitz
"Stinker Stores, Inc",stinker.com,https://www.stinker.com,https://www.linkedin.com/company/stinker-stores-inc-,Retail,501-1000,409,Boise,Idaho,United States,blitz
Stitch Fix,stitchfix.com,https://stitchfix.com,https://www.linkedin.com/company/stitch-fix,retail apparel and fashion,,4285,San Francisco,California,United States,aiark
Stokes Inc,stokesstores.com,https://www.stokesstores.com,https://www.linkedin.com/company/stokes-inc.,Retail,501-1000,389,Mont-Royal,Québec,Canada,blitz
Stone Brewing,stonebrewing.com,https://www.stonebrewing.com,https://www.linkedin.com/company/stone-brewing,Food and Beverage Services,501-1000,554,Escondido,California,United States,aiark+blitz
Stonebridge,sbcos.com,https://www.sbcos.com,https://www.linkedin.com/company/stonebridgecompanies,Hospitality,10001+,936,Denver,Colorado,United States,aiark+blitz
Stonefire Grill,stonefiregrill.com,https://stonefiregrill.com,https://www.linkedin.com/company/stonefire-grill-inc,Restaurants,1001-5000,270,Pasadena,California,United States,blitz
Stonewood Grill And Tavern,stonewoodgrill.com,https://www.stonewoodgrill.com,https://www.linkedin.com/company/stonewood-grill-and-tavern,Restaurants,501-1000,102,Tampa,,United States,blitz
Stoney Creek Hotels,stoneycreekhotels.com,https://www.stoneycreekhotels.com,https://www.linkedin.com/company/stoney-creek-hospitality-corp-,Hospitality,501-1000,224,Johnston,Iowa,United States,blitz
Stoney River Steakhouse and Grill,stoneyriver.com,https://www.stoneyriver.com,https://www.linkedin.com/company/stoney-river-lengendary-steaks,Hospitality,501-1000,357,Nashville,Tennessee,United States,blitz
Stop & Shop,stopandshop.com,https://stopandshop.com,https://www.linkedin.com/company/stopandshop,Retail,10001+,17964,Quincy,Massachusetts,United States,aiark+blitz
STORE Capital,storecapital.com,https://www.storecapital.com/?utm_source=LinkedIn&utm_medium=Social&utm_campaign=Company+Page,https://www.linkedin.com/company/store-capital,financial services,,525,Scottsdale,Arizona,United States,aiark
StorQuest Self Storage,storquest.com,https://www.storquest.com,https://www.linkedin.com/company/storquest-self-storage,Retail,501-1000,260,Santa Monica,California,United States,blitz
StoryPoint,storypoint.com,https://www.storypoint.com,https://www.linkedin.com/company/storypoint-1440,hospitality,,1056,Brighton,Michigan,United States,aiark
STR,str.com,https://str.com,https://www.linkedin.com/company/str-data,Hospitality,5001-10000,1019,Nashville,Tennessee,United States,aiark+blitz
Strand Hospitality Services,strandhospitality.com,https://www.strandhospitality.com,https://www.linkedin.com/company/strand-development-company-llc,Hospitality,501-1000,119,Myrtle Beach,South Carolina,United States,blitz
Stratas Foods,stratasfoods.com,https://www.stratasfoods.com,https://www.linkedin.com/company/stratas-foods,Food and Beverage Services,501-1000,607,Bartlett,Tennessee,United States,aiark+blitz
Strategic Retail Partners,srpcompanies.com,https://www.srpcompanies.com,https://www.linkedin.com/company/srp-companies,Retail,1001-5000,333,Castle Rock,Colorado,United States,blitz
StretchLab Franchise,stretchlab.com,http://stretchlab.com,https://www.linkedin.com/company/stretchlab,wellness and fitness services,,2305,Irvine,California,United States,aiark
Stride Rite,striderite.com,https://www.striderite.com,https://www.linkedin.com/company/stride-rite,Retail,501-1000,,Waltham,Massachusetts,United States,blitz
Stripes Convenience Stores,stripesstores.com,https://www.stripesstores.com,https://www.linkedin.com/company/stripesconveniencestores,Retail,10001+,2772,Irving,Texas,United States,aiark+blitz
Structural Concepts Corporation,structuralconcepts.com,https://www.structuralconcepts.com,https://www.linkedin.com/company/structural-concepts,Food and Beverage Services,501-1000,273,Muskegon,Michigan,United States,blitz
Stuart Weitzman,stuartweitzman.com,https://www.stuartweitzman.com,https://www.linkedin.com/company/stuart-weitzman-holdings-llc,Retail,501-1000,521,New York,New York,United States,aiark+blitz
Studio88,studio88.club,https://www.studio88.club,https://www.linkedin.com/company/studio88club,retail,,918,New York,,United States,aiark
"Stuller, Inc.",stuller.com,http://stuller.com,https://www.linkedin.com/company/stullerinc,retail luxury goods and jewelry,,1185,Lafayette,Louisiana,United States,aiark
"Sturm Foods, Inc, A Treehouse Foods Company",sturmfoods.com,https://www.sturmfoods.com,https://www.linkedin.com/company/sturm-foods-inc,Food and Beverage Services,501-1000,166,Manawa,,United States,blitz
"Styles For Less, Inc",stylesforless.com,https://www.stylesforless.com,https://www.linkedin.com/company/styles-for-less-inc-,Retail,1001-5000,241,Anaheim,California,United States,blitz
Subway,subway.com,http://www.subway.com,https://www.linkedin.com/company/subway,restaurants,,117633,,,United States,aiark
Subway Franchise Development,subwayfranchise.com,http://www.subwayfranchise.com,https://www.linkedin.com/company/subway-franchise-development,restaurants,,506,milford,connecticut,united states,aiark
Subway Resturants,,,https://www.linkedin.com/company/subway-resturants,retail,,678,Lawrenceville,Georgia,United States,aiark
Sugar Factory LLC.,sugarfactory.com,http://sugarfactory.com,https://www.linkedin.com/company/sugarfactory-llc.,restaurants,,1235,,,United States,aiark
Sugar Foods LLC,sugarfoods.com,http://www.sugarfoods.com,https://www.linkedin.com/company/sugar-foods-corporation,food and beverage manufacturing,,942,New York,New York,United States,aiark
SugarCreek,sugarcreek.com,http://www.sugarcreek.com,https://www.linkedin.com/company/sugar-creek-packing-co-,food and beverage manufacturing,,1006,Blue Ash,Ohio,United States,aiark
SUGARED + BRONZED,sugaredandbronzed.com,https://sugaredandbronzed.com,https://www.linkedin.com/company/sugaredandbronzed,Retail,501-1000,247,Santa Monica,California,United States,blitz
Sullivan\'s Steakhouse,sullivansteakhouse.com,https://www.sullivansteakhouse.com,https://www.linkedin.com/company/sullivan's-steakhouse,Restaurants,501-1000,498,Denver,Colorado,United States,blitz
Summer Shack Restaurant,summershackrestaurant.com,https://www.summershackrestaurant.com,https://www.linkedin.com/company/summer-shack-restaurant,Restaurants,501-1000,48,Cambridge,Massachusetts,United States,blitz
Summit,summitfoodservice.com,https://www.summitfoodservice.com,https://www.linkedin.com/company/summit-food-service-management,Food and Beverage Services,1001-5000,212,Sioux Falls,South Dakota,United States,blitz
"Summit Hospitality Group, Ltd.",summithospitality.com,https://www.summithospitality.com,https://www.linkedin.com/company/summit-hospitality,Hospitality,501-1000,176,Raleigh,North Carolina,United States,blitz
Summit Racing Equipment,summitracing.com,http://www.summitracing.com,https://www.linkedin.com/company/summit-racing-equipment,retail,,873,Tallmadge,Ohio,United States,aiark
Sun Auto Tire & Service,sun.auto,https://www.sun.auto,https://www.linkedin.com/company/sunautotireandservice,retail,,2019,Mesa,Arizona,United States,aiark
Sun Country Airlines,suncountry.com,https://www.suncountry.com,https://www.linkedin.com/company/sun-country-airlines,airlines and aviation,,1810,Minneapolis,Minnesota,United States,aiark
Sun Hill Properties Inc.,sunhillprop.com,https://www.sunhillprop.com,https://www.linkedin.com/company/sun-hill-properties-inc,Hospitality,501-1000,17,Los Angeles,California,United States,blitz
Sun Holdings,sunholdings.net,https://www.sunholdings.net,https://www.linkedin.com/company/cto-sun-holdings,Food and Beverage Services,10001+,287,Dallas,Texas,United States,blitz
Sun Pacific,sunpacific.com,http://www.sunpacific.com,https://www.linkedin.com/company/sun-pacific,food and beverage services,,527,Pasadena,California,United States,aiark
Sun Tan City,suntancity.com,https://www.suntancity.com,https://www.linkedin.com/company/official-sun-tan-city,Retail,5001-10000,1474,Elizabethtown,Kentucky,United States,aiark+blitz
Sun Valley Resort,sunvalley.com,https://www.sunvalley.com/jobs,https://www.linkedin.com/company/sun-valley-resort,Hospitality,1001-5000,796,Sun Valley,Idaho,United States,aiark+blitz
Sunbasket,sunbasket.com,https://www.sunbasket.com,https://www.linkedin.com/company/sun-basket,Food and Beverage Services,1001-5000,284,San Francisco,California,United States,blitz
"Sunbelt Rentals, Inc.",snblt.co,https://snblt.co/2pguznm,https://www.linkedin.com/company/sunbelt-rentals,Retail,10001+,12018,Fort Mill,South Carolina,United States,blitz
"Sunbelt Rentals, Inc.",sunbeltrentals.com,https://snblt.co/2PgUzNM,https://www.linkedin.com/company/sunbelt-rentals,retail,,11572,Fort Mill,South Carolina,United States,aiark
"Sundance Holdings Group, Llc",sundancecatalog.com,https://www.sundancecatalog.com,https://www.linkedin.com/company/sundance-catalog,Retail,501-1000,166,Salt Lake City,Utah,United States,blitz
Sunny Street Cafe,sunnystreetcafe.com,https://sunnystreetcafe.com,https://www.linkedin.com/company/sunnystreetcafe,Restaurants,501-1000,176,Columbus,Ohio,United States,blitz
SunOpta,sunopta.com,http://www.sunopta.com,https://www.linkedin.com/company/sunopta,food and beverage manufacturing,,980,Eden Prairie,Minnesota,United States,aiark
Sunrider International,sunrider.com,http://www.sunrider.com,https://www.linkedin.com/company/sunrider-international,wellness and fitness services,,740,Torrance,California,United States,aiark
Sunset Parking Service,sunsetparking.com,https://www.sunsetparking.com/index.html,https://www.linkedin.com/company/sunset-parking-service,Hospitality,501-1000,30,San Diego,,United States,blitz
Sunshine Restaurant Partners - IHOP,ihopsrp.com,http://ihopsrp.com,https://www.linkedin.com/company/myihopjob,restaurants,,641,Sunrise,Florida,United States,aiark
Sunshine Retirement Living,sunshineretirementliving.com,https://www.sunshineretirementliving.com,https://www.linkedin.com/company/sunshine-retirement-living,Hospitality,1001-5000,361,Bend,Oregon,United States,blitz
Sunsweet Growers Inc.,sunsweet.com,https://sunsweet.com,https://www.linkedin.com/company/sunsweet-growers-inc-,Food and Beverage Services,501-1000,398,Yuba City,California,United States,blitz
Suntory Global Spirits,suntoryglobalspirits.com,http://www.suntoryglobalspirits.com,https://www.linkedin.com/company/suntoryglobalspirits,beverage manufacturing,,5575,New York City,,United States,aiark
Super 1 Foods,,,https://www.linkedin.com/company/super-1-foods,retail groceries,,619,Hope,Arkansas,United States,aiark
Super 8,siouxfallssuper8.com,http://www.siouxfallssuper8.com,https://www.linkedin.com/company/super-8,hospitality,,4387,,,United States,aiark
Super C,superc.ca,http://www.superc.ca,https://www.linkedin.com/company/divison-super-c,retail,,1444,Montréal,Québec,Canada,aiark
Super King Markets,superkingmarkets.com,http://www.superkingmarkets.com,https://www.linkedin.com/company/super-king-markets,retail,,592,Los Angeles,California,United States,aiark
Super Marche,,,https://www.linkedin.com/company/super-marche,retail groceries,,507,Montréal,Quebec,Canada,aiark
Super One Foods,,,https://www.linkedin.com/company/super-one-foods,retail groceries,,697,Park Falls,Wisconsin,United States,aiark
Supercuts,supercuts.com,https://www.supercuts.com,https://www.linkedin.com/company/supercuts,Retail,5001-10000,5812,Minneapolis,Minnesota,United States,aiark+blitz
Superior Grocers,superiorgrocers.com,http://www.superiorgrocers.com,https://www.linkedin.com/company/superior-grocers,retail,,1372,Santa Fe Springs,California,United States,aiark
Supermarket News,supermarketnews.com,http://supermarketnews.com,https://www.linkedin.com/company/supermarketnews,food and beverage services,,2019,New York,New York,United States,aiark
Supermercado El Rey,smrey.com,,https://www.linkedin.com/company/supermercado-el-rey,food and beverage services,,690,Charlotte,North Carolina,United States,aiark
SupplyHouse,supplyhouse.com,http://www.supplyhouse.com,https://www.linkedin.com/company/supplyhouse,retail,,554,Melville,New York,United States,aiark
Support Services Group,supportservicesgroup.co,https://www.supportservicesgroup.co,https://www.linkedin.com/company/s2g-support-services-group,outsourcing and offshoring consulting,,2510,Waco,Texas,United States,aiark
Sur La Table,surlatable.com,http://www.surlatable.com,https://www.linkedin.com/company/sur-la-table,retail,,1509,Seattle,Washington,United States,aiark
Surf Style Retail Management Inc.,surfstyle.com,https://www.surfstyle.com,https://www.linkedin.com/company/surf-style-retail-management-inc-,Retail,1001-5000,296,Hollywood,Florida,United States,blitz
Survey,traxretail.com,https://survey.com,https://www.linkedin.com/company/surveydotcom,it services and it consulting,,856,Boston,Massachusetts,United States,aiark
Sushi Sake,sushisakemiami.com,https://www.sushisakemiami.com,https://www.linkedin.com/company/sushi-sake,Restaurants,501-1000,265,Miami,Florida,United States,blitz
"Sushi Zushi Of Texas, Llc",sushizushi.com,https://www.sushizushi.com,https://www.linkedin.com/company/sushi-zushi-inc.,Restaurants,501-1000,198,San Antonio,Texas,United States,blitz
Sutherlands,sutherlands.com,http://www.sutherlands.com,https://www.linkedin.com/company/sutherlands,wholesale building materials,,519,Kansas City,Missouri,United States,aiark
Sutters Mill Specialties,suttersmill.com,https://www.suttersmill.com,https://www.linkedin.com/company/sutters-mill-specialties,Retail,501-1000,,Tempe,Arizona,United States,blitz
Suzy Shier,suzyshier.com,http://www.suzyshier.com,https://www.linkedin.com/company/suzysuzyshier,retail,,618,Toronto/montreal,,Canada,aiark
SVS Vision,svsvision.com,https://www.svsvision.com,https://www.linkedin.com/company/svs-vision,Retail,501-1000,389,Mount Clemens,Michigan,United States,blitz
Svt.Llc,strackandvantil.com,https://strackandvantil.com,https://www.linkedin.com/company/svt.llc,Retail,1001-5000,95,Highland,Indiana,United States,blitz
"Swanson Health Products, Inc",swansonvitamins.com,https://swansonvitamins.com,https://www.linkedin.com/company/swanson-health-products-inc.,Food and Beverage Services,501-1000,14,Fargo,North Dakota,United States,blitz
Sweet Factory,sweetfactory.com,https://www.sweetfactory.com,https://www.linkedin.com/company/sweet-factory,Retail,1001-5000,182,Orange,California,United States,blitz
Sweetfrog Frozen Yogurt,sweetfrog.com,https://www.sweetfrog.com,https://www.linkedin.com/company/sweetfrog-enterprises,Food and Beverage Services,501-1000,814,Richmond,Virginia,United States,aiark+blitz
sweetgreen,sweetgreen.com,https://www.sweetgreen.com,https://www.linkedin.com/company/sweetgreen,Restaurants,5001-10000,2854,Los Angeles,California,United States,aiark+blitz
Sweethoney Dessert,sweethoneydessert.com,https://sweethoneydessert.com,https://www.linkedin.com/company/sweethoney-dessert,Food and Beverage Services,1001-5000,11,Oakland,California,United States,blitz
"Swh Mimi\'s Cafe, Llc",mimiscafe.com,https://mimiscafe.com,https://www.linkedin.com/company/swh-mimi's-cafe-llc,Restaurants,1001-5000,3,Tustin,California,United States,aiark+blitz
Swig,swigdrinks.com,https://www.swig.com,https://www.linkedin.com/company/swigdrinks,restaurants,,921,Lehi,,United States,aiark
"Swire Coca-Cola, USA",swirecc.com,https://www.swirecc.com,https://www.linkedin.com/company/swire-coca-cola-usa,Food and Beverage Services,5001-10000,3015,Draper,Utah,United States,aiark+blitz
Swiss Chalet,swisschalet.com,https://www.swisschalet.com/en.html,https://www.linkedin.com/company/swiss-chalet,restaurants,,1321,Vaughan,Ontario,Canada,aiark
Swiss Chalet Fine Foods,scff.com,http://www.scff.com,https://www.linkedin.com/company/swiss-chalet-fine-foods,food and beverage services,,755,Miami,Florida,United States,aiark
Syberg\'s Family Of Restaurants,sybergs.com,https://www.sybergs.com,https://www.linkedin.com/company/sybergsfamilyofrestaurants,Restaurants,501-1000,160,Saint Louis,Missouri,United States,blitz
Sydell Group,sydellgroup.com,https://www.sydellgroup.com,https://www.linkedin.com/company/the-sydell-group,Hospitality,1001-5000,117,,New York,United States,blitz
Sylvamo,sylvamo.com,http://www.sylvamo.com,https://www.linkedin.com/company/sylvamoco,paper and forest product manufacturing,,2132,Memphis,Tennessee,United States,aiark
Symbotic,symbotic.com,http://www.symbotic.com,https://www.linkedin.com/company/symbotic,automation machinery manufacturing,,1970,Wilmington,Massachusetts,United States,aiark
SymphonyAI,symphonyai.com,http://www.symphonyai.com,https://www.linkedin.com/company/symphonyai,software development,,2075,Palo Alto,California,United States,aiark
Syndigo,syndigo.com,https://www.syndigo.com,https://www.linkedin.com/company/syndigo,software development,,1448,Chicago,Illinois,United States,aiark
Synergy Flavors,synergytaste.com,http://www.synergytaste.com,https://www.linkedin.com/company/synergy-flavors-inc,food and beverage services,,537,Wauconda,Illinois,United States,aiark
Sysco,sysco.com,https://www.sysco.com,https://www.linkedin.com/company/sysco,Food and Beverage Services,10001+,35810,Houston,Texas,United States,aiark+blitz
Sysco Baltimore,syscobalt.com,https://www.syscobalt.com,https://www.linkedin.com/company/sysco-baltimore-llc,Food and Beverage Services,501-1000,54,Jessup,Maryland,United States,blitz
Sysco Canada Inc.,sysco.ca,https://www.sysco.ca,https://www.linkedin.com/company/sysco-canada,Food and Beverage Services,5001-10000,1328,Toronto,Ontario,Canada,aiark+blitz
T&T Supermarket,tntsupermarket.com,https://www.tntsupermarket.com,https://www.linkedin.com/company/t-t-supermarket,retail,,1386,Richmond,British Columbia,Canada,aiark
T-ROC - The Revenue Optimization Companies,trocglobal.com,https://www.trocglobal.com,https://www.linkedin.com/company/the-revenue-optimization-companies,Retail,1001-5000,1160,Coral Gables,Florida,United States,aiark+blitz
"Tab Retail Remodeling, Inc",tabretailremodeling.com,https://www.tabretailremodeling.com,https://www.linkedin.com/company/tab-retail-remodeling-inc-,Retail,501-1000,215,Gainesville,Georgia,United States,blitz
"Tacala, LLC",tacala.com,https://www.tacala.com,https://www.linkedin.com/company/tacalacompanies,Restaurants,5001-10000,888,Vestavia Hills,Alabama,United States,aiark+blitz
Taco Bell,tacobell.com,https://tacobell.com,https://www.linkedin.com/company/taco-bell,Restaurants,10001+,85252,Irvine,California,United States,aiark+blitz
Taco Bueno Restaurants,tacobueno.com,https://www.tacobueno.com,https://www.linkedin.com/company/taco-bueno-restaurants,Restaurants,1001-5000,747,Dallas,Texas,United States,aiark+blitz
Taco Cabana,tacocabana.com,https://www.tacocabana.com,https://www.linkedin.com/company/taco-cabana,Food and Beverage Services,5001-10000,2053,San Antonio,Texas,United States,aiark+blitz
Taco Casa,tacocasa.com,http://www.tacocasa.com,https://www.linkedin.com/company/tacocasa,restaurants,,909,Tuscaloosa,Alabama,United States,aiark
"Taco John's International, Inc.",tacojohns.com,https://tacojohns.com,https://www.linkedin.com/company/taco-john's-international-inc-,Restaurants,1001-5000,2476,Minneapolis,Minnesota,United States,aiark+blitz
Taco Mac Restaurant Group,tacomac.com,http://www.tacomac.com,https://www.linkedin.com/company/taco-mac,restaurants,,1090,Alpharetta,Georgia,United States,aiark
Taco Time Northwest,tacotimenw.com,https://www.tacotimenw.com,https://www.linkedin.com/company/taco-time-northwest,Food and Beverage Services,1001-5000,719,Renton,Washington,United States,aiark+blitz
"Taher, Inc.",taher.com,http://www.taher.com,https://www.linkedin.com/company/taher-inc.,food and beverage manufacturing,,802,Minnetonka,Minnesota,United States,aiark
"Tailored Brands, Inc.",tailoredbrands.com,http://www.tailoredbrands.com,https://www.linkedin.com/company/tailored-brands-inc-,retail apparel and fashion,,11391,Houston,Texas,United States,aiark
Take 5 Car Wash,take5carwash.com,https://www.take5carwash.com,https://www.linkedin.com/company/take5cw,retail,,776,Charlotte,North Carolina,United States,aiark
Talbots,talbots.com,http://jobs.knitwellgroup.com/talbots,https://www.linkedin.com/company/talbots,retail,,4328,Hingham,Massachusetts,United States,aiark
Talkdesk,talkdesk.com,https://www.talkdesk.com,https://www.linkedin.com/company/talkdesk,software development,,1367,San Francisco,California,United States,aiark
Talking Stick Resort,talkingstickresort.com,https://www.talkingstickresort.com,https://www.linkedin.com/company/talking-stick-resort,Hospitality,1001-5000,571,Scottsdale,Arizona,United States,aiark+blitz
Tandy Leather,tandyleather.com,https://www.tandyleather.com,https://www.linkedin.com/company/tandy-leather-factory,Retail,501-1000,360,Fort Worth,Texas,United States,blitz
Tanger,tanger.com,https://www.tanger.com,https://www.linkedin.com/company/tanger-skt,real estate,,856,Greensboro,North Carolina,United States,aiark
Tanguay,tanguay.ca,https://www.tanguay.ca,https://www.linkedin.com/company/tanguay,retail,,674,Québec,Québec,Canada,aiark
Tao Group Hospitality,taogroup.com,http://www.taogroup.com,https://www.linkedin.com/company/tao-group-hospitality,hospitality,,2080,Las Vegas,Nevada,United States,aiark
Tapestry,tapestry.com,http://www.tapestry.com,https://www.linkedin.com/company/tapestryinc,retail apparel and fashion,,19585,New York,New York,United States,aiark
Target,target.com,https://www.target.com/careers,https://www.linkedin.com/company/target,Retail,10001+,185962,Minneapolis,Minnesota,United States,aiark+blitz
Target Distribution Center T-0590,,,https://www.linkedin.com/company/target-distribution-center-t-0590,retail,,963,Cedar Falls,Iowa,United States,aiark
Target Distribution Cntr,,,https://www.linkedin.com/company/target-distribution-cntr,retail,,947,Topeka,Kansas,United States,aiark
Target Optical,targetoptical.com,https://www.targetoptical.com/careers,https://www.linkedin.com/company/target-optical,Retail,5001-10000,958,New York,New York,United States,aiark+blitz
Tarsadia Hotels,tarsadia.com,https://www.tarsadia.com,https://www.linkedin.com/company/tarsadia-hotels,Hospitality,1001-5000,39,Newport Beach,California,United States,blitz
Tastefully Simple,tastefullysimple.com,http://www.tastefullysimple.com,https://www.linkedin.com/company/tastefully-simple,food and beverage services,,2534,Alexandria,Minnesota,United States,aiark
Tastes On The Fly,tastesonthefly.com,https://www.tastesonthefly.com,https://www.linkedin.com/company/tastes-on-the-fly,Restaurants,1001-5000,84,San Mateo,California,United States,blitz
Tatte Bakery & Cafe,tattebakery.com,https://www.tattebakery.com,https://www.linkedin.com/company/tatte-fine-cookies-&-cakes,Restaurants,1001-5000,793,Cambridge,Massachusetts,United States,aiark+blitz
Tavant,tavant.com,https://tavant.com,https://www.linkedin.com/company/tavant,it services and it consulting,,3219,Santa Clara,California,United States,aiark
Tavern Restaurant Group,tavernrestaurantgroup.com,https://www.tavernrestaurantgroup.com,https://www.linkedin.com/company/tavern-restaurant-group,Restaurants,501-1000,181,Cincinnati,Ohio,United States,blitz
Tavistock Restaurant Collection,tavistockrestaurantcollection.com,https://tavistockrestaurantcollection.com,https://www.linkedin.com/company/tavistock-restaurants,Restaurants,1001-5000,371,Orlando,Florida,United States,blitz
Taylor Farms,taylorfarms.com,http://www.taylorfarms.com,https://www.linkedin.com/company/taylor-farms,food and beverage manufacturing,,4634,Salinas,California,United States,aiark
TaylorMade Golf Company,taylormadegolf.com,http://taylormadegolf.com/careers,https://www.linkedin.com/company/taylormade-golf-company,retail,,2171,Carlsbad,California,United States,aiark
"Taylors International Services, Inc.",taylors-international.com,https://www.taylors-international.com,https://www.linkedin.com/company/taylors-international-services-inc-,Food and Beverage Services,1001-5000,469,Lafayette,Louisiana,United States,blitz
Taziki's Mediterranean Cafe,tazikis.com,https://www.tazikis.com,https://www.linkedin.com/company/taziki's-mediterranean-cafe,Restaurants,1001-5000,767,Vestavia Hills,Alabama,United States,aiark+blitz
Tazza,tazzacaffe.com,https://www.tazzacaffe.com,https://www.linkedin.com/company/cafeattazza,Food and Beverage Services,10001+,85,Providence,Rhode Island,United States,blitz
Teacher & Author,cherylcoccaro.com,http://www.CherylCoccaro.com,https://www.linkedin.com/company/teacher-&-author,retail art supplies,,1133,,,United States,aiark
Team Schostak Family Restaurants,teamschostak.com,https://www.teamschostak.com,https://www.linkedin.com/company/team-schostak-family-restaurants,Food and Beverage Services,5001-10000,147,Livonia,Michigan,United States,blitz
Teavana,teavana.com,https://www.teavana.com,https://www.linkedin.com/company/teavana,Retail,1001-5000,518,Atlanta,Georgia,United States,blitz
TechStyleOS (now Fabletics),techstylefashiongroup.com,http://fabletics.com,https://www.linkedin.com/company/fableticsos,retail apparel and fashion,,690,El Segundo,California,United States,aiark
Tecovas,tecovas.com,https://www.tecovas.com,https://www.linkedin.com/company/tecovas,retail apparel and fashion,,814,Austin,Texas,United States,aiark
Ted's Cafe Escondido,tedscafe.com,https://www.tedscafe.com,https://www.linkedin.com/company/ted-s-cafe-escondio,Restaurants,1001-5000,173,Oklahoma City,Oklahoma,United States,blitz
Ted's Montana Grill,tedsmontanagrill.com,https://www.tedsmontanagrill.com,https://www.linkedin.com/company/ted's-montana-grill,Restaurants,1001-5000,992,Atlanta,Georgia,United States,aiark+blitz
"Tedeschi Food Shops, Inc",tedeschifoodshops.com,https://www.tedeschifoodshops.com,https://www.linkedin.com/company/tedeschi-food-shops-inc.,Retail,1001-5000,177,Rockland,Massachusetts,United States,blitz
Teespring,teespring.com,http://www.spri.ng.com,https://www.linkedin.com/company/teespring,software development,,951,San Franciso,California,United States,aiark
TegraGlobal,tegraglobal.com,http://www.tegraglobal.com,https://www.linkedin.com/company/tegraglobal,retail apparel and fashion,,1032,Atlanta,Georgia,United States,aiark
Teknion,teknion.com,http://www.teknion.com,https://www.linkedin.com/company/teknion,furniture and home furnishings manufacturing,,1602,Toronto,On,Canada,aiark
Teleflora,teleflora.com,http://www.teleflora.com,https://www.linkedin.com/company/teleflora,manufacturing,,601,Los Angeles,California,United States,aiark
TELUS Agriculture & Consumer Goods,telus.com,http://telus.com/agcg,https://www.linkedin.com/company/telus-agcg,software development,,1511,Vancouver,British Columbia,Canada,aiark
Temco Logistics,temcologistics.com,https://www.temcologistics.com,https://www.linkedin.com/company/temcologistics,truck transportation,,1368,Pomona,California,United States,aiark
Tender Greens,tendergreens.com,https://www.tendergreens.com,https://www.linkedin.com/company/tender-greens,Restaurants,1001-5000,343,Los Angeles,California,United States,blitz
Teriyaki Madness,teriyakimadness.com,http://www.TeriyakiMadness.com,https://www.linkedin.com/company/teriyaki-madness,restaurants,,660,Denver,Colorado,United States,aiark
Terra Nova Hospitality Cabins,terranovahospitalityhome.com,https://terranovahospitalityhome.com,https://www.linkedin.com/company/terra-nova-hospitality-cabins,Hospitality,10001+,,Port Blandford,,Canada,blitz
Terranea Resort,terranea.com,https://www.terranea.com,https://www.linkedin.com/company/terranea-resort,Hospitality,1001-5000,605,Rancho Palos Verdes,California,United States,aiark+blitz
Terre Haute Area Meals on Wheels,mowth.org,http://www.mowth.org,https://www.linkedin.com/company/thmealsonwheels,food and beverage manufacturing,,1018,Terre Haute,Indiana,United States,aiark
Terrible's,terribles.com,http://www.terribles.com,https://www.linkedin.com/company/terribles,retail,,964,Las Vegas,Nevada,United States,aiark
Texas de Brazil,texasdebrazil.com,https://www.texasdebrazil.com,https://www.linkedin.com/company/texas-de-brazil,Restaurants,1001-5000,1226,Dallas,Texas,United States,aiark+blitz
Texas Live,texas-live.com,https://texas-live.com,https://www.linkedin.com/company/texas-live,Restaurants,501-1000,164,Arlington,Texas,United States,blitz
Texas Materials,texasmaterials.com,http://www.texasmaterials.com,https://www.linkedin.com/company/texas-materials,construction,,515,Cedar Park,Texas,United States,aiark
Texas Roadhouse,texasroadhouse.com,https://careers.texasroadhouse.com,https://www.linkedin.com/company/texas-roadhouse,restaurants,,3502,Louisville,Kentucky,United States,aiark
Texas Western Hospitality,twhospitality.com,https://www.twhospitality.com,https://www.linkedin.com/company/texas-western-hospitality,Hospitality,1001-5000,178,Addison,Texas,United States,blitz
Textile Industry Affairs,textileaffairs.com,http://www.textileaffairs.com,https://www.linkedin.com/company/textile-industry-affairs,retail apparel and fashion,,678,New York,New York,United States,aiark
TGI Fridays,tgifridays.com,https://www.tgifridays.com,https://www.linkedin.com/company/tgi-fridays,Restaurants,5001-10000,13895,Dallas,Texas,United States,aiark+blitz
Tgif Fridays,collierfoods.com,http://www.collierfoods.com,https://www.linkedin.com/company/tgif-fridays,hospitality,,636,Pigeon Forge,Tennessee,United States,aiark
Tharaldson Hospitality Management,tharaldsonhm.com,https://tharaldsonhm.com,https://www.linkedin.com/company/tharaldson-hospitality-management,Hospitality,1001-5000,406,Decatur,Illinois,United States,blitz
"The Aaron's Company, Inc.",aarons.com,https://www.aarons.com,https://www.linkedin.com/company/the-aaron's-company-inc.,Retail,5001-10000,7111,Atlanta,Georgia,United States,aiark+blitz
The Amenity Collective,amenitycollective.com,https://amenitycollective.com,https://www.linkedin.com/company/amenitycollective,hospitality,,1499,Owings Mills,Maryland,United States,aiark
"The Andersons, Inc.",andersonsinc.com,http://www.andersonsinc.com,https://www.linkedin.com/company/theandersonsinc,food and beverage manufacturing,,1745,Maumee,Ohio,United States,aiark
The Apollo Group,theapollogroup.com,https://linktr.ee/theapollogroup,https://www.linkedin.com/company/the-apollogroup,food and beverage services,,817,Miami,Florida,United States,aiark
The Avon Company Canada Limited,avon.ca,http://www.avon.ca,https://www.linkedin.com/company/avon-canada,retail,,639,Pointe-claire,Quebec,Canada,aiark
"The Bahamas Ministry of Tourism, Investments & Aviation",bahamas.com,http://bahamas.com,https://www.linkedin.com/company/bahamas-ministry-of-tourism,hospitality,,512,,,United States,aiark
The Bartolotta Restaurants,bartolottas.com,https://www.bartolottas.com,https://www.linkedin.com/company/the-bartolotta-restaurants,Restaurants,501-1000,241,Milwaukee,Wisconsin,United States,blitz
The Bay Club Company,bayclubs.com,http://www.bayclubs.com,https://www.linkedin.com/company/bayclubs,hospitality,,1803,San Francisco,California,United States,aiark
The Beer Store,thebeerstore.ca,http://www.thebeerstore.ca,https://www.linkedin.com/company/the-beer-store,retail,,2303,Bolton,Ontario,Canada,aiark
"The Berkley Group, Inc",vacationvillageresorts.com,https://www.vacationvillageresorts.com,https://www.linkedin.com/company/the-berkley-group-inc,Hospitality,1001-5000,145,Fort Lauderdale,Florida,United States,aiark+blitz
The Beverly Hills Hotel,dorchestercollection.com,https://www.dorchestercollection.com/en/los-angeles/the-beverly-hills-hotel,https://www.linkedin.com/company/the-beverly-hills-hotel,Hospitality,501-1000,429,Beverly Hills,California,United States,blitz
The Beverly Hilton,beverlyhilton.com,https://www.beverlyhilton.com,https://www.linkedin.com/company/the-beverly-hilton,Hospitality,501-1000,199,Beverly Hills,California,United States,blitz
"The Bistro Group, Inc",bistrogroup.com,https://www.bistrogroup.com,https://www.linkedin.com/company/the-bistro-group-inc.,Hospitality,1001-5000,201,Cincinnati,Ohio,United States,blitz
The Boca Raton,thebocaraton.com,https://www.thebocaraton.com/careers?nck=8554965379&utm_source=linkedin&utm_medium=social&utm_campaign=profile,https://www.linkedin.com/company/the-boca-raton,hospitality,,1427,Boca Raton,Florida,United States,aiark
The Boelter Companies,boelter.com,https://www.boelter.com,https://www.linkedin.com/company/the-boelter-companies-inc-,Food and Beverage Services,501-1000,457,Waukesha,Wisconsin,United States,blitz
"The Bon-Ton Stores, Inc.",bonton.com,http://uniquebrands.com,https://www.linkedin.com/company/uniquebrandscom,retail,,4165,New York,New York,United States,aiark
The Boston Beer Company,bostonbeer.com,https://www.bostonbeer.com,https://www.linkedin.com/company/boston-beer-company,Food and Beverage Services,1001-5000,2272,Boston,Massachusetts,United States,aiark+blitz
The Breakers Palm Beach,thebreakers.com,https://www.thebreakers.com,https://www.linkedin.com/company/thebreakers,Hospitality,1001-5000,1266,Palm Beach,Florida,United States,aiark+blitz
The Briad Group,briad.com,https://www.briad.com,https://www.linkedin.com/company/the-briad-group,Hospitality,5001-10000,249,Livingston,New Jersey,United States,blitz
The Briar Group,thebriargroup.com,https://www.thebriargroup.com,https://www.linkedin.com/company/the-briar-group,Restaurants,501-1000,157,Boston,Massachusetts,United States,blitz
The Brick,thebrick.com,http://www.thebrick.com,https://www.linkedin.com/company/the-brick,retail,,3719,Edmonton,Alberta,Canada,aiark
"THE BRIGANTINE, INC.",brigantine.com,https://jobs.brigantine.com,https://www.linkedin.com/company/the-brigantine-inc.,Restaurants,1001-5000,249,San Diego,California,United States,blitz
The Broadmoor,broadmoor.com,http://www.broadmoor.com,https://www.linkedin.com/company/the-broadmoor,hospitality,,1247,Colorado Springs,Colorado,United States,aiark
"The Buckle, Inc.",buckle.com,https://www.buckle.com,https://www.linkedin.com/company/the-buckle,Retail,5001-10000,6057,Kearney,Nebraska,United States,aiark+blitz
The Calgary Stampede,calgarystampede.com,https://calgarystampede.com,https://www.linkedin.com/company/calgary-stampede,Hospitality,1001-5000,1267,Calgary,Alberta,Canada,aiark+blitz
The Campbell's Company,campbellsoupcompany.com,https://www.thecampbellscompany.com,https://www.linkedin.com/company/the-campbells-company,food and beverage manufacturing,,9918,Camden,New Jersey,United States,aiark
The Canadian Brewhouse,thecanadianbrewhouse.com,http://thecanadianbrewhouse.com,https://www.linkedin.com/company/the-canadian-brewhouse,food and beverage services,,1126,Edmonton,Alberta,Canada,aiark
The Capital Grille,thecapitalgrille.com,https://www.thecapitalgrille.com,https://www.linkedin.com/company/the-capital-grille,restaurants,,1934,,,United States,aiark
The Capitol District,capitoldistrictomaha.com,https://capitoldistrictomaha.com,https://www.linkedin.com/company/capitol-district,Hospitality,501-1000,2,Omaha,Nebraska,United States,blitz
The Cheesecake Factory,thecheesecakefactory.com,http://cakecareers.com,https://www.linkedin.com/company/lifeatcheesecake,restaurants,,19225,Calabasas Hills,California,United States,aiark
The Chefs' Warehouse,chefswarehouse.com,https://www.chefswarehouse.com,https://www.linkedin.com/company/the-chefs-warehouse,Food and Beverage Services,1001-5000,1847,Ridgefield,Connecticut,United States,aiark+blitz
The Children's Place,childrensplace.com,https://www.childrensplace.com,https://www.linkedin.com/company/the-children's-place,Retail,5001-10000,1306,Secaucus,New Jersey,United States,aiark+blitz
The Club At Admirals Cove,admiralscove.net,https://admiralscove.net,https://www.linkedin.com/company/theclubatadmiralscove,Hospitality,501-1000,322,Jupiter,,United States,blitz
The Coca-Cola Company,coca-colacompany.com,https://www.coca-colacompany.com,https://www.linkedin.com/company/the-coca-cola-company,Food and Beverage Services,10001+,55245,Atlanta,Georgia,United States,aiark+blitz
"The Coleman Company, Inc.",coleman.com,http://www.coleman.com,https://www.linkedin.com/company/the-coleman-company-inc-,manufacturing,,840,Chicago,Illinois,United States,aiark
The Common Man Family,thecman.com,https://www.thecman.com,https://www.linkedin.com/company/the-common-man-family,Hospitality,501-1000,257,Ashland,New Hampshire,United States,blitz
The Container Store,containerstore.com,http://www.containerstore.com,https://www.linkedin.com/company/the-container-store,retail,,3187,Coppell,Texas,United States,aiark
The Cosmopolitan Of Las Vegas,cosmopolitanlasvegas.com,https://www.cosmopolitanlasvegas.com,https://www.linkedin.com/company/the-cosmopolitan-of-las-vegas,Hospitality,5001-10000,2002,Las Vegas,Nevada,United States,aiark+blitz
The Counter,thecounter.com,https://www.thecounter.com,https://www.linkedin.com/company/the-counter,Restaurants,501-1000,299,Culver City,California,United States,blitz
The Country Club of Virginia,theccv.org,https://www.theccv.org,https://www.linkedin.com/company/the-country-club-of-virginia,Hospitality,501-1000,418,Richmond,Virginia,United States,blitz
The Crawford Group Nevada,gvgrocery.com,https://gvgrocery.com,https://www.linkedin.com/company/the-crawford-group-nevada,Retail,501-1000,3,Las Vegas,Nevada,United States,blitz
The D Casino Hotel Las Vegas,thed.com,https://www.thed.com,https://www.linkedin.com/company/the-d-of-las-vegas,Hospitality,501-1000,322,Las Vegas,Nevada,United States,blitz
The Diplomat Beach Resort,diplomatresort.com,https://www.diplomatresort.com/default-en.html,https://www.linkedin.com/company/the-diplomat-beach-resort,Hospitality,1001-5000,167,Hollywood,Florida,United States,blitz
The Dollywood Company,dollywood.com,http://www.dollywood.com,https://www.linkedin.com/company/dollywood-parks-and-resorts,entertainment providers,,1005,Pigeon Forge,Tennessee,United States,aiark
"The Donna Karan Company, LLC.",dkny.com,http://www.dkny.com,https://www.linkedin.com/company/donna-karan,retail apparel and fashion,,780,,,United States,aiark
The Dow Hotel Company,dowhotelco.com,https://www.dowhotelco.com,https://www.linkedin.com/company/the-dow-hotel-company,Hospitality,1001-5000,24,Seattle,,United States,blitz
The Exchange,shopmyexchange.com,https://www.shopmyexchange.com,https://www.linkedin.com/company/the-exchange_1,Retail,10001+,7638,Dallas,Texas,United States,aiark+blitz
The Farmer's Dog,thefarmersdog.com,https://www.thefarmersdog.com/careers,https://www.linkedin.com/company/the-farmer's-dog,manufacturing,,1023,New York,New York,United States,aiark
The Fireman Hospitality Group,thefiremangroup.com,https://www.thefiremangroup.com,https://www.linkedin.com/company/the-fireman-hospitality-group,Restaurants,501-1000,141,New York,New York,United States,blitz
The Fresh Market,thefreshmarket.com,https://www.thefreshmarket.com,https://www.linkedin.com/company/the-fresh-market,Retail,10001+,6361,Greensboro,North Carolina,United States,aiark+blitz
The GIANT Company,giantfoodstores.com,https://giantfoodstores.com,https://www.linkedin.com/company/the-giant-company,Retail,10001+,3475,Carlisle,Pennsylvania,United States,aiark+blitz
The Goat,lcgoat.com,http://www.lcgoat.com,https://www.linkedin.com/company/the-goat,restaurants,,543,Columbus,Ohio,United States,aiark
The Grand America Hotel,grandamerica.com,https://www.grandamerica.com/about-grand-america,https://www.linkedin.com/company/the-grand-america-hotel,Hospitality,1001-5000,414,Salt Lake City,Utah,United States,blitz
The Great Atlantic & Pacific Tea Company (A&P),aptea.com,http://www.aptea.com,https://www.linkedin.com/company/the-great-atlantic-&-pacific-tea-company,retail,,2058,Montvale,New Jersey,United States,aiark
The Great Indoors,thegreatindoors.com,https://www.thegreatindoors.com,https://www.linkedin.com/company/the-great-indoors,Retail,10001+,174,Hoffman Estates,Illinois,United States,blitz
The Greenbrier,greenbrier.com,https://www.greenbrier.com,https://www.linkedin.com/company/the-greenbrier,Hospitality,1001-5000,865,White Sulphur Springs,West Virginia,United States,aiark+blitz
The Greene Turtle Sports Bar & Grille,thegreeneturtle.com,http://www.thegreeneturtle.com,https://www.linkedin.com/company/the-greene-turtle,food and beverage services,,617,Columbia,Maryland,United States,aiark
"The Grove, Inc",thegroveinc.com,https://www.thegroveinc.com,https://www.linkedin.com/company/thegroveinc,Food and Beverage Services,501-1000,145,Westchester,Illinois,United States,blitz
The Guitar Center Company,guitarcenter.com,http://www.guitarcenter.com,https://www.linkedin.com/company/the-guitar-center-company,retail,,16067,Westlake Village,California,United States,aiark
The H.T. Hackney Co.,hthackney.com,http://www.hthackney.com,https://www.linkedin.com/company/ht-hackney,wholesale,,1156,Knoxville,Tennessee,United States,aiark
The Halal Guys Inc.,thehalalguys.com,http://thehalalguys.com,https://www.linkedin.com/company/the-halal-guys,restaurants,,533,Garden City,New York,United States,aiark
The Hardage Group,thehardagegroup.com,https://www.thehardagegroup.com,https://www.linkedin.com/company/the-hardage-group,Hospitality,501-1000,39,San Diego,California,United States,blitz
The Hershey Company,thehersheycompany.com,https://www.thehersheycompany.com,https://www.linkedin.com/company/the-hershey-company,manufacturing,,10921,Hershey,Pennsylvania,United States,aiark
The Hillman Group,hillmangroup.com,http://www.hillmangroup.com,https://www.linkedin.com/company/the-hillman-group,manufacturing,,2017,Cincinnati,Ohio,United States,aiark
The Home Depot,homedepot.com,https://www.careers.homedepot.com,https://www.linkedin.com/company/the-home-depot,Retail,10001+,141902,Atlanta,Georgia,United States,aiark+blitz
The Home Depot Canada,homedepot.ca,https://careers.homedepot.ca,https://www.linkedin.com/company/the-home-depot-canada,Retail,10001+,6925,Toronto,Ontario,Canada,aiark+blitz
"The Honey Baked Ham Company, LLC",honeybaked.com,https://www.honeybaked.com,https://www.linkedin.com/company/honeybaked-ham,Retail,1001-5000,1962,Alpharetta,Georgia,United States,aiark+blitz
The Hotel Group,thehotelgroup.com,https://www.thehotelgroup.com,https://www.linkedin.com/company/thehotelgroup,Hospitality,1001-5000,64,Edmonds,Washington,United States,blitz
The Human Bean,thehumanbean.com,http://www.thehumanbean.com,https://www.linkedin.com/company/thehumanbeancoffee,food and beverage services,,810,Medford,Oregon,United States,aiark
The Humberview Group,humberviewgroup.com,https://www.humberviewgroup.com/en,https://www.linkedin.com/company/the-humberview-group,motor vehicle manufacturing,,659,Toronto,Ontario,Canada,aiark
The ICEE Company,icee.com,https://www.icee.com,https://www.linkedin.com/company/the-icee-company,Food and Beverage Services,1001-5000,764,La Vergne,Tennessee,United States,aiark+blitz
The Juice Plus+ Company,juiceplus.com,http://www.juiceplus.com,https://www.linkedin.com/company/the-juice-plus-company,wellness and fitness services,,3480,Collierville,Tennessee,United States,aiark
The Juicy Crab,thejuicycrab.com,https://www.TheJuicyCrab.com,https://www.linkedin.com/company/the-juicy-crab,restaurants,,540,Duluth,Georgia,United States,aiark
The Keg Steakhouse + Bar,thekeg.com,http://www.thekeg.com,https://www.linkedin.com/company/the-keg-steakhouse-and-bar,food and beverage services,,4336,Richmond,British Columbia,Canada,aiark
The Kent Companies,thekentcompanies.com,https://thekentcompanies.com,https://www.linkedin.com/company/thekentcompanies,Retail,501-1000,175,Midland,Texas,United States,blitz
"The Kitchen Collection, Llc",kitchencollection.com,https://www.kitchencollection.com,https://www.linkedin.com/company/kitchen-collection-le-gourmet-chef,Retail,1001-5000,225,Chillicothe,Ohio,United States,blitz
The Kitchen Restaurant Group,thekitchen.com,https://thekitchen.com/restaurants,https://www.linkedin.com/company/thekitchenrestaurantgroup,Restaurants,501-1000,,Boulder,Colorado,United States,blitz
The Krusteaz Company,thekrusteazcompany.com,https://thekrusteazcompany.com,https://www.linkedin.com/company/the-krusteaz-company,food and beverage manufacturing,,561,Tukwila,Washington,United States,aiark
The Leading Hotels of the World,lhw.com,http://www.LHW.com,https://www.linkedin.com/company/the-leading-hotels-of-the-world,hospitality,,580,New York,New York,United States,aiark
The Light Group,lightgroup.com,https://lightgroup.com,https://www.linkedin.com/company/the-light-group,Hospitality,1001-5000,233,Las Vegas,Nevada,United States,blitz
The Limited,thelimited.com,https://www.thelimited.com,https://www.linkedin.com/company/the-limited,Retail,1001-5000,,Wilmington,Delaware,United States,aiark+blitz
The Luxury Collection,theluxurycollection.com,http://theluxurycollection.com,https://www.linkedin.com/company/the-luxury-collection-ltd,hospitality,,853,Bethesda,Maryland,United States,aiark
The Marzetti Company,tmarzetticompany.com,http://www.marzetticompany.com,https://www.linkedin.com/company/marzetti-company,food and beverage manufacturing,,1353,Westerville,Ohio,United States,aiark
The Melting Pot Restaurants,meltingpot.com,http://www.meltingpotfranchise.com,https://www.linkedin.com/company/the-melting-pot-restaurants,restaurants,,1451,Tampa,Florida,United States,aiark
"The Meritage Resort and Spa, Napa",meritageresort.com,https://www.meritageresort.com,https://www.linkedin.com/company/the-meritage-resort-and-spa-napa,Hospitality,501-1000,229,Napa,California,United States,blitz
The Mirage,mirage.com,https://www.mirage.com,https://www.linkedin.com/company/the-mirage,Hospitality,1001-5000,919,Las Vegas,Nevada,United States,blitz
The Mirage,hardrockhotelcasinolasvegas.com,http://www.mirage.com,https://www.linkedin.com/company/the-mirage,hospitality,,924,Las Vegas,Nevada,United States,aiark
The Mission Inn Hotel & Spa,missioninn.com,https://www.missioninn.com,https://www.linkedin.com/company/the-mission-inn-hotel-&-spa,Hospitality,501-1000,304,Riverside,California,United States,blitz
The Mobile Shop,themobileshop.ca,https://www.themobileshop.ca,https://www.linkedin.com/company/the-mobile-shop,retail,,2401,Toronto,Ontario,Canada,aiark
The Nature's Bounty Co.,nestlehealthscience.us,http://www.naturesbountyco.com,https://www.linkedin.com/company/nbty,manufacturing,,917,Ronkonkoma,New York,United States,aiark
The North Face,thenorthface.cl,http://www.thenorthface.com,https://www.linkedin.com/company/the-north-face,retail apparel and fashion,,5411,Denver,Colorado,United States,aiark
The North West Company,northwest.ca,https://www.northwest.ca,https://www.linkedin.com/company/the-north-west-company,Retail,5001-10000,1361,Winnipeg,Manitoba,Canada,aiark+blitz
The Nutrition Group,thenutritiongroup.biz,http://www.thenutritiongroup.com,https://www.linkedin.com/company/the-nutrition-group,food and beverage services,,841,Irwin,Pennsylvania,United States,aiark
The Oceanaire Seafood Room,theoceanaire.com,https://www.theoceanaire.com,https://www.linkedin.com/company/the-oceanaire-seafood-room,Restaurants,10001+,255,Houston,Texas,United States,blitz
The Odom Corporation,odomcorp.com,http://www.odomcorp.com,https://www.linkedin.com/company/the-odom-corporation,wholesale,,650,Bellevue,Washington,United States,aiark
The ODP Group,theodpcorp.com,https://www.theodpgroup.com/homepage,https://www.linkedin.com/company/the-odp-group,retail office equipment,,28032,Boca Raton,Florida,United States,aiark
The Old Spaghetti Factory,osf.com,http://www.osf.com,https://www.linkedin.com/company/the-old-spaghetti-factory,restaurants,,1756,Portland,Oregon,United States,aiark
The ONE Group,togrp.com,https://www.togrp.com,https://www.linkedin.com/company/the-one-group,Hospitality,1001-5000,583,Denver,Colorado,United States,aiark+blitz
THE ONEIDA GROUP,theoneidagroup.com,http://theoneidagroup.com,https://www.linkedin.com/company/the-oneida-group,manufacturing,,787,Columbus,Ohio,United States,aiark
The Palace Group,thepalace.org,https://www.thepalace.org,https://www.linkedin.com/company/the-palace,Hospitality,1001-5000,553,Miami,Florida,United States,aiark+blitz
The Paper Store,thepaperstore.com,http://www.thepaperstore.com,https://www.linkedin.com/company/the-paper-store,retail,,1175,Acton,Massachusetts,United States,aiark
The Parts Authority,partsauthority.com,http://www.partsauthority.com,https://www.linkedin.com/company/partsauthority,motor vehicle manufacturing,,1653,Lake Success,New York,United States,aiark
The Pictsweet Company,pictsweet.com,http://www.Pictsweet.com,https://www.linkedin.com/company/the-pictsweet-company,food and beverage manufacturing,,547,Bells,Tennessee,United States,aiark
The Polo Club Of Boca Raton,poloclub.net,https://www.poloclub.net,https://www.linkedin.com/company/polo-club-boca-raton,Hospitality,501-1000,237,Boca Raton,Florida,United States,blitz
The Post Oak Hotel at Uptown Houston,thepostoak.com,https://www.thepostoak.com,https://www.linkedin.com/company/the-post-oak-at-uptown,Hospitality,501-1000,285,Houston,Texas,United States,blitz
The Queen Mary,queenmary.com,https://www.queenmary.com,https://www.linkedin.com/company/the-queen-mary,Hospitality,501-1000,182,Long Beach,California,United States,blitz
"The Radiant Group, Llc",radiant.com,https://www.radiant.com,https://www.linkedin.com/company/radiant-f-b-llc,Food and Beverage Services,10001+,15,Tampa,Florida,United States,blitz
The RealReal,therealreal.com,http://careers.therealreal.com,https://www.linkedin.com/company/the-realreal,retail apparel and fashion,,2567,San Francisco,California,United States,aiark
The Red Horse Inn,theredhorseinn.com,https://www.theredhorseinn.com,https://www.linkedin.com/company/the-red-horse-inn,Hospitality,10001+,11,Landrum,South Carolina,United States,blitz
The Red Lion,theredlion.com,https://www.theredlion.com,https://www.linkedin.com/company/the-red-lion,restaurants,,717,,,United States,aiark
The Resort At Pelican Hill,pelicanhill.com,https://www.pelicanhill.com,https://www.linkedin.com/company/the-resort-at-pelican-hill,Hospitality,501-1000,504,Newport Coast,California,United States,blitz
The Retail Odyssey Company,retailodyssey.com,http://www.retailodyssey.com,https://www.linkedin.com/company/retailodyssey,manufacturing,,742,Cincinnati,Ohio,United States,aiark
The Retail Outsource,theretailoutsource.com,https://www.theretailoutsource.com.,https://www.linkedin.com/company/the-retail-outsource,Retail,5001-10000,88,Coral Gables,Florida,United States,blitz
The Reynolds and Reynolds Company,reyrey.com,https://www.reyrey.com,https://www.linkedin.com/company/the-reynolds-and-reynolds-company,software development,,5258,Dayton,Ohio,United States,aiark
"The Ritz-Carlton Hotel Company, L.L.C.",ritzcarlton.com,https://www.ritzcarlton.com,https://www.linkedin.com/company/the-ritz-carlton-hotel-company-llc,Hospitality,10001+,18786,Bethesda,Maryland,United States,aiark+blitz
The RK Group,therkgroup.com,https://www.therkgroup.com,https://www.linkedin.com/company/therkgroup,Hospitality,1001-5000,227,San Antonio,Texas,United States,blitz
The Rose Group,therosegroup.com,https://www.therosegroup.com,https://www.linkedin.com/company/the-rose-group,Restaurants,1001-5000,251,Newtown,Pennsylvania,United States,blitz
The Row,therow.com,http://www.therow.com,https://www.linkedin.com/company/the-row-llc-dualstar-entertainment-group,retail apparel and fashion,,508,New York,New York,United States,aiark
The Royal Group,teamtrg.com,https://teamtrg.com,https://www.linkedin.com/company/trg-packaging-and-display-solutions,packaging and containers manufacturing,,573,Cicero,Illinois,United States,aiark
The Rug Rack & Home Decor,therugrack.com,https://www.therugrack.com,https://www.linkedin.com/company/the-rug-rack-&-home-decor,Retail,1001-5000,11,Chattanooga,,United States,blitz
The Rustic,therustic.com,http://www.therustic.com,https://www.linkedin.com/company/the-rustic-restaurant,restaurants,,524,Dallas And Houston,Texas,United States,aiark
The Sagamore Resort,thesagamore.com,https://thesagamore.com,https://www.linkedin.com/company/the-sagamore,Hospitality,501-1000,170,Bolton Landing,,United States,blitz
The Save Mart Companies,thesavemartcompanies.com,http://www.thesavemartcompanies.com,https://www.linkedin.com/company/the-savemart-companies,retail,,2007,Modesto,,United States,aiark
The Scotts Miracle-Gro Company,scottsmiraclegro.com,http://www.scottsmiraclegro.com,https://www.linkedin.com/company/scottsmiraclegro,manufacturing,,4031,Marysville,Ohio,United States,aiark
The Sea Pines Resort,seapines.com,https://www.seapines.com,https://www.linkedin.com/company/the-sea-pines-resort,Hospitality,501-1000,367,Hilton Head Island,South Carolina,United States,blitz
The Service Companies,theservicecompanies.com,https://www.theservicecompanies.com,https://www.linkedin.com/company/the-service-companies,Hospitality,1001-5000,1192,Miami,Florida,United States,aiark+blitz
The Shade Store,theshadestore.com,https://www.theshadestore.com,https://www.linkedin.com/company/the-shade-store,Retail,1001-5000,702,Port Chester,New York,United States,aiark+blitz
The Source,thesource.ca,https://retail.jobs.bell.ca/en,https://www.linkedin.com/company/the-source,retail,,1622,Barrie,Ontario,Canada,aiark
The St. Regis New York,stregisnewyork.com,https://www.stregisnewyork.com,https://www.linkedin.com/company/the_st_regis_new_york,Hospitality,501-1000,102,New York,New York,United States,blitz
The St. Regis Princeville Resort,stregisprinceville.com,https://www.stregisprinceville.com,https://www.linkedin.com/company/st.-regis-hotel,Hospitality,501-1000,472,Princeville,Hawaii,United States,blitz
The Stand Restaurants,thestand.com,https://www.thestand.com,https://www.linkedin.com/company/the-stand-restaurants,Food and Beverage Services,501-1000,131,Encino,California,United States,blitz
The Standard Hotel,standardhotels.com,https://standardhotels.com,https://www.linkedin.com/company/the-standard-hotel,Hospitality,5001-10000,832,New York,New York,United States,aiark+blitz
The SYGMA Network,sygmanetwork.com,http://www.sygmanetwork.com/careers,https://www.linkedin.com/company/the-sygma-network,truck transportation,,1528,Dublin,Ohio,United States,aiark
The Tavern Hospitality Group,tavernhg.com,https://www.tavernhg.com,https://www.linkedin.com/company/the-tavern-hospitality-group,Restaurants,501-1000,74,Denver,Colorado,United States,blitz
The Tile Shop,tileshop.com,https://www.tileshop.com,https://www.linkedin.com/company/the-tile-shop,Retail,1001-5000,1801,Plymouth,Minnesota,United States,aiark+blitz
"The TJX Companies, Inc.",tjx.com,https://jobs.tjx.com,https://www.linkedin.com/company/tjx,Retail,10001+,57987,Framingham,Massachusetts,United States,aiark+blitz
The Topps Company,topps.com,http://www.topps.com,https://www.linkedin.com/company/the-topps-company,manufacturing,,531,New York,New York,United States,aiark
The Toro Company,thetorocompany.com,http://www.thetorocompany.com,https://www.linkedin.com/company/the-toro-company,machinery manufacturing,,6186,Minneapolis,Minnesota,United States,aiark
The United Company,unitedco.net,https://www.unitedco.net,https://www.linkedin.com/company/the-united-company,Hospitality,501-1000,33,Bristol,Virginia,United States,blitz
The University Of Massachusetts Club,umassclub.com,https://www.umassclub.com/club/scripts/section/section.asp,https://www.linkedin.com/company/the-university-of-massachusetts-club,Hospitality,10001+,16,Boston,Massachusetts,United States,blitz
The UPS Store,theupsstore.com,https://www.theupsstore.com,https://www.linkedin.com/company/the-ups-store,Retail,1001-5000,12573,San Diego,California,United States,aiark+blitz
The Venetian Resort Las Vegas,venetianlasvegas.com,https://vrlv.com/Careers,https://www.linkedin.com/company/the-venetian,gambling facilities and casinos,,4140,Las Vegas,Nevada,United States,aiark
The Vermont Country Store,vermontcountrystore.com,https://www.vermontcountrystore.com,https://www.linkedin.com/company/the-vermont-country-store,Retail,501-1000,280,Manchester Center,Vermont,United States,blitz
"The Village Tavern, Inc.",villagetavern.com,https://www.villagetavern.com,https://www.linkedin.com/company/village-tavern,Hospitality,501-1000,382,Winston-salem,North Carolina,United States,blitz
The Villages®,thevillages.com,http://www.thevillages.com,https://www.linkedin.com/company/the-villages-community,government administration,,893,The Villages,Florida,United States,aiark
The Vitamin Shoppe,vitaminshoppe.com,https://www.vitaminshoppe.com,https://www.linkedin.com/company/the-vitamin-shoppe,Retail,1001-5000,3630,Secaucus,New Jersey,United States,aiark+blitz
The Vollrath Company,vollrathcompany.com,http://www.vollrathcompany.com,https://www.linkedin.com/company/the-vollrath-company,food and beverage services,,613,Sheboygan,Wisconsin,United States,aiark
"The Walking Company Holdings, Inc",thewalkingcompany.com,https://www.thewalkingcompany.com,https://www.linkedin.com/company/the-walking-company-holdings-inc,Retail,1001-5000,416,Santa Barbara,California,United States,blitz
The Wasserstrom Company,wasserstrom.com,https://www.wasserstrom.com,https://www.linkedin.com/company/the-wasserstrom-company,Restaurants,1001-5000,569,Columbus,Ohio,United States,aiark+blitz
The Wendy's Company,wendys.com,https://www.wendys.com,https://www.linkedin.com/company/wendys-international,Restaurants,10001+,68176,Dublin,Ohio,United States,aiark+blitz
The Westin Long Beach,westinlongbeachhotel.com,https://www.westinlongbeachhotel.com,https://www.linkedin.com/company/the-westin-long-beach,Hospitality,501-1000,128,Long Beach,California,United States,blitz
The Wine Group,thewinegroup.com,http://thewinegroup.com,https://www.linkedin.com/company/thewinegroup,beverage manufacturing,,981,Ripon,California,United States,aiark
The Winn-Dixie Company,winndixie.com,http://WinnDixie.com,https://www.linkedin.com/company/the-winn-dixie-company,retail,,15007,Jacksonville,Florida,United States,aiark
The Wolak Group,wolakgroup.com,https://wolakgroup.com/community,https://www.linkedin.com/company/the-wolak-group,Food and Beverage Services,1001-5000,103,Falmouth,Maine,United States,blitz
The Wonderful Company,wonderful.com,http://www.wonderful.com,https://www.linkedin.com/company/the-wonderful-company,food and beverage manufacturing,,5564,Los Angeles,California,United States,aiark
The World,aboardtheworld.com,http://www.aboardtheworld.com,https://www.linkedin.com/company/theworld,hospitality,,780,Fort Lauderdale,Florida,United States,aiark
The Wurzak Hotel Group,wurzakhotels.com,https://www.wurzakhotels.com,https://www.linkedin.com/company/the-wurzak-hotel-group,Hospitality,501-1000,60,Philadelphia,,United States,blitz
"The Yankee Candle Company, Inc",yankeecandle.com,https://www.yankeecandle.com,https://www.linkedin.com/company/the-yankee-candle-company-inc-,Retail,5001-10000,,South Deerfield,Massachusetts,United States,aiark+blitz
The Yardhouse Restaurant,,,https://www.linkedin.com/company/the-yardhouse-restaurant,restaurants,,522,Calgary,Alberta,Canada,aiark
Theisen's Home Farm Auto,theisens.com,https://www.theisens.com,https://www.linkedin.com/company/theisen's-home-farm-auto,Retail,1001-5000,355,Dubuque,Iowa,United States,blitz
Theory,theory.com,http://www.theory.com,https://www.linkedin.com/company/theory,retail apparel and fashion,,1006,New York,New York,United States,aiark
Things Remembered,thingsremembered.com,http://www.thingsremembered.com,https://www.linkedin.com/company/things-remembered,retail,,1272,Burr Ridge,Illinois,United States,aiark
Third Space,thirdspace.london,https://www.thirdspace.london,https://www.linkedin.com/company/the-third-space,wellness and fitness services,,849,London,London,United Kingdom,aiark
Thirty-One Gifts,mythirtyone.com,https://www.mythirtyone.com/us/en/info/careers,https://www.linkedin.com/company/thirty-one-gifts,Retail,1001-5000,5911,Columbus,Ohio,United States,aiark+blitz
Thomas Cuisine,thomascuisine.com,https://thomascuisine.com,https://www.linkedin.com/company/thomascuisine,Hospitality,1001-5000,655,Meridian,Idaho,United States,aiark+blitz
Thomas Keller Restaurant Group,thomaskeller.com,https://www.thomaskeller.com,https://www.linkedin.com/company/thomas-keller-restaurant-group,Hospitality,1001-5000,436,Yountville,California,United States,blitz
Thompson Hospitality,thompsonhospitality.com,https://www.thompsonhospitality.com,https://www.linkedin.com/company/thompson-hospitality,Hospitality,1001-5000,797,Reston,Virginia,United States,aiark+blitz
Thompson Seattle,thompsonhotels.com,https://www.thompsonhotels.com/hotels/washington/seattle/thompson-seattle,https://www.linkedin.com/company/thompson-seattle,Hospitality,10001+,25,Seattle,Washington,United States,blitz
Thorntons Llc,mythorntons.com,https://www.mythorntons.com,https://www.linkedin.com/company/thorntonsllc,Retail,1001-5000,1234,Louisville,Kentucky,United States,aiark+blitz
Thrasio,thrasio.com,https://www.thrasio.com,https://www.linkedin.com/company/thrasio,Retail,1001-5000,297,Boston,Massachusetts,United States,blitz
ThredUp,thredup.com,http://www.thredup.com,https://www.linkedin.com/company/thredup,retail apparel and fashion,,1086,Oakland,California,United States,aiark
"Three Bears Alaska, Inc.",threebearsalaska.com,https://www.threebearsalaska.com,https://www.linkedin.com/company/three-bears-alaska-inc-,Retail,1001-5000,267,Wasilla,Alaska,United States,blitz
Thrift Town Stores Norquist Salvage Corporation,thrifttown.com,https://www.thrifttown.com,https://www.linkedin.com/company/norquist-salvage-corporation-thrift-town,Retail,501-1000,68,Roseville,California,United States,blitz
ThriftBooks,thriftbooks.com,http://www.thriftbooks.com,https://www.linkedin.com/company/thrift-books,software development,,525,Seattle,Washington,United States,aiark
Thrifty White Pharmacy,thriftywhite.com,https://www.thriftywhite.com,https://www.linkedin.com/company/thrifty-white-pharmacy,retail,,609,Maple Grove,Minnesota,United States,aiark
Thrive Market,thrivemarket.com,http://www.thrivemarket.com,https://www.linkedin.com/company/thrivemarket,wellness and fitness services,,884,Los Angeles,California,United States,aiark
Thunder Bay Regional Health Sciences Centre,tbrhsc.net,http://www.tbrhsc.net,https://www.linkedin.com/company/tbrhsc,hospitals and health care,,1633,Thunder Bay,Ontario,Canada,aiark
Thunder Group,thundergroup.com,https://www.thundergroup.com,https://www.linkedin.com/company/thunder-group,Hospitality,501-1000,,City Of Industry,California,United States,blitz
Tiff's Treats Cookie Delivery,cookiedelivery.com,https://www.cookiedelivery.com,https://www.linkedin.com/company/tiff's-treats-cookie-delivery,Food and Beverage Services,501-1000,722,Austin,Texas,United States,aiark+blitz
Tiffany & Co.,tiffany.com,http://www.tiffany.com,https://www.linkedin.com/company/tiffany-and-co,retail luxury goods and jewelry,,10648,New York,New York,United States,aiark
Tijuana Flats,tijuanaflats.com,http://www.tijuanaflats.com,https://www.linkedin.com/company/tijuana-flats-burrito-co-,restaurants,,1105,Maitland,Florida,United States,aiark
Tillamook County Creamery Association,tillamook.com,http://www.Tillamook.com,https://www.linkedin.com/company/tillamook-county-creamery-association,food and beverage manufacturing,,753,Tillamook,Oregon,United States,aiark
Tillys,tillys.com,https://www.tillys.com,https://www.linkedin.com/company/tillys,Retail,5001-10000,4719,Irvine,California,United States,aiark+blitz
Tilted Kilt Pub & Eatery,tiltedkilt.com,http://www.tiltedkilt.com,https://www.linkedin.com/company/tilted-kilt-pub-&-eatery,restaurants,,642,Tempe,Arizona,United States,aiark
Tim Hortons,timhortons.ca,http://www.timhortons.ca,https://www.linkedin.com/company/tim-hortons,food and beverage services,,7020,Toronto,On,Canada,aiark
Tim Hortons STL,timhortonstl.com,http://www.timhortonstl.com,https://www.linkedin.com/company/tim-hortons-stl,restaurants,,1551,St Louis,Missouri,United States,aiark
Timberland,timberland.com,https://www.timberland.com,https://www.linkedin.com/company/timberland,Retail,10001+,3968,Stratham,New Hampshire,United States,aiark+blitz
Tin Lizzy\'s Cantina,tinlizzyscantina.com,https://tinlizzyscantina.com,https://www.linkedin.com/company/tin-lizzy's-cantina,Restaurants,501-1000,205,Atlanta,Georgia,United States,blitz
"Tip Top Poultry, Inc",tiptoppoultry.com,http://www.tiptoppoultry.com,https://www.linkedin.com/company/tip-top-poultry-inc,food and beverage manufacturing,,567,Marietta,Georgia,United States,aiark
Tires Plus Total Car Care,tiresplus.com,http://www.tiresplus.com,https://www.linkedin.com/company/tires-plus-total-car-care,retail,,1163,Nashville,Tennessee,United States,aiark
Tis The Season,tistheseason.com.au,https://tistheseason.com.au,https://www.linkedin.com/company/tis-the-season,Retail,10001+,19,Destin,Florida,United States,blitz
TJ Maxx & HomeGoods,tjmaxx.tjx.com,https://tjmaxx.tjx.com,https://www.linkedin.com/company/tjmaxx-&-home-goods,retail,,10895,Santa Clara,California,United States,aiark
"TKC Holdings, Inc.",tkcholdings.com,https://careers.tkcholdings.com/why-us,https://www.linkedin.com/company/tkc-holdings-inc.,Food and Beverage Services,5001-10000,739,St. Louis,Missouri,United States,aiark+blitz
TLX Mobility - A Techlogix Company,tlxmobility.com,https://tlxmobility.com,https://www.linkedin.com/company/tlx-mobility-a-techlogix-company,it services and it consulting,,738,Boston,Massachusetts,United States,aiark
Tmobile Dealer,t-mobiledealerordering.com,http://www.t-mobiledealerordering.com,https://www.linkedin.com/company/tmobile-dealer,retail,,2919,Chicago,Illinois,United States,aiark
"TNT Crane & Rigging, Inc.",tntcrane.com,https://www.tntcrane.com,https://www.linkedin.com/company/tnt-crane-and-rigging-inc-,retail office equipment,,769,Houston,Texas,United States,aiark
TNT Fireworks,tntfireworks.com,http://www.tntfireworks.com,https://www.linkedin.com/company/tnt-fireworks,retail,,623,Florence,Alabama,United States,aiark
Toast,toasttab.com,http://pos.toasttab.com,https://www.linkedin.com/company/toast-inc,software development,,7662,Boston,Massachusetts,United States,aiark
Todo Deportes,tododeportestv.com,https://tododeportestv.com,https://www.linkedin.com/company/todo-deportes,Retail,10001+,29,Antioch,Tennessee,United States,blitz
Tom & Chee,tomandchee.com,https://www.tomandchee.com,https://www.linkedin.com/company/tom-chee,Restaurants,501-1000,109,Cincinnati,Ohio,United States,blitz
TOM FORD FASHION,tomford.com,http://www.tomfordfashion.com,https://www.linkedin.com/company/tom-ford-fashion,retail apparel and fashion,,1350,New York,New York,United States,aiark
Tom James Company,tomjames.com,https://careers.tomjames.com,https://www.linkedin.com/company/tom-james-company,retail apparel and fashion,,1392,Franklin,Tennessee,United States,aiark
Tom Thumb Stores,tomthumbcstores.com,https://www.tomthumbcstores.com,https://www.linkedin.com/company/tom-thumb-stores,retail,,925,Westborough,Massachusetts,United States,aiark
Tom Thumb Supermarket,tomthumb.com,https://www.tomthumb.com,https://www.linkedin.com/company/tom-thumb-supermarket,Retail,10001+,1955,Arlington,Texas,United States,aiark+blitz
Tom's Watch Bar,tomswatchbar.com,https://tomswatchbar.com,https://www.linkedin.com/company/tom-s-urban,Restaurants,501-1000,351,Broomfield,Colorado,United States,blitz
Tommy Bahama,tommybahama.com,http://www.tommybahama.com,https://www.linkedin.com/company/tommy-bahama1,retail apparel and fashion,,2816,Seattle,Washington,United States,aiark
TOMS,toms.com,http://www.TOMS.com,https://www.linkedin.com/company/toms,retail apparel and fashion,,774,Culver City,California,United States,aiark
Tony's Fresh Market,tonysfreshmarket.com,http://www.tonysfreshmarket.com,https://www.linkedin.com/company/tony's-finer-foods-fresh-market,retail,,506,Itasca,Illinois,United States,aiark
TooJay’s Deli • Bakery • Restaurant,toojays.com,https://www.toojays.com,https://www.linkedin.com/company/toojays,Restaurants,1001-5000,384,West Palm Beach,Florida,United States,blitz
Toot'n Totum,tootntotum.com,http://tootntotum.com,https://www.linkedin.com/company/tootntotum,retail,,580,Amarillo,Texas,United States,aiark
Tootsie Roll Industries,tootsie.com,https://www.tootsie.com,https://www.linkedin.com/company/tootsie-roll-industries,Food and Beverage Services,1001-5000,434,Chicago,Illinois,United States,blitz
Top Nosh Hospitality,topnoshhospitality.com,https://topnoshhospitality.com,https://www.linkedin.com/company/topnoshhospitality,Hospitality,501-1000,7,Chicago,Illinois,United States,blitz
Topco Associates LLC,topco.com,http://www.topco.com,https://www.linkedin.com/company/topco-associates-llc,retail,,538,Itasca,Illinois,United States,aiark
Toppers Pizza,toppers.com,https://toppers.com,https://www.linkedin.com/company/toppers-pizza-llc-,Restaurants,1001-5000,841,Whitewater,Wisconsin,United States,aiark+blitz
Tops Markets,topsmarkets.com,http://topsmarkets.com,https://www.linkedin.com/company/tops-markets,retail,,4296,Buffalo,New York,United States,aiark
Torchy's Tacos,torchystacos.com,http://www.torchystacos.com,https://www.linkedin.com/company/torchy's-tacos,restaurants,,1722,Austin,Texas,United States,aiark
Torrid,torrid.com,https://www.torrid.com,https://www.linkedin.com/company/torrid,Retail,5001-10000,4521,City Of Industry,California,United States,aiark+blitz
TORY BURCH,toryburch.com,http://torybur.ch/linkedin,https://www.linkedin.com/company/tory-burch,retail apparel and fashion,,3600,New York,New York,United States,aiark
Total Hockey,totalhockey.com,https://www.totalhockey.com,https://www.linkedin.com/company/total-hockey,Retail,501-1000,69,Maryland Heights,Missouri,United States,blitz
Total Wine & More,totalwine.com,http://www.totalwine.com,https://www.linkedin.com/company/total-wine-&-more,retail,,5502,Bethesda,Maryland,United States,aiark
Touch of Class,touchofclass.com,http://www.touchofclass.com,https://www.linkedin.com/company/touch-of-class,retail,,515,Huntingburg,Indiana,United States,aiark
Touchmark,touchmark.com,https://touchmark.com,https://www.linkedin.com/company/touchmark-llc,Hospitality,1001-5000,1127,Beaverton,Oregon,United States,blitz
TouchPoint Support Services,iamtouchpoint.com,http://www.touchpointsupportservices.com,https://www.linkedin.com/company/touchpoint-support-services,hospitals and health care,,1624,Atlanta,Georgia,United States,aiark
Touchstone Crystal,touchstonecrystal.com,http://www.touchstonecrystal.com,https://www.linkedin.com/company/touchstonecrystal,retail apparel and fashion,,684,Cranston,Rhode Island,United States,aiark
Tourico Holidays,hotelbeds.com,https://www.hotelbeds.com,https://www.linkedin.com/company/tourico-holidays,Hospitality,501-1000,160,Altamonte Springs,Florida,United States,blitz
Tourneau|Bucherer,tourneau.com,http://www.tourneau.com,https://www.linkedin.com/company/tourneau,retail luxury goods and jewelry,,561,New York,New York,United States,aiark
Town Fair Tire,townfairtire.com,https://www.townfairtire.com,https://www.linkedin.com/company/town-fair-tire,Retail,1001-5000,747,East Haven,Connecticut,United States,aiark+blitz
Town Pump Company,townpump.com,https://www.townpump.com,https://www.linkedin.com/company/townpump,Retail,1001-5000,1198,Butte,,United States,aiark+blitz
Towne,townepark.com,https://towne.com,https://www.linkedin.com/company/towne-park,hospitality,,4401,Plymouth Meeting,Pennsylvania,United States,aiark
Toyo Tires,toyotires.com,http://www.toyotires.com,https://www.linkedin.com/company/toyo-tires,motor vehicle manufacturing,,1836,Costa Mesa,California,United States,aiark
Toyota Tsusho America,taiamerica.com,http://www.taiamerica.com,https://www.linkedin.com/company/toyota-tsusho-america,international trade and development,,1267,New York,New York,United States,aiark
Toys R Us,toysrus.com,https://www.toysrus.com,https://www.linkedin.com/company/toysrus1,Retail,10001+,13780,Parsippany,New Jersey,United States,aiark+blitz
TPI Hospitality,tpihospitality.com,https://www.tpihospitality.com,https://www.linkedin.com/company/tpi-hospitality,Hospitality,1001-5000,239,Willmar,Minnesota,United States,blitz
Tracker Marine Group,whiterivermg.com,http://www.whiterivermg.com,https://www.linkedin.com/company/tracker-marine-group,retail,,567,,,United States,aiark
Tractor Supply Company,tractorsupply.com,https://www.tractorsupply.com,https://www.linkedin.com/company/tractor-supply-company,Retail,10001+,21777,Brentwood,Tennessee,United States,aiark+blitz
Tradehome Shoes,tradehome.com,https://www.tradehome.com,https://www.linkedin.com/company/tradehome-shoes,retail,,626,Cottage Grove,Minnesota,United States,aiark
Trader Joe's,traderjoes.com,https://www.traderjoes.com,https://www.linkedin.com/company/trader-joe's,Retail,10001+,25732,Monrovia,California,United States,aiark+blitz
Tradeweb,tradeweb.com,http://www.tradeweb.com,https://www.linkedin.com/company/tradeweb,financial services,,1860,New York,New York,United States,aiark
"Traeger, Inc.",traeger.com,http://www.traeger.com,https://www.linkedin.com/company/traeger-inc,manufacturing,,527,Salt Lake City,Utah,United States,aiark
Trail Appliances BC,trailappliances.com,https://www.trailappliances.com,https://www.linkedin.com/company/trail-appliances,retail,,546,Richmond,Bc,Canada,aiark
Trans World Corporation,transwc.com,https://www.transwc.com,https://www.linkedin.com/company/trans-world-corporation,Hospitality,501-1000,56,New York,New York,United States,blitz
Transdev North America,transdevna.com,http://www.transdevNA.com,https://www.linkedin.com/company/transdev-north-america,truck transportation,,7725,Lombard,Illinois,United States,aiark
Transformco,transformco.com,https://transformco.com,https://www.linkedin.com/company/transformco,Retail,10001+,748,Hoffman Estates,,United States,aiark+blitz
Trapper's Sushi Co.,trapperssushi.com,https://www.trapperssushi.com,https://www.linkedin.com/company/trapperssushi,Restaurants,501-1000,210,Federal Way,Washington,United States,blitz
Travel + Leisure Co.,travelandleisureco.com,https://www.travelandleisureco.com,https://www.linkedin.com/company/travelleisureco,hospitality,,14925,Orlando,Florida,United States,aiark
TravelCenters of America,ta-petro.com,http://www.ta-petro.com,https://www.linkedin.com/company/travelcenters-of-america,retail,,5981,Westlake,Ohio,United States,aiark
Travelclick,amadeus-hospitality.com,https://www.amadeus-hospitality.com,https://www.linkedin.com/company/travelclick,Hospitality,10001+,425,New York,New York,United States,blitz
Travelmation,travelmation.net,http://www.travelmation.net,https://www.linkedin.com/company/travelmation,travel arrangements,,862,Fort Lauderdale,Florida,United States,aiark
TravisMathew,travismathew.com,http://www.travismathew.com,https://www.linkedin.com/company/travis-mathew-apparel,retail apparel and fashion,,723,Huntington Beach,California,United States,aiark
Treasure Island Hotel & Casino,treasureisland.com,https://www.treasureisland.com,https://www.linkedin.com/company/tivegas,Hospitality,1001-5000,966,Las Vegas,Nevada,United States,aiark+blitz
Treat America Food Services,treatamerica.com,https://www.treatamerica.com,https://www.linkedin.com/company/treat-america-food-services,Food and Beverage Services,1001-5000,142,Merriam,Kansas,United States,blitz
"Tree Top, Inc.",treetop.com,http://www.treetop.com,https://www.linkedin.com/company/tree-top-inc.,food and beverage manufacturing,,698,Selah,Washington,United States,aiark
TreeHouse Foods,treehousefoods.com,http://www.treehousefoods.com,https://www.linkedin.com/company/treehouse-foods,food and beverage manufacturing,,3051,Oak Brook,Illinois,United States,aiark
Trespass,trespass.com,https://www.trespass.com,https://www.linkedin.com/company/trespass,Retail,1001-5000,875,Glasgow,,United States,aiark+blitz
Tri County Management Mcdonald\'s,tricountymanagement.com,https://www.tricountymanagement.com,https://www.linkedin.com/company/tri-county-management,Food and Beverage Services,1001-5000,40,Cranberry Twp,Pennsylvania,United States,blitz
Trident Holdings Llc,tridentholdingsllc.com,https://www.tridentholdingsllc.com,https://www.linkedin.com/company/tridentholdingsllc,Restaurants,501-1000,32,Murfreesboro,Tennessee,United States,blitz
Trident Seafoods,tridentseafoods.com,http://www.tridentseafoods.com,https://www.linkedin.com/company/trident-seafoods,fisheries,,2375,Seattle,Washington,United States,aiark
"Trilliant Food & Nutrition, LLC",trilliantfood.com,https://www.trilliantfood.com,https://www.linkedin.com/company/trilliant-food-&-nutrition-llc,Food and Beverage Services,501-1000,284,Little Chute,Wisconsin,United States,blitz
Trinchero Family Estates,tfewines.com,http://tfewines.com,https://www.linkedin.com/company/trinchero-family-estates,beverage manufacturing,,775,St. Helena,California,United States,aiark
Trinity Services Group,trinityservicesgroup.com,https://www.trinityservicesgroup.com,https://www.linkedin.com/company/trinity-services-group,Food and Beverage Services,1001-5000,850,Oldsmar,Florida,United States,aiark+blitz
Tripadvisor,tripadvisor.com,http://www.tripadvisor.com,https://www.linkedin.com/company/tripadvisor,software development,,5775,Needham,Massachusetts,United States,aiark
"Triumph Foods, L.L.C.",triumphfoods.com,http://www.triumphfoods.com,https://www.linkedin.com/company/triumph-foods-llc,manufacturing,,857,St. Joseph,Missouri,United States,aiark
Triumph Hotels,triumphhotels.com,https://www.triumphhotels.com,https://www.linkedin.com/company/triumph-hotels,Hospitality,501-1000,95,New York,,United States,blitz
Troon,troon.com,http://www.troon.com,https://www.linkedin.com/company/troon,hospitality,,2460,Scottsdale,Arizona,United States,aiark
Tropical Smoothie Cafe,tropicalsmoothiecafe.com,http://www.tropicalsmoothiecafe.com,https://www.linkedin.com/company/tropical-smoothie-cafe,restaurants,,8911,Atlanta,Georgia,United States,aiark
"Tropicale Foods, LLC",tropicalefoods.com,http://www.tropicalefoods.com,https://www.linkedin.com/company/tropicale-foods,food and beverage manufacturing,,1787,Ontario,California,United States,aiark
Tropicana Brands Group,tropicanabrandsgroup.com,https://www.tropicanabrandsgroup.com,https://www.linkedin.com/company/tropicana-brands-group,food and beverage services,,1238,Chicago,Illinois,United States,aiark
Tru by Hilton,trubyhilton.com,http://www.trubyhilton.com,https://www.linkedin.com/company/tru-by-hilton,hospitality,,1266,Mclean,Virginia,United States,aiark
"TruckPro, LLC",truckpro.com,https://www.truckpro.com,https://www.linkedin.com/company/truckpro-inc.,truck transportation,,685,Cordova,Tennessee,United States,aiark
True Food Kitchen,truefoodkitchen.com,http://www.truefoodkitchen.com,https://www.linkedin.com/company/truefoodkitchen,restaurants,,1330,Scottsdale,Arizona,United States,aiark
True North Hotel Group,truenorthhotels.com,https://www.truenorthhotels.com,https://www.linkedin.com/company/true-north-hotel-group,Hospitality,501-1000,96,Overland Park,Kansas,United States,blitz
True Religion,truereligion.com,http://www.truereligion.com,https://www.linkedin.com/company/true-religion,retail apparel and fashion,,1405,El Segundo,California,United States,aiark
True Value Company,truevaluecompany.com,https://www.truevaluecompany.com,https://www.linkedin.com/company/true-value-company,wholesale,,3588,Chicago,Illinois,United States,aiark
TrueCommerce,truecommerce.com,http://www.truecommerce.com,https://www.linkedin.com/company/truecommerce,it services and it consulting,,1059,Cranberry Township,Pennsylvania,United States,aiark
Truluck’s Ocean’s Finest Seafood & Crab,trulucks.com,https://www.trulucks.com,https://www.linkedin.com/company/truluck's,Restaurants,501-1000,330,Houston,Texas,United States,blitz
Trump Hotels,trumphotels.com,https://www.trumphotels.com,https://www.linkedin.com/company/trumphotels,Hospitality,1001-5000,117,New York,,United States,blitz
Trump International Beach Resort,trumpmiami.com,https://www.trumpmiami.com,https://www.linkedin.com/company/trump-international,Hospitality,501-1000,299,Sunny Isles Beach,Florida,United States,blitz
TSE,tsecashmere.com,http://www.tsecashmere.com,https://www.linkedin.com/company/tse,retail apparel and fashion,,1143,,,United States,aiark
Tuesday Morning,tuesdaymorning.com,http://www.tuesdaymorning.com,https://www.linkedin.com/company/tuesday-morning,retail,,3096,New Jersey,New Jersey,United States,aiark
Tulalip Resort Casino,everythingtulalip.com,http://www.everythingtulalip.com,https://www.linkedin.com/company/tulalip-resort-casino-and-spa,hospitality,,868,Tulalip,Washington,United States,aiark
Tully\'s Good Times Restaurants,tullysgoodtimes.com,https://tullysgoodtimes.com,https://www.linkedin.com/company/tully's-good-times-restaurants,Restaurants,501-1000,340,East Syracuse,New York,United States,blitz
TUMI,tumi.com,http://www.tumi.com,https://www.linkedin.com/company/tumi,retail,,1990,Edison,New Jersey,United States,aiark
Tupelo Honey,tupelohoneycafe.com,https://tupelohoneycafe.com,https://www.linkedin.com/company/tupelo-honey-cafe,Restaurants,1001-5000,629,Asheville,North Carolina,United States,aiark+blitz
Tupperware,tupperwarebrands.com,https://tupperware.com,https://www.linkedin.com/company/tupperware-brand,Retail,10001+,11708,New York,New York,United States,aiark+blitz
Tupperware,gottwbowls.com,http://www.gotTWbowls.com,https://www.linkedin.com/company/tupperware_3,retail,,1524,,,United States,aiark
Turkey Hill,turkeyhill.com,https://www.turkeyhill.com,https://www.linkedin.com/company/turkey-hill,Food and Beverage Services,501-1000,1164,Conestoga,Pennsylvania,United States,aiark+blitz
Turkey Hill Minit Markets,nowhiring.com,https://nowhiring.com/thmm,https://www.linkedin.com/company/turkey-hill-minit-markets,Retail,1001-5000,1265,Westborough,Massachusetts,United States,aiark+blitz
Turner's Outdoorsman,turners.com,https://www.turners.com,https://www.linkedin.com/company/turners-outdoorsman,Retail,501-1000,268,Rialto,California,United States,blitz
Turning Stone Enterprises,turningstoneenterprises.com,https://www.turningstoneenterprises.com,https://www.linkedin.com/company/turning-stone-enterprises,hospitality,,1541,Verona,New York,United States,aiark
Turning Stone Resort Casino,turningstone.com,https://www.turningstone.com,https://www.linkedin.com/company/turning-stone-resort-casino,Hospitality,1001-5000,970,Verona,New York,United States,aiark+blitz
Turtle Bay Resort,turtlebayresort.com,https://www.turtlebayresort.com,https://www.linkedin.com/company/turtle-bay-resort,Hospitality,501-1000,236,Kahuku,Hawaii,United States,blitz
Tuscan Brands,tuscanbrands.com,https://www.tuscanbrands.com,https://www.linkedin.com/company/tuscan-brands,Food and Beverage Services,501-1000,170,Salem,New Hampshire,United States,blitz
"Tween Brands, Inc",justiceretail.com,https://justiceretail.com,https://www.linkedin.com/company/tween-brands-inc.,Retail,1001-5000,58,New Albany,Ohio,United States,blitz
Twin Liquors,twinliquors.com,https://twinliquors.com,https://www.linkedin.com/company/twinliquors,Retail,501-1000,261,Austin,Texas,United States,blitz
Twin Peaks Restaurants,twinpeaksrestaurant.com,http://www.twinpeaksrestaurant.com,https://www.linkedin.com/company/twin-peaks-restaurants,restaurants,,2974,Dallas,Texas,United States,aiark
TY,ty.com,http://www.ty.com,https://www.linkedin.com/company/ty-inc.,manufacturing,,2003,,,United States,aiark
TYLER'S,tylerstx.com,http://tylerstx.com,https://www.linkedin.com/company/tyler's,retail,,575,Austin,Texas,United States,aiark
Tyson Foods,tysonfoods.com,http://tysonfoods.com,https://www.linkedin.com/company/tyson-foods,food and beverage manufacturing,,43768,Springdale,Arkansas,United States,aiark
"Tyson Fresh Meats, Inc.",tysonfreshmeats.com,http://tysonfreshmeats.com,https://www.linkedin.com/company/tyson-fresh-meats-inc.,food and beverage manufacturing,,540,Dakota Dunes,South Dakota,United States,aiark
U-Haul,uhaul.com,http://www.uhaul.com,https://www.linkedin.com/company/u-haul-international-inc-,retail,,8426,Phoenix,Arizona,United States,aiark
U.S. Polo Assn. Retail (USA),uspoloassn.com,https://www.uspoloassn.com,https://www.linkedin.com/company/u-s-polo-assn-retail-usa-,retail,,514,New York,New York,United States,aiark
UCHealth,uchealth.org,http://www.uchealth.org,https://www.linkedin.com/company/uchealth,hospitals and health care,,23181,Aurora,Colorado,United States,aiark
UFP Industries,ufpi.com,https://www.ufpi.com,https://www.linkedin.com/company/ufp-industries,construction,,2983,Grand Rapids,,United States,aiark
Ulta Beauty,ulta.com,https://www.ulta.com,https://www.linkedin.com/company/ulta,Retail,10001+,41191,Bolingbrook,Illinois,United States,aiark+blitz
Ultra Health,ultrahealth.com,https://www.ultrahealth.com,https://www.linkedin.com/company/ultra-healthnm,Retail,1001-5000,66,Scottsdale,Arizona,United States,blitz
"Ultra Steak, Inc",ultrasteak.com,https://www.ultrasteak.com,https://www.linkedin.com/company/ultrasteak,Restaurants,1001-5000,28,Fishers,Indiana,United States,blitz
"Umami Restaurant Group, Llc",umami.com,https://www.umami.com,https://www.linkedin.com/company/umami-restaurant-group-llc,Restaurants,501-1000,126,Los Angeles,California,United States,blitz
Uncle Giuseppe's Marketplace,uncleg.com,http://www.UncleG.com,https://www.linkedin.com/company/uncle-giuseppe's-marketplace,retail,,537,Melville,New York,United States,aiark
Uncle Julio's Restaurant Group,unclejulios.com,http://www.unclejulios.com,https://www.linkedin.com/company/uncle-julio's-corporation,restaurants,,1036,Irving,Texas,United States,aiark
Under Armour,underarmour.com,http://www.underarmour.com,https://www.linkedin.com/company/under-armour,retail apparel and fashion,,12891,Baltimore,Maryland,United States,aiark
Undercoverwear,undercoverwear.com,https://www.undercoverwear.com,https://www.linkedin.com/company/undercoverwear,Retail,1001-5000,100,North Andover,Massachusetts,United States,blitz
UNFI,unfi.com,https://www.unfi.com,https://www.linkedin.com/company/unfi,Food and Beverage Services,10001+,17599,Providence,Rhode Island,United States,aiark+blitz
Uni-Select Inc.,uniselect.com,http://www.uniselect.com,https://www.linkedin.com/company/uni-select-inc-,wholesale,,1648,Boucherville,Quebec,Canada,aiark
Unidine,unidine.com,https://www.unidine.com,https://www.linkedin.com/company/unidine-corporation,Food and Beverage Services,10001+,1435,Boston,Massachusetts,United States,aiark+blitz
Unified Brands,unifiedbrands.net,https://www.unifiedbrands.net,https://www.linkedin.com/company/unified-brands,Food and Beverage Services,501-1000,251,Vicksburg,Mississippi,United States,blitz
UniFirst Corporation,unifirst.com,https://unifirst.com,https://www.linkedin.com/company/unifirst-corporation,textile manufacturing,,7467,Wilmington,Massachusetts,United States,aiark
Uniform Advantage (UA Brands),uabrandscareers.com,http://www.uabrandscareers.com,https://www.linkedin.com/company/uniform-advantage,retail apparel and fashion,,523,Fort Lauderdale,Florida,United States,aiark
Union,getunion.com,https://getunion.com,https://www.linkedin.com/company/union-point-of-sale,hospitality,,1305,Austin,Texas,United States,aiark
Union Hospital,myunionhealth.org,http://www.union.health,https://www.linkedin.com/company/union-hospital,hospitals and health care,,2076,Terre Haute,Indiana,United States,aiark
Union Square Hospitality Group,ushgnyc.com,https://www.ushgnyc.com,https://www.linkedin.com/company/union-square-hospitality-group,Restaurants,1001-5000,985,New York,New York,United States,blitz
Union Square Hospitality Group,ushg.com,http://www.ushgnyc.com,https://www.linkedin.com/company/union-square-hospitality-group,restaurants,,957,New York,New York,United States,aiark
Uniprix,uniprix.com,http://www.uniprix.com,https://www.linkedin.com/company/uniprix,retail,,1762,Montreal,Quebec,Canada,aiark
Unique Industries,favors.com,http://www.favors.com,https://www.linkedin.com/company/unique-industries,manufacturing,,754,Philadelphia,Pennsylvania,United States,aiark
UNITE HERE,unitehere.org,http://unitehere.org,https://www.linkedin.com/company/unite-here,civic and social organizations,,567,,,United States,aiark
United Airlines,united.com,http://united.com/careers,https://www.linkedin.com/company/united-airlines,airlines and aviation,,74463,Chicago,Illinois,United States,aiark
United Dairy Farmers,udfinc.com,https://udfinc.com,https://www.linkedin.com/company/united-dairy-farmers,Retail,1001-5000,1663,Cincinnati,Ohio,United States,aiark+blitz
United Malt,unitedmalt.com,http://www.unitedmalt.com,https://www.linkedin.com/company/united-malt-company,food and beverage services,,533,Vancouver,Washington,United States,aiark
United Pacific,rocketstores.com,https://rocketstores.com,https://www.linkedin.com/company/unitedpacificstores,retail,,1039,Long Beach,California,United States,aiark
Univar Solutions,univarsolutions.com,http://www.univarsolutions.com,https://www.linkedin.com/company/univarsolutions,chemical manufacturing,,9223,Downers Grove,Illinois,United States,aiark
University of Maryland Capital Region Health,umcapitalregion.org,http://www.umcapitalregion.org,https://www.linkedin.com/company/um-capital-region-health,hospitals and health care,,575,Largo,Maryland,United States,aiark
University Tees,universitytees.com,http://www.universitytees.com,https://www.linkedin.com/company/university-tees,retail apparel and fashion,,630,Cleveland,Ohio,United States,aiark
"Uno Restaurants, Llc",unos.com,https://www.unos.com,https://www.linkedin.com/company/uno-chicago-grill,Restaurants,1001-5000,785,Norwood,Massachusetts,United States,aiark+blitz
Uptown Cheapskate,uptowncheapskate.com,http://uptowncheapskate.com,https://www.linkedin.com/company/uptown-cheapskate,retail,,1041,North Salt Lake,Utah,United States,aiark
Upward Projects Restaurant Group | Postino WineCafe | Joyride Taco House | Windsor | Federal Pizza,upwardprojects.com,https://www.upwardprojects.com,https://www.linkedin.com/company/upward-projects,Restaurants,1001-5000,287,Phoenix,Arizona,United States,blitz
Urban Barn,urbanbarn.com,https://www.urbanbarn.com,https://www.linkedin.com/company/urban-barn,Retail,501-1000,410,Burnaby,British Columbia,Canada,blitz
Urban Planet Fashion,urban-planet.com,http://urban-planet.com,https://www.linkedin.com/company/urban-planet-fashion,retail,,1114,,,Canada,aiark
Urban Plates,urbanplates.com,https://www.urbanplates.com,https://www.linkedin.com/company/urban-plates,Restaurants,501-1000,228,San Diego,California,United States,blitz
"URBN (Urban Outfitters, Anthropologie Group, Free People & Nuuly)",urbn.com,http://urbn.com,https://www.linkedin.com/company/urban-outfitters-inc,retail apparel and fashion,,27055,Philadelphia,Pennsylvania,United States,aiark
Urgo Hotels And Resorts,urgohotels.com,https://www.urgohotels.com,https://www.linkedin.com/company/urgo-hotels,Hospitality,1001-5000,66,Bethesda,Maryland,United States,blitz
Us Army Active Duty,,,https://www.linkedin.com/company/us-army-active-duty,food and beverage manufacturing,,1239,Newark,New York,United States,aiark
US Foods,usfoods.com,https://www.usfoods.com,https://www.linkedin.com/company/usfoods,Food and Beverage Services,10001+,25087,Rosemont,Illinois,United States,aiark+blitz
US Vision,usvision.com,http://www.usvision.com,https://www.linkedin.com/company/us-vision,retail,,632,Blackwood,New Jersey,United States,aiark
USANA Health Sciences,usana.com,https://www.usana.com,https://www.linkedin.com/company/usana-health-sciences,wellness and fitness services,,9433,Salt Lake City,Utah,United States,aiark
USDA,usda.gov,http://www.usda.gov,https://www.linkedin.com/company/usda,government administration,,23223,Washington,District Of Columbia,United States,aiark
"Utz Brands, Inc.",utzsnacks.com,http://www.utzsnacks.com,https://www.linkedin.com/company/utzbrands,food and beverage manufacturing,,1938,Hanover,Pennsylvania,United States,aiark
Vacasa,vacasa.com,https://www.vacasa.com,https://www.linkedin.com/company/vacasa,Hospitality,1001-5000,4138,Portland,Oregon,United States,aiark+blitz
Vacationcondos.Com,vacationcondos.com,https://www.vacationcondos.com,https://www.linkedin.com/company/vacationcondos.com,Hospitality,501-1000,2,Asheville,North Carolina,United States,blitz
Vacations To Go,vacationstogo.com,https://www.vacationstogo.com,https://www.linkedin.com/company/vacations-to-go,Hospitality,1001-5000,607,Houston,Texas,United States,aiark+blitz
Vail Resorts,vailresortscareers.com,https://www.vailresortscareers.com,https://www.linkedin.com/company/vail-resorts,Hospitality,10001+,9437,Broomfield,Colorado,United States,aiark+blitz
Vail Resorts Meetings & Events,snow.com,https://www.snow.com/info/meetings-and-events,https://www.linkedin.com/company/vail-resorts-meetings-events,Hospitality,10001+,13,Broomfield,Colorado,United States,blitz
Valencia Group Inc,valenciagroup.com,https://valenciagroup.com,https://www.linkedin.com/company/valencia-group-inc.,Hospitality,501-1000,,Houston,Texas,United States,blitz
Valet Park Of America,valetparkofamerica.com,https://www.valetparkofamerica.com,https://www.linkedin.com/company/valet-park-of-america,Hospitality,501-1000,362,Springfield,Massachusetts,United States,blitz
Vallarta Supermarkets,vallartasupermarkets.com,http://www.vallartasupermarkets.com,https://www.linkedin.com/company/vallarta-supermarkets-vsi,retail,,2377,Santa Clarita,California,United States,aiark
Valley Hospitality,valleyhospitality.com,https://www.valleyhospitality.com,https://www.linkedin.com/company/valley-hospitality,Hospitality,501-1000,140,Columbus,,United States,blitz
"Valley Services, Inc",valleyinc.com,https://www.valleyinc.com,https://www.linkedin.com/company/valley-services-inc.,Hospitality,1001-5000,214,Jackson,Mississippi,United States,blitz
Valor Hospitality Partners,valorhospitality.com,https://www.valorhospitality.com,https://www.linkedin.com/company/valor-hospitality-partners,Hospitality,5001-10000,623,Atlanta,Georgia,United States,aiark+blitz
Valsoft Corporation,valsoftcorp.com,http://www.valsoftcorp.com,https://www.linkedin.com/company/valsoft-corporation,financial services,,780,Saint-laurent,Quebec,Canada,aiark
Value City Furniture,vcf.com,https://www.vcf.com,https://www.linkedin.com/company/value-city-furniture,Retail,1001-5000,1334,Columbus,Ohio,United States,aiark+blitz
Valvoline Inc.,vioc.com,https://www.vioc.com,https://www.linkedin.com/company/valvoline,retail,,8715,Lexington,Kentucky,United States,aiark
Vanity,vanityfairlingerie.com,http://www.vanityfairbrands.com,https://www.linkedin.com/company/vanity,retail apparel and fashion,,516,,,United States,aiark
Vans,vans.com,https://www.vans.com/careers,https://www.linkedin.com/company/vans,Retail,10001+,10575,Costa Mesa,California,United States,aiark+blitz
"Variety Wholesalers, Inc",rosesdiscountstores.com,https://www.rosesdiscountstores.com,https://www.linkedin.com/company/roses-discount-stores,Retail,5001-10000,1693,Henderson,North Carolina,United States,aiark+blitz
Varsity Spirit,varsity.com,http://www.varsity.com,https://www.linkedin.com/company/varsity-spirit,retail apparel and fashion,,1752,Memphis,Tennessee,United States,aiark
Vdara Hotel & Spa,vdara.com,https://vdara.com,https://www.linkedin.com/company/vdara-hotel-&-spa,Hospitality,501-1000,296,Las Vegas,,United States,blitz
Vemma,bodepro.com,http://www.vemma.com,https://www.linkedin.com/company/vemma_4,wellness and fitness services,,2825,Scottsdale,Arizona,United States,aiark
Ventura Foods,venturafoods.com,http://www.venturafoods.com,https://www.linkedin.com/company/ventura-foods,food and beverage manufacturing,,2691,Irvine,California,United States,aiark
VENUS Fashion Inc.,venus.com,https://www.venus.com,https://www.linkedin.com/company/venus,retail,,679,Jacksonville,Florida,United States,aiark
Vera Bradley Designs Inc,verabradley.com,https://www.verabradley.com,https://www.linkedin.com/company/vera-bradley-designs-inc,Retail,5001-10000,38,Roanoke,Indiana,United States,aiark+blitz
"Verizon Authorized Retailer, TCC",tccrocks.com,http://www.tccrocks.com,https://www.linkedin.com/company/tcc-verizon,retail,,1176,Carmel,Indiana,United States,aiark
Veronica Beard,veronicabeard.com,http://www.veronicabeard.com,https://www.linkedin.com/company/veronica-beard,retail apparel and fashion,,528,New York,New York,United States,aiark
Versani,versani.com,http://www.versani.com,https://www.linkedin.com/company/versani,retail luxury goods and jewelry,,1174,New York,New York,United States,aiark
Vf Outlet,vfoutlet.com,https://www.vfoutlet.com,https://www.linkedin.com/company/vf-outlet,Retail,1001-5000,271,Reading,Pennsylvania,United States,blitz
Vf Sportswear,vfc.com,https://www.vfc.com,https://www.linkedin.com/company/vf-sportswear,Retail,501-1000,35,New York,New York,United States,aiark+blitz
VFW Post,dilworthvfw.org,http://dilworthvfw.org,https://www.linkedin.com/company/vfw-post,restaurants,,692,Dilworth,Minnesota,United States,aiark
Vi-Jon,vijon.com,http://www.vijon.com,https://www.linkedin.com/company/vi-jon,manufacturing,,528,St Louis,Missouri,United States,aiark
Via 313 Pizza,via313.com,https://www.via313.com,https://www.linkedin.com/company/via-313-llc,Restaurants,501-1000,201,Austin,Texas,United States,blitz
Viad Corp Is Now Pursuit Nyse Prsu,pursuitcollection.com,https://www.pursuitcollection.com,https://www.linkedin.com/company/viad-corp,Hospitality,1001-5000,72,Denver,Colorado,United States,aiark+blitz
Viceroy Hotels and Resorts,viceroyhotelsandresorts.com,https://www.viceroyhotelsandresorts.com,https://www.linkedin.com/company/viceroyhotelandresorts,Hospitality,1001-5000,1028,West Hollywood,California,United States,aiark+blitz
Victoria’s Secret & Co.,victoriassecret.com,http://careers.victoriassecret.com,https://www.linkedin.com/company/victoria's-secret,retail,,29710,Columbus,Ohio,United States,aiark
Victra - Verizon Authorized Retailer,victra.com,https://www.victra.com,https://www.linkedin.com/company/victra,telecommunications,,4142,Raleigh,North Carolina,United States,aiark
Villa Join The Movement,ruvilla.com,https://www.ruvilla.com/careers,https://www.linkedin.com/company/villa,Retail,1001-5000,214,Philadelphia,,United States,blitz
Villa Restaurant Group,villarestaurantgroup.com,https://www.villarestaurantgroup.com,https://www.linkedin.com/company/villa-restaurant-group,Restaurants,1001-5000,307,Morristown,New Jersey,United States,blitz
Village Inn,villageinn.jobs,https://www.villageinn.jobs,https://www.linkedin.com/company/village-inn-1,Restaurants,5001-10000,2657,Denver,Colorado,United States,aiark+blitz
Village Super Market,myvillagesupermarket.com,https://www.myvillagesupermarket.com,https://www.linkedin.com/company/villagesupermarket,food and beverage services,,516,Springfield Township,New Jersey,United States,aiark
Vince,vince.com,http://www.vince.com,https://www.linkedin.com/company/vincesays,retail apparel and fashion,,784,New York,New York,United States,aiark
vineyard vines,vineyardvines.com,http://www.vineyardvines.com,https://www.linkedin.com/company/vineyard-vines,retail apparel and fashion,,1739,Stamford,Connecticut,United States,aiark
Vintage Group,vintagegroup.ca,https://www.vintagegroup.ca,https://www.linkedin.com/company/vintage-group,Restaurants,501-1000,80,Calgary,Alberta,Canada,blitz
Vintage Hotels,vintage-hotels.com,https://vintage-hotels.com,https://www.linkedin.com/company/vintage-hotels,Hospitality,1001-5000,344,Niagara On The Lake,Ontario,Canada,blitz
Virco,virco.com,http://www.virco.com,https://www.linkedin.com/company/virco,retail office equipment,,526,Torrance,California,United States,aiark
Virgil\'s Real Bbq,virgilsbbq.com,https://www.virgilsbbq.com,https://www.linkedin.com/company/virgil-s-real-bbq,Food and Beverage Services,1001-5000,83,New York,New York,United States,blitz
Virgin Hotels,virginhotels.com,http://www.virginhotels.com,https://www.linkedin.com/company/virgin-hotels,hospitality,,678,Miami,Florida,United States,aiark
Virginia Eagle Distributing Co.,vaeagle.com,https://www.vaeagle.com,https://www.linkedin.com/company/virginia-eagle-distributing-co-,Food and Beverage Services,501-1000,153,Verona,Virginia,United States,blitz
Virginia Tech Dining Services,vt.edu,https://dining.vt.edu,https://www.linkedin.com/company/hokie-dining,food and beverage services,,593,Blacksburg,Virginia,United States,aiark
Virventures,virventures.com,https://www.virventures.com,https://www.linkedin.com/company/virventures-com,Retail,501-1000,22,Houston,Texas,United States,blitz
"Vision Hospitality Group, Inc.",vhghotels.com,https://www.vhghotels.com,https://www.linkedin.com/company/vision-hospitality-group-inc-,Hospitality,1001-5000,338,Chattanooga,Tennessee,United States,blitz
Visionworks of America,visionworks.com,https://www.visionworks.com,https://www.linkedin.com/company/visionworksofamerica,Retail,10001+,3703,San Antonio,Texas,United States,aiark+blitz
"Viskase Companies, Inc.",viskase.com,https://www.viskase.com,https://www.linkedin.com/company/viskase-corporation,packaging and containers manufacturing,,886,Lombard,Illinois,United States,aiark
Vista Host Hotels Management & Development,vistahost.com,https://vistahost.com,https://www.linkedin.com/company/vista-host,Hospitality,1001-5000,190,Houston,Texas,United States,blitz
Vistana Signature Experiences,vistana.com,https://www.vistana.com,https://www.linkedin.com/company/vistana-signature-experiences,Hospitality,5001-10000,969,Orlando,Florida,United States,aiark+blitz
Vistar,vistar.com,https://www.vistar.com,https://www.linkedin.com/company/vistar-a-pfg-company,Food and Beverage Services,1001-5000,1199,Englewood,Colorado,United States,aiark+blitz
Visual Comfort & Co.,visualcomfort.com,https://www.visualcomfort.com,https://www.linkedin.com/company/visual-comfort-&-co,Retail,1001-5000,1284,Houston,Texas,United States,aiark+blitz
Vita Coco,thevitacococompany.com,https://thevitacococompany.com,https://www.linkedin.com/company/the-vita-coco-company,beverage manufacturing,,847,New York,New York,United States,aiark
Vital Farms,vitalfarms.com,https://vitalfarms.com,https://www.linkedin.com/company/vital-farms,Food and Beverage Services,501-1000,503,Austin,Texas,United States,aiark+blitz
Vitamix,vitamix.com,http://www.vitamix.com,https://www.linkedin.com/company/vita-mix-corporation,manufacturing,,801,Olmsted Falls,Ohio,United States,aiark
Vito\'s,vitosseattle.com,https://www.vitosseattle.com,https://www.linkedin.com/company/vito's,Restaurants,10001+,181,Seattle,,United States,blitz
voco Hotels,vocohotels.com,http://www.vocohotels.com,https://www.linkedin.com/company/vocohotels,hospitality,,946,Atlanta,Georgia,United States,aiark
Voila Hotel Rewards,voilahotels.com,https://www.voilahotels.com,https://www.linkedin.com/company/voila-hotel-rewards,Hospitality,1001-5000,7,Newport Beach,California,United States,blitz
VOLCOM,volcom.com,http://www.volcom.com,https://www.linkedin.com/company/volcom,retail apparel and fashion,,940,Costa Mesa,California,United States,aiark
Von Hansons Meats,vonhansons.com,https://vonhansons.com,https://www.linkedin.com/company/von-hansons-meats,Retail,1001-5000,75,Shakopee,Minnesota,United States,blitz
Von Maur,vonmaur.com,https://www.vonmaur.com,https://www.linkedin.com/company/von-maur,Retail,1001-5000,2120,Davenport,Iowa,United States,aiark+blitz
VONS,vons.com,http://www.vons.com,https://www.linkedin.com/company/vons,retail,,7150,Ventura,California,United States,aiark
Voyant Beauty,voyantbeauty.com,http://www.voyantbeauty.com,https://www.linkedin.com/company/voyantbeauty,personal care product manufacturing,,1253,Hodgkins,Illinois,United States,aiark
VPNE,vpne.com,https://www.vpne.com,https://www.linkedin.com/company/vpne,Hospitality,1001-5000,860,Hingham,Massachusetts,United States,aiark+blitz
Vuori,vuoriclothing.com,https://www.vuoriclothing.com,https://www.linkedin.com/company/vuori-inc-,retail apparel and fashion,,2407,Carlsbad,California,United States,aiark
"Vvs Canteen, Inc",vvscanteen.com,https://vvscanteen.com,https://www.linkedin.com/company/vvs-canteen-inc.,Food and Beverage Services,501-1000,156,Cozad,Nebraska,United States,blitz
W.B. Mason Company Inc.,wbmason.com,http://www.wbmason.com,https://www.linkedin.com/company/wb-mason,retail office equipment,,2283,Brockton,Massachusetts,United States,aiark
"W.H. Braum, Inc",braums.com,https://www.braums.com,https://www.linkedin.com/company/braumscareers,Restaurants,10001+,51,Oklahoma City,Oklahoma,United States,aiark+blitz
W.S. Badcock Corporation,badcock.com,https://www.badcock.com,https://www.linkedin.com/company/w.s.-badcock-corporation,Retail,1001-5000,735,Mulberry,Florida,United States,aiark+blitz
"Waffle House, Inc.",wafflehouse.com,https://www.wafflehouse.com,https://www.linkedin.com/company/waffle-house,restaurants,,28435,Norcross,Georgia,United States,aiark
Wag Hotels,waghotels.com,https://www.waghotels.com,https://www.linkedin.com/company/wag-hotels,Hospitality,501-1000,299,Sacramento,California,United States,blitz
Waiter.com,waiter.com,https://www.waiter.com,https://www.linkedin.com/company/waiter-com,food and beverage services,,907,Mountain View,California,United States,aiark
Wakefern Food Corp.,wakefern.com,https://www2.wakefern.com,https://www.linkedin.com/company/wakefern-food-corp-,Retail,10001+,30916,Keasbey,New Jersey,United States,aiark+blitz
Wal-Mart Puerto Rico Inc,walmartpr.com,https://walmartpr.com,https://www.linkedin.com/company/wal-mart-puerto-rico-inc.,Retail,5001-10000,15,Caguas,,United States,blitz
Waldorf Astoria Orlando,waldorfastoriaorlando.com,https://www.waldorfastoriaorlando.com,https://www.linkedin.com/company/waldorf-astoria-orlando,Hospitality,501-1000,107,Orlando,Florida,United States,blitz
Walgreens,walgreens.com,http://www.walgreens.com,https://www.linkedin.com/company/walgreens,retail,,95691,Deerfield,Illinois,United States,aiark
Walgreens Boots Alliance,walgreensbootsalliance.com,http://www.walgreensbootsalliance.com,https://www.linkedin.com/company/walgreens-boots-alliance,retail,,138937,Deerfield,Illinois,United States,aiark
Walk-On's Bistreaux & Bar,walk-ons.com,https://www.walk-ons.com,https://www.linkedin.com/company/walk-on's-bistreaux-&-bar,Restaurants,501-1000,511,Baton Rouge,Louisiana,United States,aiark+blitz
Wall Street Oasis,wallstreetoasis.com,https://www.wallstreetoasis.com/academy?affiliate=socialwinner-linkedin,https://www.linkedin.com/company/wall-street-oasis,financial services,,793,Saratoga,California,United States,aiark
Walmart,bit.ly,https://bit.ly/3ibowlz,https://www.linkedin.com/company/walmart,Retail,10001+,495855,Bentonville,Arkansas,United States,aiark+blitz
Walmart,walmart.com,https://bit.ly/3IBowlZ,https://www.linkedin.com/company/walmart,retail,,452856,Bentonville,Arkansas,United States,aiark
Walmart Marketplace Canada,walmart.ca,https://www.walmart.ca/en/marketplace,https://www.linkedin.com/company/walmart-marketplace-canada,Retail,501-1000,93,Mississauga,Ontario,Canada,aiark+blitz
Walser Automotive Group,walsercareers.com,http://www.walsercareers.com,https://www.linkedin.com/company/walser-automotive-group,motor vehicle manufacturing,,983,Bloomington,Minnesota,United States,aiark
Walt Disney World,disneycareers.com,http://www.waltdisneyworld.jobs,https://www.linkedin.com/company/walt-disney-world,entertainment providers,,26721,Lake Buena Vista,Florida,United States,aiark
Walt Disney World Swan And Dolphin,swandolphin.com,https://www.swandolphin.com,https://www.linkedin.com/company/walt-disney-world-swan-and-dolphin,Hospitality,1001-5000,667,Orlando,,United States,aiark+blitz
Walters & Mason Retail Inc,altardstate.com,https://altardstate.com,https://www.linkedin.com/company/walters-&-mason-retail-inc.,Retail,501-1000,,Knoxville,Tennessee,United States,aiark+blitz
Warby Parker,warbyparker.com,https://www.warbyparker.com/jobs,https://www.linkedin.com/company/warbyparker,retail apparel and fashion,,2686,New York,New York,United States,aiark
Warners' Stellian Appliance Co. Inc.,warnersstellian.com,https://www.warnersstellian.com,https://www.linkedin.com/company/warnersstellian,Retail,501-1000,261,St. Paul,Minnesota,United States,blitz
Waterford Hotel Group,waterfordhotelgroup.com,https://waterfordhotelgroup.com,https://www.linkedin.com/company/waterford-hotel-group,Hospitality,1001-5000,311,Waterford,Connecticut,United States,blitz
Waterway Carwash,waterway.com,https://www.waterway.com/our-people,https://www.linkedin.com/company/waterwaycarwash,retail,,840,Chesterfield,Missouri,United States,aiark
Watson\'s,watsons.com,https://www.watsons.com,https://www.linkedin.com/company/watsons,Retail,501-1000,569,Sharonville,Ohio,United States,aiark+blitz
"Wawa, Inc.",wawa.com,https://www.wawa.com,https://www.linkedin.com/company/wawa-inc-,Retail,10001+,21526,Wawa,Pennsylvania,United States,aiark+blitz
Wayback Burgers,waybackburgers.com,https://waybackburgers.com/franchising/?utm_source=LinkedIn&utm_medium=MainProfile&utm_campaign=homepage&utm_id=001,https://www.linkedin.com/company/waybackburgersfranchising,food and beverage services,,720,Cheshire,Connecticut,United States,aiark
Wayfair,aboutwayfair.com,http://aboutwayfair.com/careers,https://www.linkedin.com/company/wayfair,retail,,12415,Boston,Massachusetts,United States,aiark
Waypoint,asmwaypoint.com,https://www.acxion.com,https://www.linkedin.com/company/waypointwinningasone,food and beverage services,,735,Tustin,California,United States,aiark
We&Co,weand.co,http://weand.co,https://www.linkedin.com/company/we&co,hospitality,,1258,Atlanta,Georgia,United States,aiark
Weber LLC,weber.com,http://www.weber.com,https://www.linkedin.com/company/webergrills,manufacturing,,1444,Palatine,Illinois,United States,aiark
Wedgewood,wedgewoodpharmacy.com,http://www.wedgewood.com,https://www.linkedin.com/company/wedgewoodpetrx,retail,,801,Swedesboro,New Jersey,United States,aiark
Wedgewood Weddings & Events,wedgewoodweddings.com,http://www.wedgewoodweddings.com,https://www.linkedin.com/company/wedgewood-weddings,hospitality,,761,Temecula,California,United States,aiark
Weee!,sayweee.com,http://www.sayweee.com,https://www.linkedin.com/company/weee-,software development,,943,Fremont,California,United States,aiark
Wegmans Food Markets,wegmans.com,https://jobs.wegmans.com,https://www.linkedin.com/company/wegmans-food-markets,Retail,10001+,22503,Rochester,New York,United States,aiark+blitz
Weigels Inc.,weigels.com,http://www.weigels.com,https://www.linkedin.com/company/weigels-inc.,retail,,566,Powell,Tennessee,United States,aiark
Weight Watchers International Inc,weightwatchersinternational.com,https://weightwatchersinternational.com,https://www.linkedin.com/company/weight-watchers-international-inc,Retail,10001+,100,New York,New York,United States,blitz
WEINS Auto Group,weinsautogroup.com,https://www.weinsautogroup.com,https://www.linkedin.com/company/weins-auto-group,motor vehicle manufacturing,,841,Markham,Ontario,Canada,aiark
Weis Markets,weismarkets.com,https://jobs.weismarkets.com,https://www.linkedin.com/company/weis-markets,Retail,10001+,8022,Sunbury,Pennsylvania,United States,aiark+blitz
Welbilt Inc.,welbilt.com,https://www.welbilt.com,https://www.linkedin.com/company/welbilt,Food and Beverage Services,5001-10000,942,Vernon Hills,Illinois,United States,aiark+blitz
Welch's,welchs.com,http://www.welchs.com,https://www.linkedin.com/company/welch's,manufacturing,,803,Waltham,Massachusetts,United States,aiark
Welk Resorts,welkresorts.com,,https://www.linkedin.com/company/welk-resort-group,hospitality,,567,San Marcos,California,United States,aiark
Wells Enterprises,wellsenterprisesinc.com,http://www.wellsenterprisesinc.com,https://www.linkedin.com/company/wells-enterprises,food and beverage manufacturing,,1934,Le Mars,Iowa,United States,aiark
Wendcentral Corporation,wendcentral.com,https://wendcentral.com,https://www.linkedin.com/company/wendcentral-corporation,Restaurants,1001-5000,13,Cortland,New York,United States,aiark+blitz
"Wendy's (Pertoria, Inc.)",wendysnwo.com,http://www.wendysnwo.com,https://www.linkedin.com/company/wendy's-pertoria-inc.-,restaurants,,5377,Perrysburg,Ohio,United States,aiark
"Wendy\'s Of Bowling Green, Inc",wenbg.com,https://www.wenbg.com,https://www.linkedin.com/company/wendy's-of-bowling-green-inc.,Hospitality,1001-5000,308,Bowling Green,Kentucky,United States,blitz
Wesco Inc.,gowesco.com,https://www.gowesco.com,https://www.linkedin.com/company/gowesco,Food and Beverage Services,1001-5000,465,Laketon Township,Michigan,United States,blitz
West Central Cooperative,landuscooperative.com,https://www.landuscooperative.com,https://www.linkedin.com/company/west-central-coop,Retail,501-1000,68,Ralston,Iowa,United States,blitz
West Liberty Foods,wlfoods.com,http://www.wlfoods.com,https://www.linkedin.com/company/west-liberty-foods,food and beverage manufacturing,,1192,West Liberty,Iowa,United States,aiark
West Marine,westmarine.com,https://www.westmarine.com,https://www.linkedin.com/company/west-marine,Retail,1001-5000,2016,Fort Lauderdale,Florida,United States,aiark+blitz
Western Milling,westernmilling.com,https://www.westernmilling.com,https://www.linkedin.com/company/westernmilling,Food and Beverage Services,501-1000,235,Goshen,California,United States,blitz
Western States,wsel.com,http://www.wsel.com,https://www.linkedin.com/company/western-states-envelope-&-label,paper and forest product manufacturing,,824,Butler,Wisconsin,United States,aiark
Westgate Resorts,westgateresorts.com,https://www.westgateresorts.com,https://www.linkedin.com/company/westgateresorts,Hospitality,5001-10000,5041,Orlando,Florida,United States,aiark+blitz
Westin Hotels & Resorts,westin.com,https://westin.com/letsrise,https://www.linkedin.com/company/westin-hotels-&-resorts,Hospitality,5001-10000,8603,Bethesda,Maryland,United States,aiark+blitz
Westlake Ace Hardware,westlakehardware.com,https://www.westlakehardware.com,https://www.linkedin.com/company/westlake-hardware,Retail,1001-5000,839,Lenexa,,United States,aiark+blitz
Westmont Hospitality,whg.com,http://www.whg.com,https://www.linkedin.com/company/westmont-hospitality-group,hospitality,,683,Houston,Texas,United States,aiark
Weston Foods,westonfoodscanada.ca,http://www.westonfoods.com,https://www.linkedin.com/company/weston-foods-,food and beverage manufacturing,,790,Toronto,Ontario,Canada,aiark
Westrock Coffee Company,westrockcoffee.com,https://westrockcoffee.com,https://www.linkedin.com/company/westrock-coffee-company,Food and Beverage Services,1001-5000,896,Little Rock,Arkansas,United States,aiark+blitz
"Wet Seal, LLC",wetsealcareers.com,http://wetsealcareers.com,https://www.linkedin.com/company/wet-seal-inc,retail,,743,Irvine,California,United States,aiark
"Wetzel's Pretzels, LLC",wetzels.com,http://www.wetzels.com,https://www.linkedin.com/company/wetzel's-pretzels-llc,food and beverage services,,946,Pasadena,California,United States,aiark
Wharf Casual Seafood,wharfcasualseafood.com,https://wharfcasualseafood.com,https://www.linkedin.com/company/wharf-casual-seafood,Restaurants,501-1000,54,Montgomery,Alabama,United States,blitz
Whataburger,whataburger.com,https://www.whataburger.com,https://www.linkedin.com/company/whataburger,Restaurants,10001+,24995,San Antonio,Texas,United States,aiark+blitz
Which Wich Superior Sandwiches,whichwichfranchising.com,http://www.whichwichfranchising.com,https://www.linkedin.com/company/which-wich-superior-sandwiches,restaurants,,983,Dallas,Texas,United States,aiark
Whiskey Cake Kitchen & Bar,whiskeycake.com,https://www.whiskeycake.com,https://www.linkedin.com/company/whiskeycake,Restaurants,501-1000,321,Plano,Texas,United States,blitz
White Castle,whitecastle.com,http://www.whitecastle.com,https://www.linkedin.com/company/white-castle,restaurants,,5095,Columbus,Ohio,United States,aiark
White House Black Market,whitehouseblackmarket.com,https://www.whitehouseblackmarket.com/store,https://www.linkedin.com/company/white-house-black-market,Retail,1001-5000,2926,Fort Myers,Florida,United States,aiark+blitz
White Lodging,whitelodging.com,http://www.whitelodging.com,https://www.linkedin.com/company/white-lodging,hospitality,,3325,Merrillville,Indiana,United States,aiark
White Spot,whitespot.ca,https://www.whitespot.ca,https://www.linkedin.com/company/white-spot,Restaurants,1001-5000,1052,Vancouver,British Columbia,Canada,aiark+blitz
WhiteWater Express Car Wash,whitewatercw.com,https://www.whitewatercw.com,https://www.linkedin.com/company/white-water-express,Retail,1001-5000,404,Houston,Texas,United States,blitz
Whitlock Packaging,refresco.com,https://www.refresco.com,https://www.linkedin.com/company/whitlock-packaging,Food and Beverage Services,5001-10000,83,Wharton,New Jersey,United States,blitz
Whitsons Culinary Group,whitsons.com,http://www.whitsons.com,https://www.linkedin.com/company/whitsons-culinary-group,food and beverage manufacturing,,1007,Islandia,New York,United States,aiark
Whole Foods Market,wholefoodsmarket.com,https://www.wholefoodsmarket.com/careers,https://www.linkedin.com/company/whole-foods-market,Retail,10001+,41781,Austin,Texas,United States,aiark+blitz
Wienerschnitzel,wienerschnitzelfranchise.com,https://wienerschnitzelfranchise.com,https://www.linkedin.com/company/wienerschnitzel,restaurants,,772,Irvine,California,United States,aiark
Wilbur-Ellis,wilburellis.com,http://www.wilburellis.com,https://www.linkedin.com/company/wilbur-ellis-company,chemical manufacturing,,1757,Denver,Colorado,United States,aiark
Wilco,wilco.coop,https://www.wilco.coop,https://www.linkedin.com/company/wilco,Retail,1001-5000,685,Mount Angel,Oregon,United States,aiark+blitz
Wilcohess,wilcohess.com,https://wilcohess.com/home,https://www.linkedin.com/company/wilcohess-llc,Retail,1001-5000,186,Winston-Salem,North Carolina,United States,blitz
"Wild Birds Unlimited, Inc.",wbu.com,http://www.wbufranchise.com,https://www.linkedin.com/company/wild-birds-unlimited-inc.,retail,,600,Carmel,Indiana,United States,aiark
Wild Wing Cafe,wildwingcafe.com,http://Wing.com,https://www.linkedin.com/company/wild-wing-cafe,restaurants,,861,Charlotte,North Carolina,United States,aiark
Wilderness At The Smokies,wildernessatthesmokies.com,https://wildernessatthesmokies.com,https://www.linkedin.com/company/wildernessatthesmokies,Hospitality,501-1000,243,Sevierville,Tennessee,United States,blitz
Wilderness Resort in Wisconsin Dells,wildernessresort.com,https://www.wildernessresort.com,https://www.linkedin.com/company/wilderness-territory,Hospitality,501-1000,347,Wisconsin Dells,Wisconsin,United States,blitz
"Williams-Sonoma, Inc.",williams-sonomainc.com,https://www.williams-sonomainc.com,https://www.linkedin.com/company/williams-sonoma-inc-,Retail,10001+,14007,San Francisco,California,United States,aiark+blitz
Willie\'s Grill & Icehouse Llc,williesgrillandicehouse.com,https://williesgrillandicehouse.com,https://www.linkedin.com/company/willie's-grill-&-icehouse-llc,Restaurants,1001-5000,68,Houston,Texas,United States,blitz
Willie\'s Restaurants,williesrestaurants.com,https://www.williesrestaurants.com,https://www.linkedin.com/company/willie's-restaurants,Restaurants,501-1000,373,Houston,Texas,United States,blitz
Wilmar,wilmarllc.com,https://wilmarllc.com,https://www.linkedin.com/company/wilmar,wholesale,,539,Kent,Washington,United States,aiark
Wilson Farms,wilsonfarms.com,https://www.wilsonfarms.com,https://www.linkedin.com/company/wilson-farms,Retail,1001-5000,175,Williamsville,New York,United States,blitz
Wilson Sporting Goods Co.,wilson.com,https://www.wilson.com/en-us/explore/careers,https://www.linkedin.com/company/wilson-sporting-goods,retail,,1826,Chicago,Illinois,United States,aiark
Wilsons Leather,wilsonsleather.com,http://www.wilsonsleather.com,https://www.linkedin.com/company/wilsons-leather,retail,,559,brooklyn park,minnesota,united states,aiark
Wilton Brands,wilton.com,http://www.wilton.com,https://www.linkedin.com/company/wilton-brands,manufacturing,,534,Naperville,Illinois,United States,aiark
WinCo Foods,wincofoods.com,http://www.wincofoods.com,https://www.linkedin.com/company/winco-foods,retail,,7342,Boise,Idaho,United States,aiark
Windsor Fashions,windsorstore.com,http://www.windsorstore.com,https://www.linkedin.com/company/windsor-fashions,retail apparel and fashion,,2481,Santa Fe Springs,California,United States,aiark
Windsor Hospitality,windsorhospitality.com,https://windsorhospitality.com,https://www.linkedin.com/company/windsor-hospitality,Hospitality,501-1000,165,Santa Monica,California,United States,blitz
Winegardner & Hammons Hotel Group,whhotelgroup.com,https://www.whhotelgroup.com,https://www.linkedin.com/company/winegardner-&-hammons,Hospitality,10001+,129,Cincinnati,Ohio,United States,blitz
WineShop At Home,wineshopathome.com,https://www.wineshopathome.com,https://www.linkedin.com/company/wineshopathome,beverage manufacturing,,508,American Canyon,California,United States,aiark
Wingers Restaurants,wingerbros.com,https://www.wingerbros.com,https://www.linkedin.com/company/wingers-restaurant,Restaurants,1001-5000,306,Salt Lake City,Utah,United States,blitz
Winghouse Florida,winghouse.com,https://www.winghouse.com,https://www.linkedin.com/company/ker's-winghouse,Restaurants,1001-5000,401,Largo,Florida,United States,blitz
Wings and Rings,ownwingsandrings.com,https://ownwingsandrings.com,https://www.linkedin.com/company/buffalo-wings-and-rings,restaurants,,794,Loveland,Ohio,United States,aiark
Wings Etc. Inc.,wingsetc.com,http://www.wingsetc.com,https://www.linkedin.com/company/wings-etc,restaurants,,902,Fort Wayne,Indiana,United States,aiark
Wingstop Restaurants Inc.,wingstop.com,https://www.wingstop.com/careers,https://www.linkedin.com/company/wingstop-restaurants-inc-,restaurants,,15710,Dallas,Texas,United States,aiark
Winland Foods,winlandfoods.com,http://www.winlandfoods.com,https://www.linkedin.com/company/winland-foods,food and beverage manufacturing,,931,Oak Brook,Illinois,United States,aiark
Winn-Dixie,winn-dixie.com,http://www.winn-dixie.com,https://www.linkedin.com/company/winn-dixie-stores,retail,,14050,Jacksonville,Florida,United States,aiark
Winpak,winpak.com,http://www.winpak.com,https://www.linkedin.com/company/winpak,packaging and containers manufacturing,,1205,Winnipeg,Manitoba,Canada,aiark
Winshape Camps,winshapecamps.org,https://www.winshapecamps.org,https://www.linkedin.com/company/winshape-camps,Hospitality,501-1000,185,Atlanta,Georgia,United States,blitz
Winston Hospitality,winstonhospitality.com,https://winstonhospitality.com,https://www.linkedin.com/company/winston-hospitality-inc.,Hospitality,501-1000,84,Raleigh,North Carolina,United States,blitz
Winston Retail,winstonretail.com,https://www.winstonretail.com,https://www.linkedin.com/company/winston-retail-solutions,Retail,1001-5000,1402,New York,New York,United States,aiark+blitz
Wireless Zone LLC,wirelesszone.com,http://www.wirelesszone.com,https://www.linkedin.com/company/wireless-zone-llc,telecommunications,,915,Rocky Hill,Connecticut,United States,aiark
WIS International,wisintl.com,http://www.wisintl.com,https://www.linkedin.com/company/wis-international,business consulting and services,,8789,Plano,Texas,United States,aiark
"Wis-Pak, Inc.",wis-pak.com,https://wis-pak.com,https://www.linkedin.com/company/wispakinc,Food and Beverage Services,501-1000,356,Watertown,Wisconsin,United States,blitz
Wish Farms,wishfarms.com,https://www.wishfarms.com,https://www.linkedin.com/company/wishfarms,Food and Beverage Services,501-1000,112,Plant City,Florida,United States,blitz
WK Kellogg Co,wkkellogg.com,https://www.wkkellogg.com/en-us/home.html,https://www.linkedin.com/company/wk-kellogg-co,food and beverage manufacturing,,1316,Battle Creek,Michigan,United States,aiark
WKS Restaurant Group,wksusa.com,https://www.wksusa.com,https://www.linkedin.com/company/wks-restaurant-group,Restaurants,10001+,504,Cypress,California,United States,blitz
WOB Bar & Kitchen,worldofbeer.com,http://www.worldofbeer.com,https://www.linkedin.com/company/world-of-beer-franchising-inc,restaurants,,798,Tampa,Florida,United States,aiark
Wolf Retail Solutions I Inc,wolfretailsolutions.com,https://www.wolfretailsolutions.com,https://www.linkedin.com/company/wolf-retail-solutions-inc-,Retail,1001-5000,87,Tampa,Florida,United States,blitz
Wolfgang Puck,wolfgangpuck.com,http://www.wolfgangpuck.com,https://www.linkedin.com/company/wolfgang-puck,food and beverage services,,665,Los Angeles,Ca - California,United States,aiark
Wolfgang Puck Catering,wolfgangpuckcatering.com,https://www.wolfgangpuckcatering.com,https://www.linkedin.com/company/wolfgang-puck-catering,Hospitality,1001-5000,831,West Hollywood,California,United States,aiark+blitz
Wolverine Worldwide,wolverineworldwide.com,https://www.wolverineworldwide.com,https://www.linkedin.com/company/wolverineworldwide,retail apparel and fashion,,4688,Rockford,Michigan,United States,aiark
"Womack Restaurants, Inc",workatpopeyes.com,https://www.workatpopeyes.com,https://www.linkedin.com/company/womack-restaurants-inc-,Restaurants,501-1000,15,Indianapolis,Indiana,United States,blitz
Wonder,wonder.com,http://www.wonder.com,https://www.linkedin.com/company/wonderco,food and beverage services,,10180,New York,,United States,aiark
Wonderful Citrus,wonderfulcitrus.com,http://www.wonderfulcitrus.com,https://www.linkedin.com/company/wonderful-citrus,food and beverage manufacturing,,1111,Delano,California,United States,aiark
Wonderful Pistachios & Almonds,wonderfulpistachiosandalmonds.com,http://www.wonderfulpistachiosandalmonds.com,https://www.linkedin.com/company/wonderful-pistachios-and-almonds,food and beverage manufacturing,,615,Los Angeles,California,United States,aiark
Woodhouse Auto Family,woodhouse.com,https://www.woodhouse.com/careers,https://www.linkedin.com/company/woodhouse-auto-family,motor vehicle manufacturing,,618,Omaha,Nebraska,United States,aiark
Woodloch Resort,woodloch.com,https://www.woodloch.com,https://www.linkedin.com/company/woodloch,Hospitality,501-1000,299,Hawley,Pennsylvania,United States,blitz
Woodman's Food Markets,woodmans-food.com,http://www.woodmans-food.com,https://www.linkedin.com/company/woodmansfood,retail groceries,,1371,Janesville,Wisconsin,United States,aiark
Woods Supermarket,woodssupermarket.com,https://www.woodssupermarket.com,https://www.linkedin.com/company/woods-supermarket,Retail,501-1000,273,Bolivar,Missouri,United States,blitz
WoodSpring Suites,woodspring.com,https://www.woodspring.com/ourbrand,https://www.linkedin.com/company/woodspring-suites,Hospitality,1001-5000,1082,North Bethesda,Maryland,United States,aiark+blitz
Woof Gang Bakery & Grooming,woofgangbakery.com,https://woofgangfranchise.com,https://www.linkedin.com/company/woofgangbakery,retail,,698,Orlando,Florida,United States,aiark
Workwear Outfitters,wwof.com,http://www.wwof.com,https://www.linkedin.com/company/workwear-outfitters,retail apparel and fashion,,1143,Nashville,Tennessee,United States,aiark
World And Main,worldandmain.com,https://www.worldandmain.com,https://www.linkedin.com/company/world-and-main,Retail,501-1000,84,Cranbury,New Jersey,United States,blitz
World Market,worldmarket.com,https://www.worldmarket.com,https://www.linkedin.com/company/cost-plus-world-market,Retail,1001-5000,4172,Alameda,California,United States,aiark+blitz
"WORLD VENTURES, L.L.C.",worldventures.biz,http://cityscape.worldventures.biz,https://www.linkedin.com/company/world-ventures-l.l.c.,hospitality,,941,Phoenix,Arizona,United States,aiark
World's Finest® Chocolate,worldsfinestchocolate.com,http://www.worldsfinestchocolate.com,https://www.linkedin.com/company/world's-finest-chocolate,food and beverage manufacturing,,512,Chicago,Illinois,United States,aiark
Worldwide Produce,wwproduce.com,https://wwproduce.com,https://www.linkedin.com/company/worldwide-produce,Food and Beverage Services,501-1000,4,Los Angeles,California,United States,blitz
Wrangler,wrangler.com,http://www.wrangler.com,https://www.linkedin.com/company/wrangler-apparel-co,retail apparel and fashion,,1028,Greesnboro,North Carolina,United States,aiark
WSS / Foot Locker,shopwss.com,http://www.shopwss.com,https://www.linkedin.com/company/shopwss,retail apparel and fashion,,1320,Gardena,California,United States,aiark
Wyld,wyldcanna.com,http://www.wyldcanna.com,https://www.linkedin.com/company/wyldcanna,manufacturing,,506,Clackamas,Oregon,United States,aiark
Wyndham Destinations,wyndhamdestinations.com,https://www.linkedin.com/company/travelleisureco,https://www.linkedin.com/company/wyndham-destinations,hospitality,,8748,Orlando,Florida,United States,aiark
Wyndham Hotels & Resorts,wyndhamhotels.com,https://corporate.wyndhamhotels.com,https://www.linkedin.com/company/wyndhamhotels,Hospitality,1001-5000,10314,Parsippany,New Jersey,United States,aiark+blitz
Wynn Las Vegas,wynnlasvegas.com,https://www.wynnlasvegas.com,https://www.linkedin.com/company/wynnlasvegas,Hospitality,10001+,4838,Las Vegas,Nevada,United States,aiark+blitz
Wynn Resorts,wynnresorts.com,https://wynnresorts.com,https://www.linkedin.com/company/wynnresorts,Hospitality,10001+,7108,Las Vegas,Nevada,United States,aiark+blitz
Xanterra,xanterra.com,https://www.xanterra.com,https://www.linkedin.com/company/xanterra,Hospitality,10001+,180,Greenwood Village,Colorado,United States,blitz
Xanterra Travel Collection,xanterrajobs.com,https://www.xanterrajobs.com/main/xanterra/home,https://www.linkedin.com/company/xanterra-travel-collection,Hospitality,5001-10000,2027,Greenwood Village,Colorado,United States,aiark+blitz
XXX,swaggertag.com,http://apple.com,https://www.linkedin.com/company/swaggertag,retail,,1733,Cupertino,California,United States,aiark
Ya YA Foods Corp.,yayafoods.com,https://www.yayafoods.com,https://www.linkedin.com/company/yaya-foods-corp.,Food and Beverage Services,1001-5000,558,Toronto,Ontario,Canada,aiark+blitz
Yaamava' Resort & Casino at San Manuel,sanmanuelcareers.com,https://www.sanmanuelcareers.com,https://www.linkedin.com/company/yaamava-resort-casino-at-san-manuel,hospitality,,2475,Highland,California,United States,aiark
Yard House Restaurants,yardhouse.com,http://www.yardhouse.com/careers,https://www.linkedin.com/company/yard-house-restaurants,restaurants,,2558,,,United States,aiark
Yelloh,yelloh.com,https://www.yelloh.com,https://www.linkedin.com/company/yellohdelivery,retail,,753,Marshall,Minnesota,United States,aiark
Yellowstone Club,yellowstoneclub.com,https://www.yellowstoneclub.com,https://www.linkedin.com/company/yellowstone-club,Hospitality,1001-5000,822,Big Sky,Montana,United States,aiark+blitz
Yesway,yesway.com,http://www.yesway.com,https://www.linkedin.com/company/yeswaystores,retail,,874,Fort Worth,Texas,United States,aiark
Yhb Hospitality Group,yhbhospitality.com,https://www.yhbhospitality.com,https://www.linkedin.com/company/yhb-hospitality-group,Hospitality,501-1000,29,Long Beach,California,United States,blitz
Ym Hospitality,ymhospitality.com,https://ymhospitality.com,https://www.linkedin.com/company/ym-management-group,Hospitality,501-1000,12,Stockbridge,Georgia,United States,blitz
YM INC.,ym-inc.com,http://www.ym-inc.com,https://www.linkedin.com/company/ym-inc.,retail,,1311,,,Canada,aiark
Yogen Früz,yogenfruz.com,http://www.yogenfruz.com,https://www.linkedin.com/company/yogen-fruz,food and beverage services,,511,Ontario,,Canada,aiark
Yogurtland,yogurt-land.com,http://www.yogurtland.com,https://www.linkedin.com/company/yogurtland,food and beverage services,,1059,Dallas,Texas,United States,aiark
Yoshinoya America,yoshinoyaamerica.com,https://www.yoshinoyaamerica.com,https://www.linkedin.com/company/yoshinoya-america,Restaurants,1001-5000,742,Torrance,California,United States,aiark+blitz
Younes Hospitality,younes.com,https://www.younes.com,https://www.linkedin.com/company/younes-hospitality,Hospitality,501-1000,170,Kearney,Nebraska,United States,blitz
"Young Musicians, Inc",young-musicians.com,https://www.young-musicians.com,https://www.linkedin.com/company/young-musicians-inc.,Retail,10001+,3,Keller,,United States,blitz
Younique Products,youniqueproducts.com,http://www.youniqueproducts.com,https://www.linkedin.com/company/younique-products,retail,,4469,Lehi,Utah,United States,aiark
Younkers,younkers.com,https://younkers.com,https://www.linkedin.com/company/younkers,Retail,10001+,614,Milwaukee,Wisconsin,United States,aiark+blitz
Your Mom's Basement,yourmomsbasementonline.com,http://www.yourmomsbasementonline.com,https://www.linkedin.com/company/your-mom's-basement,retail,,1350,White Bear Township,Minnesota,United States,aiark
Your Mom's House,toyourmomshouse.com,https://yourmoms.com,https://www.linkedin.com/company/your-mom-s-house,retail,,1343,Belmont,California,United States,aiark
Yugo,yugo.com,https://www.yugo.com,https://www.linkedin.com/company/yugo-student,hospitality,,1023,Austin,Texas,United States,aiark
Yum! Brands,yum.com,https://www.yum.com,https://www.linkedin.com/company/yum-brands,Restaurants,1001-5000,7665,Louisville,Kentucky,United States,aiark+blitz
Z Gallerie,zgallerie.com,https://www.zgallerie.com,https://www.linkedin.com/company/z-gallerie,Retail,501-1000,926,Gardena,California,United States,aiark+blitz
Z Wireless - Verizon Premium Wireless Retailer,awireless.com,https://www.awireless.com,https://www.linkedin.com/company/z-wireless-verizon-premium-wireless-retailer,Retail,5001-10000,159,Greenville,North Carolina,United States,blitz
Z-Trim Ingredients,ztrim.com,http://www.ztrim.com,https://www.linkedin.com/company/z-trim-ingredients,accounting,,608,Abc,,United States,aiark
Zachry Hospitality,zachryhotels.com,https://www.zachryhospitality.com,https://www.linkedin.com/company/zachry-hospitality,Hospitality,501-1000,70,San Antonio,Texas,United States,blitz
Zales Jewelers,zalecorp.com,https://www.zales.com,https://www.linkedin.com/company/zalesjewelers,Retail,10001+,2710,Irving,Texas,United States,aiark+blitz
ZALES JEWELERS,zeetinsights.com,http://www.zales.com,https://www.linkedin.com/company/zales-jewelers,retail,,909,Hayward,California,United States,aiark
Zappos,zappos.com,https://www.zappos.com,https://www.linkedin.com/company/zappos.com,Retail,1001-5000,840,Las Vegas,Nevada,United States,aiark+blitz
Zara Kids,yorkdale.com,https://yorkdale.com/stores/zara,https://www.linkedin.com/company/zara-kids,retail apparel and fashion,,778,Fairbanks,Alaska,United States,aiark
Zax LLC,zaxjobs.com,https://zaxjobs.com,https://www.linkedin.com/company/zax-llc,food and beverage services,,1456,watkinsville,georgia,united states,aiark
Zaxbys,zaxbys.com,http://www.zaxbys.com,https://www.linkedin.com/company/zaxbys,restaurants,,13883,Atlanta,Georgia,United States,aiark
Zaxbys Restaurants,,,https://www.linkedin.com/company/zaxbys-restaurants,retail,,842,Athens,Georgia,United States,aiark
Zehnder\'s Of Frankenmuth,zehnders.com,https://www.zehnders.com,https://www.linkedin.com/company/zehnder's-of-frankenmuth,Hospitality,501-1000,237,Frankenmuth,Michigan,United States,blitz
Zehrs,,,https://www.linkedin.com/company/zehrs,retail groceries,,760,Kingsville,Ontario,Canada,aiark
Zehrs Markets,zehrs.ca,http://www.zehrs.ca,https://www.linkedin.com/company/zehrs-markets,retail,,791,Brampton,On,Canada,aiark
Zellers,allthelist.com,https://allthelist.com,https://www.linkedin.com/company/zellers,retail,,773,,,Canada,aiark
Zep Inc.,zep.com,http://www.zep.com,https://www.linkedin.com/company/zep-inc,chemical manufacturing,,1315,Atlanta,Georgia,United States,aiark
Zinpro Corporation,zinpro.com,https://www.zinpro.com,https://www.linkedin.com/company/zinpro-corporation,food and beverage manufacturing,,512,Eden Prairie,Minnesota,United States,aiark
Zips Car Wash LLC,zipscarwash.com,http://zipscarwash.com,https://www.linkedin.com/company/zips-car-wash-llc,retail,,869,Plano,Texas,United States,aiark
Zoes Kitchen,zoeskitchen.com,http://www.zoeskitchen.com,https://www.linkedin.com/company/zoes-kitchen,restaurants,,960,Plano,,United States,aiark
Zoro.com,zoro.com,https://bit.ly/3NEKfNb,https://www.linkedin.com/company/zoro_us,retail office equipment,,815,Chicago,Illinois,United States,aiark
Zulily,zulily.com,https://www.zulily.com,https://www.linkedin.com/company/zulily,Retail,501-1000,1068,Salt Lake City,Utah,United States,aiark+blitz
Zumiez,zumiez.com,https://www.zumiez.com,https://www.linkedin.com/company/zumiez,Retail,5001-10000,5330,Lynnwood,Washington,United States,aiark+blitz
Zx Ventures,zx-ventures.com,https://zx-ventures.com,https://www.linkedin.com/company/zx-ventures,Food and Beverage Services,1001-5000,436,New York,New York,United States,blitz
Zyia Active,zyiaactive.com,https://www.zyiaactive.com,https://www.linkedin.com/company/zyia-active,retail apparel and fashion,,742,Draper,Utah,United States,aiark
À Domicile,adomicile.ca,http://adomicile.ca,https://www.linkedin.com/company/à-domicile,restaurants,,2307,Laval,Quebec,Canada,aiark
Épicerie Maxi,maxi.ca,https://www.maxi.ca,https://www.linkedin.com/company/maxi-maxi-cie,retail,,579,Montréal,,Canada,aiark
ООО,,,https://www.linkedin.com/company/autospectr,retail apparel and fashion,,618,Редвуд-сити,Калифорния,United States,aiark
星巴克,starbucks.com,https://www.starbucks.com/careers,https://www.linkedin.com/company/starbucks,Retail,10001+,195419,Seattle,Washington,United States,aiark+blitz
