company_name,company_linkedin_tag,domain,industry,company_type,size_bucket,employees_on_linkedin,founded_year,hq_city,hq_state,hq_country,segment
Storm3,https://www.linkedin.com/company/storm3,storm3.com,Staffing and Recruiting,Privately Held,51-200,89,2020,New York,New York,US,Campaign #1 - Enterprise & Platforms (Casual Connections)
Blue Signal Search,https://www.linkedin.com/company/blue-signal-search,bluesignal.com,Staffing and Recruiting,Privately Held,51-200,111,2012,Phoenix,Arizona,US,Campaign #1 - Enterprise & Platforms (Casual Connections)
Calm,https://www.linkedin.com/company/calm-com,calm.com,Mental Health Care,Privately Held,201-500,756,2012,San Francisco,California,US,Campaign #1 - Enterprise & Platforms (Casual Connections)
TBG | The Bachrach Group,https://www.linkedin.com/company/the-bachrach-group,bachrachgroup.com,Staffing and Recruiting,Privately Held,201-500,325,1974,New York,New York,US,Campaign #1 - Enterprise & Platforms (Casual Connections)
LevelUP HCS,https://www.linkedin.com/company/leveluphcs,leveluphcs.com,Human Resources Services,Privately Held,51-200,381,-,New York,New York,US,Campaign #1 - Enterprise & Platforms (Casual Connections)
Tandym Group,https://www.linkedin.com/company/tandymgroup,tandymgroup.com,Staffing and Recruiting,Privately Held,201-500,760,-,New York,New York,US,Campaign #1 - Enterprise & Platforms (Casual Connections)
Scry AI,https://www.linkedin.com/company/scryai,scryai.com,Software Development,Privately Held,201-500,249,2014,San Jose,California,US,Campaign #1 - Enterprise & Platforms (Casual Connections)
PureLogics,https://www.linkedin.com/company/purelogics,purelogics.com,Software Development,Privately Held,201-500,745,2006,New York,New York,US,Campaign #1 - Enterprise & Platforms (Casual Connections)
Vertisystem (A MOURI Tech Company),https://www.linkedin.com/company/vertisystem,vertisystem.com,Business Consulting and Services,Privately Held,201-500,365,2007,Fremont,California,US,Campaign #1 - Enterprise & Platforms (Casual Connections)
RBW Consulting,https://www.linkedin.com/company/rbw-consulting,rbwconsulting.com,Staffing and Recruiting,Privately Held,51-200,88,2007,Boston,Massachusetts,US,Campaign #1 - Enterprise & Platforms (Casual Connections)
Hirewell,https://www.linkedin.com/company/hirewell,hirewell.com,Staffing and Recruiting,Privately Held,51-200,133,2001,Chicago,Illinois,US,Campaign #1 - Enterprise & Platforms (Casual Connections)
"ARK Solutions, Inc.",https://www.linkedin.com/company/arksolutionsinc,arksolutionsinc.com,Staffing and Recruiting,Privately Held,201-500,205,2003,Reston,Virginia,US,Campaign #1 - Enterprise & Platforms (Casual Connections)
BrothersTech,https://www.linkedin.com/company/brotherstech,brotherstechinc.com,IT Services and IT Consulting,Privately Held,51-200,32,2017,Dover,Delaware,US,Campaign #1 - Enterprise & Platforms (Casual Connections)
Yochana,https://www.linkedin.com/company/yochana,yochana.com,IT Services and IT Consulting,Privately Held,201-500,406,2009,Farmington,Michigan,US,Campaign #1 - Enterprise & Platforms (Casual Connections)
Ztek Consulting,https://www.linkedin.com/company/ztek-inc,ztekinc.com,Staffing and Recruiting,Privately Held,201-500,237,2001,Atlanta,Georgia,US,Campaign #1 - Enterprise & Platforms (Casual Connections)
Darwix AI,https://www.linkedin.com/company/darwix-ai,cur8.in,Software Development,Privately Held,51-200,88,2022,San Francisco,California,US,Campaign #1 - Enterprise & Platforms (Casual Connections)
Maxonic Inc.,https://www.linkedin.com/company/maxonic,maxonic.com,Information Technology and Services,Privately Held,201-500,219,2002,Campbell,California,US,Campaign #1 - Enterprise & Platforms (Casual Connections)
WaferWire Cloud Technologies,https://www.linkedin.com/company/waferwire,waferwire.com,Software Development,Privately Held,201-500,271,2010,Redmond,Washington,US,Campaign #1 - Enterprise & Platforms (Casual Connections)
M3 USA,https://www.linkedin.com/company/so-net-m3,m3.com,Technology; Information and Internet,Public Company,201-500,265,-,Fort Washington,Pennsylvania,US,Campaign #1 - Enterprise & Platforms (Casual Connections)
Cedar,https://www.linkedin.com/company/cedar-inc.,cedar.com,Hospitals and Health Care,Privately Held,201-500,814,2016,New York,New York,US,Campaign #1 - Enterprise & Platforms (Casual Connections)
Qure.ai,https://www.linkedin.com/company/qure.ai,qure.ai,Medical Device,Privately Held,51-200,426,2016,New York,-,US,Campaign #1 - Enterprise & Platforms (Casual Connections)
Orange Logic,https://www.linkedin.com/company/orange-logic,orangelogic.com,Software Development,Privately Held,201-500,281,1998,Irvine,California,US,Campaign #1 - Enterprise & Platforms (Casual Connections)
H2O.ai,https://www.linkedin.com/company/h2oai,h2o.ai,Software Development,Privately Held,201-500,380,2012,Mountain View,California,US,Campaign #1 - Enterprise & Platforms (Casual Connections)
Creospan Inc.,https://www.linkedin.com/company/creospan,creospan.com,Information Technology and Services,Privately Held,201-500,184,1999,Schaumburg,Illinois,US,Campaign #1 - Enterprise & Platforms (Casual Connections)
Triomics,https://www.linkedin.com/company/triomics,triomics.com,Software Development,Privately Held,51-200,93,-,New York,New York,US,Campaign #1 - Enterprise & Platforms (Casual Connections)
Engage Partners Inc.,https://www.linkedin.com/company/engagepartners-inc,engagestaff.com,Staffing and Recruiting,Privately Held,51-200,85,2007,Melville,New York,US,Campaign #1 - Enterprise & Platforms (Casual Connections)
IPsoft,https://www.linkedin.com/company/ipsoft,ipsoft.com,IT Services and IT Consulting,Privately Held,51-200,509,1998,New York,New York,US,Campaign #1 - Enterprise & Platforms (Casual Connections)
Vistara Solutions Inc.,https://www.linkedin.com/company/vistara-solutionsinc,vistarainc.com,IT Services and IT Consulting,Privately Held,201-500,303,2002,Dublin,Ohio,US,Campaign #1 - Enterprise & Platforms (Casual Connections)
InfoStride,https://www.linkedin.com/company/infostride,infostride.com,IT Services and IT Consulting,Privately Held,51-200,161,2014,Austin,Texas,US,Campaign #1 - Enterprise & Platforms (Casual Connections)
Clovity,https://www.linkedin.com/company/clovity,clovity.com,IT Services and IT Consulting,Privately Held,51-200,134,2017,Dublin,California,US,Campaign #1 - Enterprise & Platforms (Casual Connections)
Neolytix,https://www.linkedin.com/company/neolytix,neolytix.com,Hospitals and Health Care,Privately Held,201-500,212,2012,Chicago,Illinois,US,Campaign #1 - Enterprise & Platforms (Casual Connections)
Murf AI,https://www.linkedin.com/company/murf-ai,murf.ai,Software Development,Privately Held,51-200,115,2020,San Francisco,California,US,Campaign #1 - Enterprise & Platforms (Casual Connections)
Grow Therapy,https://www.linkedin.com/company/grow-therapy,growtherapy.com,Mental Health Care,Privately Held,201-500,3252,2020,New York,New York,US,Campaign #1 - Enterprise & Platforms (Casual Connections)
Khosla Ventures,https://www.linkedin.com/company/khosla-ventures,khoslaventures.com,Venture Capital and Private Equity Principals,Privately Held,51-200,207,2004,Menlo Park,California,US,Campaign #1 - Enterprise & Platforms (Casual Connections)
Acunor,https://www.linkedin.com/company/acunor,acunor.com,Staffing and Recruiting,Privately Held,51-200,53,2016,Princeton,New Jersey,US,Campaign #1 - Enterprise & Platforms (Casual Connections)
Bellurbis,https://www.linkedin.com/company/bellurbis-llc,bellurbis.com,IT Services and IT Consulting,Privately Held,51-200,95,2011,Austin,Texas,US,Campaign #1 - Enterprise & Platforms (Casual Connections)
Medallion,https://www.linkedin.com/company/medallion-credentials,medallion.co,Hospitals and Health Care,Privately Held,201-500,596,2020,San Francisco,California,US,Campaign #1 - Enterprise & Platforms (Casual Connections)
LandingAI,https://www.linkedin.com/company/landing-ai,landing.ai,Software Development,Privately Held,51-200,112,2017,Mountain View,California,US,Campaign #1 - Enterprise & Platforms (Casual Connections)
Minitab,https://www.linkedin.com/company/minitab,minitab.com,Software Development,Privately Held,201-500,744,1972,State College,Pennsylvania,US,Campaign #1 - Enterprise & Platforms (Casual Connections)
The HIRD,https://www.linkedin.com/company/thehirdindia,thehird.com,Staffing and Recruiting,Privately Held,201-500,103,2020,Sheridan,Wyoming,US,Campaign #1 - Enterprise & Platforms (Casual Connections)
Locus Robotics,https://www.linkedin.com/company/locus-robotics,locusrobotics.com,Automation Machinery Manufacturing,Privately Held,201-500,500,2014,Wilmington,Massachusetts,US,Campaign #1 - Enterprise & Platforms (Casual Connections)
AHIMA,https://www.linkedin.com/company/ahima,ahima.org,Hospitals and Health Care,Nonprofit,51-200,406,1928,Chicago,Illinois,US,Campaign #1 - Enterprise & Platforms (Casual Connections)
Team Geek Solutions,https://www.linkedin.com/company/teamgeeksolutions,teamgeeksolutions.com,IT Services and IT Consulting,Privately Held,51-200,49,2018,Leander,Texas,US,Campaign #1 - Enterprise & Platforms (Casual Connections)
Newpage Solutions,https://www.linkedin.com/company/newpage-solutions,newpage.io,IT Services and IT Consulting,Privately Held,51-200,153,2012,Usa,Florida,US,Campaign #1 - Enterprise & Platforms (Casual Connections)
TuneCore,https://www.linkedin.com/company/tunecore,tunecore.com,Music,Public Company,51-200,640,2005,Brooklyn,New York,US,Campaign #1 - Enterprise & Platforms (Casual Connections)
Cyara,https://www.linkedin.com/company/cyara,cyara.com,Software Development,Privately Held,201-500,390,2006,Austin,Texas,US,Campaign #1 - Enterprise & Platforms (Casual Connections)
SMS-Magic,https://www.linkedin.com/company/screen-magic-media,sms-magic.com,Software Development,Privately Held,51-200,302,2008,Henderson,Nevada,US,Campaign #1 - Enterprise & Platforms (Casual Connections)
Ginger,https://www.linkedin.com/company/carebyginger,ginger.com,Mental Health Care,Privately Held,201-500,251,-,San Francisco,California,US,Campaign #1 - Enterprise & Platforms (Casual Connections)
Xeven Solutions,https://www.linkedin.com/company/xevensolutions,xevensolutions.com,IT Services and IT Consulting,Partnership,51-200,289,2016,Pennsylvania,-,US,Campaign #1 - Enterprise & Platforms (Casual Connections)
Pacific Data Integrators,https://www.linkedin.com/company/pacific-data-integrators,pacificdataintegrators.com,IT Services and IT Consulting,Privately Held,51-200,68,2009,Roseville,California,US,Campaign #1 - Enterprise & Platforms (Casual Connections)
Pulivarthi Group (PG) Healthcare Staffing,https://www.linkedin.com/company/pulivarthigroup,pulivarthigroup.com,Hospitals and Health Care,Privately Held,51-200,38,2017,Tega Cay,South Carolina,US,Campaign #1 - Enterprise & Platforms (Casual Connections)
Augury,https://www.linkedin.com/company/augury-systems,augury.com,Software Development,Privately Held,201-500,352,2011,New York,New York,US,Campaign #1 - Enterprise & Platforms (Casual Connections)
Newlink®,https://www.linkedin.com/company/newlinkglobal,newlink-group.com,Business Consulting and Services,Privately Held,201-500,481,1998,Miami,Florida,US,Campaign #1 - Enterprise & Platforms (Casual Connections)
TEK NINJAS,https://www.linkedin.com/company/tekninjas,tekninjas.com,IT Services and IT Consulting,Privately Held,201-500,206,2015,Carrollton,Texas,US,Campaign #1 - Enterprise & Platforms (Casual Connections)
Indigo,https://www.linkedin.com/company/indigoag,indigoag.com,Farming,Privately Held,201-500,1414,2013,Boston,Massachusetts,US,Campaign #1 - Enterprise & Platforms (Casual Connections)
"Tech Army, LLC",https://www.linkedin.com/company/tech-army-llc,techarmy.com,IT Services and IT Consulting,Privately Held,51-200,60,2016,Plantation,Florida,US,Campaign #1 - Enterprise & Platforms (Casual Connections)
Sense,https://www.linkedin.com/company/sensehq,sensehq.com,Software Development,Privately Held,201-500,478,2016,San Francisco,California,US,Campaign #1 - Enterprise & Platforms (Casual Connections)
CTP,https://www.linkedin.com/company/ctpconsulting,ctpconsulting.com,Information Technology and Services,Privately Held,51-200,99,2010,San Francisco Bay,California,US,Campaign #1 - Enterprise & Platforms (Casual Connections)
"Strobes Security, Inc.",https://www.linkedin.com/company/strobeshq,strobes.co,Computer and Network Security,Privately Held,51-200,104,2024,Plano,Texas,US,Campaign #1 - Enterprise & Platforms (Casual Connections)
Intellicus Technologies,https://www.linkedin.com/company/intellicus-technologies,intellicus.com,Software Development,Privately Held,51-200,230,2004,Los Gatos,California,US,Campaign #1 - Enterprise & Platforms (Casual Connections)
Reltio,https://www.linkedin.com/company/reltio-inc,reltio.com,Software Development,Privately Held,201-500,702,2011,Redwood Shores,California,US,Campaign #1 - Enterprise & Platforms (Casual Connections)
Abridge,https://www.linkedin.com/company/abridgehq,abridge.com,Artificial Intelligence,Privately Held,201-500,676,2018,San Francisco,California,US,Campaign #1 - Enterprise & Platforms (Casual Connections)
AceStack,https://www.linkedin.com/company/acestack,ace-stack.com,Software Development,Partnership,51-200,70,2017,Hamilton Square,New Jersey,US,Campaign #1 - Enterprise & Platforms (Casual Connections)
"Reqroute, Inc",https://www.linkedin.com/company/reqroute,reqroute.com,Staffing and Recruiting,Privately Held,201-500,93,-,-,California,US,Campaign #1 - Enterprise & Platforms (Casual Connections)
Alphanumeric Systems,https://www.linkedin.com/company/alphanumeric-systems,alphanumeric.com,Pharmaceutical Manufacturing,Privately Held,201-500,440,1979,Raleigh,North Carolina,US,Campaign #1 - Enterprise & Platforms (Casual Connections)
QuantumBricks,https://www.linkedin.com/company/quantumbricks-inc,quantumbricks.io,IT Services and IT Consulting,Privately Held,201-500,169,2014,Newark,Delaware,US,Campaign #1 - Enterprise & Platforms (Casual Connections)
Tezo,https://www.linkedin.com/company/tezo,tezo.com,IT Services and IT Consulting,Privately Held,201-500,272,2012,Plano,Texas,US,Campaign #1 - Enterprise & Platforms (Casual Connections)
Onebridge,https://www.linkedin.com/company/onebridgetech,onebridge.tech,IT Services and IT Consulting,Privately Held,201-500,82,2005,Indianapolis,Indiana,US,Campaign #1 - Enterprise & Platforms (Casual Connections)
"Informatic Technologies, Inc.",https://www.linkedin.com/company/informatic-technologies-inc,informatictech.com,Information Technology and Services,Privately Held,201-500,90,1996,North Brunswick,New Jersey,US,Campaign #1 - Enterprise & Platforms (Casual Connections)
Ramp Health,https://www.linkedin.com/company/ramphealth-com,ramphealth.com,Hospitals and Health Care,Privately Held,201-500,882,2002,Blue Bell,Pennsylvania,US,Campaign #1 - Enterprise & Platforms (Casual Connections)
"SMX Services & Consulting, Inc.",https://www.linkedin.com/company/smx-services-&-consulting-inc-,smxusa.com,IT Services and IT Consulting,Privately Held,201-500,200,1997,Miami,Florida,US,Campaign #1 - Enterprise & Platforms (Casual Connections)
"ActiveSoft, Inc",https://www.linkedin.com/company/active-soft-inc,activesoftinc.com,Staffing and Recruiting,Privately Held,201-500,86,2007,Smyrna,Georgia,US,Campaign #1 - Enterprise & Platforms (Casual Connections)
Milestone Inc,https://www.linkedin.com/company/milestone-internet-marketing,milestoneinternet.com,Technology; Information and Internet,Privately Held,201-500,563,1998,San Jose,California,US,Campaign #1 - Enterprise & Platforms (Casual Connections)
Wellness Coaches,https://www.linkedin.com/company/wellness-coaches-usa,ramphealth.com,Wellness and Fitness Services,Privately Held,201-500,578,2002,Blue Bell,Pennsylvania,US,Campaign #1 - Enterprise & Platforms (Casual Connections)
Hippocratic AI,https://www.linkedin.com/company/hippocratic-ai-health,hippocraticai.com,Hospitals and Health Care,Privately Held,51-200,365,2023,Palo Alto,California,US,Campaign #1 - Enterprise & Platforms (Casual Connections)
"Questrom School of Business, Boston University",https://www.linkedin.com/school/questrom-school-of-business-boston-university,bu.edu,Higher Education,Educational Institution,201-500,861,1913,Boston,Massachusetts,US,Campaign #1 - Enterprise & Platforms (Casual Connections)
"Eat Just, Inc.",https://www.linkedin.com/company/eat-just-inc,ju.st,Food Production,Privately Held,51-200,383,2011,Alameda,California,US,Campaign #1 - Enterprise & Platforms (Casual Connections)
Ushur,https://www.linkedin.com/company/ushur-me,ushur.ai,Software Development,Privately Held,51-200,248,2014,Santa Clara,California,US,Campaign #1 - Enterprise & Platforms (Casual Connections)
Rivago Infotech Inc,https://www.linkedin.com/company/rivago-infotech-inc,rivagoinfotech.com,Staffing and Recruiting,Privately Held,51-200,31,2017,Wilmington,Delaware,US,Campaign #1 - Enterprise & Platforms (Casual Connections)
Sciometrix,https://www.linkedin.com/company/sciometrix,sciometrix.com,Hospitals and Health Care,Privately Held,51-200,97,2016,Detroit,Michigan,US,Campaign #1 - Enterprise & Platforms (Casual Connections)
"Leapfrog Technology, Inc.",https://www.linkedin.com/company/lftechnology,lftechnology.com,Software Development,Privately Held,201-500,525,2010,Seattle,Washington,US,Campaign #1 - Enterprise & Platforms (Casual Connections)
"KMM Technologies, Inc.",https://www.linkedin.com/company/kmm-technologies-inc,kmmtechnologies.com,IT Services and IT Consulting,Privately Held,201-500,107,2003,Frederick,Maryland,US,Campaign #1 - Enterprise & Platforms (Casual Connections)
RAZOR,https://www.linkedin.com/company/razor-gov,razor-gov.com,IT Services and IT Consulting,Partnership,51-200,153,2018,Red Bank,New Jersey,US,Campaign #1 - Enterprise & Platforms (Casual Connections)
Tia,https://www.linkedin.com/company/asktia,asktia.com,Hospitals and Health Care,Privately Held,201-500,403,2019,San Francisco,California,US,Campaign #1 - Enterprise & Platforms (Casual Connections)
Plan A Technologies,https://www.linkedin.com/company/plan-a-tech,planatechnologies.com,Software Development,Privately Held,201-500,416,-,Las Vegas,Nevada,US,Campaign #1 - Enterprise & Platforms (Casual Connections)
INFOLOB,https://www.linkedin.com/company/infolob-global,infolob.com,IT Services and IT Consulting,Privately Held,201-500,437,2009,Irving,Texas,US,Campaign #1 - Enterprise & Platforms (Casual Connections)
Modern Health,https://www.linkedin.com/company/modern-health,modernhealth.com,Mental Health Care,Privately Held,201-500,914,2017,San Francisco,California,US,Campaign #1 - Enterprise & Platforms (Casual Connections)
Apptronik,https://www.linkedin.com/company/apptronik-inc.,apptronik.com,Robot Manufacturing,Privately Held,201-500,528,-,Austin,Texas,US,Campaign #1 - Enterprise & Platforms (Casual Connections)
BoomerangFX,https://www.linkedin.com/company/boomerangfx,boomerangfx.com,Software Development,Privately Held,201-500,117,-,Miami,Florida,US,Campaign #1 - Enterprise & Platforms (Casual Connections)
Cloud and Things,https://www.linkedin.com/company/cloud-and-things,cloudandthings.com,IT Services and IT Consulting,Privately Held,51-200,70,-,Troy,New York,US,Campaign #1 - Enterprise & Platforms (Casual Connections)
TrueFan AI,https://www.linkedin.com/company/truefan-ai,truefan.in,Software Development,Privately Held,201-500,182,2020,San Francisco,California,US,Campaign #1 - Enterprise & Platforms (Casual Connections)
Hunter,https://www.linkedin.com/company/hunterny,hunterpr.com,Public Relations and Communications Services,Partnership,201-500,1079,1989,New York,New York,US,Campaign #1 - Enterprise & Platforms (Casual Connections)
Fulfillment IQ,https://www.linkedin.com/company/fulfillmentiq_,fulfillmentiq.com,IT Services and IT Consulting,Privately Held,51-200,126,-,Atlanta,Georgia,US,Campaign #1 - Enterprise & Platforms (Casual Connections)
MikeWorldWide,https://www.linkedin.com/company/mww-group,mww.com,Public Relations and Communications Services,Privately Held,51-200,474,1986,New York,New York,US,Campaign #1 - Enterprise & Platforms (Casual Connections)
Virtelligence,https://www.linkedin.com/company/virtelligence,virtelligence.com,IT Services and IT Consulting,Privately Held,201-500,128,1998,Minneapolis,Minnesota,US,Campaign #1 - Enterprise & Platforms (Casual Connections)
PulsePoint,https://www.linkedin.com/company/pulsepoint,pulsepoint.com,Advertising Services,Privately Held,201-500,305,2011,New York,New York,US,Campaign #1 - Enterprise & Platforms (Casual Connections)
ShiftMed,https://www.linkedin.com/company/shiftmed,shiftmed.com,Hospitals and Health Care,Privately Held,201-500,1448,-,McLean,Virginia,US,Campaign #1 - Enterprise & Platforms (Casual Connections)
Aidoc,https://www.linkedin.com/company/aidoc,aidoc.com,Hospitals and Health Care,Privately Held,201-500,628,2016,New York,New York,US,Campaign #1 - Enterprise & Platforms (Casual Connections)
Suffescom Solutions Inc,https://www.linkedin.com/company/suffescom,suffescom.com,Software Development,Privately Held,201-500,307,2013,New York,New York,US,Campaign #1 - Enterprise & Platforms (Casual Connections)
"K3-Innovations, Inc.",https://www.linkedin.com/company/k3-innovations,k3-innovations.com,Biotechnology Research,Privately Held,51-200,30,2013,Plainsboro,New Jersey,US,Campaign #1 - Enterprise & Platforms (Casual Connections)
Vaiticka Solution,https://www.linkedin.com/company/vaiticka-solution,vaiticka.com,IT Services and IT Consulting,Privately Held,51-200,28,-,Georgia,Georgia,US,Campaign #1 - Enterprise & Platforms (Casual Connections)
"Johnson & Johnson Health and Wellness Solutions, Inc.",https://www.linkedin.com/company/jjhws,jnjhws.com,Health; Wellness and Fitness,Public Company,51-200,968,-,New Brunswick,New Jersey,US,Campaign #1 - Enterprise & Platforms (Casual Connections)
UsefulBI Corporation,https://www.linkedin.com/company/usefulbi-corporation,usefulbi.com,Software Development,Privately Held,201-500,214,2014,San Ramon,California,US,Campaign #1 - Enterprise & Platforms (Casual Connections)
engineersmind,https://www.linkedin.com/company/engineersmind,engineersmind.com,Software Development,Privately Held,51-200,125,2016,Jersey City,New Jersey,US,Campaign #1 - Enterprise & Platforms (Casual Connections)
"Butterfly Network, Inc.",https://www.linkedin.com/company/butterflynetwork,butterflynetwork.com,Medical Equipment Manufacturing,Public Company,51-200,461,2011,Burlington,Massachusetts,US,Campaign #1 - Enterprise & Platforms (Casual Connections)
Redesign Health,https://www.linkedin.com/company/redesign-health,redesignhealth.com,Venture Capital and Private Equity Principals,Privately Held,51-200,248,2018,New York,New York,US,Campaign #1 - Enterprise & Platforms (Casual Connections)
Reveal HealthTech,https://www.linkedin.com/company/reveal-healthtech,revealhealthtech.com,IT Services and IT Consulting,Privately Held,51-200,80,-,New York City,New York,US,Campaign #1 - Enterprise & Platforms (Casual Connections)
Cloudphysician,https://www.linkedin.com/company/cloudphysicianindia,cloudphysician.net,Hospitals and Health Care,Privately Held,201-500,277,2017,San Francisco,California,US,Campaign #1 - Enterprise & Platforms (Casual Connections)
Novatore Solutions,https://www.linkedin.com/company/novatore-solutions,novatoresols.com,IT Services and IT Consulting,Privately Held,51-200,78,2015,Dover,Delaware,US,Campaign #1 - Enterprise & Platforms (Casual Connections)
tCognition,https://www.linkedin.com/company/tcognition,tcognition.com,IT Services and IT Consulting,Privately Held,51-200,175,2003,Boston,Massachusetts,US,Campaign #1 - Enterprise & Platforms (Casual Connections)
CertifyOS,https://www.linkedin.com/company/certifyos,certifyos.com,Software Development,Privately Held,201-500,335,2021,New York,New York,US,Campaign #1 - Enterprise & Platforms (Casual Connections)
Codem Inc.,https://www.linkedin.com/company/codemtechnologies,codem.com,Software Development,Privately Held,51-200,76,2017,San Francisco,California,US,Campaign #1 - Enterprise & Platforms (Casual Connections)
Get Well,https://www.linkedin.com/company/getwellnetwork,getwellnetwork.com,Hospitals and Health Care,Privately Held,201-500,417,2000,Bethesda,Maryland,US,Campaign #1 - Enterprise & Platforms (Casual Connections)
Blutic,https://www.linkedin.com/company/blutic-llc,blutic.com,IT Services and IT Consulting,Privately Held,51-200,80,2010,Branchburg,New Jersey,US,Campaign #1 - Enterprise & Platforms (Casual Connections)
"Commonwealth Sciences, Inc.",https://www.linkedin.com/company/commonwealth-sciences-inc.,cwsciences.com,Staffing and Recruiting,Privately Held,51-200,19,2004,Norwood,Massachusetts,US,Campaign #1 - Enterprise & Platforms (Casual Connections)
"ITMC Systems, Inc",https://www.linkedin.com/company/itmcsystem,itmcsystems.com,IT Services and IT Consulting,Partnership,201-500,193,2016,Parsippany,New Jersey,US,Campaign #1 - Enterprise & Platforms (Casual Connections)
BestPeers,https://www.linkedin.com/company/bestpeersllc,bestpeers.com,IT Services and IT Consulting,Privately Held,201-500,470,2017,California,USA,US,Campaign #1 - Enterprise & Platforms (Casual Connections)
Picus Security,https://www.linkedin.com/company/picus-security,picussecurity.com,Computer and Network Security,Privately Held,201-500,315,2013,San Francisco,California,US,Campaign #1 - Enterprise & Platforms (Casual Connections)
First Line Software,https://www.linkedin.com/company/first-line-software-inc,firstlinesoftware.com,IT System Custom Software Development,Privately Held,201-500,322,2010,Cambridge,Massachusetts,US,Campaign #1 - Enterprise & Platforms (Casual Connections)
CloudIngest,https://www.linkedin.com/company/cloudingest,cloudingest.com,IT Services and IT Consulting,Privately Held,51-200,57,-,Alpharetta,Georgia,US,Campaign #1 - Enterprise & Platforms (Casual Connections)
Virtana Corp.,https://www.linkedin.com/company/virtanacorps,virtana.com,Software Development,Privately Held,201-500,161,2008,Palo Alto,California,US,Campaign #1 - Enterprise & Platforms (Casual Connections)
MassDevice,https://www.linkedin.com/company/massdevice,massdevice.com,Book and Periodical Publishing,Privately Held,51-200,7,2009,Cleveland,Ohio,US,Campaign #1 - Enterprise & Platforms (Casual Connections)
5WPR,https://www.linkedin.com/company/5w-public-relations,5wpr.com,Public Relations and Communications Services,Privately Held,201-500,403,2003,New York,New York,US,Campaign #1 - Enterprise & Platforms (Casual Connections)
Phamily,https://www.linkedin.com/company/jaan-health,phamily.com,Hospitals and Health Care,Privately Held,51-200,197,2013,Cincinnati,Ohio,US,Campaign #1 - Enterprise & Platforms (Casual Connections)
Gabeo.ai,https://www.linkedin.com/company/gabeo-ai,gabeo.ai,Hospitals and Health Care,Privately Held,51-200,17,2023,Palo Alto,California,US,Campaign #1 - Enterprise & Platforms (Casual Connections)
K Health,https://www.linkedin.com/company/khealthinc,khealth.com,Hospitals and Health Care,Privately Held,201-500,389,2016,New York,New York,US,Campaign #1 - Enterprise & Platforms (Casual Connections)
EliseAI,https://www.linkedin.com/company/eliseai,eliseai.com,Software Development,Privately Held,201-500,688,2017,-,New York,US,Campaign #1 - Enterprise & Platforms (Casual Connections)
"Triunity Software, Inc.",https://www.linkedin.com/company/triunitysoftware,triunitysoft.com,IT Services and IT Consulting,Privately Held,51-200,29,2021,Iselin,New Jersey,US,Campaign #1 - Enterprise & Platforms (Casual Connections)
Nourish,https://www.linkedin.com/company/nourish,margimcdaniel.com,Hospitals and Health Care,Privately Held,201-500,4120,-,New York,New York,US,Campaign #1 - Enterprise & Platforms (Casual Connections)
TigerGraph,https://www.linkedin.com/company/tigergraph,tigergraph.com,Software Development,Privately Held,201-500,127,2012,Redwood City,California,US,Campaign #1 - Enterprise & Platforms (Casual Connections)
Bizagi,https://www.linkedin.com/company/bizagi,bizagi.com,Software Development,Privately Held,201-500,438,1989,-,District of Columbia,US,Campaign #1 - Enterprise & Platforms (Casual Connections)
Cedar Management Consulting International,https://www.linkedin.com/company/cedar-management-consulting-international-llc,cedar-consulting.com,Business Consulting and Services,Privately Held,51-200,159,1985,New York,New York,US,Campaign #1 - Enterprise & Platforms (Casual Connections)
Sapphire Ventures,https://www.linkedin.com/company/sapphirevc,sapphireventures.com,Venture Capital and Private Equity Principals,Partnership,51-200,192,-,Menlo Park,California,US,Campaign #1 - Enterprise & Platforms (Casual Connections)
Tellihealth,https://www.linkedin.com/company/telli-health,tellihealth.com,Hospitals and Health Care,Privately Held,201-500,212,2015,Houston,Texas,US,Campaign #1 - Enterprise & Platforms (Casual Connections)
Mindbowser Inc,https://www.linkedin.com/company/mindbowser-infosolutions,mindbowser.com,IT Services and IT Consulting,Privately Held,201-500,222,2012,Austin,Texas,US,Campaign #1 - Enterprise & Platforms (Casual Connections)
Viz.ai,https://www.linkedin.com/company/viz-ai,viz.ai,Hospitals and Health Care,Privately Held,201-500,329,2016,San Francisco,California,US,Campaign #1 - Enterprise & Platforms (Casual Connections)
SonderMind,https://www.linkedin.com/company/sondermind,sondermind.com,Mental Health Care,Privately Held,201-500,1298,2014,Denver,Colorado,US,Campaign #1 - Enterprise & Platforms (Casual Connections)
iVisa,https://www.linkedin.com/company/ivisa,ivisa.com,Information Technology and Services,Privately Held,51-200,390,2012,Remote First,-,US,Campaign #1 - Enterprise & Platforms (Casual Connections)
National Association of Boards of Pharmacy,https://www.linkedin.com/company/national-association-of-boards-of-pharmacy,nabp.pharmacy,Non-profit Organizations,Nonprofit,51-200,326,1904,Mount Prospect,Illinois,US,Campaign #1 - Enterprise & Platforms (Casual Connections)
Anumana,https://www.linkedin.com/company/anumana-ai,anumana.ai,Technology; Information and Internet,Privately Held,51-200,163,2021,Cambridge,Massachusetts,US,Campaign #1 - Enterprise & Platforms (Casual Connections)
ChabezTech LLC,https://www.linkedin.com/company/chabeztech-llc,chabeztech.com,IT Services and IT Consulting,Privately Held,51-200,27,2015,Lemoyne,Pennsylvania,US,Campaign #1 - Enterprise & Platforms (Casual Connections)
NuWest Group,https://www.linkedin.com/company/nuwest-group,nuwestgroup.com,Staffing and Recruiting,Privately Held,201-500,361,1992,Bellevue,Washington,US,Campaign #1 - Enterprise & Platforms (Casual Connections)
Golden Hippo®,https://www.linkedin.com/company/golden-hippo,goldenhippo.com,Advertising Services,Privately Held,201-500,498,2011,Woodland Hills,California,US,Campaign #1 - Enterprise & Platforms (Casual Connections)
EverTrue,https://www.linkedin.com/company/evertrue,evertrue.com,Fundraising,Privately Held,51-200,335,2010,Indianapolis,Indiana,US,Campaign #1 - Enterprise & Platforms (Casual Connections)
Enterprise Engineering Inc. (EEI),https://www.linkedin.com/company/enterprise-engineering-inc,joineei.com,IT Services and IT Consulting,Privately Held,51-200,96,1995,New York,New York,US,Campaign #1 - Enterprise & Platforms (Casual Connections)
Pyxera Global,https://www.linkedin.com/company/pyxera-global,pyxeraglobal.org,Non-profit Organizations,Nonprofit,51-200,116,1990,Washington,District Of Columbia,US,Campaign #1 - Enterprise & Platforms (Casual Connections)
Codleo Consulting,https://www.linkedin.com/company/codleo,codleo.com,IT Services and IT Consulting,Privately Held,51-200,128,2019,Lewes,Delaware,US,Campaign #1 - Enterprise & Platforms (Casual Connections)
Hello Heart,https://www.linkedin.com/company/helloheart,helloheart.com,Wellness and Fitness Services,Privately Held,201-500,711,2013,Menlo Park,California,US,Campaign #1 - Enterprise & Platforms (Casual Connections)
Plenty®,https://www.linkedin.com/company/plenty-farms,plenty.ag,Food and Beverage Manufacturing,Privately Held,201-500,229,2013,South San Francisco,California,US,Campaign #1 - Enterprise & Platforms (Casual Connections)
HFS Research,https://www.linkedin.com/company/hfs-research,hfsresearch.com,Research Services,Privately Held,51-200,175,2009,Woburn,Massachusetts,US,Campaign #1 - Enterprise & Platforms (Casual Connections)
Sky Solutions,https://www.linkedin.com/company/sky-solutions-us,skysolutions.com,IT Services and IT Consulting,Privately Held,51-200,236,2008,Vienna,Virginia,US,Campaign #1 - Enterprise & Platforms (Casual Connections)
Virtual Labs,https://www.linkedin.com/company/virtual-labb,virtuallabsus.com,IT Services and IT Consulting,Privately Held,51-200,55,2014,Fayetteville,North Carolina,US,Campaign #1 - Enterprise & Platforms (Casual Connections)
SOSV,https://www.linkedin.com/company/sosv,sosv.com,Venture Capital and Private Equity Principals,Privately Held,51-200,318,-,Princeton,New Jersey,US,Campaign #1 - Enterprise & Platforms (Casual Connections)
Owlet Baby Care,https://www.linkedin.com/company/owlet-care-monitors,owletcare.com,"Health, Wellness and Fitness",Public Company,51-200,371,2012,Lehi,Utah,US,Campaign #1 - Enterprise & Platforms (Casual Connections)
Bluebix Solutions,https://www.linkedin.com/company/blue-bixinc,bluebixinc.com,Staffing and Recruiting,Privately Held,51-200,153,2015,Plano,Texas,US,Campaign #1 - Enterprise & Platforms (Casual Connections)
egnite Health,https://www.linkedin.com/company/egnite-health,egnitehealth.com,Hospitals and Health Care,Privately Held,51-200,55,2021,Aliso Viejo,California,US,Campaign #1 - Enterprise & Platforms (Casual Connections)
Xybion Digital,https://www.linkedin.com/company/xybion-digital,xybion.com,Software Development,Privately Held,201-500,186,1977,Princeton,New Jersey,US,Campaign #1 - Enterprise & Platforms (Casual Connections)
Accela,https://www.linkedin.com/company/accela-inc-,accela.com,Software Development,Privately Held,201-500,564,1999,San Ramon,California,US,Campaign #1 - Enterprise & Platforms (Casual Connections)
Salaria Sales Solutions,https://www.linkedin.com/company/salaria-sales,salariasales.com,Marketing Services,Privately Held,51-200,192,2019,Washington D.C.,Washington,US,Campaign #1 - Enterprise & Platforms (Casual Connections)
Twill by Dario,https://www.linkedin.com/company/twill-health,twill.health,Mental Health Care,Privately Held,51-200,77,2012,New York,-,US,Campaign #1 - Enterprise & Platforms (Casual Connections)
WebKorps,https://www.linkedin.com/company/webkorps,webkorps.com,IT Services and IT Consulting,Privately Held,201-500,272,2016,Wilmington,Delaware,US,Campaign #1 - Enterprise & Platforms (Casual Connections)
Cloud for Good,https://www.linkedin.com/company/cloud-for-good,cloud4good.com,IT Services and IT Consulting,Privately Held,201-500,370,2010,Asheville,North Carolina,US,Campaign #1 - Enterprise & Platforms (Casual Connections)
Navina,https://www.linkedin.com/company/navina-ai,navina.ai,Hospitals and Health Care,Privately Held,51-200,303,-,New York,New York,US,Campaign #1 - Enterprise & Platforms (Casual Connections)
PromptCloud,https://www.linkedin.com/company/promptcloud,promptcloud.com,IT Services and IT Consulting,Privately Held,51-200,95,2009,Lewes,Delaware,US,Campaign #1 - Enterprise & Platforms (Casual Connections)
BlueCloud,https://www.linkedin.com/company/bluecloudservices,blue.cloud,Information Technology and Services,Privately Held,201-500,341,2004,Tampa,Florida,US,Campaign #1 - Enterprise & Platforms (Casual Connections)
Codiant - A YASH Technologies Company,https://www.linkedin.com/company/codiant-a-yash-technologies-company,codiant.com,IT Services and IT Consulting,Privately Held,201-500,249,2010,East Moline,Illinois,US,Campaign #1 - Enterprise & Platforms (Casual Connections)
ProHance,https://www.linkedin.com/company/prohance,prohance.ai,Software Development,Privately Held,51-200,211,2010,Dallas,Texas,US,Campaign #1 - Enterprise & Platforms (Casual Connections)
Fusion Life Sciences Technologies LLC,https://www.linkedin.com/company/fusion-life-sciences-technologies-llc,fusionlifesolutions.com,Staffing and Recruiting,Privately Held,201-500,140,2004,Alpharetta,Georgia,US,Campaign #1 - Enterprise & Platforms (Casual Connections)
Inito,https://www.linkedin.com/company/initoinc,inito.com,Wellness and Fitness Services,Privately Held,51-200,233,2015,Houston,Texas,US,Campaign #1 - Enterprise & Platforms (Casual Connections)
STAT,https://www.linkedin.com/company/stat-news,statnews.com,Internet News,Privately Held,51-200,358,-,Boston,Massachusetts,US,Campaign #1 - Enterprise & Platforms (Casual Connections)
Totango,https://www.linkedin.com/company/totango,totango.com,Software Development,Privately Held,51-200,157,2010,New York,New York,US,Campaign #1 - Enterprise & Platforms (Casual Connections)
Empatica,https://www.linkedin.com/company/empatica,empatica.com,Biotechnology Research,Privately Held,51-200,127,2011,Boston,Massachusetts,US,Campaign #1 - Enterprise & Platforms (Casual Connections)
Biofourmis,https://www.linkedin.com/company/biofourmis,biofourmis.com,Hospitals and Health Care,Privately Held,201-500,127,2015,Needham,Massachusetts,US,Campaign #1 - Enterprise & Platforms (Casual Connections)
Cloudstrats,https://www.linkedin.com/company/cloudstrats,cloudstrats.com,IT Services and IT Consulting,Privately Held,51-200,152,2013,New York,New York,US,Campaign #1 - Enterprise & Platforms (Casual Connections)
Vitality Group Inc.,https://www.linkedin.com/company/the-vitality-group-inc-,vitalitygroup.com,Hospitals and Health Care,Privately Held,201-500,556,-,Chicago,Illinois,US,Campaign #1 - Enterprise & Platforms (Casual Connections)
Jade Business Services (JBS),https://www.linkedin.com/company/jade-business-services,jade-biz.com,IT Services and IT Consulting,Privately Held,51-200,113,2018,Frisco,Texas,US,Campaign #1 - Enterprise & Platforms (Casual Connections)
Loka,https://www.linkedin.com/company/loka,loka.com,Software Development,Privately Held,201-500,459,2004,San Francisco,California,US,Campaign #1 - Enterprise & Platforms (Casual Connections)
"Qventus, Inc",https://www.linkedin.com/company/qventus-inc,qventus.com,Hospitals and Health Care,Privately Held,51-200,268,2012,Mountain View,California,US,Campaign #1 - Enterprise & Platforms (Casual Connections)
Cardiovascular Research Foundation,https://www.linkedin.com/company/cardiovascular-research-foundation,crf.org,Research Services,Nonprofit,51-200,259,1991,New York,New York,US,Campaign #1 - Enterprise & Platforms (Casual Connections)
IT Avalon,https://www.linkedin.com/company/it-avalon,itavalon.com,IT Services and IT Consulting,Privately Held,51-200,51,2012,San Francisco Bay Area,California,US,Campaign #1 - Enterprise & Platforms (Casual Connections)
Fetch Pet Insurance,https://www.linkedin.com/company/fetch-pet-insurance,fetchpet.com,Insurance,Privately Held,201-500,399,-,New York,New York,US,Campaign #1 - Enterprise & Platforms (Casual Connections)
Factspan,https://www.linkedin.com/company/factspan,factspan.com,Business Consulting and Services,Privately Held,201-500,333,2012,Seattle,Washington,US,Campaign #1 - Enterprise & Platforms (Casual Connections)
Altysys,https://www.linkedin.com/company/altysys,altysys.com,IT Services and IT Consulting,Privately Held,51-200,70,2022,Dallas,Texas,US,Campaign #1 - Enterprise & Platforms (Casual Connections)
Twin Health,https://www.linkedin.com/company/twinhealth,twinhealth.com,Hospitals and Health Care,Privately Held,201-500,770,2018,Menlo Park,California,US,Campaign #1 - Enterprise & Platforms (Casual Connections)
Nabla,https://www.linkedin.com/company/nablahq,nabla.com,Hospitals and Health Care,Partnership,51-200,198,2018,-,New York,US,Campaign #1 - Enterprise & Platforms (Casual Connections)
Alphabridge,https://www.linkedin.com/company/alphabridge-consulting,thealphabridge.com,Technology; Information and Internet,Partnership,201-500,319,2024,San Francisco,California,US,Campaign #1 - Enterprise & Platforms (Casual Connections)
Acentura Inc,https://www.linkedin.com/company/acentura,acentura.com,Information Technology and Services,Privately Held,201-500,260,2014,-,California,US,Campaign #1 - Enterprise & Platforms (Casual Connections)
Sesheng Company,https://www.linkedin.com/company/sesheng,seshng.com,Business Consulting and Services,Privately Held,51-200,7,-,Fairfax,Virginia,US,Campaign #1 - Enterprise & Platforms (Casual Connections)
Ambience Healthcare,https://www.linkedin.com/company/ambiencehealthcare,ambiencehealthcare.com,Hospitals and Health Care,Privately Held,201-500,261,2020,San Francisco,California,US,Campaign #1 - Enterprise & Platforms (Casual Connections)
iQuasar LLC,https://www.linkedin.com/company/iquasar-llc,iquasar.com,Information Technology and Services,Privately Held,201-500,239,2004,Sterling,Virginia,US,Campaign #1 - Enterprise & Platforms (Casual Connections)
BizAcuity,https://www.linkedin.com/company/bizacuity-solutions-pvt-ltd-,bizacuity.com,IT Services and IT Consulting,Privately Held,201-500,222,2011,Atlanta,Georgia,US,Campaign #1 - Enterprise & Platforms (Casual Connections)
HST Pathways,https://www.linkedin.com/company/hstpathways,hstpathways.com,Software Development,Privately Held,201-500,285,2005,Nashville,Tennessee,US,Campaign #1 - Enterprise & Platforms (Casual Connections)
Doceree,https://www.linkedin.com/company/doceree,doceree.com,Advertising Services,Privately Held,201-500,250,2020,Short Hills,New Jersey,US,Campaign #1 - Enterprise & Platforms (Casual Connections)
Skyflow,https://www.linkedin.com/company/skyflow,skyflow.com,Data Security Software Products,Privately Held,51-200,153,2019,Palo Alto,California,US,Campaign #1 - Enterprise & Platforms (Casual Connections)
Iterative Health,https://www.linkedin.com/company/iterative-health,iterative.health,Pharmaceutical Manufacturing,Privately Held,51-200,217,2017,Cambridge,Massachusetts,US,Campaign #1 - Enterprise & Platforms (Casual Connections)
Infidigit,https://www.linkedin.com/company/infidigit,bit.ly,Marketing Services,Privately Held,51-200,149,2017,Irving,Texas,US,Campaign #1 - Enterprise & Platforms (Casual Connections)
Beam Benefits,https://www.linkedin.com/company/beambenefits,beambenefits.com,Insurance,Privately Held,201-500,232,2012,Columbus,Ohio,US,Campaign #1 - Enterprise & Platforms (Casual Connections)
André,https://www.linkedin.com/company/andreglobal,andreglobal.com,IT Services and IT Consulting,Privately Held,51-200,57,2002,New York,New York,US,Campaign #1 - Enterprise & Platforms (Casual Connections)
Central Business Solutions Inc.,https://www.linkedin.com/company/central-business-solutions,cbsinfosys.com,IT Services and IT Consulting,Privately Held,201-500,81,2000,Newark,California,US,Campaign #1 - Enterprise & Platforms (Casual Connections)
Bitsol,https://www.linkedin.com/company/bitsol,bitsol.tech,IT Services and IT Consulting,Privately Held,51-200,81,2015,Dallas,Texas,US,Campaign #1 - Enterprise & Platforms (Casual Connections)
Medical Home Network,https://www.linkedin.com/company/medical-home-network,medicalhomenetwork.org,Hospitals and Health Care,Privately Held,51-200,150,2009,Chicago,Illinois,US,Campaign #1 - Enterprise & Platforms (Casual Connections)
CareYaya Health Technologies,https://www.linkedin.com/company/careyaya,careyaya.org,Hospitals and Health Care,Privately Held,51-200,404,2021,Research Triangle Park,North Carolina,US,Campaign #1 - Enterprise & Platforms (Casual Connections)
TAPsDIGITal,https://www.linkedin.com/company/tapsdigital,tapsdigital.com,IT Services and IT Consulting,Privately Held,51-200,44,2016,Kansas,Kansas,US,Campaign #1 - Enterprise & Platforms (Casual Connections)
Rigel Networks,https://www.linkedin.com/company/rigelnetworks,rigelnetworks.com,IT Services and IT Consulting,Privately Held,201-500,217,2004,Los Angeles,California,US,Campaign #1 - Enterprise & Platforms (Casual Connections)
Focaloid Technologies,https://www.linkedin.com/company/focaloid,focaloid.com,IT Services and IT Consulting,Privately Held,201-500,157,2013,New York,New York,US,Campaign #1 - Enterprise & Platforms (Casual Connections)
ObvioHealth,https://www.linkedin.com/company/obviohealth,obviohealth.com,Research Services,Privately Held,51-200,69,2017,New York,New York,US,Campaign #1 - Enterprise & Platforms (Casual Connections)
exacare ai,https://www.linkedin.com/company/exa-care,exacare.com,Software Development,Privately Held,51-200,86,-,New York,-,US,Campaign #1 - Enterprise & Platforms (Casual Connections)
Bodybuilding.com,https://www.linkedin.com/company/bodybuilding-com,bodybuilding.com,Wellness and Fitness Services,Privately Held,201-500,709,1999,Boise,Idaho,US,Campaign #1 - Enterprise & Platforms (Casual Connections)
Nerdery,https://www.linkedin.com/company/nerdery,nerdery.com,IT Services and IT Consulting,Privately Held,51-200,174,2003,Edina,Minnesota,US,Campaign #1 - Enterprise & Platforms (Casual Connections)
Digital Infuzion,https://www.linkedin.com/company/digital-infuzion,digitalinfuzion.com,Software Development,Privately Held,51-200,179,1999,Rockville,Maryland,US,Campaign #1 - Enterprise & Platforms (Casual Connections)
Mad Street Den,https://www.linkedin.com/company/mad-street-den,madstreetden.com,Software Development,Privately Held,201-500,161,2016,Redwood City,California,US,Campaign #1 - Enterprise & Platforms (Casual Connections)
"Liventus, Inc.",https://www.linkedin.com/company/liventus-inc.,liventus.com,IT Services and IT Consulting,Privately Held,51-200,196,2002,Northbrook,Illinois,US,Campaign #1 - Enterprise & Platforms (Casual Connections)
MangoApps,https://www.linkedin.com/company/mangoapps-inc,mangoapps.com,Software Development,Privately Held,51-200,169,2008,Issaquah,Washington,US,Campaign #1 - Enterprise & Platforms (Casual Connections)
Scopic,https://www.linkedin.com/company/scopic-software,scopicsoftware.com,Software Development,Privately Held,201-500,232,2006,Marlborough,Massachusetts,US,Campaign #1 - Enterprise & Platforms (Casual Connections)
Thinkitive Inc.,https://www.linkedin.com/company/thinkitive,thinkitive.com,IT Services and IT Consulting,Partnership,201-500,398,2015,Dover,Delaware,US,Campaign #1 - Enterprise & Platforms (Casual Connections)
Crain's New York Business,https://www.linkedin.com/company/crainsnewyork,crainsnewyork.com,Book and Periodical Publishing,Privately Held,51-200,45,1985,New York,New York,US,Campaign #1 - Enterprise & Platforms (Casual Connections)
Medbridge,https://www.linkedin.com/company/medbridge,medbridge.com,Software Development,Privately Held,51-200,337,-,Bellevue,Washington,US,Campaign #1 - Enterprise & Platforms (Casual Connections)
Legion Technologies,https://www.linkedin.com/company/legionco,legion.co,Software Development,Privately Held,201-500,265,2016,Redwood City,California,US,Campaign #1 - Enterprise & Platforms (Casual Connections)
Assigncorp,https://www.linkedin.com/company/assigncorp,assigncorp.com,IT Services and IT Consulting,Privately Held,51-200,41,1997,Glendale,California,US,Campaign #1 - Enterprise & Platforms (Casual Connections)
New Resources Consulting,https://www.linkedin.com/company/new-resources-consulting,newresources.com,IT Services and IT Consulting,Privately Held,51-200,148,1992,Milwaukee,Wisconsin,US,Campaign #1 - Enterprise & Platforms (Casual Connections)
DispatchHealth,https://www.linkedin.com/company/dispatchhealth,dispatchhealth.com,Hospitals and Health Care,Privately Held,201-500,957,2013,Denver,Colorado,US,Campaign #1 - Enterprise & Platforms (Casual Connections)
Sunshine Sachs Morgan & Lylis,https://www.linkedin.com/company/ssmandl,ssmandl.com,Public Relations and Communications Services,Privately Held,201-500,341,1992,New York,New York,US,Campaign #1 - Enterprise & Platforms (Casual Connections)
Thorn,https://www.linkedin.com/company/thorn-digital-defenders-of-children,thorn.org,Non-profit Organizations,Nonprofit,51-200,164,2012,El Segundo,California,US,Campaign #1 - Enterprise & Platforms (Casual Connections)
Mochi Health,https://www.linkedin.com/company/mochihealth,joinmochi.com,Hospitals and Health Care,Privately Held,51-200,351,2022,San Francisco,California,US,Campaign #1 - Enterprise & Platforms (Casual Connections)
Insider Intelligence,https://www.linkedin.com/company/insider-intelligence,linktr.ee,Information Services,Privately Held,201-500,22,-,New York,New York,US,Campaign #1 - Enterprise & Platforms (Casual Connections)
HIGH TIMES,https://www.linkedin.com/company/high-times,hightimes.com,Book and Periodical Publishing,Privately Held,51-200,227,1974,Venice,California,US,Campaign #1 - Enterprise & Platforms (Casual Connections)
Xerago,https://www.linkedin.com/company/xerago,xerago.com,Technology; Information and Internet,Privately Held,201-500,578,2002,San Jose,California,US,Campaign #1 - Enterprise & Platforms (Casual Connections)
AIOS,https://www.linkedin.com/company/aios-tech,fellahealth.com,Technology; Information and Internet,Privately Held,51-200,127,2021,San Francisco,-,US,Campaign #1 - Enterprise & Platforms (Casual Connections)
Monetate,https://www.linkedin.com/company/monetate-,monetate.com,Software Development,Privately Held,51-200,115,2008,Dallas,Texas,US,Campaign #1 - Enterprise & Platforms (Casual Connections)
iPivot,https://www.linkedin.com/company/ipivot,ipivot.io,Software Development,Privately Held,201-500,90,2010,Princeton,New Jersey,US,Campaign #1 - Enterprise & Platforms (Casual Connections)
New Mountain Capital,https://www.linkedin.com/company/new-mountain-capital,newmountaincapital.com,Investment Management,Privately Held,201-500,377,1999,New York,New York,US,Campaign #1 - Enterprise & Platforms (Casual Connections)
Facilio,https://www.linkedin.com/company/facilio-inc,facilio.com,Software Development,Privately Held,51-200,233,2017,New York,New York,US,Campaign #1 - Enterprise & Platforms (Casual Connections)
Everlywell,https://www.linkedin.com/company/everlyhealth,everlywell.com,Wellness and Fitness Services,Privately Held,201-500,336,2015,Austin,Texas,US,Campaign #1 - Enterprise & Platforms (Casual Connections)
Bigfoot Biomedical,https://www.linkedin.com/company/bigfoot-biomedical-inc-,bigfootbiomedical.com,Medical Equipment Manufacturing,Privately Held,51-200,64,2014,Milpitas,California,US,Campaign #1 - Enterprise & Platforms (Casual Connections)
Fourth Frontier,https://www.linkedin.com/company/fourth-frontier,fourthfrontier.com,"Health, Wellness and Fitness",Privately Held,51-200,72,2016,Austin,Texas,US,Campaign #1 - Enterprise & Platforms (Casual Connections)
Oshi Health,https://www.linkedin.com/company/oshihealth,oshihealth.com,Hospitals and Health Care,Privately Held,51-200,208,2018,New York,New York,US,Campaign #1 - Enterprise & Platforms (Casual Connections)
Grindr,https://www.linkedin.com/company/grindr,grindr.com,Software Development,Public Company,51-200,388,2009,Los Angeles,California,US,Campaign #1 - Enterprise & Platforms (Casual Connections)
CoreStack,https://www.linkedin.com/company/corestack,corestack.io,Software Development,Privately Held,51-200,209,-,Bellevue,Washington,US,Campaign #1 - Enterprise & Platforms (Casual Connections)
Zealthy,https://www.linkedin.com/company/getzealthy,getzealthy.com,Hospitals and Health Care,Privately Held,51-200,70,2023,New York,New York,US,Campaign #1 - Enterprise & Platforms (Casual Connections)
Bright Vision Technologies,https://www.linkedin.com/company/in-bvteck,bvteck.com,IT System Custom Software Development,Privately Held,51-200,67,2020,Bridgewater,New Jersey,US,Campaign #1 - Enterprise & Platforms (Casual Connections)
Adviters,https://www.linkedin.com/company/adviters,adviters.com,Services et conseil en informatique,Privately Held,51-200,121,2015,Miami,Florida,US,Campaign #1 - Enterprise & Platforms (Casual Connections)
ASSYST,https://www.linkedin.com/company/assyst,assyst.net,IT Services and IT Consulting,Privately Held,51-200,293,1993,Sterling,Virginia,US,Campaign #1 - Enterprise & Platforms (Casual Connections)
InfiVR,https://www.linkedin.com/company/infivrlabs,infivr.com,Software Development,Privately Held,51-200,41,2018,Austin,Texas,US,Campaign #1 - Enterprise & Platforms (Casual Connections)
Cleerly,https://www.linkedin.com/company/cleerlyhealth,cleerlyhealth.com,Medical Equipment Manufacturing,Privately Held,201-500,396,2017,Denver,Colorado,US,Campaign #1 - Enterprise & Platforms (Casual Connections)
Big Health,https://www.linkedin.com/company/big-health,bighealth.com,Mental Health Care,Privately Held,51-200,156,2010,San Francisco,California,US,Campaign #1 - Enterprise & Platforms (Casual Connections)
Sysvine Technologies,https://www.linkedin.com/company/sysvine,sysvine.com,IT Services and IT Consulting,Privately Held,201-500,162,2000,Mountain View,California,US,Campaign #1 - Enterprise & Platforms (Casual Connections)
Circadia Health,https://www.linkedin.com/company/circadia,circadia.health,Medical Equipment Manufacturing,Privately Held,51-200,106,2016,Los Angeles,California,US,Campaign #1 - Enterprise & Platforms (Casual Connections)
Voyce,https://www.linkedin.com/company/voyce,voyceglobal.com,Hospitals and Health Care,Privately Held,51-200,1466,2014,Fort Lauderdale,Florida,US,Campaign #1 - Enterprise & Platforms (Casual Connections)
PetDesk,https://www.linkedin.com/company/petdesk,petdesk.com,Software Development,Privately Held,201-500,332,2013,West Hollywood,California,US,Campaign #1 - Enterprise & Platforms (Casual Connections)
Prophecy,https://www.linkedin.com/company/prophecy-ai,prophecy.io,Software Development,Privately Held,51-200,166,2017,San Diego,California,US,Campaign #1 - Enterprise & Platforms (Casual Connections)
Vasion,https://www.linkedin.com/company/vasion-software,vasion.com,Software Development,Privately Held,201-500,539,2008,St. George,Utah,US,Campaign #1 - Enterprise & Platforms (Casual Connections)
FriskaAi,https://www.linkedin.com/company/friskaai,friska.ai,Health and Human Services,Privately Held,51-200,72,2024,Arlington,Virginia,US,Campaign #1 - Enterprise & Platforms (Casual Connections)
Indiana Institute of Technology,https://www.linkedin.com/school/indiana-tech,indianatech.edu,Higher Education,Educational Institution,201-500,1021,1930,Fort Wayne,Indiana,US,Campaign #1 - Enterprise & Platforms (Casual Connections)
Ruby Labs,https://www.linkedin.com/company/rlabs-company,ableapp.com,Technology; Information and Internet,Privately Held,201-500,250,2018,San Francisco,California,US,Campaign #1 - Enterprise & Platforms (Casual Connections)
CallMiner,https://www.linkedin.com/company/callminer,callminer.com,Software Development,Privately Held,201-500,324,2002,Waltham,Massachusetts,US,Campaign #1 - Enterprise & Platforms (Casual Connections)
"DrFirst, Inc.",https://www.linkedin.com/company/drfirst,drfirst.com,Hospitals and Health Care,Privately Held,201-500,454,2000,Rockville,Maryland,US,Campaign #1 - Enterprise & Platforms (Casual Connections)
InstantServe LLC,https://www.linkedin.com/company/instantserve,iserveworld.com,IT System Data Services,Privately Held,51-200,64,2016,Wayne,Pennsylvania,US,Campaign #1 - Enterprise & Platforms (Casual Connections)
b.well Connected Health,https://www.linkedin.com/company/icanbwell,icanbwell.com,Hospitals and Health Care,Privately Held,51-200,138,2015,Baltimore,Maryland,US,Campaign #1 - Enterprise & Platforms (Casual Connections)
Mindbloom,https://www.linkedin.com/company/mymindbloom,mindbloom.com,Mental Health Care,Privately Held,201-500,164,2018,New York,New York,US,Campaign #1 - Enterprise & Platforms (Casual Connections)
SpectraMedix,https://www.linkedin.com/company/spectramd-usa-inc-,spectramedix.com,Software Development,Privately Held,51-200,183,2009,East Windsor,New Jersey,US,Campaign #1 - Enterprise & Platforms (Casual Connections)
Ganit Inc.,https://www.linkedin.com/company/ganit-inc,ganitinc.com,Business Consulting and Services,Privately Held,201-500,303,2017,Parsippany,New Jersey,US,Campaign #1 - Enterprise & Platforms (Casual Connections)
310 Nutrition,https://www.linkedin.com/company/310-nutrition,310nutrition.com,Wellness and Fitness Services,Privately Held,51-200,42,2012,Las Vegas,Nevada,US,Campaign #1 - Enterprise & Platforms (Casual Connections)
Wysa,https://www.linkedin.com/company/wysa-ai,wysa.com,Mental Health Care,Privately Held,51-200,151,2015,Boston,Massachusetts,US,Campaign #1 - Enterprise & Platforms (Casual Connections)
Cognida,https://www.linkedin.com/company/cognida-ai,cognida.ai,Software Development,Privately Held,201-500,278,2022,Sunnyvale,California,US,Campaign #1 - Enterprise & Platforms (Casual Connections)
Forward,https://www.linkedin.com/company/forwardinc,goforward.com,Software Development,Privately Held,51-200,439,2016,San Francisco,California,US,Campaign #1 - Enterprise & Platforms (Casual Connections)
Kaia Health,https://www.linkedin.com/company/kaiahealth,kaiahealth.com,Software Development,Privately Held,51-200,91,2016,New York,New York,US,Campaign #1 - Enterprise & Platforms (Casual Connections)
Grok Global Services,https://www.linkedin.com/company/grokglobal,grokglobal.com,Education Management,Privately Held,51-200,181,2005,Brooklyn,New York,US,Campaign #1 - Enterprise & Platforms (Casual Connections)
Maxis Clinical Sciences,https://www.linkedin.com/company/maxis-clinical-sciences,maxisclinical.com,Strategic Management Services,Privately Held,201-500,25,2022,Edison,New Jersey,US,Campaign #1 - Enterprise & Platforms (Casual Connections)
Medically Home,https://www.linkedin.com/company/medicallyhome,medicallyhome.com,Hospitals and Health Care,Privately Held,51-200,147,2017,Boston,Massachusetts,US,Campaign #1 - Enterprise & Platforms (Casual Connections)
Space Inventive,https://www.linkedin.com/company/spaceinventive,spaceinventive.com,IT Services and IT Consulting,Privately Held,201-500,182,2007,-,New York,US,Campaign #1 - Enterprise & Platforms (Casual Connections)
Click2Cloud Inc.,https://www.linkedin.com/company/click2cloud-inc-,click2cloud.com,Software Development,Privately Held,201-500,106,2014,Bellevue,Washington,US,Campaign #1 - Enterprise & Platforms (Casual Connections)
ArgonTeq Inc,https://www.linkedin.com/company/argonteq,argonteq.com,IT Services and IT Consulting,Privately Held,201-500,101,2013,New York,New York,US,Campaign #1 - Enterprise & Platforms (Casual Connections)
Thoughtwave Software and Solutions,https://www.linkedin.com/company/thoughtwave-software-and-solutions,thoughtwavesoft.com,IT Services and IT Consulting,Privately Held,201-500,226,2003,Aurora,Illinois,US,Campaign #1 - Enterprise & Platforms (Casual Connections)
Grameen Foundation,https://www.linkedin.com/company/grameen-foundation,grameenfoundation.org,Civic and Social Organizations,Nonprofit,51-200,240,1997,Washington,District of Columbia,US,Campaign #1 - Enterprise & Platforms (Casual Connections)
Voca Healthcare,https://www.linkedin.com/company/vocahealthcare,myvoca.com,Staffing and Recruiting,Privately Held,201-500,210,2005,Blue Ash,Ohio,US,Campaign #1 - Enterprise & Platforms (Casual Connections)
MedTrix Healthcare,https://www.linkedin.com/company/medtrix-healthcare,medtrixhealthcare.com,Advertising Services,Privately Held,51-200,115,2012,Bridgewater,New Jersey,US,Campaign #1 - Enterprise & Platforms (Casual Connections)
Accede Solutions Inc (accedesolution.com),https://www.linkedin.com/company/accedesolution,accedesolution.com,Staffing and Recruiting,Privately Held,201-500,84,2005,Schaumburg,Illinois,US,Campaign #1 - Enterprise & Platforms (Casual Connections)
HLTH Inc.,https://www.linkedin.com/company/hlthinc,hlth.com,Hospitals and Health Care,Privately Held,51-200,162,2017,New York,New York,US,Campaign #1 - Enterprise & Platforms (Casual Connections)
CA-One Tech Cloud Inc,https://www.linkedin.com/company/ca-one-tech-cloud-inc,ca-one.com,Information Technology and Services,Privately Held,201-500,79,2017,Fremont,California,US,Campaign #1 - Enterprise & Platforms (Casual Connections)
MentorSol,https://www.linkedin.com/company/mentorsol,mentorsol.com,Software Development,Privately Held,51-200,44,2016,Albany,"New York, USA",US,Campaign #1 - Enterprise & Platforms (Casual Connections)
Varun Digital Media,https://www.linkedin.com/company/varun-digital-media,varundigitalmedia.com,Marketing Services,Privately Held,51-200,86,2023,South Plainfield,New Jersey,US,Campaign #1 - Enterprise & Platforms (Casual Connections)
FPT Americas,https://www.linkedin.com/company/fpt-software-americas,fptsoftware.com,IT Services and IT Consulting,Privately Held,201-500,1391,-,Richardson,Texas,US,Campaign #1 - Enterprise & Platforms (Casual Connections)
RSA Tech,https://www.linkedin.com/company/rsa-tech,rsatech.com,IT System Custom Software Development,Privately Held,201-500,73,2011,Little Elm,Texas,US,Campaign #1 - Enterprise & Platforms (Casual Connections)
"Click Therapeutics, Inc.",https://www.linkedin.com/company/click-therapeutics-inc-,clicktherapeutics.com,Biotechnology Research,Privately Held,51-200,104,2012,New York,-,US,Campaign #1 - Enterprise & Platforms (Casual Connections)
Innovecture,https://www.linkedin.com/company/innovecture,innovect.com,IT Services and IT Consulting,Privately Held,201-500,123,2007,South Jordan,Utah,US,Campaign #1 - Enterprise & Platforms (Casual Connections)
GoodData.AI,https://www.linkedin.com/company/gooddata,gooddata.com,Software Development,Privately Held,201-500,284,2007,San Francisco,California,US,Campaign #1 - Enterprise & Platforms (Casual Connections)
Pramana,https://www.linkedin.com/company/pramana-digital-pathology,pramana.ai,Medical Equipment Manufacturing,Privately Held,51-200,93,2021,Cambridge,Massachusetts,US,Campaign #1 - Enterprise & Platforms (Casual Connections)
"Future Tech Enterprise, Inc.",https://www.linkedin.com/company/future-tech,ftei.com,IT Services and IT Consulting,Privately Held,201-500,331,1996,Fort Lauderdale,Florida,US,Campaign #1 - Enterprise & Platforms (Casual Connections)
Robots & Pencils,https://www.linkedin.com/company/robots-and-pencils,robotsandpencils.com,IT Services and IT Consulting,Privately Held,51-200,182,2009,Chagrin Falls,Ohio,US,Campaign #1 - Enterprise & Platforms (Casual Connections)
Athelas,https://www.linkedin.com/company/athelas,athelas.com,Software Development,Privately Held,201-500,314,-,Mountain View,California,US,Campaign #1 - Enterprise & Platforms (Casual Connections)
DayToDay Health,https://www.linkedin.com/company/daytoday-health,daytoday.health,Hospitals and Health Care,Privately Held,51-200,97,2018,Boston,Massachusetts,US,Campaign #1 - Enterprise & Platforms (Casual Connections)
Campfire,https://www.linkedin.com/company/meetcampfire,campfire.ai,Software Development,Privately Held,51-200,189,2023,San Francisco,California,US,Campaign #1 - Enterprise & Platforms (Casual Connections)
Matrix Fitness USA,https://www.linkedin.com/company/matrixfitnessusa,matrixfitness.com,Wellness and Fitness Services,Privately Held,201-500,163,2001,Cottage Grove,Wisconsin,US,Campaign #1 - Enterprise & Platforms (Casual Connections)
Cinntra,https://www.linkedin.com/company/cinntra,cinntra.com,IT Services and IT Consulting,Privately Held,201-500,200,2016,New York City,New York,US,Campaign #1 - Enterprise & Platforms (Casual Connections)
"RediMinds, Inc",https://www.linkedin.com/company/rediminds,rediminds.com,Information Services,Privately Held,51-200,74,2016,Southfield,Michigan,US,Campaign #1 - Enterprise & Platforms (Casual Connections)
Ancient Nutrition,https://www.linkedin.com/company/ancient-nutrition,ancientnutrition.com,Wellness and Fitness Services,Privately Held,51-200,152,2016,Franklin,Tennessee,US,Campaign #1 - Enterprise & Platforms (Casual Connections)
SCALE Healthcare,https://www.linkedin.com/company/scalehealthcare,scale-healthcare.com,Business Consulting and Services,Privately Held,51-200,246,2019,New York,New York,US,Campaign #1 - Enterprise & Platforms (Casual Connections)
TechGenies,https://www.linkedin.com/company/techgeniesglobal,techgenies.com,IT Services and IT Consulting,Privately Held,51-200,74,2015,Richardson,Texas,US,Campaign #1 - Enterprise & Platforms (Casual Connections)
MojoTech,https://www.linkedin.com/company/mojotech,mojotech.com,Software Development,Privately Held,51-200,85,2008,Providence,Rhode Island,US,Campaign #1 - Enterprise & Platforms (Casual Connections)
Quanteon Solutions,https://www.linkedin.com/company/quanteon-solutions,quanteonsolutions.com,IT Services and IT Consulting,Partnership,51-200,49,2015,Ashburn,Virginia,US,Campaign #1 - Enterprise & Platforms (Casual Connections)
Epik Solutions,https://www.linkedin.com/company/epikso,epikso.com,Information Technology and Services,Privately Held,201-500,162,2015,Pleasant Hill,California,US,Campaign #1 - Enterprise & Platforms (Casual Connections)
Epic Placements,https://www.linkedin.com/company/epicplacements,epicplacements.com,Staffing and Recruiting,Privately Held,51-200,8,2017,Denver,Colorado,US,Campaign #1 - Enterprise & Platforms (Casual Connections)
"Ekloud, Inc.",https://www.linkedin.com/company/ekloud,ekloudservices.com,Technology; Information and Internet,Privately Held,51-200,75,2022,Sheridan,Wyoming,US,Campaign #1 - Enterprise & Platforms (Casual Connections)
"X2 Logics Staffing Solution, Inc.",https://www.linkedin.com/company/x2logicsstaffingsolution,x2logicsstaffingsolution.com,Staffing and Recruiting,Partnership,51-200,39,2019,Pembroke Pines,Florida,US,Campaign #1 - Enterprise & Platforms (Casual Connections)
IntelyCare,https://www.linkedin.com/company/intelycare,intelycare.com,Staffing and Recruiting,Privately Held,201-500,2077,2014,Quincy,Massachusetts,US,Campaign #1 - Enterprise & Platforms (Casual Connections)
Lark Health,https://www.linkedin.com/company/lark-health,lark.com,Hospitals and Health Care,Privately Held,51-200,126,2011,Mountain View,California,US,Campaign #1 - Enterprise & Platforms (Casual Connections)
Live Your Best Life,https://www.linkedin.com/company/lyblhealthcare,lybl.com,Hospitals and Health Care,Privately Held,51-200,69,2022,Los Angeles,California,US,Campaign #1 - Enterprise & Platforms (Casual Connections)
Prodigal,https://www.linkedin.com/company/prodigaltech,prodigaltech.com,Software Development,Privately Held,51-200,101,2018,Mountain View,California,US,Campaign #1 - Enterprise & Platforms (Casual Connections)
Daman,https://www.linkedin.com/company/damaninc,damaninc.com,IT Services and IT Consulting,Privately Held,51-200,139,1995,Austin,Texas,US,Campaign #1 - Enterprise & Platforms (Casual Connections)
Atlantic International University,https://www.linkedin.com/school/atlantic-international-university,aiu.edu,Higher Education,Educational Institution,201-500,314,1998,Honolulu,Hawaii,US,Campaign #1 - Enterprise & Platforms (Casual Connections)
47Billion,https://www.linkedin.com/company/47billion,47billion.com,Software Development,Privately Held,51-200,235,2012,Santa Clara,California,US,Campaign #1 - Enterprise & Platforms (Casual Connections)
HexaQuEST Global,https://www.linkedin.com/company/hexaquest-global,hexaquestglobal.com,IT Services and IT Consulting,Privately Held,51-200,15,-,Katy,Texas,US,Campaign #1 - Enterprise & Platforms (Casual Connections)
HireX,https://www.linkedin.com/company/hirexinc,hirex.asia,Technology; Information and Internet,Public Company,51-200,41,2016,Delaware City,-,US,Campaign #1 - Enterprise & Platforms (Casual Connections)
INSART,https://www.linkedin.com/company/insart,insart.com,Software Development,Privately Held,51-200,94,1993,Boca Raton,Florida,US,Campaign #1 - Enterprise & Platforms (Casual Connections)
Baton Rouge Business Report,https://www.linkedin.com/company/baton-rouge-business-report,businessreport.com,Newspaper Publishing,Privately Held,51-200,78,1982,Baton Rouge,Louisiana,US,Campaign #1 - Enterprise & Platforms (Casual Connections)
PatientIQ,https://www.linkedin.com/company/patientiq,patientiq.io,Hospitals and Health Care,Privately Held,51-200,81,2016,Chicago,Illinois,US,Campaign #1 - Enterprise & Platforms (Casual Connections)
TechAhead,https://www.linkedin.com/company/techahead,techaheadcorp.com,Information Technology and Services,Privately Held,201-500,308,2009,Agoura Hills,California,US,Campaign #1 - Enterprise & Platforms (Casual Connections)
OneReach.ai,https://www.linkedin.com/company/onereach,onereach.ai,Software Development,Privately Held,201-500,126,2013,Denver,Colorado,US,Campaign #1 - Enterprise & Platforms (Casual Connections)
PaceMate®,https://www.linkedin.com/company/pacemate,pacemate.com,Hospitals and Health Care,Privately Held,201-500,223,2015,Sarasota,Florida,US,Campaign #1 - Enterprise & Platforms (Casual Connections)
Netpace Inc,https://www.linkedin.com/company/netpace,netpace.com,Information Technology and Services,Privately Held,51-200,89,2014,San Ramon,California,US,Campaign #1 - Enterprise & Platforms (Casual Connections)
Qualified Health,https://www.linkedin.com/company/qualifiedhealth,qualifiedhealthai.com,Hospitals and Health Care,Privately Held,51-200,175,-,Palo Alto,California,US,Campaign #1 - Enterprise & Platforms (Casual Connections)
MedTrainer,https://www.linkedin.com/company/medtrainer,medtrainer.com,Technology; Information and Internet,Privately Held,201-500,407,2013,Las Vegas,Nevada,US,Campaign #1 - Enterprise & Platforms (Casual Connections)
Mican Technologies Inc.,https://www.linkedin.com/company/mican-technologies,micantech.net,Staffing and Recruiting,Privately Held,51-200,93,2007,Bear,Delaware,US,Campaign #1 - Enterprise & Platforms (Casual Connections)
Prominence Advisors,https://www.linkedin.com/company/prominence-advisors,prominenceadvisors.com,IT Services and IT Consulting,Privately Held,51-200,99,-,Chicago,Illinois,US,Campaign #1 - Enterprise & Platforms (Casual Connections)
Talento,https://www.linkedin.com/company/talento-io,talento-io.com,Outsourcing and Offshoring Consulting,Privately Held,51-200,155,2025,Boca Raton,Florida,US,Campaign #1 - Enterprise & Platforms (Casual Connections)
Holmusk,https://www.linkedin.com/company/holmusk,holmusk.com,Mental Health Care,Privately Held,51-200,94,2015,New York,New York,US,Campaign #1 - Enterprise & Platforms (Casual Connections)
Arcadia,https://www.linkedin.com/company/arcadia-io,arcadia.io,IT Services and IT Consulting,Privately Held,201-500,546,2007,Boston,Massachusetts,US,Campaign #1 - Enterprise & Platforms (Casual Connections)
Ovia Health by Labcorp,https://www.linkedin.com/company/ovia-health,oviahealth.com,Hospitals and Health Care,Privately Held,51-200,89,2012,Westborough,Massachusetts,US,Campaign #1 - Enterprise & Platforms (Casual Connections)
Incredible Health,https://www.linkedin.com/company/incrediblehealth,incrediblehealth.com,Software Development,Privately Held,51-200,102,2017,San Francisco,California,US,Campaign #1 - Enterprise & Platforms (Casual Connections)
Maven (now Expeed Software),https://www.linkedin.com/company/choosemaven,choosemaven.net,IT Services and IT Consulting,Privately Held,51-200,11,2014,Columbus,Ohio,US,Campaign #1 - Enterprise & Platforms (Casual Connections)
Gutenberg,https://www.linkedin.com/company/gutenberg-communications,thegutenberg.com,Marketing Services,Privately Held,51-200,106,2004,New York,New York,US,Campaign #1 - Enterprise & Platforms (Casual Connections)
BPMLinks,https://www.linkedin.com/company/bpmlinks,bpmlinks.com,Software Development,Privately Held,51-200,73,2016,Boca Raton,Florida,US,Campaign #1 - Enterprise & Platforms (Casual Connections)
Lunit Cancer Screening,https://www.linkedin.com/company/lunit,lunit.io,Software Development,Public Company,201-500,321,-,Boston,Massachusetts,US,Campaign #1 - Enterprise & Platforms (Casual Connections)
Esper,https://www.linkedin.com/company/esperdev,esper.io,Software Development,Privately Held,51-200,207,2018,Bellevue,Washington,US,Campaign #1 - Enterprise & Platforms (Casual Connections)
Mapout Digital Solutions Inc,https://www.linkedin.com/company/mapoutinc,mapoutinc.com,IT Services and IT Consulting,Privately Held,201-500,93,-,San Jose,California,US,Campaign #1 - Enterprise & Platforms (Casual Connections)
"University of California, College of the Law, San Francisco (formerly UC Hastings)",https://www.linkedin.com/school/uclawsf,uclawsf.edu,Higher Education,Educational Institution,51-200,487,1878,San Francisco,California,US,Campaign #1 - Enterprise & Platforms (Casual Connections)
Wheel,https://www.linkedin.com/company/wheel-health,wheel.com,Hospitals and Health Care,Privately Held,201-500,297,2018,Austin,Texas,US,Campaign #1 - Enterprise & Platforms (Casual Connections)
ClinicMind,https://www.linkedin.com/company/clinicmind,clinicmind.com,Embedded Software Products,Privately Held,201-500,354,2000,Belleair Bluffs,Florida,US,Campaign #1 - Enterprise & Platforms (Casual Connections)
RBM Software,https://www.linkedin.com/company/rbmsoftware,rbmsoft.com,IT Services and IT Consulting,Privately Held,51-200,70,-,San Francisco,California,US,Campaign #1 - Enterprise & Platforms (Casual Connections)
Authenticx,https://www.linkedin.com/company/authenticx,authenticx.com,Software Development,Privately Held,51-200,154,2018,Indianapolis,Indiana,US,Campaign #1 - Enterprise & Platforms (Casual Connections)
Oregon Institute of Technology,https://www.linkedin.com/school/oregon-institute-of-technology,oit.edu,Higher Education,Educational,201-500,975,1947,Klamath Falls,Oregon,US,Campaign #1 - Enterprise & Platforms (Casual Connections)
HealthVerity,https://www.linkedin.com/company/healthverity,healthverity.com,Hospitals and Health Care,Privately Held,201-500,272,-,Philadelphia,Pennsylvania,US,Campaign #1 - Enterprise & Platforms (Casual Connections)
EazyML,https://www.linkedin.com/company/eazyml,eazyml.com,Software Development,Privately Held,51-200,26,-,Freehold Township,New Jersey,US,Campaign #1 - Enterprise & Platforms (Casual Connections)
OnMed,https://www.linkedin.com/company/onmedcarestation,onmed.com,Hospitals and Health Care,Privately Held,51-200,92,2015,White Plains,New York,US,Campaign #1 - Enterprise & Platforms (Casual Connections)
TalentZök,https://www.linkedin.com/company/talentz%c3%b6k,talentzok.com,Staffing and Recruiting,Privately Held,51-200,36,2008,San Diego,California,US,Campaign #1 - Enterprise & Platforms (Casual Connections)
Aquila Engineering,https://www.linkedin.com/company/aquila-engineering-llc,aquila-engineer.com,Oil and Gas,Privately Held,51-200,88,2019,Houston,Texas,US,Campaign #1 - Enterprise & Platforms (Casual Connections)
"OM1, Inc.",https://www.linkedin.com/company/om1-inc.,om1.com,Biotechnology Research,Privately Held,51-200,115,2015,Boston,Massachusetts,US,Campaign #1 - Enterprise & Platforms (Casual Connections)
Imre,https://www.linkedin.com/company/imre,imre.com,Advertising Services,Privately Held,201-500,298,1993,Towson,Maryland,US,Campaign #1 - Enterprise & Platforms (Casual Connections)
XEBO.ai,https://www.linkedin.com/company/xebo,xebo.ai,Software Development,Privately Held,51-200,102,2018,Dover,Delaware,US,Campaign #1 - Enterprise & Platforms (Casual Connections)
AliveCor,https://www.linkedin.com/company/alivecor,alivecor.com,Wellness and Fitness Services,Privately Held,51-200,210,2010,Mountain View,California,US,Campaign #1 - Enterprise & Platforms (Casual Connections)
XRHealth,https://www.linkedin.com/company/xrhealth,xr.health,"Health, Wellness and Fitness",Privately Held,51-200,130,2016,Needham Heights,Massachusetts,US,Campaign #1 - Enterprise & Platforms (Casual Connections)
Madrivo,https://www.linkedin.com/company/madrivo,madrivo.com,Advertising Services,Privately Held,51-200,56,-,Las Vegas,Nevada,US,Campaign #1 - Enterprise & Platforms (Casual Connections)
Pasco-Hernando State College,https://www.linkedin.com/school/pasco-hernando-state-college,phsc.edu,Higher Education,Educational Institution,201-500,916,1972,New Port Richey,Florida,US,Campaign #1 - Enterprise & Platforms (Casual Connections)
OpenTeQ Technologies,https://www.linkedin.com/company/open-teq,openteqgroup.com,IT Services and IT Consulting,Privately Held,201-500,163,2015,Irving,Texas,US,Campaign #1 - Enterprise & Platforms (Casual Connections)
Pivot Design,https://www.linkedin.com/company/pivot-design,pivotdesign.com,Advertising Services,Privately Held,51-200,126,1992,Chicago,Illinois,US,Campaign #1 - Enterprise & Platforms (Casual Connections)
Dario,https://www.linkedin.com/company/dariohealth,dariohealth.com,Hospitals and Health Care,Public Company,201-500,249,2011,New York,New York,US,Campaign #1 - Enterprise & Platforms (Casual Connections)
Rayvector Technologies,https://www.linkedin.com/company/rayvector,rayvector.com,Semiconductor Manufacturing,Privately Held,51-200,49,-,San Francisco,California,US,Campaign #1 - Enterprise & Platforms (Casual Connections)
Pindrop,https://www.linkedin.com/company/pindrop,pindrop.com,Computer and Network Security,Privately Held,201-500,368,2011,Atlanta,Georgia,US,Campaign #1 - Enterprise & Platforms (Casual Connections)
SiMa.ai,https://www.linkedin.com/company/sima-ai,sima.ai,Software Development,Privately Held,201-500,244,2018,San Jose,California,US,Campaign #1 - Enterprise & Platforms (Casual Connections)
Conductor,https://www.linkedin.com/company/conductor-inc-,conductor.com,Technology; Information and Internet,Privately Held,201-500,557,2010,New York,New York,US,Campaign #1 - Enterprise & Platforms (Casual Connections)
Healthline Media,https://www.linkedin.com/company/healthline-media,healthlinemedia.com,Media Production,Privately Held,201-500,248,2006,New York,New York,US,Campaign #1 - Enterprise & Platforms (Casual Connections)
Lumar (formerly Deepcrawl),https://www.linkedin.com/company/lumarhq,lumar.io,Software Development,Privately Held,51-200,72,2010,New York,New York,US,Campaign #1 - Enterprise & Platforms (Casual Connections)
John Snow Labs,https://www.linkedin.com/company/johnsnowlabs,johnsnowlabs.com,IT Services and IT Consulting,Privately Held,51-200,100,2015,Lewes,Delaware,US,Campaign #1 - Enterprise & Platforms (Casual Connections)
Salve Regina University,https://www.linkedin.com/school/salve-regina-university,salve.edu,Higher Education,Educational Institution,201-500,1326,-,Newport,Rhode Island,US,Campaign #1 - Enterprise & Platforms (Casual Connections)
CHIME,https://www.linkedin.com/company/chime,chimecentral.org,Non-profit Organizations,Nonprofit,51-200,216,1992,Ann Arbor,Michigan,US,Campaign #1 - Enterprise & Platforms (Casual Connections)
TechVedika,https://www.linkedin.com/company/tech-vedika,techvedika.com,IT Services and IT Consulting,Privately Held,201-500,269,2010,San Jose,California,US,Campaign #1 - Enterprise & Platforms (Casual Connections)
Ellit Groups,https://www.linkedin.com/company/ellit-groups,ellitgroups.com,IT Services and IT Consulting,Privately Held,201-500,254,2019,Houston,-,US,Campaign #1 - Enterprise & Platforms (Casual Connections)
RapidAI,https://www.linkedin.com/company/rapid-ai,rapidai.com,Medical Equipment Manufacturing,Privately Held,51-200,258,2012,San Mateo,California,US,Campaign #1 - Enterprise & Platforms (Casual Connections)
DoctusTech,https://www.linkedin.com/company/doctus-tech,doctustech.com,Hospitals and Health Care,Privately Held,51-200,56,2018,Los Angeles,California,US,Campaign #1 - Enterprise & Platforms (Casual Connections)
Retell,https://www.linkedin.com/company/retellai,retellai.com,Technology; Information and Internet,Privately Held,51-200,177,2023,San Carlos,California,US,Campaign #1 - Enterprise & Platforms (Casual Connections)
StackAI,https://www.linkedin.com/company/stackai,stack-ai.com,Software Development,Privately Held,51-200,82,2023,San Francisco,California,US,Campaign #1 - Enterprise & Platforms (Casual Connections)
Marchex,https://www.linkedin.com/company/marchex,marchex.com,Technology; Information and Internet,Public Company,201-500,202,2003,Seattle,Washington,US,Campaign #1 - Enterprise & Platforms (Casual Connections)
Vitel Global,https://www.linkedin.com/company/vitel-global,vitelglobal.com,Telecommunications,Privately Held,201-500,216,2010,South Plainfield,New Jersey,US,Campaign #1 - Enterprise & Platforms (Casual Connections)
H1,https://www.linkedin.com/company/h1com,h1.co,Software Development,Privately Held,201-500,581,2017,New York,New York,US,Campaign #1 - Enterprise & Platforms (Casual Connections)
Artera,https://www.linkedin.com/company/artera-io,artera.io,Hospitals and Health Care,Privately Held,201-500,285,2015,Santa Barbara,California,US,Campaign #1 - Enterprise & Platforms (Casual Connections)
ChiroTouch,https://www.linkedin.com/company/chirotouch,chirotouch.com,Software Development,Privately Held,51-200,188,-,San Diego,California,US,Campaign #1 - Enterprise & Platforms (Casual Connections)
Mechlin Technologies,https://www.linkedin.com/company/mechlin-technologies,mechlintech.com,IT Services and IT Consulting,Privately Held,201-500,92,2010,San Francisco,California,US,Campaign #1 - Enterprise & Platforms (Casual Connections)
The Pill Club,https://www.linkedin.com/company/thepillclub,thepillclub.com,Hospitals and Health Care,Privately Held,201-500,84,2014,San Mateo,California,US,Campaign #1 - Enterprise & Platforms (Casual Connections)
Blue5Green,https://www.linkedin.com/company/blue5green,blue5green.com,IT Services and IT Consulting,Privately Held,51-200,93,2018,Plainsboro,New Jersey,US,Campaign #1 - Enterprise & Platforms (Casual Connections)
Qcentrio,https://www.linkedin.com/company/qcentrio,qcentrio.com,IT Services and IT Consulting,Privately Held,51-200,55,2015,Lewisville,Texas,US,Campaign #1 - Enterprise & Platforms (Casual Connections)
Darwoft,https://www.linkedin.com/company/darwoft,darwoft.com,Software Development,Partnership,201-500,192,2010,Hillsboro,Oregon,US,Campaign #1 - Enterprise & Platforms (Casual Connections)
Theranica,https://www.linkedin.com/company/theranica-bio-electronics,nerivio.com,Medical Equipment Manufacturing,Privately Held,51-200,95,2016,Bridgewater,New Jersey,US,Campaign #1 - Enterprise & Platforms (Casual Connections)
Synapse XTL,https://www.linkedin.com/company/thesynapses,thesynapses.com,Software Development,Privately Held,51-200,61,2010,Boston,Massachusetts,US,Campaign #1 - Enterprise & Platforms (Casual Connections)
Hale International,https://www.linkedin.com/company/hale-international,haleinternational.com,Staffing and Recruiting,Privately Held,51-200,30,2019,Manhattan,New York,US,Campaign #1 - Enterprise & Platforms (Casual Connections)
Intelehealth,https://www.linkedin.com/company/intelehealth-inc,intelehealth.org,Non-profit Organizations,Nonprofit,51-200,82,2016,Baltimore,Maryland,US,Campaign #1 - Enterprise & Platforms (Casual Connections)
"NextGen Invent, an INC.5000 company",https://www.linkedin.com/company/nextgen-invent-corporation,nextgeninvent.com,IT Services and IT Consulting,Privately Held,201-500,282,2006,Syosset,New York,US,Campaign #1 - Enterprise & Platforms (Casual Connections)
Relevate Health,https://www.linkedin.com/company/relevate-health,relevatehealth.com,Marketing Services,Privately Held,201-500,266,2007,Blue Ash,Ohio,US,Campaign #1 - Enterprise & Platforms (Casual Connections)
SiliconNexus,https://www.linkedin.com/company/siliconnexus,silicon-nexus.com,IT Services and IT Consulting,Privately Held,51-200,59,2022,Dover,Delaware,US,Campaign #1 - Enterprise & Platforms (Casual Connections)
CBC,https://www.linkedin.com/company/cbcincai,cbcinc.ai,IT Services and IT Consulting,Privately Held,201-500,257,2010,Reston,Virginia,US,Campaign #1 - Enterprise & Platforms (Casual Connections)
Entrans Inc.,https://www.linkedin.com/company/entrans-technologies,entrans.ai,IT Services and IT Consulting,Privately Held,201-500,326,2020,Branchburg,New Jersey,US,Campaign #1 - Enterprise & Platforms (Casual Connections)
RagaAI Inc,https://www.linkedin.com/company/raga-ai,raga.ai,Software Development,Privately Held,51-200,77,-,-,California,US,Campaign #1 - Enterprise & Platforms (Casual Connections)
SmartLight Analytics,https://www.linkedin.com/company/smartlight-analytics,smartlightanalytics.com,Data Infrastructure and Analytics,Privately Held,51-200,80,2016,Plano,Texas,US,Campaign #1 - Enterprise & Platforms (Casual Connections)
Clarify Health Solutions,https://www.linkedin.com/company/clarify-health-solutions,clarifyhealth.com,Software Development,Privately Held,201-500,126,2015,San Francisco,California,US,Campaign #1 - Enterprise & Platforms (Casual Connections)
Elementum AI,https://www.linkedin.com/company/elementum-ai,elementum.com,Software Development,Privately Held,51-200,129,2022,Lehi,Utah,US,Campaign #1 - Enterprise & Platforms (Casual Connections)
Dextara Datamatics,https://www.linkedin.com/company/dextara-digital,dextara.com,IT Services and IT Consulting,Privately Held,51-200,133,2019,Westerville,Ohio,US,Campaign #1 - Enterprise & Platforms (Casual Connections)
iFour Technolab Pvt. Ltd.,https://www.linkedin.com/company/ifourtechnolab,ifourtechnolab.com,IT Services and IT Consulting,Privately Held,51-200,172,2013,Brownsburg,Indiana,US,Campaign #1 - Enterprise & Platforms (Casual Connections)
Envoy,https://www.linkedin.com/company/envoy-inc,envoy.com,Software Development,Privately Held,201-500,464,2013,San Francisco,California,US,Campaign #1 - Enterprise & Platforms (Casual Connections)
Notable,https://www.linkedin.com/company/notablehealth,notablehealth.com,Software Development,Privately Held,201-500,241,2017,San Mateo,California,US,Campaign #1 - Enterprise & Platforms (Casual Connections)
Marketbridge,https://www.linkedin.com/company/marketbridge,marketbridge.com,Marketing Services,Privately Held,201-500,377,1991,Bethesda,Maryland,US,Campaign #1 - Enterprise & Platforms (Casual Connections)
fuseproject,https://www.linkedin.com/company/fuseproject,fuseproject.com,Design,Privately Held,51-200,39,1999,San Francisco,California,US,Campaign #1 - Enterprise & Platforms (Casual Connections)
Digbi Health,https://www.linkedin.com/company/digbihealth,digbihealth.com,Hospitals and Health Care,Privately Held,51-200,91,2018,Mountain View,California,US,Campaign #1 - Enterprise & Platforms (Casual Connections)
Welldoc,https://www.linkedin.com/company/welldoc-inc,welldoc.com,Hospitals and Health Care,Privately Held,51-200,428,2005,Columbia,Maryland,US,Campaign #1 - Enterprise & Platforms (Casual Connections)
able.digital,https://www.linkedin.com/company/able-digital-us,able.digital,Advertising Services,Privately Held,51-200,22,2008,Chicago,Illinois,US,Campaign #1 - Enterprise & Platforms (Casual Connections)
Core AI Consulting Inc,https://www.linkedin.com/company/core-ai-consulting,coreaiconsulting.com,IT Services and IT Consulting,Partnership,51-200,22,-,Scottsdale,Arizona,US,Campaign #1 - Enterprise & Platforms (Casual Connections)
NextPhase.ai,https://www.linkedin.com/company/nextphaseai,nextphase.ai,Professional Services,Privately Held,51-200,27,2012,San Mateo,California,US,Campaign #1 - Enterprise & Platforms (Casual Connections)
Embark Veterinary,https://www.linkedin.com/company/embark-vet,embarkvet.com,Biotechnology Research,Privately Held,51-200,89,2015,Boston,Massachusetts,US,Campaign #1 - Enterprise & Platforms (Casual Connections)
DonorSearch,https://www.linkedin.com/company/donorsearch-net,donorsearch.net,Software Development,Privately Held,51-200,121,2007,Marriottsvile,Maryland,US,Campaign #1 - Enterprise & Platforms (Casual Connections)
PIXACORE,https://www.linkedin.com/company/pixacore,pixacore.com,Advertising Services,Privately Held,51-200,106,2007,New york,New York,US,Campaign #1 - Enterprise & Platforms (Casual Connections)
BASIC/DEPT®,https://www.linkedin.com/company/basic-agency,basicagency.com,Design Services,Privately Held,51-200,284,2010,San Diego,California,US,Campaign #1 - Enterprise & Platforms (Casual Connections)
CHESS Health,https://www.linkedin.com/company/chess-health,chess.health,Technology; Information and Internet,Privately Held,51-200,54,2014,East Rochester,New York,US,Campaign #1 - Enterprise & Platforms (Casual Connections)
Surest,https://www.linkedin.com/company/surest,surest.com,Insurance,Privately Held,201-500,364,2016,Minneapolis,Minnesota,US,Campaign #1 - Enterprise & Platforms (Casual Connections)
TigerConnect,https://www.linkedin.com/company/tigerconnect,tigerconnect.com,Hospitals and Health Care,Privately Held,201-500,304,2010,El Segundo,California,US,Campaign #1 - Enterprise & Platforms (Casual Connections)
Canto,https://www.linkedin.com/company/canto,canto.com,Software Development,Privately Held,201-500,382,1990,Atlanta,Georgia,US,Campaign #1 - Enterprise & Platforms (Casual Connections)
"Neutrino Advisory, an Inc 5000 Company",https://www.linkedin.com/company/neutrinoadvisory,neutrinoadvisory.com,Business Consulting and Services,Privately Held,51-200,39,2016,Jersey City,New Jersey,US,Campaign #1 - Enterprise & Platforms (Casual Connections)
Medecision,https://www.linkedin.com/company/medecision,medecision.com,Software Development,Privately Held,201-500,233,1988,King of Prussia,Pennsylvania,US,Campaign #1 - Enterprise & Platforms (Casual Connections)
iAppsData Inc.,https://www.linkedin.com/company/iappsdata-inc,iappsdata.com,IT Services and IT Consulting,Privately Held,51-200,67,2017,Jersey City,New Jersey,US,Campaign #1 - Enterprise & Platforms (Casual Connections)
Sully.ai,https://www.linkedin.com/company/sully-ai,sully.ai,Hospitals and Health Care,Privately Held,51-200,71,2023,Mountain View,California,US,Campaign #1 - Enterprise & Platforms (Casual Connections)
Redox,https://www.linkedin.com/company/redoxengine,redoxengine.com,Hospitals and Health Care,Privately Held,51-200,188,-,Madison,Wisconsin,US,Campaign #1 - Enterprise & Platforms (Casual Connections)
Level Agency,https://www.linkedin.com/company/levelagency,level.agency,Advertising Services,Privately Held,201-500,276,2010,Pittsburgh,Pennsylvania,US,Campaign #1 - Enterprise & Platforms (Casual Connections)
Mantra Health,https://www.linkedin.com/company/mantra-health,mantrahealth.com,Mental Health Care,Privately Held,51-200,144,2018,New York,New York,US,Campaign #1 - Enterprise & Platforms (Casual Connections)
University of Cincinnati College of Law,https://www.linkedin.com/school/university-of-cincinnati-college-of-law,uc.edu,Higher Education,Educational Institution,51-200,165,1833,Cincinnati,Ohio,US,Campaign #1 - Enterprise & Platforms (Casual Connections)
CopyPress,https://www.linkedin.com/company/copypress,copypress.com,Advertising Services,Privately Held,51-200,296,2010,Odessa,Florida,US,Campaign #1 - Enterprise & Platforms (Casual Connections)
Carta Healthcare,https://www.linkedin.com/company/cartahealthcare,carta.healthcare,Hospitals and Health Care,Privately Held,51-200,127,2017,San Francisco,California,US,Campaign #1 - Enterprise & Platforms (Casual Connections)
restor3d,https://www.linkedin.com/company/restor3d,restor3d.com,Medical Equipment Manufacturing,Privately Held,201-500,297,2017,Durham,North Carolina,US,Campaign #1 - Enterprise & Platforms (Casual Connections)
Rootstrap,https://www.linkedin.com/company/rootstrap-it,rootstrap.com,Software Development,Privately Held,201-500,188,2011,-,-,US,Campaign #1 - Enterprise & Platforms (Casual Connections)
Intech Systems : Microsoft Solutions Partner,https://www.linkedin.com/company/intech-systems,intech-systems.com,Software Development,Privately Held,201-500,339,1978,New York,New York,US,Campaign #1 - Enterprise & Platforms (Casual Connections)
Parkar,https://www.linkedin.com/company/parkar-digital,parkar.in,IT Services and IT Consulting,Privately Held,201-500,365,2015,Atlanta,Georgia,US,Campaign #1 - Enterprise & Platforms (Casual Connections)
Kx Advisors,https://www.linkedin.com/company/kx-advisors,kxadvisors.com,Business Consulting and Services,Privately Held,51-200,88,2019,Washington,District of Columbia,US,Campaign #1 - Enterprise & Platforms (Casual Connections)
Talent Retriever,https://www.linkedin.com/company/talent-retriever,talentretriever.com,Staffing and Recruiting,Privately Held,51-200,35,2004,North Andover,Massachusetts,US,Campaign #1 - Enterprise & Platforms (Casual Connections)
Cactus,https://www.linkedin.com/company/cactusinc,cactusinc.com,Advertising Services,Privately Held,51-200,449,1990,Denver,Colorado,US,Campaign #1 - Enterprise & Platforms (Casual Connections)
Bench Accounting by Mainstreet,https://www.linkedin.com/company/benchaccounting,bench.co,Accounting,Privately Held,201-500,319,2012,San Francisco,California,US,Campaign #1 - Enterprise & Platforms (Casual Connections)
CodaMetrix,https://www.linkedin.com/company/codametrix,codametrix.com,Technology; Information and Internet,Privately Held,51-200,110,2019,Boston,Massachusetts,US,Campaign #1 - Enterprise & Platforms (Casual Connections)
Exo,https://www.linkedin.com/company/exoeffect,exo.inc,Medical Equipment Manufacturing,Privately Held,51-200,188,2015,Santa Clara,California,US,Campaign #1 - Enterprise & Platforms (Casual Connections)
"HealthTECH Resources, Inc.",https://www.linkedin.com/company/healthtech-resources-inc-,healthtechresourcesinc.com,IT Services and IT Consulting,Educational,51-200,24,2012,Phoenix,Arizona,US,Campaign #1 - Enterprise & Platforms (Casual Connections)
OmniReach,https://www.linkedin.com/company/omnireach-ai,omni-reach.com,Information Technology and Services,Privately Held,201-500,55,2019,Sheridan,Wyoming,US,Campaign #1 - Enterprise & Platforms (Casual Connections)
mindbodygreen.com,https://www.linkedin.com/company/mindbodygreen-com,mindbodygreen.com,Health; Wellness and Fitness,Privately Held,51-200,113,2009,Miami,Florida,US,Campaign #1 - Enterprise & Platforms (Casual Connections)
Amitech - a Naviant company,https://www.linkedin.com/company/amitech-solutions,amitechsolutions.com,IT Services and IT Consulting,Privately Held,51-200,43,1999,Creve Coeur,Missouri,US,Campaign #1 - Enterprise & Platforms (Casual Connections)
Neutrino Tech Systems,https://www.linkedin.com/company/neutrinotechsystems,neutrinotechsystems.com,IT Services and IT Consulting,Privately Held,201-500,239,2018,CEDAR PARK,Texas,US,Campaign #1 - Enterprise & Platforms (Casual Connections)
Webito,https://www.linkedin.com/company/webito-ai,webitoinfotech.com,IT Services and IT Consulting,Privately Held,51-200,124,2020,Fair Lawn,New Jersey,US,Campaign #1 - Enterprise & Platforms (Casual Connections)
Patients & Purpose,https://www.linkedin.com/company/patientsandpurpose,patientsandpurpose.com,Advertising Services,Public Company,201-500,136,-,New York,New York,US,Campaign #1 - Enterprise & Platforms (Casual Connections)
Recuro Health,https://www.linkedin.com/company/recuro-health,recurohealth.com,Hospitals and Health Care,Privately Held,51-200,143,-,Dallas,Texas,US,Campaign #1 - Enterprise & Platforms (Casual Connections)
Harbor IT,https://www.linkedin.com/company/harbor-msp,harbornetworks.com,Information Technology and Services,Privately Held,201-500,308,1995,New York,New York,US,Campaign #1 - Enterprise & Platforms (Casual Connections)
ATD Technology LLC full-service Staffing & Recruiting Agency,https://www.linkedin.com/company/atdtechnologyllc,atdtechnology.com,Staffing and Recruiting,Privately Held,51-200,64,2012,Lake Grove,New York,US,Campaign #1 - Enterprise & Platforms (Casual Connections)
Eko Health,https://www.linkedin.com/company/eko-health,ekohealth.com,Medical Equipment Manufacturing,Privately Held,51-200,208,2013,Emeryville,California,US,Campaign #1 - Enterprise & Platforms (Casual Connections)
"The HWP Group (Health & Wellness Partners, LLC)",https://www.linkedin.com/company/healthandwellnesspartners,thehwpgroup.com,Advertising Services,Privately Held,201-500,369,2005,Upper Saddle River,New Jersey,US,Campaign #1 - Enterprise & Platforms (Casual Connections)
LeanTaaS,https://www.linkedin.com/company/leantaas,leantaas.com,Software Development,Privately Held,201-500,408,2010,Santa Clara,California,US,Campaign #1 - Enterprise & Platforms (Casual Connections)
CareAbout Health,https://www.linkedin.com/company/careabouthealth,careabout.com,Hospitals and Health Care,Privately Held,201-500,80,2021,New York City,New York,US,Campaign #1 - Enterprise & Platforms (Casual Connections)
"Zymr, Inc. | Software Product Engineering Services",https://www.linkedin.com/company/zymrinc,zymr.com,Services et conseil en informatique,Privately Held,201-500,201,2012,San Jose,California,US,Campaign #1 - Enterprise & Platforms (Casual Connections)
InheritX Solutions Pvt Ltd,https://www.linkedin.com/company/inheritx-solutions,inheritx.com,IT Services and IT Consulting,Privately Held,51-200,156,2011,New York,New York,US,Campaign #1 - Enterprise & Platforms (Casual Connections)
Wellthy,https://www.linkedin.com/company/wellthy,wellthy.com,Hospitals and Health Care,Privately Held,201-500,323,2014,New York,New York,US,Campaign #1 - Enterprise & Platforms (Casual Connections)
Atlanta Technical College,https://www.linkedin.com/school/atlanta-technical-college,atlantatech.edu,Higher Education,Educational Institution,201-500,712,-,Atlanta,Georgia,US,Campaign #1 - Enterprise & Platforms (Casual Connections)
Proscia,https://www.linkedin.com/company/proscia,proscia.com,Technology; Information and Internet,Privately Held,51-200,127,2016,Philadelphia,Pennsylvania,US,Campaign #1 - Enterprise & Platforms (Casual Connections)
Shaip,https://www.linkedin.com/company/shaip,shaip.com,IT Services and IT Consulting,Privately Held,201-500,347,2021,Louisville,Kentucky,US,Campaign #1 - Enterprise & Platforms (Casual Connections)
VMG Partners,https://www.linkedin.com/company/vmg-partners,vmgpartners.com,Venture Capital and Private Equity Principals,Privately Held,51-200,56,2005,San Francisco,California,US,Campaign #1 - Enterprise & Platforms (Casual Connections)
The Purpose Group,https://www.linkedin.com/company/ohg-purpose-group,ohgpurposegroup.com,Advertising Services,Public Company,201-500,4,-,New York,New York,US,Campaign #1 - Enterprise & Platforms (Casual Connections)
Quartet Health,https://www.linkedin.com/company/quartethealth,quartethealth.com,Mental Health Care,Privately Held,201-500,146,2014,New York,New York,US,Campaign #1 - Enterprise & Platforms (Casual Connections)
BrightInsight,https://www.linkedin.com/company/brightinsight-inc,brightinsight.com,IT Services and IT Consulting,Privately Held,201-500,159,2017,San Jose,California,US,Campaign #1 - Enterprise & Platforms (Casual Connections)
Axon Marketing & Communications,https://www.linkedin.com/company/axonlatam,axonlatam.com,Marketing Services,Privately Held,51-200,47,2005,Miami,Florida,US,Campaign #1 - Enterprise & Platforms (Casual Connections)
Deline Media,https://www.linkedin.com/company/delinemedia,delinemedia.com,IT Services and IT Consulting,Privately Held,201-500,244,2018,New York,New York,US,Campaign #1 - Enterprise & Platforms (Casual Connections)
Syra Health,https://www.linkedin.com/company/syrahealth,syrahealth.com,Hospitals and Health Care,Public Company,51-200,91,2020,Carmel,Indiana,US,Campaign #1 - Enterprise & Platforms (Casual Connections)
CodingCops,https://www.linkedin.com/company/codingcops,codingcops.com,Software Development,Privately Held,201-500,271,2010,Chicago,Illinois,US,Campaign #1 - Enterprise & Platforms (Casual Connections)
First Health Advisory,https://www.linkedin.com/company/first-health-advisory,firsthealthadvisory.com,Hospitals and Health Care,Privately Held,51-200,93,2005,Washington,District of Columbia,US,Campaign #1 - Enterprise & Platforms (Casual Connections)
Cecelia Health,https://www.linkedin.com/company/cecelia-health,ceceliahealth.com,Hospitals and Health Care,Privately Held,51-200,471,2009,New York,New York,US,Campaign #1 - Enterprise & Platforms (Casual Connections)
College of Central Florida,https://www.linkedin.com/school/college-of-central-florida,cf.edu,Higher Education,Educational Institution,201-500,937,1957,Ocala,Florida,US,Campaign #1 - Enterprise & Platforms (Casual Connections)
Trella Health,https://www.linkedin.com/company/trellahealth,trellahealth.com,Hospitals and Health Care,Privately Held,51-200,138,2015,Atlanta,Georgia,US,Campaign #1 - Enterprise & Platforms (Casual Connections)
SAI360,https://www.linkedin.com/company/sai360,sai360.com,Software Development,Privately Held,201-500,452,2003,Chicago,Illinois,US,Campaign #1 - Enterprise & Platforms (Casual Connections)
AtScale,https://www.linkedin.com/company/atscale-inc-,atscale.com,Software Development,Privately Held,51-200,156,2013,Boston,Massachusetts,US,Campaign #1 - Enterprise & Platforms (Casual Connections)
ZAR IT Solutions,https://www.linkedin.com/company/zar-it-solutions,zarit.com,IT Services and IT Consulting,Privately Held,51-200,31,2005,Greenwich,Connecticut,US,Campaign #1 - Enterprise & Platforms (Casual Connections)
Trusted Health,https://www.linkedin.com/company/trustedhealth,trustedhealth.com,Software Development,Privately Held,201-500,888,2017,San Francisco,California,US,Campaign #1 - Enterprise & Platforms (Casual Connections)
NTCA–The Rural Broadband Association,https://www.linkedin.com/company/ntca,ntca.org,Telecommunications,Nonprofit,51-200,199,1954,Arlington,Virginia,US,Campaign #1 - Enterprise & Platforms (Casual Connections)
Gleecus TechLabs Inc.,https://www.linkedin.com/company/gleecus,gleecus.com,Information Technology and Services,Privately Held,51-200,44,2016,Cheyenne,Wyoming,US,Campaign #1 - Enterprise & Platforms (Casual Connections)
Forta,https://www.linkedin.com/company/fortahealth,fortahealth.com,Hospitals and Health Care,Privately Held,51-200,206,2022,San Francisco,California,US,Campaign #1 - Enterprise & Platforms (Casual Connections)
Hyro,https://www.linkedin.com/company/hyroai,hyro.ai,Software Development,Privately Held,51-200,191,2018,New York,New York,US,Campaign #1 - Enterprise & Platforms (Casual Connections)
Qualified,https://www.linkedin.com/company/qualified-com,qualified.com,Software Development,Privately Held,201-500,319,2018,San Francisco,California,US,Campaign #1 - Enterprise & Platforms (Casual Connections)
Signal Theory Inc.,https://www.linkedin.com/company/signal-theory-inc,signaltheory.com,Advertising Services,Privately Held,51-200,144,1971,Kansas City,Missouri,US,Campaign #1 - Enterprise & Platforms (Casual Connections)
Health Advances,https://www.linkedin.com/company/health-advances,healthadvances.com,Business Consulting and Services,Privately Held,51-200,172,1992,Newton,Massachusetts,US,Campaign #1 - Enterprise & Platforms (Casual Connections)
Geonetric,https://www.linkedin.com/company/geonetric,geonetric.com,Advertising Services,Privately Held,51-200,66,1999,Cedar Rapids,Iowa,US,Campaign #1 - Enterprise & Platforms (Casual Connections)
Fountain,https://www.linkedin.com/company/fountaininc,fountain.com,Software Development,Privately Held,201-500,422,2014,San Francisco,California,US,Campaign #1 - Enterprise & Platforms (Casual Connections)
Samsung Next,https://www.linkedin.com/company/samsung-next,samsungnext.com,Venture Capital and Private Equity Principals,Public Company,51-200,76,2012,Mountain View,California,US,Campaign #1 - Enterprise & Platforms (Casual Connections)
XpertTech Inc,https://www.linkedin.com/company/xperttech-inc,xperttech.com,Information Technology and Services,Privately Held,51-200,82,2002,Woburn,Massachusetts,US,Campaign #1 - Enterprise & Platforms (Casual Connections)
Procorp Systems,https://www.linkedin.com/company/procorp-systems,procorpsystems.com,IT Services and IT Consulting,Privately Held,201-500,77,2007,Plano,Texas,US,Campaign #1 - Enterprise & Platforms (Casual Connections)
Appscrip,https://www.linkedin.com/company/appscrip,appscrip.com,Information Technology and Services,Public Company,51-200,167,2014,Atlanta,Georgia,US,Campaign #1 - Enterprise & Platforms (Casual Connections)
"Tech Brains Solutions, Inc.",https://www.linkedin.com/company/techbrains-solutions-inc,techbrainscorp.com,Software Development,Privately Held,51-200,19,2014,Somerset,New Jersey,US,Campaign #1 - Enterprise & Platforms (Casual Connections)
Corti,https://www.linkedin.com/company/corti,corti.ai,Software Development,Privately Held,51-200,135,2016,Brooklyn,New York,US,Campaign #1 - Enterprise & Platforms (Casual Connections)
helixbeat,https://www.linkedin.com/company/helixbeat,helixbeat.com,Technology; Information and Internet,Privately Held,201-500,78,2012,Tampa,Florida,US,Campaign #1 - Enterprise & Platforms (Casual Connections)
ServiceChannel,https://www.linkedin.com/company/servicechannel,servicechannel.com,Software Development,Privately Held,201-500,436,1999,Greenville,South Carolina,US,Campaign #1 - Enterprise & Platforms (Casual Connections)
FM:Systems,https://www.linkedin.com/company/fmsystems,fmsystems.com,Software Development,Privately Held,201-500,161,1984,Raleigh,North Carolina,US,Campaign #1 - Enterprise & Platforms (Casual Connections)
Healthie,https://www.linkedin.com/company/get-healthie,gethealthie.com,Technology; Information and Internet,Privately Held,51-200,194,2016,New York,-,US,Campaign #1 - Enterprise & Platforms (Casual Connections)
OncoHealth,https://www.linkedin.com/company/oncohealth,oncohealth.us,Hospitals and Health Care,Privately Held,201-500,224,2009,Atlanta,Georgia,US,Campaign #1 - Enterprise & Platforms (Casual Connections)
Codelogicx,https://www.linkedin.com/company/codelogicx,codelogicx.com,Software Development,Privately Held,51-200,131,2013,East Brunswick,New Jersey,US,Campaign #1 - Enterprise & Platforms (Casual Connections)
SteadyMD,https://www.linkedin.com/company/steadymd,steadymd.com,Hospitals and Health Care,Privately Held,51-200,174,2016,St Louis,Missouri,US,Campaign #1 - Enterprise & Platforms (Casual Connections)
wai technologies,https://www.linkedin.com/company/waitechnologies,waiin.com,IT Services and IT Consulting,Privately Held,201-500,211,2012,Santa Clara,California,US,Campaign #1 - Enterprise & Platforms (Casual Connections)
CARPL - Radiology AI Platform,https://www.linkedin.com/company/carpl-ai,carpl.ai,Hospitals and Health Care,Privately Held,51-200,84,2018,Cupertino,California,US,Campaign #1 - Enterprise & Platforms (Casual Connections)
Light-it,https://www.linkedin.com/company/lightit,lightit.io,Software Development,Privately Held,51-200,150,2019,Aventura,Florida,US,Campaign #1 - Enterprise & Platforms (Casual Connections)
January Digital,https://www.linkedin.com/company/januarydigital,januarydigital.com,Marketing Services,Privately Held,51-200,102,2011,New York,New York,US,Campaign #1 - Enterprise & Platforms (Casual Connections)
Woebot Health,https://www.linkedin.com/company/woebot-health,woebothealth.com,Mental Health Care,Privately Held,51-200,112,2017,San Francisco,California,US,Campaign #1 - Enterprise & Platforms (Casual Connections)
Clearsense,https://www.linkedin.com/company/clearsense,clearsense.com,Software Development,Privately Held,51-200,106,2016,Brentwood,Tennessee,US,Campaign #1 - Enterprise & Platforms (Casual Connections)
Workit Health,https://www.linkedin.com/company/workit-health,workithealth.com,Mental Health Care,Privately Held,201-500,225,2014,Ann Arbor,Michigan,US,Campaign #1 - Enterprise & Platforms (Casual Connections)
"Easy Healthcare Corporation | easy@Home, Premom",https://www.linkedin.com/company/easy-at-home-medical-llc,premom.com,"Health, Wellness and Fitness",Privately Held,51-200,72,2013,Burr Ridge,Illinois,US,Campaign #1 - Enterprise & Platforms (Casual Connections)
Aktana,https://www.linkedin.com/company/aktana,aktana.com,Software Development,Privately Held,201-500,136,2008,San Francisco,California,US,Campaign #1 - Enterprise & Platforms (Casual Connections)
"PrimeSoft Solutions, Inc.",https://www.linkedin.com/company/primesoft-solutions-inc,primesoft.net,Information Technology and Services,Privately Held,201-500,343,2006,Columbia,Maryland,US,Campaign #1 - Enterprise & Platforms (Casual Connections)
Delphos,https://www.linkedin.com/company/delphosco,delphos.co,Financial Services,Privately Held,51-200,136,1987,Washington,District of Columbia,US,Campaign #1 - Enterprise & Platforms (Casual Connections)
RSI Security,https://www.linkedin.com/company/rsisecurity,rsisecurity.com,IT Services and IT Consulting,Privately Held,51-200,46,2008,Southlake,Texas,US,Campaign #1 - Enterprise & Platforms (Casual Connections)
Boston Technology Corporation,https://www.linkedin.com/company/boston-technology-corporation,boston-technology.com,IT Services and IT Consulting,Privately Held,51-200,187,2004,Marlborough,Massachusetts,US,Campaign #1 - Enterprise & Platforms (Casual Connections)
Growit Technologies LLC,https://www.linkedin.com/company/growittechnologies,growittechnologies.com,IT Services and IT Consulting,Partnership,51-200,11,2026,Big Pine,Florida,US,Campaign #1 - Enterprise & Platforms (Casual Connections)
Cognitio Analytics Inc,https://www.linkedin.com/company/cognitio-analytics,cognitioanalytics.com,Business Consulting and Services,Privately Held,51-200,149,2013,Short Hills,New Jersey,US,Campaign #1 - Enterprise & Platforms (Casual Connections)
CRMIT Solutions,https://www.linkedin.com/company/crmit,crmit.com,Software Development,Privately Held,201-500,338,2003,Milpitas,California,US,Campaign #1 - Enterprise & Platforms (Casual Connections)
Advizex,https://www.linkedin.com/company/advizex-technologies,advizex.com,IT Services and IT Consulting,Privately Held,201-500,304,1975,Independence,Ohio,US,Campaign #1 - Enterprise & Platforms (Casual Connections)
Marina Maher Communications (MMC),https://www.linkedin.com/company/marina-maher-communications,hellommc.com,Public Relations and Communications Services,Public Company,51-200,215,1983,New York,New York,US,Campaign #1 - Enterprise & Platforms (Casual Connections)
Plenful,https://www.linkedin.com/company/plenful,plenful.com,Hospitals and Health Care,Privately Held,51-200,115,-,San Francisco,California,US,Campaign #1 - Enterprise & Platforms (Casual Connections)
Liquid Technologies,https://www.linkedin.com/company/liqteq,liqteq.com,Software Development,Privately Held,51-200,97,2017,Houston,Texas,US,Campaign #1 - Enterprise & Platforms (Casual Connections)
NRC Health,https://www.linkedin.com/company/national-research-corporation,nrchealth.com,Hospitals and Health Care,Public Company,201-500,748,1981,Lincoln,Nebraska,US,Campaign #1 - Enterprise & Platforms (Casual Connections)
FirstEigen,https://www.linkedin.com/company/firsteigen,firsteigen.com,Software Development,Privately Held,51-200,48,2015,Naperville,Illinois,US,Campaign #1 - Enterprise & Platforms (Casual Connections)
"PaneraTech, Inc.",https://www.linkedin.com/company/paneratech-inc.,paneratech.com,Glass; Ceramics and Concrete Manufacturing,Privately Held,51-200,93,2010,Fairfax,Virginia,US,Campaign #1 - Enterprise & Platforms (Casual Connections)
HealthJoy,https://www.linkedin.com/company/healthjoy,healthjoy.com,Hospitals and Health Care,Privately Held,201-500,281,2014,Chicago,Illinois,US,Campaign #1 - Enterprise & Platforms (Casual Connections)
CRIO,https://www.linkedin.com/company/clinical-research-io,clinicalresearch.io,Software Development,Privately Held,51-200,155,2015,Boston,Massachusetts,US,Campaign #1 - Enterprise & Platforms (Casual Connections)
DCG,https://www.linkedin.com/company/the-district-communications-group,dcgcommunications.com,Public Relations and Communications Services,Privately Held,51-200,160,2010,Washington,District of Columbia,US,Campaign #1 - Enterprise & Platforms (Casual Connections)
ECI,https://www.linkedin.com/company/enhanced-compliance-inc,eci-rx.com,Business Consulting and Services,Privately Held,201-500,232,2012,Marlborough,Massachusetts,US,Campaign #1 - Enterprise & Platforms (Casual Connections)
Wartburg College,https://www.linkedin.com/school/wartburg-college,wartburg.edu,Higher Education,Educational Institution,201-500,834,1852,Waverly,Iowa,US,Campaign #1 - Enterprise & Platforms (Casual Connections)
Lippe Taylor,https://www.linkedin.com/company/lippe-taylor,linktr.ee,Marketing Services,Privately Held,201-500,135,-,New York,NY 1,US,Campaign #1 - Enterprise & Platforms (Casual Connections)
Kontakt.io,https://www.linkedin.com/company/kontakt-io,kontakt.io,Technology; Information and Internet,Privately Held,51-200,169,2013,New York,New York,US,Campaign #1 - Enterprise & Platforms (Casual Connections)
Vinta Software,https://www.linkedin.com/company/vintasoftware,vintasoftware.com,Software Development,Privately Held,51-200,65,2013,San Francisco,California,US,Campaign #1 - Enterprise & Platforms (Casual Connections)
GYPR Pvt Ltd,https://www.linkedin.com/company/gypr-pvt-ltd,gyprc.com,Education Management,Privately Held,201-500,62,2014,Dover,Delaware,US,Campaign #1 - Enterprise & Platforms (Casual Connections)
Playworks,https://www.linkedin.com/company/playworks,playworks.org,Non-profit Organizations,Nonprofit,201-500,691,1996,Oakland,California,US,Campaign #1 - Enterprise & Platforms (Casual Connections)
Pelago,https://www.linkedin.com/company/pelago-health,pelagohealth.com,Hospitals and Health Care,Privately Held,51-200,177,2017,New York,New York,US,Campaign #1 - Enterprise & Platforms (Casual Connections)
closerlook,https://www.linkedin.com/company/closerlook-inc-,avalerehealth.com,Advertising Services,Privately Held,51-200,56,1987,Chicago,Illinois,US,Campaign #1 - Enterprise & Platforms (Casual Connections)
Chooch AI,https://www.linkedin.com/company/chooch,chooch.com,Technology; Information and Media,Privately Held,51-200,76,2015,San Mateo,California,US,Campaign #1 - Enterprise & Platforms (Casual Connections)
"Ad Astra, Inc.",https://www.linkedin.com/company/adastrainc,ad-astrainc.com,Translation and Localization,Privately Held,201-500,673,2010,Silver Spring,Maryland,US,Campaign #1 - Enterprise & Platforms (Casual Connections)
Mustache,https://www.linkedin.com/company/mustache-agency,mustacheagency.com,Advertising Services,Privately Held,51-200,67,-,New York,New York,US,Campaign #1 - Enterprise & Platforms (Casual Connections)
Trust & Will,https://www.linkedin.com/company/trustandwill,trustandwill.com,Technology; Information and Internet,Privately Held,51-200,154,2017,San Diego,California,US,Campaign #1 - Enterprise & Platforms (Casual Connections)
Mazik Global Inc.,https://www.linkedin.com/company/mazikglobal,mazikglobal.com,Software Development,Privately Held,201-500,170,2003,Park Ridge,Illinois,US,Campaign #1 - Enterprise & Platforms (Casual Connections)
DeepScribe,https://www.linkedin.com/company/deepscribe,deepscribe.ai,Hospitals and Health Care,Privately Held,51-200,97,2017,San Francisco,California,US,Campaign #1 - Enterprise & Platforms (Casual Connections)
AnswerRocket,https://www.linkedin.com/company/answerrocket,answerrocket.com,Business Consulting and Services,Privately Held,51-200,58,2013,Atlanta,Georgia,US,Campaign #1 - Enterprise & Platforms (Casual Connections)
Techloset,https://www.linkedin.com/company/techloset,techloset.com,Software Development,Privately Held,51-200,75,2015,Sacramento,California,US,Campaign #1 - Enterprise & Platforms (Casual Connections)
"IntellectFaces, Inc",https://www.linkedin.com/company/intellectfacesinc,intellectfaces.com,IT Services and IT Consulting,Privately Held,51-200,31,2011,Ashburn,Virginia,US,Campaign #1 - Enterprise & Platforms (Casual Connections)
DexCare,https://www.linkedin.com/company/dexcare,dexcare.com,Software Development,Privately Held,51-200,141,2021,Seattle,Washington,US,Campaign #1 - Enterprise & Platforms (Casual Connections)
Cloudgaia,https://www.linkedin.com/company/cloudgaia,cloudgaia.com,IT Services and IT Consulting,Privately Held,201-500,211,2016,Denver,Colorado,US,Campaign #1 - Enterprise & Platforms (Casual Connections)
Talent21 Llc,https://www.linkedin.com/company/talent21llc,talent21llc.com,Staffing and Recruiting,Privately Held,51-200,14,2013,Monroe,New Jersey,US,Campaign #1 - Enterprise & Platforms (Casual Connections)
Antidote Health,https://www.linkedin.com/company/antidotehealth,antidotehealth.com,Hospitals and Health Care,Privately Held,51-200,109,2020,New York,New York,US,Campaign #1 - Enterprise & Platforms (Casual Connections)
Edvak EHR,https://www.linkedin.com/company/edvakehr,edvak.com,Technology; Information and Internet,Privately Held,51-200,82,2018,Houston,Texas,US,Campaign #1 - Enterprise & Platforms (Casual Connections)
FetchTalent Ai Inc,https://www.linkedin.com/company/fetchtalentai,advaana.com,Technology; Information and Internet,Privately Held,51-200,44,-,Austin,Texas,US,Campaign #1 - Enterprise & Platforms (Casual Connections)
Health Recovery Solutions,https://www.linkedin.com/company/health-recovery-solutions,healthrecoverysolutions.com,Hospitals and Health Care,Privately Held,51-200,153,2012,Hoboken,New Jersey,US,Campaign #1 - Enterprise & Platforms (Casual Connections)
Paige,https://www.linkedin.com/company/paige-ai,paige.ai,Software Development,Privately Held,51-200,42,2018,New York City,New York,US,Campaign #1 - Enterprise & Platforms (Casual Connections)
The Galien Foundation,https://www.linkedin.com/company/the-galien-foundation,galienfoundation.org,Non-profit Organizations,Nonprofit,51-200,27,1970,New York,New York,US,Campaign #1 - Enterprise & Platforms (Casual Connections)
Proximate Technologies Inc,https://www.linkedin.com/company/proximate-technologies-inc,proximatetech.com,IT Services and IT Consulting,Privately Held,51-200,117,2006,Plano,Texas,US,Campaign #1 - Enterprise & Platforms (Casual Connections)
Happiest Baby (the maker of SNOO),https://www.linkedin.com/company/happiest-baby-inc-,happiestbaby.com,Consumer Electronics,Privately Held,51-200,138,2001,Los Angeles,California,US,Campaign #1 - Enterprise & Platforms (Casual Connections)
AKITRA,https://www.linkedin.com/company/akitra,akitra.com,Computer and Network Security,Privately Held,201-500,90,2017,Sunnyvale,California,US,Campaign #1 - Enterprise & Platforms (Casual Connections)
Stella Rising,https://www.linkedin.com/company/stellarisingagency,stellarising.com,Advertising Services,Privately Held,51-200,109,1982,Westport,Connecticut,US,Campaign #1 - Enterprise & Platforms (Casual Connections)
TriNetX,https://www.linkedin.com/company/trinetx,trinetx.com,Data Infrastructure and Analytics,Privately Held,201-500,272,2013,Cambridge,Massachusetts,US,Campaign #1 - Enterprise & Platforms (Casual Connections)
Nirmitee.io,https://www.linkedin.com/company/nirmitee,nirmitee.io,IT Services and IT Consulting,Privately Held,51-200,72,2020,Iselin,New Jersey,US,Campaign #1 - Enterprise & Platforms (Casual Connections)
Luma Health,https://www.linkedin.com/company/lumahealth,lumahealth.io,Hospitals and Health Care,Privately Held,51-200,196,2015,San Mateo,California,US,Campaign #1 - Enterprise & Platforms (Casual Connections)
Bitsclan IT Solutions,https://www.linkedin.com/company/bitsclanitsolutions,bitsclan.com,Software Development,Privately Held,51-200,48,2017,New York,New York,US,Campaign #1 - Enterprise & Platforms (Casual Connections)
CMA,https://www.linkedin.com/company/cma-consulting,linktr.ee,IT Services and IT Consulting,Privately Held,201-500,410,1984,Latham,New York,US,Campaign #1 - Enterprise & Platforms (Casual Connections)
ProcessMAP (now Ideagen EHS),https://www.linkedin.com/company/processmap,ideagen.com,Software Development,Privately Held,201-500,173,2000,Sunrise,Florida,US,Campaign #1 - Enterprise & Platforms (Casual Connections)
Sehteq,https://www.linkedin.com/company/sehteq,sehteq.com,Insurance,Privately Held,51-200,8,2017,Middletown,Delaware,US,Campaign #1 - Enterprise & Platforms (Casual Connections)
Algo8 AI,https://www.linkedin.com/company/algo8,algo8.ai,Data Infrastructure and Analytics,Privately Held,51-200,85,2018,Houston,Texas,US,Campaign #1 - Enterprise & Platforms (Casual Connections)
BGR Group,https://www.linkedin.com/company/bgr-group,bgrdc.com,Government Relations Services,Privately Held,51-200,282,1991,Washington,District of Columbia,US,Campaign #1 - Enterprise & Platforms (Casual Connections)
Fierce Life Sciences Events,https://www.linkedin.com/company/fierce-life-sciences-events,fiercelifesciences.com,Events Services,Privately Held,201-500,50,2004,New York,New York,US,Campaign #1 - Enterprise & Platforms (Casual Connections)
Assort Health,https://www.linkedin.com/company/assorthealth,assorthealth.com,Technology; Information and Internet,Privately Held,201-500,253,2023,San Francisco,California,US,Campaign #1 - Enterprise & Platforms (Casual Connections)
LinkLive,https://www.linkedin.com/company/linkliveai,linklive.ai,Software Development,Privately Held,51-200,75,2003,San Francisco,California,US,Campaign #1 - Enterprise & Platforms (Casual Connections)
SQ1 Security,https://www.linkedin.com/company/sq1security,sq1.security,Computer and Network Security,Privately Held,201-500,196,2017,Dallas,Texas,US,Campaign #1 - Enterprise & Platforms (Casual Connections)
Radiance Technologies,https://www.linkedin.com/company/radiatechs,radiatechs.com,IT Services and IT Consulting,Privately Held,51-200,51,2012,Collegeville,Pennsylvania,US,Campaign #1 - Enterprise & Platforms (Casual Connections)
Alivi,https://www.linkedin.com/company/alivi,alivi.com,Hospitals and Health Care,Privately Held,201-500,237,2016,Miami,Florida,US,Campaign #1 - Enterprise & Platforms (Casual Connections)
HealthTap,https://www.linkedin.com/company/healthtap,healthtap.com,Hospitals and Health Care,Privately Held,51-200,160,2010,Sunnyvale,California,US,Campaign #1 - Enterprise & Platforms (Casual Connections)
hellocare.ai,https://www.linkedin.com/company/hellocare-ai,hellocare.ai,Hospitals and Health Care,Privately Held,201-500,272,2012,Clearwater,Florida,US,Campaign #1 - Enterprise & Platforms (Casual Connections)
ForSight Robotics,https://www.linkedin.com/company/forsightrobotics,forsightrobotics.com,Medical Equipment Manufacturing,Privately Held,51-200,129,-,-,-,US,Campaign #1 - Enterprise & Platforms (Casual Connections)
Health Gorilla,https://www.linkedin.com/company/healthgorilla,healthgorilla.com,Hospitals and Health Care,Privately Held,51-200,101,2014,Coral Gables,Florida,US,Campaign #1 - Enterprise & Platforms (Casual Connections)
DigiTech Labs,https://www.linkedin.com/company/digi-techlabs,digitechlabs.com,IT Services and IT Consulting,Privately Held,51-200,59,2017,Redmond,Washington,US,Campaign #1 - Enterprise & Platforms (Casual Connections)
Caresyntax,https://www.linkedin.com/company/caresyntax,caresyntax.com,Hospitals and Health Care,Partnership,51-200,141,2013,San Francisco,California,US,Campaign #1 - Enterprise & Platforms (Casual Connections)
BPD,https://www.linkedin.com/company/bpdhealth,bpdhealthcare.com,Marketing Services,Privately Held,51-200,187,2002,Boca Raton,Florida,US,Campaign #1 - Enterprise & Platforms (Casual Connections)
Mira,https://www.linkedin.com/company/miracare,miracare.com,Medical Equipment Manufacturing,Privately Held,51-200,172,-,Pleasanton,California,US,Campaign #1 - Enterprise & Platforms (Casual Connections)
AVIA,https://www.linkedin.com/company/aviahealth,aviahealth.com,Hospitals and Health Care,Privately Held,51-200,170,2012,Chicago,Illinois,US,Campaign #1 - Enterprise & Platforms (Casual Connections)
Plume Clinic,https://www.linkedin.com/company/plumeclinic,getplume.co,Hospitals and Health Care,Privately Held,51-200,115,2019,Denver,Colorado,US,Campaign #1 - Enterprise & Platforms (Casual Connections)
Vardot,https://www.linkedin.com/company/vardot,vardot.com,Technology; Information and Internet,Privately Held,51-200,57,2011,Santa Clara,California,US,Campaign #1 - Enterprise & Platforms (Casual Connections)
IMO Health,https://www.linkedin.com/company/imohealth,imohealth.com,IT Services and IT Consulting,Privately Held,201-500,526,1994,Rosemont,Illinois,US,Campaign #1 - Enterprise & Platforms (Casual Connections)
Cala Health,https://www.linkedin.com/company/cala-health-inc,calahealth.com,Medical Equipment Manufacturing,Privately Held,51-200,126,2014,San Mateo,California,US,Campaign #1 - Enterprise & Platforms (Casual Connections)
Sequel Med Tech,https://www.linkedin.com/company/sequel-med-tech,sequelmedtech.com,Medical Equipment Manufacturing,Privately Held,201-500,418,2023,Manchester,New Hampshire,US,Campaign #1 - Enterprise & Platforms (Casual Connections)
SculptSoft | AI Software Development Company,https://www.linkedin.com/company/sculptsoft,sculptsoft.com,Software Development,Privately Held,51-200,162,2012,San Francisco,California,US,Campaign #1 - Enterprise & Platforms (Casual Connections)
CIOLook Media,https://www.linkedin.com/company/ciolook,ciolook.com,Media Production,Privately Held,51-200,57,2015,"Dublin, OH, USA",Ohio,US,Campaign #1 - Enterprise & Platforms (Casual Connections)
"4A Consulting, LLC",https://www.linkedin.com/company/4a-consulting-llc,4a-consulting.com,IT Services and IT Consulting,Partnership,51-200,42,2014,Ellicott City,Maryland,US,Campaign #1 - Enterprise & Platforms (Casual Connections)
Veersa Technologies,https://www.linkedin.com/company/veersa,veersatech.com,IT Services and IT Consulting,Privately Held,201-500,466,2020,Las Vegas,Nevada,US,Campaign #1 - Enterprise & Platforms (Casual Connections)
AuxoAI,https://www.linkedin.com/company/auxoai,auxoai.com,Software Development,Privately Held,201-500,246,2022,San Francisco Bay Area,California,US,Campaign #1 - Enterprise & Platforms (Casual Connections)
Adroiti Technologies,https://www.linkedin.com/company/adroiti-technologies,adroiti.com,Technology; Information and Internet,Privately Held,51-200,89,2009,Marina Del Rey,California,US,Campaign #1 - Enterprise & Platforms (Casual Connections)
Loginsoft,https://www.linkedin.com/company/loginsoft,loginsoft.com,IT Services and IT Consulting,Privately Held,201-500,233,-,Chantilly,Virginia,US,Campaign #1 - Enterprise & Platforms (Casual Connections)
WillDom,https://www.linkedin.com/company/willdom,willdom.com,IT Services and IT Consulting,Privately Held,201-500,202,2010,Boca Raton,Florida,US,Campaign #1 - Enterprise & Platforms (Casual Connections)
xenabler,https://www.linkedin.com/company/xenabler,xenabler.digital,Information Technology and Services,Partnership,51-200,35,2011,New York,New York,US,Campaign #1 - Enterprise & Platforms (Casual Connections)
Skypoint,https://www.linkedin.com/company/skypoint-ai,skypoint.ai,Software Development,Privately Held,51-200,143,2020,Beaverton,Oregon,US,Campaign #1 - Enterprise & Platforms (Casual Connections)
AiCure,https://www.linkedin.com/company/aicure,aicure.com,Software Development,Privately Held,51-200,38,2010,Houston,Texas,US,Campaign #1 - Enterprise & Platforms (Casual Connections)
University of Michigan - School of Information,https://www.linkedin.com/school/university-of-michigan---school-of-information,umich.edu,Higher Education,Educational Institution,201-500,497,-,Ann Arbor,Michigan,US,Campaign #1 - Enterprise & Platforms (Casual Connections)
TechIntelli Solutions,https://www.linkedin.com/company/techintelli,techintelli.com,IT Services and IT Consulting,Privately Held,201-500,146,2016,Irving,Texas,US,Campaign #1 - Enterprise & Platforms (Casual Connections)
BAY6.AI,https://www.linkedin.com/company/bay6-ai,bay6.ai,Technology; Information and Internet,Privately Held,51-200,21,2024,Wayne,Pennsylvania,US,Campaign #1 - Enterprise & Platforms (Casual Connections)
L2R Consulting,https://www.linkedin.com/company/l2r-consulting,l2rconsulting.com,Staffing and Recruiting,Privately Held,51-200,33,2007,Miami Lakes,Florida,US,Campaign #1 - Enterprise & Platforms (Casual Connections)
OmniMD,https://www.linkedin.com/company/omnimd,omnimd.com,Software Development,Privately Held,201-500,165,2002,Hawthorne,New York,US,Campaign #1 - Enterprise & Platforms (Casual Connections)
The Bliss Group,https://www.linkedin.com/company/the-bliss-grp,theblissgrp.com,Public Relations and Communications Services,Privately Held,51-200,55,1975,New York,New York,US,Campaign #1 - Enterprise & Platforms (Casual Connections)
FOLX Health,https://www.linkedin.com/company/folxhealth,folxhealth.com,Hospitals and Health Care,Privately Held,51-200,71,2020,Remote,Oregon,US,Campaign #1 - Enterprise & Platforms (Casual Connections)
Tekrowe,https://www.linkedin.com/company/tekrowe,tekrowe.com,Software Development,Privately Held,51-200,48,2020,Santa Clara,California,US,Campaign #1 - Enterprise & Platforms (Casual Connections)
Arine,https://www.linkedin.com/company/arinehealth,arine.io,Hospitals and Health Care,Privately Held,201-500,371,-,San Francisco,California,US,Campaign #1 - Enterprise & Platforms (Casual Connections)
Rezilient Health,https://www.linkedin.com/company/rezilienthealth,rezilienthealth.com,Hospitals and Health Care,Privately Held,51-200,76,2016,Webster Groves,Missouri,US,Campaign #1 - Enterprise & Platforms (Casual Connections)
Vi,https://www.linkedin.com/company/vi,vi.co,Software Development,Privately Held,51-200,203,2016,New York,New York,US,Campaign #1 - Enterprise & Platforms (Casual Connections)
Dante Omics AI,https://www.linkedin.com/company/dantegenomics,dantegenomics.com,Biotechnology,Privately Held,51-200,71,2016,New York,New York,US,Campaign #1 - Enterprise & Platforms (Casual Connections)
EcoEnergy Insights,https://www.linkedin.com/company/ecoenergy-insights,ecoenergyinsights.com,IT Services and IT Consulting,Public Company,201-500,1134,-,Kennesaw,Georgia,US,Campaign #1 - Enterprise & Platforms (Casual Connections)
RapidValue,https://www.linkedin.com/company/rapidvalue,rapidvaluesolutions.com,IT Services and IT Consulting,Privately Held,201-500,108,2009,Pleasanton,California,US,Campaign #1 - Enterprise & Platforms (Casual Connections)
Parachute Health,https://www.linkedin.com/company/parachute-health,parachutehealth.com,Hospitals and Health Care,Privately Held,201-500,339,2015,New York,New York,US,Campaign #1 - Enterprise & Platforms (Casual Connections)
100ms,https://www.linkedin.com/company/100mslive,100ms.ai,Software Development,Privately Held,51-200,103,2020,San Francisco,-,US,Campaign #1 - Enterprise & Platforms (Casual Connections)
Intelligent Technical Solutions,https://www.linkedin.com/company/intelligent-technical-solutions,itsasap.com,Computer and Network Security,Privately Held,201-500,388,2003,Las Vegas,Nevada,US,Campaign #1 - Enterprise & Platforms (Casual Connections)
DeepHealth,https://www.linkedin.com/company/deephealthai,deephealth.com,Hospitals and Health Care,Public Company,201-500,333,-,Cambridge,Massachusetts,US,Campaign #1 - Enterprise & Platforms (Casual Connections)
Reducto,https://www.linkedin.com/company/reducto-ai,reducto.ai,Software Development,Privately Held,51-200,96,-,San Francisco,California,US,Campaign #1 - Enterprise & Platforms (Casual Connections)
9series Inc,https://www.linkedin.com/company/9seriesinc,9series.com,IT Services and IT Consulting,Privately Held,201-500,127,2007,Seattle,Washington,US,Campaign #1 - Enterprise & Platforms (Casual Connections)
QuantCo,https://www.linkedin.com/company/quantco,quantco.com,Software Development,Privately Held,201-500,245,-,Boston,Massachusetts,US,Campaign #1 - Enterprise & Platforms (Casual Connections)
Rhapsody,https://www.linkedin.com/company/rhapsodyhealth,rhapsody.health,Hospitals and Health Care,Privately Held,201-500,390,-,Boston,Massachusetts,US,Campaign #1 - Enterprise & Platforms (Casual Connections)
Evince Development (CMMI Level 3 Certified),https://www.linkedin.com/company/evince-development,evincedev.com,IT Services and IT Consulting,Privately Held,51-200,167,2012,East Brunswick,New Jersey,US,Campaign #1 - Enterprise & Platforms (Casual Connections)
Smart Data,https://www.linkedin.com/company/getsmartdata,smartdata.net,IT Services and IT Consulting,Privately Held,51-200,222,2006,Dayton,Ohio,US,Campaign #1 - Enterprise & Platforms (Casual Connections)
OneGlobe,https://www.linkedin.com/company/oneglobe-systems-llp,oneglobesystems.com,IT Services and IT Consulting,Privately Held,51-200,107,-,Cambridge,Massachusetts,US,Campaign #1 - Enterprise & Platforms (Casual Connections)
Ankr Health,https://www.linkedin.com/company/ankr-us,ankr.us,Hospitals and Health Care,Privately Held,51-200,16,-,San Francisco,California,US,Campaign #1 - Enterprise & Platforms (Casual Connections)
1 Billion Tech,https://www.linkedin.com/company/1billiontechnology,1billiontech.com,IT Services and IT Consulting,Privately Held,51-200,140,2014,San Jose,California,US,Campaign #1 - Enterprise & Platforms (Casual Connections)
PicnicHealth,https://www.linkedin.com/company/picnichealth,picnichealth.com,Software Development,Privately Held,51-200,341,2014,San Francisco,California,US,Campaign #1 - Enterprise & Platforms (Casual Connections)
Moravian College,https://www.linkedin.com/school/moravian-college,moravian.edu,Higher Education,Educational Institution,201-500,786,1742,Bethlehem,Pennsylvania,US,Campaign #1 - Enterprise & Platforms (Casual Connections)
NonStop io Technologies,https://www.linkedin.com/company/nonstop-io,nonstopio.com,Software Development,Privately Held,51-200,160,2015,Dover,Delaware,US,Campaign #1 - Enterprise & Platforms (Casual Connections)
Adtech Corp,https://www.linkedin.com/company/adtechcorp-enterprise-it-services,adtechcorp.io,IT Services and IT Consulting,Privately Held,201-500,102,2015,Carlsbad,California,US,Campaign #1 - Enterprise & Platforms (Casual Connections)
99 Technologies,https://www.linkedin.com/company/99technologies,99technologies.com,Software Development,Privately Held,51-200,127,2020,Eagan,Minnesota,US,Campaign #1 - Enterprise & Platforms (Casual Connections)
XpertDox,https://www.linkedin.com/company/xpertdox,xpertdox.com,Hospitals and Health Care,Partnership,51-200,75,2015,Scottsdale,Arizona,US,Campaign #1 - Enterprise & Platforms (Casual Connections)
Roro,https://www.linkedin.com/company/roro-solutions,roro.io,Software Development,Privately Held,51-200,74,2017,San Francisco,California,US,Campaign #1 - Enterprise & Platforms (Casual Connections)
Korro AI,https://www.linkedin.com/company/korro,korro.ai,Software Development,Public Company,51-200,78,-,New York,-,US,Campaign #1 - Enterprise & Platforms (Casual Connections)
December Labs (now Qubika),https://www.linkedin.com/company/decemberlabs,decemberlabs.com,IT Services and IT Consulting,Privately Held,51-200,21,2014,Houston,Texas,US,Campaign #1 - Enterprise & Platforms (Casual Connections)
Sunny,https://www.linkedin.com/company/sunnybenefits,sunnybenefits.com,Financial Services,Privately Held,51-200,113,-,Charleston,South Carolina,US,Campaign #1 - Enterprise & Platforms (Casual Connections)
Octagos,https://www.linkedin.com/company/octagoshealthinc,octagos.com,Hospitals and Health Care,Privately Held,201-500,168,2020,Houston,Texas,US,Campaign #1 - Enterprise & Platforms (Casual Connections)
Outcome Health,https://www.linkedin.com/company/outcomehealth,outcomehealth.com,IT Services and IT Consulting,Privately Held,201-500,58,2006,Chicago,Illinois,US,Campaign #1 - Enterprise & Platforms (Casual Connections)
Solera Health,https://www.linkedin.com/company/solera-health,soleranetwork.com,Hospitals and Health Care,Privately Held,51-200,169,2015,Phoenix,Arizona,US,Campaign #1 - Enterprise & Platforms (Casual Connections)
Brackets,https://www.linkedin.com/company/bracketsltd,bracketsltd.com,Software Development,Privately Held,51-200,70,2017,Clovis,California,US,Campaign #1 - Enterprise & Platforms (Casual Connections)
cPacket,https://www.linkedin.com/company/cpacketnetworks,cpacket.com,Software Development,Privately Held,51-200,156,2007,Milpitas,California,US,Campaign #1 - Enterprise & Platforms (Casual Connections)
iCAD,https://www.linkedin.com/company/icad,icadmed.com,Hospitals and Health Care,Public Company,51-200,339,1984,Nashua,New Hampshire,US,Campaign #1 - Enterprise & Platforms (Casual Connections)
ViitorCloud Technologies,https://www.linkedin.com/company/viitorcloud,viitorcloud.com,Technology; Information and Internet,Privately Held,201-500,224,2011,Herndon,Virginia,US,Campaign #1 - Enterprise & Platforms (Casual Connections)
IRT group @ AI Institute of South Carolina,https://www.linkedin.com/company/aiisc,aiisc.ai,Software Development,Educational Institution,51-200,85,2019,Columbia,South Carolina,US,Campaign #1 - Enterprise & Platforms (Casual Connections)
SweatWorks,https://www.linkedin.com/company/sweatworks,sweatworks.com,Software Development,Privately Held,51-200,64,2012,Arlington,Virginia,US,Campaign #1 - Enterprise & Platforms (Casual Connections)
Rapidops Inc.,https://www.linkedin.com/company/rapidops-inc,rapidops.com,IT Services and IT Consulting,Privately Held,201-500,322,2008,Charlotte,North Carolina,US,Campaign #1 - Enterprise & Platforms (Casual Connections)
AcuityMD,https://www.linkedin.com/company/acuitymd,acuitymd.com,Software Development,Privately Held,201-500,291,-,Boston,Massachusetts,US,Campaign #1 - Enterprise & Platforms (Casual Connections)
Eden,https://www.linkedin.com/company/edenmed-ai,evacenter.com,Artificial Intelligence,Privately Held,201-500,525,2016,Palo Alto,California,US,Campaign #1 - Enterprise & Platforms (Casual Connections)
Gryphon Investors,https://www.linkedin.com/company/gryphon-investors,gryphoninvestors.com,Venture Capital and Private Equity Principals,Partnership,51-200,237,1995,San Francisco,California,US,Campaign #1 - Enterprise & Platforms (Casual Connections)
Accuhealth is Now Tellihealth,https://www.linkedin.com/company/accurpm,accuhealth.tech,Hospitals and Health Care,Privately Held,201-500,155,2018,Houston,Texas,US,Campaign #1 - Enterprise & Platforms (Casual Connections)
Savannah Technical College,https://www.linkedin.com/school/savannahtech,savannahtech.edu,Higher Education,Educational Institution,201-500,554,1929,Savannah,Georgia,US,Campaign #1 - Enterprise & Platforms (Casual Connections)
Evidation,https://www.linkedin.com/company/evidation-health,evidation.com,Technology; Information and Media,Privately Held,51-200,90,2012,San Mateo,California,US,Campaign #1 - Enterprise & Platforms (Casual Connections)
Sigma Design,https://www.linkedin.com/company/sigma-design,sigmadzn.com,Design Services,Privately Held,201-500,325,1994,Camas,Washington,US,Campaign #1 - Enterprise & Platforms (Casual Connections)
"MCRA, an IQVIA business",https://www.linkedin.com/company/mcra,mcra.com,Medical Equipment Manufacturing,Privately Held,51-200,251,2004,Washington,District of Columbia,US,Campaign #1 - Enterprise & Platforms (Casual Connections)
NFW,https://www.linkedin.com/company/nfwtech,nfw.earth,Textile Manufacturing,Privately Held,201-500,146,2015,Peoria,Illinois,US,Campaign #1 - Enterprise & Platforms (Casual Connections)
ForeFront ☁,https://www.linkedin.com/company/forefrontcorp,forefrontcorp.com,IT Services and IT Consulting,Privately Held,51-200,70,1997,Fair Haven,New Jersey,US,Campaign #1 - Enterprise & Platforms (Casual Connections)
OnBoard,https://www.linkedin.com/company/onboardmeetings,onboardmeetings.com,Software Development,Privately Held,201-500,255,2003,Indianapolis,Indiana,US,Campaign #1 - Enterprise & Platforms (Casual Connections)
T Levels,https://www.linkedin.com/company/t-levels,tlevels.gov.uk,Government Administration,Government Agency,51-200,20,2020,-,-,US,Campaign #1 - Enterprise & Platforms (Casual Connections)
Highwire,https://www.linkedin.com/company/teamhighwire,highwirepr.com,Marketing Services,Privately Held,201-500,253,-,San Francisco,California,US,Campaign #1 - Enterprise & Platforms (Casual Connections)
AIMDek Technologies Inc.,https://www.linkedin.com/company/aimdek-technologies,aimdek.com,IT Services and IT Consulting,Privately Held,51-200,67,2014,Austin,Texas,US,Campaign #1 - Enterprise & Platforms (Casual Connections)
OptraSCAN,https://www.linkedin.com/company/optrascan,optrascan.com,Medical Equipment Manufacturing,Privately Held,51-200,64,2017,San Jose,California,US,Campaign #1 - Enterprise & Platforms (Casual Connections)
Infinite Uptime,https://www.linkedin.com/company/infinite-uptime,infinite-uptime.com,Software Development,Privately Held,201-500,363,2016,Alpharetta,Georgia,US,Campaign #1 - Enterprise & Platforms (Casual Connections)
Qualmission LLC,https://www.linkedin.com/company/qualmission,qualmission.com,IT Services and IT Consulting,Privately Held,51-200,20,-,Pflugerville,Texas,US,Campaign #1 - Enterprise & Platforms (Casual Connections)
CognitiveScale,https://www.linkedin.com/company/cognitivescale,cognitivescale.com,Software Development,Privately Held,51-200,28,2013,Austin,Texas,US,Campaign #1 - Enterprise & Platforms (Casual Connections)
Mobiz IT,https://www.linkedin.com/company/mobizinc,mobizinc.com,IT Services and IT Consulting,Privately Held,51-200,178,2008,Houston,Texas,US,Campaign #1 - Enterprise & Platforms (Casual Connections)
"L-Nutra, Inc",https://www.linkedin.com/company/lnutra,l-nutra.com,Wellness and Fitness Services,Privately Held,51-200,64,2009,Los Angeles,California,US,Campaign #1 - Enterprise & Platforms (Casual Connections)
Winfomi,https://www.linkedin.com/company/winfomi,winfomi.com,IT Services and IT Consulting,Partnership,51-200,50,2021,Monmouth Junction,New Jersey,US,Campaign #1 - Enterprise & Platforms (Casual Connections)
Memora Health,https://www.linkedin.com/company/memora-health,memorahealth.com,Hospitals and Health Care,Privately Held,51-200,22,2017,San Francisco,California,US,Campaign #1 - Enterprise & Platforms (Casual Connections)
Daily Mail US,https://www.linkedin.com/company/dailymail-com,dailymail.com,Internet Publishing,Public Company,51-200,182,-,New York,New York,US,Campaign #1 - Enterprise & Platforms (Casual Connections)
Sg2,https://www.linkedin.com/company/sg2,sg2.com,Hospitals and Health Care,Privately Held,201-500,229,2001,Chicago,Illinois,US,Campaign #1 - Enterprise & Platforms (Casual Connections)
Method Communications,https://www.linkedin.com/company/method-communications,methodcommunications.com,Marketing Services,Privately Held,51-200,123,2010,San Francisco,California,US,Campaign #1 - Enterprise & Platforms (Casual Connections)
LQ Digital,https://www.linkedin.com/company/lqdigital,lqdigital.com,Marketing Services,Privately Held,201-500,173,2006,West Hollywood,California,US,Campaign #1 - Enterprise & Platforms (Casual Connections)
Covera Health,https://www.linkedin.com/company/covera-health,coverahealth.com,Technology; Information and Internet,Privately Held,51-200,104,2017,New York,New York,US,Campaign #1 - Enterprise & Platforms (Casual Connections)
Hello Alpha,https://www.linkedin.com/company/helloalphamd,helloalpha.com,Hospitals and Health Care,Privately Held,51-200,83,2017,Palo Alto,California,US,Campaign #1 - Enterprise & Platforms (Casual Connections)
Wellable,https://www.linkedin.com/company/wellable,wellable.co,Wellness and Fitness Services,Privately Held,51-200,88,2013,Boston,Massachusetts,US,Campaign #1 - Enterprise & Platforms (Casual Connections)
Aduro,https://www.linkedin.com/company/adurolife,adurolife.com,Hospitals and Health Care,Privately Held,201-500,201,2007,Redmond,Washington,US,Campaign #1 - Enterprise & Platforms (Casual Connections)
Azeemi Technologies,https://www.linkedin.com/company/azeemi-technologies,azeemi-tech.com,IT Services and IT Consulting,Privately Held,201-500,123,2003,New York,-,US,Campaign #1 - Enterprise & Platforms (Casual Connections)
Kitrum,https://www.linkedin.com/company/kitrum,kitrum.com,Software Development,Privately Held,51-200,168,2014,Tampa,Florida,US,Campaign #1 - Enterprise & Platforms (Casual Connections)
MedeAnalytics,https://www.linkedin.com/company/medeanalytics-inc,medeanalytics.com,Software Development,Privately Held,201-500,334,1993,Richardson,Texas,US,Campaign #1 - Enterprise & Platforms (Casual Connections)
Glooko,https://www.linkedin.com/company/glooko,glooko.com,Hospitals and Health Care,Privately Held,51-200,239,2010,Palo Alto,California,US,Campaign #1 - Enterprise & Platforms (Casual Connections)
BAHAMA Consulting,https://www.linkedin.com/company/bahama-consulting,bahama-consulting.com,IT Services and IT Consulting,Privately Held,51-200,39,2002,Eagan,Minnesota,US,Campaign #1 - Enterprise & Platforms (Casual Connections)
IQM Corporation,https://www.linkedin.com/company/iqm-corporation,iqm.com,Advertising Services,Privately Held,51-200,157,2014,Manhasset,New York,US,Campaign #1 - Enterprise & Platforms (Casual Connections)
"Hakkōda, an IBM Company",https://www.linkedin.com/company/hakkoda,hakkoda.io,Business Consulting and Services,Privately Held,201-500,297,2021,New York,New York,US,Campaign #1 - Enterprise & Platforms (Casual Connections)
Papa & Barkley,https://www.linkedin.com/company/papaandbarkley,papaandbarkley.com,Manufacturing,Privately Held,201-500,69,-,Los Angeles,California,US,Campaign #1 - Enterprise & Platforms (Casual Connections)
World of Dance,https://www.linkedin.com/company/worldofdance,worldofdance.com,"Arts, spectacles et activités récréatives",Privately Held,51-200,825,2009,Fullerton,California,US,Campaign #1 - Enterprise & Platforms (Casual Connections)
Vue.ai by M2P,https://www.linkedin.com/company/vue-ai,vue.ai,Software Development,Privately Held,201-500,37,2016,Redwood City,California,US,Campaign #1 - Enterprise & Platforms (Casual Connections)
DataQ Health,https://www.linkedin.com/company/dataqhealth,dataqhealth.com,Technology; Information and Media,Privately Held,201-500,171,2017,Lewisville,Texas,US,Campaign #1 - Enterprise & Platforms (Casual Connections)
AMC Health,https://www.linkedin.com/company/amc-health,amchealth.com,Hospitals and Health Care,Privately Held,201-500,288,2002,New York City,New York,US,Campaign #1 - Enterprise & Platforms (Casual Connections)
Ibex Medical Analytics,https://www.linkedin.com/company/ibexmedicalanalytics,ibex-ai.com,Hospitals and Health Care,Privately Held,51-200,99,2016,Brookline,Massachusetts,US,Campaign #1 - Enterprise & Platforms (Casual Connections)
Bicycle Health,https://www.linkedin.com/company/bicyclehealth,bicyclehealth.com,Hospitals and Health Care,Privately Held,201-500,240,2017,Boston,Massachusetts,US,Campaign #1 - Enterprise & Platforms (Casual Connections)
Health and Safety Council®,https://www.linkedin.com/company/healthandsafetycouncil,hasc.com,Oil and Gas,Nonprofit,201-500,227,1990,Pasadena,Texas,US,Campaign #1 - Enterprise & Platforms (Casual Connections)
CloudMetic,https://www.linkedin.com/company/cloudmetic,cloudmetic.com,IT Services and IT Consulting,Privately Held,51-200,65,2021,New Rochelle,New York,US,Campaign #1 - Enterprise & Platforms (Casual Connections)
Amco IT Systems,https://www.linkedin.com/company/amco-it-system,linkedin.com,IT Services and IT Consulting,Sole Proprietorship,51-200,38,2007,Plano,Texas,US,Campaign #1 - Enterprise & Platforms (Casual Connections)
THREAD,https://www.linkedin.com/company/threadresearch,threadresearch.com,Biotechnology Research,Privately Held,51-200,138,2012,Cary,North Carolina,US,Campaign #1 - Enterprise & Platforms (Casual Connections)
Inferenz,https://www.linkedin.com/company/inferenz-tech,inferenz.ai,IT Services and IT Consulting,Privately Held,51-200,149,2019,Round Rock,Texas,US,Campaign #1 - Enterprise & Platforms (Casual Connections)
Meru Health,https://www.linkedin.com/company/meru-health,meruhealth.com,Mental Health Care,Privately Held,51-200,139,2016,San Mateo,California,US,Campaign #1 - Enterprise & Platforms (Casual Connections)
"Prescryptive Health, Inc.",https://www.linkedin.com/company/prescryptive,prescryptive.com,Information Technology and Services,Privately Held,201-500,139,2017,Redmond,Washington,US,Campaign #1 - Enterprise & Platforms (Casual Connections)
Spectro Cloud,https://www.linkedin.com/company/spectro-cloud,spectrocloud.com,Software Development,Privately Held,201-500,307,2019,San Jose,California,US,Campaign #1 - Enterprise & Platforms (Casual Connections)
Mobio Solutions Inc.,https://www.linkedin.com/company/mobiosolutions,mobiosolutions.com,IT Services and IT Consulting,Privately Held,51-200,60,2015,Wilmington,Delaware,US,Campaign #1 - Enterprise & Platforms (Casual Connections)
Avaamo,https://www.linkedin.com/company/avaamo,avaamo.ai,Software Development,Privately Held,201-500,137,2014,Los Altos,California,US,Campaign #1 - Enterprise & Platforms (Casual Connections)
Vibrent Health,https://www.linkedin.com/company/vibrent-health,vibrenthealth.com,IT Services and IT Consulting,Privately Held,51-200,102,-,Fairfax,Virginia,US,Campaign #1 - Enterprise & Platforms (Casual Connections)
Eleanor Health,https://www.linkedin.com/company/eleanorhealth,eleanorhealth.com,Hospitals and Health Care,Privately Held,201-500,154,2019,Worcester,Massachusetts,US,Campaign #1 - Enterprise & Platforms (Casual Connections)
Vive,https://www.linkedin.com/company/theviveevent,viveevent.com,Events Services,Privately Held,51-200,38,-,New York City,New York,US,Campaign #1 - Enterprise & Platforms (Casual Connections)
Concord Technologies,https://www.linkedin.com/company/concordtechusa,concord.net,Software Development,Privately Held,51-200,469,-,Seattle,Washington,US,Campaign #1 - Enterprise & Platforms (Casual Connections)
DreamSoft4u IT Solution Simplified,https://www.linkedin.com/company/dreamsoft4u,dreamsoft4u.com,IT Services and IT Consulting,Privately Held,51-200,104,2003,Corona,California,US,Campaign #1 - Enterprise & Platforms (Casual Connections)
Ceres,https://www.linkedin.com/company/ceres-a-i,ceresimaging.net,Data Infrastructure and Analytics,Privately Held,51-200,60,2013,Oakland,California,US,Campaign #1 - Enterprise & Platforms (Casual Connections)
AITA Consulting Services Inc.,https://www.linkedin.com/company/aitaconsulting,aitacs.com,Information Technology and Services,Privately Held,51-200,109,2006,North Brunswick,New Jersey,US,Campaign #1 - Enterprise & Platforms (Casual Connections)
Exbo Group,https://www.linkedin.com/company/exbo-group,exbogroup.com,Financial Services,Privately Held,51-200,95,2016,New York,New York,US,Campaign #1 - Enterprise & Platforms (Casual Connections)
broadhead.,https://www.linkedin.com/company/broadhead-,broadheadco.com,Advertising Services,Privately Held,51-200,403,2001,Minneapolis,Minnesota,US,Campaign #1 - Enterprise & Platforms (Casual Connections)
Techinoid,https://www.linkedin.com/company/techinoidllc,techinoid.com,IT Services and IT Consulting,Privately Held,51-200,59,2016,Camden,Delaware,US,Campaign #1 - Enterprise & Platforms (Casual Connections)
Maverick Digital (a Monks company),https://www.linkedin.com/company/maverickdigital,maverickdigital.com,IT Services and IT Consulting,Privately Held,51-200,28,-,Chicago,Illinois,US,Campaign #1 - Enterprise & Platforms (Casual Connections)
Ambiq,https://www.linkedin.com/company/ambiqmicro,ambiq.com,Semiconductor Manufacturing,Privately Held,201-500,234,2010,Austin,Texas,US,Campaign #1 - Enterprise & Platforms (Casual Connections)
OPTIMAS.AI Inc,https://www.linkedin.com/company/optimas-ai-technologies,optimas.ai,Computer and Network Security,Privately Held,51-200,64,2022,"San Francisco, Bay Area",-,US,Campaign #1 - Enterprise & Platforms (Casual Connections)
SkyLift Marketing,https://www.linkedin.com/company/skyliftmarketing,skyliftmarketing.com,Marketing Services,Privately Held,51-200,92,2019,Austin,Texas,US,Campaign #1 - Enterprise & Platforms (Casual Connections)
Lumotive,https://www.linkedin.com/company/lumotive,lumotive.com,Semiconductor Manufacturing,Privately Held,51-200,77,2017,Redmond,Washington,US,Campaign #1 - Enterprise & Platforms (Casual Connections)
Chapter247 Infotech,https://www.linkedin.com/company/chapter247infotech,chapter247.com,IT Services and IT Consulting,Privately Held,51-200,123,2012,Reno,Nevada,US,Campaign #1 - Enterprise & Platforms (Casual Connections)
Concord,https://www.linkedin.com/company/concordnow,concord.app,Software Development,Privately Held,51-200,82,2014,Austin,Texas,US,Campaign #1 - Enterprise & Platforms (Casual Connections)
Wellness360,https://www.linkedin.com/company/wellness360,wellness360.co,Technology; Information and Internet,Privately Held,51-200,49,2013,Pleasanton,California,US,Campaign #1 - Enterprise & Platforms (Casual Connections)
Third Eye Health,https://www.linkedin.com/company/third-eye-health,thirdeyehealth.net,Hospitals and Health Care,Privately Held,201-500,133,2014,Chicago,Illinois,US,Campaign #1 - Enterprise & Platforms (Casual Connections)
DataPattern,https://www.linkedin.com/company/datapatternz,datapattern.ai,IT Services and IT Consulting,Partnership,51-200,170,2019,San Ramon,California,US,Campaign #1 - Enterprise & Platforms (Casual Connections)
Vynamic,https://www.linkedin.com/company/vynamic-llc,inizio.com,Business Consulting and Services,Public Company,201-500,191,-,Philadelphia,Pennsylvania,US,Campaign #1 - Enterprise & Platforms (Casual Connections)
ACCUMEN,https://www.linkedin.com/company/accumen-inc-,accumen.com,Hospitals and Health Care,Privately Held,51-200,180,2011,Scottsdale,Arizona,US,Campaign #1 - Enterprise & Platforms (Casual Connections)
Massachusetts Technology Collaborative,https://www.linkedin.com/company/massachusetts-technology-collaborative,masstech.org,Government Administration,Government Agency,51-200,117,1982,Westborough,Massachusetts,US,Campaign #1 - Enterprise & Platforms (Casual Connections)
Neon Growth,https://www.linkedin.com/company/neongrowth,neongrowth.com,Advertising Services,Privately Held,51-200,16,2020,New York,New York,US,Campaign #1 - Enterprise & Platforms (Casual Connections)
Abacus Insights,https://www.linkedin.com/company/abacusinsights,abacusinsights.com,Software Development,Privately Held,201-500,428,2017,Boston,Massachusetts,US,Campaign #1 - Enterprise & Platforms (Casual Connections)
Newscape Consulting,https://www.linkedin.com/company/newscapeconsulting,newscapeconsulting.com,IT Services and IT Consulting,Privately Held,51-200,49,2017,Somerset,New Jersey,US,Campaign #1 - Enterprise & Platforms (Casual Connections)
"Wadhwani School of Data Science and AI, IIT Madras",https://www.linkedin.com/company/wadhwani-school-of-data-science-and-ai-iit-madras,iitm.ac.in,Higher Education,Educational Institution,51-200,37,-,-,-,US,Campaign #1 - Enterprise & Platforms (Casual Connections)
The Bowdoin Group,https://www.linkedin.com/company/the-bowdoin-group,bowdoingroup.com,Staffing and Recruiting,Privately Held,51-200,56,1994,Boston,Massachusetts,US,Campaign #1 - Enterprise & Platforms (Casual Connections)
Arterys (Acquired by Tempus AI),https://www.linkedin.com/company/arterys,arterys.com,Hospitals and Health Care,Privately Held,51-200,14,2013,San Francisco,California,US,Campaign #1 - Enterprise & Platforms (Casual Connections)
CliniComp,https://www.linkedin.com/company/clinicomp,clinicomp.com,IT Services and IT Consulting,Privately Held,51-200,155,1983,San Diego,California,US,Campaign #1 - Enterprise & Platforms (Casual Connections)
"Proteus Digital Health, Inc",https://www.linkedin.com/company/proteus-digital-health-inc,proteus.com,Pharmaceutical Manufacturing,Privately Held,201-500,61,2004,Redwood City,California,US,Campaign #1 - Enterprise & Platforms (Casual Connections)
Findhelp,https://www.linkedin.com/company/find-help,findhelp.com,Software Development,Privately Held,201-500,260,2010,Austin,Texas,US,Campaign #1 - Enterprise & Platforms (Casual Connections)
Doctronic,https://www.linkedin.com/company/doctronic-ai,doctronic.ai,Technology; Information and Internet,Privately Held,51-200,78,2023,New York,New York,US,Campaign #1 - Enterprise & Platforms (Casual Connections)
UPMC Enterprises,https://www.linkedin.com/company/upmcenterprises,upmcenterprises.com,Hospitals and Health Care,Privately Held,201-500,217,-,Pittsburgh,Pennsylvania,US,Campaign #1 - Enterprise & Platforms (Casual Connections)
Sift Healthcare,https://www.linkedin.com/company/sift-healthcare,sifthealthcare.com,Hospitals and Health Care,Privately Held,51-200,46,2017,Milwaukee,Wisconsin,US,Campaign #1 - Enterprise & Platforms (Casual Connections)
Fabric,https://www.linkedin.com/company/fabric-hlth,fabrichealth.com,Hospitals and Health Care,Privately Held,51-200,310,2021,New York,New York,US,Campaign #1 - Enterprise & Platforms (Casual Connections)
Kindsight,https://www.linkedin.com/company/kindsightio,kindsight.io,Software Development,Privately Held,201-500,362,1991,Scottsdale,Arizona,US,Campaign #1 - Enterprise & Platforms (Casual Connections)
RegDesk,https://www.linkedin.com/company/regdesk,regdesk.co,Software Development,Privately Held,51-200,83,2014,Houston,Texas,US,Campaign #1 - Enterprise & Platforms (Casual Connections)
CapMinds,https://www.linkedin.com/company/capminds,capminds.com,IT Services and IT Consulting,Privately Held,51-200,79,2008,Leesburg,Virginia,US,Campaign #1 - Enterprise & Platforms (Casual Connections)
Nanotronics,https://www.linkedin.com/company/nanotronics-imaging,nanotronics.ai,Automation Machinery Manufacturing,Privately Held,51-200,65,2010,Brooklyn,New York,US,Campaign #1 - Enterprise & Platforms (Casual Connections)
Dcode Health,https://www.linkedin.com/company/dcodehealth,ravkoohealth.com,Hospitals and Health Care,Privately Held,51-200,38,-,Tampa,Florida,US,Campaign #1 - Enterprise & Platforms (Casual Connections)
Mauna Kea Technologies,https://www.linkedin.com/company/mauna-kea-technologies,maunakeatech.com,Medical Equipment Manufacturing,Public Company,51-200,133,2000,Allston,Massachusetts,US,Campaign #1 - Enterprise & Platforms (Casual Connections)
XponentL Data,https://www.linkedin.com/company/xponentl,xponentl.ai,Data Infrastructure and Analytics,Privately Held,51-200,85,2023,Philadelphia,Pennsylvania,US,Campaign #1 - Enterprise & Platforms (Casual Connections)
Imagen Technologies,https://www.linkedin.com/company/imagen-technologies,imagen.ai,Hospitals and Health Care,Privately Held,51-200,184,2015,New York,New York,US,Campaign #1 - Enterprise & Platforms (Casual Connections)
TecQubes Technologies,https://www.linkedin.com/company/tec-qubes,tecqubes.com,IT Services and IT Consulting,Privately Held,51-200,79,-,Middletown,Delaware,US,Campaign #1 - Enterprise & Platforms (Casual Connections)
Akshar Staffing,https://www.linkedin.com/company/aksharstaffing,aksharstaffing.com,Staffing and Recruiting,Privately Held,51-200,67,-,San Antonio,https://g.page/Akshar-it?share,US,Campaign #1 - Enterprise & Platforms (Casual Connections)
Lanware Solutions,https://www.linkedin.com/company/lanware-solutions,lanwaresolutions.com,IT Services and IT Consulting,Privately Held,51-200,84,-,Des Moines,Iowa,US,Campaign #1 - Enterprise & Platforms (Casual Connections)
Seanergy.ai,https://www.linkedin.com/company/seanergyai,seanergydigital.com,Information Technology and Services,Privately Held,201-500,249,2004,Plano,Texas,US,Campaign #1 - Enterprise & Platforms (Casual Connections)
Fay Nutrition,https://www.linkedin.com/company/foodandyou,faynutrition.com,Software Development,Privately Held,51-200,464,-,San Francisco,California,US,Campaign #1 - Enterprise & Platforms (Casual Connections)
UC Davis Continuing and Professional Education,https://www.linkedin.com/school/ucdaviscpe,ucdavis.edu,Higher Education,Educational Institution,201-500,365,1960,Davis,California,US,Campaign #1 - Enterprise & Platforms (Casual Connections)
Credit Sesame,https://www.linkedin.com/company/creditsesame,creditsesame.com,Financial Services,Privately Held,201-500,101,2010,Mountain View,California,US,Campaign #1 - Enterprise & Platforms (Casual Connections)
Lillia,https://www.linkedin.com/company/lilliacareai,smit.fit,Software Development,Privately Held,51-200,63,2020,Lewes,Delaware,US,Campaign #1 - Enterprise & Platforms (Casual Connections)
binx health,https://www.linkedin.com/company/binxhealth,mybinxhealth.com,Medical Equipment Manufacturing,Privately Held,51-200,92,2005,Boston,Massachusetts,US,Campaign #1 - Enterprise & Platforms (Casual Connections)
TekRecruiter,https://www.linkedin.com/company/tekrecruiter,tekrecruiter.com,Software Development,Privately Held,51-200,18,2020,Miami,Florida,US,Campaign #1 - Enterprise & Platforms (Casual Connections)
Thoughtful AI,https://www.linkedin.com/company/thoughtful-ai,thoughtful.ai,Software Development,Privately Held,51-200,149,2020,Austin,Texas,US,Campaign #1 - Enterprise & Platforms (Casual Connections)
Proxima CRO,https://www.linkedin.com/company/proxima-clinical-research,proximacro.com,Research Services,Privately Held,51-200,42,2017,Houston,Texas,US,Campaign #1 - Enterprise & Platforms (Casual Connections)
Georgia Tech Professional Education,https://www.linkedin.com/company/gtprofessionaleducation,gatech.edu,Education Management,Educational Institution,51-200,83,-,Atlanta,Georgia,US,Campaign #1 - Enterprise & Platforms (Casual Connections)
"RIVA Solutions, Inc.",https://www.linkedin.com/company/riva-solutions-inc-,rivasolutionsinc.com,IT Services and IT Consulting,Privately Held,201-500,215,2009,Reston,Virginia,US,Campaign #1 - Enterprise & Platforms (Casual Connections)
"Teal Communications, Inc.",https://www.linkedin.com/company/teal-communications,tealcom.io,Telecommunications,Privately Held,51-200,54,2018,Seattle,Washington,US,Campaign #1 - Enterprise & Platforms (Casual Connections)
Interprenet,https://www.linkedin.com/company/interprenet,interprenet.net,Translation and Localization,Privately Held,51-200,114,2004,Chicago,Illinois,US,Campaign #1 - Enterprise & Platforms (Casual Connections)
Voyance Health,https://www.linkedin.com/company/voyancehealth,voyance.health,Software Development,Privately Held,51-200,29,2017,San Francisco,California,US,Campaign #1 - Enterprise & Platforms (Casual Connections)
Arabic.AI,https://www.linkedin.com/company/arabic-ai-tarjama,arabic.ai,Software Development,Privately Held,201-500,58,-,-,-,US,Campaign #1 - Enterprise & Platforms (Casual Connections)
MaxRemind Inc,https://www.linkedin.com/company/maxremind,maxremind.com,IT Services and IT Consulting,Privately Held,51-200,236,2012,Dallas,Texas,US,Campaign #1 - Enterprise & Platforms (Casual Connections)
Scratch Marketing + Media,https://www.linkedin.com/company/scratchmm,scratchmm.com,Marketing Services,Privately Held,51-200,49,2009,Cambridge,Massachusetts,US,Campaign #1 - Enterprise & Platforms (Casual Connections)
InBody USA,https://www.linkedin.com/company/inbodyusa,inbody.com,Medical Equipment Manufacturing,Privately Held,51-200,124,2000,Cerritos,California,US,Campaign #1 - Enterprise & Platforms (Casual Connections)
Mindful Care,https://www.linkedin.com/company/mindful-care,mindful.care,Mental Health Care,Privately Held,51-200,146,2018,West Hempstead,New York,US,Campaign #1 - Enterprise & Platforms (Casual Connections)
iLeaf Solutions,https://www.linkedin.com/company/ileafsolutions,ileafsolutions.com,Information Technology and Services,Privately Held,51-200,43,2011,San Antonio,Texas,US,Campaign #1 - Enterprise & Platforms (Casual Connections)
TrustCloud,https://www.linkedin.com/company/trustcloud-inc,trustcloud.tech,IT Services and IT Consulting,Privately Held,51-200,23,2017,Miami,Florida,US,Campaign #1 - Enterprise & Platforms (Casual Connections)
Emergence AI,https://www.linkedin.com/company/emergenceai,emergence.ai,Technology; Information and Internet,Privately Held,51-200,105,2018,New York,New York,US,Campaign #1 - Enterprise & Platforms (Casual Connections)
Ubie,https://www.linkedin.com/company/ubie-inc,ubiehealth.com,Software Development,Privately Held,201-500,238,2017,New York City,New York,US,Campaign #1 - Enterprise & Platforms (Casual Connections)
Buoy Health,https://www.linkedin.com/company/buoyhealth,buoy.com,Wellness and Fitness Services,Privately Held,51-200,28,2014,Boston,Massachusetts,US,Campaign #1 - Enterprise & Platforms (Casual Connections)
Boulder Care,https://www.linkedin.com/company/boulder,boulder.care,Hospitals and Health Care,Privately Held,51-200,213,2017,Portland,Oregon,US,Campaign #1 - Enterprise & Platforms (Casual Connections)
Verana Health,https://www.linkedin.com/company/verana-health,veranahealth.com,Hospitals and Health Care,Privately Held,51-200,177,2018,San Francisco,California,US,Campaign #1 - Enterprise & Platforms (Casual Connections)
EnSafe,https://www.linkedin.com/company/ensafe,ensafe.com,Environmental Services,Privately Held,201-500,512,1980,Memphis,Tennessee,US,Campaign #1 - Enterprise & Platforms (Casual Connections)
"InfoIMAGE, Inc.",https://www.linkedin.com/company/infoimage-inc.,infoimageinc.com,Financial Services,Privately Held,201-500,141,1984,Brisbane,California,US,Campaign #1 - Enterprise & Platforms (Casual Connections)
SingleStone,https://www.linkedin.com/company/singlestone,singlestoneconsulting.com,Information Technology and Services,Privately Held,51-200,77,1997,Richmond,Virginia,US,Campaign #1 - Enterprise & Platforms (Casual Connections)
"Toyota Tsusho Systems US, Inc.",https://www.linkedin.com/company/tt-systems-us-inc,ttsystems.com,Computer and Network Security,Privately Held,201-500,244,2011,Plano,Texas,US,Campaign #1 - Enterprise & Platforms (Casual Connections)
"APCON, Inc.",https://www.linkedin.com/company/apcon,apcon.com,Technology; Information and Internet,Privately Held,51-200,238,1993,Wilsonville,Oregon,US,Campaign #1 - Enterprise & Platforms (Casual Connections)
SimpleHealth,https://www.linkedin.com/company/simplehealth,simplehealth.com,Health; Wellness and Fitness,Privately Held,51-200,22,2015,New York,New York,US,Campaign #1 - Enterprise & Platforms (Casual Connections)
VirtuSense,https://www.linkedin.com/company/virtusense,virtusense.ai,Hospitals and Health Care,Privately Held,51-200,67,2012,Peoria,Illinois,US,Campaign #1 - Enterprise & Platforms (Casual Connections)
Mobikasa,https://www.linkedin.com/company/mobikasa,mobikasa.com,Information Technology and Services,Privately Held,201-500,239,2011,New York,-,US,Campaign #1 - Enterprise & Platforms (Casual Connections)
Instinctools,https://www.linkedin.com/company/instinctools,instinctools.com,IT Services and IT Consulting,Privately Held,201-500,342,2000,Potomac,Maryland,US,Campaign #1 - Enterprise & Platforms (Casual Connections)
Augment,https://www.linkedin.com/company/augment-llc,goaugment.io,Technology; Information and Internet,Privately Held,51-200,50,2015,Madison,Wisconsin,US,Campaign #1 - Enterprise & Platforms (Casual Connections)
DRT Strategies,https://www.linkedin.com/company/drt-strategies,drtstrategies.com,IT Services and IT Consulting,Privately Held,201-500,232,2004,Arlington,Virginia,US,Campaign #1 - Enterprise & Platforms (Casual Connections)
Autonomize AI,https://www.linkedin.com/company/autonomizeai,autonomize.ai,Technology; Information and Internet,Privately Held,51-200,158,2022,Austin,Texas,US,Campaign #1 - Enterprise & Platforms (Casual Connections)
"TAJ Technologies, Inc.",https://www.linkedin.com/company/tajtech1,tajtech.com,IT Services and IT Consulting,Privately Held,51-200,123,1987,Eden Prairie,Minnesota,US,Campaign #1 - Enterprise & Platforms (Casual Connections)
Biz4Group LLC,https://www.linkedin.com/company/biz4group,biz4group.com,Software Development,Privately Held,201-500,111,2003,Orlando,Florida,US,Campaign #1 - Enterprise & Platforms (Casual Connections)
RITWIK Infotech Inc,https://www.linkedin.com/company/ritwik-infotech-inc,ritwikinfotech.com,IT Services and IT Consulting,Privately Held,51-200,72,2010,Farmington,Michigan,US,Campaign #1 - Enterprise & Platforms (Casual Connections)
Equality Health,https://www.linkedin.com/company/equality-health,equalityhealth.com,Hospitals and Health Care,Privately Held,201-500,190,-,Scottsdale,Arizona,US,Campaign #1 - Enterprise & Platforms (Casual Connections)
Concurrent Technologies Corporation,https://www.linkedin.com/company/concurrent-technologies-corporation,ctc.com,Defense and Space Manufacturing,Nonprofit,201-500,1142,1987,Johnstown,Pennsylvania,US,Campaign #1 - Enterprise & Platforms (Casual Connections)
Carex Consulting Group,https://www.linkedin.com/company/carex-consulting-group,carexconsultinggroup.com,Staffing and Recruiting,Privately Held,51-200,39,2016,Madison,Wisconsin,US,Campaign #1 - Enterprise & Platforms (Casual Connections)
Impiricus,https://www.linkedin.com/company/impiricus,impiricus.com,Technology; Information and Internet,Privately Held,201-500,206,2020,Atlanta,Georgia,US,Campaign #1 - Enterprise & Platforms (Casual Connections)
Horizon Next,https://www.linkedin.com/company/horizon-next.com,horizon-next.com,Advertising Services,Privately Held,201-500,384,-,New York,New York,US,Campaign #1 - Enterprise & Platforms (Casual Connections)
Annexus Health,https://www.linkedin.com/company/annexushealth,annexushealth.com,Hospitals and Health Care,Privately Held,51-200,126,2017,Cranberry Township,Pennsylvania,US,Campaign #1 - Enterprise & Platforms (Casual Connections)
Clutch,https://www.linkedin.com/company/connectwithclutch,clutchgov.com,Business Consulting and Services,Privately Held,51-200,49,2019,Rancho Cordova,California,US,Campaign #1 - Enterprise & Platforms (Casual Connections)
EndoSoft,https://www.linkedin.com/company/endosoft,endosoft.com,Information Technology and Services,Privately Held,51-200,83,1997,Schenectady,New York,US,Campaign #1 - Enterprise & Platforms (Casual Connections)
Aquia,https://www.linkedin.com/company/aquiainc,aquia.us,Computer and Network Security,Privately Held,51-200,87,2021,Millsboro,Delaware,US,Campaign #1 - Enterprise & Platforms (Casual Connections)
MUSOFT CONSULTING,https://www.linkedin.com/company/musoftconsulting,musoftconsulting.com,IT Services and IT Consulting,Privately Held,51-200,13,-,Sheridan,Wyoming,US,Campaign #1 - Enterprise & Platforms (Casual Connections)
Nubes Opus,https://www.linkedin.com/company/nubes-opus,nubesopus.com,IT Services and IT Consulting,Privately Held,51-200,43,2018,-,-,US,Campaign #1 - Enterprise & Platforms (Casual Connections)
BrainCheck,https://www.linkedin.com/company/braincheck,braincheck.com,Software Development,Privately Held,51-200,61,2014,Austin,Texas,US,Campaign #1 - Enterprise & Platforms (Casual Connections)
SoftDoes,https://www.linkedin.com/company/softdoes,softdoes.com,IT Services and IT Consulting,Privately Held,51-200,46,2019,Mission,Kansas,US,Campaign #1 - Enterprise & Platforms (Casual Connections)
Insights Care,https://www.linkedin.com/company/insights-care,insightscare.com,Media Production,Privately Held,51-200,27,2017,Dublin,Ohio,US,Campaign #1 - Enterprise & Platforms (Casual Connections)
Solaborate,https://www.linkedin.com/company/solaborate,solaborate.com,IT Services and IT Consulting,Public Company,201-500,135,-,Clearwater,Florida,US,Campaign #1 - Enterprise & Platforms (Casual Connections)
Radicle Health,https://www.linkedin.com/company/radiclehealth,radicle-health.com,Software Development,Privately Held,201-500,115,2021,Walnut Creek,California,US,Campaign #1 - Enterprise & Platforms (Casual Connections)
SPMB Executive Search,https://www.linkedin.com/company/spmb-executivesearch,spmb.com,Staffing and Recruiting,Privately Held,51-200,61,1977,San Francisco,California,US,Campaign #1 - Enterprise & Platforms (Casual Connections)
iLearningEngines,https://www.linkedin.com/company/ilearningengines,ilearningengines.com,Technology; Information and Internet,Privately Held,201-500,26,-,Bethesda,Maryland,US,Campaign #1 - Enterprise & Platforms (Casual Connections)
Genomind,https://www.linkedin.com/company/genomind,genomind.com,Hôpitaux et services de santé,Privately Held,51-200,62,-,King of Prussia,Pennsylvania,US,Campaign #1 - Enterprise & Platforms (Casual Connections)
Oqton,https://www.linkedin.com/company/oqton,oqton.com,Software Development,Public Company,51-200,89,2017,"Novi, Michigan 48374 USA",Michigan,US,Campaign #1 - Enterprise & Platforms (Casual Connections)
JPLoft,https://www.linkedin.com/company/jploft-solutions,jploft.com,Software Development,Privately Held,51-200,108,2010,Denver,Colorado,US,Campaign #1 - Enterprise & Platforms (Casual Connections)
Klika Tech,https://www.linkedin.com/company/klika-tech,klika-tech.com,IT Services and IT Consulting,Privately Held,201-500,170,2013,North Miami Beach,Florida,US,Campaign #1 - Enterprise & Platforms (Casual Connections)
IPT Global,https://www.linkedin.com/company/ipt-global-llc,iptglobal.com,Oil and Gas,Privately Held,51-200,103,2010,Houston,Texas,US,Campaign #1 - Enterprise & Platforms (Casual Connections)
Davis Technical College,https://www.linkedin.com/school/davistech,davistech.edu,Higher Education,Educational Institution,51-200,538,1978,Kaysville,Utah,US,Campaign #1 - Enterprise & Platforms (Casual Connections)
PREIT,https://www.linkedin.com/company/preit,preit.com,Real Estate,Privately Held,201-500,265,1960,Philadelphia,Pennsylvania,US,Campaign #1 - Enterprise & Platforms (Casual Connections)
Gain,https://www.linkedin.com/company/gain-servicing,gainservicing.com,Financial Services,Privately Held,51-200,93,2011,Atlanta,Georgia,US,Campaign #1 - Enterprise & Platforms (Casual Connections)
Republica Havas,https://www.linkedin.com/company/republica-havas,republicahavas.com,Advertising Services,Partnership,201-500,93,2006,Miami,Florida,US,Campaign #1 - Enterprise & Platforms (Casual Connections)
PeerIslands,https://www.linkedin.com/company/peerislands,peerislands.io,IT Services and IT Consulting,Privately Held,201-500,218,2018,Southlake,Texas,US,Campaign #1 - Enterprise & Platforms (Casual Connections)
Excel Medical,https://www.linkedin.com/company/excelmedical,excelmedical.com,Wellness and Fitness Services,Privately Held,51-200,112,2019,Charlotte,North Carolina,US,Campaign #1 - Enterprise & Platforms (Casual Connections)
Fiona Solutions Inc,https://www.linkedin.com/company/fiona-solutions,fionasolutions.com,Information Technology and Services,Public Company,51-200,71,2018,Sugar Land,Texas,US,Campaign #1 - Enterprise & Platforms (Casual Connections)
Zenarate,https://www.linkedin.com/company/zenarate,zenarate.com,Software Development,Privately Held,51-200,152,2018,Palo Alto,California,US,Campaign #1 - Enterprise & Platforms (Casual Connections)
Pinpoint Safety Platform,https://www.linkedin.com/company/wellchecktech,pinpoint.us,Public Safety,Privately Held,51-200,10,2015,Owings Mills,Maryland,US,Campaign #1 - Enterprise & Platforms (Casual Connections)
Elite Technical,https://www.linkedin.com/company/elite-technical,elitetechnical.com,Staffing and Recruiting,Privately Held,51-200,126,1992,Reston,Virginia,US,Campaign #1 - Enterprise & Platforms (Casual Connections)
Piedmont Global,https://www.linkedin.com/company/piedmontglobal,pgls.com,Translation and Localization,Privately Held,201-500,400,2013,Arlington,Virginia,US,Campaign #1 - Enterprise & Platforms (Casual Connections)
Spherical Insights LLP,https://www.linkedin.com/company/spherical-insight,sphericalinsights.com,Market Research,Privately Held,51-200,107,2016,Mason,Ohio,US,Campaign #1 - Enterprise & Platforms (Casual Connections)
Charta Health,https://www.linkedin.com/company/chartahealth,chartahealth.com,Hospitals and Health Care,Privately Held,51-200,103,-,San Francisco,California,US,Campaign #1 - Enterprise & Platforms (Casual Connections)
CheckedUp,https://www.linkedin.com/company/checkedup,checkedup.com,Hospitals and Health Care,Privately Held,51-200,108,2011,New York,New York,US,Campaign #1 - Enterprise & Platforms (Casual Connections)
Pager Health,https://www.linkedin.com/company/pager-health,pager.com,Hospitals and Health Care,Privately Held,201-500,361,2014,New York,New York,US,Campaign #1 - Enterprise & Platforms (Casual Connections)
Droidal,https://www.linkedin.com/company/droidal,droidal.com,Software Development,Privately Held,201-500,170,2018,Frisco,Texas,US,Campaign #1 - Enterprise & Platforms (Casual Connections)
Iit Institute Of Design,https://www.linkedin.com/school/iit-institute-of-design,iit.edu,Design,Educational Institution,51-200,280,1937,Chicago,Illinois,US,Campaign #1 - Enterprise & Platforms (Casual Connections)
Zenesys Solutions Inc.,https://www.linkedin.com/company/zenesys-solutions-inc,zenesys.com,IT Services and IT Consulting,Privately Held,51-200,65,2011,Houston,Texas,US,Campaign #1 - Enterprise & Platforms (Casual Connections)
ModuleMD,https://www.linkedin.com/company/modulemd,modulemd.com,Hospitals and Health Care,Privately Held,51-200,130,1999,Remote,-,US,Campaign #1 - Enterprise & Platforms (Casual Connections)
AKASA,https://www.linkedin.com/company/akasahealth,akasa.com,Software Development,Privately Held,51-200,215,2019,South San Francisco,California,US,Campaign #1 - Enterprise & Platforms (Casual Connections)
Katz School of Science and Health,https://www.linkedin.com/school/katz-school,yu.edu,Higher Education,Educational Institution,51-200,120,-,New York,-,US,Campaign #1 - Enterprise & Platforms (Casual Connections)
Clootrack,https://www.linkedin.com/company/clootrack,clootrack.com,Technology; Information and Internet,Privately Held,51-200,98,2017,Claymont,Delaware,US,Campaign #1 - Enterprise & Platforms (Casual Connections)
Clearwater,https://www.linkedin.com/company/clearwater-security-llc,clearwatersecurity.com,Computer and Network Security,Privately Held,201-500,382,-,Nashville,Tennessee,US,Campaign #1 - Enterprise & Platforms (Casual Connections)
DocMatter,https://www.linkedin.com/company/docmatter,docmatter.com,Technology; Information and Internet,Privately Held,51-200,31,-,San Francisco,California,US,Campaign #1 - Enterprise & Platforms (Casual Connections)
CareSimple,https://www.linkedin.com/company/caresimple-rpm,caresimple.com,Hospitals and Health Care,Privately Held,51-200,27,2009,North Palm Beach,Florida,US,Campaign #1 - Enterprise & Platforms (Casual Connections)
SD Solutions,https://www.linkedin.com/company/sd-solutions,sdsolutions.tech,Staffing and Recruiting,Partnership,201-500,337,2016,Wilmington,Delaware,US,Campaign #1 - Enterprise & Platforms (Casual Connections)
"Infinitus Systems, Inc.",https://www.linkedin.com/company/infinitusai,infinitus.ai,Software Development,Privately Held,51-200,219,2019,San Francisco,California,US,Campaign #1 - Enterprise & Platforms (Casual Connections)
Copperpod AI,https://www.linkedin.com/company/copperpodai,copperpod.digital,IT Services and IT Consulting,Privately Held,51-200,81,-,Plainsboro,New Jersey,US,Campaign #1 - Enterprise & Platforms (Casual Connections)
JMJ Culture Transformation Consulting,https://www.linkedin.com/company/jmj-transformation,jmj.com,Business Consulting and Services,Privately Held,51-200,253,1987,Austin,Texas,US,Campaign #1 - Enterprise & Platforms (Casual Connections)
Vega,https://www.linkedin.com/company/vega-security-io,vega.io,Computer and Network Security,Privately Held,51-200,171,2024,-,-,US,Campaign #1 - Enterprise & Platforms (Casual Connections)
Covenant Technology Partners,https://www.linkedin.com/company/covenant-technology-partners,covenanttechnologypartners.com,IT Services and IT Consulting,Partnership,51-200,70,2004,St Louis,Missouri,US,Campaign #1 - Enterprise & Platforms (Casual Connections)
Tact.ai,https://www.linkedin.com/company/tact.ai,tact.ai,Software Development,Privately Held,51-200,30,2012,Sunnyvale,California,US,Campaign #1 - Enterprise & Platforms (Casual Connections)
Anterior,https://www.linkedin.com/company/anteriorai,anterior.com,Hospitals and Health Care,Privately Held,51-200,47,2023,New York City,-,US,Campaign #1 - Enterprise & Platforms (Casual Connections)
Linus Health,https://www.linkedin.com/company/linus-health,linushealth.com,Software Development,Privately Held,51-200,118,2019,Boston,Massachusetts,US,Campaign #1 - Enterprise & Platforms (Casual Connections)
Travancore Analytics,https://www.linkedin.com/company/travancore-analytics,travancoreanalytics.com,Software Development,Privately Held,201-500,218,2007,Tracy,California,US,Campaign #1 - Enterprise & Platforms (Casual Connections)
SphereGen,https://www.linkedin.com/company/spheregen,spheregen.com,Software Development,Privately Held,51-200,56,2007,New Haven,Connecticut,US,Campaign #1 - Enterprise & Platforms (Casual Connections)
Beaufort CRO,https://www.linkedin.com/company/beaufort-llc,beaufortcro.com,Research Services,Privately Held,51-200,73,2004,Virginia Beach,Virginia,US,Campaign #1 - Enterprise & Platforms (Casual Connections)
ALL4,https://www.linkedin.com/company/all4-inc-,all4inc.com,Environmental Services,Privately Held,201-500,368,2002,Kimberton,Pennsylvania,US,Campaign #1 - Enterprise & Platforms (Casual Connections)
Apixio,https://www.linkedin.com/company/apixio,apixio.com,Software Development,Privately Held,201-500,93,2009,San Mateo,California,US,Campaign #1 - Enterprise & Platforms (Casual Connections)
rbb Communications,https://www.linkedin.com/company/rbbcomm,rbbcommunications.com,Public Relations and Communications Services,Privately Held,51-200,94,1975,Miami,Florida,US,Campaign #1 - Enterprise & Platforms (Casual Connections)
TRS Healthcare,https://www.linkedin.com/company/trshealthcare,trshealthcare.com,Staffing and Recruiting,Privately Held,201-500,550,1996,Springdale,Arkansas,US,Campaign #1 - Enterprise & Platforms (Casual Connections)
Clearwave Corporation,https://www.linkedin.com/company/clearwave-corporation,clearwaveinc.com,IT Services and IT Consulting,Privately Held,51-200,122,2004,Atlanta,Georgia,US,Campaign #1 - Enterprise & Platforms (Casual Connections)
Rytsense Technologies,https://www.linkedin.com/company/rytsense,rytsensetech.com,Software Development,Privately Held,51-200,26,2016,California,California,US,Campaign #1 - Enterprise & Platforms (Casual Connections)
Better Therapeutics,https://www.linkedin.com/company/bettertx,bettertx.com,Biotechnology Research,Public Company,51-200,10,2015,San Francisco,California,US,Campaign #1 - Enterprise & Platforms (Casual Connections)
Mindoula,https://www.linkedin.com/company/mindoula,mindoula.com,Hospitals and Health Care,Privately Held,201-500,276,2013,Silver Spring,Maryland,US,Campaign #1 - Enterprise & Platforms (Casual Connections)
BOND.AI,https://www.linkedin.com/company/bond.ai,bond.ai,Technology; Information and Internet,Privately Held,51-200,62,2018,Little Rock,-,US,Campaign #1 - Enterprise & Platforms (Casual Connections)
AppliedVR,https://www.linkedin.com/company/appliedvr,appliedvr.io,Hospitals and Health Care,Privately Held,51-200,62,2015,Van Nuys,California,US,Campaign #1 - Enterprise & Platforms (Casual Connections)
Ellipsis Health,https://www.linkedin.com/company/ellipsis-health,ellipsishealth.com,Technology; Information and Internet,Privately Held,51-200,96,2017,San Francisco,California,US,Campaign #1 - Enterprise & Platforms (Casual Connections)
MINDS + ASSEMBLY,https://www.linkedin.com/company/minds-assembly,mna.co,Advertising Services,Privately Held,51-200,251,2015,New York,-,US,Campaign #1 - Enterprise & Platforms (Casual Connections)
Enlitic,https://www.linkedin.com/company/enlitic,enlitic.com,Hospitals and Health Care,Privately Held,51-200,39,2014,"Loveland,",Colorado,US,Campaign #1 - Enterprise & Platforms (Casual Connections)
East Valley Institute of Technology,https://www.linkedin.com/school/east-valley-institute-of-technology,evit.com,Technical and Vocational Training,Educational Institution,51-200,353,1991,Mesa,Arizona,US,Campaign #1 - Enterprise & Platforms (Casual Connections)
Mersive Technologies,https://www.linkedin.com/company/mersive,mersive.com,Information Technology and Services,Privately Held,51-200,59,2006,Lakewood,Colorado,US,Campaign #1 - Enterprise & Platforms (Casual Connections)
JPA Health,https://www.linkedin.com/company/jpa-health,jpa.com,Public Relations and Communications Services,Privately Held,51-200,92,2007,Washington,District of Columbia,US,Campaign #1 - Enterprise & Platforms (Casual Connections)
Kansas City Clinic Advisors,https://www.linkedin.com/company/kcc-advisors,kcclinicadvisors.com,Hospitals and Health Care,Privately Held,51-200,112,2024,Kansas,Kansas City (KS),US,Campaign #1 - Enterprise & Platforms (Casual Connections)
Founders Running Club,https://www.linkedin.com/company/foundersrc,foundersrc.com,Community Services,Nonprofit,51-200,76,2022,San Francisco,California,US,Campaign #1 - Enterprise & Platforms (Casual Connections)
Wellvana,https://www.linkedin.com/company/wellvanahealth,wellvana.com,Hospitals and Health Care,Privately Held,201-500,248,2018,Nashville,Tennessee,US,Campaign #1 - Enterprise & Platforms (Casual Connections)
Progatix,https://www.linkedin.com/company/progatix,progatix.com,IT System Custom Software Development,Privately Held,51-200,74,2002,Lake Mary,Florida,US,Campaign #1 - Enterprise & Platforms (Casual Connections)
Exafluence,https://www.linkedin.com/company/exafluence,exafluence.com,IT Services and IT Consulting,Privately Held,201-500,293,2015,South Brunswick,New Jersey,US,Campaign #1 - Enterprise & Platforms (Casual Connections)
BCC Research,https://www.linkedin.com/company/bccresearch,bccresearch.com,Market Research,Privately Held,51-200,223,1971,Boston,Massachusetts,US,Campaign #1 - Enterprise & Platforms (Casual Connections)
Front Desk Helpers CO,https://www.linkedin.com/company/frontdeskhelpers,frontdeskhelpers.com,Human Resources Services,Privately Held,51-200,108,2015,Old Bridge,New Jersey,US,Campaign #1 - Enterprise & Platforms (Casual Connections)
Intersoft KK,https://www.linkedin.com/company/intersoft-kk,intersoftkk.com,IT Services and IT Consulting,Privately Held,201-500,137,1999,Sunnyvale,California,US,Campaign #1 - Enterprise & Platforms (Casual Connections)
binah.ai,https://www.linkedin.com/company/binah-ai,binah.ai,Software Development,Privately Held,51-200,48,2016,Boston,Massachusetts,US,Campaign #1 - Enterprise & Platforms (Casual Connections)
eCommQuest,https://www.linkedin.com/company/ecommquest,ecommquest.com,IT Services and IT Consulting,Privately Held,51-200,25,2000,Atlanta,Georgia,US,Campaign #1 - Enterprise & Platforms (Casual Connections)
The Healthcare Insights,https://www.linkedin.com/company/the-healthcare-insights,thehealthcareinsights.com,Business Content,Public Company,51-200,6,-,"Meridian Parkway, Durham",North Carolina,US,Campaign #1 - Enterprise & Platforms (Casual Connections)
"1upHealth, Inc.",https://www.linkedin.com/company/1uphealth,1up.health,Software Development,Privately Held,51-200,113,2017,Boston,Massachusetts,US,Campaign #1 - Enterprise & Platforms (Casual Connections)
Care Logistics,https://www.linkedin.com/company/care-logistics,carelogistics.com,Hospitals and Health Care,Privately Held,51-200,73,2008,Alpharetta,Georgia,US,Campaign #1 - Enterprise & Platforms (Casual Connections)
CrowdGen,https://www.linkedin.com/company/crowdgenbyappen,crowdgen.com,Artificial Intelligence,Public Company,51-200,1951,2024,-,-,US,Campaign #1 - Enterprise & Platforms (Casual Connections)
REDCap Cloud,https://www.linkedin.com/company/redcapcloud,redcapcloud.com,Software Development,Privately Held,201-500,133,2016,Atlantic Beach,Florida,US,Campaign #1 - Enterprise & Platforms (Casual Connections)
"Athonet, acquired by Hewlett Packard Enterprise company in 2023",https://www.linkedin.com/company/athonet,arubanetworks.com,Telecommunications,Privately Held,51-200,22,2005,Houston,-,US,Campaign #1 - Enterprise & Platforms (Casual Connections)
Babson Diagnostics,https://www.linkedin.com/company/babsondx,betterway.com,Medical and Diagnostic Laboratories,Privately Held,51-200,57,2017,Austin,Texas,US,Campaign #1 - Enterprise & Platforms (Casual Connections)
"Datavault AI, Inc.",https://www.linkedin.com/company/datavault-ai-inc,datavaultsite.com,Technology; Information and Internet,Public Company,51-200,86,-,Philadelphia,Pennsylvania,US,Campaign #1 - Enterprise & Platforms (Casual Connections)
98point6 Technologies Inc.,https://www.linkedin.com/company/98point6-tech-inc,98point6.com,Software Development,Privately Held,51-200,63,2015,Seattle,Washington,US,Campaign #1 - Enterprise & Platforms (Casual Connections)
Neova Solutions,https://www.linkedin.com/company/neova-solutions,neovasolutions.com,Technology; Information and Internet,Privately Held,51-200,116,2007,Santa Clara,California,US,Campaign #1 - Enterprise & Platforms (Casual Connections)
UNC Hussman School of Journalism and Media,https://www.linkedin.com/school/unc-hussman-school-of-journalism-and-media,unc.edu,Higher Education,Educational Institution,51-200,159,1909,Chapel Hill,North Carolina,US,Campaign #1 - Enterprise & Platforms (Casual Connections)
SnapCare,https://www.linkedin.com/company/snap-care,snapcare.com,Hospitals and Health Care,Privately Held,201-500,640,-,Atlanta,Georgia,US,Campaign #1 - Enterprise & Platforms (Casual Connections)
iHealth Labs,https://www.linkedin.com/company/ihealth-labs,ihealthlabs.com,Retail Health and Personal Care Products,Privately Held,51-200,263,2010,Nationwide,-,US,Campaign #1 - Enterprise & Platforms (Casual Connections)
Digital Pharmacist Inc.,https://www.linkedin.com/company/digitalpharmacist,digitalpharmacist.com,Software Development,Privately Held,51-200,79,2010,Austin,Texas,US,Campaign #1 - Enterprise & Platforms (Casual Connections)
Texas Public Policy Foundation,https://www.linkedin.com/company/texas-public-policy-foundation,texaspolicy.com,Public Policy Offices,Nonprofit,51-200,117,1989,Austin,Texas,US,Campaign #1 - Enterprise & Platforms (Casual Connections)
MyHealthTeam,https://www.linkedin.com/company/myhealthteam,myhealthteam.com,Technology; Information and Internet,Privately Held,201-500,130,2012,San Francisco,California,US,Campaign #1 - Enterprise & Platforms (Casual Connections)
OSP,https://www.linkedin.com/company/osplabs,osplabs.com,Software Development,Privately Held,51-200,506,2009,Dallas,Texas,US,Campaign #1 - Enterprise & Platforms (Casual Connections)
"CoreSphere, LLC",https://www.linkedin.com/company/coresphere-llc,coresphere.com,IT Services and IT Consulting,Privately Held,51-200,63,2003,Bethesda,Maryland,US,Campaign #1 - Enterprise & Platforms (Casual Connections)
bld.ai,https://www.linkedin.com/company/bldai,bld.ai,Technology; Information and Internet,Privately Held,201-500,119,2017,Boca Raton,-,US,Campaign #1 - Enterprise & Platforms (Casual Connections)
"Safe T Professionals, LLC",https://www.linkedin.com/company/safe-t-professionals,safetpros.com,Staffing and Recruiting,Privately Held,51-200,128,2011,Chandler,Arizona,US,Campaign #1 - Enterprise & Platforms (Casual Connections)
G1 GLOBAL,https://www.linkedin.com/company/g1gobalitservices-llp,raytex.co.in,IT Services and IT Consulting,Privately Held,51-200,59,2004,New Hope,Pennsylvania,US,Campaign #1 - Enterprise & Platforms (Casual Connections)
ConcertoCare,https://www.linkedin.com/company/concertocare,concertocare.com,Hospitals and Health Care,Privately Held,201-500,361,2015,New York,New York,US,Campaign #1 - Enterprise & Platforms (Casual Connections)
VIDIZMO.AI,https://www.linkedin.com/company/vidizmo,vidizmo.ai,IT Services and IT Consulting,Privately Held,51-200,80,2009,Tysons,Virginia,US,Campaign #1 - Enterprise & Platforms (Casual Connections)
Citrusbug Technolabs,https://www.linkedin.com/company/citrusbug,citrusbug.com,IT Services and IT Consulting,Privately Held,51-200,76,2013,Itasca,Illinois,US,Campaign #1 - Enterprise & Platforms (Casual Connections)
NeuroFlow,https://www.linkedin.com/company/neuroflow,neuroflow.com,Mental Health Care,Privately Held,51-200,180,2017,Philadelphia,Pennsylvania,US,Campaign #1 - Enterprise & Platforms (Casual Connections)
ResourceXperts,https://www.linkedin.com/company/resourcexperts,resourcexperts.com,Information Technology and Services,Privately Held,51-200,4,2001,Garden Grove,California,US,Campaign #1 - Enterprise & Platforms (Casual Connections)
Rutgers University School of Communication and Information,https://www.linkedin.com/school/rutgers-university-school-of-communication-and-information,rutgers.edu,Higher Education,Educational Institution,201-500,223,1982,New Brunswick,New Jersey,US,Campaign #1 - Enterprise & Platforms (Casual Connections)
VitalConnect,https://www.linkedin.com/company/vitalconnect,vitalconnect.com,Medical Equipment Manufacturing,Privately Held,51-200,192,2011,San Jose,California,US,Campaign #1 - Enterprise & Platforms (Casual Connections)
SunnyData,https://www.linkedin.com/company/sunnydata,sunnydata.ai,IT Services and IT Consulting,Privately Held,51-200,162,-,Minneapolis,Minnesota,US,Campaign #1 - Enterprise & Platforms (Casual Connections)
PROPELLER,https://www.linkedin.com/company/propeller-communications-inc-,propellercommunicates.com,Advertising Services,Privately Held,51-200,145,2006,Summit,New Jersey,US,Campaign #1 - Enterprise & Platforms (Casual Connections)
Circulo Health,https://www.linkedin.com/company/circulohealth,circulohealth.com,Insurance,Privately Held,51-200,77,2020,Columbus,Ohio,US,Campaign #1 - Enterprise & Platforms (Casual Connections)
Sullivan Higdon & Sink,https://www.linkedin.com/company/shs,wehatesheep.com,Advertising Services,Privately Held,51-200,379,1971,Kansas City,Missouri,US,Campaign #1 - Enterprise & Platforms (Casual Connections)
Elfie,https://www.linkedin.com/company/elfieco,elfie.co,Public Health,Privately Held,51-200,115,2020,New York,New York,US,Campaign #1 - Enterprise & Platforms (Casual Connections)
"Brighterion, a Mastercard Company",https://www.linkedin.com/company/brighterion,mastercard.com,Software Development,Privately Held,51-200,32,-,San Francisco,California,US,Campaign #1 - Enterprise & Platforms (Casual Connections)
"Conquest Healthcare Solutions, LLC",https://www.linkedin.com/company/conquest-healthcare-solutions-llc,conquest-hs.com,Business Consulting and Services,Privately Held,51-200,8,-,Fort Worth,Texas,US,Campaign #1 - Enterprise & Platforms (Casual Connections)
"QliqSOFT, Inc.",https://www.linkedin.com/company/qliqsoft,qliqsoft.com,Hospitals and Health Care,Privately Held,51-200,21,2011,Dallas,Texas,US,Campaign #1 - Enterprise & Platforms (Casual Connections)
GlobalMed,https://www.linkedin.com/company/globalmed-digitalhealth,globalmed.com,Hospitals and Health Care,Privately Held,51-200,167,2002,Scottsdale,Arizona,US,Campaign #1 - Enterprise & Platforms (Casual Connections)
Zenon,https://www.linkedin.com/company/zenonai,zenon.ai,IT Services and IT Consulting,Privately Held,51-200,115,2018,-,New York,US,Campaign #1 - Enterprise & Platforms (Casual Connections)
Propeller Health,https://www.linkedin.com/company/propellerhealth,propellerhealth.com,Medical Equipment Manufacturing,Privately Held,51-200,8,2010,San Diego,California,US,Campaign #1 - Enterprise & Platforms (Casual Connections)
Xealth - A Samsung Company,https://www.linkedin.com/company/xealth,xealth.com,Hospitals and Health Care,Privately Held,51-200,75,2017,Seattle,Washington,US,Campaign #1 - Enterprise & Platforms (Casual Connections)
HealthCentral,https://www.linkedin.com/company/healthcentral-corp,healthcentralcorp.com,Technology; Information and Internet,Privately Held,51-200,188,1994,New York,New York,US,Campaign #1 - Enterprise & Platforms (Casual Connections)
LTVplus,https://www.linkedin.com/company/ltvplus,ltvplus.com,Outsourcing and Offshoring Consulting,Partnership,201-500,238,-,Brandon,Florida,US,Campaign #1 - Enterprise & Platforms (Casual Connections)
GrowByData,https://www.linkedin.com/company/growbydata,growbydata.com,Technology; Information and Internet,Privately Held,51-200,76,2014,Lexington,Massachusetts,US,Campaign #1 - Enterprise & Platforms (Casual Connections)
ReferWell,https://www.linkedin.com/company/referwell,referwell.com,Hospitals and Health Care,Privately Held,51-200,66,2015,Stamford,Connecticut,US,Campaign #1 - Enterprise & Platforms (Casual Connections)
Magical,https://www.linkedin.com/company/getmagical,getmagical.com,Software Development,Privately Held,51-200,133,2020,San Francisco,-,US,Campaign #1 - Enterprise & Platforms (Casual Connections)
CODETRU,https://www.linkedin.com/company/codetru,codetru.com,IT Services and IT Consulting,Privately Held,201-500,103,2018,Temple Terrace,Florida,US,Campaign #1 - Enterprise & Platforms (Casual Connections)
EarlySense,https://www.linkedin.com/company/earlysense,earlysense.com,Medical Equipment Manufacturing,Privately Held,51-200,20,2004,Woburn,Massachusetts,US,Campaign #1 - Enterprise & Platforms (Casual Connections)
SmartSense by Digi,https://www.linkedin.com/company/smartsense-by-digi,smartsense.co,IT Services and IT Consulting,Public Company,51-200,132,2005,Boston,Massachusetts,US,Campaign #1 - Enterprise & Platforms (Casual Connections)
Ancient | The Wisdom of Technology,https://www.linkedin.com/company/ancient-tech,ancient.global,IT Services and IT Consulting,Privately Held,51-200,73,2010,Austin,Texas,US,Campaign #1 - Enterprise & Platforms (Casual Connections)
Sleep.ai,https://www.linkedin.com/company/getsleepai,sleepscore.com,Information Services,Privately Held,51-200,45,2017,Carlsbad,California,US,Campaign #1 - Enterprise & Platforms (Casual Connections)
Aptar Digital Health,https://www.linkedin.com/company/aptardigitalhealth,aptardigitalhealth.com,Medical Equipment Manufacturing,Public Company,51-200,113,2021,Congers,New York,US,Campaign #1 - Enterprise & Platforms (Casual Connections)
Adcetera,https://www.linkedin.com/company/adcetera,adcetera.com,Advertising Services,Privately Held,51-200,72,1982,Houston,Texas,US,Campaign #1 - Enterprise & Platforms (Casual Connections)
Technical Career Institutes,https://www.linkedin.com/school/technical-career-institutes,tcicollege.edu,Higher Education,Educational Institution,201-500,230,1909,New York,New York,US,Campaign #1 - Enterprise & Platforms (Casual Connections)
Heal,https://www.linkedin.com/company/healapp,heal.com,Hospitals and Health Care,Privately Held,201-500,334,2014,Los Angeles,California,US,Campaign #1 - Enterprise & Platforms (Casual Connections)
Waverley Software,https://www.linkedin.com/company/waverley-software,waverleysoftware.com,IT Services and IT Consulting,Privately Held,201-500,190,1992,Palo Alto,California,US,Campaign #1 - Enterprise & Platforms (Casual Connections)
iScribeHealth,https://www.linkedin.com/company/iscribehealth,iscribehealth.com,Software Development,Privately Held,51-200,62,2015,Nashville,Tennessee,US,Campaign #1 - Enterprise & Platforms (Casual Connections)
Ribbon Health (now H1),https://www.linkedin.com/company/ribbonhealth,h1.co,Software Development,Privately Held,51-200,17,2016,New York,-,US,Campaign #1 - Enterprise & Platforms (Casual Connections)
ReflexAI,https://www.linkedin.com/company/reflexai,reflexai.com,Technology; Information and Internet,Privately Held,51-200,55,2022,New York City,New York,US,Campaign #1 - Enterprise & Platforms (Casual Connections)
"3Core Systems, Inc",https://www.linkedin.com/company/3core-systems-inc,3coresystems.com,Software Development,Privately Held,51-200,52,2004,Austin,Texas,US,Campaign #1 - Enterprise & Platforms (Casual Connections)
"BioIntelliSense, Inc",https://www.linkedin.com/company/biointellisense,biointellisense.com,Medical Device,Privately Held,51-200,81,-,Denver,Colorado,US,Campaign #1 - Enterprise & Platforms (Casual Connections)
Amnet Digital,https://www.linkedin.com/company/amnet-digital,amnetdigital.com,IT Services and IT Consulting,Privately Held,201-500,267,2016,Austin,Texas,US,Campaign #1 - Enterprise & Platforms (Casual Connections)
Truemed,https://www.linkedin.com/company/truemedpayments,truemed.com,Financial Services,Privately Held,51-200,91,2022,Austin,Texas,US,Campaign #1 - Enterprise & Platforms (Casual Connections)
Mynx Softwares,https://www.linkedin.com/company/mynx-softwares,mynxsoftwares.com,Software Development,Public Company,51-200,46,2022,Dallas,Texas,US,Campaign #1 - Enterprise & Platforms (Casual Connections)
CogniFit,https://www.linkedin.com/company/cognifit,cognifit.com,Wellness and Fitness Services,Privately Held,51-200,61,1999,San Francisco,California,US,Campaign #1 - Enterprise & Platforms (Casual Connections)
Lektik,https://www.linkedin.com/company/lektik,lektik.com,IT Services and IT Consulting,Partnership,51-200,56,2020,Hollywood,Florida,US,Campaign #1 - Enterprise & Platforms (Casual Connections)
Exponential AI,https://www.linkedin.com/company/exponential-ai,exponentialai.com,Software Development,Privately Held,51-200,128,2016,Atlanta,Georgia,US,Campaign #1 - Enterprise & Platforms (Casual Connections)
NowPow (Now part of Unite Us),https://www.linkedin.com/company/nowpow,nowpow.com,IT Services and IT Consulting,Privately Held,51-200,6,2015,Chicago,Illinois,US,Campaign #1 - Enterprise & Platforms (Casual Connections)
AMPS,https://www.linkedin.com/company/poweredbyamps,amps.com,Insurance,Privately Held,201-500,292,2005,Phoenix,Arizona,US,Campaign #1 - Enterprise & Platforms (Casual Connections)
Prakat Solutions,https://www.linkedin.com/company/prakatsolutions,prakat.com,Information Technology and Services,Privately Held,51-200,167,2009,Escondido,California,US,Campaign #1 - Enterprise & Platforms (Casual Connections)
Vumedi,https://www.linkedin.com/company/vumedi-inc,vumedi.com,Software Development,Privately Held,201-500,285,2008,Oakland,California,US,Campaign #1 - Enterprise & Platforms (Casual Connections)
EnsoData,https://www.linkedin.com/company/ensodata,ensodata.com,Hospitals and Health Care,Privately Held,51-200,85,2015,Madison,Wisconsin,US,Campaign #1 - Enterprise & Platforms (Casual Connections)
Intellivon,https://www.linkedin.com/company/intellivon,intellivon.com,IT Services and IT Consulting,Privately Held,51-200,25,2017,Middletown,Delaware,US,Campaign #1 - Enterprise & Platforms (Casual Connections)
CTI DATA,https://www.linkedin.com/company/ctidata,ctidata.com,Data Infrastructure and Analytics,Privately Held,51-200,106,1994,Burlington,Massachusetts,US,Campaign #1 - Enterprise & Platforms (Casual Connections)
Inno Valley Works,https://www.linkedin.com/company/inno-valley-works,innovalleyworks.com,IT Services and IT Consulting,Privately Held,51-200,158,2018,Wilmington,Delaware,US,Campaign #1 - Enterprise & Platforms (Casual Connections)
RAVSoft Solutions Inc.,https://www.linkedin.com/company/ravsoft-solutions,ravsoftsolutions.com,IT Services and IT Consulting,Privately Held,51-200,136,1998,McLean,Virginia,US,Campaign #1 - Enterprise & Platforms (Casual Connections)
MDaudit,https://www.linkedin.com/company/mdaudit-software,mdaudit.com,Hospitals and Health Care,Privately Held,51-200,113,1993,Waltham,Massachusetts,US,Campaign #1 - Enterprise & Platforms (Casual Connections)
Avive Solutions Inc.,https://www.linkedin.com/company/avivesolutionsinc,avive.life,Medical Equipment Manufacturing,Privately Held,51-200,153,2017,Brisbane,California,US,Campaign #1 - Enterprise & Platforms (Casual Connections)
Shivsys Inc.,https://www.linkedin.com/company/shivsyssoftwaresprivatelimited,shivsys.com,IT Services and IT Consulting,Public Company,51-200,10,2021,NORTH WALES,Pennsylvania,US,Campaign #1 - Enterprise & Platforms (Casual Connections)
Saisystems Health,https://www.linkedin.com/company/saisyshealth,saisystems.com,Hospitals and Health Care,Privately Held,201-500,305,1987,Shelton,Connecticut,US,Campaign #1 - Enterprise & Platforms (Casual Connections)
SpinSci Technologies LLC,https://www.linkedin.com/company/spinsci-technologies-llc,spinsci.com,Information Technology and Services,Privately Held,51-200,173,2005,Dallas,Texas,US,Campaign #1 - Enterprise & Platforms (Casual Connections)
FitOn,https://www.linkedin.com/company/fitonapp,fitonhealth.com,Wellness and Fitness Services,Privately Held,51-200,106,2018,Los Angeles,California,US,Campaign #1 - Enterprise & Platforms (Casual Connections)
manatee,https://www.linkedin.com/company/getmanatee,getmanatee.com,Mental Health Care,Privately Held,51-200,70,2019,Alameda,California,US,Campaign #1 - Enterprise & Platforms (Casual Connections)
NinjaPromo: Your All-In-One Marketing Solution,https://www.linkedin.com/company/ninjapromo,ninjapromo.io,Advertising Services,Partnership,201-500,124,2017,New York,New York,US,Campaign #1 - Enterprise & Platforms (Casual Connections)
"McCann Health New Jersey, an IPG Health Company",https://www.linkedin.com/company/mhnj,linkedin.com,Advertising Services,Public Company,201-500,80,-,Parsippany,New Jersey,US,Campaign #1 - Enterprise & Platforms (Casual Connections)
Codeword,https://www.linkedin.com/company/codeword,codewordagency.com,Advertising Services,Privately Held,51-200,102,-,New York,New York,US,Campaign #1 - Enterprise & Platforms (Casual Connections)
Spark Infotech,https://www.linkedin.com/company/sparkinfotech,sparkinfotech.com,IT Services and IT Consulting,Privately Held,51-200,37,-,Scottsdale,Arizona,US,Campaign #1 - Enterprise & Platforms (Casual Connections)
UROLIME,https://www.linkedin.com/company/urolime,urolime.com,IT Services and IT Consulting,Privately Held,51-200,93,2011,Dallas,Texas,US,Campaign #1 - Enterprise & Platforms (Casual Connections)
Nym,https://www.linkedin.com/company/nym,nym.health,Hospitals and Health Care,Privately Held,51-200,277,2018,-,New York,US,Campaign #1 - Enterprise & Platforms (Casual Connections)
mindZvue,https://www.linkedin.com/company/mindzvue,mindzvue.com,IT Services and IT Consulting,Privately Held,51-200,100,2016,Plano,Texas,US,Campaign #1 - Enterprise & Platforms (Casual Connections)
RevDemand Inc,https://www.linkedin.com/company/revdemand-inc,revdemand.io,Marketing Services,Privately Held,51-200,19,2019,Wilmington,Delaware,US,Campaign #1 - Enterprise & Platforms (Casual Connections)
Charles River Analytics,https://www.linkedin.com/company/charles-river-analytics,cra.com,Software Development,Privately Held,51-200,133,1983,Cambridge,Massachusetts,US,Campaign #1 - Enterprise & Platforms (Casual Connections)
CUBE84,https://www.linkedin.com/company/cube84inc,cube84.com,IT Services and IT Consulting,Privately Held,51-200,188,2014,Arlington,Virginia,US,Campaign #1 - Enterprise & Platforms (Casual Connections)
Icario,https://www.linkedin.com/company/icario,icariohealth.com,Hospitals and Health Care,Privately Held,201-500,184,-,Minneapolis,Minnesota,US,Campaign #1 - Enterprise & Platforms (Casual Connections)
InstaLILY AI,https://www.linkedin.com/company/instalily,instalily.ai,Software Development,Privately Held,51-200,157,2023,New York,New York,US,Campaign #1 - Enterprise & Platforms (Casual Connections)
NTT RESEARCH,https://www.linkedin.com/company/ntt-research,ntt-research.com,Research,Public Company,201-500,102,-,Sunnyvale,California,US,Campaign #1 - Enterprise & Platforms (Casual Connections)
UB Technology Innovations (UBTI),https://www.linkedin.com/company/ubti,ubtiinc.com,IT Services and IT Consulting,Privately Held,201-500,246,1996,Anaheim,California,US,Campaign #1 - Enterprise & Platforms (Casual Connections)
Title Nine,https://www.linkedin.com/company/title-nine,titlenine.com,Retail,Privately Held,201-500,194,1989,Emeryville,California,US,Campaign #1 - Enterprise & Platforms (Casual Connections)
Wildflower Health,https://www.linkedin.com/company/wildflowerhealth,wildflowerhealth.com,Hospitals and Health Care,Privately Held,51-200,70,2012,San Francisco,California,US,Campaign #1 - Enterprise & Platforms (Casual Connections)
FitPeo,https://www.linkedin.com/company/fitpeo,fitpeo.com,Technology; Information and Internet,Privately Held,51-200,25,2021,Miami,Florida,US,Campaign #1 - Enterprise & Platforms (Casual Connections)
"Avail Medsystems has moved to Mendaera, Inc.",https://www.linkedin.com/company/avail-medsystems,avail.io,Medical Equipment Manufacturing,Privately Held,51-200,25,2018,Santa Clara,California,US,Campaign #1 - Enterprise & Platforms (Casual Connections)
Post Acute Analytics,https://www.linkedin.com/company/post-acute-analytics-llc,paanalytics.com,Hospitals and Health Care,Privately Held,51-200,81,2014,Lewisville,Texas,US,Campaign #1 - Enterprise & Platforms (Casual Connections)
COSENTUS,https://www.linkedin.com/company/cosentus-llc,cosentus.com,Hospitals and Health Care,Privately Held,201-500,251,2000,Irvine,California,US,Campaign #1 - Enterprise & Platforms (Casual Connections)
Trinity Christian College,https://www.linkedin.com/school/trinity-christian-college,trnty.edu,Higher Education,Educational Institution,51-200,427,1959,Palos Heights,Illinois,US,Campaign #1 - Enterprise & Platforms (Casual Connections)
Digital Wave Technology,https://www.linkedin.com/company/digitalwavetechnology,digitalwavetechnology.com,Software Development,Privately Held,51-200,101,-,Ponte Vedra Beach,Florida,US,Campaign #1 - Enterprise & Platforms (Casual Connections)
Chasm Partners,https://www.linkedin.com/company/chasm-partners,chasmpartners.com,Staffing and Recruiting,Privately Held,51-200,39,2015,Rowayton,Connecticut,US,Campaign #1 - Enterprise & Platforms (Casual Connections)
Covasant,https://www.linkedin.com/company/covasant,covasant.com,Business Consulting and Services,Privately Held,201-500,266,2024,Little Elm,Texas,US,Campaign #1 - Enterprise & Platforms (Casual Connections)
CVS Media Exchange (CMX),https://www.linkedin.com/company/cvsmediaexchange,cvsmediaexchange.com,Advertising Services,Public Company,51-200,149,2020,Woonsocket,Rhode Island,US,Campaign #1 - Enterprise & Platforms (Casual Connections)
"Cadent, powered by Syneos Health",https://www.linkedin.com/company/cadent-medical-communications,cadentmedcomms.com,Pharmaceutical Manufacturing,Public Company,51-200,121,-,New York,New York,US,Campaign #1 - Enterprise & Platforms (Casual Connections)
ConvergeHEALTH by Deloitte,https://www.linkedin.com/company/deloitteconvergehealth,converge-health.com,Hospitals and Health Care,Privately Held,201-500,63,2014,Boston,Massachusetts,US,Campaign #1 - Enterprise & Platforms (Casual Connections)
LogicHive®,https://www.linkedin.com/company/logichive-global,logichive.in,Engineering Services,Privately Held,51-200,46,2014,Delaware,-,US,Campaign #1 - Enterprise & Platforms (Casual Connections)
Amalgam Rx,https://www.linkedin.com/company/amalgamrx,amalgamrx.com,Medical Equipment Manufacturing,Privately Held,51-200,56,2016,Wilmington,Delaware,US,Campaign #1 - Enterprise & Platforms (Casual Connections)
Cadient,https://www.linkedin.com/company/cadient-talent,hubspot.com,Software Development,Privately Held,51-200,62,2019,Morrisville,North Carolina,US,Campaign #1 - Enterprise & Platforms (Casual Connections)
Findability Sciences,https://www.linkedin.com/company/findability-sciences,findability.ai,IT Services and IT Consulting,Privately Held,51-200,151,2018,Boston,Massachusetts,US,Campaign #1 - Enterprise & Platforms (Casual Connections)
OLOID,https://www.linkedin.com/company/oloid-ai,oloid.ai,Software Development,Privately Held,51-200,81,2019,Sunnyvale,California,US,Campaign #1 - Enterprise & Platforms (Casual Connections)
ProProfs,https://www.linkedin.com/company/proprofs,proprofs.com,Software Development,Privately Held,201-500,213,-,Santa Monica,Calfornia,US,Campaign #1 - Enterprise & Platforms (Casual Connections)
Quake Global,https://www.linkedin.com/company/quake-global,quakeglobal.com,Telecommunications,Privately Held,51-200,63,1998,San Diego,California,US,Campaign #1 - Enterprise & Platforms (Casual Connections)
Avenir Digital Inc,https://www.linkedin.com/company/avenir-digita,avenirdigital.ai,IT Services and IT Consulting,Privately Held,201-500,75,2005,Raleigh,North Carolina,US,Campaign #1 - Enterprise & Platforms (Casual Connections)
Nsight Health,https://www.linkedin.com/company/nsight-health,nsightcare.com,Hospitals and Health Care,Privately Held,201-500,199,2018,Miami,Florida,US,Campaign #1 - Enterprise & Platforms (Casual Connections)
TrueCare24,https://www.linkedin.com/company/truecare24,truecare24.com,IT Services and IT Consulting,Privately Held,51-200,54,2015,San Francisco,California,US,Campaign #1 - Enterprise & Platforms (Casual Connections)
Pluto7,https://www.linkedin.com/company/pluto7,pluto7.com,Software Development,Privately Held,51-200,44,2005,Milpitas,California,US,Campaign #1 - Enterprise & Platforms (Casual Connections)
Ontrak Health,https://www.linkedin.com/company/ontrak-health,ontrakhealth.com,Mental Health Care,Public Company,201-500,117,2003,Henderson,Nevada,US,Campaign #1 - Enterprise & Platforms (Casual Connections)
A5,https://www.linkedin.com/company/a5corp,a5corp.com,Information Technology and Services,Privately Held,201-500,282,2004,Pleasanton,California,US,Campaign #1 - Enterprise & Platforms (Casual Connections)
Waymark,https://www.linkedin.com/company/waymark-care,waymarkcare.com,Hospitals and Health Care,Privately Held,51-200,132,2021,San Francisco,California,US,Campaign #1 - Enterprise & Platforms (Casual Connections)
InfoTrust,https://www.linkedin.com/company/infotrust-llc,infotrust.com,Advertising Services,Privately Held,51-200,167,2010,Cincinnati,Ohio,US,Campaign #1 - Enterprise & Platforms (Casual Connections)
Fortress Brand,https://www.linkedin.com/company/frontrowgroup,fortressbrand.com,Retail,Privately Held,201-500,22,-,New York,New York,US,Campaign #1 - Enterprise & Platforms (Casual Connections)
Wellframe,https://www.linkedin.com/company/wellframe,healthedge.com,Hospitals and Health Care,Privately Held,51-200,46,2011,Boston,Massachusetts,US,Campaign #1 - Enterprise & Platforms (Casual Connections)
WebTeb ويب طب,https://www.linkedin.com/company/webteb-ltd,webteb.com,Software Development,Privately Held,51-200,106,2011,Amman,Amman Governorate,US,Campaign #1 - Enterprise & Platforms (Casual Connections)
Caption Health,https://www.linkedin.com/company/caption-health,captionhealth.com,Hospitals and Health Care,Public Company,51-200,42,2013,San Mateo,California,US,Campaign #1 - Enterprise & Platforms (Casual Connections)
Digital Watchdog®,https://www.linkedin.com/company/digital-watchdog,digital-watchdog.com,Security and Investigations,Privately Held,51-200,96,1987,Cerritos,California,US,Campaign #1 - Enterprise & Platforms (Casual Connections)
Taction Software®,https://www.linkedin.com/company/taction-software-llc,tactionsoft.com,Information Technology and Services,Privately Held,201-500,33,2012,Chicago,Illinois,US,Campaign #1 - Enterprise & Platforms (Casual Connections)
Lirio,https://www.linkedin.com/company/lirio,lirio.com,Technology; Information and Internet,Privately Held,51-200,113,2016,Knoxville,Tennessee,US,Campaign #1 - Enterprise & Platforms (Casual Connections)
BioMatrix Infusion Pharmacy,https://www.linkedin.com/company/biomatrixsprx,biomatrixsprx.com,Hospitals and Health Care,Privately Held,201-500,284,2001,Plantation,Florida,US,Campaign #1 - Enterprise & Platforms (Casual Connections)
N2 Services Inc,https://www.linkedin.com/company/n2servicesinc,n2sglobal.com,IT Services and IT Consulting,Partnership,201-500,89,2004,Jacksonville,Florida,US,Campaign #1 - Enterprise & Platforms (Casual Connections)
"Element Science, Inc.",https://www.linkedin.com/company/element-science-inc-,elementscience.com,Medical Equipment Manufacturing,Privately Held,51-200,89,2013,San Francisco,California,US,Campaign #1 - Enterprise & Platforms (Casual Connections)
Wondr Health,https://www.linkedin.com/company/wondrhealth,wondrhealth.com,Wellness and Fitness Services,Privately Held,51-200,120,2007,Dallas,Texas,US,Campaign #1 - Enterprise & Platforms (Casual Connections)
Brundage Group,https://www.linkedin.com/company/brundagegroup,brundagegroup.com,Hospitals and Health Care,Privately Held,51-200,163,2007,Pinellas Park,Florida,US,Campaign #1 - Enterprise & Platforms (Casual Connections)
Octalsoft LLC,https://www.linkedin.com/company/octalsoft,octalsoft.com,Software Development,Privately Held,51-200,71,2007,Herndon,Virginia,US,Campaign #1 - Enterprise & Platforms (Casual Connections)
