company_linkedin_tag,name,domain,hq_country,size_band,verdict,payroll_service_confirmed,segment,evidence_url,evidence_quote,evidence_quality,reason,signals,notes,prior_segment,prior_confidence
mha-uk,MHA,mha.co.uk,GB,1001-5000,QUALIFIED,True,accountancy-practice-payroll,https://www.mha.co.uk/services/outsourcing/payroll,We provide a fully managed payroll service.,strong,-,-,-,accountancy-practice-payroll,medium
tax-consultant,Tax Consultant,-,GB,1001-5000,LIKELY,False,accountancy-practice-payroll,-,-,none,-,-,No domain on record; general accountancy practice per LinkedIn description. Website not identifiable.,accountancy-practice-payroll,medium
nessun-commento,Nessun Commento,-,GB,1001-5000,LIKELY,False,accountancy-practice-payroll,-,-,none,-,-,Placeholder LinkedIn name 'Nessun Commento'; description is an accountancy firm. No domain to verify.,accountancy-practice-payroll,high
grant-thornton-ireland,Grant Thornton Ireland,grantthornton.ie,IE,1001-5000,QUALIFIED,True,accountancy-practice-payroll,https://www.grantthornton.ie/service/audit/corporate-accounting-and-outsourcing/outsourced-payroll/,"Consider outsourcing payroll for efficient management of non-core tasks, allowing you to focus on essential aspects of your business.",strong,-,-,Republic of Ireland - in scope.,accountancy-practice-payroll,medium
swgroupireland,S&W Ireland,evelyn.com,IE,1001-5000,QUALIFIED,True,accountancy-practice-payroll,https://www.swgroup.com/ie/services/,-,weak,-,"change of ownership - Evelyn Partners professional services acquired by Apax, rebranded S&W in 2025",Recorded domain evelyn.com is legacy; live site is swgroup.com/ie. Business outsourcing incl. payroll for clients.,accountancy-practice-payroll,medium
brewin-dolphin,RBC Brewin Dolphin,brewin.co.uk,GB,1001-5000,DISQUALIFIED,False,,-,-,none,Wealth manager / investment management and financial planning firm (IFA-type). Does not process payroll for client organisations.,-,-,accountancy-practice-payroll,medium
cooper-parry,Cooper Parry,cooperparry.com,GB,1001-5000,QUALIFIED,True,accountancy-practice-payroll,https://www.cooperparry.com/people/linda-bowley/,I head up the payroll team at Cooper Parry managing a great team of people. We have over 1200 payroll clients,strong,-,-,1200+ payroll clients.,accountancy-practice-payroll,medium
saffery,Saffery,saffery.com,GB,1001-5000,QUALIFIED,True,accountancy-practice-payroll,https://www.saffery.com/our-services/payroll-services/,Our team of payroll experts provide a full and integrated service to a wide range of clients operating large and small payrolls.,strong,-,-,-,accountancy-practice-payroll,medium
tc-group3,TC Group,tc-group.com,GB,1001-5000,QUALIFIED,True,accountancy-practice-payroll,https://www.tc-group.com/outsourcing-payroll/,Businesses of all sizes can benefit from ou[tsourcing],strong,-,acquisitive - partner firm roll-up model,-,accountancy-practice-payroll,medium
menzies-llp,Menzies LLP,menzies.co.uk,GB,1001-5000,QUALIFIED,True,accountancy-practice-payroll,https://www.menzies.co.uk/services/employer-solutions/outsourced-payroll/,Menzies offers specialist support ranging from a payroll bureau to global workforce planning.,strong,-,-,-,accountancy-practice-payroll,high
pkf-international-limited,PKF Global,pkf.com,GB,501-1000,DISQUALIFIED,False,,-,-,none,"Network head office (PKF Global) - a membership network of legally independent member firms; payroll is delivered by the member firms, not this entity.",-,"Individual PKF member firms (e.g. PKF Littlejohn, PKF Smith Cooper) are separate prospects.",accountancy-practice-payroll,medium
johnston-carmichael-chartered-accountants-and-business-advisers,Johnston Carmichael Chartered Accountants and Business Advisers,johnstoncarmichael.com,GB,501-1000,QUALIFIED,True,accountancy-practice-payroll,https://johnstoncarmichael.com/our-services/payroll-services/,Our expert team is on hand to deliver a range of payroll ser[vices],strong,-,-,-,accountancy-practice-payroll,medium
dunn-motor-traction-ltd-t-a-yourbus,Looking for new opportunities,-,GB,501-1000,LIKELY,False,accountancy-practice-payroll,-,-,none,-,-,Placeholder LinkedIn name; description is an accountancy practice serving sole traders and SMEs. No domain to verify.,accountancy-practice-payroll,medium
francis-clark-chartered-accountants,PKF-Francis Clark Chartered accountants & business advisers,pkf-francisclark.co.uk,GB,501-1000,QUALIFIED,True,accountancy-practice-payroll,https://pkf-francisclark.co.uk/services/payroll-bureau/payroll-services-poole/,"Our Poole payroll team work with 600 employers to deliver over 18,000 payrolls every month.",strong,-,-,Dedicated payroll brand: FC Payroll Solutions.,accountancy-practice-payroll,medium
kaplan_uk,Kaplan UK,kaplan.co.uk,GB,501-1000,DISQUALIFIED,False,,-,-,none,Professional training and education provider (accountancy/tax qualifications and apprenticeships). Does not process payroll for client organisations.,-,-,accountancy-practice-payroll,medium
littlejohn,PKF Littlejohn,pkf-l.com,GB,501-1000,QUALIFIED,True,accountancy-practice-payroll,https://www.pkf-l.com/services/business-solutions/payroll/,Our purpose is to provide you with an efficient and professional payroll service with a focus on impeccable payroll accuracy and reduced compliance risk.,strong,-,-,-,accountancy-practice-payroll,medium
haysmac,HaysMac,haysmac.com,GB,501-1000,QUALIFIED,True,accountancy-practice-payroll,https://haysmac.com/wp-content/uploads/2025/01/HaysMac-outsourcing-pricing-1.pdf,Monthly payroll (up to 5 employees),strong,-,-,Payroll sold within packaged outsourcing plans.,accountancy-practice-payroll,medium
kreston-reeves,Kreston Reeves,krestonreeves.com,GB,501-1000,QUALIFIED,True,accountancy-practice-payroll,https://www.krestonreeves.com/business/accounts-outsourcing/payroll/,"Managed payroll service providers in London, Kent and Sussex",strong,-,new payroll portal launched Sept 2025 - active investment in payroll tech,-,accountancy-practice-payroll,medium
armstrong-watson,Armstrong Watson,armstrongwatson.co.uk,GB,501-1000,QUALIFIED,True,accountancy-practice-payroll,https://www.armstrongwatson.co.uk/services/payroll-and-employee-services,Armstrong Watson delivers fully managed payroll and employee [services],strong,-,-,"Payroll service since 1974, 1,000+ payroll clients.",accountancy-practice-payroll,medium
km-chartered-accountants,KM,kmaccountants.co.uk,GB,501-1000,QUALIFIED,True,accountancy-practice-payroll,https://www.kmaccountants.co.uk/services/support-services/,the business owner has bigger things to be anxious about rather than doing the bookkeeping or running the payroll - we can free your [time],strong,-,-,-,accountancy-practice-payroll,medium
buzzacott,Buzzacott,buzzacott.co.uk,GB,501-1000,QUALIFIED,True,accountancy-practice-payroll,https://www.buzzacott.co.uk/payroll-services,"As your payroll partner, we'll ensure every process is compliant and efficient.",strong,-,-,-,accountancy-practice-payroll,medium
begbies-traynor-group,BTG Begbies Traynor,btguk.com,GB,501-1000,DISQUALIFIED,False,,-,-,none,"Corporate rescue, restructuring and insolvency practice (Begbies Traynor group advisory arm) - not a payroll processor.",-,-,accountancy-practice-payroll,medium
berg-kaprow-lewis-llp,BKL,bkl.co.uk,GB,501-1000,QUALIFIED,True,accountancy-practice-payroll,https://bkl.co.uk/services/payroll/,Ensuring your employees are paid correctly and on time has always been important and is one of the many demands of running a business.,strong,-,-,-,accountancy-practice-payroll,medium
affiniagroup,Affinia,affinia.co.uk,GB,1001-5000,QUALIFIED,True,accountancy-practice-payroll,https://www.affinia.co.uk/expertise/payroll-outsourcing/,"Efficient, compliant, and scalable Payroll outsourcing services for your business.",strong,-,"new senior payroll appointment - Tom Jenner joined Autumn 2025 as Associate Director, Payroll Service Line; acquisitive - fastest growing UK accounting group",-,accountancy-practice-payroll,medium
bishop-fleming-chartered-accountants,Bishop Fleming Chartered Accountants,bishopfleming.co.uk,GB,501-1000,QUALIFIED,True,accountancy-practice-payroll,https://www.bishopfleming.co.uk/services/accountancy/iris-payroll,Managing payroll is no small feat.,strong,-,currently uses IRIS Payroll software - competitor incumbent,Runs client payroll on IRIS - direct displacement opportunity.,accountancy-practice-payroll,medium
djh-business-advisers,DJH,djhmittenclarke.co.uk,GB,501-1000,QUALIFIED,True,accountancy-practice-payroll,https://www.djhmittenclarke.co.uk/our-services/employment/payroll-services/,-,weak,-,"acquisitive - multiple practice acquisitions (Mitten Clarke, Lloyd Piggott, Novis, Bakers)",Payroll services page confirmed via search; evidence pack returned only a recruitment brochure.,accountancy-practice-payroll,medium
bdo-ireland,BDO Ireland,bdo.ie,IE,501-1000,QUALIFIED,True,accountancy-practice-payroll,https://www.bdo.ie/en-gb/services/business-services-outsourcing/outsourced-payroll-services,Experience peace of mind with BDO's proven track record in delivering tailored payroll solutions to businesses in Ireland and abroad,strong,-,-,Republic of Ireland - in scope.,accountancy-practice-payroll,medium
hellodext,Dext,receipt-bank.com,GB,501-1000,DISQUALIFIED,False,,-,-,none,Software vendor - Dext (formerly Receipt Bank) sells bookkeeping/practice automation software to accountants; it does not process payroll for clients.,-,"Adjacent practice-software vendor, not a buyer.",accountancy-practice-payroll,medium
hazlewoods,Hazlewoods,hazlewoods.co.uk,GB,501-1000,QUALIFIED,True,accountancy-practice-payroll,https://www.hazlewoods.co.uk/expertise/business-accountants/payroll/,"Our dedicated team will work closely with you to provide a suite of payroll, payments and pension administration services",strong,-,-,-,accountancy-practice-payroll,medium
outbooks,Outbooks,outbooks.com,GB,201-500,QUALIFIED,True,payroll-bureau,https://outbooks.com/services/payroll-services/,Payroll Outsourcing Services for Accounting Firms & Businesses,strong,-,-,Outsourcing provider to accounting/bookkeeping firms - white-label payroll volume.,accountancy-practice-payroll,high
bk-plus,bk plus,bkplus.co.uk,GB,501-1000,QUALIFIED,True,accountancy-practice-payroll,https://bkplus.co.uk/how-can-we-help/payroll/,Payroll can be complex at times. bk plus are here to help so you can focus on what you do best.,strong,-,-,-,accountancy-practice-payroll,medium
financial-reporting-council,Financial Reporting Council,frc.org.uk,GB,201-500,DISQUALIFIED,False,,-,-,none,"UK regulator (Financial Reporting Council) - a public-interest standard setter and audit supervisor, not a payroll provider. Evidence pack was about supervised firms, not the FRC itself.",-,Evidence pack flagged as not matching the company.,accountancy-practice-payroll,medium
price-bailey,Price Bailey,pricebailey.co.uk,GB,201-500,QUALIFIED,True,accountancy-practice-payroll,https://www.pricebailey.co.uk/services/accounting/payroll/,Your outsourced payroll service,strong,-,-,-,accountancy-practice-payroll,medium
streetss,Streets,streets.uk,GB,201-500,QUALIFIED,True,accountancy-practice-payroll,https://www.streets.uk/service/payroll-services/,"secure, HMRC-compliant, and fully outsourced payroll solutions for all business sizes",strong,-,-,Duplicate entity with record 'Streets' on streetsweb.co.uk.,accountancy-practice-payroll,medium
bhpaccountants,"BHP, Chartered Accountants",bhp.co.uk,GB,201-500,QUALIFIED,True,accountancy-practice-payroll,https://bhp.co.uk/service/payroll/,"At BHP, we provide a fully supported payroll service designed to keep your processes accurate, compliant, and running smoothly.",strong,-,-,-,accountancy-practice-payroll,medium
parseq,Parseq,parseq.com,GB,201-500,QUALIFIED,True,payroll-bureau,https://www.parseq.com/finance-and-accounting-services-2/payroll-processing-and-hr-consultancy/,"Outsourced payroll processing and taxes calculation, including associated reporting.",strong,-,-,BPO provider; also runs an accredited Bacs bureau.,accountancy-practice-payroll,medium
duncantoplis,Duncan & Toplis,duncantoplis.co.uk,GB,201-500,QUALIFIED,True,accountancy-practice-payroll,https://duncantoplis.co.uk/services/outsourcing/payroll/,"At Duncan & Toplis, we specialise in outsourcing payroll tailored to your business - no matter the size, structure, or location.",strong,-,part of Kinbrook Group - group consolidation,-,accountancy-practice-payroll,medium
streetsaccountants,Streets,streetsweb.co.uk,GB,201-500,QUALIFIED,True,accountancy-practice-payroll,https://www.streets.uk/service/payroll-services/,"secure, HMRC-compliant, and fully outsourced payroll solutions for all business sizes",weak,-,-,Same firm as the streets.uk record - duplicate; streetsweb.co.uk is their alternate/legacy domain.,accountancy-practice-payroll,medium
oldmill,Old Mill,om.uk,GB,201-500,QUALIFIED,True,accountancy-practice-payroll,https://om.uk/services/payroll/,"Getting their pay right, every time and on time, is one of the most important responsibilities you manage.",strong,-,-,-,accountancy-practice-payroll,medium
gravita-uk,Gravita,gravita.com,GB,201-500,QUALIFIED,True,accountancy-practice-payroll,https://www.gravita.com/our-services/payroll/,Outsource your payroll to our team of professionals at Gravita.,strong,-,acquisitive tech-forward roll-up,-,accountancy-practice-payroll,high
dainsacc,Dains Accountants & Advisers,dains.com,GB,201-500,QUALIFIED,True,accountancy-practice-payroll,https://www.dains.com/services/payroll,"Dains can give you complete confidence that your people are paid accurately, on [time]",strong,-,acquisitive - top 25 firm expanding across Midlands/Scotland,-,accountancy-practice-payroll,medium
mgr-weston-kay-llp,mgr,mgr.co.uk,GB,201-500,QUALIFIED,True,accountancy-practice-payroll,https://www.mgr.co.uk/services/human-resources-payroll/,Our human resources and payroll experts can help you manage every aspect of employee remuneration and incentives.,strong,-,-,"Xero-based cloud practice - partner, not a competitor.",accountancy-practice-payroll,medium
richmond-accounting-advisory,SKS Business Services,sksbusinessservices.com,GB,501-1000,QUALIFIED,True,accountancy-practice-payroll,https://www.sksbusinessservices.com/services/finance/financial-outsourcing-services/,-,weak,-,-,"Finance-function outsourcing incl. payroll, also outsourcing to other accounting firms. Evidence pack returned only payroll articles.",accountancy-practice-payroll,high
haines-watts,Haines Watts,hwca.com,GB,201-500,QUALIFIED,True,accountancy-practice-payroll,https://www.hwca.com/what-we-do/business-process/outsourced-payroll/,Outsourced Payroll - Payroll Services | Haines Watts,strong,-,-,-,accountancy-practice-payroll,medium
shawgibbs,Shaw Gibbs,shawgibbs.com,GB,501-1000,QUALIFIED,True,accountancy-practice-payroll,https://www.shawgibbs.com/services/payroll/,"Reimagining payroll in accountancy - a growth lever, not a loss leader",strong,-,uses Paycircle payroll platform - competitor incumbent; Head of Payroll actively publishing on payroll strategy,Recently migrated clients to Paycircle.,accountancy-practice-payroll,high
accounting-firms,Accounting firms,-,GB,201-500,DISQUALIFIED,False,,-,-,none,Online directory/marketplace matching businesses with accountants - it does not itself process payroll for clients.,-,-,accountancy-practice-payroll,medium
rawlinson-&-hunter,Rawlinson & Hunter LLP,rawlinson-hunter.co.uk,GB,201-500,QUALIFIED,True,accountancy-practice-payroll,https://www.rawlinson-hunter.co.uk/outsourcing,"The best finance departments demand a wide variety of skills and experience, from accounting and payroll pr[ocessing]",strong,-,-,-,accountancy-practice-payroll,medium
hw-fisher,"HW Fisher, part of the Sumer Group",hwfisher.co.uk,GB,201-500,QUALIFIED,True,accountancy-practice-payroll,https://hwfisher.co.uk/services/business-solutions-hw-fisher/,HW Fisher Business Solutions is a co-sourcing finance team that provides a flexible and fully scalable solution for all your back office needs,weak,-,acquired into / part of the Sumer Group,Payroll processing and RTI filing offered within outsourcing; Sumer Group parent also runs payroll.,accountancy-practice-payroll,medium
larking-gowen,Larking Gowen,larking-gowen.co.uk,GB,201-500,QUALIFIED,True,accountancy-practice-payroll,https://www.larking-gowen.co.uk/what-we-offer/by-service/outsourcing-your-payroll-needs/,"Payroll can be a highly emotive area for you and your employees, which is why it's vital for your payroll to be accurate, timely and compliant.",strong,-,-,-,accountancy-practice-payroll,medium
russell-bedford-international,Russell Bedford International,russellbedford.com,GB,201-500,DISQUALIFIED,False,,-,-,none,Global network head office (Russell Bedford International) - a membership network of independent member firms; payroll sits with the member firms.,-,-,accountancy-practice-payroll,medium
mercer-&-hole,Mercer & Hole,mercerhole.co.uk,GB,201-500,QUALIFIED,True,accountancy-practice-payroll,https://www.mercerhole.co.uk/services/business-services/payroll-services-london/,Payroll Services | Mercer & Hole,strong,-,-,-,accountancy-practice-payroll,medium
ensors,Ensors,ensors.co.uk,GB,201-500,QUALIFIED,True,accountancy-practice-payroll,https://www.ensors.co.uk/services/accountancy-services/payroll/,Our experienced team are experts in payroll services and have completed extensive training to ensure your requirements are c[overed],strong,-,-,-,accountancy-practice-payroll,medium
pkfsmithcooper,PKF Smith Cooper,pkfsmithcooper.com,GB,201-500,QUALIFIED,True,accountancy-practice-payroll,https://www.pkfsmithcooper.com/news-insights/smith-cooper-payroll-bureau-why-choose-us/,"our in-house payroll bureau provides a cost-effective, tailored made service to suit any business, of any size",strong,-,-,-,accountancy-practice-payroll,medium
unw-llp,UNW,unw.co.uk,GB,201-500,QUALIFIED,True,accountancy-practice-payroll,https://unw.co.uk/specialism/payroll/,"As a BACS-approved bureau, we have vast experience in dealing with all aspects of payroll for small to larger employers.",strong,-,-,-,accountancy-practice-payroll,medium
geraldedelman,Gerald Edelman,geraldedelman.com,GB,201-500,QUALIFIED,True,accountancy-practice-payroll,https://www.geraldedelman.com/services/payroll/,Our payroll accountants can manage part or all [of your payroll],strong,-,-,-,accountancy-practice-payroll,medium
james-cowper-kreston,James Cowper Kreston,jamescowperkreston.co.uk,GB,201-500,QUALIFIED,True,accountancy-practice-payroll,https://www.jamescowperkreston.co.uk/services/payroll/,you can outsource all your payroll processing needs to our bacs-approved payroll bureau,strong,-,-,Processes GBP 3bn of payroll a year via JC Payroll Services Ltd.,accountancy-practice-payroll,medium
monahans,"Monahans, Part of the Sumer Group",monahans.co.uk,GB,201-500,QUALIFIED,True,accountancy-practice-payroll,https://monahans.co.uk/services/payroll,Our payroll specialists process the payroll for in excess of 750 payroll clients,strong,-,part of the Sumer Group,-,accountancy-practice-payroll,medium
xeinadinireland,Xeinadin Ireland,xeinadin.ie,IE,1001-5000,QUALIFIED,True,accountancy-practice-payroll,https://xeinadin.ie/services/payroll/,"As your trusted payroll partner, we offer comprehensive solutions tailored to meet the unique needs of your business.",strong,-,highly acquisitive group across UK and Ireland,Republic of Ireland - in scope.,accountancy-practice-payroll,high
aims-accountants-for-business,AIMS Accountants for Business,aims.co.uk,GB,201-500,DISQUALIFIED,False,,-,-,none,"Franchise/network head office - AIMS is a network of independently operating self-employed accountants; payroll is delivered by the individual member practices, not this entity.",-,Individual AIMS accountants are typically sub-11-staff practices.,accountancy-practice-payroll,medium
srlv,SRLV,srlv.co.uk,GB,201-500,QUALIFIED,True,accountancy-practice-payroll,https://www.srlv.co.uk/services/payroll-hr/,it's vital to have professionally managed payroll and HR,strong,-,-,-,accountancy-practice-payroll,medium
carpenter-box,"Carpenter Box, part of the Sumer Group",carpenterbox.com,GB,201-500,QUALIFIED,True,accountancy-practice-payroll,https://www.carpenterbox.com/services/payroll/,Managing the payroll process for employees is one of the most important undertakings of any employer.,strong,-,part of the Sumer Group,-,accountancy-practice-payroll,medium
finance-department,Finance Department,-,GB,201-500,LIKELY,False,accountancy-practice-payroll,-,-,none,-,-,Placeholder LinkedIn name 'Finance Department'; outsourced finance-function description. No domain to verify.,accountancy-practice-payroll,medium
mws,MWS,mws-accounts.co.uk,GB,201-500,LIKELY,False,accountancy-practice-payroll,-,-,none,-,-,"Chartered accountancy firm, six partners; no website pages retrieved. Payroll is a near-universal practice service line.",accountancy-practice-payroll,medium
asa-recruitment,ASA RECRUITMENT,asarecruitment.co.uk,GB,201-500,DISQUALIFIED,False,,-,-,none,"Recruitment agency only - homepage and services show staffing, training and shift management; no in-house umbrella/contractor payroll operation found (ASA Pay Solutions is a separate entity).",-,Revisit if an in-house payroll/umbrella arm is confirmed.,accountancy-practice-payroll,high
cowgills,"Cowgills, part of the Sumer Group",cowgills.co.uk,GB,201-500,QUALIFIED,True,accountancy-practice-payroll,https://www.cowgills.co.uk/services/audit-advisory/payroll/,-,weak,-,part of the Sumer Group,"Payroll delivered via in-house team/Pay Cloud UK; confirmed via search, evidence pack returned only a payroll news article.",accountancy-practice-payroll,medium
hooplegroup,Hoople Group,hoopleltd.co.uk,GB,501-1000,QUALIFIED,True,payroll-bureau,https://www.hoopleltd.co.uk/hr-payroll/,"HR & Payroll We support local authorities, healthcare providers, schools, academies and other public sector organisations with a range of HR advisory, HR admin and payroll packages",strong,-,-,Public-sector shared-services company (Herefordshire council/NHS owned) running payroll for other public bodies.,accountancy-practice-payroll,high
hsj-accountants,"HSJ Accountants, Business & Tax Advisors",hsj.uk.com,GB,201-500,LIKELY,False,accountancy-practice-payroll,-,-,none,-,-,"Newport accountancy practice; no pages returned in evidence pack, payroll service not verified.",accountancy-practice-payroll,medium
fdcgroup,FDC Group - Helping Irish Businesses Succeed,fdc.ie,IE,201-500,QUALIFIED,True,accountancy-practice-payroll,https://www.fdc.ie/what-we-do/business-services/,Outsourced Payroll Services | Financial Advisors | Accountatns - FDC - ### UK & EU Compliance Returns FDC can facilitate the submission of UK Income Tax returns. We are registered agents wit,strong,-,-,Irish practice with outsourced payroll service line.,accountancy-practice-payroll,medium
accounts-and-legal,Accounts and Legal,accountsandlegal.co.uk,GB,201-500,QUALIFIED,True,accountancy-practice-payroll,https://accountsandlegal.co.uk/payroll-services/,Payroll Services No more stressing about paying the right tax or being chased by employees for payslips… Our eagle-eyed payroll team take the time-consuming tasks off your hands while spotting opportu,strong,-,-,-,accountancy-practice-payroll,medium
hillier-hopkins,Hillier Hopkins LLP,hillierhopkins.co.uk,GB,201-500,QUALIFIED,True,accountancy-practice-payroll,https://hillierhopkins.co.uk/services/accounts-support/payroll/,Payroll bureau from Hillier Hopkins # Payroll bureau Peace of mind for you and your employees ## Hillier Hopkins LLP Chartered Accountants & Tax Advisers Call +44 (0)330 024 3200 and discove,strong,-,-,Dedicated payroll bureau led by a CIPP-qualified Payroll Director.,accountancy-practice-payroll,medium
hendersonloggie,Henderson Loggie,hlca.co.uk,GB,51-200,QUALIFIED,True,accountancy-practice-payroll,https://hlca.co.uk/services/payroll/,"Payroll Services & Compliance Support Managing payroll is a critical part of running a business, but it can be time-consuming and complex",strong,-,-,Head of Payroll runs a payroll bureau for clients.,accountancy-practice-payroll,medium
brightwater-recruitment,Brightwater Recruitment,brightwater.ie,IE,11-50,QUALIFIED,True,recruitment-umbrella-contractor-payroll,https://www.brightwater.ie/tax-office-information/,We will then enter your Tax details onto the payroll system,weak,-,-,Irish recruiter paying temp/contract workers through its own payroll system; qualifies under the recruiter-umbrella exception.,accountancy-practice-payroll,high
moore-ireland,Moore Ireland,mooreireland.ie,IE,201-500,QUALIFIED,True,accountancy-practice-payroll,https://www.mooreireland.ie/services/tax/payroll/,"Payroll outsourcing services in Ireland We provide payroll outsourcing services for Irish businesses that need accurate, compliant and efficient payroll processing",strong,-,-,-,accountancy-practice-payroll,medium
sopher---co,Sopher + Co,sopherco.com,GB,201-500,QUALIFIED,True,accountancy-practice-payroll,https://sopherco.com/our-people/stavros-stavrou/,"Stavros Stavrou Payroll Manager With over 15 years’ industry experience, Stavros currently heads up the payroll department at Sopher + Co",strong,-,-,Payroll Manager heads payroll department serving a client portfolio.,accountancy-practice-payroll,medium
wilson-partners-limited,Wilson Partners,wilson-partners.co.uk,GB,201-500,QUALIFIED,True,accountancy-practice-payroll,https://www.wilson-partners.co.uk/services/sme/payroll/,"Payroll management involves a lot of complex calculations and rules, so our payroll outsourcing service can save you a major headache",strong,-,-,-,accountancy-practice-payroll,medium
eq-accountants,"EQ Accountants, part of the Sumer Group",eqaccountants.co.uk,GB,201-500,QUALIFIED,True,accountancy-practice-payroll,https://www.eqaccountants.co.uk/services/business-services/,"Our range of services includes everything from the day-to-day provision of bookkeeping services, payroll, and VAT compliance to management accounting, IT training, secondment of staff to cover short-t",strong,-,-,"Evidence pack flagged domain mismatch but pages are eqaccountants.co.uk and name EQ Chartered Accountants - pack is correct. Now part of Sumer Group, still trading.",accountancy-practice-payroll,medium
lovewellblake,Lovewell Blake,lovewell-blake.co.uk,GB,201-500,QUALIFIED,True,accountancy-practice-payroll,https://www.lovewell-blake.co.uk/services/outsourcing-and-hr/payroll-for-business,"Payroll Outsourcing Our ever more popular payroll outsourcing services are cost effective, convenient and supportive",strong,-,-,-,accountancy-practice-payroll,medium
smartpa,SmartPA,smart-pa.com,GB,201-500,QUALIFIED,True,accountancy-practice-payroll,https://smart-pa.com/en-us/our-services/bookkeeping,Outsourced Bookkeeping Services | SmartPA Call now: 0330 202 1110 (+44330-202-1110) Become a SmartPA # Bookkeeping Services ## Qualified Bookkeeping & Payroll Assistants We manage your busin,strong,-,-,Outsourced business-support provider offering bookkeeping and payroll assistants to client businesses.,accountancy-practice-payroll,medium
annamoneyuk,ANNA Money,anna.money,GB,51-200,DISQUALIFIED,False,,-,-,none,Competitor: ANNA Money sells HMRC-recognised payroll software to UK small businesses.,-,-,accountancy-practice-payroll,medium
crowe-ireland,Crowe Ireland,crowe.com,IE,201-500,LIKELY,False,accountancy-practice-payroll,-,-,none,-,-,"Irish member firm of Crowe Global. Evidence pack is Crowe Czech/Vietnam/India/UK pages on crowe.com, not Crowe Ireland - payroll service not verified on its own site.",accountancy-practice-payroll,high
sonstige-software,Sonstige Software,-,GB,51-200,DISQUALIFIED,False,,-,-,none,Unidentifiable record: LinkedIn name is a generic German software category and the description is a Germany-based freelance bookkeeping/payroll provider - not a UK/IE entity.,-,-,accountancy-practice-payroll,high
kbs-corporate,KBS Corporate,kbscorporate.com,GB,51-200,DISQUALIFIED,False,,-,-,none,M&A broker: KBS Corporate sells businesses on behalf of owners; it does not process payroll.,-,Its deal pages mention payroll/umbrella businesses only as clients it sold.,accountancy-practice-payroll,medium
dmfinancial,DM Financial,dmfinancial.com,IE,51-200,QUALIFIED,True,payroll-bureau,https://www.dmfinancial.com/banking-payroll-payment-solutions/,"ty Services Accounting & Administration Distressed Funds & Liquidations Taxation Cayman Island Services Luxembourg Services Internal Audit & ISAE Assurance Company & Fund Formation Banking, Payroll &",strong,-,-,"Irish financial-services outsourcer providing accounting, compliance and payroll/payment services to fund and corporate clients.",accountancy-practice-payroll,medium
wearegalloways,Galloways Accounting,wearegalloways.com,GB,51-200,QUALIFIED,True,accountancy-practice-payroll,https://wearegalloways.com/what-we-do/outsourcing/,"Outsourcing Enjoy more of life with Galloways > Outsourcing Bookkeeping, Payroll, and Company Secretarial We become your back-office team — professional, efficient, and part of your business",strong,-,-,-,accountancy-practice-payroll,medium
lubbock-fine,Lubbock Fine,lubbockfine.co.uk,GB,51-200,QUALIFIED,True,accountancy-practice-payroll,https://www.lubbockfine.co.uk/team/gary-davies/,Gary Davies Client Payroll Manager Profile: Gary joined Lubbock Fine in 2008 and oversees payroll and PAYE for a broad portfolio of clients,strong,-,-,Client Payroll Manager oversees payroll and PAYE for a broad client portfolio.,accountancy-practice-payroll,medium
bartercard,Bartercard UK,-,GB,51-200,DISQUALIFIED,False,,-,-,none,"Barter trade exchange, not a payroll provider; runs only its own payroll.",-,-,accountancy-practice-payroll,medium
inflo-limited,Inflo,inflo.com,GB,51-200,DISQUALIFIED,False,,-,-,none,Software vendor: Inflo sells digital audit/analytics software to accounting firms; it does not process payroll for clients.,-,-,accountancy-practice-payroll,medium
wbg-accountancy,Wbg,wyliebisset.com,GB,51-200,LIKELY,False,accountancy-practice-payroll,-,-,none,-,-,"Wbg is the rebrand of Wylie & Bisset LLP (Glasgow), so the domain is correct despite the pack warning; no payroll service page was returned.",accountancy-practice-payroll,medium
mercia-group-ltd,Mercia Group,mercia-group.com,GB,51-200,DISQUALIFIED,False,,-,-,none,"Training and technical-support provider to the accountancy profession; payroll content is CPD courses, not a payroll service.",-,-,accountancy-practice-payroll,medium
scrutton-bland,"Scrutton Bland, part of the Sumer Group",scruttonbland.co.uk,GB,201-500,QUALIFIED,True,accountancy-practice-payroll,https://www.scruttonbland.co.uk/services/accountancy/outsourced-accounting-services/payroll/,Outsourced Payroll Services Let our team of payroll specialists take care of your payroll to help you save time and resources,strong,-,-,"Part of Sumer Group, still trading under its own brand.",accountancy-practice-payroll,medium
rrl,RRL Chartered Accountants and Chartered Tax Advisers,rrlcornwall.co.uk,GB,51-200,LIKELY,False,accountancy-practice-payroll,-,-,none,-,-,Only tax/P11D articles mentioning payroll were returned; no payroll service page found.,accountancy-practice-payroll,medium
pm-m-solutions-for-business-llp,PM+M,pmm.co.uk,GB,51-200,QUALIFIED,True,accountancy-practice-payroll,https://www.pmm.co.uk/services/payroll/,"The PM+M payroll team are like an extension of our own team, not only efficiently running our payrolls but also providing support and advice on payroll and tax queries",strong,-,-,-,accountancy-practice-payroll,medium
wbrgroup-ssas-tax,WBR Group - SSAS | Tax  | Law | Actuarial,wbrgroup.co.uk,GB,51-200,DISQUALIFIED,False,,-,-,none,"SSAS pension administration, actuarial and tax practice - pensions/actuarial firm, not a payroll processor.",-,-,accountancy-practice-payroll,medium
ct-advisers,CT: Accountants Advisers,ct.me,GB,51-200,QUALIFIED,True,accountancy-practice-payroll,https://ct.me/our-services/payroll/,Payroll Payroll A seamless service that powers your people There’s no better example of the human impact that numbers have than payroll,strong,-,-,-,accountancy-practice-payroll,medium
dixon-wilson,Dixon Wilson,dixonwilson.com,GB,51-200,LIKELY,False,accountancy-practice-payroll,-,-,none,-,-,Only dated technical updates about payroll/off-payroll working; no client payroll service page found.,accountancy-practice-payroll,medium
hayes-solicitors,Hayes solicitors LLP,hayes-solicitors.ie,IE,51-200,DISQUALIFIED,False,,-,-,none,"Law firm (Irish solicitors); employment-law advice only, no payroll processing.",-,-,accountancy-practice-payroll,medium
gcsd,GCSD,-,GB,51-200,LIKELY,False,accountancy-practice-payroll,-,-,none,-,-,Gloucestershire accountancy practice; no website pages in evidence pack. Headcount band may be overstated.,accountancy-practice-payroll,medium
wr-partners-uk,WR Partners UK,wrpartners.co.uk,GB,51-200,QUALIFIED,True,accountancy-practice-payroll,https://wrpartners.co.uk/services/outsourced-business-support/outsourced-payroll-solutions/,Outsourced Payroll Solutions • WR Partners Search Save valuable time and resources by trusting the experts at WR Partners to take care of your employee payroll with bespoke outsourced solutions,strong,-,-,Also sells outsourced payroll to other accountancy firms.,accountancy-practice-payroll,medium
accountants,Accountants,-,GB,51-200,LIKELY,False,accountancy-practice-payroll,-,-,none,-,-,"Wrong-domain evidence pack (mail.co.uk, a German email provider). Entity is a fixed-fee UK accountancy package provider but could not be verified.",accountancy-practice-payroll,medium
burgess-hodgson,Burgess Hodgson,burgesshodgson.co.uk,GB,51-200,QUALIFIED,True,accountancy-practice-payroll,https://burgesshodgson.co.uk/what-we-do/payroll-services/,Payroll Services - Burgess Hodgson What we do/ Payroll Services,strong,-,-,Holds CIPP Payroll Assurance Scheme accreditation.,accountancy-practice-payroll,medium
perrys,Perrys,perrysaccountants.co.uk,GB,51-200,QUALIFIED,True,accountancy-practice-payroll,https://perrysaccountants.co.uk/payroll-services,"Payroll Service Accountants Perrys Chartered Accountants in London and Kent are trusted experts on efficient, cost-effective management of all payrolls",strong,-,-,-,accountancy-practice-payroll,medium
dns-accountants-uk,dns accountants,dnsassociates.co.uk,GB,51-200,QUALIFIED,True,accountancy-practice-payroll,https://www.dnsassociates.co.uk/accounting,Payroll and auto enrolment Say goodbye to worrying about processing payroll to pay yourself and your employees every month,strong,-,-,-,accountancy-practice-payroll,medium
milsted-langdon-llp,Milsted Langdon LLP,milstedlangdon.co.uk,GB,51-200,QUALIFIED,True,accountancy-practice-payroll,https://www.milstedlangdon.co.uk/services-for-businesses/payroll-and-workplace-pensions/,Payroll and Workplace Pensions > Managing payroll is one of the most important parts of running a business — but it can also be one of the most time-consuming,strong,-,-,-,accountancy-practice-payroll,medium
oury-clark,Oury Clark,ouryclark.com,GB,51-200,QUALIFIED,True,accountancy-practice-payroll,https://ouryclark.com/our-services/services-for-uk-businesses/financial-outsourcing-services-for-uk-businesses/,"Outsourced Back-Office Support Our outsourced teams can take care of essential functions for you, including Management Accounts, Payroll & Credit Control",strong,-,-,-,accountancy-practice-payroll,medium
simmons-gainsford,"Simmons Gainsford, part of the Sumer Group",sgllp.co.uk,GB,51-200,QUALIFIED,True,accountancy-practice-payroll,https://www.sgllp.co.uk/service/payroll/,"Our support typically includes: - Contact - Our support partner, PayAssist - Payroll processing - PAYE, National Insurance and statutory deductions - Auto-enrolment pension management - Payrolling ben",strong,-,-,"Part of Sumer Group, still trading under its own brand.",accountancy-practice-payroll,medium
martin-&-company-chartered-accountants,Martin & Company Chartered Accountants,-,GB,51-200,LIKELY,False,accountancy-practice-payroll,-,-,none,-,-,Bournemouth practice; no website pages in evidence pack.,accountancy-practice-payroll,medium
getcoconut,Coconut,getcoconut.com,GB,51-200,DISQUALIFIED,False,,-,-,none,Software vendor: Coconut sells a tax/bookkeeping app for the self-employed and their accountants; it does not run payroll for clients.,-,-,accountancy-practice-payroll,medium
ormerod-rutter-chartered-accountants,Ormerod Rutter Chartered Accountants,ormerodrutter.co.uk,GB,51-200,QUALIFIED,True,accountancy-practice-payroll,https://ormerodrutter.co.uk/services/payroll/,Payroll Specialists | Worcestershire | Ormerod Rutter 01905 777600 hello@ormerodrutter.co.uk - Instagram - X - Facebook - Instagram - X - Facebook # Payroll #### Dealing with payroll and ens,strong,-,-,-,accountancy-practice-payroll,medium
hurst,HURST Accountants,hurst.co.uk,GB,51-200,LIKELY,False,accountancy-practice-payroll,-,-,none,-,-,Only payroll webinars/events and employee-tax pages returned; no payroll service page. Site references the Dains group - check ownership before outreach.,accountancy-practice-payroll,medium
smailes-goldie-chartered-accountants,Smailes Goldie,smailesgoldie.co.uk,GB,51-200,QUALIFIED,True,accountancy-practice-payroll,https://www.smailesgoldie.co.uk/who-we-help/payroll/,"With such frequent rule changes and any personnel changes that take place in your business, the amount of work required to keep on top of payroll can quickly spiral and take up more and more time as a",strong,-,-,Publishes a Payroll Bureau leaflet naming a dedicated payroll team.,accountancy-practice-payroll,medium
thedothq,The dot HQ,thedothq.com,GB,51-200,QUALIFIED,True,payroll-bureau,https://www.thedothq.com/services/dot-pros/,"per job basis. Your POD's can deliver your clients’ bookkeeping, year-end and management accounts, payroll, taxation and any other accounti",weak,-,-,"Offshore outsourcing provider whose PODs deliver UK accounting firms clients payroll, bookkeeping and accounts.",accountancy-practice-payroll,medium
shah-&-co,SHAH & CO CHARTERED CERTIFIED ACCOUNTANTS,shahandco.co.uk,GB,51-200,QUALIFIED,True,accountancy-practice-payroll,https://www.shahandco.co.uk/services/business-planning-and-support,thly or quarterly management accounts to ensure you always have reliable and accurate information on which to base your business decisions. ## Payroll,weak,-,-,Payroll listed among the services offered to clients on its business support page.,accountancy-practice-payroll,medium
doshi-accountants,Doshi Accountants,doshiaccountants.co.uk,GB,51-200,QUALIFIED,True,accountancy-practice-payroll,https://doshiaccountants.co.uk/services/payroll,"Payroll Services for Small Businesses UK Payroll needs to be accurate, on time and fully compliant",strong,-,-,-,accountancy-practice-payroll,medium
bennett-brooks,bennettbrooks,bennettbrooks.co.uk,GB,51-200,QUALIFIED,True,accountancy-practice-payroll,https://www.bennettbrooks.co.uk/our-services/payroll/,"On top of that, you’ll need to make sure that your payroll returns are submitted to HMRC",strong,-,-,-,accountancy-practice-payroll,medium
smhgroup,SMH Group,smh.group,GB,51-200,QUALIFIED,True,accountancy-practice-payroll,https://smh.group/payroll/,"Payroll Services At SMH Accounting & Business Advisory, our expert staff are on hand to assist with all your payroll and employee responsibilities",strong,-,-,-,accountancy-practice-payroll,medium
brookson-one,Brookson One - (A People2.0 Company),brookson.co.uk,GB,51-200,QUALIFIED,True,umbrella-contractor-payroll,https://brookson.co.uk/for-agencies/,"and maintain competitive advantage without building internal infrastructure. From umbrella and CIS payroll to comprehensive accountancy services, we ensure your contractors receive expert support whi",strong,-,-,Contractor accountancy/umbrella and CIS payroll provider; now part of People2.0 but still trading as Brookson.,accountancy-practice-payroll,medium
financial-analyst-accounting-services,Financial Analyst,-,GB,51-200,LIKELY,False,accountancy-practice-payroll,-,-,none,-,-,Companies House style record only; no website or evidence. Headcount band unreliable.,accountancy-practice-payroll,medium
jerromsgroup,"Jerroms, part of the Sumer Group",jerroms.co.uk,GB,201-500,QUALIFIED,True,accountancy-practice-payroll,https://www.jerroms.co.uk/service/payroll-bookkeeping,"Accurate, Compliant, and Scalable Financial Support for Your Business Efficient payroll and accurate bookkeeping are essential to the smooth running of any business",strong,-,-,"Part of Sumer Group, still trading under its own brand.",accountancy-practice-payroll,medium
nyman-libson-paul,Nyman Libson Paul,nlpca.co.uk,GB,51-200,QUALIFIED,True,accountancy-practice-payroll,https://nlpca.co.uk/service/business-services-1/,"team provides a flexible, cost-effective alternative to in-house finance. Whether it’s bookkeeping, payroll, VAT or forecasting, we build the setup around your needs and deliver it with partner oversi",strong,-,-,"Xero/QuickBooks Platinum partner - reseller status only, not a competitor.",accountancy-practice-payroll,medium
super-financial-limited,Super Financial Limited,superfinancial.co.uk,GB,51-200,QUALIFIED,True,accountancy-practice-payroll,https://superfinancial.co.uk/packages/,e a plan that fits your needs. ## Basic - Annual Declaration for the Company (Form CT600) - Monthly payroll processing - Tax recovery - Annual declarations to Companies House - Personal statement for,weak,-,-,Small London practice offering payroll processing and CIS returns within its packages.,accountancy-practice-payroll,medium
nuvoaccountancy,Nuvo,nuvo.co.uk,GB,51-200,QUALIFIED,True,accountancy-practice-payroll,https://nuvo.co.uk/payroll/,"You Manage Your Business, We Manage Your Payroll Looking for a fully managed, end to end experience? We can help with that! A service which is built to your business’s",strong,-,-,-,accountancy-practice-payroll,medium
intelligent-outsourcing-ltd-,Intelligent Outsourcing,intelligentoutsourcing.co.uk,GB,51-200,DISQUALIFIED,False,,-,-,none,Philippine-based offshore staffing provider for UK/Canadian accounting firms - HQ outside UK/IE and supplies staff rather than running payroll for clients.,-,-,accountancy-practice-payroll,high
crowleys-dfk,CrowleysDFK,crowleysdfk.ie,IE,51-200,QUALIFIED,True,accountancy-practice-payroll,https://www.crowleysdfk.ie/meet-the-team/anne-comber/,Payroll Services Anne is a Senior Manager of our Payroll Services,strong,-,-,Pack warning is spurious - pages are crowleysdfk.ie and name the firm.,accountancy-practice-payroll,high
mcmillan-woods-global,McMillan Woods Global,mcmillanwoods.com,GB,51-200,DISQUALIFIED,False,,-,-,none,Network head office: McMillan Woods Global is an international network of independent member firms; payroll sits with the member firms.,-,-,accountancy-practice-payroll,medium
cooper-associates-ltd,Cooper Associates Group,thecooperway.com,GB,51-200,QUALIFIED,True,accountancy-practice-payroll,https://thecooperway.com/accountancy/payroll/,nning Corporate Finance Services - Corporate Finance Services Overview - Pension Reform - Corporate Planning - Corporate Pensions Working With You Accounting Services Businesses Individuals Payroll &,strong,-,-,Payroll Manager named on the team page.,accountancy-practice-payroll,medium
everest-accountants-limited,Everest Accountants Limited,-,GB,51-200,LIKELY,False,accountancy-practice-payroll,-,-,none,-,-,Small-business accountancy practice; no website pages in evidence pack.,accountancy-practice-payroll,medium
global-bpo-ltd,Global BPO,globalbpo.co.uk,GB,51-200,QUALIFIED,True,payroll-bureau,https://globalbpo.co.uk/hr-services/,porary staffing from our overflow pool - relocation - benefits administration - compensation program development/ implementation - high-volume recruiting - background checks and screening - payroll -,weak,-,-,Legal/business process outsourcer listing payroll within its outsourced HR service for client organisations.,accountancy-practice-payroll,medium
david-allen,David Allen,david-allen.co.uk,GB,51-200,QUALIFIED,True,accountancy-practice-payroll,https://www.david-allen.co.uk/payroll-services/,We provide a tailored and personalised payroll service to meet your business needs,strong,-,-,-,accountancy-practice-payroll,medium
ryecroft-glenton,Ryecroft Glenton,ryecroftglenton.com,GB,51-200,QUALIFIED,True,accountancy-practice-payroll,https://ryecroftglenton.com/services/accounts-and-business-services/,"We help our clients with every aspect of their accounting compliance requirements, from annual accounts preparation and VAT returns to payroll and auto enrolment",strong,-,-,Payroll and auto-enrolment delivered for clients; two payroll managers profiled.,accountancy-practice-payroll,medium
wellers-accountants,Wellers,wellersaccountants.co.uk,GB,51-200,QUALIFIED,True,accountancy-practice-payroll,https://www.wellersaccountants.co.uk/pages/uk-payroll-services,"Do you need to set up and manage a payroll for your business? Or, are you operating an in-house solution but you're looking for a payroll service provider to run your scheme? For small and medium size",strong,-,-,-,accountancy-practice-payroll,medium
brebners,Brebners,brebners.com,GB,51-200,QUALIFIED,True,accountancy-practice-payroll,https://www.brebners.com/services/corporate/payroll,"We run payrolls for many of our clients, processing the instructions passed to us, and preparing the monthly and year end returns.",strong,-,-,Uses Star payroll software; dedicated payroll depts London & Sevenoaks.,accountancy-practice-payroll,medium
eisneramperireland,EisnerAmper Ireland,eisneramper.ie,IE,51-200,QUALIFIED,True,accountancy-practice-payroll,https://eisneramper.ie/outsourced-payroll-employment-tax-global-mobility/,"EisnerAmper Outsourced Payroll, Employment Tax & Global Mobility Services enable you to increase the efficiency and flexibility of yo...",strong,-,-,-,accountancy-practice-payroll,medium
fmb,FMB Chartered Accountants,fmb.ie,IE,51-200,QUALIFIED,True,accountancy-practice-payroll,https://fmb.ie/meet-our-team/,"He also oversees the practice payroll bureau, client management services and IT services.",strong,-,-,-,accountancy-practice-payroll,high
ellacotts-llp,Ellacotts Accountants,ellacotts.co.uk,GB,51-200,QUALIFIED,True,accountancy-practice-payroll,https://www.ellacotts.co.uk/staff-profiles/lesley-mullan/,"I had my own portfolio of clients, dealing with accounts, tax returns, VAT returns and payroll",weak,-,-,-,accountancy-practice-payroll,medium
accounts-&-books,Accounts & Books,accountsandbooks.co.uk,GB,51-200,LIKELY,False,accountancy-practice-payroll,-,-,none,-,-,"Bookkeeping/accountancy service across Dorset, Hampshire and Wiltshire; no evidence pages retrieved, payroll not listed.",accountancy-practice-payroll,medium
getapron,Apron,getapron.com,GB,51-200,DISQUALIFIED,False,,-,-,none,Fintech SOFTWARE vendor (payments/bookkeeping/payroll payments platform) sold to accountants and businesses — not a payroll service provider.,-,-,accountancy-practice-payroll,medium
forrester-boyd,Forrester Boyd - Chartered Accountants,forrester-boyd.co.uk,GB,51-200,QUALIFIED,True,accountancy-practice-payroll,https://www.forrester-boyd.co.uk/payroll-services,"Our payroll services remove the pressure, giving you confidence that your people are paid correctly and your obligations are met.",strong,-,-,-,accountancy-practice-payroll,medium
insight-financial-associates,Insight Financial Associates,insightifa.com,GB,51-200,DISQUALIFIED,False,,-,-,none,"Independent financial advisers (wealth, pensions, retirement planning); no payroll service for client organisations.",-,-,accountancy-practice-payroll,medium
ocfs,OCFS,-,IE,51-200,LIKELY,False,accountancy-practice-payroll,-,-,none,-,-,"Irish bookkeeping/tax practice; no website in record, no evidence pack.",accountancy-practice-payroll,medium
hawsons,Hawsons,hawsons.co.uk,GB,51-200,QUALIFIED,True,accountancy-practice-payroll,https://www.hawsons.co.uk/payroll-services/,Hawsons has a dedicated team of payroll experts who provide payroll services across our offices.,strong,-,-,-,accountancy-practice-payroll,medium
pkf-brenson-lawlor,PKF Brenson Lawlor,jpabrensonlawlor.ie,IE,51-200,LIKELY,False,accountancy-practice-payroll,-,-,none,-,-,"Top-15 Irish accountancy and advisory firm; no payroll page found in pack, though payroll is a standard practice service line.",accountancy-practice-payroll,medium
accountancy-firm,Accountancy Firm,-,GB,51-200,LIKELY,False,accountancy-practice-payroll,-,-,none,-,-,"Generic 'Accountancy Firm', Brighton; no domain or evidence to verify.",accountancy-practice-payroll,medium
alliotts,Alliotts LLP,alliotts.com,GB,51-200,QUALIFIED,True,accountancy-practice-payroll,https://www.alliotts.com/expertise/outsourced-services/outsourced-payroll-services-for-uk-smes/,"If you are looking for payroll outsourcing in London and beyond, you can rely on Alliotts. We handle your payroll accurately, efficiently, and with real care",strong,-,-,-,accountancy-practice-payroll,high
hentonsaccountants,Hentons,hentons.com,GB,51-200,QUALIFIED,True,accountancy-practice-payroll,https://www.hentons.com/our-services/payroll/,"Our BACs accreditation empowers us to pay employees on your behalf, reducing administrative costs and errors",strong,-,-,-,accountancy-practice-payroll,medium
harris-&-trotter-llp,Harris & Trotter LLP,harrisandtrotter.co.uk,GB,51-200,LIKELY,False,accountancy-practice-payroll,-,-,none,-,-,Long-established London accountancy firm (general practice + music/entertainment); no payroll page found in pack.,accountancy-practice-payroll,medium
initorglobaluk,Unison Globus UK,initor-global.co.uk,GB,51-200,QUALIFIED,True,payroll-bureau,https://initor-global.co.uk/payroll-outsourcing-services,"Efficient, Reliable, and Cost-Effective Payroll Services Tailored for UK Accountancy Practices ... comprehensive offshore payro",strong,-,-,Domain flagged as mismatch but LinkedIn confirms rebrand: Initor Global UK is now Unison Globus UK.,accountancy-practice-payroll,high
little-&-company-chartered-accountants,Little and Company Chartered Accountants,-,GB,51-200,LIKELY,False,accountancy-practice-payroll,-,-,none,-,-,"Gloucester general practice; no domain in record, no evidence pack.",accountancy-practice-payroll,medium
bbk-partnership,BBK Partnership,barnetaccountants.com,GB,11-50,LIKELY,False,accountancy-practice-payroll,-,-,none,-,-,"No payroll page found; 11-50 chartered accountancy practice, payroll is a near-universal service line.",accountancy-practice-payroll,medium
rmt-accountants-business-advisors,RMT Accountants & Business Advisors Ltd,r-m-t.co.uk,GB,51-200,QUALIFIED,True,accountancy-practice-payroll,https://r-m-t.co.uk/outsourced-services/payroll-services/,"Payroll Services | RMT Accountants, Newcastle # Payroll Services Get back to your day-to-day business Looking after your business’s payroll can present a demanding, difficult and protracted challenge,",strong,-,-,-,accountancy-practice-payroll,high
mansell-&-co-llp,Mansell & Co Chartered Certified Accountants,mansellandco.org,GB,51-200,QUALIFIED,True,accountancy-practice-payroll,https://www.linkedin.com/company/mansell-&-co-llp,"ies. We deal with all areas of tax and compliance including annual accounts, audits, vat, payroll, CIS, bookkeeping, rental, capital gains and Self-Assessment",weak,-,-,No website pages in pack; LinkedIn About lists payroll among services.,accountancy-practice-payroll,medium
fortusadv,Fortus,fortus.co.uk,GB,51-200,QUALIFIED,True,accountancy-practice-payroll,https://www.fortus.co.uk/services/payroll/,Payroll | Fortus We're on the ball so you don’t drop it. ## Why choose Fortus Payroll? Paying your team on time is essential and there’s nothing worse than when it goes wrong. Successfully outsourcing,strong,-,-,-,accountancy-practice-payroll,medium
dyke-yaxley,Dyke Yaxley Chartered Accountants,dykeyaxley.co.uk,GB,51-200,QUALIFIED,True,accountancy-practice-payroll,https://www.dykeyaxley.co.uk/our-services/payroll-bureau/,"Payroll Bureau | Dyke Yaxley | Shrewsbury, Shropshire 01743 241281 (01743241281) info@dykeyaxley.co.uk Say goodbye to payroll hassles – free up your time and let us handle it for you. We ensure your e",strong,-,-,Runs a named payroll bureau.,accountancy-practice-payroll,medium
rpg-crouch-chapman-llp,RPG Crouch Chapman (RPGCC),rpgcrouchchapman.co.uk,GB,51-200,QUALIFIED,True,accountancy-practice-payroll,https://www.rpgcrouchchapman.co.uk/services/payroll-paye-nic-p11ds/,"Payroll | RPGCC | Payroll experts London # Payroll ## Don’t waste time doing your own payroll. ## Keep your employees happy, get them paid on time… At RPGCC we know how hard managing a team can be har",strong,-,-,-,accountancy-practice-payroll,medium
silver-levene,Xeinadin (previously Silver Levene),silverlevene.co.uk,GB,51-200,LIKELY,False,accountancy-practice-payroll,-,-,none,-,-,Rebranded as Xeinadin (ex-Silver Levene); dedupe against Xeinadin group before outreach.,accountancy-practice-payroll,medium
ecovis-wingrave-yeats,ECOVIS Wingrave Yeats,ecovis.co.uk,GB,51-200,QUALIFIED,True,accountancy-practice-payroll,https://www.ecovis.co.uk/business-challenges/how-do-i-manage-my-companys-payroll/,"How Do I Manage My Company’s Payroll? | ECOVIS +44 (0)20 7495 2244 (+442074952244) enquiries@ecovis.co.uk # How do I manage my company’s payroll? ## In business, one of the most important things to ge",strong,-,-,-,accountancy-practice-payroll,medium
flb-accountants-llp,FLB Accountants LLP,flb.co.uk,GB,51-200,QUALIFIED,True,accountancy-practice-payroll,https://www.flb.co.uk/payroll,"Efficient Payroll Solutions | FLB Accountants # Payroll Pay your employees quickly, accurately and compliantly with expert payroll support from our specialist team. Save time, avoid headaches and be c",strong,-,-,-,accountancy-practice-payroll,medium
prism-group,Prism Group,prismgroup.co.uk,GB,51-200,LIKELY,False,accountancy-practice-payroll,-,-,none,-,-,No evidence pages returned; SME accountancy practice.,accountancy-practice-payroll,medium
tilman-brewin-dolphin,RBC Brewin Dolphin Ireland,brewin.ie,IE,51-200,DISQUALIFIED,False,,-,-,none,"Wealth management firm (RBC-owned), not a payroll provider for client organisations.",-,-,accountancy-practice-payroll,medium
kirk-rice-accountants,Kirk Rice Accountants,kirkrice.co.uk,GB,51-200,QUALIFIED,True,accountancy-practice-payroll,https://www.kirkrice.co.uk/business/outsourced-accounting/payroll/,"Payroll Services Services - Kirk Rice #### Contact Kirk Rice # Outsourced Payroll Services ## Whatever Your Business Needs, We'll Tailor Our Payroll Services to You Established and growing businesses",strong,-,-,-,accountancy-practice-payroll,medium
dsg-chartered-accountants,DSG Chartered Accountants,dsg.uk.com,GB,51-200,LIKELY,False,accountancy-practice-payroll,-,-,none,-,-,"Only homepage in pack; large independent practice, payroll likely but unconfirmed.",accountancy-practice-payroll,high
damar-limited,Damar Training,damartraining.com,GB,51-200,DISQUALIFIED,False,,-,-,none,Apprenticeship training provider; does not process payroll for clients.,-,-,accountancy-practice-payroll,medium
forrestbrown-tax-consulting,ForrestBrown Limited,forrestbrown.co.uk,GB,51-200,DISQUALIFIED,False,,-,-,none,R&D tax relief / incentives consultancy; no payroll service line.,-,-,accountancy-practice-payroll,medium
hgv-driver-group,Hgv Driver Group,hgvdrivergroup.co.uk,GB,51-200,QUALIFIED,True,umbrella-contractor-payroll,https://hgvdrivergroup.co.uk/driver-payment-solutions/,Offering Payroll Management Services for Agencies in the UK,strong,-,-,Contractor/driver payroll for HGV agencies and hauliers; IR35 compliance focus.,accountancy-practice-payroll,medium
pierce-c.-a.-limited,Pierce Business Advisory & Accountancy Group,pierce.co.uk,GB,51-200,QUALIFIED,True,accountancy-practice-payroll,https://www.pierce.co.uk/services/payroll,"Outsource your payroll to Pierce Accountants for efficient, compliant payroll and auto-enrolment services.",strong,-,-,Accredited by The Association of Bureau Managers; dedicated payroll team page.,accountancy-practice-payroll,medium
sumer-northern-ireland,Sumer NI,sumerni.co.uk,GB,51-200,LIKELY,False,accountancy-practice-payroll,-,-,none,-,change of ownership - joined Sumer Group,Formerly Belfast office of ASM; no payroll page surfaced in pack.,accountancy-practice-payroll,medium
affinity-outsourcing-limited,Affinity Outsourcing Limited,affinityoutsourcing.net,GB,51-200,QUALIFIED,True,payroll-bureau,https://affinityoutsourcing.net/payroll-outsourcing-services/,We're the payroll outsourcing agency that ensures you never let them down.,strong,-,-,Outsourced payroll delivered white-label for UK accountancy practices.,accountancy-practice-payroll,medium
debitam,Debitam - Online Account Filing,debitam.com,GB,51-200,QUALIFIED,True,accountancy-practice-payroll,https://www.debitam.com/services/payroll/,UK Payroll Services for Small Businesses and Accountants Starts from just £20 per month,strong,-,-,"Online filing practice; 26,000+ UK business clients claimed.",accountancy-practice-payroll,medium
jackson-stephen-llp,JS (Jackson Stephen),jackson-stephen.co.uk,GB,51-200,LIKELY,False,accountancy-practice-payroll,-,-,none,-,-,Jackson Stephen; site returned no payroll evidence pages.,accountancy-practice-payroll,medium
rayner-essex,Rayner Essex LLP,rayneressex.com,GB,51-200,QUALIFIED,True,accountancy-practice-payroll,https://rayneressex.com/services/payroll/,"We can provide a complete payroll service, or just the specialised services you need.",strong,-,-,Also a Bacs Approved Bureau for payroll payments.,accountancy-practice-payroll,medium
robson-laidler,Robson Laidler Accountants,robson-laidler.co.uk,GB,51-200,QUALIFIED,True,accountancy-practice-payroll,https://www.robson-laidler.co.uk/payroll/,running the payroll is something you could be delegating to save you time and stress,strong,-,-,Active payroll team content incl. National Payroll Week posts.,accountancy-practice-payroll,medium
simpkins-edwards-llp,Simpkins Edwards LLP,simpkinsedwards.co.uk,GB,51-200,QUALIFIED,True,accountancy-practice-payroll,https://www.simpkinsedwards.co.uk/services/payroll-services,Managed Payroll Services | Simpkins Edwards,strong,-,-,Devon practice with a managed payroll service line.,accountancy-practice-payroll,medium
the-cashroom-ltd,Cashroom,thecashroom.co.uk,GB,51-200,QUALIFIED,True,payroll-bureau,https://www.thecashroom.co.uk/services/payroll/,"Cashroom will take care of all aspects of running your payroll, including all statutory payments, student loans, pensions, attachments",strong,-,-,Outsourced cashiering/payroll specifically for law firms.,accountancy-practice-payroll,high
dodd-&-co-chartered-accountants,Dodd & Co Chartered Accountants,doddaccountants.co.uk,GB,51-200,QUALIFIED,True,accountancy-practice-payroll,https://www.doddaccountants.co.uk/services/payroll/,It pays to let someone else look after your payroll.,strong,-,-,~200 staff; payroll services department across Carlisle and Penrith.,accountancy-practice-payroll,medium
morethanaccountants,More Than Accountants,morethanaccountants.co.uk,GB,51-200,QUALIFIED,True,accountancy-practice-payroll,https://www.morethanaccountants.co.uk/accountancy-services/payroll-services/,You can rely on our outsourced payroll solution to ensure that your employees are paid on time,strong,-,-,"Online practice, fixed-fee managed payroll.",accountancy-practice-payroll,medium
beever-and-struthers,Beever and Struthers,beeverstruthers.co.uk,GB,51-200,QUALIFIED,True,accountancy-practice-payroll,https://www.beeverstruthers.co.uk/things-we-do/growing-your-business/payroll-solutions/,"We have a team ready to provide this service on your behalf, whether you have one or hundreds of employees.",strong,-,merger - now part of Menzies LLP,Merged with Menzies LLP; payroll manager named on site. Check buying authority post-merger.,accountancy-practice-payroll,medium
capium,Capium,capium.com,GB,51-200,DISQUALIFIED,False,,https://www.capium.com/products/payroll/,Payroll Software For Accountants ... Our smart cloud payroll software,strong,Competitor: sells cloud payroll and practice management SOFTWARE to accountants.,-,Direct competitor to Brain Payroll.,accountancy-practice-payroll,medium
moore-uk,Moore UK,moore.co.uk,GB,51-200,DISQUALIFIED,False,,https://www.moore.co.uk/services/accounting-outsourcing/payroll-services/,Moore UK is a network of independent accountancy and business advisory firms.,strong,Network head office: Moore UK is a network body; payroll sits with independent member firms.,-,Target the member firms (e.g. Moore Kingston Smith) individually instead.,accountancy-practice-payroll,medium
cbtax,CBTax,cbtax.com,GB,51-200,DISQUALIFIED,False,,-,-,none,"Specialist R&D tax consultancy (USA/UK/UAE/ROI), not a payroll provider; no payroll service line found.",-,CBTax sells R&D tax incentive claims; no client payroll processing.,accountancy-practice-payroll,medium
grunberg-&-co,Grunberg,grunberg.co.uk,GB,51-200,QUALIFIED,True,accountancy-practice-payroll,https://www.grunberg.co.uk/how-we-can-help-you/business-start-up/payroll/,Managing your payroll is an essential part of running your business ... we can relieve you of this burden,strong,-,-,NW London practice; publishes outsourced-payroll content.,accountancy-practice-payroll,medium
ojk-business-management,OJK Business Management Limited,ojk.co.uk,GB,51-200,LIKELY,False,accountancy-practice-payroll,-,-,none,-,-,"Music/sports business management firm; services page lists accounting, no explicit payroll page found.",accountancy-practice-payroll,medium
reynolds,Reynolds,reynoldsaccs.co.uk,GB,51-200,LIKELY,False,accountancy-practice-payroll,-,-,none,-,-,Gravesend chartered accountants; site pages fetched carried no payroll service page.,accountancy-practice-payroll,high
goodman-jones,Goodman Jones,goodmanjones.com,GB,51-200,QUALIFIED,True,accountancy-practice-payroll,https://www.goodmanjones.com/services/advice-insight/payroll,it may make sense to make use of our outsourced payroll service to deal with all of these on your behalf,strong,-,-,"Central London practice, outsourced payroll incl. payslips and RTI.",accountancy-practice-payroll,medium
mapartners,M+A Partners,mapartners.co.uk,GB,51-200,QUALIFIED,True,accountancy-practice-payroll,https://www.mapartners.co.uk/services/payroll/,"Our dedicated payroll team guarantees continuity of service ensuring timely, accurate and secure payroll payments.",strong,-,-,Norfolk practice since 1917; fully managed payroll service.,accountancy-practice-payroll,medium
nucleusco,Nucleus,nucleus-co.com,GB,51-200,QUALIFIED,True,payroll-bureau,https://nucleus-co.com/services/payroll/,Nucleus makes Payroll easier for everyone - you and the employees.,strong,-,-,"UK-HQ multi-country outsourcing for small overseas headcounts; services firm, not a software platform.",accountancy-practice-payroll,medium
outmin,Outmin,outmin.io,IE,51-200,QUALIFIED,True,accountancy-practice-payroll,https://go.outmin.io/help/run-your-first-payroll-with-outmin,Running your first payroll with Outmin # Running your first payroll with Outmin ## Everything Outmin needs to run your payroll smoothly—what to provide and how to get started Simplify your payroll by,strong,-,-,"AI bookkeeping platform for practices that also runs client payroll via BrightPay - part software vendor, verify positioning.",accountancy-practice-payroll,medium
thomson-cooper-accountants,Thomson Cooper Accountants,thomsoncooper.com,GB,51-200,QUALIFIED,True,accountancy-practice-payroll,https://www.thomsoncooper.com/services/payroll-bureau/,"Payroll bureau | Edinburgh & Dunfermline, Fife Dunfermline 01383 628800 (01383628800) | Edinburgh 0131 226 2233 (+01312262233) | info@thomsoncooper.com ## Peace of mind and payroll expertise With our",strong,-,-,Named payroll bureau.,accountancy-practice-payroll,high
taxcalc,TaxCalc,taxcalc.com,GB,51-200,DISQUALIFIED,False,,-,-,none,Software vendor - tax/accounts/practice-management software for accountants; does not process payroll for clients.,-,-,accountancy-practice-payroll,medium
thompson-wright,Thompson Wright Accountants,thompsonwright.co.uk,GB,51-200,QUALIFIED,True,accountancy-practice-payroll,https://www.thompsonwright.co.uk/staff-profiles/alison-anderson/,"Alison Anderson | Thompson Wright ### Payroll Manager 01782 613141 alison.anderson@twca.co.uk Payroll preparation, Auto enrolment Alison has many years of experience and extensive knowledge of all are",weak,-,-,Dedicated Payroll Manager and CIS service; no standalone payroll services page in pack.,accountancy-practice-payroll,medium
pietax,Pie - The Self Assessment App,pie.tax,IE,51-200,DISQUALIFIED,False,,https://www.pie.tax/,Pie is the UK's first Self Assessment App,strong,"Tax SOFTWARE vendor (self-assessment app), not a payroll service provider; entity registered in Dublin.",-,"Consumer/SME tax app - product, not a bureau.",accountancy-practice-payroll,medium
cc-young-and-co,Young & Co,ccyoung.co.uk,GB,51-200,QUALIFIED,True,accountancy-practice-payroll,https://www.ccyoung.co.uk/payroll-administrator/,"C.C. Young & Co. provides accountancy, audit valuations and taxation services to music industry clients.",weak,-,advertising payroll vacancies,Payroll Administrator vacancy evidences an in-house payroll team serving music-industry clients.,accountancy-practice-payroll,medium
dsl-accounting,DSL Accounting,dslaccounting.com,GB,51-200,LIKELY,False,accountancy-practice-payroll,-,-,none,-,-,Small-business accountancy firm since 1997; no payroll page surfaced in pack.,accountancy-practice-payroll,medium
greaves-west-&-ayre,Greaves West & Ayre,-,GB,51-200,LIKELY,False,accountancy-practice-payroll,-,-,none,-,-,130+ staff Berwick/Haddington practice; no domain in record to verify payroll page.,accountancy-practice-payroll,medium
mazuma-gb-ltd,Mazuma,mazumamoney.co.uk,GB,51-200,QUALIFIED,True,accountancy-practice-payroll,https://www.mazumamoney.co.uk/outsourced-payroll-service/,Let the team of expert accountants at Mazuma manage the process for you with our online payroll services.,strong,-,-,Subscription accountancy with outsourced payroll.,accountancy-practice-payroll,medium
rouse-partners-llp,Rouse Partners,rousepartners.co.uk,GB,51-200,QUALIFIED,True,accountancy-practice-payroll,https://www.rousepartners.co.uk/services/payroll/,choosing to outsource this responsibility to our experienced payroll team can save you time and worry,strong,-,-,Bucks practice with a named payroll team page.,accountancy-practice-payroll,medium
igf-invoice-finance-ltd,Independent Growth Finance (IGF),igfgroup.com,GB,51-200,DISQUALIFIED,False,,-,-,none,"Asset-based lender, not an accountancy practice or payroll provider.",-,IGF provides invoice/asset finance only.,accountancy-practice-payroll,medium
open-study-college,Open Study College,openstudycollege.com,GB,51-200,DISQUALIFIED,False,,-,-,none,"Training provider: sells ICB payroll qualifications/courses, does not process payroll for clients.",-,Distance-learning college - explicitly excluded category.,accountancy-practice-payroll,medium
the-mgroup-partnership,The MGroup Partnership,themgroup.co.uk,GB,51-200,QUALIFIED,True,accountancy-practice-payroll,https://www.themgroup.co.uk/services/accountancy-services/payroll-and-pensions/,Chat with our team now and we'll handle everything accurately and compliantly for you.,strong,-,-,Oxford/Witney practice; payroll & pensions service line.,accountancy-practice-payroll,medium
ross-brooke-limited-chartered-accountants-newbury,"UHY Ross Brooke, Chartered Accountants",ross-brooke.co.uk,GB,51-200,QUALIFIED,True,accountancy-practice-payroll,https://www.ross-brooke.co.uk/what-we-do/payroll-paye-autoenrolment/,your choice of payroll bureau is essential to this objective,strong,-,-,UHY member firm running its own payroll bureau.,accountancy-practice-payroll,medium
aacsl-accountants-ltd,Aacsl Accountants,-,GB,51-200,QUALIFIED,True,accountancy-practice-payroll,https://aacsl.co.uk/services/,services for companies and bureaus on payroll services ... advising on tax and pay laws,weak,-,-,"Evidence pack was WRONG ENTITY (Bristol Myers Squibb supplier portal). Real site aacsl.co.uk, Harlow; payroll/PAYE confirmed by search.",accountancy-practice-payroll,medium
bakertilly-ireland,Baker Tilly Ireland,bakertilly.ie,IE,51-200,QUALIFIED,True,accountancy-practice-payroll,https://www.bakertilly.ie/services/financial-outsourcing/payroll,We provide a fully managed payroll service that allows you to focus on the development of your business.,strong,-,-,"Irish member firm (ROI - in scope), not the Baker Tilly International head office.",accountancy-practice-payroll,high
mle,MLE,-,GB,51-200,LIKELY,False,accountancy-practice-payroll,-,-,none,-,-,"MLE / Mleaccounting, Basingstoke; directory description lists payroll but no own-domain page in record.",accountancy-practice-payroll,medium
kpi-dot-com,kpi.com,kpi.com,GB,51-200,DISQUALIFIED,False,,https://www.kpi.com/en/payroll/,Efficient Payroll Solution Create Payruns for your employees and synchronise with accounting,strong,Competitor: all-in-one business SOFTWARE platform including a payroll module.,-,"Software vendor, not a service provider.",accountancy-practice-payroll,medium
accounts-digital,Accounts.Digital Ltd,accounts.digital,GB,51-200,QUALIFIED,True,accountancy-practice-payroll,http://www.accounts.digital/,"Accounts.Digital supports businesses with practical, reliable accountancy services, from bookkeeping and VAT to payroll, year-end accounts and management reporting.",strong,-,-,Accountants/bookkeepers offering payroll to clients.,accountancy-practice-payroll,medium
mm-associates,MM Associates,mmassociates.co.uk,GB,51-200,LIKELY,False,accountancy-practice-payroll,-,-,none,-,-,Newcastle practice; self-describes as small - verify headcount against the 11-staff floor before outreach.,accountancy-practice-payroll,medium
dains-scotland,Dains (Scotland),williamduncan.co.uk,GB,51-200,LIKELY,False,accountancy-practice-payroll,-,-,none,-,change of ownership - William Duncan + Co now Dains (Scotland),Evidence pack was only a 2021 Budget PDF on williamduncan.co.uk; firm now trades under Dains. Verify buying authority sits with Dains group.,accountancy-practice-payroll,medium
evans-&-co,Evans & Co,evansaccountants.co.uk,GB,51-200,QUALIFIED,True,accountancy-practice-payroll,https://evansaccountants.co.uk/services/payroll-management/,"At Evans Accountants, we take the pressure out of payroll by handling everything accurately and efficiently.",strong,-,-,Payroll and CIS handled for clients.,accountancy-practice-payroll,medium
fianderetl,Fiander ETL,fiandertovell.co.uk,GB,51-200,QUALIFIED,True,accountancy-practice-payroll,https://www.fiandertovell.co.uk/introduction-to-our-payroll-services/,Introduction to our Payroll Services,strong,-,part of ETL Group,"Southampton practice, now Fiander ETL.",accountancy-practice-payroll,medium
hjs-accountants,HJS Accountants,hjsaccountants.co.uk,GB,51-200,QUALIFIED,True,accountancy-practice-payroll,https://www.hjsaccountants.co.uk/services/outsourced-solutions/payroll,this is one task that you can outsource to an experienced team of accountants,strong,-,-,Payroll sits under Outsourced Solutions; Winchester/Southampton/Reading.,accountancy-practice-payroll,medium
rck-partners,RCK Partners,rck.partners,GB,51-200,DISQUALIFIED,False,,-,-,none,Specialist R&D / capital allowances tax consultancy; no payroll processing for clients.,-,RCK Partners sells tax incentive claims only.,accountancy-practice-payroll,medium
strata-financial,Strata Financial,stratafinancial.ie,IE,51-200,LIKELY,False,accountancy-practice-payroll,-,-,none,-,hiring - audit senior vacancy,"Top-20 Irish firm; only a payroll-tagged careers page found, no payroll service page.",accountancy-practice-payroll,medium
zgrp,Z group,welhat.gov.uk,GB,51-200,QUALIFIED,True,accountancy-practice-payroll,https://zgrp.co.uk/,"tax compliance (VAT, payroll, CIS, R&D & property tax)",weak,-,-,"Evidence pack was WRONG ENTITY (Welwyn Hatfield Borough Council). Real site zgrp.co.uk, Wandsworth ABS of accountants + solicitors.",accountancy-practice-payroll,medium
nomisuite,Nomi,nomi.co.uk,GB,51-200,DISQUALIFIED,False,,https://www.nomi.co.uk/campaigns/nomi-payroll-software/,Affordable Payroll Software for Accountants & Small Businesses,strong,Competitor: cloud accounting and payroll SOFTWARE suite sold to accountants.,-,Direct competitor to Brain Payroll.,accountancy-practice-payroll,medium
rowleys-group-llp,The Rowleys Partnership Ltd,rowleys.biz,GB,51-200,QUALIFIED,True,accountancy-practice-payroll,https://www.rowleys.biz/,Services - Audit - Accounting & Outsourcing - Payroll - Tax,strong,-,-,Leicestershire chartered accountants; payroll listed as a client service line.,accountancy-practice-payroll,medium
wilder-coe,Wilder Coe,wildercoe.co.uk,GB,51-200,QUALIFIED,True,accountancy-practice-payroll,https://www.wildercoe.co.uk/payroll-outsourcing/,"Wilder Coe has provided payroll outsourcing solutions for many years and proudly delivers a personal, bespoke service to all our clients.",strong,-,-,Engaged with CIPP National Payroll Week - good conversation hook.,accountancy-practice-payroll,medium
adlershine,Adler Shine,adlershine.com,GB,51-200,LIKELY,False,accountancy-practice-payroll,-,-,none,-,-,Business process outsourcing/treasury for clients; payroll not explicitly named on fetched pages.,accountancy-practice-payroll,medium
djh-bexley,DJH Bexley (formerly McBrides),mcbridesllp.com,GB,51-200,LIKELY,False,accountancy-practice-payroll,-,-,none,-,acquisition - McBrides joined DJH group April 2025,Now DJH Bexley; no payroll page found. Buying decision may have moved to DJH group.,accountancy-practice-payroll,medium
kilsbywilliams,Kilsby Williams,kilsbywilliams.com,GB,51-200,QUALIFIED,True,accountancy-practice-payroll,https://kilsbywilliams.com/services/accountancy-and-payroll/,Payroll Outsourcing South Wales - Kilsby Williams,strong,-,-,Leading independent south Wales practice.,accountancy-practice-payroll,high
watson-associates,Watson Associates,watsons.co.uk,GB,51-200,QUALIFIED,True,accountancy-practice-payroll,https://www.watsons.co.uk/services/payroll,Outsourcing payroll streamlines one of the most time-consuming and compliance-heavy aspects of business.,strong,-,-,Sussex practice with a payroll case study on site.,accountancy-practice-payroll,medium
caspianinsurance,Caspian Insurance,caspianinsurance.co.uk,GB,51-200,DISQUALIFIED,False,,-,-,none,Insurance/business protection broker - not an accountancy practice or payroll provider.,-,Caspian sells life and employee benefits cover.,accountancy-practice-payroll,medium
hsksg,Dains Accountants & Advisers (Derby),hsksgreenhalgh.co.uk,GB,51-200,LIKELY,False,accountancy-practice-payroll,-,-,none,-,acquisition - HSKS Greenhalgh now Dains,Description cites 'accounts and payroll' but no own-domain page in the pack; now part of Dains.,accountancy-practice-payroll,medium
asm-chartered-accountants-ireland,ASM Chartered Accountants Ireland,asmaccountants.com,IE,51-200,QUALIFIED,True,accountancy-practice-payroll,https://www.asmaccountants.com/the_big_picture/well-give-you-peace-of-mind/,By allowing ASM to take care of the operation of our payroll has enabled me to ensure staff are paid on time,strong,-,-,Client testimonial on own site; offices across NI and ROI.,accountancy-practice-payroll,medium
csg-ireland,CSG,csg.ie,IE,51-200,QUALIFIED,True,accountancy-practice-payroll,https://www.csg.ie/csg-payroll-services,"CSG's payroll services take the stress out of paying your people. From processing and payslips to compliance, pensions, and Revenue reporting",strong,-,-,Irish firm with a public payroll pricing calculator - active bureau.,accountancy-practice-payroll,medium
glazers-chartered-accountants,Glazers Chartered Accountants,glazers.co.uk,GB,51-200,QUALIFIED,True,accountancy-practice-payroll,https://www.glazers.co.uk/business-services/payroll/,"we have a dedicated team of specialists in our payroll department geared up to providing a timely, accurate and flexible service",strong,-,-,NW London practice with a dedicated payroll department.,accountancy-practice-payroll,medium
morris-crocker-chartered-accountants,Morris Crocker Chartered Accountants,morriscrocker.co.uk,GB,51-200,QUALIFIED,True,accountancy-practice-payroll,https://www.morriscrocker.co.uk/payroll/74/,Our inhouse payroll bureau provides you with a cost effective and trusted way of managing your payroll.,strong,-,-,Explicitly describes itself as an in-house payroll bureau.,accountancy-practice-payroll,medium
uhy-farrelly-dawe-white,UHY Farrelly Dawe White Limited,uhyfdw.ie,IE,51-200,QUALIFIED,True,accountancy-practice-payroll,https://www.uhyfdw.ie/our-services/payroll,Our payroll outsourcing services ensure that your employees are paid accurately and on time,strong,-,-,UHY member firm in Ireland; publishes outsourced-payroll thought leadership.,accountancy-practice-payroll,medium
accountex-portfolio,Accountex,-,GB,51-200,DISQUALIFIED,False,,-,-,none,"Trade exhibition/event organiser for the accounting community, not a payroll processor.",-,"Accountex is an events portfolio - relevant as an exhibiting opportunity, not a prospect.",accountancy-practice-payroll,medium
astonshaw,Aston Shaw,astonshaw.co.uk,GB,51-200,QUALIFIED,True,accountancy-practice-payroll,https://astonshaw.co.uk/payroll/,we can relieve this pressure with our fully outsourced payroll service available for businesses of any size and sector,strong,-,-,East Anglia practice across six offices.,accountancy-practice-payroll,medium
hwb-accountants,HWB Chartered Accountants,hwb-accountants.com,GB,51-200,QUALIFIED,True,accountancy-practice-payroll,https://www.hwb-accountants.com/services/payroll/,"Our outsourced payroll services manage employee compensation accurately and efficiently. As a professional payroll service provider, we offer comprehensive payroll solutions",strong,-,-,-,accountancy-practice-payroll,medium
merali's-chartered-accountants-&-registered-auditors,MERALI'S Chartered Accountants & Registered Auditors,meralisgroup.com,GB,51-200,QUALIFIED,True,accountancy-practice-payroll,https://www.meralisgroup.com/london/payroll/,We will make sure that no deadlines are missed and that your Businesses Payroll complies with HMRC'S Real Time Information reporting requirements,strong,-,-,-,accountancy-practice-payroll,medium
champion-accountants,Champion Accountants,championgroup.co.uk,GB,51-200,QUALIFIED,True,accountancy-practice-payroll,https://www.championgroup.co.uk/services/payroll/,"Free yourself from payroll headaches. Managing payroll is time-consuming, requiring compliance, accuracy, and fool-proof reliability.",strong,-,-,-,accountancy-practice-payroll,medium
the-wow-company,The Wow Company,thewowcompany.com,GB,51-200,QUALIFIED,True,accountancy-practice-payroll,https://www.thewowcompany.com/blog/jobs/payroll-adviser,"As a Payroll Adviser, you will be responsible for the smooth running of the payroll relationship with the client",strong,-,hiring payroll staff,Outsourced finance function for UK agencies/consultancies; payroll delivered within that.,accountancy-practice-payroll,medium
ustaxfs,USTAXFS,ustaxfs.com,GB,51-200,LIKELY,False,accountancy-practice-payroll,-,-,none,-,-,US/UK cross-border tax accounting firm; no payroll service line found on site. Payroll fit uncertain.,accountancy-practice-payroll,medium
wemandco,Wem & Co Chartered Accountants,wem.biz,GB,51-200,QUALIFIED,True,accountancy-practice-payroll,https://www.wem.biz/services/services-for-businesses/payroll/,"Our payroll service is quick, fully HMRC compliant and extremely efficient.",strong,-,-,-,accountancy-practice-payroll,medium
bright-grahame-murray,Bright Grahame Murray,bgm.co.uk,GB,51-200,QUALIFIED,True,accountancy-practice-payroll,https://www.bgm.co.uk/services/payroll-services,Bright Grahame Murray specialises in providing outsourced payroll services for businesses.,strong,-,-,-,accountancy-practice-payroll,medium
haslers,Haslers Chartered Accountants,haslers.com,GB,51-200,QUALIFIED,True,accountancy-practice-payroll,https://www.haslers.com/services/payroll-london-essex,"Reliable, secure and cost-effective payroll outsourcing.",strong,-,-,-,accountancy-practice-payroll,medium
kinore,"Kinore, Finance & Business Services",accountantonline.ie,IE,51-200,QUALIFIED,True,accountancy-practice-payroll,https://www.linkedin.com/company/accountantonline,"Kinore is a multi-award-winning chartered accountancy firm offering accounting, bookkeeping, payroll, and company secretarial services.",weak,-,-,Irish practice (accountantonline.ie). Payroll named in LinkedIn About; no dedicated payroll page captured.,accountancy-practice-payroll,medium
moore-thompson,Moore Thompson,moorethompson.co.uk,GB,51-200,QUALIFIED,True,accountancy-practice-payroll,https://www.moorethompson.co.uk/mt-pay-hr/,"Get expert payroll, automatic enrolment and HR advice from MT Pay & HR. Whether you need a comprehensive payroll service or specific HR advice",strong,-,-,"Runs a branded payroll arm, MT Pay & HR.",accountancy-practice-payroll,medium
caroola,Caroola,caroolagroup.com,GB,51-200,QUALIFIED,True,umbrella-contractor-payroll,https://caroolagroup.com/who-we-are/,"We are a market-leading professional services provider, specialising in employment and payroll solutions, alongside comprehensive accountancy and tax services.",strong,-,"change of ownership, merger or rebrand","Formerly Optionis Group; umbrella/contractor employment and payroll at scale, 300+ staff.",accountancy-practice-payroll,medium
cronin-&-company,Cronin,croninco.ie,IE,11-50,QUALIFIED,True,accountancy-practice-payroll,https://croninco.ie/services/outsourced-bookkeeping-payroll/,Outsourced Payroll & Bookkeeping Services. We ensure you maintain adequate accounting records with our flexible services,strong,-,-,-,accountancy-practice-payroll,high
hlb-ireland,HLB Ireland,hlb.ie,IE,51-200,QUALIFIED,True,accountancy-practice-payroll,https://www.hlb.ie/services/payroll-outsourcing/,We offer comprehensive payroll services that payroll professionals manage,strong,-,-,-,accountancy-practice-payroll,high
prime-chartered-accountants,Prime Accountants Group,primeaccountants.co.uk,GB,51-200,QUALIFIED,True,accountancy-practice-payroll,https://primeaccountants.co.uk/prime-accountants/accountant-services/corporate-accountant-services/payroll-services/,Payroll Services. As the leading firm of independent chartered accountants in the West Midlands,strong,-,investing in new payroll technology,Blog: 'We're investing in new payroll technology to serve you even better' - active payroll-tech buying interest.,accountancy-practice-payroll,medium
turpin-barker-armstrong,turpin barker armstrong,turpinbarkerarmstrong.co.uk,GB,51-200,LIKELY,False,accountancy-practice-payroll,-,-,none,-,-,Accountancy + licensed insolvency practitioners + IFA. Website is largely placeholder content; no payroll page found.,accountancy-practice-payroll,medium
nicklin-llp,DJH Halesowen (formerly Nicklin),nicklins.co.uk,GB,51-200,LIKELY,False,accountancy-practice-payroll,-,-,none,-,change of ownership / merger,Nicklin joined DJH group June 2025 and now trades as DJH Halesowen; check for duplication with DJH before outreach.,accountancy-practice-payroll,medium
hmrc-tax-investigations-enquiries-and-powers,HMRC Tax Investigations Enquiries and Powers,-,GB,51-200,DISQUALIFIED,False,,-,-,none,Not a payroll processor - an e-magazine/publisher covering HMRC investigations and enquiries for accountants and business owners.,-,-,accountancy-practice-payroll,medium
oasisaccountants,Oasis Accountants Limited,oasisaccountants.co.uk,GB,51-200,QUALIFIED,True,accountancy-practice-payroll,https://oasisaccountants.co.uk/services/business-accounting/payrolls/,Reliable payroll services to simplify your business accounting processes,strong,-,-,-,accountancy-practice-payroll,medium
eden-recruitment,Eden Recruitment,edenrecruitment.ie,IE,11-50,DISQUALIFIED,False,,-,-,none,Pure recruitment consultancy (Ireland) placing candidates with employers; no evidence of running payroll for clients or its own contractor payroll.,-,-,accountancy-practice-payroll,high
hcl-accountancy-limited,HCL Accountancy Limited,hclaccountancy.co.uk,GB,51-200,LIKELY,False,accountancy-practice-payroll,-,-,none,-,-,"Small Essex accountancy/bookkeeping practice; site lists services generically, no payroll page captured.",accountancy-practice-payroll,medium
hall-morrice,Hall Morrice LLP,hall-morrice.co.uk,GB,51-200,QUALIFIED,True,accountancy-practice-payroll,https://www.hall-morrice.co.uk/services/business-advisory/paye/,Employee Payroll Services in Aberdeen ... We ensure that our clients' employees are looked after,strong,-,-,-,accountancy-practice-payroll,medium
independent-trustee-company,Independent Trustee Company,independent-trustee.com,IE,51-200,DISQUALIFIED,False,,-,-,none,"Professional pension trustee company (ITC/ITL) providing pension and trust services, not payroll processing for client organisations.",-,-,accountancy-practice-payroll,medium
adaccountancy,AD Accountancy,accountsdirect.uk,GB,51-200,DISQUALIFIED,False,,-,-,none,"Accounts Direct/AD Accountancy states on its own site: 'We no longer provide bookkeeping or accountancy services' - now a business advisory practice only, so no client payroll.",-,-,accountancy-practice-payroll,medium
bates-weston,Bates Weston,batesweston.co.uk,GB,51-200,QUALIFIED,True,accountancy-practice-payroll,https://www.batesweston.co.uk/services/payroll/,Simple and stress-free payroll with expert payroll accountants,strong,-,-,-,accountancy-practice-payroll,medium
burgis-&-bullock,Burgis & Bullock Chartered Accountants,burgisbullock.com,GB,51-200,QUALIFIED,True,accountancy-practice-payroll,https://www.burgisbullock.com/wp-content/uploads/2021/10/payroll-services-privacy-notice-v4.pdf,Privacy Notice - Payroll Bureau Service. This privacy notice explains how Burgis & Bullock uses any personal information we collect about you and your employees in order to process your Payroll.,strong,-,-,Runs a named Payroll Bureau service line.,accountancy-practice-payroll,medium
critchleys,Critchleys,critchleys.co.uk,GB,51-200,DISQUALIFIED,False,,-,-,none,"Acquired - Critchleys joined challenger firm Gravita (Oct 2024); critchleys.co.uk now serves Gravita content. Approach the acquirer, Gravita, instead.",-,-,accountancy-practice-payroll,medium
newman-&-partners,RDP Newmans LLP,rdpnewmans.com,GB,51-200,QUALIFIED,True,accountancy-practice-payroll,https://rdpnewmans.com/services/payroll-hr/,Paying your staff correctly and on time is essential ... problems that can arise from maintaining in-house payroll,strong,-,-,-,accountancy-practice-payroll,medium
raffingers,Raffingers,raffingers.co.uk,GB,51-200,LIKELY,False,accountancy-practice-payroll,-,-,none,-,-,Site behind a bot-verification wall so no payroll page could be read; LinkedIn description references helping small businesses manage their payroll.,accountancy-practice-payroll,medium
accountancy-ltd,Accountancy Ltd,nsaccountancy.co.uk,GB,51-200,LIKELY,False,accountancy-practice-payroll,-,-,none,-,-,"NS Accountancy, North Shields - accountants, bookkeepers and taxation technicians; services page captured without payroll detail.",accountancy-practice-payroll,medium
apex-professional,Apex,apex-professional.com,GB,51-200,DISQUALIFIED,False,,-,-,none,"Training/compliance consultancy - provides audit file reviews, CPD training and coaching to firms of accountants and auditors; does not process payroll.",-,-,accountancy-practice-payroll,medium
darnells,Darnells Chartered Accountants & Business Advisers,darnells.co.uk,GB,51-200,QUALIFIED,True,accountancy-practice-payroll,https://www.darnells.co.uk/services/payroll/,Outstanding payroll services to enhance your business ... Let our team support yours with streamlined payroll,strong,-,-,-,accountancy-practice-payroll,medium
greenandpurple,Green & Purple,greenandpurple.net,GB,51-200,QUALIFIED,True,accountancy-practice-payroll,https://www.linkedin.com/company/green-purple,We work with entrepreneurs and their growing businesses providing a scalable outsourced accounts department to deal with everything from bookkeeping and payroll,weak,-,-,"CFO-led virtual finance team; payroll named in LinkedIn About, website pages describe the outsourced finance function generally.",accountancy-practice-payroll,medium
rothmans-chartered-accountants,Rothmans Chartered Accountants,rothmansllp.com,GB,51-200,QUALIFIED,True,accountancy-practice-payroll,https://rothmansllp.com/service/payroll-and-auto-enrolment/,We administer payroll for many of our clients. By outsourcing your payroll function you will benefit,strong,-,-,-,accountancy-practice-payroll,medium
the-panel,The Panel,thepanel.com,IE,11-50,QUALIFIED,True,recruitment-umbrella-contractor-payroll,https://thepanel.com/contract-and-payroll-management/,The Panel provides end-to-end contract and payroll management services to our clients. We have a dedicated team that serves this area,strong,-,-,Irish recruitment consultancy running its own in-house contractor payroll operation - the rubric's recruiter exception.,accountancy-practice-payroll,high
accountax-consultants-uk-limited,Accountax Uk Limited,acountax.co.uk,GB,51-200,QUALIFIED,True,accountancy-practice-payroll,https://acountax.co.uk/payroll-pension-services/,Accountax specialize in delivering expert payroll and pension solutions in London & across the UK,strong,-,-,-,accountancy-practice-payroll,medium
the-prince-s-accounting-for-sustainability-project,Accounting for Sustainability (A4S),accountingforsustainability.org,GB,51-200,DISQUALIFIED,False,,-,-,none,Not-for-profit initiative/charity (founded by HM King Charles III) convening CFO networks on sustainable finance; no commercial payroll service.,-,-,accountancy-practice-payroll,medium
advaloremgroup,Ad Valorem Group,advaloremgroup.uk,GB,51-200,QUALIFIED,True,accountancy-practice-payroll,https://careers.advaloremgroup.uk/payroll-team/,"Our Payroll team plays a vital role in supporting our clients and their people, ensuring employees are paid accurately, on time, and in full compliance",strong,-,hiring payroll staff,Careers page advertises payroll roles - active payroll team growth.,accountancy-practice-payroll,medium
arnold-hill-&-co-llp,Arnold Hill & Co LLP,arnoldhill.co.uk,GB,51-200,QUALIFIED,True,accountancy-practice-payroll,https://www.arnoldhill.co.uk/payroll-services,Tailored Payroll Services Supporting businesses in London and beyond,strong,-,-,-,accountancy-practice-payroll,medium
clarksonhydeglobal,Clarkson Hyde Global,clarksonhydeglobal.com,GB,51-200,DISQUALIFIED,False,,-,-,none,"Network head office - Clarkson Hyde Global is an international association of independent member firms; payroll sits with the members, not the association.",-,-,accountancy-practice-payroll,medium
nordens-chartered-accountants-&-business-advisers,Nordens Chartered Accountants,nordens.co.uk,GB,51-200,LIKELY,False,accountancy-practice-payroll,-,-,none,-,-,"Pack flagged domain mismatch; nordens.co.uk is genuinely Nordens but the payroll URL now redirects to a Cloud Accounting page and the outsourced-services page 404s, so payroll could not be confirmed.",accountancy-practice-payroll,medium
ukpa,UK Property Accountants,ukpropertyaccountants.co.uk,GB,51-200,QUALIFIED,True,accountancy-practice-payroll,https://www.ukpropertyaccountants.co.uk/services/payroll-outsourcing-services/,Payroll Outsourcing Services for Property & CIS. From Pay As You Earn (PAYE) administration and Construction Industry Scheme (CIS) management,strong,-,-,Property-sector practice with PAYE + CIS payroll outsourcing.,accountancy-practice-payroll,medium
wilson-gunn-patent-&-trade-mark-attorneys,Wilson Gunn | Patent & Trade Mark Attorneys,wilsongunn.com,GB,51-200,DISQUALIFIED,False,,-,-,none,Firm of patent and trade mark attorneys (IP law practice) - does not process payroll for clients.,-,-,accountancy-practice-payroll,medium
alexander-&-co-chartered-accountants,Alexander & Co Chartered Accountants,alexander.co.uk,GB,11-50,QUALIFIED,True,accountancy-practice-payroll,https://alexander.co.uk/about-alexander-co/our-people/jenny-kenna/,"Jenny Kenna is Alexander & Co's Payroll Manager. She has extensive experience overseeing end-to-end payroll operations, ensuring accuracy, compliance and efficiency across all processes.",weak,-,-,Dedicated payroll manager and payroll accountant serving clients; no standalone payroll service page captured.,accountancy-practice-payroll,medium
gmcg-chartered-accountants-group,GMcG Chartered Accountants,gmcgca.com,GB,51-200,QUALIFIED,True,accountancy-practice-payroll,https://gmcgca.com/tax-vat/payroll-bureau,Our BACS-approved Payroll Bureau allows you to outsource a key function of your business,strong,-,-,Northern Ireland practice running a BACS-approved payroll bureau.,accountancy-practice-payroll,medium
hart-shaw-chartered-accountants-and-business-advisers,Hart Shaw Chartered Accountants and Business Advisers,hartshaw.co.uk,GB,51-200,QUALIFIED,True,accountancy-practice-payroll,https://www.hartshaw.co.uk/services/managed-finance-solutions/payroll,"Payroll. No matter the size of your business, our payroll service is delivered as part of our managed finance solutions",strong,-,-,-,accountancy-practice-payroll,medium
jsk-cca,JSK,-,GB,51-200,LIKELY,False,accountancy-practice-payroll,-,-,none,-,-,No domain on record; firm of Chartered Certified Accountants and Business Advisors - could not verify a payroll service line.,accountancy-practice-payroll,medium
javed-co,Javed & Co,javed.co.uk,GB,51-200,LIKELY,False,accountancy-practice-payroll,-,-,none,-,-,Birmingham chartered accountancy practice since 1978; services page captured without payroll detail.,accountancy-practice-payroll,medium
lewis-golden-llp,Lewis Golden LLP,lewisgolden.com,GB,51-200,QUALIFIED,True,accountancy-practice-payroll,https://www.lewisgolden.com/business-services/payroll/,Using our specialist payroll services means peace of mind about the confidentiality of your staff salary and benefits information.,strong,-,-,-,accountancy-practice-payroll,medium
rpg-chartered-accountants,RPG Chartered Accountants,rpg.co.uk,GB,51-200,QUALIFIED,True,accountancy-practice-payroll,https://rpg.co.uk/payroll/,We fully understand that managing the payroll process is one of the most critical undertakings for any employer.,strong,-,-,-,accountancy-practice-payroll,medium
rossmckinley,Ross Mckinley Accountants,rossmckinley.com,GB,51-200,QUALIFIED,True,accountancy-practice-payroll,https://rossmckinley.com/services/payroll-accountants-london/,Ross McKinley offers payroll services in London to ensure the company payroll is accurate and timely,strong,-,-,-,accountancy-practice-payroll,medium
sargent-disc-ltd,Sargent-Disc,sargent-disc.com,GB,51-200,QUALIFIED,True,payroll-bureau,https://www.sargent-disc.com/services/payroll-residuals/,Sargent-Disc is proud to be the UK entertainment industry's leading supplier of payroll and residual services.,strong,-,change of ownership - now a Cast & Crew company,"Film/TV production payroll bureau. Caution: owned by US Cast & Crew and also sells its own production accounting software, so partly competitor-adjacent.",accountancy-practice-payroll,medium
fd-solutions,FD Solutions,-,GB,51-200,LIKELY,False,accountancy-practice-payroll,-,-,none,-,-,Evidence pack is wrong entity (unrelated scoreapp quiz landing pages). FD Solutions supplies 22 employed part-time Finance Directors; payroll service unverified.,accountancy-practice-payroll,medium
fawcetts,Fawcetts LLP,fawcetts.co.uk,GB,51-200,QUALIFIED,True,accountancy-practice-payroll,https://www.fawcetts.co.uk/our-services/payroll/,"Whatever type of business you operate, if you have employees then you will have to contend with payroll and associated taxes",strong,-,-,Also publishes a formal Schedule of Professional Services for Payroll Services.,accountancy-practice-payroll,medium
mitchells,Mitchells,mitchells.org,GB,51-200,QUALIFIED,True,accountancy-practice-payroll,https://www.mitchells.org/resources/your-business/paye-nics-and-benefits/payroll-basic-procedures,"If your business is in the Cheltenham area we, at Mitchells, can help you to set up and run your payroll",weak,-,-,Payroll offered via the practice's resources/guidance pages rather than a dedicated service page.,accountancy-practice-payroll,medium
prydis,Prydis,prydis.com,GB,51-200,QUALIFIED,True,accountancy-practice-payroll,https://prydis.com/accountancy/payroll/,"Payroll Services. Running payroll is a critical part of business, but it can quickly become complex, time-consuming, and risky if handled incorrectly",strong,-,-,-,accountancy-practice-payroll,medium
base-practice-support-ltd,Base Practice Support (Baseline Practice Support SMC-PVT Ltd),basepracticesupport.co.uk,GB,51-200,LIKELY,False,accountancy-practice-payroll,-,-,none,-,-,Outsourcing provider doing accounts/VAT/tax work FOR UK accountancy practices; payroll not explicitly confirmed. Legal entity 'SMC-PVT Ltd' suggests offshore (Pakistan) delivery - verify UK HQ.,accountancy-practice-payroll,medium
moore-east-midlands-corby-and-peterborough-offices,Moore East Midlands,moorestephens.com,GB,51-200,QUALIFIED,True,accountancy-practice-payroll,https://www.moore.co.uk/locations/east-midlands/,"They provide the core services of accounts, tax advice, and audit services, and also offer a complete payroll service",weak,-,-,"Recorded domain moorestephens.com resolves to the unrelated Channel Islands firm; the real site is moore.co.uk/locations/east-midlands (Corby, Peterborough, Northampton).",accountancy-practice-payroll,high
langtons,Langtons,langtonsliverpool.com,GB,51-200,LIKELY,False,accountancy-practice-payroll,-,-,none,-,-,"Independent chartered accountants, Liverpool; no evidence pages returned so payroll unverified.",accountancy-practice-payroll,medium
ward-williams,Ward Williams Chartered Accountants,wardwilliams.co.uk,GB,51-200,QUALIFIED,True,accountancy-practice-payroll,https://www.wardwilliams.co.uk/business-client-services/outsourced-solutions/payroll/,Ward Williams personalise all our payroll outsourcing services to our clients,strong,-,-,-,accountancy-practice-payroll,medium
williams-stanley-and-co,Williams Stanley and Co,williamsstanley.co,GB,51-200,QUALIFIED,True,accountancy-practice-payroll,https://williamsstanley.co/services/hospitality-payroll-services/,"Hospitality Payroll Services for Restaurants, Bars & Hotels. Payroll in hospitality isn't straightforward.",strong,-,-,"Hospitality-specialist practice with a payroll case study - high-volume, shift-based payroll.",accountancy-practice-payroll,medium
arna-accounting,ARNA Accounting,arnaaccounting.com,GB,51-200,LIKELY,False,accountancy-practice-payroll,-,-,none,-,-,"ARNA Ltd (Richmond) - outsourced property/service-charge accounting, bookkeeping and payment processing; payroll service not evidenced. Offshore delivery team.",accountancy-practice-payroll,medium
insight-international-uk-ltd,Insight International (UK),insightinc.co.uk,GB,51-200,QUALIFIED,True,umbrella-contractor-payroll,https://insightinc.co.uk/our-services/,"Manpower Support Services on Permanent and Contractual Hiring, Software Development Services, Payroll and Compliance Services",weak,-,-,IT services/manpower firm offering payroll and compliance services to clients; also builds its own software products - check it is not a payroll-software competitor before outreach.,accountancy-practice-payroll,medium
moore-scarrott-group,Moore Scarrott Group,moore-scarrott.co.uk,GB,51-200,LIKELY,False,accountancy-practice-payroll,-,-,none,-,-,"Group of specialist accountancy companies (medical, commercial, equine); payroll not evidenced on the captured pages.",accountancy-practice-payroll,medium
onf-chartered-accountants,O'Neill Foley,onf.ie,IE,51-200,QUALIFIED,True,accountancy-practice-payroll,https://onf.ie/team/jane-doe-5/,Amy Maclean is Manager of the O'Neill Foley's Payroll Department,weak,-,-,"Largest independent practice in SE Ireland; a standing Payroll Department serving clients, no dedicated service page captured.",accountancy-practice-payroll,high
stewart-&-co,Stewart & Co.,stewartco.co.uk,GB,51-200,QUALIFIED,True,accountancy-practice-payroll,https://www.stewartco.co.uk/our-services/outsourcing-payroll/,Outsourced Payroll Services: Surrey Payroll Company - Stewart & Co. # Payroll Explore our full payroll services below or contact us for more information. #### Outsourced Payroll Our experienced friend,strong,-,-,-,accountancy-practice-payroll,medium
lewis-brownlee-chartered-accountants,Lewis Brownlee Chartered Accountants & Tax Advisers,lewisbrownlee.co.uk,GB,51-200,QUALIFIED,True,accountancy-practice-payroll,https://www.lewisbrownlee.co.uk/payroll/,Payroll Services in Hampshire & West Sussex - Lewis Brownlee Chartered Accountants 01243 782 423 LetsTalk@lewisbrownlee.co.uk # Payroll Services in Hampshire and West sussex The right beat for your bu,strong,-,-,-,accountancy-practice-payroll,medium
tax-advisory-partnership,Tax Advisory Partnership,taxadvisorypartnership.com,GB,51-200,QUALIFIED,True,accountancy-practice-payroll,https://www.taxadvisorypartnership.com/employer-solutions/payroll,Payroll Services UK | Expert Payroll Providers for Small Businesses & Large Organisations Search This is a search field with an auto-suggest feature attached. ### Personal Tax Expert assistance with t,strong,-,-,"evidence_domain_matches_company flagged false, but all evidence pages are on the company own domain - flag looks spurious.",accountancy-practice-payroll,medium
alextra-accountants-limited,Alextra Accountants,alextragroup.co.uk,GB,51-200,QUALIFIED,True,accountancy-practice-payroll,https://alextragroup.co.uk/what-we-do/payroll-solutions/,Payroll Solutions - Alextra Accountants # Payroll Solutions Outsourcing your payroll can be more efficient and cheaper than dealing with it in house. Our service will enable you to free up your time a,strong,-,-,-,accountancy-practice-payroll,medium
brown-butler-chartered-accountants,Brown Butler Chartered Accountants,brownbutler.com,GB,51-200,QUALIFIED,True,accountancy-practice-payroll,https://www.brownbutler.com/services/payroll/,Payroll - Brown Butler 0113 246 1234 0113 246 1234 # Payroll > Our outsourced payroll service gives business owners more time to run their organisation and make significant savings on overheads. Disco,strong,-,-,Runs a named payroll bureau.,accountancy-practice-payroll,medium
klsa,KLSA,klsa.net,GB,51-200,QUALIFIED,True,accountancy-practice-payroll,https://www.klsa.net/services/business/payroll/,"Payroll | KLSA LLP | London ## Make life easy – cost-effective payroll outsourcing solution for your business, no matter small or large. Administering your payroll can be time consuming and burdensome",strong,-,-,-,accountancy-practice-payroll,medium
msp-capital,MSP Capital,mspcapital.co.uk,GB,51-200,DISQUALIFIED,False,,-,-,none,"Property development and bridging lender; end employer only, no payroll services for clients.",-,-,accountancy-practice-payroll,medium
newby-castleman,Newby Castleman,newbycastleman.co.uk,GB,51-200,QUALIFIED,True,accountancy-practice-payroll,https://www.newbycastleman.co.uk/our-services/payroll-and-bookkeeping/,Payroll & Bookkeeping Services in Leicester - Newby Castleman # PayRoll & Bookkeeping Administering your payroll can be both a time consuming and burdensome job that diverts energy and resources from,strong,-,-,-,accountancy-practice-payroll,medium
wheelers,Wheelers Chartered Accountants & Tax Consultants,wheelers.co.uk,GB,11-50,QUALIFIED,True,accountancy-practice-payroll,https://www.wheelers.co.uk/accountancy-services/payroll/,Payroll | Wheelers Business Services # Payroll ### All business services To our advisory services Back to all accountancy services We have a dedicated payroll department offering a full range of payro,strong,-,-,-,accountancy-practice-payroll,medium
whitelaw-wells,Whitelaw Wells,whitelawwells.co.uk,GB,51-200,QUALIFIED,True,accountancy-practice-payroll,https://www.whitelawwells.co.uk/services/payroll-and-employee-services/,Payroll - Whitelaw Wells - Quick Contacts - Glasgow 0141 673 3385 (01416733385) - Edinburgh 0131 226 5822 (01312265822) - North Berwick 01620 892090 (01620892090) # Payroll We offer flexible payroll s,strong,-,-,-,accountancy-practice-payroll,medium
jcp-consultancy-talent-search-49a768184,Part Time FD,-,GB,51-200,LIKELY,False,accountancy-practice-payroll,-,-,none,-,-,"Part-time/portfolio FD service; no website evidence returned. Leans exit-readiness advisory, so payroll fit is uncertain.",accountancy-practice-payroll,medium
thp-limited,THP | Chartered Accountants,thp.co.uk,GB,51-200,QUALIFIED,True,accountancy-practice-payroll,https://www.thp.co.uk/accountancy-services/business-accounting-services/payroll-outsourcing/,Payroll Outsourcing - THP Chartered Accountants Call Today 0800 6520 025 (08006520025) Call Today: 0800 6520 025 (08006520025) or call me back # Payroll Outsourcing Hello. My name’s Debbie West and I’,strong,-,-,-,accountancy-practice-payroll,medium
taxassist-accountants-ireland,TaxAssist Accountants Ireland,taxassist.ie,IE,11-50,QUALIFIED,True,accountancy-practice-payroll,https://www.taxassist.ie/our-services/payroll,"Payroll Services Ireland | Outsourced Payroll Experts | TaxAssist Accountants # Payroll Services Outsource your payroll to TaxAssist Accountants. We manage your payroll from start to finish, removing",strong,-,-,National franchise head office for Ireland; payroll delivered through local franchised offices - confirm who buys software.,accountancy-practice-payroll,medium
afford-bond-llp,Afford Bond Chartered Accountants,affordbond.co.uk,GB,51-200,QUALIFIED,True,accountancy-practice-payroll,https://www.affordbond.co.uk/services/payroll/,"Payroll | Afford Bond | Nantwich | Wilmslow enquiries@affordbond.com ## Outsourced Payroll support We’ve been providing a specialist payroll service for over 40 years. With us, you’ll get your return",strong,-,-,-,accountancy-practice-payroll,medium
amatino-partners,Amatino,amatino.ie,IE,51-200,QUALIFIED,True,accountancy-practice-payroll,https://www.amatino.ie/outsource-your-accounts/,"fied team. Whether it’s bookkeeping and accounts, credit control, secretarial services or payroll, Amatino can provide the administrative support you need. Our focus is on cost-effective, practical so",strong,-,-,-,accountancy-practice-payroll,medium
consilium-chartered-accountants,Consilium Chartered Accountants,consiliumca.com,GB,51-200,QUALIFIED,True,accountancy-practice-payroll,https://consiliumca.com/business-services/payroll-services/,Payroll | Business Services | Consilium Accountants Business Services Accounting - Audit - Charity Auditors and Advisors Corporate Finance Tax Services Business Challenges About Consilium Careers Expe,strong,-,-,-,accountancy-practice-payroll,medium
dte-business-advisers-ltd,DJH Bury (Formerly DTE Business Advisers),dtegroup.com,GB,51-200,LIKELY,False,accountancy-practice-payroll,-,-,none,-,-,Now DJH Bury (formerly DTE Business Advisers); dedupe against DJH group.,accountancy-practice-payroll,high
fact3,FACT3,fact3.co.uk,GB,51-200,QUALIFIED,True,accountancy-practice-payroll,https://www.fact3.co.uk/payroll,"Outsourced Payroll Services - North West — Fact3 ## Stress-free, compliant Payroll for your business Running payroll shouldn’t feel like a gamble every month. Yet for many businesses, it’s a constant",strong,-,-,Co-sourced accounting/HR/IT provider to SMEs.,accountancy-practice-payroll,medium
lambert-chapman-llp,Lambert Chapman LLP,lambert-chapman.co.uk,GB,51-200,QUALIFIED,True,accountancy-practice-payroll,https://www.lambert-chapman.co.uk/services/business-support/payroll/,"Payroll Services in Braintree & Essex | Lambert Chapman 01376 326266 (01376326266) info@lambert-chapman.co.uk # Payroll Payroll services in Braintree, Essex and beyond. Outsource payroll, HMRC complia",strong,-,-,-,accountancy-practice-payroll,medium
lawrence-grant-chartered-accountants,Lawrence Grant LLP,lawrencegrant.co.uk,GB,51-200,LIKELY,False,accountancy-practice-payroll,-,-,none,-,-,Payroll not mentioned on pages in pack; 51-200 practice.,accountancy-practice-payroll,medium
nunn-hayward,Nunn Hayward LLP,nhllp.com,GB,51-200,QUALIFIED,True,accountancy-practice-payroll,https://www.nhllp.com/services/for-business/financial-reporting/payroll,Payroll Gerrards Cross : Nunn Hayward ## Accessibility links - Skip to content - Accessibility Help You are using an outdated browser. Upgrade your browser today for a better experience of this site a,strong,-,-,-,accountancy-practice-payroll,medium
wilson-wright-,Wilson Wright,wilsonwright.com,GB,51-200,DISQUALIFIED,False,,-,-,none,Merged into BKL - the website now trades as BKL; contact the acquirer BKL instead.,-,-,accountancy-practice-payroll,medium
bandadvisors,BAND,weareband.co.uk,GB,51-200,LIKELY,False,accountancy-practice-payroll,-,-,none,-,-,Accounting + HR outsourcing for creative businesses; no payroll mention on pages in pack.,accountancy-practice-payroll,medium
baker-tilly-mooney-moore,Baker Tilly Mooney Moore,bakertillymooneymoore.co.uk,GB,51-200,QUALIFIED,True,accountancy-practice-payroll,https://www.bakertillymooneymoore.co.uk/services/business-services/payroll-services,Baker Tilly | Payroll Services # Payroll Services People-centered support Connect with our experts People-centered support Connect with our experts ## Cost effective and comprehensive payroll manageme,strong,-,-,-,accountancy-practice-payroll,medium
cbsl-people-limited,CBSL Accountants,cbslgroup.com,GB,11-50,QUALIFIED,True,accountancy-practice-payroll,https://www.cbslgroup.com/services/payroll-and-pensions,Payroll and Pensions | CBSL Accountants | Shrewsbury Shropshire 01743 249 992 (01743249992) enquiries@cbslgroup.com # Payroll and Pensions We provide a comprehensive and confidential payroll and pensi,strong,-,-,-,accountancy-practice-payroll,medium
chantrey-vellacott-dfk,Chantrey Vellacott see Moore Stephens,-,GB,51-200,DISQUALIFIED,False,,-,-,none,Defunct: Chantrey Vellacott DFK LLP merged into Moore Stephens LLP (1 May 2018); Moore Stephens LLP subsequently merged into BDO LLP. No longer a trading entity.,-,LinkedIn page redirects readers to Moore Stephens UK.,accountancy-practice-payroll,medium
complete-accounting-solutions,Complete Accounting Solutions,completeaccountingsolutions.co.uk,GB,51-200,QUALIFIED,True,accountancy-practice-payroll,https://completeaccountingsolutions.co.uk/,icient and compliant tax structure for both your organisation and important stakeholders. Payroll​ Our payroll department ensures compliance with HM Revenue & Customs and UK legislation giving you pea,strong,-,-,-,accountancy-practice-payroll,medium
dre-&-co-chartered-accountants,DRE & Co Chartered Accountants,dre.co.uk,GB,51-200,QUALIFIED,True,accountancy-practice-payroll,https://dre.co.uk/services/payroll/,"Payroll - D.R.E. & Co. - Accountants in Oswestry, Shrewsbury, Ludlow, Newtown, Wrexham # Payroll Our experienced payroll team uses the latest available software and offers a fast, friendly and confide",strong,-,-,"evidence_domain_matches_company flagged false, but pages are D.R.E. & Co own site - flag looks spurious.",accountancy-practice-payroll,medium
kirk-newsholme,Kirk Newsholme Chartered Accountants & Business Advisors,kirknewsholme.co.uk,GB,51-200,QUALIFIED,True,accountancy-practice-payroll,https://www.kirknewsholme.co.uk/our-services/tax-planning-services/payroll-services-bureau/,"Payroll Services in Leeds, Yorkshire | Kirk Newsholme Client Login | Telephone: 03332 401 333 (03332401333) | Email: enquiries@kirknewsholme.co.uk ### Do you need help with your payroll processing? Wh",strong,-,-,Payroll services bureau page.,accountancy-practice-payroll,medium
mark-j-rees,Mark J Rees LLP,markjrees.co.uk,GB,51-200,QUALIFIED,True,accountancy-practice-payroll,https://www.markjrees.co.uk/services/services-for-business/payroll,owser. Upgrade your browser today for a better experience of this site and many others. # Payroll 1. Services 2. Services for business Your time is most usefully spent working on your business rather,strong,-,-,-,accountancy-practice-payroll,medium
wmt-chartered-accountants,Moore Kingston Smith – Herts | Beds | Bucks,wmtllp.com,GB,51-200,QUALIFIED,True,accountancy-practice-payroll,https://mooreks.co.uk/services/advisory/payroll/,Payroll,weak,-,merger/acquisition - WMT joined Moore Kingston Smith,Evidence pack was a placeholder wmtllp.com site; verified on the real mooreks.co.uk instead. Regional office of Moore Kingston Smith LLP.,accountancy-practice-payroll,medium
walter-dawson-son,Walter Dawson & Son,walterdawson.co.uk,GB,51-200,QUALIFIED,True,accountancy-practice-payroll,https://www.walterdawson.co.uk/services/payroll/,"WDS provides outsourced payroll services for established businesses across Yorkshire, processing weekly, fortnightly and monthly payrolls for clients with teams of all sizes.",strong,-,-,-,accountancy-practice-payroll,medium
yrh-finance-team,YRH Finance Team,yrhfinanceteam.co.uk,GB,51-200,QUALIFIED,True,accountancy-practice-payroll,https://yrhfinanceteam.co.uk/yrh-services/daily-financial-management/payroll-pensions-services/,Payroll is more than processing numbers - it's ensuring your team is paid accurately and on time while maintaining complete compliance. Our specialist...,strong,-,-,Outsourced part-time finance function provider; payroll is a named service line.,accountancy-practice-payroll,medium
2020-innovation,2020 Innovation,2020innovation.com,GB,51-200,DISQUALIFIED,False,,-,-,none,"Membership, training and consultancy body for UK accountancy practices - it does not process payroll itself. Wagemate, the payroll bureau on its site, is a third-party partner offering members a revenue share.",-,Reads like a payroll provider but is selling partner referrals and CPD webinars.,accountancy-practice-payroll,medium
bfcd,BFCD,bfcd.ie,IE,11-50,LIKELY,False,accountancy-practice-payroll,-,-,none,-,-,Dublin chartered accountancy practice (11-50). Site fetched but no payroll page found; nothing contradicting a payroll service line.,accountancy-practice-payroll,high
joinmimo,Mimo,mimohq.com,GB,51-200,DISQUALIFIED,False,,-,-,none,"Software/fintech vendor: Mimo sells an accounting-firm platform that executes payroll payment runs. Product pages, not service pages - competitor/adjacent vendor, not a buyer.",-,mimohq.com/workflows/payroll is a product page with 'Book a demo'.,accountancy-practice-payroll,medium
ashmole-and-co,Ashmole and Co,ashmole.co.uk,GB,51-200,QUALIFIED,True,accountancy-practice-payroll,https://www.ashmole.co.uk/cymraeg/ein-gwasanaethau/cyflogres-payroll/,Bydd ein tim cyflogres pwrpasol yn e... (Welsh-language payroll services page: 'our dedicated payroll team'),strong,-,-,Welsh/English bilingual practice; payroll page served in Welsh in the pack.,accountancy-practice-payroll,medium
dainsireland,Dains Ireland - Chartered Accountants and Business Advisers,mcinerneysaunders.ie,IE,51-200,QUALIFIED,True,accountancy-practice-payroll,https://dains.ie/payroll-services-in-ireland-for-uk-and-international-businesses/,"Start strong in Ireland. Let us handle your payroll with precision, discretion and care.",strong,-,-,"Duplicate record of index 27 (same firm, dains.ie). Evidence pack was empty on this record; taken from the duplicate.",accountancy-practice-payroll,medium
lightyearcloud,Lightyear,lightyear.cloud,GB,51-200,DISQUALIFIED,False,,-,-,none,Software vendor: Lightyear is a cloud purchasing/accounts-payable automation app sold to businesses and accountants. It does not process payroll for clients.,-,"Not a payroll competitor as such, but sells software rather than payroll services.",accountancy-practice-payroll,medium
plus-accounting-chartered-accountants,"Plus Accounting, Chartered Accountants",plusaccounting.co.uk,GB,51-200,QUALIFIED,True,accountancy-practice-payroll,https://www.plusaccounting.co.uk/services/strategic-partners/payroll/,"Administering your payroll can be time-consuming and burdensome, diverting energy and resources from the core activities of your business.",strong,-,-,"Published payroll pricing schedule (per payslip, per payroll run) confirms a bureau operation.",accountancy-practice-payroll,medium
armstrongwatson-glasgow,Armstrong Watson Glasgow,maco.co.uk,GB,51-200,QUALIFIED,True,accountancy-practice-payroll,https://www.maco.co.uk/guides/payroll-employer-servces-guide/,Do you need an easier and more efficient way to manage your payroll? Processing payroll in-house can be a significant investment between expensive software...,strong,-,merger/acquisition - Martin Aitken joined Armstrong Watson,"Record is Martin Aitken & Co (maco.co.uk), now Armstrong Watson's Glasgow office.",accountancy-practice-payroll,medium
condies,Dains Scotland (Formerly Condies - Accountants & Advisors),condie.co.uk,GB,51-200,QUALIFIED,True,accountancy-practice-payroll,https://www.dains.com/services/payroll/,"Reliable, fully managed payroll services combining practical expertise with robust, HMRC-compliant software to give you confidence in your numbers.",strong,-,merger/acquisition - Condies rebranded to Dains,condie.co.uk now 301s to dains.com; Dains Scotland office.,accountancy-practice-payroll,medium
elemental-cosec,Elemental CoSec,elementalcosec.com,GB,51-200,QUALIFIED,True,accountancy-practice-payroll,https://www.elementalcosec.com/elemental-achieves-payroll-accreditation-from-cipp/,Elemental is delighted to announce that it has been awarded the Payroll Assurance Scheme (PAS)...,weak,-,CIPP Payroll Assurance Scheme accreditation (Dec 2024),Corporate services/cosec firm; CIPP payroll accreditation implies a client payroll operation. No dedicated payroll service page found.,accountancy-practice-payroll,medium
hardcastle-burton-llp,Hardcastle Burton,hardcastle-burton.co.uk,GB,51-200,QUALIFIED,True,accountancy-practice-payroll,https://hardcastle-burton.co.uk/services/payroll/,Employees are key to your business making payroll an important task for any business owner. There are many rules and regulations to comply with...,strong,-,payroll supervisor hired 2024,-,accountancy-practice-payroll,high
wearemap,MAP,wearemap.co.uk,GB,51-200,QUALIFIED,True,accountancy-practice-payroll,https://wearemap.co.uk/how-we-can-help-you/,Dedicated professionals providing a full and systemised finance function to digital creative agencies.,weak,-,-,Outsourced finance function for digital agencies; payroll handled as part of the finance function rather than a standalone service page.,accountancy-practice-payroll,medium
thompson-jenner-llp,Thompson Jenner,thompson-jenner.co.uk,GB,51-200,QUALIFIED,True,accountancy-practice-payroll,http://thompson-jenner.co.uk/service/payroll-services/,Thompson Jenner's dedicated Payroll Services team provide a complete payroll service which...,strong,-,-,-,accountancy-practice-payroll,high
wis-accountancy-limited,WIS Accountancy Limited,wisaccountancy.co.uk,GB,51-200,QUALIFIED,True,accountancy-practice-payroll,https://wisaccountancy.co.uk/what-we-do/payroll/,Payroll Accountants ... WIS Accountancy,strong,-,-,Contractor/limited-company specialist accountancy practice.,accountancy-practice-payroll,medium
armstrongs-accountancy-limited,Armstrongs Chartered Accountants,armstrongs-accountancy.co.uk,GB,11-50,QUALIFIED,True,accountancy-practice-payroll,https://armstrongs-accountancy.co.uk/payroll.html,Streamlined payroll solutions for your business - saving you time and reducing stress.,strong,-,-,-,accountancy-practice-payroll,medium
bracey's-accountants,Bracey's Accountants,braceys-accountants.co.uk,GB,11-50,QUALIFIED,True,accountancy-practice-payroll,https://www.braceys-accountants.co.uk/business-accounting/payroll-services/,"Running payroll in-house can be time-consuming and stressful - especially with constantly changing regulations, deadlines, and reporting requirements.",strong,-,-,-,accountancy-practice-payroll,medium
carston-etl,Carston ETL,carstonaccountants.co.uk,GB,11-50,QUALIFIED,True,accountancy-practice-payroll,https://www.carstonetl.com/services/business/payroll/,"We provide every business owner with a dedicated team, offering continuous support and advice.",weak,-,-,Evidence pack was empty; payroll service page located directly on carstonetl.com.,accountancy-practice-payroll,medium
dunkleys,Dunkley's Chartered Accountants,dunkleys.accountants,GB,11-50,QUALIFIED,True,accountancy-practice-payroll,https://www.dunkleys.accountants/how-we-help/businesses/payroll/,Did you know that outsourcing non-core functions such as payroll can result in a 21% increase in productivity and an average of 14% reduction in costs,strong,-,-,Dedicated payroll team page with a named Payroll Supervisor.,accountancy-practice-payroll,medium
knights-lowe,Knights Lowe,knightslowe.co.uk,GB,11-50,QUALIFIED,True,accountancy-practice-payroll,https://www.knightslowe.co.uk/services/payroll-auto-enrolment/,KL Resource is Knights Lowe's dedicated payroll bureau - a specialist service that takes payroll entirely off your plate.,strong,-,-,Runs a named payroll bureau brand (KL Resource).,accountancy-practice-payroll,medium
mcnally-business-services-limited,MBSL,mbsl.ie,IE,11-50,QUALIFIED,True,accountancy-practice-payroll,https://www.mbsl.ie/payroll,We can reduce your administrative costs and the worry of security and confidentiality issues arising from running a payroll service in-house,strong,-,-,Republic of Ireland practice.,accountancy-practice-payroll,high
office-assistants-essex,Office Assistants,officeassistants.org.uk,GB,11-50,QUALIFIED,True,accountancy-practice-payroll,https://officeassistants.org/,"We provide a complete range of small business bookkeeping services tailored to VAT-registered businesses, including payroll, VAT returns, supplier payments, and management reporting.",weak,-,-,"Essex/London bookkeeping practice; evidence pack was empty, verified directly on site.",accountancy-practice-payroll,medium
bourner-bullock,Bourner Bullock,bournerbullock.co.uk,GB,11-50,QUALIFIED,True,accountancy-practice-payroll,https://www.bournerbullock.co.uk/services/services-for-business/payroll,"Due to increasing legislation being introduced, our payroll department has grown considerably in recent years.",strong,-,payroll department growing,-,accountancy-practice-payroll,medium
ashgates-accountants-and-business-advisors,DJH Derby (formerly Ashgates),ashgates.co.uk,GB,11-50,QUALIFIED,True,accountancy-practice-payroll,https://www.djh.co.uk/our-services/employment/payroll-services/,Payroll services,weak,-,merger/acquisition - Ashgates rebranded to DJH Derby,ashgates.co.uk 301s to djh.co.uk/offices/derby/. DJH group offers payroll; not treated as defunct since the record already names DJH.,accountancy-practice-payroll,medium
mcinerney-saunders,Dains Ireland - Chartered Accountants and Business Advisers,dains.ie,IE,11-50,QUALIFIED,True,accountancy-practice-payroll,https://dains.ie/payroll-services-in-ireland-for-uk-and-international-businesses/,"Start strong in Ireland. Let us handle your payroll with precision, discretion and care.",strong,-,-,Duplicate of index 8.,accountancy-practice-payroll,medium
drummond-laurie-chartered-accountants,Drummond Laurie Chartered Accountants,drummondlaurie.co.uk,GB,11-50,QUALIFIED,True,accountancy-practice-payroll,https://www.drummondlaurie.co.uk/our-team-anne-marie-banner/,"Our payroll clients benefit from Anne-Marie's wealth of knowledge, fun sense of humour and app...",weak,-,payroll team additions 2025-2026,No standalone payroll service page in the pack; two payroll staff pages reference 'our payroll clients'.,accountancy-practice-payroll,medium
ellis-&-co-chester,Ellis & Co,ellis-uk.com,GB,11-50,QUALIFIED,True,accountancy-practice-payroll,https://www.ellis-uk.com/what-we-do/payroll/,"Managing payroll can be a complex, time-consuming process that can take you away from your core business responsibilities. Our team are on hand to car...",strong,-,new Payroll Manager appointed (May 2024),-,accountancy-practice-payroll,medium
sheltons-group,Sheltons Group,sheltonsgroup.com,GB,11-50,QUALIFIED,True,accountancy-practice-payroll,https://www.sheltonsgroup.com/services/,Payroll services (listed under Accounting & Business Advisory),weak,-,-,"International accounting group (UK, Denmark, Malta, Italy, Australia, Singapore). Record says GB HQ but group HQ location is unclear - verify before outreach.",accountancy-practice-payroll,medium
townends-accountants-llp,Townends Accountants LLP,townends.com,GB,51-200,QUALIFIED,True,accountancy-practice-payroll,https://townends.com/services/payroll-services/,Save time and money with our complete payroll service from our professional and dedicated team with over 60 years' experience.,strong,-,-,-,accountancy-practice-payroll,medium
we'll-mind-your-own-business-ltd,We'll Mind Your Own Business LTD,wmyob.co.uk,GB,11-50,QUALIFIED,True,accountancy-practice-payroll,https://wmyob.co.uk/payroll-pensions/,we don't just provide a bureau style outsourced payroll service but...,strong,-,-,"Outsourced bookkeeping/payroll provider, incl. production accounting.",accountancy-practice-payroll,medium
wellden-turnbull,Wellden Turnbull,wtca.co.uk,GB,11-50,QUALIFIED,True,accountancy-practice-payroll,https://www.wtca.co.uk/business-services/payroll/,Our payroll team have many years of experience managing both simple and complex payrolls. They run payrolls and manage auto-enrolment pension schemes fo...,strong,-,-,-,accountancy-practice-payroll,medium
gilberts,Gilberts Chartered Accountants and Business Advisers,-,GB,11-50,QUALIFIED,True,accountancy-practice-payroll,https://gilberts.uk.com/payroll/,Payroll (listed under Accounting Services),weak,-,-,Evidence pack was for the wrong entities (shorts.uk.com / rjf.uk.com) - verified separately on gilberts.uk.com.,accountancy-practice-payroll,medium
gilroy-gannon-chartered-accountants-sligo,Gilroy Gannon Chartered Accountants,gilroygannon.com,IE,51-200,QUALIFIED,True,accountancy-practice-payroll,https://www.gilroygannon.com/our-services/outsourcing-motivation/payroll-services/,You can trust us with the payroll requirements of your business.,strong,-,-,Republic of Ireland practice (Sligo).,accountancy-practice-payroll,high
harold-sharp,Harold Sharp Limited,haroldsharp.co.uk,GB,11-50,QUALIFIED,True,accountancy-practice-payroll,https://www.haroldsharp.co.uk/services/payroll-bureau/,"Paying your workforce timely and accurately is the first requirement of any business, but it can be a complex and time-consuming process.",strong,-,payroll team recruiting via careers site,Runs a named payroll bureau.,accountancy-practice-payroll,medium
hodgsons,Hodgsons,hodgsons.uk.com,GB,11-50,QUALIFIED,True,accountancy-practice-payroll,https://hodgsons.uk.com/business-accountants/,"From payroll, pension auto-enrolment and vat returns to year-end or management accounts.",weak,-,-,"Note: real site is hodgsons.uk.com, not the hodgsons.co.uk on the record.",accountancy-practice-payroll,medium
smh-mitchells,SMH Mitchells,mitchellsaccountants.co.uk,GB,11-50,QUALIFIED,True,accountancy-practice-payroll,https://www.mitchellsaccountants.co.uk/payroll-auto-enrolment/,Payroll & Auto Enrolment ... pensions management tailored to your business,strong,-,-,SMH Group / Mitchells; runs an 'Employer Solutions' arm.,accountancy-practice-payroll,medium
aab-dublin,AAB Dublin,ormsby-rhodes.ie,IE,11-50,QUALIFIED,True,accountancy-practice-payroll,https://ormsby-rhodes.ie/is-payroll-administration-a-headache-outsourced-payroll-services-is-the-answer/,Is Payroll Administration a headache? Outsourced Payroll Services is the answer!,weak,-,merger/acquisition - Ormsby & Rhodes joined AAB Group,"Record is AAB Dublin; underlying firm Ormsby & Rhodes, acquired by AAB Group. Evidence is a marketing article, not a service page.",accountancy-practice-payroll,medium
adroit-accountax-ltd,Adroit Accountax,adroitaccountax.com,GB,11-50,QUALIFIED,True,accountancy-practice-payroll,https://adroitaccountax.com/services/,"we provide expert support in bookkeeping, tax planning, payroll, and business strategy",weak,-,-,ACCA London practice serving contractors and SMEs.,accountancy-practice-payroll,medium
cartwrights-accountants-and-business-advisors,Cartwrights Accountants and Business Advisors,cartwrights-ca.co.uk,GB,11-50,QUALIFIED,True,accountancy-practice-payroll,https://www.cartwrights-ca.co.uk/tax/payroll,"We can ensure that your payroll service is efficient, accurate and timely - meaning you have one less thing to worry about.",strong,-,-,-,accountancy-practice-payroll,medium
dafferns-llp,Dafferns,dafferns.com,GB,11-50,QUALIFIED,True,accountancy-practice-payroll,https://dafferns.com/what-we-do/payroll/,"Dafferns payroll service - Confidentiality, speed, accuracy, simplicity",strong,-,-,-,accountancy-practice-payroll,medium
dean-statham,Deans,deansaccountants.com,GB,11-50,QUALIFIED,True,accountancy-practice-payroll,https://www.deansaccountants.com/services/payroll,We provide expert Payroll services to both corporate and individual clients.,strong,-,-,-,accountancy-practice-payroll,medium
jwhinks,JW Hinks,jwhinks.co.uk,GB,51-200,QUALIFIED,True,accountancy-practice-payroll,https://jwhinks.co.uk/payroll/monthly-and-weekly-payroll/,"Managing payroll is a crucial yet time-consuming responsibility, requiring compliance with constantly changing legislation.",strong,-,-,-,accountancy-practice-payroll,high
johnston-smillie-ltd,Johnston Smillie Ltd,jsca.co.uk,GB,11-50,QUALIFIED,True,accountancy-practice-payroll,https://www.jsca.co.uk/business-services/payroll/,"Payroll Services Edinburgh ... Payroll Accountants, Bureau Service",strong,-,-,-,accountancy-practice-payroll,medium
well.uk.com,Worldwide Energy Logistics Limited (WELL),well.uk.com,GB,201-500,DISQUALIFIED,False,,-,-,none,End employer only: WELL is an international project-logistics and supply-chain company for the energy/oil and gas sector. It runs payroll solely for its own staff.,-,Mis-segmented in source data as an accountancy practice.,accountancy-practice-payroll,high
ashdown-hurrey,Ashdown Hurrey Chartered Accountants & Business Advisors,ashdownhurrey.co.uk,GB,51-200,QUALIFIED,True,accountancy-practice-payroll,https://www.ashdownhurrey.co.uk/services/payroll,Ashdown Hurrey have a dedicated payroll department. Pay As You Earn (PAYE) is a complex statutory area and is further complicated by the auto-enrolment pension rules.,strong,-,-,-,accountancy-practice-payroll,medium
cohen-arnold,Cohen Arnold,cohenarnold.com,GB,11-50,QUALIFIED,True,accountancy-practice-payroll,https://www.cohenarnold.com/our-services/services-for-business/payroll,Payroll Administration (services for business),strong,-,-,-,accountancy-practice-payroll,medium
clay-gbp,Ground Control,claygbp.com,GB,11-50,QUALIFIED,True,accountancy-practice-payroll,https://www.gcbm.co.uk/services/payroll/,Payroll,weak,-,-,claygbp.com 301s to gcbm.co.uk (Ground Control Business Management). Business-management firm acting as outsourced finance function for clients.,accountancy-practice-payroll,medium
novabook-team,Novabook,novabook.com,GB,11-50,QUALIFIED,True,accountancy-practice-payroll,https://novabook.com/services/payroll,Custom payroll runs with all required pension submissions. Starts at GBP 15 per month,strong,-,-,"Reads platform-like but is an ACA/CIPP-staffed accountancy practice for startups selling payroll as a priced service, not licensed software.",accountancy-practice-payroll,medium
price-&-company,Price & Company,price.co.uk,GB,11-50,QUALIFIED,True,accountancy-practice-payroll,https://www.price.co.uk/support-services/,"We relieve the stresses of payroll, book-keeping and managing accounts.",strong,-,-,-,accountancy-practice-payroll,medium
alexander-sloan-chartered-accountants,TC Alexander Sloan Limited,alexandersloan.co.uk,GB,11-50,QUALIFIED,True,accountancy-practice-payroll,https://www.tc-group.com/services/payroll/,"At TC Group, we manage and process payroll for businesses of all types and sizes.",strong,-,merger/acquisition - Alexander Sloan merged with TC Group,alexandersloan.co.uk 301s to the TC Group merger announcement; record domain is already tc-group.com.,accountancy-practice-payroll,medium
the-carrington-blake-group,The Carrington Blake Group,carringtonblake.com,GB,11-50,QUALIFIED,True,accountancy-practice-payroll,http://www.carringtonblake.com/AboutUs.html,The Carrington Blake Group are a professional services group serving small and medium businesses through outsourced business support functions.,weak,-,-,Site is dated (2013 copyright). Contact form lists a dedicated 'Payroll' division alongside Accountancy & Finance and Recruitment.,accountancy-practice-payroll,high
mckeogh-gallagher-ryan-accountants,Xeinadin (previously McKeogh Gallagher Ryan),mgraccountants.ie,IE,11-50,QUALIFIED,True,accountancy-practice-payroll,https://xeinadin.ie/services/payroll/,Payroll (core service offering),weak,-,merger/acquisition - McKeogh Gallagher Ryan joined Xeinadin,Xeinadin Ireland; mgraccountants.ie is the legacy MGR site. Large group - check it is not already a Brain Payroll account.,accountancy-practice-payroll,medium
tgfp,tgfp,tgfp.co.uk,GB,11-50,LIKELY,False,accountancy-practice-payroll,-,-,none,-,-,"Small UK practice (11-50). Homepage lists audit, accounts, tax, advisory and contractor solutions but no payroll service page was found; nothing contradicts one.",accountancy-practice-payroll,medium
charlton-baker,Charlton Baker,charltonbaker.co.uk,GB,11-50,QUALIFIED,True,accountancy-practice-payroll,https://www.charltonbaker.co.uk/services/bookkeeping-payroll,"Bookkeeping & Payroll - Know your business, ensure compliance and save your time",strong,-,-,-,accountancy-practice-payroll,medium
dpc-chartered-accountants,"DPC Chartered Accountants, Part of the Sumer Group",dpcaccountants.com,GB,11-50,QUALIFIED,True,accountancy-practice-payroll,https://www.dpcaccountants.com/services/payroll-services-uk/,Payroll Services ... Growing a business requires staff to handle,strong,-,hiring (WE ARE HIRING banner); part of the Sumer Group,-,accountancy-practice-payroll,medium
drm-outsource-solutions,DRM Outsource Solutions UK,-,GB,11-50,QUALIFIED,True,payroll-bureau,https://drm-outsource.com/,payroll processing (listed within bookkeeping services),weak,-,-,"Business-process outsourcing firm; evidence pack was empty, verified directly. Payroll is one line of a broad BPO offering - qualify with care.",accountancy-practice-payroll,medium
dexter-&-sharpe,Dexter & Sharpe,dextersharpe.co.uk,GB,51-200,QUALIFIED,True,accountancy-practice-payroll,https://www.dextersharpe.co.uk/our-services/support-services,The combination of your business knowledge and our support services will help your business...,weak,-,-,"Has a named resident Payroll Manager (Tara Willans, Lincoln office); payroll sits under Support services rather than its own page.",accountancy-practice-payroll,medium
fairhurst,Fairhurst Accountants,fairhurstaccountants.com,GB,11-50,QUALIFIED,True,accountancy-practice-payroll,https://www.fairhurstaccountants.com/services/payroll,"Outsourcing your payroll function is an efficient way to ensure every employee gets paid on time, every time. Our service is delivered by our in-house t...",strong,-,-,Page is titled 'Payroll Bureau'.,accountancy-practice-payroll,medium
jasani,Jasani,-,GB,11-50,QUALIFIED,True,accountancy-practice-payroll,https://www.jasani.co.uk/,"We will ensure that your payroll service is efficient, accurate and timely - meaning you have one less thing to worry about.",weak,-,-,Evidence pack was empty; verified directly on site.,accountancy-practice-payroll,medium
kbg-accountants,KBG Accountants,kbg.ie,IE,11-50,DISQUALIFIED,False,,-,-,none,"Acquired: kbg.ie 301-redirects to xeinadin.ie/office/cavan/ - KBG Accountants has been absorbed into Xeinadin, which is already in this list (index 54).",-,Do not contact separately; approach via Xeinadin.,accountancy-practice-payroll,medium
magee-gammon-chartered-accountants,Magee Gammon Chartered Accountants,mageegammon.com,GB,11-50,QUALIFIED,True,accountancy-practice-payroll,https://www.mageegammon.com/business-services/payroll/,Payroll & Company Secretarial Services ... Our Business Services Team are happy to provide you expert help and advice,strong,-,payroll technician hired June 2024,-,accountancy-practice-payroll,medium
modinauk,Modina,modina.co.uk,GB,11-50,QUALIFIED,True,accountancy-practice-payroll,https://modina.co.uk/payroll/,"Modina's payroll experts guarantee precise and punctual wages, fostering workplace harmony.",strong,-,-,-,accountancy-practice-payroll,medium
represent-resourcing,R.E.P.R.E.S.E.N.T,represent.global,GB,11-50,QUALIFIED,True,payroll-bureau,https://www.represent.global/services/deliver/,"End-to-end payroll processing, payslip generation, local filing compliance, and year-end reports.",strong,-,-,Outsourced delivery/offshoring provider (UK HQ Cramlington; teams in India and South Africa) running payroll on behalf of accountancy firms' clients.,accountancy-practice-payroll,medium
saint-&-co,Saint & Co,saint.co.uk,GB,51-200,QUALIFIED,True,accountancy-practice-payroll,https://www.saint.co.uk/no-more-payroll-headaches/,"you focus on your business, and we'll take care of the payroll",weak,-,-,Evidence is marketing blog posts rather than a service page; Cumbria/Scotland practice.,accountancy-practice-payroll,medium
seymour-taylor,Seymour Taylor,stca.co.uk,GB,11-50,QUALIFIED,True,accountancy-practice-payroll,https://stca.co.uk/services/business/payroll-services/,"A payroll bureau helps save time, reduce...",strong,-,-,-,accountancy-practice-payroll,high
shaikhandcoaccountants,Shaikh & Co,shaikhandcoaccountants.com,GB,11-50,QUALIFIED,True,accountancy-practice-payroll,https://www.shaikhandcoaccountants.com/services-offered/payroll/,"It is extremely important to run an accurate, secure and on-time payroll scheme. If you don't have the time to spend on this then why not hand over those responsibilities",strong,-,-,"Also serves contractors/subcontractors (IR35, CIS).",accountancy-practice-payroll,medium
getbeany,Beany,beany.com,GB,11-50,QUALIFIED,True,accountancy-practice-payroll,https://www.beany.com/en-gb/payroll-services,"Payroll can be complicated. Tax codes, tax rates, legislation changes, the list goes on. Let us take it off your plate.",strong,-,-,"UK arm of Beany, an online accountancy group founded in New Zealand - confirm the UK entity is the decision-maker before outreach.",accountancy-practice-payroll,medium
bibbys,Bibbys,bibbys.net,GB,11-50,QUALIFIED,True,accountancy-practice-payroll,https://bibbys.net/services/payroll/,Our dedicated payroll department offers competitive rates to those businesses that seek to outsource their payroll function.,strong,-,-,-,accountancy-practice-payroll,medium
gma_3,GMA,-,GB,11-50,DISQUALIFIED,False,,-,-,none,Consultancy/executive search firm serving accountancy and legal practices; does not process payroll for clients.,-,-,accountancy-practice-payroll,medium
howards-limited,Howards Chartered Certified Accountants,howardsca.co.uk,GB,11-50,QUALIFIED,True,accountancy-practice-payroll,https://www.howardsca.co.uk/business-services/,Business accounts Auto enrolment Cloud accounting Auditing Payroll Book-keeping Outsourcing,strong,-,-,-,accountancy-practice-payroll,medium
large-chartered-accountants,Large Chartered Accountants,-,GB,11-50,LIKELY,False,accountancy-practice-payroll,-,-,none,-,-,"Chartered accountancy practice, Barnstaple; no website in record, payroll not confirmed.",accountancy-practice-payroll,medium
luminosity-solutions-limited,Luminosity Solutions Limited,-,GB,11-50,LIKELY,False,accountancy-practice-payroll,-,-,none,-,-,"Accounting and IT outsourcing firm; no website in record, payroll service line not confirmed.",accountancy-practice-payroll,high
mitigogroup,Mitigo Group,mitigogroup.com,GB,11-50,DISQUALIFIED,False,,-,-,none,Cyber-security vendor selling protection services to professional services firms; does not run payroll for clients.,-,-,accountancy-practice-payroll,medium
nicholsons-chartered-accountants,Nicholsons Chartered Accountants,nicholsonscharteredaccountants.co.uk,GB,11-50,QUALIFIED,True,accountancy-practice-payroll,https://www.nicholsonscharteredaccountants.co.uk/our-services/payroll/,"Paying your employees correctly and on time is a top priority for any business, but it can be a time consuming and complex process to manage",strong,-,-,-,accountancy-practice-payroll,medium
sobell-rhodes-llp,Sobell Rhodes,sobellrhodes.co.uk,GB,11-50,QUALIFIED,True,accountancy-practice-payroll,https://sobellrhodes.co.uk/services/proactive-accountancy/payroll/,4 key reasons why businesses switch their payroll systems to Sobell Rhodes,strong,-,-,-,accountancy-practice-payroll,medium
walsh-o'brien-harnett,Walsh O'Brien Harnett,wobh.ie,IE,11-50,QUALIFIED,True,accountancy-practice-payroll,https://www.wobh.ie/capabilities/payroll/,"Our payroll team specialises in processing and managing payroll for our SME, large, and international clients.",strong,-,-,-,accountancy-practice-payroll,high
webstersaccountants,Websters Tax & Accounts,tax.uk.com,GB,11-50,QUALIFIED,True,accountancy-practice-payroll,https://tax.uk.com/businesses/payroll/,"Rather than attempting to handle it in-house, why not let us do it for you? Our outsourced payroll function is designed...",strong,-,-,-,accountancy-practice-payroll,medium
acting-office,Acting Office,actingoffice.com,GB,11-50,DISQUALIFIED,False,,-,-,none,"Sells accountancy practice-management SOFTWARE (incl. payroll module) to firms — software vendor, not a payroll service provider.",-,-,accountancy-practice-payroll,medium
best4business-accountants-&-co-ltd-,Best4business Accountants & Company,best4business.com,GB,11-50,QUALIFIED,True,payroll-bureau,https://best4business.com/payroll-bureau/,"Payroll Bureau ... For any business, payroll is an issue that needs careful consideration, both in terms of planning and administration.",strong,-,-,-,accountancy-practice-payroll,medium
dhkn,DHKN (Merged with Moore Ireland),dhkn.ie,IE,11-50,DISQUALIFIED,False,,-,-,none,Merged into / absorbed by Moore Ireland; LinkedIn page states DHKN have officially joined Moore Ireland and will become inactive.,merger/acquisition,-,accountancy-practice-payroll,medium
dealsplus,DealsPlus,dealsplus.io,GB,11-50,DISQUALIFIED,False,,-,-,none,Software platform for private equity investment structures and share-based reporting; not a payroll service provider.,-,-,accountancy-practice-payroll,medium
hmt-llp,HMT,hmtllp.com,GB,11-50,DISQUALIFIED,False,,-,-,none,Independent corporate finance / M&A advisory firm; no payroll service line for clients.,-,-,accountancy-practice-payroll,medium
lhp-accountants,LHP Accountants,lhp.co.uk,GB,11-50,QUALIFIED,True,accountancy-practice-payroll,https://www.lhp.co.uk/payroll-pensions,"Handling payroll can be a daunting task that consumes a lot of time and resources, leaving you with lesser time to focus on other important aspects of running your business.",strong,-,-,-,accountancy-practice-payroll,medium
maynard-heady-llp,Maynard Heady LLP,maynard-heady.co.uk,GB,11-50,QUALIFIED,True,accountancy-practice-payroll,https://maynard-heady.co.uk/services/support-services/,Bureau Services - Payroll & Bookkeeping ... Outsourcing of bookkeeping and payroll procedures will allow you the extra freedom to manage and expand your business,strong,-,-,-,accountancy-practice-payroll,medium
muldoon-&-company-chartered-accountants,Muldoon,muldoon-accountants.co.uk,GB,11-50,QUALIFIED,True,accountancy-practice-payroll,https://www.muldoon-accountants.co.uk/factsheets/employment-and-related-matters/the-national-living-wage-and-the-national-minimum-wage,"We, at Muldoon, can provide you with assistance or any additional information required. We also offer a payroll service.",weak,-,-,-,accountancy-practice-payroll,high
shah-associates-limited,Shah Associates Limited,sandagb.com,GB,11-50,LIKELY,False,accountancy-practice-payroll,-,-,none,-,-,"Evidence pack domain sandagb.com belongs to ACE Accounts & Tax Ltd, a different entity — real Shah Associates site not verified. Do not trust pack.",accountancy-practice-payroll,medium
aa-chartered-accountants,AA Chartered Accountants,aa-accountants.co.uk,GB,11-50,QUALIFIED,True,accountancy-practice-payroll,https://aa-accountants.co.uk/our-tools/,Business Consultancy Business Management Accounting Bookkeeping Taxation Company Formation Payroll Services Financial Planning,weak,-,-,-,accountancy-practice-payroll,medium
anderson-barrowcliff,Anderson Barrowcliff,anderson-barrowcliff.co.uk,GB,11-50,QUALIFIED,True,accountancy-practice-payroll,https://www.anderson-barrowcliff.co.uk/services/payroll,Always Better at Payroll. Payroll & Advisory Services in Stockton on Tees,strong,-,-,-,accountancy-practice-payroll,medium
dickinsons-chartered-accountants,Dickinsons Chartered Accountants,dickinsons.co.uk,GB,11-50,QUALIFIED,True,accountancy-practice-payroll,https://www.dickinsons.co.uk/services/payroll/,"Your employees are the people who make your business thrive, so the least you can do is to make sure they are paid properly and on time each month.",strong,-,-,-,accountancy-practice-payroll,medium
friend-&-grant-ltd_2,Friend & Grant Ltd,friendandgrant.co.uk,GB,11-50,QUALIFIED,True,accountancy-practice-payroll,https://www.friendandgrant.co.uk/services/people-payroll-services/,People & Payroll Services | Friend & Grant Accountants,strong,-,-,-,accountancy-practice-payroll,medium
gibson-booth-chartered-accountants,Gibson Booth Chartered Accountants,gibson-booth.co.uk,GB,11-50,LIKELY,False,accountancy-practice-payroll,-,-,none,-,-,"Chartered accountancy practice; no evidence pages retrieved, payroll page not confirmed.",accountancy-practice-payroll,medium
gorilla-accounting,Gorilla Accounting,gorillaaccounting.com,GB,11-50,LIKELY,False,accountancy-practice-payroll,-,-,none,-,-,Specialist contractor/freelancer accountancy firm; no client-payroll service page found in pack.,accountancy-practice-payroll,medium
hill-vellacott-chartered-accountants,Hill Vellacott,hillvellacott.com,GB,11-50,QUALIFIED,True,accountancy-practice-payroll,https://hillvellacott.com/services,"We offer a wide range of outsourced payroll services to clients, including:",strong,-,-,-,accountancy-practice-payroll,medium
myersclark,Myers Clark Chartered Accountants,myersclark.co.uk,GB,11-50,LIKELY,False,accountancy-practice-payroll,-,-,none,-,-,"Chartered accountancy practice; only payroll blog/commentary pages found, no payroll service page.",accountancy-practice-payroll,medium
pkgroup2,PK Group,pkgroup.co.uk,GB,11-50,QUALIFIED,True,accountancy-practice-payroll,https://www.pkgroup.co.uk/not-for-profit-services/,Registered office and company secretarial services - Preparation of the annual accounts - Payroll services - Online bookkeeping,strong,-,-,-,accountancy-practice-payroll,medium
psjng,PSJ,-,GB,11-50,LIKELY,False,accountancy-practice-payroll,-,-,weak,-,-,LinkedIn description lists payroll among services for SME clients but no website evidence retrieved.,accountancy-practice-payroll,medium
whitley-stimpson-ltd,Whitley Stimpson Ltd,whitleystimpson.co.uk,GB,11-50,QUALIFIED,True,accountancy-practice-payroll,https://www.whitleystimpson.co.uk/who-we-help/your-business/payroll-services/,Outsourcing your payroll services ... The payroll function is a vital part of any business and you cannot afford to make any mistakes.,strong,-,-,-,accountancy-practice-payroll,medium
at-consultants-llp,ACCOTAX - Accountants & Tax Consultants,accotax.co.uk,GB,11-50,QUALIFIED,True,accountancy-practice-payroll,https://accotax.co.uk/payroll-accountant-london/,"Payroll accountants in London ... facing difficulties calculating employees salaries, submitting tax reports to the government, managing pension contributions, and providing payslips",strong,-,-,-,accountancy-practice-payroll,medium
account-edacademy,Account-Ed Academy,accountedltd.com,GB,11-50,QUALIFIED,True,accountancy-practice-payroll,https://www.accountedltd.com/services/payroll-services,"Your employees paid accurately and on time, every time - with full HMRC compliance and pension management handled for you",strong,-,-,-,accountancy-practice-payroll,medium
accountedltd,Account-Ed Academy,accounted.bg,GB,11-50,LIKELY,False,accountancy-practice-payroll,-,-,none,-,-,Duplicate record for Accounted Ltd (see accountedltd.com record); this domain is the Bulgarian accounting-outsourcing arm/training academy.,accountancy-practice-payroll,medium
accounts-solutions,Accounts Solutions,accountsolutions.in,GB,11-50,DISQUALIFIED,False,,-,-,none,India-based accounting/bookkeeping outsourcing provider (HQ outside UK/ROI) — fails geography rule.,-,-,accountancy-practice-payroll,medium
citroen-wells,Citroen Wells,citroenwells.co.uk,GB,11-50,LIKELY,False,accountancy-practice-payroll,-,-,none,-,-,Long-established 60-strong London accountancy practice; no evidence pages retrieved.,accountancy-practice-payroll,medium
dsa-prospect-ltd,DSA Prospect Limited,dsaprospect.co.uk,GB,11-50,QUALIFIED,True,accountancy-practice-payroll,https://www.dsaprospect.co.uk/payroll,Our dedicated and professional payroll bureau oversees payrolls for clients acro...,strong,-,-,-,accountancy-practice-payroll,medium
dutton-moore-chartered-accountants,Dutton Moore Chartered Accountants,duttonmoore.co.uk,GB,11-50,QUALIFIED,True,accountancy-practice-payroll,https://www.duttonmoore.co.uk/services-for-your-business/payroll-services,Payroll Services and Payroll Outsourcing Services in Hull and East Yorkshire ... We are happy to take on that burden for you,strong,-,-,-,accountancy-practice-payroll,medium
lentells-limited,Lentells Limited,lentells.co.uk,GB,11-50,QUALIFIED,True,accountancy-practice-payroll,https://lentells.co.uk/your-business/payroll,"Payroll & Pensions. As you may know, running your own payroll can be time consuming and burdensome.",strong,-,-,-,accountancy-practice-payroll,medium
mha-scotland-accountants,MHA Scotland,geoghegans.co.uk,GB,11-50,LIKELY,False,accountancy-practice-payroll,-,-,none,-,-,"MHA Scotland (formerly Geoghegans), UK member firm of MHA/Baker Tilly International; no evidence pages retrieved.",accountancy-practice-payroll,medium
mmba-accountants,MMBA Accountants,mmba.co.uk,GB,11-50,QUALIFIED,True,accountancy-practice-payroll,https://www.mmba.co.uk/blog/payroll-accountant-charge-uk/,Payroll is an essential part of any organisation. Payroll management is a little broader than simply paying salaries,weak,-,-,Only blog evidence; firm advertises payroll accounting services.,accountancy-practice-payroll,medium
randall-payne,Randall & Payne | B Corp Certified,randall-payne.co.uk,GB,11-50,QUALIFIED,True,accountancy-practice-payroll,https://www.randall-payne.co.uk/services/payroll-and-auto-enrolment/,Payroll & Auto Enrolment Services Cheltenham ... managing your payroll and staying up to date takes up valuable time and resources,strong,-,-,-,accountancy-practice-payroll,medium
rise-accounting,Rise Accounting,therisegroup.co.uk,GB,11-50,LIKELY,False,accountancy-practice-payroll,-,-,none,-,-,Accounting and advisory firm for scale-ups; no payroll page found in pack.,accountancy-practice-payroll,medium
sbp-accountants-and-business-advisers,SBP Accountants and Business Advisers,sbp-accountants.co.uk,GB,11-50,QUALIFIED,True,accountancy-practice-payroll,https://www.sbp-accountants.co.uk/services/payroll,Let SBP Accountants & Business Advisers take on the pressure of [payroll],strong,-,-,-,accountancy-practice-payroll,medium
tbaglobal,TBA Global,tbaeu.com,GB,11-50,LIKELY,False,accountancy-practice-payroll,-,-,none,-,-,"International firm of chartered accountants / e-commerce tax specialists; no evidence pages retrieved, payroll not confirmed.",accountancy-practice-payroll,medium
td&a-accountancy-&-financial-services,TD&A Certified Accountants,tdanda.co.uk,GB,11-50,QUALIFIED,True,accountancy-practice-payroll,https://tdanda.co.uk/accountancy/,"if you have employees, we can also make sure that your payroll needs are well taken care off",weak,-,-,-,accountancy-practice-payroll,medium
twp-chartered-accountants,TWP Chartered Accountants,twpaccounting.co.uk,GB,11-50,QUALIFIED,True,accountancy-practice-payroll,https://www.twpaccounting.co.uk/services/services-for-business/payroll/,"We provide fully computerised payrolls with supporting payslips, and other monthly reports. We also produce the required year end documentation.",strong,-,-,-,accountancy-practice-payroll,medium
metcalfes,metcalfes,metcalfesplus.com,GB,11-50,LIKELY,False,accountancy-practice-payroll,-,-,weak,-,-,LinkedIn description lists payroll among services for SME clients; no website evidence retrieved.,accountancy-practice-payroll,medium
aspens-ltd,Aspens ltd,aspensaccountants.co.uk,GB,11-50,LIKELY,False,accountancy-practice-payroll,-,-,weak,-,-,LinkedIn description lists bookkeeping and payroll services for clients; no website evidence retrieved.,accountancy-practice-payroll,high
brooks-&-co,Brooks & Co,brooksand.co.uk,GB,11-50,LIKELY,False,accountancy-practice-payroll,-,-,none,-,-,"Chartered accountancy firm, 5 partners / 30+ staff; no evidence pages retrieved.",accountancy-practice-payroll,medium
brnaccountantuk,Chartered Accountants,-,GB,11-50,LIKELY,False,accountancy-practice-payroll,-,-,none,-,-,"Placeholder LinkedIn record with no website and description ""Does not exist"" — identity unverified.",accountancy-practice-payroll,medium
edwards-chartered-accountants,Edwards Chartered Accountants,edwardsaccountants.co.uk,GB,11-50,QUALIFIED,True,accountancy-practice-payroll,https://edwardsaccountants.co.uk/accounts-outsourced-services/payroll/,Payroll Outsourcing. Why think about outsourcing your payroll? Managing payroll can be time-consuming and complex,strong,-,-,-,accountancy-practice-payroll,medium
green-and-co,Green & Co Accountants and Tax Advisors,greenandco.com,GB,11-50,QUALIFIED,True,accountancy-practice-payroll,https://www.greenandco.com/services/payroll/,"At Green & Co, our expert payroll service provider helps businesses stay compliant, reduce administrative burdens, and ensure accuracy.",strong,-,-,-,accountancy-practice-payroll,medium
international-practice-group,International Practice Group,ipg-online.org,GB,11-50,DISQUALIFIED,False,,-,-,none,"International network/association head office connecting independent member tax, law and accountancy firms — payroll sits with member firms, not the network.",-,-,accountancy-practice-payroll,medium
o-connor-pyne-co-limited,O'Connor Pyne & Co. Limited,oconnorpyne.ie,IE,11-50,QUALIFIED,True,accountancy-practice-payroll,https://www.oconnorpyne.ie/,PAYROLL SERVICES Read more ... OUTSOURCED BOOKKEEPING Read more,strong,-,-,-,accountancy-practice-payroll,high
pjt-&-co-limited,Pjt & Co Limited,pjtandco.com,GB,11-50,QUALIFIED,True,accountancy-practice-payroll,https://www.pjtandco.com/services/bookkeeping-and-payroll-services,Bookkeeping & Payroll Services Helping your business to grow,strong,-,-,-,accountancy-practice-payroll,medium
scc-chartered-accountants,SCC - Chartered Accountants,scc-ca.com,GB,11-50,QUALIFIED,True,accountancy-practice-payroll,https://scc-ca.com/services/tax-compliance/,Self-Assessment & Corporation Tax - Inheritance Tax / Capital Acquisitions Tax - Payroll - CIS & RCT Returns,strong,-,-,-,accountancy-practice-payroll,medium
stellaripe,Stellaripe,stellaripe.com,GB,11-50,QUALIFIED,True,payroll-bureau,https://stellaripe.com/payroll/,The life of a CPA is already complicated. Do not let your clients payroll frustrate you. Let Stellaripe take care of it for you.,strong,-,-,Offshore (India) delivery centres serving UK/US accountancy practices; UK-registered per record.,accountancy-practice-payroll,medium
ts-partners-ltd,TS Partners,tspartners.co.uk,GB,11-50,QUALIFIED,True,accountancy-practice-payroll,https://tspartners.co.uk/our-services/accounting-services/payroll-services/,"Outsourced Payroll Services UK | CIS, Pensions & Auto-Enrolment Skip to content Tax Relief & Incentives - For Individuals - For Businesses - What does HMRC ask for? - Our Team And Partners - Jobs Our",strong,-,-,-,accountancy-practice-payroll,medium
thorne-widgery-chartered-accountants,Thorne Widgery,thornewidgery.co.uk,GB,11-50,QUALIFIED,True,accountancy-practice-payroll,https://www.thornewidgery.co.uk/what-we-do/payroll-services-auto-enrolment/,"Payroll Services & Auto Enrolment - Thorne Widgery # Payroll & Auto enrolment At TW, we keep the wheels of industry turning by taking the hassle out of payroll services and pension compliance. If you",strong,-,-,-,accountancy-practice-payroll,medium
artifinaccountants,Artifin Accountants,artifinaccountants.co.uk,GB,11-50,QUALIFIED,True,accountancy-practice-payroll,https://artifinaccountants.co.uk/service/payroll-services/,Payroll Services - ARTIFIN ACCOUNTANTS & TAX ADVISOR Phone: +44 (0) 207 093 2544 (+4402070932544) Email: info@artifinaccountants.co.uk ### Smooth Payroll Solutions Running Payroll Wrong Costs More Tha,strong,-,-,-,accountancy-practice-payroll,medium
bpu-accountants,"BPU Chartered Accountants, Cardiff, South Wales",bpuaccountants.co.uk,GB,11-50,QUALIFIED,True,accountancy-practice-payroll,https://www.bpuaccountants.co.uk/services/bureau-work,Accounting Bureau Services in Cardiff | Payroll Bureau Services in Cardiff | BPU ## Accessibility links - Skip to content - Accessibility Help You are using an outdated browser. Upgrade your browser t,strong,-,-,Runs an accounting/payroll bureau.,accountancy-practice-payroll,medium
brown-mcleod-limited,Brown McLeod Limited,brownmcleod.co.uk,GB,11-50,QUALIFIED,True,accountancy-practice-payroll,https://www.brownmcleod.co.uk/team-cameron-malcolm,About 1 — Brown McLeod Limited • Chartered Accountants ### Cameron Malcolm - Payroll Manager Payroll Manager Cameron Malcolm previously worked for HMRC for 3 years dealing with employer PAYE. Cameron,weak,-,-,Evidence is a Payroll Manager staff profile; no payroll services page in pack.,accountancy-practice-payroll,medium
cooper-parry-northern-ireland,Cooper Parry Northern Ireland,cavanaghkelly.com,GB,11-50,QUALIFIED,True,accountancy-practice-payroll,https://www.cavanaghkelly.com/services/accounts-audit/payroll-services,Range of outsourced payroll services offered to small and medium sized businesses. CavanaghKelly * ##### Menu * Accounts & Audit * Advisory * Tax * About Us * Our People * Services * Careers * News &,strong,-,-,CavanaghKelly is now Cooper Parry Northern Ireland - dedupe against Cooper Parry.,accountancy-practice-payroll,medium
dua-&-co,DUA Accountancy & Business Consultancy,dua.co.uk,GB,11-50,QUALIFIED,True,accountancy-practice-payroll,https://www.dua.co.uk/dua-services/,"management team, our skilled and dedicated accountants, portfolio managers, bookkeepers, payroll and customer service staff work together to provide you with the very best service, at an investment t",strong,-,-,-,accountancy-practice-payroll,medium
fitwise-management-ltd,Fitwise Management,fitwise.co.uk,GB,11-50,DISQUALIFIED,False,,-,-,none,Association and event management / serviced-office provider; no evidence it processes payroll for client organisations.,-,-,accountancy-practice-payroll,medium
hmatax,HMA Tax,hmatax.co.uk,GB,11-50,DISQUALIFIED,False,,-,-,none,Capital allowances tax relief specialist; no payroll service line.,-,-,accountancy-practice-payroll,medium
harts-limited,Harts Limited,harts-ltd.com,GB,11-50,QUALIFIED,True,accountancy-practice-payroll,https://harts-ltd.com/our-business-services/payroll/,"Payroll | Harts Accountants Macclesfield and Stockport # Outsourced Payroll Services ## We provide a complete outsourced payroll service, whatever the size or complexity of your business trusted by bu",strong,-,-,-,accountancy-practice-payroll,medium
kda-doyle-kelly-accountants,KDA,kdacc.ie,IE,11-50,QUALIFIED,True,accountancy-practice-payroll,https://kdacc.ie/payroll/,"Payroll - KDA Accountants # Payroll # Payroll We offer a comprehensive array of tailored payroll services which are delivered by our experienced and dedicated in-house payroll team, led by Theresa Dav",strong,-,-,-,accountancy-practice-payroll,medium
malone-co-accountants,Malone & Co. Accountants,maloneaccountants.ie,IE,51-200,QUALIFIED,True,accountancy-practice-payroll,https://www.maloneaccountants.ie/services/payroll-services/,"PAYROLL SERVICES - - EMAIL US - 00353 1 458 0911 (+353 1 458 0911) - info@www.maloneaccountants.ie # PAYROLL SERVICES MALONE & CO. With the introduction of PAYE modernisation, payroll operations have",strong,-,-,-,accountancy-practice-payroll,high
robb-ferguson-chartered-accountants,Robb Ferguson Chartered Accountants,robbferguson.co.uk,GB,11-50,QUALIFIED,True,accountancy-practice-payroll,https://robbferguson.co.uk/services/payroll-services/,Payroll Services - Robb Ferguson CA skip to navigationskip to main content ## Choosing a Service Choosing an accountant that matches your needs ## Sectors Robb Ferguson provides specialist advice for.,strong,-,-,-,accountancy-practice-payroll,medium
m.i.c.-accounts,South Shore Accountants,-,GB,11-50,QUALIFIED,True,accountancy-practice-payroll,https://www.linkedin.com/company/m.i.c.-accounts,ncy Practitioner dealing with all aspects of accountancy including: Accounts / Taxation / Payroll (including Auto-Enrolment) / Book keeping / Business Start ups.,weak,-,-,No website on record; LinkedIn About lists payroll incl. auto-enrolment as a client service.,accountancy-practice-payroll,high
tax-&-advise,Tax&Advise,taxandadvise.com,GB,11-50,QUALIFIED,True,accountancy-practice-payroll,https://taxandadvise.com/services/payroll/,"Payroll Services in UK (London) for Foreign Companies | Tax & Advise ### Your payroll specialist Tax & Advise provides payroll services in London for foreign companies, Italian and Spanish businesses,",strong,-,-,-,accountancy-practice-payroll,medium
thickbroom-group,Thickbroom Chartered Accountants,thickbroom.co.uk,GB,11-50,QUALIFIED,True,accountancy-practice-payroll,https://thickbroom.co.uk/our-services/payroll-pension/,Payroll & Pensions | Thickbroom Chartered Accountants Essex & Hertfordshire | # Payroll & Pensions Thickbroom Chartered Accountants: Pay Your Team and Keep Your Business Compliant Why Payroll and Pens,strong,-,-,-,accountancy-practice-payroll,medium
treasure,Treasure,treasureaccounting.co.uk,GB,11-50,LIKELY,False,accountancy-practice-payroll,-,-,none,-,-,Only homepage/privacy page in pack; small owner-managed-business practice.,accountancy-practice-payroll,medium
wdm,WDM,wdmca.co.uk,GB,11-50,QUALIFIED,True,accountancy-practice-payroll,https://www.wdmca.co.uk/services/business-accounting-services/payroll-services/,Payroll Services - WDM # Payroll Services Payroll management can be onerous and time-consuming but WDM’s comprehensive payroll service can ease the burden and free up time for you to run your business,strong,-,-,-,accountancy-practice-payroll,medium
advantage-business-systems-limited,Advantage Business Systems Limited,advantage.co.uk,GB,11-50,DISQUALIFIED,False,,-,-,none,"Microsoft Dynamics / business systems IT partner reselling PayEscape payroll; software reseller, does not process payroll for clients.",-,-,accountancy-practice-payroll,medium
bmhowarth,B M Howarth Chartered Accountants,bm-howarth.co.uk,GB,11-50,QUALIFIED,True,accountancy-practice-payroll,https://www.bm-howarth.co.uk/payroll-services/,Payroll Services - West Yorkshire Thank you for your enquiry Please check your email and junk folder as we will automatically respond to this. Close # Payroll Services ## Outsource Your Payroll to Us,strong,-,-,-,accountancy-practice-payroll,high
bennett-verby-limited,Bennett Verby Accountants and Business Advisors,bvllp.com,GB,11-50,QUALIFIED,True,accountancy-practice-payroll,https://bvllp.com/,e enquiring aboutAccounts & AuditBusiness ServicesCorporate RecoveryCorporate TaxPeople & PayrollPrivate Client ServicesStrategic PlanningInitial MeetingOther Make an Enquiry * ** * ** # Bennett Verby,weak,-,-,Evidence is the site enquiry menu listing a People & Payroll service line.,accountancy-practice-payroll,medium
chavereys,Chavereys,chavereys.co.uk,GB,11-50,QUALIFIED,True,accountancy-practice-payroll,https://chavereys.co.uk/our-people/chris-gaze/,red Accountants in England and Wales and is involved in all aspects of practice including payroll and outsourced finance. 01795 594495 CHAVEREYS LIMITED © 2024 ALL RIGHTS RESERVED | PRIVACY POLICY| LE,weak,-,-,Evidence is a partner profile citing payroll and outsourced finance work.,accountancy-practice-payroll,medium
harrisaccounts,Harris+Co Chartered Accountants + Chartered Tax Advisers,harrisaccounts.co.uk,GB,11-50,QUALIFIED,True,accountancy-practice-payroll,https://www.harrisaccounts.co.uk/services/payroll-processing,Payroll Processing Barnsley : Harris + Co ## Accessibility links - Skip to content - Accessibility Help You are using an outdated browser. Upgrade your browser today for a better experience of this si,strong,-,-,-,accountancy-practice-payroll,medium
hicks-and-company-chartered-accountants,"Hicks and Company, Chartered Accountants",hicks.co.uk,GB,11-50,QUALIFIED,True,accountancy-practice-payroll,https://www.hicks.co.uk/payroll.html,we have dedicated staff who can relieve you of this burden by providing a comprehensive and confidential payroll service,strong,-,-,Dedicated payroll manager + team of payroll assistants.,accountancy-practice-payroll,medium
loftyinsight-itp-limited,Loftyinsight It Professionals,loftyitp.com,GB,11-50,LIKELY,False,accountancy-practice-payroll,-,-,none,-,-,"IT + accounting outsourcing micro-firm; site lists ""financial services"" but no payroll page found. Ambiguous.",accountancy-practice-payroll,high
servicemaster-limited,ServiceMaster (UK) Limited,servicemaster.co.uk,GB,11-50,DISQUALIFIED,False,,-,-,none,End employer / franchisor of cleaning and home-services brands; no payroll processing for client organisations.,-,-,accountancy-practice-payroll,medium
sowerbyllp,Sowerby Chartered Accountants,sowerby-llp.co.uk,GB,11-50,QUALIFIED,True,accountancy-practice-payroll,https://sowerby-llp.co.uk/services/outsourcing/,We can take away unnecessary demands on your time by completing your accounting and payroll functions.,strong,-,-,Payroll & Bookkeeping department with payroll manager and payroll executives.,accountancy-practice-payroll,medium
spurling-cannon,Spurling Cannon,spurlingcannon.co.uk,GB,11-50,QUALIFIED,True,accountancy-practice-payroll,https://spurlingcannon.co.uk/business-accounting-services/payroll-and-paye-returns/,Payroll & PAYE Returns,strong,-,-,Two payroll managers across Ramsgate and Charing offices.,accountancy-practice-payroll,medium
bnw-accountants-ltd,BNW - Chartered Accountants,bnwaccountants.co.uk,GB,11-50,QUALIFIED,True,accountancy-practice-payroll,https://www.bnwaccountants.co.uk/take-home-pay-calculator/,"BNW Chartered Accountants can help with payroll, PAYE, tax planning, self assessment and limited company accounts.",weak,-,-,No dedicated payroll service page found; payroll named as a service on calculator page.,accountancy-practice-payroll,medium
cbhc-llp-chartered-accountants,CBHC Limited,cbhc.uk.com,GB,11-50,LIKELY,False,accountancy-practice-payroll,-,-,none,-,-,Outsourced Finance Team / Xero outsourced accounting offered; no explicit payroll page in pack.,accountancy-practice-payroll,medium
churchgate-accountants-limited,Churchgates,churchgates.co.uk,GB,11-50,QUALIFIED,True,accountancy-practice-payroll,https://churchgates.co.uk/tax/tax-compliance-returns-and-reporting/,Payroll administration including Real Time Information (RTI).,weak,-,-,"Payroll administration listed among client compliance services; multi-disciplinary firm (accountants, solicitors, IFAs).",accountancy-practice-payroll,medium
george-hay-chartered-accountants,George Hay Chartered Accountants,georgehay.co.uk,GB,11-50,QUALIFIED,True,payroll-bureau,https://www.georgehay.co.uk/services/outsourced-services/gh-payscheme-payroll-bureau/,"George Hay's Payroll Bureau operates from our Biggleswade branch but services businesses across Bedfordshire, Cambridgeshire and Hertfordshire",strong,-,celebrated National Payroll Week 2024 promoting its payroll bureau,Runs a named payroll bureau (GH Payscheme).,accountancy-practice-payroll,medium
greenandpeter,Green & Peter,greenandpeter.co.uk,GB,11-50,QUALIFIED,True,accountancy-practice-payroll,https://www.greenandpeter.co.uk/what-we-do/other-sectors/payroll/,Reasons Why You Should Outsource UK Payroll Services,strong,-,-,-,accountancy-practice-payroll,medium
greenfield-recovery-ltd,Greenfield Recovery Limited,greenfieldrecovery.co.uk,GB,11-50,DISQUALIFIED,False,,-,-,none,Licensed insolvency practice (business recovery/rescue); does not process payroll for client organisations.,-,-,accountancy-practice-payroll,medium
hf-global-services-pvt-limited,HF Global Services (Pvt) Limited,hfglobals.com,GB,11-50,DISQUALIFIED,False,,-,-,none,"HQ outside UK/Ireland - operations and address in Karachi, Pakistan (1/3G Block 6 PECHS, Karachi).",-,-,accountancy-practice-payroll,medium
hm-chartered-accountants-belfast,HM Chartered Accountants,harbinson-mulholland.com,GB,11-50,QUALIFIED,True,accountancy-practice-payroll,https://www.harbinson-mulholland.com/team/peter-stevenson,Peter Stevenson ### Payroll Specialist ... Years in the Industry: 11,weak,-,-,Belfast practice with a dedicated payroll specialist; no standalone payroll service page in pack.,accountancy-practice-payroll,medium
helpboxuk,Helpbox UK,helpboxuk.com,GB,11-50,QUALIFIED,True,accountancy-practice-payroll,https://helpboxuk.com/services/,"#### Payroll Including director only, e...",weak,-,-,Payroll offered as an add-on to accounting packages; VAT/Payroll/CIS client service categories.,accountancy-practice-payroll,medium
langdowns-dfk-ltd.,Langdowns DFK Ltd.,langdownsdfk.com,GB,11-50,QUALIFIED,True,accountancy-practice-payroll,https://www.langdownsdfk.com/services/payroll/,Outsourced staff pay service ... The easiest way to ensure you get it right is to outsource,strong,-,-,-,accountancy-practice-payroll,medium
loucas-chartered-certified-accountants,Loucas Accountants,loucas.org.uk,GB,11-50,QUALIFIED,True,accountancy-practice-payroll,https://www.loucas.org.uk/services/payroll,Efficient Payroll Services for...,strong,-,-,"Offices in Maidstone, Tonbridge, Welling and Brighton.",accountancy-practice-payroll,medium
mpa-financial-management,MPA Financial Management,mpafm.co.uk,GB,11-50,DISQUALIFIED,False,,-,-,none,Independent financial advisers (wealth/pensions); no payroll processing for clients.,-,-,accountancy-practice-payroll,medium
get-mayday,Mayday,getmayday.com,GB,11-50,DISQUALIFIED,False,,-,-,none,Software vendor - Mayday sells month-end reconciliation software for in-house finance teams; does not process payroll for clients.,-,-,accountancy-practice-payroll,medium
page-kirk-llp,Page Kirk LLP,pagekirk.co.uk,GB,11-50,QUALIFIED,True,accountancy-practice-payroll,https://www.pagekirk.co.uk/payroll/,"At Page Kirk, we provide reliable, UK-based outsourced payroll services for businesses of all sizes",strong,-,-,-,accountancy-practice-payroll,medium
williamsoncroft,UHY Williamson Croft,williamsoncroft.co.uk,GB,11-50,QUALIFIED,True,accountancy-practice-payroll,https://www.williamsoncroft.co.uk/service-schedules/,| Payroll | 21 |,weak,-,-,Payroll appears as a client service schedule in the firm’s engagement terms.,accountancy-practice-payroll,medium
ward-goodman-ltd,Ward Goodman Ltd,wardgoodman.co.uk,GB,11-50,QUALIFIED,True,accountancy-practice-payroll,https://wardgoodman.co.uk/business-services/payroll-service/,Payroll Services Dorset UK | Ward Goodman,strong,-,-,-,accountancy-practice-payroll,medium
bromhead-chartered-accountants,Bromhead Chartered Accountants,bromheadco.co.uk,GB,11-50,DISQUALIFIED,False,,-,-,none,Merged/absorbed into TC Group (now trading as TC Bromhead); domain resolves to TC Group announcement.,-,Acquirer: TC Group.,accountancy-practice-payroll,medium
ck-chartered-accountants,CKCA Limited,ckca.co.uk,GB,11-50,QUALIFIED,True,accountancy-practice-payroll,https://www.ckca.co.uk/business-services/payroll/,Outsourcing your payroll gives you peace of mind ... fully managed service delivered by professionals with over 40 years’ combined experience,strong,-,-,"Domain-mismatch warning cleared: ckca.co.uk footer states ""CKCA Limited, trading as CK"" (Dudley). Has a Payroll Bureau team.",accountancy-practice-payroll,medium
contabilita,Contabilita,contabilita.co.uk,GB,11-50,LIKELY,False,accountancy-practice-payroll,-,-,none,-,-,"Central London tax/chartered accountancy practice; site returned no pages in the evidence pack, no payroll page confirmed.",accountancy-practice-payroll,medium
dales-evans-&-co-ltd,Dales Evans & Co,dalesevans.co.uk,GB,11-50,LIKELY,False,accountancy-practice-payroll,-,-,none,-,-,Music/entertainment business management firm; handles day-to-day client administration but no payroll page found.,accountancy-practice-payroll,medium
fts-recovery,FTS Recovery,ftsrecovery.co.uk,GB,11-50,DISQUALIFIED,False,,-,-,none,Licensed insolvency practitioners (restructuring division of Fortus); does not run client payroll.,-,-,accountancy-practice-payroll,medium
golf-accountancy-matters,Golf Accountancy Matters,amglltd.com,GB,11-50,QUALIFIED,True,accountancy-practice-payroll,https://amglltd.com/,Accountancy Matters offer an outsourced accounts service where all day to day bookkeep...,strong,-,headcount growth - welcomed 30th employee 2024,Outsourced accounts and payroll for golf and leisure clubs; ~30 staff.,accountancy-practice-payroll,medium
hds-partnership,HDS,hds.ie,IE,11-50,QUALIFIED,True,accountancy-practice-payroll,https://hds.ie/payroll-compliance-obligations/,Keeping up with Payroll Compliance obligations is as important or perhaps even more important than ever.,weak,-,-,"Limerick practice (ROI, in scope); payroll advisory content, service page not directly captured.",accountancy-practice-payroll,medium
haggards-crowther,Haggards Crowther Chartered Accountants,haggards.co.uk,GB,11-50,QUALIFIED,True,accountancy-practice-payroll,https://www.haggards.co.uk/for-business/payroll-management/,We provide reliable payroll management services to ensure your employees are paid accurately ... our outsourc,strong,-,-,-,accountancy-practice-payroll,medium
hendersons-chartered-accountants,Hendersons Chartered Accountants,hendersonsca.co.uk,GB,11-50,QUALIFIED,True,accountancy-practice-payroll,https://hendersonsca.co.uk/services/payroll-services/,No matter the size of your business you can save time by engaging us to run your payroll.,strong,-,-,-,accountancy-practice-payroll,medium
honey-barrett-limited,Honey Barrett Chartered Accountants,honeybarrett.co.uk,GB,11-50,QUALIFIED,True,accountancy-practice-payroll,https://www.honeybarrett.co.uk/services/businesses/payroll-services,"Honey Barrett can provide a comprehensive, tailored payroll package suitable for your business",strong,-,-,-,accountancy-practice-payroll,medium
lugo,Lugo,lugoit.co.uk,GB,11-50,DISQUALIFIED,False,,-,-,none,IT managed services provider (IT support to accountancy firms); does not process payroll for clients.,-,-,accountancy-practice-payroll,medium
mah-chartered-accountants,"MAH, Chartered Accountants",mah.uk.com,GB,11-50,QUALIFIED,True,accountancy-practice-payroll,https://www.mah.uk.com/,"We provide a complete accounting solution covering tax, audit, payroll, VAT, and management accounting",weak,-,-,Payroll/dividends run monthly for contractor and SME clients.,accountancy-practice-payroll,medium
muras-baker-jones-llp,Muras Baker Jones Limited,muras.co.uk,GB,11-50,QUALIFIED,True,accountancy-practice-payroll,https://muras.co.uk/our-services/payroll/,Let us relieve you of the time consuming process of administering payroll,strong,-,-,-,accountancy-practice-payroll,medium
nigel-sloam-&-co,Nigel Sloam & Co,nigelsloam.co.uk,GB,11-50,DISQUALIFIED,False,,-,-,none,Firm of actuaries and pensions/investment consultants; no client payroll processing.,-,-,accountancy-practice-payroll,medium
ritsons-chartered-accountants-limited,Ritsons Chartered Accountants,ritsonsca.com,GB,11-50,QUALIFIED,True,accountancy-practice-payroll,https://ritsonsca.com/services/payroll/,"Let us relieve you of the time consuming process of administering payroll, allowing you to get on with what you do best - running your business.",strong,-,-,Offices across the North of Scotland.,accountancy-practice-payroll,medium
sandison-easson,Sandison Easson,sandisoneasson.co.uk,GB,11-50,QUALIFIED,True,accountancy-practice-payroll,https://www.sandisoneasson.co.uk/dental-practice-accounting,Bookkeeping - Accounting software - Business planning - Tax planning - Financial forecasts - Succession planning - Monthly payroll,weak,-,-,Specialist medical/dental accountants; monthly payroll listed in the client service set.,accountancy-practice-payroll,medium
telleroo,Telleroo,telleroo.com,GB,11-50,DISQUALIFIED,False,,-,-,none,Fintech/software vendor - bulk payment platform sold to payroll bureaus and accounting firms; does not itself process payroll.,-,-,accountancy-practice-payroll,medium
darbys-limited,darbys Limited,darbys.com,GB,11-50,QUALIFIED,True,accountancy-practice-payroll,https://www.darbys.com/factsheets/employment-and-related-matters/the-national-minimum-wage,We also offer a payroll service.,strong,-,-,Nottinghamshire practice; also offers pension auto-enrolment.,accountancy-practice-payroll,medium
accountants-plus-hamilton,Accountants Plus,accountantsplus.net,GB,11-50,QUALIFIED,True,accountancy-practice-payroll,https://www.accountantsplus.net/bookkeeping-glasgow/,Accountants Plus provides professional bookkeeping and payroll services to businesses across the Glasgow area,strong,-,-,-,accountancy-practice-payroll,medium
acenteus,Acenteus CCA,acenteus-cca.com,GB,11-50,QUALIFIED,True,payroll-bureau,https://acenteus-cca.com/accounting-outsourcing-for-uk-accounting-firms,"Payroll Outsourcing Payroll and pension processing, employee registrations, payslip generation, and compliance filings.",strong,-,-,White-label outsourcing partner to UK accounting firms; UK HQ Brighton with offshore delivery teams.,accountancy-practice-payroll,medium
amber-business-solutions-london-ltd,Amber Business Solutions (London) Ltd,amberbusinesssolutions.net,GB,11-50,LIKELY,False,accountancy-practice-payroll,-,-,none,-,-,"Pricing pages checked: bookkeeping/accounting/VAT only, payroll conspicuously absent. Outsourced support to UK accountancy firms.",accountancy-practice-payroll,high
barringtons-limited,Barringtons Limited,barringtons.co.uk,GB,11-50,QUALIFIED,True,accountancy-practice-payroll,https://www.linkedin.com/company/barringtons-limited,"we have experts in everything from book-keeping, payroll, tax, VAT and corporate finance",weak,-,-,No pages returned from barringtons.co.uk; evidence is LinkedIn About text.,accountancy-practice-payroll,medium
bryden-johnson,Bryden Johnson,bryden-johnson.co.uk,GB,11-50,QUALIFIED,True,accountancy-practice-payroll,https://bryden-johnson.co.uk/services/payroll-accountant-london/,"Ensuring all members of your staff are paid on time, while complying with both HMRC and legal requirements is a major and complex task.",strong,-,-,-,accountancy-practice-payroll,medium
capital-and-trust,Capital and Trust,capitalandtrust.com,GB,11-50,DISQUALIFIED,False,,-,-,none,M&A intermediary/broker for financial services businesses; not a payroll processor.,-,-,accountancy-practice-payroll,medium
fts-ltd.,FTS,-,GB,11-50,QUALIFIED,True,accountancy-practice-payroll,https://www.linkedin.com/company/fts-accountants,"Providing accountancy, project management, systems implementation and payroll services, to the sme market",weak,-,-,"No website on record; verdict rests on the LinkedIn About text, which states payroll services to the SME market.",accountancy-practice-payroll,high
gf-&-co,GF & Co,-,GB,11-50,LIKELY,False,accountancy-practice-payroll,-,-,none,-,-,"Chartered certified practice for construction SMEs (Dartford); no website on record, payroll not confirmed.",accountancy-practice-payroll,medium
havard-and-associates,Havard & Associates,havardassoc.co.uk,GB,11-50,QUALIFIED,True,accountancy-practice-payroll,https://www.havardassoc.co.uk/services/payroll,Running a payroll can be time consuming and complicated and divert resources from the core activities of y,strong,-,-,Page also offers to install payroll software/train client staff; client testimonial references years of payroll support.,accountancy-practice-payroll,medium
howlader-&-co,Howlader & Co,howladerandco.com,GB,11-50,QUALIFIED,True,accountancy-practice-payroll,https://howladerandco.com/services/payroll/,"Managing your payroll can be a tricky business. Payslips, P45s, P11ds, P60s, summaries, pensions, maternity pay, sick pay",strong,-,-,-,accountancy-practice-payroll,medium
iceblue-marketing-&-design-ltd,IceBlue,iceblue.co.uk,GB,11-50,DISQUALIFIED,False,,-,-,none,"Digital marketing agency and software house (Taxshield tax software, StreamHR); sells software, does not run client payroll.",-,-,accountancy-practice-payroll,medium
jrw-hogg-and-thorburn-chartered-accountants,JRW Hogg & Thorburn,jrwca.com,GB,11-50,LIKELY,False,accountancy-practice-payroll,-,-,none,-,-,Six-office Scottish Borders chartered accountancy firm; no payroll page captured in the pack.,accountancy-practice-payroll,high
oldfield-advisory,Oldfield Accountancy & Advisory,oldfieldadvisory.com,GB,11-50,LIKELY,False,accountancy-practice-payroll,-,-,none,-,-,"Owner-managed-business advisory practice; site lists ""Accounts & Compliance (tax returns, payroll etc)"" but no payroll service page captured.",accountancy-practice-payroll,medium
pro-tax-plus-accountants,Pro Tax Plus Accountants,protaxplus.co.uk,GB,11-50,QUALIFIED,True,accountancy-practice-payroll,https://www.protaxplus.co.uk/post/the-benefits-of-outsourcing-your-payroll-services-in-2025,The Benefits of Outsourcing Your Payroll Services in 2025,weak,-,-,Payroll outsourcing promoted to clients; no dedicated service page captured.,accountancy-practice-payroll,medium
sas-kpo,SAS KPO Services,saskpo.co.uk,GB,11-50,QUALIFIED,True,payroll-bureau,https://saskpo.co.uk/payroll-outsourcing/,"we deliver secure and fully managed payroll outsourcing for businesses across the UK, USA, and Ireland",strong,-,-,White-label payroll outsourcing for UK accountancy practices - strong bureau-software buyer profile.,accountancy-practice-payroll,high
sterling-accounting-solutions-ltd,Sterling Accounting Solutions,sas-accountants.com,GB,11-50,QUALIFIED,True,accountancy-practice-payroll,https://sas-accountants.com/sas-x-telleroo/,"we’ve solved this issue, by teaming up with the fantastic payments platform ‘Telleroo’ to offer paid payroll and bill payments as part of our Virtual Finance Team(VFT) service",weak,-,-,Payroll listed in the Virtual Finance Team service set.,accountancy-practice-payroll,medium
accutax,Accutax,-,GB,11-50,QUALIFIED,True,accountancy-practice-payroll,https://www.linkedin.com/company/accutax,"Having staff experienced over the full range of accountancy, book-keeping, taxation, and payroll services.",weak,-,-,No website on record; verdict rests on LinkedIn About text.,accountancy-practice-payroll,high
animo-associates,Animo Associates,animoassociates.com,GB,11-50,QUALIFIED,True,payroll-bureau,https://animoassociates.com/services/accountancy-services/,"We provide a wide range of services, including bookkeeping, payroll, VAT accounting, and in-house accoun",strong,-,strategic partnership with Cornerstone Crew Management for superyacht payroll,"London-listed corporate services group, 648 staff across 7 offices; payroll outsourcing incl. multinational and superyacht crew.",accountancy-practice-payroll,medium
attwoods,Attwoods Accountants,attwoods.co.uk,GB,11-50,QUALIFIED,True,accountancy-practice-payroll,https://www.attwoods.co.uk/services/payroll-and-cis,"Seamless processing, compliance, and personalised solutions for efficient and accurate payroll management.",strong,-,-,"Payroll & CIS service line across Bromsgrove, Evesham, Pershore.",accountancy-practice-payroll,high
bca-tax-business-consultants,BCA Tax & Business Consultants,bca.ie,IE,11-50,QUALIFIED,True,accountancy-practice-payroll,https://bca.ie/services/outsource-payroll/,"We operate a complete Bookkeeping and Payroll processing function, providing a complete outsourcing facility to national and international clients.",strong,-,-,"ROI (Offaly) practice, in scope; accredited Irish Payroll Association payroll manager.",accountancy-practice-payroll,medium
brearley-&-co-accountants,Brearley & Co Accountants,brearleyandco.co.uk,GB,11-50,QUALIFIED,True,accountancy-practice-payroll,https://www.brearleyandco.co.uk/services/payroll,Employer obligations are on the up and the rules for calculating employees’ pay get ever more complicated. If doing the payroll gives you,strong,-,-,-,accountancy-practice-payroll,medium
chartered-certified-accountants,Chartered Certified Accountants,-,GB,11-50,LIKELY,False,accountancy-practice-payroll,-,-,none,-,-,"Swindon accounting firm, no website or evidence pages on record; nothing found either way.",accountancy-practice-payroll,medium
derbyshire-&-co,Derbyshire & Co,derbyshireandco.co.uk,GB,11-50,QUALIFIED,True,accountancy-practice-payroll,https://www.derbyshireandco.co.uk/services.html,"Our dedicated payroll team will ensure that your payroll is on time, accurate and in line with your requirements.",strong,-,-,-,accountancy-practice-payroll,medium
foxley-kingham,Foxley Kingham,fkca.co.uk,GB,11-50,QUALIFIED,True,accountancy-practice-payroll,https://www.fkca.co.uk/what-we-do/payroll-auto-enrolment/,"If you’re still running your own payroll, you’ll know it’s a time consuming and increasingly complex task. But we can seamlessly integr",strong,-,-,-,accountancy-practice-payroll,medium
james-todd-&-co-accountants,James Todd & Co Limited,jamestoddandco.co.uk,GB,11-50,QUALIFIED,True,accountancy-practice-payroll,https://www.jamestoddandco.co.uk/services/stress-free-payroll/,"Our dedicated payroll team offer a comprehensive and confidential service, for a fixed pricing structure.",strong,-,-,-,accountancy-practice-payroll,medium
jayvaglobal,Jayva Global,jayvaglobal.com,GB,11-50,DISQUALIFIED,False,,-,-,none,"Consultancy and training provider to law firms (legal accounting, Xero training); does not process client payroll. Xero Gold Partner status is not disqualifying in itself.",-,-,accountancy-practice-payroll,medium
jones-hunt-&-company,Jones Hunt Keelings,keelingsjoneshunt.co.uk,GB,11-50,LIKELY,False,accountancy-practice-payroll,-,-,none,-,-,"General accountancy practice; no website pages returned, payroll not confirmed.",accountancy-practice-payroll,medium
kingswood-chartered-accountants,Kingswood Chartered Accountants,kingswood-allotts.co.uk,GB,11-50,QUALIFIED,True,accountancy-practice-payroll,https://www.kingswood-allotts.co.uk/,Our Services Business Advice & Accountancy Services Audit & Assurance Taxation Payroll Corporate Finance,weak,-,-,Payroll is a listed service line; dedicated page not captured.,accountancy-practice-payroll,medium
leathers-llp,Leathers,weareleathers.com,GB,11-50,LIKELY,False,accountancy-practice-payroll,-,-,none,-,-,Chartered accountants (Leathers); no evidence pages returned for the domain.,accountancy-practice-payroll,medium
mmg-archbold,MMG Chartered Accountants,mmgca.co.uk,GB,11-50,QUALIFIED,True,accountancy-practice-payroll,https://www.mmgca.co.uk/accountancy-blog/national-payroll-week-how-mmg-can-simplify-your-payroll-process/,National Payroll Week: How MMG Can Simplify Your Payroll Process,weak,-,-,Payroll promoted to clients via National Payroll Week post; service page not captured.,accountancy-practice-payroll,high
psb-accountants-limited,PSB Accountants Limited,p-s-b.co.uk,GB,11-50,QUALIFIED,True,accountancy-practice-payroll,https://p-s-b.co.uk/services/payroll,The task of payroll processing can often divert you from your core business activity. It is our job to help and take the worry and time out of this process,strong,-,-,-,accountancy-practice-payroll,medium
parsonsaccountants,Parsons Chartered Accountants,parsons.co.uk,GB,11-50,QUALIFIED,True,accountancy-practice-payroll,https://parsons.co.uk/bookkeeping-and-payroll/,A fully managed bookkeeping and payroll service ensures your books are maintained and payroll processes are completed without you having to,strong,-,-,-,accountancy-practice-payroll,medium
pennybooks,PennyBooks Limited,pennybooks.io,GB,11-50,QUALIFIED,True,accountancy-practice-payroll,https://pennybooks.io/services/payroll-service/,An online payroll service that pays your employees on time.,strong,-,-,Modern London firm; payroll bundled with bookkeeping/accounting for SMEs and VC-backed scale-ups.,accountancy-practice-payroll,high
sfb-group,SFB group,sfb.group,GB,11-50,QUALIFIED,True,accountancy-practice-payroll,https://www.sfb.group/accountancy/,### Payroll ### Personal Taxation ### Management Account,weak,-,-,Payroll listed among accountancy service lines (Nuneaton/Leicester).,accountancy-practice-payroll,medium
thomas-&-young-llp,Thomas & Young Ltd,thomasandyoung.co.uk,GB,11-50,QUALIFIED,True,accountancy-practice-payroll,https://www.thomasandyoung.co.uk/our-services,Self assessment returns - Dealing with HMRC enquiries/investigations - VAT - Payroll - P11D’s,weak,-,-,~40 staff Solihull practice; payroll listed in services.,accountancy-practice-payroll,medium
accountancycloud,Accountancy Cloud,accountancycloud.com,GB,11-50,QUALIFIED,True,accountancy-practice-payroll,https://accountancycloud.com/what-you-get/payroll,"Payroll services, stress-free. Allow us to handle your payroll for an all-inclusive fee ... Managed by certified payroll staff",strong,-,-,-,accountancy-practice-payroll,medium
aston-pearl-accountants,Aston Pearl Accountants,-,GB,11-50,LIKELY,False,accountancy-practice-payroll,-,-,none,-,-,"Small accountancy/tax practice; no website on record, payroll not confirmed.",accountancy-practice-payroll,medium
bulley-davey,Bulley Davey,bulleydavey.co.uk,GB,51-200,QUALIFIED,True,accountancy-practice-payroll,https://www.bulleydavey.co.uk/,Payroll Services,strong,-,-,Evidence pack empty; payroll service line confirmed by fetching own site nav (Payroll Services).,accountancy-practice-payroll,high
glxaccountants,GLX,glx.co.uk,GB,11-50,QUALIFIED,True,accountancy-practice-payroll,https://www.glx.co.uk/accounting/payroll-cis/,Save time and ensure accuracy by outsourcing your payroll and CIS to us,strong,-,-,-,accountancy-practice-payroll,medium
accountants-congleton-cheshire,Hammond McNulty,h-m.co.uk,GB,11-50,QUALIFIED,True,accountancy-practice-payroll,https://www.h-m.co.uk/services,Payroll and PAYE Returns,strong,-,-,Site services list confirms payroll; evidence pack only had team/news pages.,accountancy-practice-payroll,medium
hartleyfowler,Hartley Fowler LLP,hartleyfowler.com,GB,11-50,QUALIFIED,True,accountancy-practice-payroll,https://hartleyfowler.com/services/business-services/payroll/,Our payroll accountants recognise that the timely and accurate processing of payroll is essential,strong,-,-,-,accountancy-practice-payroll,medium
lees-accountants,LEES Accountants,leeaccountants.co.uk,GB,11-50,LIKELY,False,accountancy-practice-payroll,-,-,none,-,-,leeaccountants.co.uk unreachable from this session (proxy 502); no payroll page confirmed.,accountancy-practice-payroll,medium
mytsoftware,MYT,getmyt.com,GB,11-50,DISQUALIFIED,False,,-,-,none,"Software vendor, not a payroll service provider: MYT sells an AI bookkeeping/VAT app to micro-businesses and accountants.",-,Product pages read like service pages; check before re-adding.,accountancy-practice-payroll,medium
northern-accountants-ltd,Northern Accountants Ltd,northernaccountants.co.uk,GB,11-50,QUALIFIED,True,accountancy-practice-payroll,https://www.northernaccountants.co.uk/services/payroll/,"Dedicated, accurate and stress-free payroll services that keep your team paid",strong,-,uses BrightPay payroll software,Blog promotes BrightPay - current payroll software incumbent.,accountancy-practice-payroll,medium
sg-accounting,SG Accounting,sg-accounting.co.uk,GB,11-50,QUALIFIED,True,umbrella-contractor-payroll,https://sg-accounting.co.uk/umbrella-payroll-service-for-temporary-workers/,Umbrella Payroll service for temporary workers,strong,-,-,Contractor accountancy with its own umbrella payroll offering.,accountancy-practice-payroll,medium
zain-associates,Zain Associates,zain.com,GB,11-50,QUALIFIED,True,accountancy-practice-payroll,https://www.linkedin.com/company/zain-associates,"We offer expert tax advise, and payroll services.",weak,-,-,Recorded domain zain.com belongs to Zain Jordan telecom - wrong-entity pack. Verdict rests on LinkedIn About only; real site unconfirmed.,accountancy-practice-payroll,high
richard-edwards-group-llp,Affinia (RE Group Accountants Limited),r-edwards.com,GB,11-50,DISQUALIFIED,False,,-,-,none,Acquired: Richard Edwards Group / RE Group Accountants has been absorbed into Affinia.,-,"Own homepage announces ""Richard Edwards Group joins Affinia"". Target the Affinia parent instead.",accountancy-practice-payroll,medium
ascendisuk,Ascendis,ascendis.co.uk,GB,11-50,QUALIFIED,True,accountancy-practice-payroll,https://ascendis.co.uk/services/business-services/,"We manage all your key financial functions - from bookkeeping, VAT, and payroll to credit control",strong,-,-,-,accountancy-practice-payroll,medium
berry-accountants-ltd,Berry Accountants Ltd,berry.uk.com,GB,11-50,QUALIFIED,True,accountancy-practice-payroll,https://berry.uk.com/tax/payroll,"At Berry’s, we take the pain out of payroll, delivering professional, reliable services that simplify your business",strong,-,-,-,accountancy-practice-payroll,medium
botham-accounting,Botham Accounting,bothamaccounting.co.uk,GB,11-50,QUALIFIED,True,accountancy-practice-payroll,https://www.bothamaccounting.co.uk/our-services/business-accounting/payroll/,Reliable and timely payroll is an essential ingredient in running a successful business,strong,-,-,-,accountancy-practice-payroll,medium
clifford-roberts-chartered-accountants,Clifford Roberts Chartered Accountants,cliffordroberts.com,GB,11-50,QUALIFIED,True,accountancy-practice-payroll,https://www.cliffordroberts.com/services/support-services,Payroll in Wellingborough : Bookkeepers in Northampton : Clifford Roberts,strong,-,-,-,accountancy-practice-payroll,medium
diamond-accounts-limited,DIAMOND ACCOUNTS LIMITED,diamondaccounts.org,GB,11-50,LIKELY,False,accountancy-practice-payroll,-,-,none,-,-,No evidence pages returned; site not reachable to confirm a payroll service line.,accountancy-practice-payroll,medium
donald-reid-group,Donald Reid Group,donaldreid.co.uk,GB,11-50,QUALIFIED,True,accountancy-practice-payroll,https://donaldreid.co.uk/services/outsourced-finance-business-services/payroll/,Running and maintaining a payroll function can be time consuming and requires expertise,strong,-,-,"Pack carried a wrong-domain warning, but donaldreid.co.uk is DRG = Donald Reid Group; domain verified as correct.",accountancy-practice-payroll,medium
ford-campbell-freedman-limited,Ford Campbell Freedman Limited,fcf.ltd,GB,11-50,LIKELY,False,accountancy-practice-payroll,-,-,none,-,-,"fcf.ltd (FCF, Leeds) reachable but no payroll page found; accountancy firm 11-50, payroll not contradicted.",accountancy-practice-payroll,medium
godfrey-wilson-limited,Godfrey Wilson Limited,godfreywilson.co.uk,GB,11-50,DISQUALIFIED,False,,-,-,none,Acquired: Godfrey Wilson is now part of Gravita Business Services.,-,"Own site banner: ""Godfrey Wilson is now part of Gravita"". Does run client payroll, but buying sits with Gravita.",accountancy-practice-payroll,medium
iapa-ltd,IAPA International,iapa.co.za,GB,11-50,DISQUALIFIED,False,,-,-,none,"Network head office / geography: IAPA International is a global association of independent member firms; the payroll evidence is from IAPA Johannesburg (South Africa), a separate member firm.",-,-,accountancy-practice-payroll,medium
ja-associates-chartered-certified-accountants,JA Associates Chartered Certified Accountants & Registered Auditors,ja-associates.com,GB,11-50,QUALIFIED,True,accountancy-practice-payroll,https://www.ja-associates.com/,Corporation TAX Return Payroll/Payslips VAT Returns & Book-keeping,weak,-,-,Single-page site; payroll listed in services strip.,accountancy-practice-payroll,medium
johnsons-chartered-accountants,Johnsons Chartered Accountants,johnsonsca.com,GB,11-50,QUALIFIED,True,accountancy-practice-payroll,https://johnsonsca.com/member/outsourced-payroll-london/,Johnsons Chartered Accountant Tax Advisor - outsourced payroll London,weak,-,merged/absorbed Rutherfords Accountants Aylesbury; now part of acumon UK,Outsourced-payroll page exists; group now part of acumon UK but trades under own brand.,accountancy-practice-payroll,medium
knowles-warwick-chartered-accountants,Knowles Warwick Ltd,knowleswarwick.com,GB,11-50,QUALIFIED,True,accountancy-practice-payroll,https://www.knowleswarwick.com/how-we-help/compliance-services/payroll/,We provide payroll accounting for a wide range of clients,strong,-,-,-,accountancy-practice-payroll,high
leonard-&-company,Leonard & Company,leonardco.ie,IE,11-50,QUALIFIED,True,accountancy-practice-payroll,https://leonardco.ie/payroll/,"Our outsourced payroll service is designed to remove the administrative burden, reduce risk, and ensure full Revenue compliance.",strong,-,-,Republic of Ireland practice; payroll page confirmed by direct fetch.,accountancy-practice-payroll,medium
martin-and-company-accountants-limited,MARTIN AND COMPANY ACCOUNTANTS LIMITED,martinandcompany.co.uk,GB,11-50,LIKELY,False,accountancy-practice-payroll,-,-,none,-,-,martinandcompany.co.uk serves a Plesk default page - site not live; nothing found either way.,accountancy-practice-payroll,medium
mdj-services-limited,MDJ Services Limited,mdjservices.co.uk,GB,11-50,QUALIFIED,True,accountancy-practice-payroll,https://www.mdjservices.co.uk/our-services/,"Our specialist in-house payroll team is here to ensure your weekly, fortnightly or monthly payroll is processed",strong,-,-,-,accountancy-practice-payroll,medium
mcewan-wallace,McEwan Wallace,mcwallace.co.uk,GB,11-50,QUALIFIED,True,accountancy-practice-payroll,https://www.mcwallace.co.uk/services/payroll,Payroll Birkenhead - McEwan Wallace,strong,-,-,Also runs a Payroll Health Check service page.,accountancy-practice-payroll,medium
mitchell-gordon-llp,Mitchell Gordon LLP,mitchellgordon.co.uk,GB,11-50,QUALIFIED,True,payroll-bureau,https://www.mitchellgordon.co.uk/services/payroll/,"Our in-house, professional payroll bureau service takes away the time",strong,-,-,-,accountancy-practice-payroll,medium
my-office-accountant,My Office Accountant,myofficeaccountant.co.uk,GB,11-50,QUALIFIED,True,accountancy-practice-payroll,https://www.linkedin.com/company/my-office-accountant,"Our qualified expert accountants are specialists in bookkeeping, payroll, tax returns, VAT",weak,-,-,Own site 403s from this session and several pages appear SEO-hijacked with unrelated spam content; verdict rests on LinkedIn About.,accountancy-practice-payroll,medium
nlainternationalltd,NLA International - Blue Economy Solutions,nlai.blue,GB,11-50,DISQUALIFIED,False,,-,-,none,Not a payroll provider: NLA International is a Blue Economy / ocean-sector consultancy. Industry classification on the record is wrong.,-,-,accountancy-practice-payroll,medium
praxity,Praxity Alliance,praxity.com,GB,11-50,DISQUALIFIED,False,,-,-,none,"Network head office: Praxity is a global alliance of independent accounting firms; payroll sits with member firms, not the alliance.",-,-,accountancy-practice-payroll,medium
qaccountants,Q Accountants,qaccountants.com,GB,11-50,QUALIFIED,True,accountancy-practice-payroll,https://qaccountants.com/services/payroll,"Outsourced payroll services for small businesses, limited companies",strong,-,-,-,accountancy-practice-payroll,medium
rhjgroup,RHJ Group,rhjgroup.net,GB,11-50,LIKELY,False,accountancy-practice-payroll,-,-,none,-,-,"International tax/advisory group (Cyprus, Malta, Portugal, UAE, UK). Blog points to a sister firm ""RHJ Accountants"" for payroll; own payroll service line unconfirmed.",accountancy-practice-payroll,medium
rosemary-bookkeeping,Rosemary Bookkeeping UK,rosemarybooks.co.uk,GB,11-50,QUALIFIED,True,accountancy-practice-payroll,https://rosemarybooks.co.uk/rosemary-bookkeeping-shrewsbury-and-telford-wins-growth-award/,"From day-to-day bookkeeping and VAT returns to payroll, CIS, and Making Tax Digital support",weak,-,franchise network growth award,Franchised bookkeeping network; payroll delivered at franchisee level.,accountancy-practice-payroll,medium
taylor-viney-&-marlow,Taylor Viney & Marlow,tvmaccounts.co.uk,GB,11-50,QUALIFIED,True,accountancy-practice-payroll,https://www.tvmaccounts.co.uk/services/business-accounting-tax/payroll,The task of payroll processing can often divert you from your core business,strong,-,-,-,accountancy-practice-payroll,medium
thomas-and-co-accounting,Thomas & Co International Limited,thomasandcoaccounting.com,GB,11-50,QUALIFIED,True,accountancy-practice-payroll,https://www.thomasandcoaccounting.com/services/payroll/,Payroll | Thomas and Co International,strong,-,7 industry awards,-,accountancy-practice-payroll,medium
accounts-etc,Accounts Etc,accountsetc.com,GB,11-50,QUALIFIED,True,accountancy-practice-payroll,https://www.accountsetc.com/our-services/payroll/,Making payroll more efficient and effortless,strong,-,-,-,accountancy-practice-payroll,medium
brays,Brays,braysaccountants.co.uk,GB,11-50,QUALIFIED,True,accountancy-practice-payroll,https://www.braysaccountants.co.uk/services/payroll/,PAYE & Payroll services to suit your business needs,strong,-,-,-,accountancy-practice-payroll,medium
cadwallader-&-co-llp,Cadwallader & Co Llp,cadwalladerllp.co.uk,GB,11-50,QUALIFIED,True,accountancy-practice-payroll,https://www.cadwalladerllp.co.uk/payroll.html,Cadwallader & Co LLP - Payroll and Employee Services,strong,-,-,"Largest practice in Welshpool, 1,750+ clients.",accountancy-practice-payroll,medium
charter-tax,Charter Tax,charter-tax.com,GB,11-50,QUALIFIED,True,accountancy-practice-payroll,https://www.charter-tax.com/our-services/corporate-and-omb/payroll/,Companies of all sizes can gain from delegating their payroll,strong,-,-,-,accountancy-practice-payroll,medium
connolly-accountants-llp,Connolly Accountants & Business Advisors Ltd,connollyaccountants.com,GB,11-50,QUALIFIED,True,accountancy-practice-payroll,https://connollyaccountants.com/services/outsourcing/payroll-cis/,Taking care of paying your team and managing CIS,strong,-,-,-,accountancy-practice-payroll,medium
evolutioncapitaladvisors,Evolution Capital,evolutioncapital.com,GB,11-50,DISQUALIFIED,False,,-,-,none,Not a payroll provider: Evolution Capital is a boutique technology/media M&A advisory firm.,-,-,accountancy-practice-payroll,medium
hduk,HDUK,hduk.co.uk,GB,11-50,DISQUALIFIED,False,,-,-,none,Not a payroll provider: HDUK (Hosted Desktop UK) is an IT/cloud hosting supplier that sells TO accountancy firms.,-,-,accountancy-practice-payroll,medium
js2-limited,Js2 Limited,js2.net,GB,11-50,LIKELY,False,accountancy-practice-payroll,-,-,none,-,-,"Charity-sector chartered accountants with an outsourced accounting practice; payroll referenced only in tax articles, no payroll service page found.",accountancy-practice-payroll,medium
lamont-pridmore,Lamont Pridmore,lamontpridmore.co.uk,GB,11-50,QUALIFIED,True,accountancy-practice-payroll,https://www.lamontpridmore.co.uk/our-services/payroll-services/,"At Lamont Pridmore, we provide a range of services to ensure that we meet your payroll needs",strong,-,-,-,accountancy-practice-payroll,medium
mapus-smith-&-lemmon-llp,Mapus-Smith & Lemmon LLP,mapus.co.uk,GB,11-50,QUALIFIED,True,accountancy-practice-payroll,https://www.mapus.co.uk/services/payroll,"As a growing or well-established business, managing your own payroll",strong,-,-,-,accountancy-practice-payroll,medium
lavat,PSTAX,pstax.co.uk,GB,11-50,DISQUALIFIED,False,,-,-,none,"Advisory only: PSTAX provides VAT and employment-tax consultancy to public bodies (councils, NHS, blue light); it advises on payrolling rather than processing payroll for clients.",-,"Borderline - public-sector employment tax specialists, not a bureau.",accountancy-practice-payroll,medium
ra-accountants-llp,"RA Accountants | Specialist Accountants for Healthcare, Franchise & SME Businesses",raaccountants.com,GB,11-50,QUALIFIED,True,accountancy-practice-payroll,https://raaccountants.com/services/accountancy/payroll/,Payroll | RA Accountants LLP,strong,-,-,Also offers a BACS service page.,accountancy-practice-payroll,medium
ramsay-brown,Ramsay Brown,ramsaybrown.com,GB,11-50,QUALIFIED,True,accountancy-practice-payroll,https://ramsaybrown.com/team/patrick-maganda/,Payroll Client Services & Business Admin Assistant,weak,-,-,Specialist medical accountants; payroll confirmed via a Payroll Client Services role rather than a service page.,accountancy-practice-payroll,medium
reed-accountancy-ltd,Reed Accountancy Ltd,reedaccountancyltd.co.uk,GB,11-50,QUALIFIED,True,accountancy-practice-payroll,https://www.reedaccountancyltd.co.uk/services,Payroll Outsourcing payroll can relieve the burden of having to operate a regular payroll system.,strong,-,-,-,accountancy-practice-payroll,medium
swguk,SWG,swguk.com,GB,11-50,QUALIFIED,True,accountancy-practice-payroll,https://www.swguk.com/accountancy-1,"support with management accounts and forecasts, or help with payroll or your year-end compliance headaches",weak,-,-,"Multi-service business group (accountancy, marketing, IT); payroll is one accountancy line.",accountancy-practice-payroll,medium
thomascoombs,Thomas Coombs: The Yorkshire Accountants,thomascoombs.com,GB,11-50,QUALIFIED,True,accountancy-practice-payroll,https://www.thomascoombs.com/services/business-services/payroll/,Few other options are as commercial sensible as outsourcing your payroll to Thomas Coombs.,strong,-,-,-,accountancy-practice-payroll,medium
veralloadvisory,Verallo,verallo.com,GB,11-50,QUALIFIED,True,accountancy-practice-payroll,https://verallo.com/core-services/,We have a specialist payroll department which will help ensure compliance with HMRC,strong,-,-,-,accountancy-practice-payroll,medium
nexianuk,nexian,nexian.co.uk,GB,11-50,DISQUALIFIED,False,,-,-,none,Not a payroll provider: nexian is a digital/IT services provider selling technology to professional service firms.,-,-,accountancy-practice-payroll,medium
bw-medical-accountants-ltd,BW Medical Accountants Ltd,bw-medical.co.uk,GB,11-50,LIKELY,False,accountancy-practice-payroll,-,-,none,-,-,Specialist medical accountants; several staff hold payroll roles/Sage Payroll expertise but no client payroll service page found.,accountancy-practice-payroll,medium
david-owen,David Owen,davidowen.co.uk,GB,11-50,QUALIFIED,True,accountancy-practice-payroll,https://davidowen.co.uk/services/payroll-and-auto-enrolment/,Trying to keep up with complex legislative changes surrounding payroll and auto-enrolment,strong,-,-,-,accountancy-practice-payroll,medium
etc-finance-uk,ETC Finance Limited,etchospitality.com,GB,11-50,LIKELY,False,accountancy-practice-payroll,-,-,none,-,-,Recorded domain etchospitality.com serves a Plesk default page and does not match ETC Finance - wrong/dead domain. LinkedIn describes a specialist accountancy provider; real site not found.,accountancy-practice-payroll,medium
everfair-tax,Everfair Tax,everfairtax.co.uk,GB,11-50,QUALIFIED,True,accountancy-practice-payroll,https://www.everfairtax.co.uk/international-tax-services/expat-tax-services/,Expatriate or Assignment Tax Policy Payroll PAYE PAYE Direct,weak,-,-,UK/US expat tax specialists; payroll/PAYE listed among employer services rather than a standalone bureau page.,accountancy-practice-payroll,medium
flemmings,Flemmings,flemmings.co.uk,GB,11-50,LIKELY,False,accountancy-practice-payroll,-,-,none,-,-,"Affinity Associates (Flemmings) Ltd, Croydon chartered accountants; site reachable but no payroll page found.",accountancy-practice-payroll,medium
goldwells-ltd.,GOLDWELLS,goldwells.com,GB,11-50,QUALIFIED,True,accountancy-practice-payroll,https://www.goldwells.com/sandys-carpets/,Goldwells provides accounting service and tax support for Sandy’s Carpets and also manages the business payroll.,strong,-,advertising a Payroll Assistant vacancy (Inverness); acquisitive - runs an Acquisitions page,Eight offices across the north of Scotland; actively hiring payroll staff.,accountancy-practice-payroll,medium
gravitate-accounting,Gravitate Accounting,gravitate.digital,GB,11-50,QUALIFIED,True,accountancy-practice-payroll,https://www.gravitate.digital/compliance/payroll-pensions,Whether you’ve been paying your employees for years or have recently grown your company,strong,-,has a Head of Payroll (MCIPP),Digital-first practice; dedicated Head of Payroll.,accountancy-practice-payroll,high
highwood,Highwood Financial Services,highwood.co.uk,GB,11-50,DISQUALIFIED,False,,-,-,none,Not a payroll provider: Highwood Financial Services is an IFA/wealth and financial planning firm.,-,-,accountancy-practice-payroll,medium
james-hair-co,James Hair & Co,jameshair.co.uk,GB,11-50,QUALIFIED,True,accountancy-practice-payroll,https://jameshair.co.uk/what-we-do/accountancy-services/,"We handle your financial essentials, from accounts preparation and payroll to bookkeeping",strong,-,-,-,accountancy-practice-payroll,medium
kearney-mcardle-mceneaney-&-co---kmr,KMR Accountants Limited,kmr.ie,IE,11-50,QUALIFIED,True,accountancy-practice-payroll,https://kmr.ie/our-services/payroll-services/,Payroll Services - KMR,strong,-,-,Republic of Ireland (Dundalk) practice.,accountancy-practice-payroll,high
kudos-international,Kudos International Network,-,GB,11-50,DISQUALIFIED,False,,-,-,none,Network head office: Kudos International Network is an association of independent member accounting firms; no own domain on record and payroll sits with members.,-,-,accountancy-practice-payroll,medium
landin-wilcock,Landin Wilcock & Co,landin-wilcock.co.uk,GB,11-50,QUALIFIED,True,accountancy-practice-payroll,https://www.landin-wilcock.co.uk/services/payroll/,With the advent of Auto Enrolment,strong,-,has a dedicated Payroll Manager,"Payroll Manager listed with end-to-end payroll, auto enrolment specialisms.",accountancy-practice-payroll,medium
legend-financial-and-tax-advisers-limited,Legend Financial and Tax Advisers,legendfinancial.co.uk,GB,11-50,QUALIFIED,True,accountancy-practice-payroll,https://legendfinancial.co.uk/accountancy-services/payroll-management/,"When you singlehandedly run a business, you may be unable to allocate time",strong,-,-,Also runs a CIS return service for construction payroll.,accountancy-practice-payroll,medium
midgley-snelling,MGI Midgley Snelling LLP,midsnell.co.uk,GB,11-50,QUALIFIED,True,accountancy-practice-payroll,https://www.midsnell.co.uk/services/business-services/payroll/,"If you are an employer, you’ll know that payroll can be a problem.",strong,-,-,-,accountancy-practice-payroll,medium
macalvins,Macalvins,macalvins.com,GB,11-50,QUALIFIED,True,accountancy-practice-payroll,https://www.macalvins.com/virtual-fd/payroll/,"Our payroll service is quick, fully HMRC compliant and extremely efficient. Outsourcing your payroll",strong,-,-,-,accountancy-practice-payroll,medium
manningtons,Manningtons,manningtons.net,GB,11-50,LIKELY,False,accountancy-practice-payroll,-,-,none,-,-,"Chartered accountants, East Sussex; site has only generic payroll factsheets, no payroll service page found.",accountancy-practice-payroll,medium
murrays,Murrays,-,GB,11-50,QUALIFIED,True,accountancy-practice-payroll,https://www.linkedin.com/company/murrays,"They offer tailored services including accounting, tax advice, VAT, payroll, business planning",weak,-,-,No domain on record; verdict rests on LinkedIn description alone.,accountancy-practice-payroll,medium
richardson-swift-limited,Richardson Swift,richardsonswift.co.uk,GB,11-50,QUALIFIED,True,accountancy-practice-payroll,https://www.richardsonswift.co.uk/tax-services-for-businesses/annualaccountscompliance,"From annual accounts and payroll, through to business tax, VAT and Making Tax Digital, we'll ensure that you're able to fulfil all your obligations as a business",strong,-,-,Has a named Payroll Manager (Robert Tompkins); 34-strong Bath practice.,accountancy-practice-payroll,medium
rodliffe-accounting-limited,Rodliffe Accounting Limited,rodliffeaccounting.com,GB,11-50,QUALIFIED,True,accountancy-practice-payroll,https://rodliffeaccounting.com/services/payroll/,We offer flexible managed payroll for businesses at fixed monthly fees.,strong,-,-,-,accountancy-practice-payroll,medium
rogers-spencer,Rogers Spencer,rogers-spencer.co.uk,GB,11-50,QUALIFIED,True,accountancy-practice-payroll,https://www.rogers-spencer.co.uk/our-services/payroll/,"At Rogers Spencer, we understand that trust and accuracy are non-negotiable when it comes to managing your teams payroll.",strong,-,-,Publishes a 'guide to changing payroll provider' blog - switching intent content.,accountancy-practice-payroll,medium
swindells,Swindells Accountants & Tax Experts,swindellsaccounting.co.uk,GB,11-50,QUALIFIED,True,accountancy-practice-payroll,https://www.swindellsaccounting.co.uk/people/robert-willison/,"runs the firm's outsourcing function, offering payroll, bookkeeping support and management accounting",strong,-,-,Client case studies confirm payroll run for clients.,accountancy-practice-payroll,medium
the-accountancy-solutions,The Accountancy Solutions,theaccountancysolutions.com,GB,11-50,LIKELY,False,accountancy-practice-payroll,-,-,none,-,-,Website unreachable (404 on www and apex). Accountancy firm 11-50; payroll not confirmed.,accountancy-practice-payroll,medium
waltons-accountants,Waltons Business Advisers & Chartered Accountants,waltonscw.co.uk,GB,11-50,LIKELY,False,accountancy-practice-payroll,-,-,none,-,-,"Site returned 503; established Teesside practice, payroll not confirmed.",accountancy-practice-payroll,medium
zlx-ltd,ZLX Business Solutions,zlx.co.uk,GB,11-50,LIKELY,False,accountancy-practice-payroll,-,-,none,-,-,ZLX is an R&D tax credit specialist consultancy; no payroll service evidenced on site.,accountancy-practice-payroll,medium
75point3-chartered-financial-planners,75point3 Chartered Financial Planners,75point3.co.uk,GB,11-50,DISQUALIFIED,False,,https://75point3.co.uk/financial-advice/business-advice/,-,strong,"Independent financial planning / IFA firm (investments, pensions, protection, mortgages). Does not process payroll for clients.",-,Checked site: no payroll offering.,accountancy-practice-payroll,medium
begbies-chartered-accountants,Begbies Chartered Accountants,begbiesaccountants.co.uk,GB,11-50,QUALIFIED,True,accountancy-practice-payroll,https://www.begbiesaccountants.co.uk/our-services/business-support/,day-to-day accounting support ranging from bookkeeping and payroll administration to managing your accounts function,strong,-,-,-,accountancy-practice-payroll,medium
bells-accountants,Bells Accountants,bellsaccountants.co.uk,GB,11-50,QUALIFIED,True,accountancy-practice-payroll,https://www.bellsaccountants.co.uk/payroll,Payroll Services in Kent,strong,-,-,"Runs a separate payroll brand, Bells Payroll Services (bellspayrollservices.co.uk).",accountancy-practice-payroll,medium
big-star-business-management-ltd,BigStar Business Management,bigstarbiz.co.uk,GB,11-50,QUALIFIED,True,accountancy-practice-payroll,https://bigstarbiz.co.uk/our-work/neil-obrien-entertainment/,"All financial affairs for Neil O'Brien Entertainment come through us - from collecting promotor funds and arranging artist settlements, through to bookkeeping, payroll",strong,-,-,Music/entertainment business management; payroll run for artist and label clients.,accountancy-practice-payroll,medium
busbys,Busbys,-,GB,11-50,QUALIFIED,True,accountancy-practice-payroll,https://www.linkedin.com/company/busbys,"serve individuals, sole traders, partnerships and companies with tax, accounting, payroll, corporate and specialist advisory services",weak,-,-,No website domain on record; evidence is the LinkedIn About text.,accountancy-practice-payroll,medium
cfw-chartered-accountants-&-business-advisers,CFW Chartered Accountants & Business Advisers,cfwaccountants.co.uk,GB,11-50,QUALIFIED,True,accountancy-practice-payroll,https://www.cfwaccountants.co.uk/services/payroll-and-cis,"From bookkeeping and accounts preparation to payroll and VAT services, we are on hand to assist.",strong,-,-,Dedicated Payroll and CIS service page.,accountancy-practice-payroll,medium
charterhouse-accountants-llp,Charterhouse (Accountants) Limited,charter-house.net,GB,11-50,QUALIFIED,True,accountancy-practice-payroll,https://www.charter-house.net/charterhouse-accountants/your-business-challenges/payroll-service-and-pensions/,By using Charterhouse you will be trusting a company that has the experience and time to provide you with a bespoke and compliant service to meet your needs.,strong,-,public interest in payroll automation,Blogged about adopting Paycircle payroll software - active interest in payroll tech.,accountancy-practice-payroll,medium
cura-accounting-ltd,Cura Accounting,cura-accounting.co.uk,GB,11-50,QUALIFIED,True,accountancy-practice-payroll,https://www.cura-accounting.co.uk/temporary-accounting/,"specialising in offering bookkeeping, credit control, payroll, cashflow management and management accountancy services to businesses",strong,-,-,Has a dedicated payroll officer; Sage and Xero experience.,accountancy-practice-payroll,medium
dtt-consultancy-ltd,DTT Consultancy,nhs.net,GB,11-50,LIKELY,False,accountancy-practice-payroll,-,-,none,-,-,Evidence pack was for nhs.net - wrong entity. Real DTT Consultancy site not found; accountancy/tax firm serving contractors and charities.,accountancy-practice-payroll,medium
designatedmedical1,Designated Medical,designatedmedical.com,GB,11-50,QUALIFIED,True,accountancy-practice-payroll,https://designatedmedical.com/services/medical-accountancy,"Your healthcare accounting team can manage your payroll for your employees in a cost-effective manner, including management of your HMRC responsibilities and pension.",strong,-,-,Outsourced business services to private medical practices.,accountancy-practice-payroll,medium
eacauk,EA Chartered Accountants,eaca.co.uk,GB,11-50,LIKELY,False,accountancy-practice-payroll,-,-,none,-,-,"Only generic payroll factsheets found; outsourcing page 403'd. London practice, payroll likely but unconfirmed.",accountancy-practice-payroll,medium
fusion-accountants-ltd,Fusion Accountants Ltd,fusionaccountants.co.uk,GB,11-50,QUALIFIED,True,accountancy-practice-payroll,https://www.fusionaccountants.co.uk/services/payroll-small-business/,We offer full PAYE compliances from running & filing your monthly Payroll and NI contributions,strong,-,-,Two payroll service pages incl. payroll payments execution.,accountancy-practice-payroll,high
gascoynes-limited,Gascoynes Accountants,gascoynes.co.uk,GB,11-50,QUALIFIED,True,accountancy-practice-payroll,https://gascoynes.co.uk/what-we-do/payroll-services/,Allow the experts here at Gascoynes to take on the handling of your payroll services to help free up your time and ensure your staff get paid quickly and accurately.,strong,-,-,-,accountancy-practice-payroll,medium
goodingaccounts,Gooding Accounts Ltd,goodingaccounts.co.uk,GB,11-50,QUALIFIED,True,accountancy-practice-payroll,https://www.goodingaccounts.co.uk/service/payroll-services/,"As well as checking and verifying the payroll's accuracy, there is no need to worry about dispatching pay slips.",strong,-,public interest in payroll automation,Dedicated payroll team processing hundreds of payslips monthly; CIPP-qualified staff.,accountancy-practice-payroll,medium
hunter-gee-holroyd,Hunter Gee Holroyd,huntergeeholroyd.co.uk,GB,11-50,QUALIFIED,True,accountancy-practice-payroll,https://huntergeeholroyd.co.uk/contact-us/,"We provide a wide range of services, including accounting, audit and assurance, corporate finance, tax planning, wealth management, payroll management, bookkeeping",strong,-,-,Award-winning York/Filey/Easingwold practice; regular payroll content.,accountancy-practice-payroll,medium
johalandco,Johal & Co,johalandco.com,GB,11-50,LIKELY,False,accountancy-practice-payroll,-,-,none,-,-,Site pages returned no readable content. Long-established West London practice; payroll unconfirmed.,accountancy-practice-payroll,medium
kieran-ryan-&-co.,Kieran Ryan & Co.,kieranryan.ie,IE,11-50,QUALIFIED,True,accountancy-practice-payroll,https://kieranryan.ie/services/outsourcing/outsourced-payroll/,Outsourced Payroll - Kieran Ryan,strong,-,-,Republic of Ireland (Dublin 2) - in scope.,accountancy-practice-payroll,medium
milne-craig-accountants,Milne Craig Accountants,-,GB,11-50,QUALIFIED,True,accountancy-practice-payroll,https://www.linkedin.com/company/milne-craig-accountants,"It offers director-led services in accounting, tax, audit, corporate finance, payroll and wealth management",weak,-,-,No website on record; evidence is LinkedIn About text.,accountancy-practice-payroll,medium
morris-owen,Morris Owen,morrisowen.com,GB,11-50,QUALIFIED,True,accountancy-practice-payroll,https://www.morrisowen.com/what-we-do/payroll-services/,Employing staff and running your payroll can be time consuming and complex.,strong,-,-,Also has an outsourced accounting services line.,accountancy-practice-payroll,medium
pacific-global-solutions-uk,Pacific Global Solutions UK,pacificabs.com,GB,11-50,QUALIFIED,True,payroll-bureau,https://www.pacificabs.com/services/payroll-processing-support-services/,"Helping small and medium businesses stay compliant, pay employees on time, and scale confidently with reliable payroll processing support services",strong,-,-,UK arm of Pacific Global Solutions; group is largely US/India-facing (US phone number) - verify UK footprint before outreach.,accountancy-practice-payroll,medium
professional-accountants,Professional Accountants,-,GB,11-50,LIKELY,False,accountancy-practice-payroll,-,-,none,-,-,"No domain on record (J & H Accounting Services Ltd, Paddock Wood). Payroll unconfirmed.",accountancy-practice-payroll,medium
r-d-tax-group,RD Tax Group,rdtax.ltd,GB,11-50,LIKELY,False,accountancy-practice-payroll,-,-,none,-,-,R&D tax relief specialist; works through accountancy partners. No payroll service evidenced.,accountancy-practice-payroll,medium
rennie-welch-llp,Rennie Welch,renniewelch.co.uk,GB,11-50,QUALIFIED,True,accountancy-practice-payroll,https://www.renniewelch.co.uk/services/business/accounting-bookkeeping-and-payroll,"We undertake accounts preparation, bookkeeping services and payroll",strong,-,-,"Kelso, Scottish Borders.",accountancy-practice-payroll,medium
sharles-ca,Sharles CA,sharles-ca.co.uk,GB,11-50,QUALIFIED,True,accountancy-practice-payroll,http://www.sharles-ca.co.uk/contractor-services,Single Director Payroll and Self Assessment Tax Return,strong,-,-,Contractor-focused compliance packages including payroll; Scotland (Motherwell).,accountancy-practice-payroll,medium
simpson-wood,Simpson Wood Limited,simpson-wood.co.uk,GB,11-50,QUALIFIED,True,accountancy-practice-payroll,https://simpson-wood.co.uk/accountancy-tax/payroll-auto-enrolment/,The payroll and auto-enrolment services at Simpson Wood ensure your,strong,-,-,Case study confirms monthly payroll run for client PFI Mechanical Services.,accountancy-practice-payroll,medium
scca-ltd-t-a-stafford-&-co,Stafford & Co,staffordandcompany.co.uk,GB,11-50,QUALIFIED,True,accountancy-practice-payroll,https://staffordandcompany.co.uk/services/,Payroll From running team payments,strong,-,-,Payroll listed as a core service line.,accountancy-practice-payroll,medium
taj-accountants,TAJ Accountants,-,GB,11-50,LIKELY,False,accountancy-practice-payroll,-,-,none,-,-,No domain on record; London practice serving sole traders and limited companies. Payroll unconfirmed.,accountancy-practice-payroll,medium
amion-consulting-ltd,AMION Consulting,amion.co.uk,GB,11-50,DISQUALIFIED,False,,-,-,none,Economics and regeneration consultancy (AMION Consulting). Does not process payroll for client organisations - end employer only.,-,Team of ~20 economists/accountants; advisory only.,accountancy-practice-payroll,medium
azas,AZAS,-,GB,11-50,LIKELY,False,accountancy-practice-payroll,-,-,none,-,-,"A & Z Accounting Services, Mansfield. No domain on record; payroll unconfirmed.",accountancy-practice-payroll,medium
accounts-and-taxation,Accounts and Taxation,accountantsbrownhills.co.uk,GB,11-50,LIKELY,False,accountancy-practice-payroll,-,-,none,-,-,No evidence pages returned from accountantsbrownhills.co.uk; payroll unconfirmed.,accountancy-practice-payroll,medium
amir-alam-khan-&-co-ltd,Amir Alam Khan  & Co,-,GB,11-50,QUALIFIED,True,accountancy-practice-payroll,https://www.linkedin.com/company/amir-alam-khan-&-co-ltd,"They offer tax consultancy, self-assessment, accounting and bookkeeping, payroll, VAT, company secretarial services",weak,-,-,No website on record; evidence is LinkedIn About text. Glasgow.,accountancy-practice-payroll,medium
assure-uk,Assure UK,assureuk.co.uk,GB,11-50,LIKELY,False,accountancy-practice-payroll,-,-,none,-,-,"Specialist pension scheme auditor/assurance firm. Payroll referenced only as an audit subject, not a service sold.",accountancy-practice-payroll,medium
cunninghams,Cunninghams Accountants,cunninghams.biz,GB,11-50,QUALIFIED,True,accountancy-practice-payroll,https://www.cunninghams.biz/services/payroll,"Running your own payroll can be time consuming and complicated, particularly with the ever increasing complexity of taxation and employment legislation.",strong,-,-,"Lowestoft practice, established 1978.",accountancy-practice-payroll,medium
dbass-chartered-accountants,DBASS Accountancy & Tax Advisory,dbass.ie,IE,11-50,QUALIFIED,True,accountancy-practice-payroll,https://www.dbass.ie/sectors/hospitality-tourism,"we offer clear, practical advice and hands-on support from bookkeeping and payroll to tax planning",strong,-,-,Republic of Ireland (Leinster) - in scope.,accountancy-practice-payroll,medium
djh-ireland,DJH Ireland,msdaccountants.com,IE,11-50,QUALIFIED,True,accountancy-practice-payroll,https://msdaccountants.com/accounts-bookkeeping-payroll/,"Accounting, Bookkeeping & Payroll",strong,-,merger or acquisition of a practice,"Evidence-domain warning is a false alarm: msdaccountants.com is this firm's legacy brand (DJH, formerly MSD Accountants). Ireland.",accountancy-practice-payroll,high
dsh-chartered-accountants-and-business-advisors,DSH Chartered Accountants and Business Advisors,dsh.co.uk,GB,11-50,QUALIFIED,True,accountancy-practice-payroll,https://www.linkedin.com/company/dsh-chartered-accountants-and-business-advisors,"As well as tax efficient planning and business development, DSH can help with payroll, IT and Independent Financial Advice",weak,-,-,No pages returned from dsh.co.uk; evidence is LinkedIn About text.,accountancy-practice-payroll,medium
eagle-consulting,Eagle Consulting,eagleconsulting.co.uk,GB,11-50,DISQUALIFIED,False,,-,-,none,Acquired: Eagle Consulting became part of Equiom in March 2017 and no longer trades independently.,change of ownership,Acquirer: Equiom (international professional services provider).,accountancy-practice-payroll,medium
gms-accountants,GMS FC Accountants,gmsfc.co.uk,GB,11-50,LIKELY,False,accountancy-practice-payroll,-,-,none,-,-,No evidence pages returned from gmsfc.co.uk; East Anglian practice. Payroll unconfirmed.,accountancy-practice-payroll,medium
hashmi-traders-ltd-,HFZ Chartered Accountants & Co,-,GB,11-50,LIKELY,False,accountancy-practice-payroll,-,-,none,-,-,No domain on record for HFZ Chartered Accountants; payroll unconfirmed.,accountancy-practice-payroll,medium
infocat,InfoCat,infocat.co.uk,GB,11-50,DISQUALIFIED,False,,-,-,none,"Financial Performance Management software consultancy (reporting, consolidation, budgeting implementations). Does not process payroll for clients.",-,Sells/implements EPM applications to finance departments.,accountancy-practice-payroll,medium
ksi-faulkner-orr,KSi Faulkner Orr Ireland,ksifo.ie,IE,11-50,QUALIFIED,True,accountancy-practice-payroll,https://ksifo.ie/payroll-services/,We provide a bespoke payroll solutions service to a broad range of employers from domestic owner managed businesses to global multi-national companies whose employees are based in Ireland.,strong,-,-,"Has a Director, Head of Payroll (Helen Salmon). Republic of Ireland.",accountancy-practice-payroll,high
kishens-accounting-solutions-private-limited,Kishens Accounting Solutions Private Limited,kishens.com,GB,11-50,LIKELY,False,accountancy-practice-payroll,-,-,none,-,-,"kishens.com pages returned no readable content. Bexley, Kent practice founded 2002. Payroll unconfirmed.",accountancy-practice-payroll,medium
elitepartnersuk,Ledger Twelve,elite-partners.co.uk,GB,11-50,LIKELY,False,accountancy-practice-payroll,-,-,none,-,-,Ledger Twelve / elite-partners.co.uk returned no evidence pages. CFO and accountancy services. Payroll unconfirmed.,accountancy-practice-payroll,medium
lovefinancehq,Love Finance,lovefinance.co.uk,GB,11-50,DISQUALIFIED,False,,-,-,none,"Business lender / asset finance provider, not a payroll processor. Payroll appears only as blog subject matter.",-,-,accountancy-practice-payroll,medium
mckenzies-group,McKenzies Chartered Accountants,mckenziesgroup.com,GB,11-50,QUALIFIED,True,accountancy-practice-payroll,https://mckenziesgroup.com/outsourcing-services/,Our Outsourcing Services * Bookkeeping * Payroll * VAT Returns * Company Secretarial,strong,-,-,"Oxted, Surrey; heavy payroll content incl. PAYE Health Check service.",accountancy-practice-payroll,medium
moore-green,Moore Green Chartered Accountants,mooregreen.co.uk,GB,11-50,QUALIFIED,True,accountancy-practice-payroll,https://www.mooregreen.co.uk/services/support-services,Payroll Running a payroll can be time consuming and complicated and divert resources from the,strong,-,-,"Sudbury practice, 70+ years.",accountancy-practice-payroll,medium
nathan-trust,Nathan Trust | B Corp™,nathantrust.com,IE,11-50,QUALIFIED,True,payroll-bureau,https://www.nathantrust.com/outsource-payroll,Payroll Services in Ireland ## Why choose Nathan Trust for Reliable Payroll Services in Ireland,strong,-,-,Also runs Employer of Record services. Republic of Ireland - in scope.,accountancy-practice-payroll,medium
nortons-corporate-finance,Nortons Group (acquired by VISTRA),vistra.com,GB,11-50,DISQUALIFIED,False,,-,-,none,"Acquired into Vistra, which is itself a global payroll outsourcer selling its own GPMS payroll platform - a competitor.",change of ownership,"Acquirer: Vistra. Evidence pack is entirely vistra.com, not Nortons.",accountancy-practice-payroll,medium
pocknells,Pocknells,pocknells.co.uk,GB,11-50,QUALIFIED,True,accountancy-practice-payroll,https://www.pocknells.co.uk/factsheets/employment-and-related-matters/the-national-minimum-wage,We also offer a payroll service.,strong,-,-,Essex practice; publishes an annual employer payroll update.,accountancy-practice-payroll,medium
rns-chartered-accountants,RNS Chartered Accountants,rnsca.co.uk,GB,11-50,QUALIFIED,True,accountancy-practice-payroll,https://www.rnsca.co.uk/services/compliance,Our range of compliance services includes: - statutory audits; - annual accounts; - company secretarial services; - payroll procedures,strong,-,-,Has a named payroll team ('Debra is a member of the RNS payroll team completing payroll and pension compliance for a wide range of clients').,accountancy-practice-payroll,medium
sadofskys-limited,Sadofskys,sadofskys.co.uk,GB,11-50,LIKELY,False,accountancy-practice-payroll,-,-,none,-,-,Only generic news articles found on sadofskys.co.uk; no payroll service page surfaced. Yorkshire practice.,accountancy-practice-payroll,medium
samuels-corporate-ltd,SamCorp,-,GB,11-50,DISQUALIFIED,False,,-,-,none,Corporate finance / M&A advisory firm (c.125 transactions advised). Does not process payroll for clients.,-,-,accountancy-practice-payroll,medium
synergy-chartered-accountants,Synergy Chartered Accountants,synergyca.co.uk,GB,11-50,LIKELY,False,accountancy-practice-payroll,-,-,none,-,-,Only the homepage was retrievable and it returned no readable text. Payroll unconfirmed.,accountancy-practice-payroll,medium
tbat-innovation-ltd,TBAT Innovation,tbat.co.uk,GB,11-50,DISQUALIFIED,False,,-,-,none,"R&D tax and innovation-funding consultancy, part of the Dains Group. Does not process payroll for clients.",change of ownership,Acquirer/parent: Dains Group.,accountancy-practice-payroll,medium
tax-for-taxi-drivers,Tax for Taxi Drivers,-,GB,11-50,DISQUALIFIED,False,,-,-,none,Serves self-employed taxi drivers on Self Assessment only - no PAYE payroll processing for client organisations.,-,Belfast; niche self-assessment practice.,accountancy-practice-payroll,medium
affinity-group-uk,The Affinity Group,the-affinity-group.co.uk,GB,11-50,QUALIFIED,True,umbrella-contractor-payroll,https://www.the-affinity-group.co.uk/,"New to the market in 2019, SG Umbrella offers a level of service unheard of in the Umbrella market.",strong,-,FCSA accreditation for SG Accounting and SG Umbrella,"Group of Vantage Accounting, SG Accounting, Aardvark Accounting and SG Umbrella - runs umbrella payroll for contractors.",accountancy-practice-payroll,medium
wbv-chartered-accountants,WBV Chartered Accountants,wbvaccountants.co.uk,GB,11-50,QUALIFIED,True,accountancy-practice-payroll,https://wbvaccountants.co.uk/services/payroll-services-swansea/,"With a fully managed payroll service, your business can access cost-effective solutions tailored to your specific needs.",strong,-,-,Swansea/Neath; regular payroll thought-leadership content.,accountancy-practice-payroll,high
yourcash,YourCash UK & Ireland,yourcash.com,GB,11-50,DISQUALIFIED,False,,-,-,none,ATM deployer and retail payment solutions operator (formerly Hanco ATM Systems); does not process payroll for client organisations.,-,Mis-segmented in source data as an accountancy practice.,accountancy-practice-payroll,medium
banks-sheridan,Banks Sheridan Limited,banks-sheridan.co.uk,GB,11-50,QUALIFIED,True,accountancy-practice-payroll,https://www.banks-sheridan.co.uk/payroll/,Banks Sheridan Payroll is a team of highly experienced payroll providers who understand the importance of delivering accurate payroll outsourced support to businesses nationwide.,strong,-,-,-,accountancy-practice-payroll,medium
chartered-developments,Chartered Developments,chartdev.co.uk,GB,11-50,DISQUALIFIED,False,,-,-,none,B2B lead-generation and business-development agency for professional services firms; does not run payroll for clients.,-,-,accountancy-practice-payroll,medium
clemence-hoar-cummings,Clemence Hoar Cummings,chc.uk.com,GB,11-50,QUALIFIED,True,accountancy-practice-payroll,https://chc.uk.com/services/business-services/payroll/,That’s why we’re here to be your trusted partner in payroll excellence.,strong,-,-,Site also publishes a payroll bureau service privacy notice — established bureau operation.,accountancy-practice-payroll,medium
curo-chartered-accountants,Curo Chartered Accountants,curoca.co.uk,GB,11-50,QUALIFIED,True,accountancy-practice-payroll,https://curoca.co.uk/outsourcing-your-payroll/,We offer a payroll service and would be delighted to discuss how we could help your business in this respect.,strong,-,-,Site carries a 'The Dains Group' page — appears to be part of Dains; confirm independence before outreach.,accountancy-practice-payroll,high
deans,Deans,deansca.co.uk,GB,11-50,QUALIFIED,True,accountancy-practice-payroll,https://www.deansca.co.uk/services/payroll,"We can ensure that your payroll service is efficient, accurate and timely – meaning you have one less thing to worry about.",strong,-,-,-,accountancy-practice-payroll,medium
farmplan,Farmplan by TELUS Agriculture,farmplan.co.uk,GB,11-50,DISQUALIFIED,False,,-,-,none,Competitor/software vendor: sells TELUS Farm Payroll (and previously IRIS Earnie) payroll software to farms; part of TELUS Agriculture (Canada).,-,-,accountancy-practice-payroll,medium
gibbons-mannington-&-phipps,GMP Accountants,gmpaccountants.co.uk,GB,11-50,LIKELY,False,accountancy-practice-payroll,-,-,none,-,-,Gibbons Mannington & Phipps LLP; site unreachable from this session — payroll not confirmed.,accountancy-practice-payroll,medium
glover-stanbury-&-co,Glover Stanbury,gloverstanbury.co.uk,GB,11-50,QUALIFIED,True,accountancy-practice-payroll,https://gloverstanbury.co.uk/payroll/,We have dedicated staff who can relieve you of this by providing a comprehensive and confidential payroll service,strong,-,-,-,accountancy-practice-payroll,medium
heelan-associates,Heelan Associates,heelanassociates.co.uk,GB,11-50,QUALIFIED,True,accountancy-practice-payroll,https://www.heelanassociates.co.uk/payroll/,"businesses across Hampshire trust Heelan Associates to manage their payroll system, including the initial set-up if required.",strong,-,-,-,accountancy-practice-payroll,medium
infinity-partnership-limited,Infinity,infinity-partnership.com,GB,11-50,QUALIFIED,True,accountancy-practice-payroll,https://infinity-partnership.com/services/,Accountancy – Accountancy & compliance – Management accounts – Outsourced payroll – Outsourced finance functions,weak,-,-,Payroll listed as a service line; no dedicated payroll page found.,accountancy-practice-payroll,medium
jacksons-chartered-accountants,"Jacksons, Chartered Accountants",jacksons-group.com,GB,11-50,LIKELY,False,accountancy-practice-payroll,-,-,none,-,-,Site unreachable from this session; no payroll evidence gathered.,accountancy-practice-payroll,medium
jamal-sons-limited,Jamal Sons Limited,jamalsons.co.uk,GB,11-50,QUALIFIED,True,accountancy-practice-payroll,https://www.jamalsons.co.uk/about,"Jamal Sons Limited is a establish Accounting and Finance Consultancy firm which mainly aims to provide business-start-up, payroll services, management/cost consulting services",weak,-,-,-,accountancy-practice-payroll,medium
krw-accountants,KRW Accountants,krwaccountants.co.uk,GB,11-50,QUALIFIED,True,accountancy-practice-payroll,https://krwaccountants.co.uk/bookkeeping-payroll-services/,"We also offer a fully RTI compliant payroll service on a weekly or monthly basis, which includes preparing payslips, making RTI sub",strong,-,-,Outsourced bookkeeping delivered via sister firm KRW Outsourcing LLP.,accountancy-practice-payroll,medium
lloyd-dowson,Lloyd Dowson,lloyddowson.co.uk,GB,11-50,LIKELY,False,accountancy-practice-payroll,-,-,none,-,-,Website returned 403 to this session; payroll not confirmed.,accountancy-practice-payroll,medium
mhc-and-co,MHCANDCO,mhcandco.co.uk,GB,11-50,QUALIFIED,True,accountancy-practice-payroll,https://mhcandco.co.uk/payroll-rti-services/,Payroll & RTI Services - MHC & Co,strong,-,-,Dedicated payroll & RTI service page; also serves CIS/construction clients.,accountancy-practice-payroll,medium
maple-accountancy,Maple Accountancy,maple.uk.com,GB,11-50,LIKELY,False,accountancy-practice-payroll,-,-,none,-,-,Site behind bot protection; evidence pack had no payroll page. Practice publishes umbrella vs limited company content.,accountancy-practice-payroll,medium
rbcharteredaccountants,RBCA | Belfast,rbca.co,GB,11-50,LIKELY,False,accountancy-practice-payroll,-,-,none,-,-,Belfast practice; website returned 403 to this session.,accountancy-practice-payroll,medium
rajani-&-co,Rajani & Co,-,GB,11-50,LIKELY,False,accountancy-practice-payroll,-,-,none,-,-,No website recorded; payroll not confirmed.,accountancy-practice-payroll,medium
randdtax,RandDTax,-,GB,11-50,DISQUALIFIED,False,,-,-,none,Specialist R&D tax credit consultancy advising business owners and their accountants; does not process payroll for clients.,-,-,accountancy-practice-payroll,medium
sb&p-llp,SB&P,sb-p.co.uk,GB,11-50,QUALIFIED,True,accountancy-practice-payroll,https://www.sb-p.co.uk/our-people/tracy-creevy/,I am the Payroll Manager within SB&P and have responsibility for five payroll officers. It is a very busy payroll bureau,strong,-,-,Runs an in-house payroll bureau with a manager plus five payroll officers — strong fit.,accountancy-practice-payroll,medium
sarah-brown-ltd,Sarah Brown Ltd,-,GB,11-50,DISQUALIFIED,False,,-,-,none,"Record resolves to an individual's LinkedIn profile (marketing/PA, latterly at Cowgill Accountants), not an identifiable payroll-processing business; no website.",-,-,accountancy-practice-payroll,medium
sarwar-and-co,Sarwar and Co,sarwarandco.co.uk,GB,11-50,QUALIFIED,True,accountancy-practice-payroll,https://sarwarandco.co.uk/services_corporate.php,Start Up New Business Accounting Services Corporate TAX Services VAT Services Payroll Services Company Secretarial Services,weak,-,-,Payroll listed under both corporate and personal services.,accountancy-practice-payroll,medium
sheen-stickland-llp,Sheen Stickland,sheen-stickland.co.uk,GB,11-50,QUALIFIED,True,accountancy-practice-payroll,https://sheen-stickland.co.uk/services/payroll/,Sheen Stickland offer a comprehensive payroll service using secure cloud based software.,strong,-,-,"Already on cloud payroll software — competitive displacement, not greenfield.",accountancy-practice-payroll,medium
sibbalds-chartered-accountants,Sibbalds Chartered Accountants,sibbald.co.uk,GB,11-50,QUALIFIED,True,accountancy-practice-payroll,https://www.sibbald.co.uk/service/payroll/,"Our payroll services ensure your employees are paid accurately and on time, while keeping you fully compliant with payroll regulations.",strong,-,-,-,accountancy-practice-payroll,medium
bush-co-chartered-accountants,Streets Bush,bushaccountants.com,GB,11-50,DISQUALIFIED,False,,-,-,none,Merged into Streets Chartered Accountants (1 Oct 2024) and now trades as Streets Bush Ltd; payroll decisions sit with the Streets group. Recorded domain bushaccountants.com is dead (404).,-,Current site: streetsbush.co.uk.,accountancy-practice-payroll,medium
team4-solutions,Team4 Finance,team4bookkeeping.co.uk,GB,11-50,QUALIFIED,True,accountancy-practice-payroll,https://team4bookkeeping.co.uk/why-use-a-payroll-specialist/,"In the latest article from team4 with offices in East Sussex and West Sussex, we look at payroll in more detail. We discuss the options you have, what’s involved with payroll and the benefits of outs",weak,-,-,Virtual finance team provider; payroll positioned as outsourced service but no dedicated service page found.,accountancy-practice-payroll,medium
wisteria-limited,Wisteria Limited,wisteria.co.uk,GB,11-50,QUALIFIED,True,accountancy-practice-payroll,https://wisteria.co.uk/business/payroll-services,"We offer payroll services to small and medium-sized companies, partnerships, and mature businesses across various indus",strong,-,-,-,accountancy-practice-payroll,medium
aabrs,AABRS,aabrs.com,GB,11-50,LIKELY,False,accountancy-practice-payroll,-,-,none,-,-,"Corporate/personal insolvency specialists — payroll service not evidenced; treat as low-priority, verify before outreach.",accountancy-practice-payroll,medium
aequitas-accountants,Aequitas Accountants,aequitasaccountants.co.uk,GB,11-50,QUALIFIED,True,accountancy-practice-payroll,https://www.aequitasaccountants.co.uk/services/services-for-business,We can help to relieve the burden with our comprehensive payroll service.,strong,-,-,-,accountancy-practice-payroll,medium
bain-henry-reid,Bain Henry Reid,bainhenryreid.co.uk,GB,11-50,QUALIFIED,True,accountancy-practice-payroll,https://www.bainhenryreid.co.uk/how-we-help/business-services/payroll/,Payroll | Bain Henry Reid,strong,-,-,Dedicated payroll page under business services; four offices across Aberdeenshire.,accountancy-practice-payroll,medium
baines-jewitt-chartered-accountants,Baines Jewitt Chartered Accountants,bainesjewitt.co.uk,GB,11-50,QUALIFIED,True,accountancy-practice-payroll,https://www.bainesjewitt.co.uk/services/payroll-services/,"We provide a range of professional payroll services to sole traders, business start-ups, small companies, family firms, charities, medium-sized e",strong,-,-,-,accountancy-practice-payroll,medium
bensonaccountants,Benson Accountants,bensonaccountants.co.uk,GB,11-50,QUALIFIED,True,accountancy-practice-payroll,https://www.bensonaccountants.co.uk/what-we-do/payroll-support,"We offer a wide range of payroll services, tailored to your business and delivered by an experienced and dedicated team.",strong,-,-,-,accountancy-practice-payroll,high
caldwellpenn,Caldwell Penn,caldwellpenn.com,GB,11-50,QUALIFIED,True,accountancy-practice-payroll,https://caldwellpenn.com/payroll-employment-services/,Payroll & Employment Services for UK businesses,strong,-,-,Has a Director of Client Finance overseeing payroll/employment services.,accountancy-practice-payroll,medium
dragonargentltd,Dragon Argent,dragonargent.com,GB,11-50,LIKELY,False,accountancy-practice-payroll,-,-,none,-,-,"Legal + accountancy advisory for startups; site unreachable from this session, payroll not confirmed.",accountancy-practice-payroll,medium
forths-forensic-accountants,Forths Forensic Accountants,forthsonline.co.uk,GB,11-50,LIKELY,False,accountancy-practice-payroll,-,-,none,-,-,"Forensic accountancy specialists serving solicitors/insurers; only payroll-fraud content found — payroll bureau work unlikely, verify before outreach.",accountancy-practice-payroll,medium
francis-&-co,Francis & Co,-,GB,11-50,LIKELY,False,accountancy-practice-payroll,-,-,none,-,-,"Cheltenham practice; no website recorded, payroll not confirmed.",accountancy-practice-payroll,medium
goldwyns-limited,Goldwyns Limited,goldwyns.co.uk,GB,11-50,QUALIFIED,True,accountancy-practice-payroll,https://www.goldwyns.co.uk/services/payroll,We offer comprehensive payroll packages for small and medium sized employers at highly competitive prices,strong,-,-,-,accountancy-practice-payroll,medium
henrydannell,Henry Dannell,henrydannell.co.uk,GB,11-50,DISQUALIFIED,False,,-,-,none,"Specialist mortgage, lending and protection advisory; does not process payroll for clients.",-,-,accountancy-practice-payroll,medium
jhw-azoth,JHW Azoth,azothsolutions.co.uk,GB,11-50,LIKELY,False,accountancy-practice-payroll,-,-,none,-,-,Azoth Solutions; site unreachable from this session.,accountancy-practice-payroll,medium
john-macmahon-&-co.,John MacMahon &,johnmacmahon.com,GB,11-50,LIKELY,False,accountancy-practice-payroll,-,-,none,-,-,Cross-border (ROI/NI) practice; website returned 403 to this session.,accountancy-practice-payroll,medium
munir-tatar-associates,M.Tatar & Associates,munirtatar.com,GB,11-50,LIKELY,False,accountancy-practice-payroll,-,-,none,-,-,"Site now at mtatarandassociates.co.uk and mentions international payroll, but no payroll service page confirmed.",accountancy-practice-payroll,medium
mncapital-africa-advisors,MNCapital Africa Advisors,-,GB,11-50,DISQUALIFIED,False,,-,-,none,"Africa-focused corporate finance, capital raising and market-entry advisory; does not process payroll for client organisations.",-,-,accountancy-practice-payroll,medium
quantusadvisory,Quantus Advisory,quantusadvisory.ie,IE,11-50,QUALIFIED,True,accountancy-practice-payroll,https://quantusadvisory.ie/services/payroll/,"Employment Law and payroll services have become increasingly difficult, and calculation of payroll deductions is becoming increas",strong,-,-,"Dublin practice (ROI, in territory).",accountancy-practice-payroll,medium
qubicgroup,Qubic Group,qubic-group.com,GB,11-50,LIKELY,False,accountancy-practice-payroll,-,-,none,-,-,Tax and estate planning specialist group (London/Newcastle); no payroll evidence found.,accountancy-practice-payroll,medium
rjp-llp,RJP LLP,rjp.co.uk,GB,11-50,QUALIFIED,True,accountancy-practice-payroll,https://rjp.co.uk/services/accounting-finance/outsourcing/,Simplify your business finance with our tailored Outsourcing and Payroll services,strong,-,-,-,accountancy-practice-payroll,medium
robert-whowell-partners,Robert Whowell & Partners,rwpaccountants.co.uk,GB,11-50,QUALIFIED,True,accountancy-practice-payroll,https://www.rwpaccountants.co.uk/payroll-and-p11ds,Payroll and P11Ds | Robert Whowell & Partners LLP,strong,-,-,Dedicated payroll and P11D service page.,accountancy-practice-payroll,medium
saul-fairholm-limited,Saul Fairholm Chartered Accountants,saulfairholm.co.uk,GB,11-50,QUALIFIED,True,accountancy-practice-payroll,https://saulfairholm.co.uk/services/payroll-contractors,We run payrolls on time and can provide a tailor-made service for your business,strong,-,-,Page is 'Payroll Services and Contractors' — contractor payroll as well as practice payroll.,accountancy-practice-payroll,medium
seftons,Seftons,seftons.co.uk,GB,11-50,LIKELY,False,accountancy-practice-payroll,-,-,none,-,-,Website returned 403 to this session; payroll not confirmed.,accountancy-practice-payroll,medium
towers-gornall-ltd,Towers + Gornall Ltd,towersandgornall.co.uk,GB,11-50,QUALIFIED,True,accountancy-practice-payroll,https://towersandgornall.co.uk/payroll-services/,When outsourcing your payroll to us you can be assured that all the vital financial tasks are dea,strong,-,-,Has a named payroll department.,accountancy-practice-payroll,high
williamson-west-limited,Williamson West Chartered Accountants,williamsonwest.com,GB,11-50,LIKELY,False,accountancy-practice-payroll,-,-,none,-,-,Only payrolling-of-BiK news content found on site; no payroll service page located.,accountancy-practice-payroll,medium
arken-legal,arken.legal,arken.legal,GB,11-50,DISQUALIFIED,False,,-,-,none,"Software vendor (Arken Professional legal document-generation software); sells software to practices, does not process payroll for clients.",-,-,accountancy-practice-payroll,medium
sparemytime,sparemytime,sparemytime.com,GB,11-50,LIKELY,False,accountancy-practice-payroll,-,-,none,-,-,"Fractional bookkeeping/ops outsourcer; site behind bot protection, payroll service not confirmed.",accountancy-practice-payroll,medium
accountables-com,Accountables.com,accountables.com,GB,11-50,QUALIFIED,True,accountancy-practice-payroll,https://www.accountables.com/pricing,Monthly bookkeeping - Bank reconciliations - Year-end accounts - CT600 filing - 1 payroll included,weak,-,-,Outsourced finance function for US and UK clients; payroll bundled into packages.,accountancy-practice-payroll,medium
adams-moore-accountants,Adams Moore Accountants,adamsmoore.com,GB,11-50,QUALIFIED,True,accountancy-practice-payroll,https://www.adamsmoore.com/managed-payroll-service,"At Adams Moore, our Managed Payroll Service is designed to take the stress out of payroll, giving your organisation access to a highly specialised payroll department",strong,-,-,-,accountancy-practice-payroll,medium
ark-and-co-ltd-chartered-accountants-and-chartered-tax-advisers,Ark&Co Chartered Accountants and Chartered Tax Advisers,arkaurora.co.uk,GB,11-50,QUALIFIED,True,accountancy-practice-payroll,http://www.arkaurora.co.uk/,Payroll Services Operating a payroll function can be a time consuming matter and mistakes can be costly. So why not leave it to the experts,weak,-,-,Payroll offered on homepage service list; no dedicated page found.,accountancy-practice-payroll,medium
bkb-accountants,BKB Accountants,bkbaccountants.co.uk,GB,11-50,LIKELY,False,accountancy-practice-payroll,-,-,none,-,-,Website returned 403 to this session; payroll not confirmed.,accountancy-practice-payroll,medium
blg-financial-consultants,BLG,blg.ie,IE,11-50,LIKELY,False,accountancy-practice-payroll,-,-,none,-,-,"Dublin firm (ROI, in territory) offering Managed Finance Function/CFO services; payroll not explicitly evidenced.",accountancy-practice-payroll,medium
barrie-payroll-solutions,Barrie Bookkeeping & Payroll Solutions,barriebookkeeping.co.uk,GB,11-50,QUALIFIED,True,payroll-bureau,https://barriebookkeeping.co.uk/direct-payments/,"BBPS will make all the calculations and send all the payroll documents, but it is your responsibility to pay the wage to your PA and liabilities to HMRC.",strong,-,-,Dedicated bookkeeping & payroll bureau; specialises in Direct Payments / personal assistant payroll with tiered service levels.,accountancy-practice-payroll,high
barrons-chartered-accountants,Barrons Chartered Accountants,barrons-bds.com,GB,11-50,QUALIFIED,True,accountancy-practice-payroll,https://barrons-bds.com/payroll/,"If your business does not benefit from a dedicated payroll department, then Barrons proactively deliver a wide-ranging service to employers.",strong,-,-,-,accountancy-practice-payroll,medium
bayar-hughes-&-co,Bayar Hughes & Co,bayarhughes.co.uk,GB,11-50,QUALIFIED,True,accountancy-practice-payroll,https://bayarhughes.co.uk/services/payroll-services/,Payroll Services London | Outsourced PAYE | Bayar Hughes & Co,strong,-,-,-,accountancy-practice-payroll,medium
cklg-accountants,CKLG Accountants & Chartered Tax Advisers,cklg.co.uk,GB,11-50,LIKELY,False,accountancy-practice-payroll,-,-,none,-,-,"Cambridge practice; only mandatory-payrolling-of-BiK article found, no payroll service page.",accountancy-practice-payroll,medium
capricorn-associates,Capricorn Associates,capricornassociates.net,GB,11-50,QUALIFIED,True,accountancy-practice-payroll,https://capricornassociates.net/,"Capricorn Associates offers wide range of Accounting services ranging from Bookkeeping, Payroll, Management Accounts, VAT, Audits",weak,-,-,Accounting outsourcing provider — confirm UK entity/delivery location before outreach (offshoring model).,accountancy-practice-payroll,medium
centruecom,Centrue,centrue.com,GB,11-50,DISQUALIFIED,False,,-,-,none,Global fintech infrastructure provider for digital payments and multi-currency accounts; not a payroll processor for client organisations.,-,-,accountancy-practice-payroll,medium
chadwick-&-company-manchester-limited,Chadwicks,chadwickandco.co.uk,GB,11-50,QUALIFIED,True,accountancy-practice-payroll,https://www.chadwickandco.co.uk/accounting-services/accountancy-services/,Outsourced Payroll Services | Rated 'excellent' by our clients | Manchester,strong,-,-,One of the largest independent Manchester practices; markets outsourced payroll explicitly.,accountancy-practice-payroll,medium
clear-books,Clear Books,clearbooks.co.uk,GB,11-50,DISQUALIFIED,False,,-,-,none,Competitor: sells online accounting and payroll software (Clear Books Payroll) to small businesses and to accountancy practices.,-,-,accountancy-practice-payroll,medium
conexim,Conexim,conexim.ie,IE,11-50,LIKELY,False,accountancy-practice-payroll,https://www.conexim.ie/services/arfs/,Conexim has a dedicated payroll function which can facilitate monthly or annual distributions to provide you with the required income,weak,-,-,"Dublin pensions/investment platform (Great-West LifeCo). Payroll function serves ARF pension distributions, not client-company payroll — verify fit before outreach.",accountancy-practice-payroll,medium
fd-intelligence,FD Intelligence,fdintelligence.co.uk,GB,11-50,QUALIFIED,True,accountancy-practice-payroll,https://www.fdintelligence.co.uk/sectors/,"Payroll processing, internally and for clients.",weak,-,-,Outsourcing/automation provider to UK accountancy and tax teams; markets Agentic AI — check they are not positioning as a software vendor.,accountancy-practice-payroll,medium
in-accountancy,IN Accountancy,in-accountancy.co.uk,GB,11-50,QUALIFIED,True,accountancy-practice-payroll,https://www.in-accountancy.co.uk/business-services/payroll/,Payroll Services by IN Accountancy: Streamlining Your Business Payroll Needs,strong,-,-,-,accountancy-practice-payroll,medium
johnson-tidsall,Johnson Tidsall,johnsontidsall.co.uk,GB,11-50,QUALIFIED,True,accountancy-practice-payroll,https://www.johnsontidsall.co.uk/payroll,"Flexible, cost-effective outsourced payroll services",strong,-,-,Runs a branded 'JT Payroll' outsourcing arm with its own online portal.,accountancy-practice-payroll,medium
landau-morley,Landau Morley LLP,landaumorley.co.uk,GB,11-50,QUALIFIED,True,accountancy-practice-payroll,https://www.landaumorley.co.uk/services/business-services/payroll/,"Our payroll service can take on the burden for you. We can set up and administer any payroll scheme out there, and we'll adjust it to fit your needs.",strong,-,-,Dedicated payroll manager (Nita Bhudia) serving clients.,accountancy-practice-payroll,medium
m-j-bushell-ltd,M J Bushell Ltd,mjbushell.co.uk,GB,11-50,QUALIFIED,True,accountancy-practice-payroll,https://www.mjbushell.co.uk/our-services/services-for-businesses/payroll-services/,M J Bushell's hands-on professionals are able to provide a full payroll service tailored to your business' bespoke needs.,strong,-,-,-,accountancy-practice-payroll,medium
mascolo-&-styles,Mascolo & Styles Outsourced Payroll,mascolo-styles.co.uk,GB,11-50,QUALIFIED,True,payroll-bureau,https://mascolostyles.co.uk/,Mascolo & Styles | Bookkeeping & Outsourced Payroll | Alton & Hampshire UK ... UK Outsourced Payroll,strong,-,-,Dedicated outsourced payroll bureau; LinkedIn domain mascolo-styles.co.uk resolves to mascolostyles.co.uk.,accountancy-practice-payroll,high
mcdade-roberts-accountants-limited,McDade Roberts Accountants Limited,mcdaderoberts.co.uk,GB,11-50,QUALIFIED,True,accountancy-practice-payroll,https://www.mcdaderoberts.co.uk/services/services-for-business/payroll,"We can help to relieve the burden with our comprehensive payroll service, which includes: Customised payslips - Administration of PAYE, national insurance...",strong,-,-,-,accountancy-practice-payroll,medium
moore-stephens-chartered-accountants,Moore Stephens Chartered Accountants,moore-uae.ae,GB,11-50,DISQUALIFIED,False,,-,-,none,"Recorded domain moore-uae.ae / LinkedIn description is Moore UAE, HQ Dubai (outside UK/ROI); the alternative moore.co.uk is the Moore UK network head office, whose payroll work sits with independent member firms.",-,"Wrong-domain pack risk: entity is a network/overseas member firm, not a UK practice.",accountancy-practice-payroll,medium
nexes,Nexes,nexes.co.uk,GB,11-50,QUALIFIED,True,accountancy-practice-payroll,https://www.nexes.co.uk/payroll.html,We will take care of all your payroll needs using up-to-date computer software and incorporating current employment legislation.,strong,-,-,Also runs CIS/contractor subcontractor payments for clients.,accountancy-practice-payroll,medium
pb-partners-llp,Pb Partners,-,GB,11-50,LIKELY,False,accountancy-practice-payroll,-,-,none,-,-,"pbllp.co.uk did not respond (curl 000); no payroll page verifiable. UK accountancy LLP, 11-50 staff.",accountancy-practice-payroll,medium
pearson-may-chartered-accountants,Pearson May Chartered Accountants,pearsonmay.co.uk,GB,11-50,QUALIFIED,True,accountancy-practice-payroll,https://www.pearsonmay.co.uk/services/,Business services Accountancy Audit Bookkeeping and management accounts Business start-up Company formation and secretarial Corporate finance and valuation Corporate taxation International Payroll,weak,-,-,Payroll listed as a business service line; site 403s bots so only the services index was readable.,accountancy-practice-payroll,medium
phipps-henson-mcallister,Phipps Henson McAllister,phm-accountants.co.uk,GB,11-50,QUALIFIED,True,accountancy-practice-payroll,https://phm-accountants.co.uk/services/payroll/,Our payroll services are designed to help businesses of any size and include: Monthly or weekly payroll management - Auto-enrolment compliance ... CIS monthly contractors' returns,strong,-,-,-,accountancy-practice-payroll,medium
pinfields,Pinfields Chartered Accountants,pinfields.co.uk,GB,11-50,QUALIFIED,True,accountancy-practice-payroll,https://pinfields.co.uk/,By Service Accountancy Taxation Bookkeeping Payroll Advisory Audit,weak,-,-,Payroll listed as a client service line in site navigation; dedicated page path not resolved.,accountancy-practice-payroll,medium
positive-accounting-solutions,Positive Accounting Solutions,-,GB,11-50,QUALIFIED,True,accountancy-practice-payroll,https://positiveaccountingsolutions.co.uk/payroll/,Payroll Services in Acklam | Positive Accounting Solutions,strong,-,-,Sage (UK) accredited bookkeeping/accountancy practice - Sage partner status is not disqualifying.,accountancy-practice-payroll,medium
private-client-solicitors-llp,Private Client Solicitors,privateclientsolicitors.co.uk,GB,11-50,DISQUALIFIED,False,,-,-,none,"Boutique private-client law firm (wills, trusts, probate, Court of Protection). No payroll service offered to clients; the only 'payroll' hit on its site is incidental. Does not process payroll for others.",-,-,accountancy-practice-payroll,medium
r-t-marke-&-co-ltd,R T Marke & Co,rtmarke.co.uk,GB,11-50,LIKELY,False,accountancy-practice-payroll,-,-,none,-,-,rtmarke.co.uk returned nothing to curl. Part of Sumer group since 2023 but still trades under its own name and is the acquirer of Condy Mathias (also in this shard).,accountancy-practice-payroll,medium
spw-uk-llp,SPW (UK) LLP,spwca.co.uk,GB,11-50,QUALIFIED,True,accountancy-practice-payroll,https://www.spwca.co.uk/services/business/outsourced-accounting-and-payroll/,"We provide all the support, resources and benefits of an internal accountancy team including the following: Bookkeeping - VAT Returns - Management Accounts - P11ds - Payroll Management",strong,-,-,-,accountancy-practice-payroll,medium
salisburyaccountants,Salisbury & Co Accountants,salisburys.com,GB,11-50,QUALIFIED,True,accountancy-practice-payroll,https://www.salisburys.com/services/payroll-services/,We can take away all of the processing worries and prepare weekly or monthly payroll based on your prime information and do everything right through to paying your employees directly through our accre,strong,-,-,-,accountancy-practice-payroll,medium
sargeantpartnership,Sargeant Partnership,sargeantpartnership.com,GB,11-50,QUALIFIED,True,accountancy-practice-payroll,https://www.sargeantpartnership.com/services/services-for-business/payroll,"Payroll : Sargeant Partnership Limited. Chartered Accountants and Statutory Auditors, Swanley, Kent UK",weak,-,-,Dedicated payroll service page under 'Services for business'; page body largely boilerplate in the crawl.,accountancy-practice-payroll,medium
simpson-wreford-llp,Simpson Wreford LLP,simpsonwreford.co.uk,GB,11-50,LIKELY,False,accountancy-practice-payroll,-,-,none,-,-,Site behind Cloudflare challenge (403); a /payroll path exists but content could not be verified.,accountancy-practice-payroll,high
tax-help-for-older-people,Tax Help for Older People,taxvol.org.uk,GB,11-50,DISQUALIFIED,False,,-,-,none,Registered charity (Tax Volunteers / TaxAid) giving free tax advice to older people on low incomes. Not a payroll provider and not a commercial practice.,-,-,accountancy-practice-payroll,medium
the-financial-management-centre,The Financial Management Centre,tfmcentre.co.uk,GB,11-50,QUALIFIED,True,accountancy-practice-payroll,https://www.tfmcentre.co.uk/services/payroll-and-cis/,At The Financial Management Centre we offer a national payroll service for businesses.,strong,-,-,Also runs CIS payroll for construction contractors; national bookkeeping/payroll franchise network.,accountancy-practice-payroll,high
the-richards-sandy-partnership-ltd,The Richards Sandy Partnership Ltd,richards-sandy.com,GB,11-50,QUALIFIED,True,accountancy-practice-payroll,https://richards-sandy.com/,We provide a range of services to Businesses & Individuals. Accounting & Audit / Tax & Payroll / Business Advice / Specialist Services,weak,-,-,-,accountancy-practice-payroll,medium
wnj-chartered-accountants,WNJ Chartered Accountants,wnj.co.uk,GB,11-50,LIKELY,False,accountancy-practice-payroll,-,-,none,-,-,"wnj.co.uk pages found are payroll-related news/advisory articles (BiK payrolling, P11D), not a payroll service page. Practice of 11-50; payroll likely but unconfirmed.",accountancy-practice-payroll,medium
westboro-partners,Westboro Partners,westboro.ie,IE,11-50,QUALIFIED,True,accountancy-practice-payroll,https://www.westboro.ie/payroll/,Accounting Payroll Bookkeeping for SMEs ... Westboro Partners provides a wide range of quality services,strong,-,-,"Cork, Republic of Ireland - in territory.",accountancy-practice-payroll,medium
withall-&-co-ltd,Withall & Co Ltd,withallco.com,GB,11-50,QUALIFIED,True,accountancy-practice-payroll,http://www.withallco.com/index.html,John Resch MCIPPdip Head of Payroll ... Our services include: Management accounts Bookkeeping Financial statements ... Construction Industry Scheme,weak,-,-,CIPP-qualified Head of Payroll on the team page indicates a client payroll function.,accountancy-practice-payroll,medium
wormald-and-partners,Wormald and Partners,wormaldandpartnersaccountants.co.uk,GB,11-50,QUALIFIED,True,accountancy-practice-payroll,https://www.wormaldandpartnersaccountants.co.uk/,"We have the knowledge, the experience and expertise to advise you on all aspects of Accounting, Tax, Payroll and Business Planning.",weak,-,-,-,accountancy-practice-payroll,medium
chk,chk,-,IE,11-50,QUALIFIED,True,accountancy-practice-payroll,https://chk.ie/payroll-services/,"Payroll services Cork | Welcome to CHK Partnership, your trusted source for comprehensive payroll outsourcing services",strong,-,-,"LinkedIn tag 'chk' = CHK Partnership, Cork, Republic of Ireland.",accountancy-practice-payroll,high
unreconciled,unreconciled,unreconciled.io,GB,11-50,QUALIFIED,True,accountancy-practice-payroll,https://unreconciled.io/faqs/what-financial-services-does-unreconciled-offer/,"Unreconciled provides outsourced accounting, bookkeeping, financial operations, compliance, payroll management, accounts payable",strong,-,-,"Outsourced finance function provider, not a software vendor.",accountancy-practice-payroll,medium
acctax-consultancy-limited,ACCTAX CONSULTANCY LIMITED,acctax.org.uk,GB,11-50,QUALIFIED,True,accountancy-practice-payroll,https://www.acctax.org.uk/payroll/,Payroll - Accountants service in Stratford | AccTax Consultancy,strong,-,-,-,accountancy-practice-payroll,medium
alwyns-llp,Alwyns LLP,alwynsllp.com,GB,11-50,QUALIFIED,True,accountancy-practice-payroll,https://www.alwynsllp.com/services/payroll/,Alwyns comprehensive Payroll service removes the burden from business owners.,strong,-,-,-,accountancy-practice-payroll,medium
atholl-scott,Atholl Scott,athollscott.co.uk,GB,11-50,QUALIFIED,True,accountancy-practice-payroll,https://www.athollscott.co.uk/,Accounts - Bookkeeping & VAT - Payroll - Tax. At Atholl Scott we take great care to build an understanding in our client's business,weak,-,-,-,accountancy-practice-payroll,medium
beaumonts---your-business-growth-&-finance-partner,Beaumonts,beaumonts.co.uk,GB,11-50,LIKELY,False,accountancy-practice-payroll,-,-,none,-,-,beaumonts.co.uk served no readable content to curl (HTTP 202 bot wall). Unverified.,accountancy-practice-payroll,medium
beresfords-chartered-accountants,Beresfords Chartered Certified Accountants,beresfordsaccountants.com,GB,11-50,LIKELY,False,accountancy-practice-payroll,-,-,none,-,-,beresfordsaccountants.com sits behind a JS security check; LinkedIn redirect only. Unverified.,accountancy-practice-payroll,high
best-accountancy-services-llp,Best Accountancy,bestaccountancy.co.uk,GB,11-50,QUALIFIED,True,accountancy-practice-payroll,https://bestaccountancy.co.uk/,Bookkeeping & Payroll ... Providing accountancy and advisory services in Plymouth for over 20 years,weak,-,-,-,accountancy-practice-payroll,medium
browne-murphy-&-hughes,Browne Murphy & Hughes,brownemurphyhughes.ie,IE,11-50,QUALIFIED,True,accountancy-practice-payroll,https://www.brownemurphyhughes.ie/practice-areas/book-keeping-payroll/,We can offer your business a fully outsourced bookkeeping and payroll services,strong,-,-,"Dublin, Republic of Ireland - in territory.",accountancy-practice-payroll,high
cncharteredaccountants,CN Chartered Accountants,cnca.co.uk,GB,11-50,QUALIFIED,True,accountancy-practice-payroll,https://cnca.co.uk/,"We help businesses with their accounts, book keeping, tax returns, payroll and more.",weak,-,-,"Clarke Nicklin / CN Chartered Accountants, Stockport.",accountancy-practice-payroll,medium
certifiedpublicaccountantsassociation,Certified Public Accountants Association,acpa.org.uk,GB,11-50,DISQUALIFIED,False,,-,-,none,"Professional body/institute - the Certified Public Accountants Association (CPAA) is a membership body for accountants, explicitly excluded by hard rule 5.",-,-,accountancy-practice-payroll,medium
clayton-&-brewill,Clayton & Brewill,claytonandbrewill.com,GB,11-50,QUALIFIED,True,accountancy-practice-payroll,https://www.claytonandbrewill.com/payroll/,Payroll services in Nottingham from Clayton & Brewill,strong,-,-,-,accountancy-practice-payroll,high
condy-mathias-chartered-accountants,Condy Mathias Chartered Accountants,condymathias.co.uk,GB,11-50,DISQUALIFIED,False,,-,-,none,Acquired/absorbed: its site now states 'Condy Mathias is now part of R T Marke'. Parent R T Marke & Co is itself in this shard.,-,Redirects/notice on condymathias.co.uk; approach R T Marke instead.,accountancy-practice-payroll,medium
cook-&-partners-limited,Cook and Partners Limited,cookpartners.co.uk,GB,11-50,QUALIFIED,True,accountancy-practice-payroll,http://www.cookpartners.co.uk/,Business Services Annual Accounts Audit & Assurance Service Bookkeeping & Payroll Startup Business Accountants in Hertfordshire,weak,-,-,-,accountancy-practice-payroll,medium
ducketts-trusted-advisors,Ducketts Trusted Advisors,chrisduckett.co.uk,GB,11-50,LIKELY,False,accountancy-practice-payroll,-,-,none,-,-,Site moved to duckettsgrowth.co.uk; payroll paths 404 and the site blocks the crawler. Unverified.,accountancy-practice-payroll,medium
emberhub,Ember,ember.co,GB,11-50,DISQUALIFIED,False,,-,-,none,Defunct/acquired: ember.co now 301-redirects to starlingbank.com/business/accounting - Ember was absorbed into Starling Bank. Also a software/app provider rather than a bureau.,-,-,accountancy-practice-payroll,medium
gilliland-and-company,Gilliland and Company,gillilandca.com,GB,11-50,QUALIFIED,True,accountancy-practice-payroll,https://www.gillilandca.com/,Services Business Services Taxation Audit Business Advisory Payroll,weak,-,-,Payroll is a named client service line in the site navigation.,accountancy-practice-payroll,medium
griffin-chartered-accountants,Griffin Chartered Accountants | B Corp™,griffinaccountancy.co.uk,GB,11-50,LIKELY,False,accountancy-practice-payroll,-,-,none,-,-,"Homepage service list (Audit & Accounts, Outsourced Finance) shows no payroll page; only payroll-related news articles found. Unconfirmed.",accountancy-practice-payroll,medium
howsons,Howsons Chartered Accountants,howsons.com,GB,11-50,QUALIFIED,True,accountancy-practice-payroll,https://howsons.com/payroll/,Payroll - Howsons Accountants ... Business Support Payroll,strong,-,-,-,accountancy-practice-payroll,medium
ibissandco,IBISS & CO LIMITED,ibissandco.com,GB,11-50,LIKELY,False,accountancy-practice-payroll,-,-,none,-,-,ibissandco.com returned no readable content (bot wall). Unverified.,accountancy-practice-payroll,medium
josolyne-llp,Josolyne LLP,josolyne.co.uk,GB,11-50,QUALIFIED,True,accountancy-practice-payroll,https://www.josolyne.co.uk/,Business services Accounts Audit Business planning ... Cloud accounting Payroll and bookkeeping VAT,weak,-,-,-,accountancy-practice-payroll,medium
kingscott-dix-limited,Kingscott Dix Limited,kingscott-dix.co.uk,GB,11-50,QUALIFIED,True,accountancy-practice-payroll,http://www.kingscott-dix.co.uk/,"Business Essentials Audit & Assurance Accounting & Cloud Integration Corporation Tax & VAT Payroll, Pension Auto Enrolment & Company Secretarial",weak,-,-,-,accountancy-practice-payroll,medium
langricks,Langricks Chartered Accountants,langricks.com,GB,11-50,QUALIFIED,True,accountancy-practice-payroll,https://www.langricks.com/accountancy-services/payroll/,Outsourced payroll services Cheshire | running payroll Huddersfield,strong,-,-,-,accountancy-practice-payroll,medium
lillis-egan-obeirn-and-co,Lillis Egan OBeirn & Co,leob.ie,IE,11-50,LIKELY,False,accountancy-practice-payroll,-,-,none,-,-,"leob.ie returned 503. Dublin practice, Republic of Ireland. Unverified.",accountancy-practice-payroll,medium
zaidi-&-co--chartered-accountants-and-registered-auditors-,M Zaidi & Chartered Accountants and Registered Auditors,zaidiandco.co.uk,GB,11-50,LIKELY,False,accountancy-practice-payroll,-,-,none,-,-,zaidiandco.co.uk returned no content to curl. Unverified.,accountancy-practice-payroll,medium
mk-brazil,MK Brazil,mkbrazil.com,IE,11-50,QUALIFIED,True,accountancy-practice-payroll,https://mkbrazil.com/payroll/,Payroll Management | Payroll Administration | Our Services | MK Brazil,strong,-,-,Republic of Ireland practice - in territory.,accountancy-practice-payroll,medium
macrofin,MacroFin,macrofin.co.uk,GB,11-50,DISQUALIFIED,False,,-,-,none,"Acquired: macrofin.co.uk 301-redirects to cooperparry.com/services/digital/netsuite - MacroFin is now Cooper Parry's NetSuite practice. Also a systems/NetSuite implementer, not a payroll bureau.",-,-,accountancy-practice-payroll,medium
maneely-mc-cann-chartered-accountants,Maneely Mc Cann Chartered Accountants,maneelymccann.ie,GB,11-50,LIKELY,False,accountancy-practice-payroll,-,-,none,-,-,maneelymccann.com returned no content to curl (LinkedIn lists maneelymccann.ie). Belfast/Dublin practice. Unverified.,accountancy-practice-payroll,medium
warr-&-co-chartered-accountants,Mitchell Charlesworth formerly Warr & Co Chartered Accountants,warr.co.uk,GB,11-50,QUALIFIED,True,accountancy-practice-payroll,http://www.warr.co.uk/,Business Accounting Services Accounts & Tax Bookkeeping Audit Charity Audits Payroll & Auto Enrolment Company Formations,weak,-,merger - Warr & Co now part of Mitchell Charlesworth,Warr & Co has merged into Mitchell Charlesworth (surviving firm not otherwise in this list); warr.co.uk still live.,accountancy-practice-payroll,medium
noone-casey,Noone Casey,noonecasey.ie,IE,11-50,QUALIFIED,True,accountancy-practice-payroll,http://www.noonecasey.ie/services/,"We enable you develop your success by providing outsourced accounting, payroll and company secretarial services.",strong,-,-,"ETL Noone Casey, Dublin - in territory.",accountancy-practice-payroll,medium
one-click-solution,One Click Solution,-,GB,11-50,LIKELY,False,accountancy-practice-payroll,-,-,none,-,-,"Resolves to 1neclicksolution.com, UK eCommerce (Amazon/Shopify) accountants; no payroll service page found. Unconfirmed.",accountancy-practice-payroll,medium
rk-accountants-ltd,RK Accountants,-,GB,11-50,LIKELY,False,accountancy-practice-payroll,-,-,none,-,-,"rkaccountants.com service list (annual accounts, bookkeeping...) shows no payroll page in the crawlable markup. Unconfirmed.",accountancy-practice-payroll,medium
robertsoncraig,Robertson Craig,robertsoncraig.co.uk,GB,11-50,LIKELY,False,accountancy-practice-payroll,-,-,none,-,-,robertsoncraig.co.uk homepage crawl found no payroll mention; Glasgow chartered accountants/tax advisers. Unconfirmed.,accountancy-practice-payroll,medium
rushtons-chartered-accountants-and-business-advisers,Rushtons Chartered Accountants and Business Advisers,rushtonsaccountants.com,GB,11-50,LIKELY,False,accountancy-practice-payroll,-,-,none,-,-,Site behind Cloudflare challenge; a /payroll path exists but content unverifiable.,accountancy-practice-payroll,high
shenward,Shenward,shenward.com,GB,11-50,QUALIFIED,True,accountancy-practice-payroll,https://shenward.com/,Services Audit and Accounts Business Advisory and Growth HR & Payroll Taxation,weak,-,-,HR & Payroll is a named client service line (Bradford practice).,accountancy-practice-payroll,medium
sterling-chartered-accountants,"Sterling, Chartered Accountants",sterlingca.com,GB,11-50,QUALIFIED,True,accountancy-practice-payroll,https://sterlingca.com/service/payroll/,Our Services Accountancy Services Audit Cloud Accounting Company Secretarial Payroll Tax Services,weak,-,-,"Sterling Accounts Ltd, UK & UAE; UK practice with a dedicated payroll service page.",accountancy-practice-payroll,medium
ttr-barnes,TTR Barnes,ttrbarnes.com,GB,11-50,QUALIFIED,True,accountancy-practice-payroll,https://www.ttrbarnes.com/services/payroll-services.html,Payroll Services - An Introduction To Payroll - TTR Barnes,strong,-,-,Payroll offered to both start-up and growth business clients.,accountancy-practice-payroll,medium
the-local-bookkeeper,The Local Bookkeeper,thelocalbookkeeper.co.uk,GB,11-50,LIKELY,False,accountancy-practice-payroll,-,-,none,-,-,thelocalbookkeeper.co.uk returned 503. Franchise network of bookkeepers; payroll likely sits with local franchisees rather than head office - check before contacting.,accountancy-practice-payroll,medium
ubt-accountants-uk,UBT Accountants UK,ubtaccountants.com,GB,11-50,LIKELY,False,accountancy-practice-payroll,-,-,none,-,-,ubtaccountants.co.uk crawl found no payroll page. Unconfirmed.,accountancy-practice-payroll,medium
uhybprheaton,UHY BPR Heaton Chartered Accountants,bprheaton.co.uk,GB,11-50,QUALIFIED,True,accountancy-practice-payroll,https://bprheaton.co.uk/,"Alongside a full suite of accountancy, audit and tax services, management accounts and outsourcing including cloud accounting and payroll services, our team members create value for our clients",strong,-,merged into UHY Hacker Young network (now UHY Leeds),"Now UHY Leeds; an operating member firm doing its own payroll work, not a network head office.",accountancy-practice-payroll,medium
venthams-chartered-account,Venthams Chartered Accountants & Business Advisers,venthams.com,GB,11-50,LIKELY,False,accountancy-practice-payroll,-,-,none,-,-,venthams.com returned no content to curl. Unverified.,accountancy-practice-payroll,medium
walden-way-&-co-,Walden Way &,waldenway.co.uk,GB,11-50,QUALIFIED,True,accountancy-practice-payroll,https://waldenway.co.uk/payroll/,Payroll - Waldenway ... Offer: Payroll,strong,-,-,-,accountancy-practice-payroll,medium
watson-buckle,Watson Buckle,watsonbuckle.co.uk,GB,11-50,QUALIFIED,True,accountancy-practice-payroll,http://www.watsonbuckle.co.uk/,People DIRECTORS MANAGERS TAX ASSISTANT MANAGERS ACCOUNTS AND AUDIT TAX PAYROLL ADVISER ADMINISTRATION ... Services ... Outsourcing,weak,-,-,Dedicated payroll adviser role plus an Outsourcing service line; Bradford practice.,accountancy-practice-payroll,medium
xcelentra-financial-services,Xcelentra Financial Services,xcelentra.com,GB,11-50,QUALIFIED,True,payroll-bureau,https://xcelentra.com/payroll/,Personal Tax Accountancy Bookkeeping Payroll Management VAT Taxation Outsourcing Advisory,weak,-,-,UK-HQ multi-country outsourced payroll/accounting services firm (not a software platform) - worth confirming it is not a competing global payroll platform.,accountancy-practice-payroll,medium
tlam-limited,tlam,tlam.co.uk,GB,11-50,QUALIFIED,True,payroll-bureau,https://tlam.co.uk/,"Services Legal Cashiering Office Accounting, Management & Payroll Accountancy & Tax Professional Services",weak,-,-,Outsourced legal cashiering and payroll for law-firm clients.,accountancy-practice-payroll,medium
adplllp,ADPL LLP,accountingdirectplus.com,GB,11-50,QUALIFIED,True,accountancy-practice-payroll,http://accountingdirectplus.com/,Our Cloud Accounting System ensures your books and payroll system is conveniently accessible at all hours,weak,-,-,Accounting Direct Plus (ADPL LLP) - practice offering client bookkeeping/payroll via a cloud portal; it resells cloud software rather than selling its own payroll product.,accountancy-practice-payroll,medium
addition-finance,Addition,additionfinance.co,GB,11-50,QUALIFIED,True,accountancy-practice-payroll,https://additionfinance.co/,Reliable payroll and supplier payment support without the monthly admin.,weak,-,-,"Hybrid finance platform + outsourced finance team; sells bookkeeping/payroll service, not payroll software.",accountancy-practice-payroll,medium
alton-&-co.,Alton & Co.,alton.co.uk,GB,11-50,QUALIFIED,True,accountancy-practice-payroll,https://www.alton.co.uk/how-we-help/business-services/payroll/,Take pay processing off your plate. Administering payroll is burdensome for businesses,strong,-,-,"24-person chartered practice, London.",accountancy-practice-payroll,medium
askews-chartered-certified-accountants,Askews Chartered Certified Accountants,askews.co,GB,11-50,LIKELY,False,accountancy-practice-payroll,-,-,none,-,-,"Site not reachable in evidence pack; accountancy practice 11-50, payroll not confirmed.",accountancy-practice-payroll,medium
axia-sports-and-media-group-ltd,Axia Sports and Media Group,axiamediagroup.com,GB,11-50,LIKELY,False,accountancy-practice-payroll,-,-,none,-,-,Business management for sports/media professionals; no payroll page found on site.,accountancy-practice-payroll,medium
baker-&-co-ltd-,Baker & Co,-,GB,11-50,LIKELY,False,accountancy-practice-payroll,-,-,none,-,-,No domain recorded; LinkedIn description cites payroll as a service line but unverified.,accountancy-practice-payroll,medium
bluskytax,Blu Sky Chartered Accountants,blusky.co.uk,GB,11-50,QUALIFIED,True,accountancy-practice-payroll,https://blusky.co.uk/payroll/,We can manage your pay days,strong,-,new senior appointment in payroll services,Appointed a dedicated Client Payroll Specialist (Simon).,accountancy-practice-payroll,medium
bronsens-llp-chartered-certified-accountants,Bronsens Chartered Certified Accountants,bronsens.co.uk,GB,11-50,QUALIFIED,True,accountancy-practice-payroll,https://bronsens.co.uk/team/nikki-moss-aat/,"Nikki Moss PM. Dip AAT MCIPP - Bookkeeping Manager, Payroll and Cloud Solutions",weak,-,-,Practice lists payroll in its service mix; CIPP-qualified payroll manager on staff.,accountancy-practice-payroll,medium
buckle-barton-limited,Buckle Barton Chartered Accountants,bucklebarton.co.uk,GB,11-50,QUALIFIED,True,accountancy-practice-payroll,https://bucklebarton.co.uk/what-we-do/bookkeeping-payroll/,Bookkeeping & Payroll ... We offer a comprehensive bookkeeping service,strong,-,-,"Team of 30, Leeds.",accountancy-practice-payroll,medium
clearcut-accounting-tax-advisors,Clearcut Accounting,clearcutaccounting.co.uk,GB,11-50,QUALIFIED,True,accountancy-practice-payroll,https://clearcutaccounting.co.uk/accounting-services/payroll/,Headache-free payroll solutions. As you grow your employees need be to paid on time,strong,-,-,Page is titled 'Payroll Bureau Services UK'.,accountancy-practice-payroll,medium
cryptoaccountantsuk,Crypto Accountants,cryptoaccountants.live,GB,11-50,LIKELY,False,accountancy-practice-payroll,-,-,none,-,-,"Crypto-specialist accountancy; payroll content is educational blog only, no client payroll service page.",accountancy-practice-payroll,medium
eurotax,Eurotax,-,GB,11-50,LIKELY,False,accountancy-practice-payroll,-,-,none,-,-,No domain recorded; small accountancy/tax advisory firm.,accountancy-practice-payroll,medium
evans-and-co,Evans and Co,evansco.biz,GB,11-50,QUALIFIED,True,accountancy-practice-payroll,https://www.evansco.biz/index.php/services/business-services/payroll,The task of payroll processing can often divert you from your core business activity. It is our job to help,strong,-,-,"Agriculture specialist practice, Dorset.",accountancy-practice-payroll,medium
exel-acountancy,Exel Acountancy,exelaccountancy.co.uk,GB,11-50,QUALIFIED,True,accountancy-practice-payroll,https://www.exelaccountancy.co.uk/payroll-and-paye,Payroll & Paye,strong,-,-,Watford practice.,accountancy-practice-payroll,medium
expend,Expend,expend.com,GB,11-50,DISQUALIFIED,False,,-,-,none,"Expense-management software vendor (spend cards, expense automation) - sells software, does not process payroll for client organisations.",-,"Not a payroll competitor as such, but not a buyer either.",accountancy-practice-payroll,medium
folkes-worton-llp,Folkes Worton LLP Chartered Accountants,fwca.co.uk,GB,11-50,QUALIFIED,True,accountancy-practice-payroll,https://www.fwca.co.uk/payroll-and-cis/,Payroll & Construction Industry Scheme - Taking the stress out of your Payroll and CIS,strong,-,-,Also runs CIS for construction clients.,accountancy-practice-payroll,medium
gbac,GBAC,gbac.co.uk,GB,11-50,QUALIFIED,True,accountancy-practice-payroll,https://gbac.co.uk/services/payroll-services/,"Payroll can be a time consuming minefield, from running weekly",strong,-,-,"B Corp, Barnsley, 50+ years.",accountancy-practice-payroll,medium
heslops-chartered-accountants,Heslops Chartered Accountants,heslops-thatcham.co.uk,GB,11-50,QUALIFIED,True,accountancy-practice-payroll,https://www.heslops-thatcham.co.uk/payroll/,Payroll is often one of the first areas that businesses outsource.,strong,-,-,"Three offices: Thatcham, Weybridge, Lymington.",accountancy-practice-payroll,medium
inivo-limited,INIVO LIMITED,-,GB,11-50,LIKELY,False,accountancy-practice-payroll,-,-,none,-,-,"Outsourcing/offshoring arm registered c/o HJS Chartered Accountants, Southampton; service mix unverified.",accountancy-practice-payroll,medium
jpaccountantsuk,J&P Accountants,jpaccountant.info,GB,11-50,QUALIFIED,True,accountancy-practice-payroll,https://jpaccountant.info/payrollpaye/,Payroll & PAYE Services in Manchester - We work efficiently and flexibly,strong,-,-,"Manchester, international VAT focus.",accountancy-practice-payroll,medium
jack-ross-chartered-accountants,Jack Ross Chartered Accountants,jackross.com,GB,11-50,QUALIFIED,True,accountancy-practice-payroll,https://www.jackross.com/solicitors/,Managing your financial responsibilities as Solicitors; - Payroll;,weak,-,-,Payroll listed among client services; no dedicated payroll service page found.,accountancy-practice-payroll,medium
jump-accounting,Jump Accounting,jumpaccounting.co.uk,GB,11-50,LIKELY,False,accountancy-practice-payroll,-,-,none,-,-,Startup-focused practice; pricing/services pages show no payroll line.,accountancy-practice-payroll,medium
kingstonburrowes,Kingston Burrowes Accountants,kingstonburrowes.com,GB,11-50,QUALIFIED,True,accountancy-practice-payroll,https://www.kingstonburrowes.com/services/payroll/,Effortless Payroll Management for Your Business,strong,-,-,"Two offices, Surbiton/Cheam.",accountancy-practice-payroll,medium
kresscooper,Kress Cooper Chartered Accountants,kresscooper.com,GB,11-50,QUALIFIED,True,accountancy-practice-payroll,https://www.kresscooper.com/global/services/business-support/payroll-services,Employees rely on receiving their pay packets each month,strong,-,-,UK + UAE offices; HQ recorded as GB.,accountancy-practice-payroll,medium
makesworth-accountants-uk,Makesworth Accountants,makesworth.co.uk,GB,11-50,QUALIFIED,True,accountancy-practice-payroll,https://makesworth.co.uk/payroll-rti-submission/,Payroll and RTI Submission - Any business that has employees will need to run a payroll,strong,-,-,"Harrow-based, est. 2012.",accountancy-practice-payroll,medium
moneypex,Moneypex,-,GB,11-50,DISQUALIFIED,False,,-,-,none,"Competitor/software vendor: Moneypex is a Birmingham-based cloud accounting, payroll and practice-management SaaS vendor, not a payroll service provider.",-,Sells practice-management software to accountants.,accountancy-practice-payroll,medium
onthegoaccountants,OnTheGo Accountants,onthegoaccountants.co.uk,GB,11-50,QUALIFIED,True,accountancy-practice-payroll,https://www.onthegoaccountants.co.uk/payroll-services,"Pay your staff accurately, everytime. Whether you have 1 or 100 employees",strong,-,-,Also runs UK payroll for US/global teams.,accountancy-practice-payroll,medium
orange-recruitment-ireland,Orange Recruitment,orangerecruitment.ie,IE,11-50,QUALIFIED,True,recruitment-umbrella-contractor-payroll,https://orangerecruitment.ie/recruitment-services,Managed payroll services delivered through our Facilitas team.,weak,-,-,IE recruiter; payroll delivered by sister company Facilitas within same group - confirm which entity licenses software.,accountancy-practice-payroll,high
psc-accountants,PSC Accountants,psc.ie,IE,11-50,QUALIFIED,True,accountancy-practice-payroll,https://psc.ie/experienced-bookkeeper/,"The provision of a full bookkeeping service to our clients including Payroll, RCT & VAT submissions.",weak,-,advertising payroll vacancies,ROI practice; payroll listed in service list on site.,accountancy-practice-payroll,medium
pricemann,Price Mann,pricemann.co.uk,GB,11-50,QUALIFIED,True,accountancy-practice-payroll,https://www.pricemann.co.uk/payroll,Payroll Services in Edgware & Harrow ... Auto Enrolment Pensions,strong,-,-,-,accountancy-practice-payroll,medium
rraccountants,RR Accountants,rraccountants.co.uk,GB,11-50,LIKELY,False,accountancy-practice-payroll,-,-,none,-,-,Site reachable but no payroll page surfaced; startup/ecommerce focused practice.,accountancy-practice-payroll,high
remote-professionals,Remote Professionals,remoteprofessionals.co.uk,GB,11-50,QUALIFIED,True,payroll-bureau,https://remoteprofessionals.co.uk/service-overview/,"From Audit Support to Payroll Services, we provide",strong,-,-,Outsourced back-office provider to UK accounting firms - payroll run on behalf of firms' clients.,accountancy-practice-payroll,medium
richard-anthony-london,Richard Anthony,richard-anthony.co.uk,GB,11-50,QUALIFIED,True,accountancy-practice-payroll,https://www.richard-anthony.co.uk/what-we-do/services/payroll/,RA Payroll Services Limited has a dedicated team of highly experienced payroll,strong,-,-,"Runs payroll through a dedicated subsidiary, RA Payroll Services Ltd.",accountancy-practice-payroll,medium
rowland-hall,Rowland Hall,rowlandhall.co.uk,GB,11-50,QUALIFIED,True,accountancy-practice-payroll,https://www.rowlandhall.co.uk/services/support-services,"Payroll - Running a payroll can be time consuming, complicated and divert",strong,-,-,"Essex, multiple offices.",accountancy-practice-payroll,medium
spenser-wilson,Spenser Wilson,spenserwilson.co.uk,GB,11-50,DISQUALIFIED,False,,-,-,none,Acquired/merged: Spenser Wilson merged into Streets Chartered Accountants (Aug 2024) and now trades as Streets Spenser Wilson; payroll decisions sit with Streets.,-,Site still live but contact email is halifax@streets.uk.,accountancy-practice-payroll,medium
stephens-cooke-&-co,Stephens Cooke & Associates,stephenscooke.ie,IE,11-50,LIKELY,False,accountancy-practice-payroll,-,-,none,-,-,"ROI practice, Mullingar/Athlone; services page returned 503, payroll unconfirmed.",accountancy-practice-payroll,medium
taylor-associates-llp,Taylor Associates LLP,taylorassociatesllp.com,GB,11-50,QUALIFIED,True,accountancy-practice-payroll,https://taylorsllp.com/services/payroll/,our payroll service offers the ideal answer,strong,-,-,"Recorded domain taylorassociatesllp.com 301s to taylorsllp.com - same firm (P A Taylor Associates LLP), not an acquisition.",accountancy-practice-payroll,medium
thomas-quinn,Thomas Quinn Chartered Accountants,thomasquinn.co.uk,GB,11-50,QUALIFIED,True,accountancy-practice-payroll,https://www.thomasquinn.co.uk/everyday-solutions/payroll,As soon as a business starts to employ its,strong,-,-,Dedicated payroll manager and payroll administrator on staff.,accountancy-practice-payroll,medium
uwm-accountants,UWM Accountants,uwm.co.uk,GB,11-50,QUALIFIED,True,accountancy-practice-payroll,https://uwm.co.uk/services/managed-payroll/,Outsource the administrative burden with our managed payroll,strong,-,-,Leeds cloud accountants.,accountancy-practice-payroll,medium
verfides,Verfides,verfides.com,GB,11-50,LIKELY,False,accountancy-practice-payroll,-,-,none,-,-,"Private wealth/fiduciary firm; 'Employment Solutions' is share-scheme administration, not payroll. Weak fit.",accountancy-practice-payroll,medium
m-wasley-chapman,Wasley Chapman LLP,wasley-chapman.co.uk,GB,11-50,QUALIFIED,True,accountancy-practice-payroll,https://www.wasley-chapman.co.uk/payroll-north-east/,Payroll services across the North East and North Yorkshire,strong,-,-,Four offices; est. 1918.,accountancy-practice-payroll,medium
360-chartered-accountants,"360, Chartered Accountants",360accountants.co.uk,GB,11-50,QUALIFIED,True,accountancy-practice-payroll,https://www.360accountants.co.uk/services/5-four-payroll/,Your trusted partners In payroll. Providing simple and effective payroll s,strong,-,-,Payroll branded '5 Four Payroll'; Hull.,accountancy-practice-payroll,medium
ags-accountants-and-business-advisors-ltd,AGS Accountants and Business Advisors Ltd,agsdudley.co.uk,GB,11-50,LIKELY,False,accountancy-practice-payroll,-,-,none,-,-,"Dudley practice; payroll content is syndicated blog only, no service page reachable (403).",accountancy-practice-payroll,medium
ajr-&-co-ltd,AJR & Co Ltd,ajrandco.co.uk,GB,11-50,QUALIFIED,True,accountancy-practice-payroll,https://www.ajrandco.co.uk/what-we-do/payrolls-and-pensions,Payrolls & Pensions,strong,-,-,-,accountancy-practice-payroll,medium
akc-agriculture,AKC Agriculture,akcagric.co.uk,GB,11-50,QUALIFIED,True,accountancy-practice-payroll,https://akcagric.co.uk/services/payroll,"Payroll Services for All Business inc Farms, Dairy & Agricultural",strong,-,-,Agricultural consultancy with a dedicated payroll manager; payroll offered beyond farming clients.,accountancy-practice-payroll,high
bdm-chartered-accountants,Advance Accounting,advance-accounting.co.uk,GB,11-50,LIKELY,False,accountancy-practice-payroll,-,-,none,-,-,NI practice (Dungannon/Lisburn); Xero payroll blog content but no payroll service page confirmed.,accountancy-practice-payroll,medium
aggarwal-&-co-ltd,Aggarwal & Co Chartered Accountants,aggarwalaccountants.co.uk,GB,11-50,QUALIFIED,True,accountancy-practice-payroll,https://www.aggarwalaccountants.co.uk/payroll-accountants-sheerness/,Payroll - Efficient and Accurate Payroll Processes,strong,-,-,"4 offices, 3 partners, Kent/London.",accountancy-practice-payroll,medium
akhter's-limited,Akhter’s Accountants & Business Advisors,akhters.com,GB,11-50,QUALIFIED,True,accountancy-practice-payroll,https://akhters.com/our-services/,Payroll and Pension Services are integral components of efficient and compliant business operations,strong,-,-,Nottingham & Derby.,accountancy-practice-payroll,medium
allens-chartered-accountants,Allens,allensaccountants.com,GB,11-50,QUALIFIED,True,accountancy-practice-payroll,https://www.allensaccountants.com/services,Allens Payroll guides you through the growing complexities of managing employee payments.,strong,-,-,"Stockport/Manchester, 50 years.",accountancy-practice-payroll,medium
archangel-accounting-limited,Archangel Accounting Limited,archangelaccounting.com,GB,11-50,QUALIFIED,True,accountancy-practice-payroll,https://www.archangelaccounting.com/outsourced-finance-function-,Management accounts - VAT and HMRC compliance - Payroll - Pension administration,strong,-,-,Outsourced finance function for life-sciences start-ups.,accountancy-practice-payroll,medium
atkinsaccountantsltd,Atkins Accountants Ltd,linkin.bio,GB,11-50,QUALIFIED,True,accountancy-practice-payroll,https://www.atkinsaccountants.co.uk/services/payroll/,"Processing payroll for businesses of any size, from one person limited companies to those with hundreds of employees",strong,-,-,Recorded domain 'linkin.bio' is wrong - real site is atkinsaccountants.co.uk (Swansea).,accountancy-practice-payroll,medium
bernard-rogers-co,Bernard Rogers & Co,bernard-rogers.co.uk,GB,11-50,QUALIFIED,True,accountancy-practice-payroll,https://www.bernard-rogers.co.uk/services/bookkeeping-payroll-cloud-accounting,"Bookkeeping, Payroll & Cloud Accounting - Keeping your records up to date, your staff",strong,-,-,Warwickshire.,accountancy-practice-payroll,medium
blackthorns,Blackthorns Chartered Accountants,theblackthorns.co.uk,GB,11-50,QUALIFIED,True,accountancy-practice-payroll,https://www.theblackthorns.co.uk/payroll-and-p11d/,Payroll and P11d Services,strong,-,-,"Multiple location payroll pages (Stourbridge, Black Country).",accountancy-practice-payroll,medium
bridge-chartered-accountants,"Bridge, Chartered Accountants",bridgeaccountancy.com,GB,11-50,LIKELY,False,accountancy-practice-payroll,-,-,none,-,-,Belfast practice; payroll not listed on the pages found.,accountancy-practice-payroll,medium
carrington-blake-accountancy,Carrington Blake Accountancy,carringtonblakeaccountancy.com,GB,11-50,QUALIFIED,True,accountancy-practice-payroll,https://carringtonblakeaccountancy.com/accountancy-services/payroll,OUTSOURCING COMPANY PAYROLL - If you are an employer of a member of,strong,-,-,London.,accountancy-practice-payroll,medium
clay-ratnage-strevens-&-hills,Clay Ratnage Strevens & Hills,clayratnage.co.uk,GB,11-50,QUALIFIED,True,accountancy-practice-payroll,https://clayratnage.co.uk/business-owners/,Our experienced payroll clerks will ensure that your employees are paid accurately and on time.,strong,-,-,Est. 1927; three offices in Essex/East London. Runs PAYE and CIS.,accountancy-practice-payroll,medium
court-&-co-llp,Court & Co LLP,courtandcotax.com,GB,11-50,LIKELY,False,accountancy-practice-payroll,-,-,none,-,-,Tax-enquiry specialist practice; site not in evidence pack.,accountancy-practice-payroll,medium
cousins-&-co,Cousins & Co,cousinsandco.com,GB,11-50,QUALIFIED,True,accountancy-practice-payroll,https://www.cousinsandco.com/index.php/payroll/,As an accredited Chartered Accountants we can offer you a full payroll service with plenty of options,strong,-,-,-,accountancy-practice-payroll,medium
crownwise-consult-ltd,Crownwise Consult,crownwiseconsult.com,GB,11-50,LIKELY,False,accountancy-practice-payroll,-,-,none,-,-,Offers contractor/IR35 work and 'PAYE returns' but no confirmed payroll-processing service.,accountancy-practice-payroll,medium
evms-partners-llp,EVMS Partners,evmspartners.co.uk,GB,11-50,LIKELY,False,accountancy-practice-payroll,-,-,none,-,-,"Outsourced accounting services listed (bookkeeping, payment runs) but payroll not named.",accountancy-practice-payroll,medium
evans-mockler-ltd,Evans Mockler Ltd,evansmockler.co.uk,GB,11-50,DISQUALIFIED,False,,-,-,none,Acquired: evansmockler.co.uk 301-redirects to xeinadin.com/office/barnet - absorbed into Xeinadin Group.,-,Legacy site content still indexed; buying decisions sit with Xeinadin.,accountancy-practice-payroll,medium
grenfell-james-associates-ltd,Grenfell James,gjassociates.co.uk,GB,11-50,QUALIFIED,True,accountancy-practice-payroll,https://gjassociates.co.uk/services/,Our efficient and reliable payroll service and apps offer a hassle-free alternative.,strong,-,-,Stratford-upon-Avon and London.,accountancy-practice-payroll,medium
harding-financial,Harding Financial,hardingfinancial.co.uk,GB,11-50,QUALIFIED,True,payroll-bureau,https://www.hardingfinancial.co.uk/our-team/tanya-birnie/,Tanya Birnie - Head of Corporate Advice & Payroll,weak,-,-,IFA/employee-benefits firm with an in-house payroll team serving corporate clients; verify payroll is client-facing.,accountancy-practice-payroll,medium
insight-training,Insight Training,insight-training.biz,GB,11-50,DISQUALIFIED,False,,-,-,none,Training provider: delivers finance and management development programmes; does not process payroll for client organisations.,-,-,accountancy-practice-payroll,medium
jackson-associates,Jackson Associates,jacksonassociates.uk.com,GB,11-50,LIKELY,False,accountancy-practice-payroll,-,-,none,-,-,"Accountants/management consultants, Grantham & Sleaford; HR services mentioned, payroll unconfirmed.",accountancy-practice-payroll,medium
james-milne,James Milne Chartered Accountants,jamesmilne.co.uk,GB,11-50,QUALIFIED,True,accountancy-practice-payroll,https://www.jamesmilne.co.uk/payroll/,"Payroll Services for Aberdeen, Inverurie, and Banchory",strong,-,-,"Est. 1888, three Aberdeenshire offices.",accountancy-practice-payroll,medium
jamesons-limited,Jamesons Limited,jamesons.co.uk,GB,11-50,QUALIFIED,True,accountancy-practice-payroll,https://jamesons.co.uk/services/payroll-and-auto-enrolment,"Payroll and Auto Enrolment Services based in Witney, Oxfordshire. Managing payroll can",strong,-,-,-,accountancy-practice-payroll,medium
knbc,KNBC Accounting Ltd,knbc.co.uk,GB,11-50,LIKELY,False,accountancy-practice-payroll,-,-,none,-,-,London practice (haulage specialism); payroll not named on the pages found.,accountancy-practice-payroll,medium
kendall-wadley-chartered-accountants,Kendall Wadley LLP,kwca.co.uk,GB,11-50,QUALIFIED,True,accountancy-practice-payroll,https://www.kwca.co.uk/business-advice,Business Start-Ups Business Plans Outsourcing Payroll Management Information and Consultancy VAT,weak,-,advertising payroll vacancies,"Three offices (Worcester, Malvern, Hereford); careers page references payroll as a related service line.",accountancy-practice-payroll,medium
lakin-rose-chartered-accountants,Lakin Rose Chartered Accountants,lakinrose.co.uk,GB,11-50,QUALIFIED,True,accountancy-practice-payroll,https://lakinrose.co.uk/payroll-bureau-services/,End-to-End payroll services for,strong,-,-,Dedicated payroll bureau with Head of Payroll and Assistant Payroll Manager.,accountancy-practice-payroll,medium
lanop-accountants,Lanop Business & Tax Advisors,lanop.co.uk,GB,11-50,QUALIFIED,True,accountancy-practice-payroll,https://lanop.co.uk/payroll-accountants/,Expert Payroll Services for UK Businesses,strong,-,-,South West London.,accountancy-practice-payroll,medium
luminex-consulting-ltd,Luminex Consulting,luminexconsulting.co.uk,GB,11-50,LIKELY,False,accountancy-practice-payroll,-,-,none,-,-,Outsourced technical accounting consultancy; no payroll page found on site.,accountancy-practice-payroll,medium
mgrw-,MGRW+,mgrw.co.uk,GB,11-50,QUALIFIED,True,accountancy-practice-payroll,https://mgrw.co.uk/services/charities/,Accounts preparationGrant auditsStrategy planningTax and VAT consultingBudget and forecastingPayrollIT servicesBookkeeping and accountancy services,strong,-,-,Sheffield practice; payroll listed among client service lines.,accountancy-practice-payroll,medium
mha-wales,MHA Wales,watts-gregory.co.uk,GB,11-50,DISQUALIFIED,False,,-,-,none,"Merged into MHA (UK top-15 group) in 2023 as MHA Cardiff, formerly Watts Gregory LLP; payroll buying sits with MHA group.",-,"Evidence pack was the legacy watts-gregory.co.uk site (Confidential Payroll Bureau) - correct predecessor, but entity is now an MHA office.",accountancy-practice-payroll,medium
marr-procurement,Marr Procurement Limited,marrprocurement.com,GB,11-50,DISQUALIFIED,False,,-,-,none,"Procurement consultancy - delivers cost/spend savings, does not process payroll for client organisations.",-,Site covers procurement and resourcing only; no payroll service anywhere.,accountancy-practice-payroll,medium
mehta-&-company,Mehta & Company,mehta-co.com,GB,11-50,LIKELY,False,accountancy-practice-payroll,-,-,none,-,-,"Ascot chartered certified accountants; site not in evidence pack, payroll not confirmed.",accountancy-practice-payroll,medium
merranti-accounting-ltd,Merranti Accounting Ltd,merrantiaccounting.com,GB,11-50,QUALIFIED,True,accountancy-practice-payroll,https://merrantiaccounting.com/payroll/,We help many companies with daily Bookkeeping and Payroll,strong,-,-,Dedicated payroll and payroll-hygiene pages; CIS services too.,accountancy-practice-payroll,medium
merry-mullen,Merry Mullen,merrymullen.ie,IE,11-50,QUALIFIED,True,accountancy-practice-payroll,https://merrymullen.ie/what-we-do/payroll-and-bookkeeping/,Managing payroll and bookkeeping in-house carries a cost that is easy to underestimate,strong,-,"award: Medium Practice of the Year, Irish Accountancy Awards 2025",Dublin practice with dedicated Outsource Manager for payroll and bookkeeping.,accountancy-practice-payroll,medium
morris-lane,Morris Lane,morrislane.co.uk,GB,11-50,LIKELY,False,accountancy-practice-payroll,-,-,none,-,-,Poole chartered accountants; no evidence pages returned.,accountancy-practice-payroll,medium
mse-business-management-llp,Mse Business Management,mse.london,GB,11-50,LIKELY,False,accountancy-practice-payroll,-,-,none,-,-,Business management firm for music/sport/entertainment clients; payroll not confirmed.,accountancy-practice-payroll,medium
na-associates,NA Associates,na-associates.co.uk,GB,201-500,DISQUALIFIED,False,,-,-,none,Acquired by Duncan & Toplis in June 2025; now trades within the Duncan & Toplis group.,-,Site already redirects/rebrands to Duncan & Toplis enquiries. Target the acquirer instead.,accountancy-practice-payroll,medium
newman-morris-limited,Newman Morris Limited,newmanmorris.co.uk,GB,11-50,QUALIFIED,True,accountancy-practice-payroll,https://www.linkedin.com/company/newmanmorris,"offering full accounting, taxation and payroll solutions to a range of clients",weak,-,-,LinkedIn About only - no website page in the pack. Verify on newmanmorris.co.uk before outreach.,accountancy-practice-payroll,high
outspan-ltd,Outspan,-,GB,11-50,LIKELY,False,accountancy-practice-payroll,-,-,none,-,-,Accountancy/back-office outsourcing provider for SMEs; no domain or evidence pages on record.,accountancy-practice-payroll,medium
pba-accountants,PBA Accountants,pbaaccountants.co.uk,GB,11-50,LIKELY,False,accountancy-practice-payroll,-,-,none,-,-,No evidence pages returned; payroll not confirmed.,accountancy-practice-payroll,medium
parker-cavendish,Parker Cavendish,parkercavendish.co.uk,GB,11-50,LIKELY,False,accountancy-practice-payroll,-,-,none,-,-,No evidence pages returned; payroll not confirmed.,accountancy-practice-payroll,medium
plummer-parsons,Plummer Parsons Chartered Accountants,plummer-parsons.co.uk,GB,11-50,LIKELY,False,accountancy-practice-payroll,-,-,none,-,-,No evidence pages returned; payroll not confirmed.,accountancy-practice-payroll,medium
srg-chartered-accountants-and-registered-auditors,SRG Chartered Accountants and Registered Auditors,srgcas.co.uk,GB,11-50,LIKELY,False,accountancy-practice-payroll,-,-,none,-,-,No evidence pages returned; payroll not confirmed.,accountancy-practice-payroll,medium
searing-point,Searing Point Chartered Accountants,searingpoint.ie,IE,11-50,LIKELY,False,accountancy-practice-payroll,-,-,none,-,-,Irish practice (ROI in scope); no evidence pages returned.,accountancy-practice-payroll,medium
semparaccountancy,Sempar Accountancy & Tax,sempar.co.uk,GB,11-50,QUALIFIED,True,accountancy-practice-payroll,https://sempar.co.uk/team/,Claire Timmis Payroll,weak,-,-,Named payroll staffer on team page and firm positions itself as finance outsourcing; no dedicated payroll page found.,accountancy-practice-payroll,medium
sgduk,Spencer Gardner Dickins,sgduk.com,GB,11-50,QUALIFIED,True,accountancy-practice-payroll,https://www.sgduk.com/services/,"Our services include Tax computations and returns, Payroll preparation including all PAYE/NIC aspects, P11Ds and other annual employee returns",strong,-,-,Payroll preparation stated as a client service line.,accountancy-practice-payroll,medium
steedman-and-company-ltd-,Steedman Accountants,steedman.co.uk,GB,11-50,LIKELY,False,accountancy-practice-payroll,-,-,none,-,-,No evidence pages returned; payroll not confirmed.,accountancy-practice-payroll,medium
sterling-partners-llp,Sterling Partners UK,sterlingpartners.co.uk,GB,11-50,QUALIFIED,True,accountancy-practice-payroll,https://sterlingpartners.co.uk/services/payroll/,Statutory Accounting - Management Accounting - Bookkeeping - Payroll - Auto Enrolment Advice,strong,-,-,Dedicated payroll service page plus auto-enrolment.,accountancy-practice-payroll,medium
sterlings-ltd,Sterlings ltd,sterlings.co.uk,GB,11-50,LIKELY,False,accountancy-practice-payroll,-,-,none,-,-,No evidence pages returned; payroll not confirmed.,accountancy-practice-payroll,medium
the-slc-group-limited,The Slc Group Limited,-,GB,11-50,LIKELY,False,accountancy-practice-payroll,-,-,none,-,-,"LinkedIn description cites bookkeeping and payroll for client businesses, but no domain or site evidence on record.",accountancy-practice-payroll,medium
thorne-lancaster-parker,Thorne Lancaster Parker,tlpaccountants.co.uk,GB,11-50,LIKELY,False,accountancy-practice-payroll,-,-,none,-,-,No evidence pages returned; payroll not confirmed.,accountancy-practice-payroll,medium
waters-and-atkinson-accountants,Waters and Atkinson Chartered Accountants,watersandatkinson.co.uk,GB,11-50,QUALIFIED,True,accountancy-practice-payroll,https://watersandatkinson.co.uk/services/,Personal Tax - Corporation Tax - Trusts and Estates - VAT - Payroll and PAYE - Tax Planning Advice,strong,-,-,Payroll and PAYE listed as a service; a Payroll Manager appears on the people page.,accountancy-practice-payroll,medium
whelan-dowling-&-associates,Whelan Dowling & Associates,wda.ie,IE,11-50,LIKELY,False,accountancy-practice-payroll,-,-,none,-,-,"Dublin practice; pages returned cover tax only, no payroll service page found.",accountancy-practice-payroll,medium
tyrrell-&-company,Xeinadin (previously Tyrrell Accountants),-,GB,11-50,LIKELY,False,accountancy-practice-payroll,-,-,none,-,-,"Now trading as Xeinadin (formerly Tyrrell Accountants) - part of a 2,000-person group, so payroll software buying may sit centrally. Verify decision-maker level.",accountancy-practice-payroll,medium
mca-group-ltd,mca group,mcabusiness.co.uk,GB,11-50,LIKELY,False,accountancy-practice-payroll,-,-,none,-,-,Only the homepage was retrieved and it does not mention payroll; practice of 11-50 so payroll is plausible.,accountancy-practice-payroll,medium
team-dt,the dt group,team-dt.com,GB,11-50,QUALIFIED,True,accountancy-practice-payroll,https://www.team-dt.com/p11d,please email it back to payroll@team-dt.com,weak,-,-,Franchise-sector accountants; a client-facing payroll mailbox and P11D service imply payroll run for clients. No payroll service page found.,accountancy-practice-payroll,medium
apex-accounting,Apex Accounting,apexaccounting.biz,GB,11-50,LIKELY,False,accountancy-practice-payroll,-,-,none,-,-,Services page retrieved does not mention payroll; small-business bookkeeping/tax practice.,accountancy-practice-payroll,medium
b&f-services-ltd,B&F Services,bfsc.co.uk,GB,11-50,LIKELY,False,accountancy-practice-payroll,-,-,none,-,-,Accounting services for entrepreneurs; retrieved pages do not evidence a payroll service line.,accountancy-practice-payroll,medium
barrow-llp,BARROW,barrow.co.uk,GB,11-50,QUALIFIED,True,accountancy-practice-payroll,https://barrow.co.uk/services/business-services/payroll/,Administering payroll is becoming increasingly complex,strong,-,-,Dedicated payroll page under business services.,accountancy-practice-payroll,medium
basra-&-basra-ltd,Basra & Basra Ltd,basraandbasra.co.uk,GB,11-50,QUALIFIED,True,accountancy-practice-payroll,https://www.basraandbasra.co.uk/services/small-business-services/payroll,Payroll Services in Southampton : Payroll Bureau in Southampton,strong,-,-,Runs a payroll bureau for both small and medium/large business clients.,accountancy-practice-payroll,medium
bourneandco,Bourne & Co.,bourneandco.com,GB,11-50,QUALIFIED,True,accountancy-practice-payroll,https://www.bourneandco.com/payroll-services,Our payroll service includes the creation of customised payslips; the effective administration of PAYE; and much more.,strong,-,-,Dedicated payroll services page; Burton and Derby offices.,accountancy-practice-payroll,medium
brewers,Brewers Chartered Accountants,bg-brewers.com,GB,11-50,QUALIFIED,True,accountancy-practice-payroll,https://www.bg-brewers.com/our-services/accounting-services/payroll/,Managing payroll can be a time-consuming and complex task.,strong,-,-,Payroll under accounting services.,accountancy-practice-payroll,medium
buckley-watson-limited,Buckley Watson Limited,buckleywatson.co.uk,GB,11-50,QUALIFIED,True,accountancy-practice-payroll,https://buckleywatson.co.uk/services/payroll/,"At Buckley Watson, we understand the complexities involved in managing payroll for your business",strong,-,acquired Accounting Kiwi (2021),Has a named Payroll Manager; auto-enrolment included.,accountancy-practice-payroll,medium
collegia-pensions,Collegia,collegia.co.uk,GB,11-50,DISQUALIFIED,False,,-,-,none,Competitor: pension provider that ships its own HMRC-recognised payroll software (FreePayroll) to employers.,-,"Site: 'With Collegia, you not only get access to our comprehensive pension plan but also to FreePayroll at no extra cost.'",accountancy-practice-payroll,medium
deb-chartered-accountants,DEB Chartered Accountants,deb-accountants.co.uk,GB,11-50,QUALIFIED,True,accountancy-practice-payroll,https://deb-accountants.co.uk/services/payroll,DEB provides expert Payroll Services so you don't need to worry about making errors and being fined.,strong,-,-,Dedicated payroll and PAYE/NI service pages.,accountancy-practice-payroll,medium
faiz-accountax,Faiz Accountax,faizaccountax.com,GB,11-50,LIKELY,False,accountancy-practice-payroll,-,-,none,-,-,Retrieved pages cover company secretarial and contact only; payroll not evidenced.,accountancy-practice-payroll,medium
friend-james-limited,Friend-James Limited,friend-james.co.uk,GB,11-50,QUALIFIED,True,accountancy-practice-payroll,https://www.friend-james.co.uk/payroll-auto-enrolment,"Our payroll department offers a comprehensive service for all aspects of payroll, whether it is to manage payslips, maternity and sick pay",strong,-,-,Brighton practice with a standing payroll department.,accountancy-practice-payroll,medium
georgehay,George Hay & Company,georgehay.com,GB,11-50,QUALIFIED,True,accountancy-practice-payroll,https://www.georgehay.com/page/payroll/,We are able to deliver a fully computerised payroll service,strong,-,-,Has a named Payroll Department.,accountancy-practice-payroll,medium
greenstones-limited,GreenStones Limited,greenstones.co.uk,GB,11-50,QUALIFIED,True,accountancy-practice-payroll,https://www.greenstones.co.uk/accountancy-services/,Our Services at a Glance - Accounts - Tax Planning and Advice - Bookkeeping - Payroll - One-Page Plans,strong,-,-,Two Payroll Managers with 20-30 years' payroll experience on the team page.,accountancy-practice-payroll,medium
hjpchartered,HJP Chartered Accountants,hjpchartered.com,GB,11-50,QUALIFIED,True,accountancy-practice-payroll,https://www.hjpchartered.com/outsourcing-payroll/,Outsourcing Payroll,strong,-,-,Publishes outsourced-payroll content and a payroll category; Berkhamsted practice.,accountancy-practice-payroll,medium
hph-chartered-accountants,HPH Chartered Accountants,hphonline.co.uk,GB,11-50,LIKELY,False,accountancy-practice-payroll,-,-,none,-,-,York/Harrogate practice; no evidence pages returned.,accountancy-practice-payroll,medium
horsfield-&-smith,Horsfield & Smith Chartered Accountants,horsfield-smith.co.uk,GB,11-50,QUALIFIED,True,accountancy-practice-payroll,https://www.horsfield-smith.co.uk/services/outsourcing/payroll/,"Payroll Ensure timely, accurate employee payments, fully compliant with the law.",strong,-,-,"Payroll sits inside a formal outsourcing service line, with auto-enrolment administration.",accountancy-practice-payroll,medium
igal,IGAL / International Group of Accountants and Lawyers,-,GB,11-50,DISQUALIFIED,False,,-,-,none,"Network head office: IGAL is an international association of independent accounting and law firms; payroll sits with member firms, not the network.",-,Also a membership body rather than a service provider.,accountancy-practice-payroll,medium
jbc-accountants-limited,JBC Accountants Limited,jbca.co,GB,11-50,QUALIFIED,True,accountancy-practice-payroll,https://jbca.co/our-services/,"Payroll, PAYE & CIS We provide a tailor-made service for your business including - Payroll services processed at a frequency to suit your business.",strong,-,-,Stockton-on-Tees practice; CIS handled alongside payroll.,accountancy-practice-payroll,medium
jr-accounts-chartered-certified-accountants,JR Accounts - Chartered Certified Accountants,jraccounts.co.uk,GB,11-50,LIKELY,False,accountancy-practice-payroll,-,-,none,-,-,No evidence pages returned; payroll not confirmed.,accountancy-practice-payroll,medium
khosla-&-co.,Khosla &,khoslaventures.com,GB,11-50,LIKELY,False,accountancy-practice-payroll,-,-,none,-,-,"Evidence pack was for Khosla Ventures (US VC) - wrong entity. Real firm is Khosla & Co, khoslaandco.com, Forest Gate; its site lists tax/audit/management accountancy, payroll not confirmed.",accountancy-practice-payroll,medium
langard-lifford-hall-limited,LANGARD LIFFORD HALL LIMITED,liffordhall.co.uk,GB,11-50,QUALIFIED,True,accountancy-practice-payroll,http://www.liffordhall.co.uk/service/payroll/,Our payroll service allows our clients to concentrate on their business,strong,-,-,Birmingham practice; payroll is a listed service.,accountancy-practice-payroll,medium
latest-consultancy-uk-limited,Latest Consultancy (Uk) Limited,latestconsultancy.com,GB,11-50,LIKELY,False,accountancy-practice-payroll,-,-,none,-,-,Only the homepage was retrieved; payroll not evidenced.,accountancy-practice-payroll,medium
lawrence-&-co,Lawrence & Co,lawacc.co.uk,GB,11-50,LIKELY,False,accountancy-practice-payroll,-,-,none,-,-,Only a payroll calculator resource and newsletter mention payroll - not proof of a payroll service line.,accountancy-practice-payroll,medium
mbmcgrady,M.B. McGrady & Co Chartered Accountants,mbmcgrady.co.uk,GB,11-50,QUALIFIED,True,accountancy-practice-payroll,https://www.mbmcgrady.co.uk/about/our-newtownards-team/,"My role within the Newtownards office includes the completion of client VAT returns, payroll submissions and secretarial work.",strong,-,-,"Northern Ireland practice, ~40 staff, three offices; named payroll team.",accountancy-practice-payroll,medium
mjh-accountants,MJH Accountants,mjhaccountants.co.uk,GB,11-50,QUALIFIED,True,accountancy-practice-payroll,http://www.mjhaccountants.co.uk/,"MJH Accountants will provide you with a tailored solution to take care of all your accountancy, audit, tax and payroll requirements",strong,-,-,Preston practice; payroll named as a client service.,accountancy-practice-payroll,medium
mw-&-co-llp,MW & Co,-,GB,11-50,LIKELY,False,accountancy-practice-payroll,-,-,none,-,-,Byfleet practice; no domain or evidence pages on record.,accountancy-practice-payroll,medium
mabe-allen-llp,Mabe Allen,mabeallen.co.uk,GB,11-50,QUALIFIED,True,accountancy-practice-payroll,https://mabeallen.co.uk/payroll-and-paye-returns/,Payroll Services Tailored To Your Needs,strong,-,-,Derby/Ripley/Ilkeston practice; also advises clients on payroll software choice.,accountancy-practice-payroll,medium
malde-&-co,Malde & Co,maldeco.com,GB,11-50,QUALIFIED,True,accountancy-practice-payroll,https://www.maldeco.com/factsheets/employment-and-related-matters/the-national-living-wage-and-the-national-minimum-wage,"If you are an employer we, at Malde & Co, can provide you with assistance or any additional information required. We also offer a payroll service.",strong,-,-,Harrow general practice across many sectors.,accountancy-practice-payroll,medium
maxwellsaccountants,Maxwells Chartered Accountants,maxwellsaccountants.co.uk,GB,11-50,LIKELY,False,accountancy-practice-payroll,-,-,none,-,-,No evidence pages returned; payroll not confirmed.,accountancy-practice-payroll,medium
morris-&-young,Morris & Young,morrisandyoung.co.uk,GB,11-50,QUALIFIED,True,accountancy-practice-payroll,https://morrisandyoung.co.uk/compliance/payroll/,Payroll,strong,-,-,"Dedicated payroll page under compliance services (Ayr, Scotland).",accountancy-practice-payroll,medium
murray-smith-chartered-accountants,Murray Smith Chartered Accountants,murraysmith.com,GB,11-50,QUALIFIED,True,accountancy-practice-payroll,https://murraysmith.com/sme/,"providing accounting, audit, tax and payroll services together with general support and advice",strong,-,-,North West firm with a Payroll Manager; publishes in-house vs outsourced payroll content.,accountancy-practice-payroll,medium
o'haras-chartered-accountants,O'Haras Chartered Accountants,oharas.co.uk,GB,11-50,QUALIFIED,True,accountancy-practice-payroll,https://www.linkedin.com/company/oharas-chartered-accountants,"offer various services including audit, tax, accounting, payroll and consultancy",weak,-,-,Own site only surfaced a payroll calculator; payroll claim comes from the LinkedIn About text.,accountancy-practice-payroll,medium
onyxaccountants,Onyx Accountants and Business Advisors,onyx.accountants,GB,11-50,QUALIFIED,True,accountancy-practice-payroll,https://onyx.accountants/onyx-plus/payroll_bureau_onyx_pay_dashboard/,Payroll Bureau - Onyx Pay Dashboard - innovative and secure,strong,-,-,Runs a branded payroll bureau (Onyx Pay) alongside the practice - strong bureau-scale fit.,accountancy-practice-payroll,medium
pebble,Pebble,mypebble.co.uk,GB,11-50,DISQUALIFIED,False,,-,-,none,"Competitor: software vendor - sells school/trust financial management and staff time systems (Tali) to education clients, not a payroll service.",-,"LinkedIn industry is Software Development; sells product, does not process payroll for clients.",accountancy-practice-payroll,medium
polka-dot-ltd,Polka Dot,-,GB,11-50,LIKELY,False,accountancy-practice-payroll,-,-,none,-,-,"Described as a financial outsourcing firm offering bookkeeping, payroll and VAT, but no domain or site evidence on record.",accountancy-practice-payroll,medium
practical-business-solutions-nw-limited,Practical Business Solutions,practical-business-solutions.co.uk,GB,11-50,LIKELY,False,accountancy-practice-payroll,-,-,none,-,-,No evidence pages returned; payroll not confirmed.,accountancy-practice-payroll,medium
ripefinancial,Ripe Chartered Accountants,ripefinancial.com,GB,11-50,QUALIFIED,True,accountancy-practice-payroll,https://www.ripefinancial.com/services/business/payroll/,Running payroll can be a labour intensive,strong,-,-,Payroll sits within a business outsourcing service line.,accountancy-practice-payroll,medium
rudra-consultancy-uk-pvt-ltd,Rudra Consultancy UK,rcplglobal.co.uk,GB,11-50,QUALIFIED,True,payroll-bureau,https://rudraconsultancyservices.com/,"Rudra Consultancy outsourced payroll services include receipt and analysis of payroll data, reporting payroll taxes, issuing payments and reports to employees",strong,-,-,"rcplglobal.co.uk 301s to rudraconsultancyservices.com. UK office Hemel Hempstead, delivery centres in India - confirm UK HQ before outreach.",accountancy-practice-payroll,medium
ryans-chartered-accountants,Ryans Chartered Accountants,ryans-uk.com,GB,11-50,QUALIFIED,True,accountancy-practice-payroll,https://www.ryans-uk.com/payroll/,Administering your payroll can be time consuming and burdensome,strong,-,-,Dedicated payroll page plus payroll content marketing.,accountancy-practice-payroll,medium
stanbridge-associates,Stanbridge Associates,stanbridgeaccountants.co.uk,GB,11-50,LIKELY,False,accountancy-practice-payroll,-,-,none,-,-,Specialist medical accountants; retrieved pages do not mention payroll.,accountancy-practice-payroll,medium
taxpoint-direct-limited,TAXPOINT DIRECT LIMITED,taxpointdirect.com,GB,51-200,LIKELY,False,accountancy-practice-payroll,-,-,none,-,-,51-200 staff London practice; no evidence pages returned.,accountancy-practice-payroll,medium
wearetch,The Counting House,wearetch.co.uk,GB,11-50,QUALIFIED,True,accountancy-practice-payroll,https://wearetch.co.uk/payroll-services-york/,"Payroll services for York businesses. The Counting House simplifies your payroll process, ensuring accuracy, compliance, and peace of mind",strong,-,-,-,accountancy-practice-payroll,medium
vertice-services,Vertice Services,verticeservices.com,GB,11-50,LIKELY,False,accountancy-practice-payroll,-,-,none,-,-,London accountancy/advisory firm; no site evidence pack returned.,accountancy-practice-payroll,medium
virgate,Virgate | Your Dynamic Accounts Team,virgate.co.uk,GB,11-50,QUALIFIED,True,accountancy-practice-payroll,https://www.linkedin.com/company/virgate,"Payroll delivered on time, every time",weak,-,-,LinkedIn About; outsourced finance function for SMEs.,accountancy-practice-payroll,medium
wiggin-osborne-fullerlove,Wiggin Osborne Fullerlove,woflaw.com,GB,11-50,DISQUALIFIED,False,,-,-,none,"Private client law firm (tax, trusts, probate) - does not process payroll for clients.",-,"Trust/company accounting only, no payroll service line found.",accountancy-practice-payroll,medium
a-p-robinson-and-co,A P Robinson,aprobinson.biz,GB,11-50,QUALIFIED,True,accountancy-practice-payroll,https://aprobinson.biz/service/payroll,Payroll Hub offers a fully managed service designed for businesses that would rather focus their valuable time and energy on making a profit,strong,-,acquisition - bought Blow Abbott Payroll Services in 2021,Dedicated payroll trading name Payroll Hub (payrollhub.co.uk).,accountancy-practice-payroll,medium
aj-associates---sri-lanka,AJ Associates - Sri Lanka,ajassociat.com,GB,11-50,DISQUALIFIED,False,,-,-,none,HQ outside UK/ROI - Sri Lankan chartered accountancy firm despite GB tag.,-,-,accountancy-practice-payroll,medium
apbs,APBS,apbs.ie,IE,11-50,QUALIFIED,True,accountancy-practice-payroll,https://www.linkedin.com/company/apbs,"their accounting, taxation, book-keeping and payroll needs are being well taken care of",weak,-,-,"ROI (Waterford), 17 staff.",accountancy-practice-payroll,medium
addingvalueconsultancy,Adding Value,adding-value.org,GB,11-50,LIKELY,False,accountancy-practice-payroll,-,-,none,-,-,Financial consultancy to values-led/charity sector; payroll service line unconfirmed.,accountancy-practice-payroll,medium
altitude-accounting-limited,Altitude Accounting Limited,increasealtitude.com,GB,11-50,LIKELY,False,accountancy-practice-payroll,-,-,none,-,-,Xero-certified practice; Xero partner is not disqualifying.,accountancy-practice-payroll,medium
astertrujillo,Aster & Trujillo,astertrujillo.com,GB,11-50,LIKELY,False,accountancy-practice-payroll,-,-,none,-,-,"Anglo-Spanish tax/legal/accountancy firm, UK presence.",accountancy-practice-payroll,medium
azamconsultancy,Azam Consultancy Limited,azamconsultancy.com,GB,11-50,LIKELY,False,accountancy-practice-payroll,-,-,none,-,-,-,accountancy-practice-payroll,medium
baxter-&-co,Baxter & Co (part of Affinia),baxter.co.uk,GB,11-50,QUALIFIED,True,accountancy-practice-payroll,https://www.linkedin.com/company/baxter-&-co,"the efficient preparation of annual accounts, tax returns and operation of payrolls",weak,-,part of Affinia group,Part of Affinia; still trades as Baxter & Co.,accountancy-practice-payroll,high
biznav-chartered-accountants,BizNav Chartered Accountants & Registered Auditors,biznavca.co.uk,GB,11-50,QUALIFIED,True,accountancy-practice-payroll,https://biznavca.co.uk/monthly-payroll/,MONTHLY PAYROLL SERVICES ... Running your own payroll can be time consuming and complicated ... there is an easier more cost effective solution,strong,-,-,-,accountancy-practice-payroll,medium
brownandco-chartered-accountants,Brown & Co,brownandco.uk,GB,11-50,QUALIFIED,True,accountancy-practice-payroll,https://brownandco.uk/payroll/,"Whether you employ a single staff member or an extensive workforce, we oversee the full payroll process, ensuring your team is paid correctly and punctually every time",strong,-,-,-,accountancy-practice-payroll,medium
ccm-carter-collins-&-myer,CCM | Carter Collins & Myer,uk-ccm.com,GB,11-50,LIKELY,False,accountancy-practice-payroll,-,-,none,-,-,Rochdale practice since 1957; no evidence pack returned.,accountancy-practice-payroll,medium
thisiscandor,Candor Chartered Accountants,candor.ie,IE,11-50,LIKELY,False,accountancy-practice-payroll,-,-,none,-,-,ROI (Galway) chartered accountants; payroll only referenced generically on site.,accountancy-practice-payroll,medium
carleys-accountants,Carleys,carley.co.uk,GB,11-50,QUALIFIED,True,accountancy-practice-payroll,https://www.linkedin.com/company/carleys-accountants,"We offer accountancy, audit, tax and payroll services",weak,-,-,"Medway, Kent; ICAEW firm.",accountancy-practice-payroll,high
carringtonaccountancy,Carrington Accountancy - City of London Accountants,carringtongroup.co.uk,GB,11-50,QUALIFIED,True,umbrella-contractor-payroll,http://www.carringtongroup.co.uk/,contact@carringtonaccountancy.co.uk ... contact@carringtonumbrella.co.uk,weak,-,-,Carrington Group runs Carrington Umbrella alongside the accountancy arm.,accountancy-practice-payroll,medium
charnwood-accountants,Charnwood Accountants & Business Advisors,charnwoodaccountants.co.uk,GB,11-50,LIKELY,False,accountancy-practice-payroll,-,-,none,-,-,-,accountancy-practice-payroll,medium
chipchase-manners-chartered-accountants-&-registered-auditors,Chipchase Manners Chartered Accountants & Tax Consultants,chipchasemanners.co.uk,GB,11-50,LIKELY,False,accountancy-practice-payroll,-,-,none,-,-,-,accountancy-practice-payroll,medium
chowdhary-&-co,Chowdhary & Co,-,GB,11-50,QUALIFIED,True,accountancy-practice-payroll,https://www.linkedin.com/company/chowdhary-&-co,"complete accountancy, audit, tax planning and business advisory services, including VAT, payroll, bookkeeping",weak,-,-,-,accountancy-practice-payroll,medium
cowan-&-partners-ca,Cowan & Partners Limited,cowanandpartners.co.uk,GB,11-50,LIKELY,False,accountancy-practice-payroll,-,-,none,-,-,-,accountancy-practice-payroll,medium
cox-costello-&-horne-limited,Cox Costello & Horne,coxcostello.co.uk,GB,11-50,LIKELY,False,accountancy-practice-payroll,-,-,none,-,-,-,accountancy-practice-payroll,medium
dsk-partners-llp,DSK Partners LLP,dskllp.com,GB,11-50,LIKELY,False,accountancy-practice-payroll,-,-,none,-,-,-,accountancy-practice-payroll,medium
deacy-gilligan-ltd,Deacy Gilligan Ltd. Chartered Accountants,dgl.ie,IE,11-50,LIKELY,False,accountancy-practice-payroll,-,-,none,-,-,ROI (Galway) practice formed by merger of Deacy & Associates and Grealy & Co.,accountancy-practice-payroll,high
donnellybentley-chartered-accountants,DonnellyBentley Chartered Accountants,donnellybentley.co.uk,GB,11-50,QUALIFIED,True,accountancy-practice-payroll,https://www.linkedin.com/company/donnellybentley-chartered-accountants,can provide clients with payroll bureau and a range of accounting software and cloud accounting solutions,weak,-,-,Explicit payroll bureau.,accountancy-practice-payroll,high
eacotts,Eacotts,eacotts.com,GB,11-50,LIKELY,False,accountancy-practice-payroll,-,-,none,-,-,-,accountancy-practice-payroll,high
freedman-frankl-taylor,FFT - Freedman Frankl & Taylor,fft.co.uk,GB,11-50,LIKELY,False,accountancy-practice-payroll,-,-,none,-,-,-,accountancy-practice-payroll,medium
fruitionaccountancy,Fruition Accountancy,fruitionaccountancy.co.uk,GB,11-50,LIKELY,False,accountancy-practice-payroll,-,-,none,-,-,-,accountancy-practice-payroll,medium
griffin-stone-moscrop,Griffin Stone Moscrop & Co,gsmaccountants.co.uk,GB,11-50,LIKELY,False,accountancy-practice-payroll,-,-,none,-,-,-,accountancy-practice-payroll,medium
mcguire-farry-ltd,HLB McGuire + Farry,hlbmcguirefarry.com,GB,11-50,LIKELY,False,accountancy-practice-payroll,-,-,none,-,-,Belfast (NI) chartered certified accountants.,accountancy-practice-payroll,medium
hsoc-financial-&-business-advisors,HSOC Chartered Accountants,hsoc.ie,IE,11-50,LIKELY,False,accountancy-practice-payroll,-,-,none,-,-,ROI practice.,accountancy-practice-payroll,medium
hayward-wright,Hayward Wright,haywardwright.co.uk,GB,11-50,QUALIFIED,True,accountancy-practice-payroll,https://www.linkedin.com/company/hayward-wright,"full range of accountancy services, including: Accounts, Tax services, VAT services, Payroll, Advisory",weak,-,-,-,accountancy-practice-payroll,medium
ipb-acountancy-services,IPB Acountancy Services,ipbaccountancy.co.uk,GB,11-50,LIKELY,False,accountancy-practice-payroll,-,-,none,-,-,Small bookkeeping/accountancy practice; thin public profile.,accountancy-practice-payroll,medium
inform-direct,Inform Direct,informdirect.co.uk,GB,11-50,DISQUALIFIED,False,,-,-,none,"Software vendor - company secretarial SaaS, does not process payroll for clients.",-,-,accountancy-practice-payroll,medium
jalore-limited,Jalore Limited,-,GB,11-50,LIKELY,False,accountancy-practice-payroll,-,-,none,-,-,-,accountancy-practice-payroll,medium
kothari,Kothari,-,GB,11-50,LIKELY,False,accountancy-practice-payroll,-,-,none,-,-,-,accountancy-practice-payroll,medium
leigh-carr,Leigh Carr,leighcarr.co.uk,GB,11-50,LIKELY,False,accountancy-practice-payroll,-,-,none,-,-,-,accountancy-practice-payroll,medium
madisons,Madisons,madisons.co.uk,GB,11-50,LIKELY,False,accountancy-practice-payroll,-,-,none,-,-,-,accountancy-practice-payroll,medium
meades-group,Meades Group,meadesgroup.com,GB,11-50,LIKELY,False,accountancy-practice-payroll,-,-,none,-,-,-,accountancy-practice-payroll,medium
myworkpapers,MyWorkpapers,myworkpapers.com,GB,11-50,DISQUALIFIED,False,,-,-,none,"Software vendor - cloud workpapers/audit software for accountants, not a payroll processor.",-,-,accountancy-practice-payroll,medium
nicholas-peters-&-co,Nicholas Peters & Co,nicholas-peters.com,GB,11-50,LIKELY,False,accountancy-practice-payroll,-,-,none,-,-,-,accountancy-practice-payroll,medium
pgr-chartered-accountants,PGR Chartered Accountants,pgraccountants.com,GB,11-50,LIKELY,False,accountancy-practice-payroll,-,-,none,-,-,Belfast practice; minimal public information.,accountancy-practice-payroll,medium
pells-chartered-accountants,Pells Chartered Accountants,pells.co.uk,GB,11-50,LIKELY,False,accountancy-practice-payroll,-,-,none,-,-,-,accountancy-practice-payroll,medium
peplows-chartered-accountants,"Peplows Accountants, Tax Advisers and Business Consultants",peplows.co.uk,GB,11-50,LIKELY,False,accountancy-practice-payroll,-,-,none,-,-,-,accountancy-practice-payroll,medium
playtertech,Playter,playter.co,GB,11-50,DISQUALIFIED,False,,-,-,none,"Fintech lender (SME business loans / working capital), does not run payroll for clients.",-,-,accountancy-practice-payroll,medium
purcell-mcquillan-tax-partners,Purcell McQuillan Tax Partners,pmqtax.com,IE,11-50,LIKELY,False,accountancy-practice-payroll,-,-,none,-,-,Dublin tax advisory firm only - payroll service line unconfirmed and may not exist.,accountancy-practice-payroll,medium
rawcliffe-and-co-chartered-accountants,Rawcliffe and Co Chartered Accountants,rawcliffeco.com,GB,11-50,LIKELY,False,accountancy-practice-payroll,-,-,none,-,-,-,accountancy-practice-payroll,medium
stanton-ralph-chartered-accountants,Stanton Ralph Chartered Accountants,stantonralph.co.uk,GB,11-50,LIKELY,False,accountancy-practice-payroll,-,-,none,-,-,-,accountancy-practice-payroll,medium
the-martlet-partnership-llp,The Martlet Partnership LLP,martletpartnership.com,GB,11-50,LIKELY,False,accountancy-practice-payroll,-,-,none,-,-,-,accountancy-practice-payroll,medium
tree-accountancy,Tree Accountancy,treeaccountancy.co.uk,GB,11-50,QUALIFIED,True,accountancy-practice-payroll,https://www.linkedin.com/company/tree-accountancy,"Our core services include: Accounts, Audit, Financial Planning, Growth & Tech Advisory, Outsourcing, Payroll, Tax",weak,-,-,-,accountancy-practice-payroll,medium
uniglo-financial-limited,Uniglo Financial Limited,uniglo-financial.com,GB,11-50,QUALIFIED,True,umbrella-contractor-payroll,https://www.linkedin.com/company/uniglo-financial-limited,Our services for contractors and temporary workers include: ... Payroll ... We handle all your payroll administration,weak,-,-,Contractor/temp worker payroll plus immigration services.,accountancy-practice-payroll,high
yourcashier,YourCashier,yourcashier.co.uk,GB,11-50,QUALIFIED,True,accountancy-practice-payroll,https://www.linkedin.com/company/yourcashier,"Not only do we help as your outsourced cashroom, but also with management accounts & reports, payroll services, credit control",weak,-,-,Outsourced legal cashiering/finance for law firms.,accountancy-practice-payroll,high
external-services,externalservices,externalservices.com,GB,11-50,LIKELY,False,accountancy-practice-payroll,-,-,none,-,-,Outsourced finance-function provider; payroll service line unconfirmed.,accountancy-practice-payroll,medium
abs-&-co-accountants-ltd,ABS & Co Accountants Ltd,absandco.co.uk,GB,11-50,LIKELY,False,accountancy-practice-payroll,-,-,none,-,-,-,accountancy-practice-payroll,medium
bingbong,BINGBONG,-,IE,11-50,DISQUALIFIED,False,,-,-,none,Not a payroll processor - fintech/e-learning platform for accountancy students and business owners (ROI).,-,-,accountancy-practice-payroll,medium
bsn-chartered-accountants,BSN Chartered Accountants,bsnassociates.com,GB,11-50,DISQUALIFIED,False,,-,-,none,"Acquired - BSN Associates merged into TC Group (now TC BSN), Jan 2026; domain serves TC Group content.",-,Parent: TC Group.,accountancy-practice-payroll,medium
banks-&-co,Banks & Co,banksco.co.uk,GB,11-50,LIKELY,False,accountancy-practice-payroll,-,-,none,-,-,"Newbury practice; only generic payroll factsheets on site, no service page found.",accountancy-practice-payroll,medium
bennett-whitehouse-chartered-accountants,Bennett Whitehouse Chartered Accountants,bennettwhitehouse.co.uk,GB,11-50,QUALIFIED,True,accountancy-practice-payroll,https://www.bennettwhitehouse.co.uk/,"We specialise in: audit and accounts, payroll services, service charge",weak,-,-,Affiliated with Xeinadin network but trades under own brand/site.,accountancy-practice-payroll,high
candosa,Candosa,candosa.com,GB,11-50,DISQUALIFIED,False,,-,-,none,HQ outside UK/ROI - Candosa is a Spanish/French online gestoria (autonomos and company formation).,-,-,accountancy-practice-payroll,medium
chalmers-hb-ltd,Chalmers HB Ltd,chalmershb.co.uk,GB,11-50,QUALIFIED,True,accountancy-practice-payroll,https://www.chalmershb.co.uk/services/services-for-business/payroll,"We can help to relieve the burden with our comprehensive payroll service, which includes: Customised payslips",strong,-,-,-,accountancy-practice-payroll,medium
cassireland,Chartered Accountants Student Society Ireland,-,IE,11-50,DISQUALIFIED,False,,-,-,none,"Professional body / student society (Chartered Accountants Ireland umbrella organisation), not a payroll provider.",-,-,accountancy-practice-payroll,medium
dnt-chartered-accountants,DNT Chartered Accountants,dntca.com,GB,11-50,QUALIFIED,True,accountancy-practice-payroll,https://www.dntca.com/services/payroll,Let us relieve you of the time consuming process of administering payroll ... Our comprehensive payroll service will alleviate you of this responsibility,strong,-,dedicated payroll manager in post,Belfast; has Payroll Manager and Assistant Payroll Manager.,accountancy-practice-payroll,medium
davenportsaccountancyuk,Davenports Accountancy,davenportsaccountancy.co.uk,GB,11-50,QUALIFIED,True,accountancy-practice-payroll,https://www.davenportsaccountancy.co.uk/payroll-services/,Managing payroll can be one of the most time-consuming and complex responsibilities for any business ... From calculating employee pay and tax deductions to meeting HMRC deadlines,strong,-,publishing payroll-outsourcing content Aug 2026,Xero/Dext cloud practice.,accountancy-practice-payroll,medium
designatedgroup,Designated PA,designatedpa.com,GB,11-50,LIKELY,False,accountancy-practice-payroll,-,-,none,-,-,Virtual PA + small business bookkeeping provider; no payroll service page found.,accountancy-practice-payroll,medium
devaney-&-durkin,Devaney & Durkin,devaneyanddurkin.ie,IE,11-50,QUALIFIED,True,accountancy-practice-payroll,https://www.devaneyanddurkin.ie/services/payroll/,We also provide an outsource solution for payroll and have the expertise that you can draw on to save your business time and money,strong,-,-,Dublin (ROI).,accountancy-practice-payroll,high
doshi-outsourcing,Doshi Outsourcing,doshioutsourcing.com,GB,11-50,QUALIFIED,True,payroll-bureau,https://www.doshioutsourcing.com/outsourced-payroll-services,Outsourced Payroll Services for UK Businesses & Accountants ... Whether you are a small business or an accountant,strong,-,-,UK (London) firm with offshore delivery centre in India; sells payroll processing to accountants.,accountancy-practice-payroll,medium
esw-chartered-accountants,ESW Chartered Accountants,esw.co.uk,GB,11-50,QUALIFIED,True,accountancy-practice-payroll,https://www.esw.co.uk/services/bookkeeping-and-payroll-services,"Bookkeeping and Payroll Services - A confidential, reliable and accurate service",strong,-,-,-,accountancy-practice-payroll,medium
eam-london-limited,Eam London,eam.co.uk,GB,11-50,LIKELY,False,accountancy-practice-payroll,-,-,none,-,advertising payroll vacancy (Payroll Officer/Manager),"Specialist media/creative-sector practice; payroll vacancy suggests an in-house payroll function, client payroll unconfirmed.",accountancy-practice-payroll,medium
evens-&-co-ltd,Evens & Co Ltd,evensco.com,GB,11-50,QUALIFIED,True,accountancy-practice-payroll,https://www.evensco.com/looking-after-your-business/payroll/payroll-bureau,We offer the ideal solution with our dedicated payroll bureau for small business,strong,-,-,Dedicated payroll bureau within the practice.,accountancy-practice-payroll,medium
fs-accountants,FS Accountants,fsaccountants.co.uk,GB,11-50,QUALIFIED,True,accountancy-practice-payroll,https://www.fsaccountants.co.uk/factsheets/employment-issues-tax/payroll-basic-procedures,"we, at FS Accountants Limited, can help you to set up and run your payroll or we can run your payroll for you",strong,-,-,"Site also states ""We also offer a payroll service.""",accountancy-practice-payroll,medium
fenton-simpson-financial-services,Fenton Simpson Financial Services,fentonsimpson.co.uk,GB,11-50,DISQUALIFIED,False,,-,-,none,"Mortgage broker / IFA (protection, mortgages, commercial funding). No payroll processing for clients; end-employer only.",-,Not an accountancy practice despite LinkedIn industry tag.,accountancy-practice-payroll,medium
finegan-gibson-ltd,Finegan Gibson,fgibson.co.uk,GB,11-50,QUALIFIED,True,accountancy-practice-payroll,https://www.fgibson.co.uk/services/payroll,"Finegan Gibson provides professional payroll services to businesses, charities and public sector organisations across Northern Ireland",strong,-,-,-,accountancy-practice-payroll,medium
fisher-phillips-chartered-accountants,Fisher Phillips Chartered Accountants,fisherphillips.co.uk,GB,11-50,QUALIFIED,True,accountancy-practice-payroll,https://fisherphillips.co.uk/resources/your-business/paye-nics-and-benefits/payroll-real-time-information,"we, at Fisher Phillips LLP, can help you to set up and run your payroll or we can run your payroll for you",strong,-,-,-,accountancy-practice-payroll,medium
forte-accountants,Forte Accountants,-,GB,11-50,LIKELY,False,accountancy-practice-payroll,-,-,none,-,-,"No evidence pack and site not researched; accountancy practice 11-50 staff, payroll assumed but unverified.",accountancy-practice-payroll,medium
glasscubes,Glasscubes,glasscubes.com,GB,11-50,DISQUALIFIED,False,,-,-,none,"Competitor/software vendor: Glasscubes sells an AI-powered client-portal and payroll-data-collection SaaS to accountancy firms, it does not process payroll for clients.",-,"Product pages read like service pages - checked, it is software.",accountancy-practice-payroll,medium
harland-accountants,Harland Accountants | B Corp,harlandaccountants.com,GB,11-50,QUALIFIED,True,accountancy-practice-payroll,https://www.harlandaccountants.com/payroll-services/,Let us handle your payroll so you can focus on growing your business,strong,-,-,Sage partner page present - partner status is not disqualifying.,accountancy-practice-payroll,medium
intax-ireland,INTAX,intax.ie,IE,11-50,QUALIFIED,True,accountancy-practice-payroll,https://intax.ie/,"Company Formation, Business Registration, VAT, Payroll, Annual Accounts, Corporate Services Locum Contractors, Payroll, Umbrella Company",strong,-,-,Irish practice; also runs an umbrella company for locum contractors.,accountancy-practice-payroll,medium
johnston-wood-roach,Johnston Wood Roach,jwraccountants.co.uk,GB,11-50,QUALIFIED,True,accountancy-practice-payroll,https://jwraccountants.co.uk/payroll/,Payroll - Monthly or weekly service - Payslips - Online filing - End of year returns - P11D returns - Construction Industry Scheme (CIS),strong,-,-,-,accountancy-practice-payroll,medium
kelsey-pipelines-ltd,Kelsey Pipelines,-,GB,11-50,LIKELY,False,accountancy-practice-payroll,-,-,none,-,-,"Record mismatch: LinkedIn tag kelsey-pipelines-ltd but website/description is Krogh & Partners Ltd, London chartered accountants. Verify identity before outreach.",accountancy-practice-payroll,medium
kirkwood-wilson-limited,Kirkwood Wilson Limited,kirkwoodwilson.co.uk,GB,11-50,QUALIFIED,True,accountancy-practice-payroll,https://kirkwoodwilson.co.uk/payroll/,Payroll Outsourcing With Kirkwood Wilson We take the pain out of processing your payroll,strong,-,-,-,accountancy-practice-payroll,medium
lbw-chartered-accountants,LBW Chartered Accountants,lbwaccountants.co.uk,GB,11-50,QUALIFIED,True,accountancy-practice-payroll,https://www.lbwaccountants.co.uk/accounting/payroll,LBW provide payroll services giving you peace of mind that you are being fully compliant with all of the latest payroll legislation,strong,-,-,"Xero Certified Advisors - partner status, not a competitor.",accountancy-practice-payroll,medium
leavitt-walmsley-associates-ltd-chartered-certified-accountants,LWA (Accountants & Business Advisors),lwaltd.com,GB,11-50,QUALIFIED,True,accountancy-practice-payroll,https://lwaltd.com/services/payroll-service-company-secretarial,We provide a national payroll service to businesses wishing to outsource the administrative and legal obligatory aspects of paying their employees,strong,-,-,Dedicated payroll team - close to bureau scale.,accountancy-practice-payroll,medium
levicks-chartered-accountants,Levicks Chartered Accountants & Business Advisers,levicksaccountants.co.uk,GB,11-50,QUALIFIED,True,accountancy-practice-payroll,https://www.levicksaccountants.co.uk/factsheets/employment-issues-tax/payroll-basic-procedures,"At Levicks, we can help you to set up and run your payroll or we can run your payroll for you",strong,-,-,-,accountancy-practice-payroll,medium
liberateaccountants,Liberate Accountants,liberateac.co.uk,GB,11-50,QUALIFIED,True,accountancy-practice-payroll,https://liberateac.co.uk/other-services,Payroll Services Accurate payroll processing and compliance management - PAYE Processing - Auto Enrolment - Statutory Payments - RTI,strong,-,-,-,accountancy-practice-payroll,medium
m-d-coxey-&-co-limited,M D Coxey & Co Limited,mdcoxey.com,GB,11-50,QUALIFIED,True,accountancy-practice-payroll,https://mdcoxey.com/services/business-essentials-payroll-vat-and-bookkeeping/,"Business Essentials - Payroll, VAT and Bookkeeping",strong,-,-,-,accountancy-practice-payroll,medium
main-course-associates-llp,Main Course Associates,mcainternational.net,GB,11-50,LIKELY,False,accountancy-practice-payroll,-,-,none,-,-,"Catering-sector finance/operations consultancy (UK, IT, ES, NL pages); no payroll evidence found. Verify it is not a network head office before outreach.",accountancy-practice-payroll,medium
malcolm-jones-&-co-llp,Malcolm Jones & Co LLP,malcolmjones.co.uk,GB,11-50,LIKELY,False,accountancy-practice-payroll,-,-,none,-,-,"Yorkshire practice; only payroll blog content found, no payroll service page in pack.",accountancy-practice-payroll,medium
marshall-co-chartered-accountants-and-registered-auditors,Marshall & Co Chartered Accountants | Registered Auditors | Estate Planning,marshallaccountancy.co.uk,GB,11-50,QUALIFIED,True,accountancy-practice-payroll,https://www.marshallaccountancy.co.uk/payroll,Payroll Services Payroll management is an increasingly arduous and time-consuming task for business owners of today,strong,-,-,-,accountancy-practice-payroll,medium
mcaleer-jackson-ltd,McAleer Jackson Chartered Accountants,mmjca.com,GB,11-50,QUALIFIED,True,accountancy-practice-payroll,https://www.mmjca.com/staff/anna-logan/,Anna joined McAleer Jackson in February 2023 and is responsible for VAT and Payroll,weak,-,-,Two staff bios name payroll as their remit; no dedicated service page in pack. NI/ROI practice.,accountancy-practice-payroll,medium
morgan-hemp-&-company,Morgan Hemp,morganhemp.co.uk,GB,11-50,QUALIFIED,True,accountancy-practice-payroll,https://www.morganhemp.co.uk/wages-payroll.asp,"The expert team at Morgan Hemp can take the strain, freeing up your administrative staff for other tasks",strong,-,-,Offers the attention to detail of an in-house payroll department.,accountancy-practice-payroll,medium
nd-audit-and-advisory,ND Audit and Advisory,ndauditandadvisory.ie,IE,11-50,QUALIFIED,True,accountancy-practice-payroll,https://ndauditandadvisory.ie/outsourced-and-accounting-solutions/,Our Outsourced & Accounting solutions include: - Payroll services - Book-keeping services - Management reporting,strong,-,-,Republic of Ireland.,accountancy-practice-payroll,medium
nelson-gilmour-smith,Nelson Gilmour Smith,nelsongilmoursmith.co.uk,GB,11-50,QUALIFIED,True,accountancy-practice-payroll,https://www.nelsongilmoursmith.co.uk/factsheets/employment-issues-tax/payroll-basic-procedures,"we, at Nelson Gilmour Smith, can help you to set up and run your payroll or we can run your payroll for you",strong,-,-,-,accountancy-practice-payroll,medium
new-horizons-services-ltd,New Horizons Services Ltd,newhsl.co.uk,GB,11-50,QUALIFIED,True,accountancy-practice-payroll,https://www.newhsl.co.uk/,"With our comprehensive payroll solutions, we ensure accuracy, compliance, and peace of mind for both employers and employees",strong,-,-,-,accountancy-practice-payroll,medium
the-ozark-co,Ozark &,theozarkco.com,GB,11-50,QUALIFIED,True,accountancy-practice-payroll,https://theozarkco.com/services,Invoice processing - Bank reconciliation - Payroll process - VAT returns,strong,-,-,Outsourced accounting provider serving firms in UK/US/AU/NZ; UK HQ per record.,accountancy-practice-payroll,medium
psf-accounting,PSF Accounting,psfaccounting.co.uk,GB,11-50,QUALIFIED,True,accountancy-practice-payroll,https://psfaccounting.co.uk/service/book-keeping/,Payroll services and submission of Real-Time-Information (RTI) as required by HMRC,strong,-,-,-,accountancy-practice-payroll,medium
paterson-boyd-&-co,Paterson Boyd & Co,patersonboyd.com,GB,11-50,LIKELY,False,accountancy-practice-payroll,-,-,none,-,-,Five-principal Fife practice; no payroll mention in the four pages retrieved.,accountancy-practice-payroll,medium
philipjmiltonandcompanyplc,Philip J Milton & Company Plc,miltonpj.net,GB,11-50,LIKELY,False,accountancy-practice-payroll,-,-,none,-,-,Primarily an IFA/wealth manager with a taxation & accountancy arm; no payroll evidence. Low priority.,accountancy-practice-payroll,medium
pinnick-lewis-chartered-certified-accountants,Pinnick Lewis Chartered Certified Accountants,pinnick.co.uk,GB,11-50,QUALIFIED,True,accountancy-practice-payroll,https://www.pinnick.co.uk/our-services/businesses/payroll,"Our comprehensive payroll services can help to ease the burden of payroll, saving time and helping you to control costs",strong,-,-,-,accountancy-practice-payroll,medium
rbp-chartered-accountants,RBP,rbp.co.uk,GB,11-50,QUALIFIED,True,accountancy-practice-payroll,https://www.rbp.co.uk/federation-advice,Operating the payroll for the employees of the federation,strong,-,-,Specialist medical accountants running payroll for GP federations/practices.,accountancy-practice-payroll,medium
rwb-chartered-accountants,RWB Chartered Accountants,rwbca.co.uk,GB,11-50,QUALIFIED,True,accountancy-practice-payroll,https://rwbca.co.uk/payroll-services,Our Outstanding Payroll services Payroll is one of your business’s most critical aspects,strong,-,-,-,accountancy-practice-payroll,medium
salhan-accountants,Salhan Accountants,salhanaccountants.co.uk,GB,11-50,QUALIFIED,True,accountancy-practice-payroll,https://salhanaccountants.co.uk/services/accountancy-and-tax-services/payroll/,"By using the payroll service at Salhan Accountants in Birmingham, you can be sure that your payroll will be prepared quickly, efficiently and accurately",strong,-,-,-,accountancy-practice-payroll,medium
sharman-fielding,Sharman Fielding,sharmanfielding.com,GB,11-50,QUALIFIED,True,accountancy-practice-payroll,https://sharmanfielding.com/payroll/,Payroll – Sharman Fielding ... simplifying finances for individuals and businesses,strong,-,-,Dedicated payroll service page on own domain.,accountancy-practice-payroll,medium
swentaglobal,Swenta,swenta.com,GB,11-50,LIKELY,False,accountancy-practice-payroll,-,-,none,-,-,Only the homepage was retrieved; global outsourcing accounting firm (swentaglobal.com). Payroll plausible but unverified.,accountancy-practice-payroll,medium
tl-first-group,TL First Consulting Group,tlfirst.com,GB,11-50,QUALIFIED,True,accountancy-practice-payroll,https://tlfirst.com/accountancy/services-grid-2/,"Payroll Management Our payroll ... designed to help you streamline your payroll procedures, reduce mistakes, and ensure compliance",strong,-,-,Describes itself as an international firm; UK HQ (London) per record.,accountancy-practice-payroll,medium
theataccounts,Theataccounts,theataccounts.co.uk,GB,11-50,QUALIFIED,True,accountancy-practice-payroll,https://www.theataccounts.co.uk/services/payroll,"If you have one, or one hundred employees, we can process all of",strong,-,-,-,accountancy-practice-payroll,medium
valuedgroup,Valued,yourvalued.co.uk,GB,11-50,LIKELY,False,accountancy-practice-payroll,-,-,none,-,-,Award-winning accountancy/mentoring practice; no payroll service page in pack (Xero page only).,accountancy-practice-payroll,medium
w-j-james-&-co-chartered-accountants,W J James & Co Chartered Accountants,wjjamesaccountants.co.uk,GB,11-50,QUALIFIED,True,accountancy-practice-payroll,https://www.wjjamesaccountants.co.uk/charities_not_for_profit/,Grant applications. - VAT issues. - Tax and Gift Aid. - Public benefit requirements. - Payroll.,weak,-,-,Payroll listed among services delivered to charity clients; no dedicated payroll page found.,accountancy-practice-payroll,medium
wallace-crooke-chartered-accountants,"Wallace Crooke, Chartered Accountants",wallacecrooke.co.uk,GB,11-50,QUALIFIED,True,accountancy-practice-payroll,https://www.wallacecrooke.co.uk/factsheets/employment-issues-tax/payroll-basic-procedures,"we, at Wallace Crooke, can help you to set up and run your payroll or we can run your payroll for you",strong,-,-,-,accountancy-practice-payroll,medium
webb-co,Webb & Co,webbco.co.uk,GB,11-50,QUALIFIED,True,accountancy-practice-payroll,https://www.webbco.co.uk/factsheets/employment-issues-tax/payroll-basic-procedures,"we, at Webb & Co Ltd, can help you to set up and run your payroll or we can run your payroll for you",strong,-,-,-,accountancy-practice-payroll,medium
wilkes-tranter-&-co-limited,Wilkes Tranter & Co Limited,wilkestranter.co.uk,GB,11-50,QUALIFIED,True,accountancy-practice-payroll,https://www.wilkestranter.co.uk/services/payroll-and-bookkeeping,"Payroll & Bookkeeping Kingswinford : Wilkes Tranter & Co, West Midlands",strong,-,-,-,accountancy-practice-payroll,medium
wilson-partners-lff,Wilson Partners (formerly Lindeyer Francis Ferguson),lffuk.com,GB,11-50,QUALIFIED,True,accountancy-practice-payroll,https://www.lffuk.com/our-team/kirsty-saunders/,Kirsty Saunders | Payroll Administrator | Our Team | Chartered Accountants Kent,weak,-,merger/change of ownership,LFF has joined forces with Wilson Partners; surviving brand is Wilson Partners - approach under that name.,accountancy-practice-payroll,medium
devonports-accountants,Xeinadin (previously Devonports LAS Accountants),devonports.co.uk,GB,11-50,DISQUALIFIED,False,,-,-,none,Acquired/absorbed into Xeinadin Group - devonports.co.uk now carries Xeinadin group content; payroll decisions sit with Xeinadin.,acquisition,Parent: Xeinadin Group.,accountancy-practice-payroll,medium
landmark-chartered-accountants,Xeinadin (previously Landmark Accountants),lmca.co.uk,GB,11-50,DISQUALIFIED,False,,-,-,none,Acquired/absorbed into Xeinadin Group - lmca.co.uk now carries Xeinadin group content; payroll decisions sit with Xeinadin.,acquisition,Parent: Xeinadin Group.,accountancy-practice-payroll,medium
strivexuk,striveX - Accountants,strivex.co.uk,GB,11-50,QUALIFIED,True,accountancy-practice-payroll,https://strivex.co.uk/services/payroll-cis-returns/,Reliable payroll accounting services and CIS return filing,strong,-,-,-,accountancy-practice-payroll,medium
any-accounting-and-bookkeeping-services-ltd,ANY Accounting and Bookkeeping Services Ltd,anyaccounting.co.uk,GB,11-50,QUALIFIED,True,accountancy-practice-payroll,https://www.anyaccounting.co.uk/services/payroll/,Payroll Services | Payroll & PAYE Made Easy | Any Accounting,strong,-,-,-,accountancy-practice-payroll,medium
accnet-solutions-pvt-ltd,AccNet Solutions Ltd,accnetsolutions.com,GB,11-50,LIKELY,False,accountancy-practice-payroll,-,-,none,-,-,Outsourced accounting/bookkeeping provider for UK entities; payroll mentioned only in blog content.,accountancy-practice-payroll,medium
accountancy-and-taxation,Accountancy and Taxation,-,GB,11-50,LIKELY,False,accountancy-practice-payroll,-,-,none,-,-,No evidence pack (site mbaccountingservices.co.uk not retrieved).,accountancy-practice-payroll,medium
accounts-geek-ltd,Accounts Geek,accountsgeek.co.uk,GB,11-50,QUALIFIED,True,accountancy-practice-payroll,https://accountsgeek.co.uk/get-started/,From company accounts and VAT returns to self assessment and payroll,weak,-,-,"QuickBooks-based practice; payroll named as a service line, no dedicated page.",accountancy-practice-payroll,medium
accounts-unlocked-llp,Accounts Unlocked,accountsunlocked.co.uk,GB,11-50,QUALIFIED,True,accountancy-practice-payroll,https://accountsunlocked.co.uk/,Services * Accounting Services * Bookkeeping & VAT * Xero * Tax Services * Payroll * Management Performance,weak,-,-,Payroll appears as a top-level service in site navigation; page text itself not captured.,accountancy-practice-payroll,medium
aga-accountants-limited,Aga Accountants Limited,-,GB,11-50,LIKELY,False,accountancy-practice-payroll,-,-,none,-,-,No evidence pack; small Ilford accountancy company.,accountancy-practice-payroll,medium
bmconnect,BM Connect Limited,bmconnect.co.uk,GB,11-50,QUALIFIED,True,accountancy-practice-payroll,https://bmconnect.co.uk/services/,Expert Accounting and Payroll Services BM Connect offers a connected suite of outsourced finance solutions,strong,-,-,-,accountancy-practice-payroll,high
beak-kemmenoe,Beak Kemmenoe,bkca.co.uk,GB,11-50,QUALIFIED,True,accountancy-practice-payroll,https://www.bkca.co.uk/,Management Information * Payroll * Personal Taxation * VAT,weak,-,-,Payroll is a listed service in site navigation; dedicated page not in pack.,accountancy-practice-payroll,medium
beehive-accountancy-services-limited,Beehive,beehiveaccounts.co.uk,GB,11-50,LIKELY,False,accountancy-practice-payroll,-,-,none,-,-,Provides outsourced finance & operations teams to charities - payroll plausible but no pages retrieved.,accountancy-practice-payroll,medium
brindleyscharteredaccountants,Brindleys Chartered Accountants,brindleys.co.uk,GB,11-50,QUALIFIED,True,accountancy-practice-payroll,https://www.brindleys.co.uk/what-we-do/compliance-services/,"Bookkeeping (including manual, computerised and online) - Training in bookkeeping - Payroll processing - Tax Returns",strong,-,-,-,accountancy-practice-payroll,medium
champion-contractors,CHAMPION CONTRACTORS,champion-contractors.co.uk,GB,11-50,QUALIFIED,True,umbrella-contractor-payroll,https://www.champion-contractors.co.uk/information-centre/useful-information-for-small-businesses/employment-issues-tax/payroll-basic-procedures,"we, at Champion, can help you to set up and run your payroll or we can run your payroll for you",strong,-,-,Champion accountancy group’s contractors division serves freelance contractors UK-wide; contractor payroll volume.,accountancy-practice-payroll,medium
capshire,CapShire,capshire.co.uk,GB,11-50,LIKELY,False,accountancy-practice-payroll,-,-,none,-,-,No pages retrieved; chartered accountants/auditors/tax advisers.,accountancy-practice-payroll,medium
chapman-robinson-&-moore-accountants,Chapman Robinson & Moore Accountants,crmoxford.co.uk,GB,11-50,QUALIFIED,True,accountancy-practice-payroll,https://crmoxford.co.uk/services/compliance/payroll-pensions-cis,"Our payroll services ensure your employees are paid accurately and on time, with full compliance with HMRC regulations",strong,-,-,"Payroll, Pensions & CIS service line.",accountancy-practice-payroll,medium
cj-associates-accounts-&-tax-limited,Cj Associates (Accounts & Tax) Limited,-,GB,11-50,QUALIFIED,True,accountancy-practice-payroll,https://www.linkedin.com/company/cj-associates-accounts-&-tax-limited,"offering affordable, flexible bookkeeping, payroll and year end accounting services to small companies and sole traders",weak,-,-,No site pages retrieved; payroll confirmed from LinkedIn About only.,accountancy-practice-payroll,medium
clinton-higgins,Clinton Higgins Chartered Accountants,clintonhiggins.ie,IE,11-50,QUALIFIED,True,accountancy-practice-payroll,https://clintonhiggins.ie/news/,At Clinton Higgins we believe that payroll is one of those business functions that only attracts attention,weak,-,-,ROI practice marketing outsourced payroll; no dedicated service page captured.,accountancy-practice-payroll,medium
compass-accountants,Compass Accountants,compassaccountants.co.uk,GB,11-50,QUALIFIED,True,accountancy-practice-payroll,https://www.compassaccountants.co.uk/services/payroll-and-bookkeeping,Running a payroll can be time consuming and complicated and divert resources from the core activities,strong,-,-,-,accountancy-practice-payroll,medium
copsey-murray,Copsey Murray Chartered Accountants,copseymurray.ie,IE,11-50,QUALIFIED,True,accountancy-practice-payroll,http://www.copseymurray.ie/services/other-services/,Copsey Murray Chartered Accountants provides a wide range of payroll services to its clients,strong,-,-,"ROI practice serving start-ups, SMEs and multinationals.",accountancy-practice-payroll,medium
crowthers-accountants-limited,Crowthers Chartered Accountants,crowthers.co.uk,GB,11-50,QUALIFIED,True,accountancy-practice-payroll,https://www.crowthers.co.uk/services/payroll-services/,Payroll Bureau ... We offer a full payroll service to take away the hassle and stress,strong,-,-,Runs a named payroll bureau inside the practice - strong fit.,accountancy-practice-payroll,high
david-m-breen-&-co,DMB Chartered Accountants,dmbca.ie,IE,11-50,LIKELY,False,accountancy-practice-payroll,-,-,none,-,-,"Waterford (ROI) practice, part of ETL Global; no payroll mention in pages retrieved.",accountancy-practice-payroll,medium
dwaaccountants,DWA Accountants,dwal.co.uk,GB,11-50,QUALIFIED,True,accountancy-practice-payroll,https://www.dwal.co.uk/services/services-for-businesses/payroll-and-paye-returns,"We can help to relieve the burden with our comprehensive payroll service, which includes: - Customised payslips - Administration of PAYE",strong,-,-,-,accountancy-practice-payroll,medium
davis-co-llp,Davis & Co LLP,davisllp.co.uk,GB,11-50,LIKELY,False,accountancy-practice-payroll,-,-,none,-,-,"Established 1901 chartered certified accountants; only payroll-themed blog posts found, no service page.",accountancy-practice-payroll,medium
dunhams-accountants-financial-planning,Dunhams Accountants & Financial Planning,dunhams.co.uk,GB,11-50,LIKELY,False,accountancy-practice-payroll,-,-,none,-,-,No evidence pack; Manchester chartered accountants & financial planning.,accountancy-practice-payroll,medium
fkgb-accounting,FKGB Accounting,fkgb.co.uk,GB,11-50,DISQUALIFIED,False,,-,-,none,"Geography: UK accountancy practice but based in Tel Aviv, Israel - HQ outside UK/ROI.",-,"Record shows hq_country GB; own description says ""based in Tel Aviv"".",accountancy-practice-payroll,medium
fiscal-engineers-limited,Fiscal Engineers,fiscalengineers.com,GB,11-50,DISQUALIFIED,False,,-,-,none,Boutique wealth management / financial planning firm; does not process payroll for clients.,-,"Financial Services, not an accountancy practice with a payroll line.",accountancy-practice-payroll,medium
flannagans,Flannagans,flannagans.co.uk,GB,11-50,QUALIFIED,True,accountancy-practice-payroll,https://www.linkedin.com/company/flannagans,"offering accounting, taxation, payroll, forensic and business support services",weak,-,-,No site pages retrieved; payroll confirmed from LinkedIn About only.,accountancy-practice-payroll,medium
flintham-mackenzie,Flintham Mackenzie,fmllp.net,GB,11-50,QUALIFIED,True,accountancy-practice-payroll,https://www.fmllp.net/business/payroll-services,"Reliable Payroll Services ... We handle every step, ensuring your team is paid accurately and on time, every time.",strong,-,-,450+ business clients; dedicated payroll services page.,accountancy-practice-payroll,medium
forbes-dawson,Forbes Dawson,forbesdawson.co.uk,GB,11-50,LIKELY,False,accountancy-practice-payroll,-,-,none,-,-,"Specialist tax advisory boutique (Manchester); no payroll page found on site, nothing contradicting a payroll line.",accountancy-practice-payroll,medium
fresh-financials-group-limited,Fresh Financials Group,freshfinancials.com,GB,11-50,QUALIFIED,True,accountancy-practice-payroll,https://www.linkedin.com/company/fresh-financials-group-limited,we handle everything from bookkeeping and payroll to credit control and integrated payment solutions,weak,-,-,"Xero Platinum / QuickBooks certified bookkeeping firm - partner status, not a competitor. Site has no dedicated payroll page.",accountancy-practice-payroll,medium
georgiou-and-prasanna-llp,Georgiou and Prasanna,gp-ca.com,GB,11-50,QUALIFIED,True,accountancy-practice-payroll,https://gp-ca.com/,Services Bookkeeping & Accounts Bookkeeping Payroll Corporate Tax VAT Services,strong,-,-,Payroll listed as a client service under Bookkeeping & Accounts. London + Larnaca offices; UK entity.,accountancy-practice-payroll,medium
gildernew-&-co.,Gildernew & Co.,gildernewandco.com,GB,11-50,QUALIFIED,True,accountancy-practice-payroll,https://www.gildernewandco.com/,"A few months ago, we outsourced our payroll to Gildernew & Co which has also been very successful",strong,-,-,Client testimonial confirms outsourced payroll processing. NI-based practice.,accountancy-practice-payroll,medium
guardian-management-accounting,Guardian Management Accounting,linktr.ee,IE,11-50,LIKELY,False,accountancy-practice-payroll,-,-,none,-,-,Evidence pack was for linktr.ee (unrelated third parties) - wrong domain. Real site guardianaccountants.ie (IE) not reachable to confirm payroll.,accountancy-practice-payroll,medium
ht-accountants,HT Accountants,thehtgroup.co.uk,GB,11-50,QUALIFIED,True,accountancy-practice-payroll,https://www.linkedin.com/company/ht-accountants,"A professional, efficient and cost-effective service for all your accountancy needs including audit, tax advice, book keeping and payroll.",weak,-,-,thehtgroup.co.uk did not resolve; payroll confirmed only from LinkedIn About.,accountancy-practice-payroll,medium
hallliveseybrown,Hall Livesey Brown,hallliveseybrown.co.uk,GB,11-50,QUALIFIED,True,accountancy-practice-payroll,https://hallliveseybrown.co.uk/services/outsourced-payroll/,"Hall Livesey Brown has a flexible, outsourced payroll solution for your business.",strong,-,-,Dedicated outsourced payroll service page.,accountancy-practice-payroll,medium
hanleys,Hanleys,hanleyandco.com,GB,11-50,LIKELY,False,accountancy-practice-payroll,-,-,none,-,-,Only the homepage was retrieved; no payroll page found. LinkedIn lists PAYE Healthcheck but not payroll processing.,accountancy-practice-payroll,medium
hewitt-card-chartered-certified-accountants,Hewitt Card Chartered Certified Accountants,hewitt-card.co.uk,GB,11-50,LIKELY,False,accountancy-practice-payroll,-,-,none,-,-,"Payroll appears only inside downloadable tax tables/budget PDFs, not as a service line. No payroll service page found.",accountancy-practice-payroll,medium
higginson-&-co-uk-ltd,Higginson & Co (UK) Ltd,higginsonandco.com,GB,11-50,QUALIFIED,True,accountancy-practice-payroll,https://www.higginsonandco.com/,Our accounting services include: Preparation of Annual Accounts ... Book-keeping Services VAT Services Payroll Services,weak,-,-,Payroll Services listed among accounting services; no dedicated payroll page.,accountancy-practice-payroll,high
johnston-kennedy-dfk-chartered-accountants-&-tax-advisors,Johnston Kennedy DFK Chartered Accountants & Tax Advisors,johnston-kennedy.com,GB,11-50,QUALIFIED,True,accountancy-practice-payroll,https://www.johnston-kennedy.com/specialist-sectors/,"help Charities, Not for Profit & Voluntary Organisations ... advising on taxation issues including VAT, Payroll & Gift Aid",strong,-,-,Team page lists a dedicated Payroll Manager (Lorraine McMullan). Belfast/NI practice.,accountancy-practice-payroll,medium
jones-&-partners,Jones & Partners,jonesandpartners.co.uk,GB,11-50,QUALIFIED,True,accountancy-practice-payroll,https://jonesandpartners.co.uk/,We're here for the client who wants us to handle tax returns or payroll or compliance so they have time to do what they love,strong,-,-,"Established 1948, Central London full-service practice.",accountancy-practice-payroll,medium
kbh-accountants-ltd,KBH Accountants Ltd,kbhaccountants.co.uk,GB,11-50,QUALIFIED,True,accountancy-practice-payroll,https://kbhaccountants.co.uk/service/payroll/,"Payroll Bureau - We can help you meet your legal requirements ... your business payroll can be maintained, including the production of payslips",strong,-,-,Explicitly branded 'Payroll Bureau' service line.,accountancy-practice-payroll,medium
aventuspartners,KNAV UK (formerly Aventus Partners),aventuspartners.co.uk,GB,11-50,LIKELY,False,accountancy-practice-payroll,-,-,none,-,-,Rebranded to KNAV Advisory (part of global KNAV network); no payroll service listed on the Aventus site. Not an acquisition by a separate listed firm.,accountancy-practice-payroll,medium
kilby-fox,Kilby Fox,kilbyfox.co.uk,GB,11-50,QUALIFIED,True,accountancy-practice-payroll,https://kilbyfox.co.uk/team_members/gerry-thompson/,"Gerry currently prepares payrolls for over 100 clients; these are a combination of weekly, fortnightly, monthly, quarterly and annually.",strong,-,-,100+ payroll clients run by a CIPP/AAT-qualified payroll manager. Strong bureau-scale signal.,accountancy-practice-payroll,high
lk-&-associates-limited,LKA Chartered Accountants,lkassociates.co.uk,GB,11-50,LIKELY,False,accountancy-practice-payroll,-,-,none,-,-,lkassociates.co.uk returns an empty/blocked response; could not confirm payroll.,accountancy-practice-payroll,medium
lewis-smith-&-co-,Lewis Smith &,lewissmith.com,GB,11-50,QUALIFIED,True,accountancy-practice-payroll,https://lewissmith.com/services/payroll-services/,Payroll Bureau - Even for small businesses preparing the payroll is a complex and time consuming activity ... To make things easier for our clients,strong,-,CIPP-qualified payroll staff,Two named payroll specialists incl. a fully qualified CIPP professional providing bureau services.,accountancy-practice-payroll,medium
mphaccountants,MPH Accountants & Business Advisors,mphaccountants.co.uk,GB,11-50,QUALIFIED,True,accountancy-practice-payroll,https://www.mphaccountants.co.uk/service/payroll/,Payroll has always been a time consuming and stressful task for businesses whether large or small.,strong,-,advertising payroll vacancies,Currently advertising a Bookkeeper & Payroll Processor role - live hiring signal.,accountancy-practice-payroll,medium
marsland-nash-associates-ltd,Marsland Nash Associates,marslandnash.com,GB,11-50,QUALIFIED,True,accountancy-practice-payroll,https://www.marslandnash.com/staff/joe-bostock,Joe joined Marsland Nash Associates in 2013 as a Payroll Administrator ... played an integral role in the considerable growth of the payroll department,strong,-,growing payroll department,"Runs a separately branded payroll operation (Marsland Nash Payroll, mnpay.co.uk) publishing its own payroll newsletter.",accountancy-practice-payroll,medium
mclay-mcalister-mcgibbon,"McLay, McAlister & McGibbon LLP",mmmca.co.uk,GB,11-50,QUALIFIED,True,accountancy-practice-payroll,https://www.mmmca.co.uk/payroll,"Our dedicated payroll department ensure our clients stay compliant with their obligations as an employer, providing accurate payroll processing",strong,-,-,Dedicated payroll department. Glasgow chartered accountants.,accountancy-practice-payroll,medium
mcmillan-&-co-llp,McMillan & Co LLP,mcmillanaccountants.com,GB,11-50,QUALIFIED,True,accountancy-practice-payroll,https://www.linkedin.com/company/mcmillan-&-co-llp,"specialise in providing accountancy, audit, tax, business advisory, corporate finance, company secretarial and payroll services",weak,-,-,Website services pages do not mention payroll; payroll confirmed only via LinkedIn About.,accountancy-practice-payroll,high
nexus-accounting,Nexus Chartered Accounts & Tax Advisors,nexusaccounting.ie,IE,11-50,QUALIFIED,True,accountancy-practice-payroll,https://nexusaccounting.ie/request-a-payroll-quote/,Request a Payroll Quote - Our team of experts would be happy to provide you with a quote.,strong,-,-,Dublin (IE) practice with a payroll quote request funnel.,accountancy-practice-payroll,medium
niall-byrne-company,Niall Byrne & Company,nbco.ie,IE,11-50,LIKELY,False,accountancy-practice-payroll,-,-,none,-,-,"nbco.ie did not resolve; Irish practice, could not confirm payroll.",accountancy-practice-payroll,medium
oldquarter,Old Quarter Chartered Accountants,oldquarter.ie,IE,11-50,QUALIFIED,True,accountancy-practice-payroll,https://oldquarter.ie/about-us/,"We deliver Audit, Accounting, Tax, Payroll, HR, Consulting and Advisory Solutions",strong,-,-,Irish chartered accountants listing payroll as a core delivered service.,accountancy-practice-payroll,medium
orcadia,Orcadia,orcadia-ca.co.uk,GB,11-50,QUALIFIED,True,accountancy-practice-payroll,https://orcadia-ca.co.uk/services/,"Payroll, PAYE, National Insurance ... If you feel that you'd like to focus on other things, we'll find a solution that works for you",strong,-,-,Orkney/Scotland practice; team page lists a Receptionist/Payroll role.,accountancy-practice-payroll,medium
parkerrusselluk,Parker Russell UK,parkerrussell.rs,GB,11-50,LIKELY,False,accountancy-practice-payroll,-,-,none,-,-,Recorded domain parkerrussell.rs is the SERBIAN member firm (Parker Russell d.o.o. Beograd) - wrong entity. Parker Russell UK's own site not verified.,accountancy-practice-payroll,medium
paul-beare-ltd,Paul Beare Ltd,paulbeare.com,GB,11-50,QUALIFIED,True,payroll-bureau,https://www.paulbeare.com/,"UK Banking & Payroll ... International Payroll & Payments, Payroll Services UK",strong,-,-,UK expansion/back-office provider running payroll for overseas companies setting up in the UK.,accountancy-practice-payroll,high
ramsayandwhite,Ramsay & White Group,ramsayandwhitewealth.com,GB,11-50,DISQUALIFIED,False,,-,-,none,Property finance brokerage and wealth management group - does not process payroll for client organisations; end employer only.,-,"ramsayandwhitewealth.com redirects to ramsayandwhite.com: 'Leaders in Property, Property Finance and Wealth Management'.",accountancy-practice-payroll,medium
royston-parkin,Royston Parkin Ltd,roystonparkin.co.uk,GB,11-50,QUALIFIED,True,accountancy-practice-payroll,https://roystonparkin.co.uk/services/bookkeeping-services/payroll-solutions/,Payroll Solutions - Royston Parkin,strong,-,-,Doncaster & Sheffield practice with two payroll service pages.,accountancy-practice-payroll,medium
skz-consulting-ltd,SKZ Chartered Certified Accountants,skzee.co.uk,GB,11-50,QUALIFIED,True,accountancy-practice-payroll,https://skzee.co.uk/,Bookkeeping Services ... Cloud Computing Payroll Bureau Taxation Financial Training,strong,-,-,Lists 'Payroll Bureau' among its service lines.,accountancy-practice-payroll,medium
shelbourne-accountants,Shelbourne Accountants,shelbourneaccountants.ie,IE,11-50,QUALIFIED,True,accountancy-practice-payroll,https://shelbourneaccountants.ie/payroll/,Accurate and Compliant Payroll Processing for Irish Businesses,strong,-,award finalist - payroll,"Irish Accountancy Awards finalist for Payroll, Tax & Online Practice of the Year.",accountancy-practice-payroll,medium
simpson-wood-financial-services-limited,Simpson Wood Financial Services,simpson-woodfs.co.uk,GB,11-50,LIKELY,False,accountancy-practice-payroll,-,-,none,-,-,Site unreachable. Appears to be the financial-services/IFA arm of Simpson Wood - payroll may sit with the accountancy practice instead. Verify before outreach.,accountancy-practice-payroll,medium
stephen-hill-partnership,Stephen Hill Partnership,shpaccountants.co.uk,GB,11-50,LIKELY,False,accountancy-practice-payroll,-,-,none,-,-,"Only generic resource pages (payroll calculator, payroll software links) found - no payroll service page.",accountancy-practice-payroll,medium
stuart-hall-&-co,Stuart Hall & Co,stuarthall.co.uk,GB,11-50,QUALIFIED,True,accountancy-practice-payroll,https://www.stuarthall.co.uk/payroll/,No matter how many employees you have we can provide a flexible and affordable payroll service.,strong,-,-,Client testimonial confirms 'Stuart Hall & Co have ran payroll' for them.,accountancy-practice-payroll,medium
tasc-accountants,TASC Accountants,tascaccountants.com,IE,11-50,QUALIFIED,True,accountancy-practice-payroll,https://tascaccountants.com/payroll-services/,Payroll Outsourcing - Reliable payroll services ensure accurate processing and timely employee payments for businesses across Ireland.,strong,-,-,Irish practice with a productised payroll outsourcing offer.,accountancy-practice-payroll,medium
tax-direct-limited,Tax Direct Limited,taxdirect.uk.com,GB,11-50,QUALIFIED,True,accountancy-practice-payroll,https://taxdirect.uk.com/payroll/,"Whatever the size of your company, processing Payroll ...",strong,-,-,"Compliance services page lists 'Bookkeeping, VAT Returns and Payroll Services'.",accountancy-practice-payroll,medium
thearkkalliance,The Arkk Alliance,thearkk.co.uk,GB,11-50,QUALIFIED,True,accountancy-practice-payroll,https://thearkk.co.uk/services/employer-services/payroll-auto-enrolment/,Payroll & Auto Enrolment - Whatever your size our payroll service is designed to help you,strong,-,-,Payroll sits inside a dedicated Employer Services division.,accountancy-practice-payroll,medium
the-boss-partnership,The Boss Partnership,thebosspartnership.co.uk,GB,11-50,QUALIFIED,True,accountancy-practice-payroll,https://www.thebosspartnership.co.uk/services/payroll-and-paye/,Payroll and PAYE,strong,-,-,"Client testimonial: 'Having Conrad complete the monthly payroll is great, freeing up time'.",accountancy-practice-payroll,medium
the-music-royalty-co,The Music Royalty Co,themusicroyaltyco.uk,GB,11-50,QUALIFIED,True,accountancy-practice-payroll,https://www.themusicroyaltyco.uk/accountancy/,"from administrative tasks to handling specialised needs like royalty cost recoupment, payroll, cash flows, and artist budgets",strong,-,-,"Niche finance/back-office bureau for record labels, publishers and distributors - runs client payroll.",accountancy-practice-payroll,medium
the-peloton,The Peloton - Chartered Accountants,thepeloton.co.uk,GB,11-50,QUALIFIED,True,accountancy-practice-payroll,https://thepeloton.co.uk/services/payroll-services/,Let us take the strain of your payroll requirements ... We know that payroll can be a real challenge for every size of business,strong,-,-,"Employee-owned, B Corp certified Cornwall practice.",accountancy-practice-payroll,medium
thompson-taraz-rand,Thompson Taraz Rand - Chartered Accountants,thompsontarazrand.co.uk,GB,11-50,DISQUALIFIED,False,,-,-,none,Merged into TC Group (announced March 2026); thompsontarazrand.co.uk now serves TC Group content. Acquirer: TC Group.,merger/acquisition,Payroll decision-making has moved to TC Group.,accountancy-practice-payroll,medium
thorntonspringer,Thornton Springer,thorntonspringer.co.uk,GB,11-50,QUALIFIED,True,accountancy-practice-payroll,https://www.thorntonspringer.co.uk/full-services/business/payroll/,Administering payroll is becoming increasingly burdensome for many businesses,strong,-,-,London (Crystal Palace) chartered accountants.,accountancy-practice-payroll,medium
torgersens,Torgersens,torgersens.com,GB,11-50,QUALIFIED,True,accountancy-practice-payroll,https://www.torgersens.com/what-we-do/business-advice/payroll-services/,Payroll services - As a business grows ...,strong,-,-,"North East England practice (Sunderland, Gosforth, Jarrow).",accountancy-practice-payroll,medium
torrwaterfield-ltd,TorrWaterfield Ltd,torrwaterfield.co.uk,GB,11-50,DISQUALIFIED,False,,-,-,none,Acquired by Duncan & Toplis in June 2025; torrwaterfield.co.uk now serves Duncan & Toplis content. Acquirer: Duncan & Toplis.,acquisition,Software decisions now sit with the Duncan & Toplis group.,accountancy-practice-payroll,medium
translucent-io,Translucent,translucent.io,GB,11-50,DISQUALIFIED,False,,-,-,none,Software vendor - sells a multi-entity consolidation/AI platform for accountants and finance teams; does not process payroll for clients.,-,"Adjacent fintech, not a bureau. Treat as ecosystem, not prospect.",accountancy-practice-payroll,medium
trevor-jones-co,Trevor Jones & Co,trevorjonesandco.com,GB,11-50,QUALIFIED,True,accountancy-practice-payroll,https://trevorjonesandco.com/services/payroll,Payroll & Auto Enrolment - Payroll is delivered via a portal,strong,-,-,Birmingham practice; payroll delivered through a client portal.,accountancy-practice-payroll,medium
uk200group,UK200Group,uk200group.co.uk,GB,11-50,DISQUALIFIED,False,,-,-,none,"Professional association / network head office (UK's leading network of chartered accountancy and law firms) - payroll is delivered by its independent member firms, not by UK200Group itself.",-,Better treated as a partnership/route-to-market than a prospect.,accountancy-practice-payroll,medium
vale-&-west,Vale & West,valewest.com,GB,11-50,QUALIFIED,True,accountancy-practice-payroll,https://www.valewest.com/about-vandw/our-people/carole,Carole is responsible for our busy payroll bureau. Carole looks after all aspects of payroll processing and administration for employers,strong,-,-,Named payroll bureau with an MCIPPdip supervisor plus a second payroll/bookkeeper. Reading-based.,accountancy-practice-payroll,medium
wallacewhiteaccountants,Wallace White Accountants,wallacewhite.com,GB,11-50,QUALIFIED,True,accountancy-practice-payroll,https://wallacewhite.com/,Payroll - Payroll Processing - Pension Provision Services,strong,-,-,Payroll Processing listed as a distinct service line.,accountancy-practice-payroll,medium
willsandtrustsuk,Wills & Trusts Partnership,willsandtrustspartnership.com,GB,11-50,LIKELY,False,accountancy-practice-payroll,-,-,none,-,-,"Site blocked (202, no content). Name suggests wills/trusts and estate planning rather than an accountancy practice - verify before outreach.",accountancy-practice-payroll,medium
wyatts,Wyatts,wyatts.biz,GB,11-50,LIKELY,False,accountancy-practice-payroll,-,-,none,-,-,wyatts.biz did not resolve; could not confirm payroll.,accountancy-practice-payroll,medium
inniaccounts,inniAccounts - IPSE Supplier Of The Year,inniaccounts.co.uk,GB,11-50,QUALIFIED,True,accountancy-practice-payroll,https://www.inniaccounts.co.uk/,Tax efficiency tools - Automated payroll and real-time dividend tools,strong,-,-,Award-winning online accountancy practice for contractors; runs payroll for client limited companies. Note in-house software - confirm they are not building their own payroll engine.,accountancy-practice-payroll,medium
a&c-chartered-accountants,A&C Chartered Accountants,ac-accounts.co.uk,GB,11-50,QUALIFIED,True,accountancy-practice-payroll,https://www.ac-accounts.co.uk/services/payroll/,Payroll Services Manchester - Are you struggling to manage your payroll?,strong,-,-,Dedicated payroll services page.,accountancy-practice-payroll,medium
a9-accountancy-limited,A9 Accountancy Limited,a9accountancy.co.uk,GB,11-50,QUALIFIED,True,accountancy-practice-payroll,https://www.a9accountancy.co.uk/,"Self-Assessment Tax Returns, Bookkeeping & VAT, Payroll Services, Business Start-Up Support",strong,-,-,Payroll Services listed as a headline client service.,accountancy-practice-payroll,medium
abmglobalcompliance,ABM Global Compliance,abmglobalcompliance.com,GB,11-50,LIKELY,False,accountancy-practice-payroll,-,-,none,-,-,"Regulatory/compliance advisory (UK + Cyprus, crypto/financial-services licensing). No payroll evidence found - weaker fit than a typical practice.",accountancy-practice-payroll,medium
avn-inspiring-accountants,AVN The Accountants' Network,avn.co.uk,GB,11-50,DISQUALIFIED,False,,-,-,none,Membership network / association for accountancy practices ('The Accountants' Network') - transforms practices into advisory businesses; it does not run payroll for clients.,-,Potential partnership channel to its member practices rather than a direct prospect.,accountancy-practice-payroll,medium
atkinsons-accountants,Atkinsons Accountants,atkinsonsca.co.uk,GB,11-50,QUALIFIED,True,accountancy-practice-payroll,https://www.atkinsonsca.co.uk/services/startups/,"We can help you with all your accounting needs: from tax returns, to payroll, bookkeeping and general advice",strong,-,-,Brighton & Hove / London / south east practice since 1962.,accountancy-practice-payroll,medium
beatons-group,Beatons Group,beatons.co.uk,GB,11-50,LIKELY,False,accountancy-practice-payroll,-,-,none,-,-,beatons.co.uk behind a Cloudflare challenge; could not confirm payroll.,accountancy-practice-payroll,medium
broadwing-accountancy-services-limited,Broadwing Accountancy Services Limited,broadwingaccountancy.co.uk,GB,11-50,QUALIFIED,True,accountancy-practice-payroll,https://broadwingaccountancy.co.uk/,"Outsourced Accounting, Payroll, Financial Statements and Corporation Tax, Company Secretarial",strong,-,-,Payroll is a top-level navigation service under outsourced accounting.,accountancy-practice-payroll,medium
butt-miller-limited,Butt Miller,buttmiller.co.uk,GB,11-50,LIKELY,False,accountancy-practice-payroll,-,-,none,-,-,buttmiller.co.uk returns an empty/blocked response; could not confirm payroll.,accountancy-practice-payroll,medium
cas-advisory-chartered-accountants,"CAS Advisory, Chartered Accountants",casaccountants.ie,IE,11-50,QUALIFIED,True,accountancy-practice-payroll,https://www.casaccountants.ie/,Services Outsourced Accounting Payroll Compliance Business Support Services,strong,-,-,Irish practice; payroll compliance is a listed service line.,accountancy-practice-payroll,medium
chapel-road-accounting-services-limited,CRASL,crasl.co.uk,GB,11-50,QUALIFIED,True,accountancy-practice-payroll,https://www.crasl.co.uk/employment-law-changes-2026-what-employers-need-to-know-now/,"for those clients whose payroll we manage ... We process your employees' pay, holiday, and sick pay on your behalf",strong,-,-,Explicit statement that they process client payroll. Suffolk practice.,accountancy-practice-payroll,medium
carr-jenkins-&-hood,Carr Jenkins Hood,carrjenkinshood.co.uk,GB,11-50,QUALIFIED,True,accountancy-practice-payroll,https://www.carrjenkinshood.co.uk/resources/payroll-health-check,Our payroll service includes the creation of custo[m] ...,strong,-,-,"Swansea practice, 40 years established; offers a payroll health check.",accountancy-practice-payroll,medium
cowgills-wigan,Cowgills - Wigan,nrb.co.uk,GB,11-50,DISQUALIFIED,False,,-,-,none,Not an independent firm - NRB (nrb.co.uk) has been absorbed into Cowgills; the domain now serves Cowgills content and this record is the Wigan office of Cowgills. Parent: Cowgills.,merger/acquisition,"Target Cowgills at group level instead, if not already on the list.",accountancy-practice-payroll,medium
daviestracey,Davies Tracey,daviestracey.co.uk,GB,11-50,QUALIFIED,True,accountancy-practice-payroll,https://www.daviestracey.co.uk/,Services Resources News Practice News Tax Tips and News Vacancies Your Business DT Payroll Client Area,strong,-,-,"Runs a separately branded payroll arm, 'DT Payroll'. Teesside practice.",accountancy-practice-payroll,medium
direnchandco,Dirench & Co,direnchandco.com,GB,11-50,QUALIFIED,True,accountancy-practice-payroll,https://direnchandco.com/,"Services Book-keeping & Accounting, Business Start-up Services, Corporate TAX Planning, Payroll, Personal TAX Planning",strong,-,-,Payroll is a listed client service line.,accountancy-practice-payroll,medium
dixcart-uk,Dixcart UK,dixcartuk.com,GB,11-50,LIKELY,False,accountancy-practice-payroll,-,-,none,-,-,dixcartuk.com 301s to dixcart.com/locations/united-kingdom which blocks automated access. Dixcart UK is a corporate-services firm likely offering client payroll - verify manually.,accountancy-practice-payroll,medium
erc-accountants-&-business-advisers-limited,Erc Accountants & Business Advisers Limited,ercacc.co.uk,GB,11-50,LIKELY,False,accountancy-practice-payroll,-,-,none,-,-,ercacc.co.uk did not resolve; could not confirm payroll.,accountancy-practice-payroll,medium
evolution-abs-ltd,Evolution ABS Limited,evolutionabs.co.uk,GB,11-50,LIKELY,False,accountancy-practice-payroll,-,-,none,-,-,Agricultural/rural accountancy practice (south west). Homepage nav shows no payroll line; no payroll page found.,accountancy-practice-payroll,medium
exchange-accountancy,Exchange Accountants,exchangeaccountants.com,GB,11-50,QUALIFIED,True,accountancy-practice-payroll,https://www.linkedin.com/company/exchange-accountancy,"offer our clients a fresh approach to their accounting, management reporting, bookkeeping, payroll and taxation requirements",weak,-,-,Xero silver partner (partner status is not disqualifying). No site page fetched.,accountancy-practice-payroll,medium
exovance-global,Exovance Global,-,IE,11-50,LIKELY,False,accountancy-practice-payroll,-,-,none,-,-,"IE outsourced finance-support/KPO for financial services firms (mortgage processing, accounting, paraplanning); no payroll service line seen.",accountancy-practice-payroll,medium
farries-kirk-&-mcvean,Farries Kirk & McVean,fkmcv.co.uk,GB,11-50,QUALIFIED,True,accountancy-practice-payroll,https://www.linkedin.com/company/farries-kirk-&-mcvean,"complete range of corporate and personal services including accounts, tax, audit, payroll, VAT, bookkeeping",weak,-,-,"Independent Scottish chartered accountants, founded 1966.",accountancy-practice-payroll,medium
finnies-accountants,Finnies Accountants,finnies.org.uk,GB,11-50,LIKELY,False,accountancy-practice-payroll,-,-,none,-,-,Established Beverley practice; payroll page not retrieved.,accountancy-practice-payroll,high
fletcher-&-partners,Fletcher & Partners,fletchpart.co.uk,GB,11-50,LIKELY,False,accountancy-practice-payroll,-,-,none,-,-,Salisbury chartered accountants; payroll page not retrieved.,accountancy-practice-payroll,medium
foremans-llp,Foremans,foremansllp.com,GB,11-50,LIKELY,False,accountancy-practice-payroll,-,-,none,-,-,Supports self-employed/sole trader/umbrella businesses - may run contractor payroll; site unreachable (503).,accountancy-practice-payroll,medium
freshwaters,Freshwaters,pgfreshwater.co.uk,GB,11-50,QUALIFIED,True,accountancy-practice-payroll,https://www.linkedin.com/company/freshwaters,"services including accounts preparation, audits, bookkeeping, tax, payroll, VAT, company formation",weak,-,-,Site page not fetched; LinkedIn About used.,accountancy-practice-payroll,medium
gudbooks,Gudbooks Limited,gudbooks.co.uk,GB,11-50,QUALIFIED,True,accountancy-practice-payroll,https://www.linkedin.com/company/gudbooks,"full and enthusing bouquet of Accounting, Bookkeeping, Taxation, and Payroll services to UK-wide businesses in the hospitality industry",weak,-,-,Hospitality-sector specialist practice.,accountancy-practice-payroll,high
hb-accountants,HB Accountants,hbaccountants.co.uk,GB,11-50,QUALIFIED,True,accountancy-practice-payroll,https://www.linkedin.com/company/hb-accountants,A comprehensive range of services ... Tax Planning and Compliance Payroll and VAT Business Con,weak,-,-,Hoddesdon chartered accountants.,accountancy-practice-payroll,medium
usehammock,Hammock,-,GB,11-50,DISQUALIFIED,False,,-,-,none,PropTech/FinTech software platform (current accounts and data analysis for landlords); does not process payroll for clients.,-,-,accountancy-practice-payroll,medium
heightenuk,Heighten Accountants,heightenaccountants.co.uk,GB,11-50,LIKELY,False,accountancy-practice-payroll,-,-,none,-,-,Reading-based practice; payroll page not retrieved.,accountancy-practice-payroll,medium
hill-osborne,Hill Osborne,hillosborne.com,GB,11-50,LIKELY,False,accountancy-practice-payroll,-,-,none,-,-,Poole chartered accountants; payroll page not retrieved.,accountancy-practice-payroll,medium
jonathan-vowles-chartered-accountants,JVCA - the friendly Chartered Accountants,vowles.co.uk,GB,11-50,QUALIFIED,True,accountancy-practice-payroll,https://www.linkedin.com/company/jonathan-vowles-chartered-accountants,"Yes we provide all the accounts, tax, pay[roll]",weak,-,-,JVCA; LinkedIn About truncated mid-word but payroll service line indicated.,accountancy-practice-payroll,medium
justaudit,Just Audit,justaudit.com,GB,11-50,LIKELY,False,accountancy-practice-payroll,-,-,none,-,-,Audit-only specialist working for other accountants and their clients - payroll unlikely; no contradicting hard rule.,accountancy-practice-payroll,medium
kfmco-limited,KFMCO Limited,-,GB,11-50,LIKELY,False,accountancy-practice-payroll,-,-,none,-,-,Scottish practice; payroll page not retrieved.,accountancy-practice-payroll,medium
kay-johnson-gee-corporate-recovery-limited,Kay Johnson Gee Corporate Recovery Limited,kjgcr.com,GB,11-50,DISQUALIFIED,False,,-,-,none,Acquired into Xeinadin (KJG / Xeinadin Corporate Recovery Limited); parent Xeinadin is already in the list.,-,-,accountancy-practice-payroll,medium
key-business-consultants-llp,Key Business Consultants LLP,keybusinessconsultants.co.uk,GB,11-50,LIKELY,False,accountancy-practice-payroll,-,-,none,-,-,London chartered accountants / SEIS-EIS specialists.,accountancy-practice-payroll,medium
leahy-o'riordan-chartered-accountants-limited,Leahy O'Riordan Chartered Accountants Limited,leahyoriordan.ie,IE,11-50,LIKELY,False,accountancy-practice-payroll,-,-,none,-,-,Dublin chartered accountants (ROI in scope); payroll page not retrieved.,accountancy-practice-payroll,medium
mmolimited,MMO Chartered Accountants,mmo-accountants.co.uk,GB,11-50,LIKELY,False,accountancy-practice-payroll,-,-,none,-,-,20+ staff independent chartered accountancy firm.,accountancy-practice-payroll,medium
mackay&co,Mackay & Co,mackayandco.net,GB,11-50,LIKELY,False,accountancy-practice-payroll,-,-,none,-,-,Scottish practice; payroll page not retrieved.,accountancy-practice-payroll,medium
mark-davies-&-associates-ltd,Mark Davies & Associates,mdaviesassociates.com,GB,11-50,DISQUALIFIED,False,,-,-,none,Tax-only boutique of Chartered Tax Advisers for non-doms - states 'Tax is all we do ... we are not in the business of cross selling'; does not run client payroll.,-,-,accountancy-practice-payroll,medium
maslins-ltd,Maslins: Chartered Tax Advisers,maslins.co.uk,GB,11-50,LIKELY,False,accountancy-practice-payroll,-,-,none,-,-,Contractor/freelancer limited-company accountants - likely runs director payrolls; page not retrieved.,accountancy-practice-payroll,medium
mcphersons-accountants-and-tax-advisors,McPhersons Accountants (Now Galloways Accounting),mcphersons.co.uk,GB,11-50,DISQUALIFIED,False,,-,-,none,Acquired into Galloways Accounting (trading as 'McPhersons Accountants (Now Galloways Accounting)').,-,-,accountancy-practice-payroll,medium
milne-o'dwyer,Milne O'Dwyer,milneodwyer.ie,IE,11-50,LIKELY,False,accountancy-practice-payroll,-,-,none,-,-,Irish CPA practice; payroll page not retrieved.,accountancy-practice-payroll,medium
mint-accounting,Mint Accounting,mintaccounting.co.uk,GB,11-50,QUALIFIED,True,accountancy-practice-payroll,https://www.linkedin.com/company/mint-accounting,"We provide a wide range of accountancy, taxation, VAT and payroll services to all size of businesses",weak,-,-,Xero-based practice.,accountancy-practice-payroll,high
moorgates,Moorgate Chartered Accountants,moorgates.co.uk,GB,11-50,QUALIFIED,True,accountancy-practice-payroll,https://www.linkedin.com/company/moorgates,We have the best payroll team in the South East and can take care of auto enrolment and workplace pensions,weak,-,-,Oxted/Bromley practice with a dedicated payroll team.,accountancy-practice-payroll,medium
moore-limerick,Namara,mooreonline.ie,IE,11-50,LIKELY,False,accountancy-practice-payroll,-,-,none,-,-,"Formerly Moore Limerick, rebranded Namara (IE); payroll page not retrieved.",accountancy-practice-payroll,medium
orm-accounting-services-ltd,ORM Accounting Services Ltd,orm-accounting-services.co.uk,GB,11-50,LIKELY,False,accountancy-practice-payroll,-,-,none,-,-,Regional accountancy firm; payroll page not retrieved.,accountancy-practice-payroll,medium
optimum-ps,Optimum Professional Services,optps.co.uk,GB,11-50,QUALIFIED,True,accountancy-practice-payroll,https://www.linkedin.com/company/optimum-ps,"our services include personal tax and business tax, business development, cloud accounting, regulatory, audit, bookkeeping and payroll",weak,-,-,Swindon accountancy + law practice.,accountancy-practice-payroll,medium
otax-limited,Otax Limited,-,GB,11-50,LIKELY,False,accountancy-practice-payroll,-,-,none,-,-,Established practice; payroll page not retrieved.,accountancy-practice-payroll,medium
p-co-llp,P&Co,pcollp.com,GB,11-50,LIKELY,False,accountancy-practice-payroll,-,-,none,-,-,London practice serving the oriental market; payroll page not retrieved.,accountancy-practice-payroll,medium
plm-&-co,PLM & Co,plmandco.co.uk,GB,11-50,QUALIFIED,True,accountancy-practice-payroll,https://www.linkedin.com/company/plm-&-co,Our services include ... payroll services and PAYE compliance,weak,-,-,North West chartered certified accountants.,accountancy-practice-payroll,high
pt-trustees,PT Trustees Ltd,pttrustees.com,GB,11-50,DISQUALIFIED,False,,-,-,none,Independent trust and escrow services provider (ATOL/travel trust accounts); no payroll service line on its own site.,-,-,accountancy-practice-payroll,medium
pw-productions-ltd,PW Productions,pwprods.co.uk,GB,11-50,LIKELY,False,accountancy-practice-payroll,-,-,none,-,-,"West End theatre producer that also acts as general manager/bookkeeper/accountant to 300+ productions; site 503, payroll not confirmed.",accountancy-practice-payroll,medium
peterson-james-co-ltd,Peterson James & Co Ltd,petersonjames.com,GB,11-50,LIKELY,False,accountancy-practice-payroll,-,-,none,-,-,Practice; payroll page not retrieved.,accountancy-practice-payroll,medium
rci-global,RCi Global,rciglobal.org,GB,11-50,QUALIFIED,True,accountancy-practice-payroll,https://rciglobal.org/services.php,"Income Tax, Corporation Tax, VAT, Payroll, CoP 9 Investigations, HMRC Enquiries, Statutory Accounts",strong,-,-,"ICAEW-regulated, Dunstable.",accountancy-practice-payroll,medium
rmy-clements,RMY Clements,rmyclements.co.uk,GB,11-50,QUALIFIED,True,accountancy-practice-payroll,https://www.rmyclements.co.uk/services/payroll,Running an in-house payroll team can be time consuming and complicated and divert resources from the core activities of your business,strong,-,-,Birmingham practice with dedicated payroll service page.,accountancy-practice-payroll,medium
the-bailey-group---property-tax-specialists,SKS Bailey Group,baileygroup.co.uk,GB,11-50,QUALIFIED,True,accountancy-practice-payroll,https://www.baileygroup.co.uk/services/accounting/payroll-auto-enrolment/,Full Managed Payroll & Pension Auto-Enrolment,strong,-,-,"Merged into SKS Business Services; 80+ staff over 9 offices - group, not a network head office.",accountancy-practice-payroll,medium
snk-associates-limited,SNK Associates,snkassociates.co.uk,GB,11-50,LIKELY,False,accountancy-practice-payroll,-,-,none,-,-,Cardiff practice; no payroll page in pack.,accountancy-practice-payroll,medium
shakoorandco,Shakoor & Co,shakoorandco.com,GB,11-50,QUALIFIED,True,accountancy-practice-payroll,https://shakoorandco.com/PayrollServices.aspx,"Payroll Services for Sole Traders, Companies, Partnerships & LLPs",strong,-,-,Wembley accountants.,accountancy-practice-payroll,medium
sherlocks,Sherlocks Chartered Accountants,sherlocksaccountants.co.uk,GB,11-50,LIKELY,False,accountancy-practice-payroll,-,-,none,-,-,Practice; payroll page not retrieved.,accountancy-practice-payroll,medium
shorthouse-&-martin-ltd,Shorthouse & Martin Ltd,shorthousemartin.co.uk,GB,11-50,QUALIFIED,True,accountancy-practice-payroll,https://www.shorthousemartin.co.uk/contact,Looking for help with your tax return or payroll? Or maybe you're interested in full accounting services?,weak,-,-,Basingstoke practice; payroll named as a client service but no dedicated page in pack.,accountancy-practice-payroll,medium
sloane-&-co,Sloane & Co,sloane.co.uk,GB,11-50,QUALIFIED,True,accountancy-practice-payroll,https://sloane.co.uk/services/,Payroll Services Efficient payroll management ensuring timely and accurate employee compensation,strong,-,-,-,accountancy-practice-payroll,medium
starbridgeuk,Starbridge,1stclassaccounts.co.uk,GB,11-50,QUALIFIED,True,accountancy-practice-payroll,https://starbridge.uk/our-services/,"Services include Self Assessment Tax Returns, Limited Company Accounts, Corporation Tax, VAT Returns, Payroll, Bookkeeping",weak,-,-,"Evidence pack was for the WRONG entity (1stclassaccounts.co.uk) - re-verified on starbridge.uk. ACCA-regulated, Xero Platinum Partner.",accountancy-practice-payroll,medium
summit-chartered-accountants,Summit Chartered Accountants,summitaccountants.co.uk,GB,11-50,LIKELY,False,accountancy-practice-payroll,-,-,none,-,-,Only the homepage was in the pack; no payroll page found.,accountancy-practice-payroll,medium
smith-goulding-limited,TC Smith & Goulding Limited,smithandgoulding.co.uk,GB,11-50,LIKELY,False,accountancy-practice-payroll,-,-,none,-,-,Only homepage/news in pack; no payroll page found.,accountancy-practice-payroll,medium
tax-innovations,Tax Innovations,taxinnovations.com,GB,11-50,QUALIFIED,True,accountancy-practice-payroll,https://www.taxinnovations.com/business/personnel-issues/,"Whether you are an established business operating a payroll, or a new business considering taking on your first employee, we can offer you with support",weak,-,-,Tax/accountancy firm; page is advisory rather than a dedicated bureau page.,accountancy-practice-payroll,medium
teamwork-online-accounting,Teamwork Online Accounting,-,IE,11-50,LIKELY,False,accountancy-practice-payroll,-,-,none,-,-,Irish online accounting practice; payroll page not retrieved.,accountancy-practice-payroll,medium
the-accountancy-practice,The Accountancy Practice Ltd,theaccountancypractice.com,GB,11-50,LIKELY,False,accountancy-practice-payroll,-,-,none,-,-,Payroll appears only in a blog post; services page lists no payroll line.,accountancy-practice-payroll,medium
the-barker-partnership,The Barker Partnership,barkerpartnership.co.uk,GB,11-50,QUALIFIED,True,accountancy-practice-payroll,https://www.barkerpartnership.co.uk/services/payroll-services,Payroll services North Yorkshire : The Barker Partnership,strong,-,-,-,accountancy-practice-payroll,medium
theinsolvencyco,The InSOLVEncy Company part of The Sumer Group,theinsolvencycompany.co.uk,GB,11-50,DISQUALIFIED,False,,-,-,none,Insolvency practice only (part of The Sumer Group); no payroll service line on its own site.,-,-,accountancy-practice-payroll,medium
walkers-chartered-accountants,Walkers Chartered Accountants,walkerco.co.uk,GB,11-50,LIKELY,False,accountancy-practice-payroll,-,-,none,-,-,Site carries payroll factsheets but no payroll service page was found in the pack.,accountancy-practice-payroll,medium
walter-wright,Walter Wright,walterwright.co.uk,GB,11-50,QUALIFIED,True,accountancy-practice-payroll,https://walterwright.co.uk/services/business-accounting/payroll,The task of payroll processing can often divert you from your core business activity,strong,-,-,-,accountancy-practice-payroll,medium
woodwhite-accountants-ltd,Xeinadin (previously Woodwhite Accountants Ltd),-,GB,11-50,QUALIFIED,True,accountancy-practice-payroll,https://www.xeinadin.com/services/payroll/,"Outsourcing your payroll tasks can provide you with the necessary expertise and technology to ensure accurate, timely, and compliant payroll processing",strong,-,-,Large UK/IE accountancy consolidator - also the acquirer of KJG in this shard.,accountancy-practice-payroll,medium
ydp-limited,YDP Limited,ydp.co.uk,GB,11-50,QUALIFIED,True,payroll-bureau,https://www.ydp.co.uk/payroll-management,"YDP operates a fully staffed payroll bureau, processing weekly payrolls for hundreds of clubs and hospitality businesses",strong,-,-,Explicit payroll bureau - strongest fit in this shard.,accountancy-practice-payroll,medium
your-ecommerce-accountant,Your eCommerce Accountant,yourecommerceaccountant.co.uk,GB,11-50,QUALIFIED,True,accountancy-practice-payroll,https://yourecommerceaccountant.co.uk/payroll/,Payroll | Your Ecommerce Accountant,strong,-,-,Ecommerce-specialist accountants with a payroll service page.,accountancy-practice-payroll,medium
a-psystems,A P Systems,a-p-systems.com,GB,11-50,DISQUALIFIED,False,,-,-,none,IT services house and Pegasus Opera 3 / Microsoft software reseller - sells business and payroll software rather than processing payroll for clients.,-,-,accountancy-practice-payroll,medium
a2z-accounting-solutions-limited,A2Z Accounting Solutions Limited,a2zaccounting.co.uk,GB,11-50,QUALIFIED,True,accountancy-practice-payroll,https://a2zaccounting.co.uk/services/payroll-services/,"Affordable Payroll Services Aberdeen - Effortless Payroll Management, Accuracy, Compliance, and Efficiency",strong,-,-,-,accountancy-practice-payroll,medium
aacsl-accts-uk,AACSL Accountants (Official LinkedIn Page),aacsl.co.uk,GB,11-50,QUALIFIED,True,accountancy-practice-payroll,http://aacsl.co.uk/business-services/,Payroll/PAYE We provide specialized,strong,-,-,-,accountancy-practice-payroll,medium
adam-global-network,ADAM Global Network,adamglobal.com,GB,11-50,DISQUALIFIED,False,,-,-,none,"International network head office (ADAM Global / AGN) of independent member firms - payroll sits with the member firms, not the network.",-,-,accountancy-practice-payroll,medium
ah&co,"AH & Co Limited, Chartered Accountants",ah-ltd.co.uk,GB,11-50,QUALIFIED,True,accountancy-practice-payroll,https://www.ah-ltd.co.uk/services,"Precision is at the core of everything we do, from financial accounting to payroll and VAT advice",strong,-,-,Edinburgh chartered accountants; homepage also cites 'bookkeeping and payroll processing'.,accountancy-practice-payroll,medium
aj-bookkeeping,AJ Bookkeeping,-,GB,11-50,LIKELY,False,accountancy-practice-payroll,-,-,none,-,-,Bookkeeping practice; payroll page not retrieved.,accountancy-practice-payroll,medium
amr-bookkeeping-solutions-limited,AMR Bookkeeping Solutions Limited,amrbookkeeping.co.uk,GB,11-50,QUALIFIED,True,accountancy-practice-payroll,https://amrbookkeeping.co.uk/our-services/payroll/,Payroll Services | Fully Managed Payroll | For UK and Global Businesses,strong,-,-,Bookkeeping firm with a fully managed payroll service.,accountancy-practice-payroll,medium
accounting-&-bookkeeping-services,Accounting & Bookkeeping Services,-,GB,11-50,LIKELY,False,accountancy-practice-payroll,-,-,none,-,-,Bookkeeping/accounts practice; payroll page not retrieved.,accountancy-practice-payroll,medium
accounting-people-ltd,Accounting People,accountingpeople.co.uk,GB,11-50,QUALIFIED,True,accountancy-practice-payroll,https://accountingpeople.co.uk/payroll/,Payroll Services for Small Businesses | London,strong,-,-,-,accountancy-practice-payroll,medium
accountsassist,Accounts Assist,accountsassist.ie,IE,11-50,QUALIFIED,True,accountancy-practice-payroll,https://www.accountsassist.ie/payroll/,Payroll - Accountsassist accounting solutions,strong,-,-,Republic of Ireland - in scope.,accountancy-practice-payroll,high
agnitio-accountants,Agnitio Chartered Accountants and Business Advisors,agnitioaccountants.co.uk,GB,11-50,LIKELY,False,accountancy-practice-payroll,-,-,none,-,-,No payroll page in pack (homepage/news/client-forms only).,accountancy-practice-payroll,medium
alliedconsultants,Allied Consultants,alliedconsulta.com,GB,11-50,DISQUALIFIED,False,,-,-,none,"HQ outside UK/ROI - Miami, Florida (back office in Pakistan); US-style '1099 contractor' payments.",-,-,accountancy-practice-payroll,medium
anglodutchltd,AngloDutch Ltd,anglodutch.co.uk,GB,11-50,QUALIFIED,True,accountancy-practice-payroll,https://www.anglodutch.co.uk/services,"We can process weekly, fortnightly and monthly for multiple staff. This includes producing and sending payslips to employees, confirming net payment figures and PAYE amounts due to HMRC",strong,-,-,Confirmed by direct fetch of the services page.,accountancy-practice-payroll,medium
beaumont-seymour-ltd,Beaumont Seymour Ltd,beaumont-seymour.co.uk,GB,11-50,QUALIFIED,True,accountancy-practice-payroll,https://www.beaumont-seymour.co.uk/services/services-for-business/payroll,"We know that, as a busy business owner, you require an experienced team of accountants who will help to effectively administer your payroll",strong,-,-,-,accountancy-practice-payroll,medium
beldenn-ltd,Beldenn Chartered Accountants,-,GB,11-50,LIKELY,False,accountancy-practice-payroll,-,-,none,-,-,Yorkshire practice; service list on LinkedIn omits payroll; site not in evidence pack.,accountancy-practice-payroll,medium
blackwell-bate,Blackwell Bate Chartered Accountants & Tax Advisers,blackwellbate.co.uk,GB,11-50,QUALIFIED,True,accountancy-practice-payroll,https://www.blackwellbate.co.uk/services/payroll/,We manage your payroll and workplace pensions from start to finish.,strong,-,-,Runs client payroll on BrightPay - competitor software incumbent.,accountancy-practice-payroll,medium
businessclan,Business Clan,businessclan.com,GB,11-50,LIKELY,False,accountancy-practice-payroll,-,-,none,-,-,"One-stop business services firm with in-house accountancy team; payroll blog only, no service page found.",accountancy-practice-payroll,medium
calculo-tax-audit-limited,CALCULO TAX AUDIT LIMITED  Chartered Accountants,cta.ltd,GB,11-50,QUALIFIED,True,accountancy-practice-payroll,https://cta.ltd/services/outsourced-accounting/,"Let our expert team handle your bookkeeping, payroll, and compliance tasks efficiently",strong,-,-,"Chartered accountants, Bucks/Oxon.",accountancy-practice-payroll,medium
cb-reid-limited,CB Reid,cbreid.co.uk,GB,11-50,QUALIFIED,True,accountancy-practice-payroll,https://cbreid.co.uk/all-services/payroll/,"At CB Reid, we operate a comprehensive payroll service",strong,-,-,"Trades as 'CB Reid, a Xeinadin Company' - check for duplication with Xeinadin group.",accountancy-practice-payroll,medium
care-accountancy-ltd,Care Accountancy Chartered Accountants,careaccountancy.co.uk,GB,11-50,QUALIFIED,True,accountancy-practice-payroll,https://careaccountancy.co.uk/payroll-services/,Care Accountancy offers the most efficient and best payroll services,strong,-,-,-,accountancy-practice-payroll,medium
chandlerandpartners,Chandler & Partners,chandlerandpartners.co.uk,GB,11-50,QUALIFIED,True,accountancy-practice-payroll,https://www.chandlerandpartners.co.uk/core-services/payroll-services,Outsource Your Payroll Services to our Local Accountants,strong,-,-,-,accountancy-practice-payroll,medium
christian-douglass-chartered-accountants,Christian Douglass Chartered Accountants,christiandouglass.com,GB,11-50,QUALIFIED,True,accountancy-practice-payroll,https://christiandouglass.com/outsourced-bookkeeping-and-payroll/,Outsourced Bookkeeping and Payroll,strong,-,-,Manchester and Carlisle offices.,accountancy-practice-payroll,medium
christiansons-ltd,Christiansons Limited,christiansons.org,GB,11-50,QUALIFIED,True,accountancy-practice-payroll,https://www.christiansons.org/factsheets/employment-issues-tax/payroll-real-time-information,"we, at Christiansons, can help you to set up and run your payroll or we can run your payroll for you",strong,-,-,-,accountancy-practice-payroll,medium
co-chartered-accountants,Co Chartered Accountants,-,GB,11-50,LIKELY,False,accountancy-practice-payroll,-,-,none,-,-,"Bradley & Co, Boroughbridge; no evidence pages returned.",accountancy-practice-payroll,medium
connexinacademy,Connexin Academy,encompass.training,GB,11-50,DISQUALIFIED,False,,-,-,none,"Apprenticeship training provider (RoATP), not a payroll service provider - delivers training programmes, does not process client payroll.",-,Encompass Training / Connexin Academy.,accountancy-practice-payroll,medium
corr-&-corr,Corr & Corr,corrca.com,GB,11-50,QUALIFIED,True,accountancy-practice-payroll,https://www.corrca.com/payroll/,More and more companies are handing over their payroll administration,strong,-,-,Northern Ireland; serves UK and RoI.,accountancy-practice-payroll,medium
credentia-business-processes,Credentia Business Processes,-,GB,11-50,LIKELY,False,accountancy-practice-payroll,-,-,none,-,-,Outsourced accounting/bookkeeping provider (Swindon + Chandigarh); payroll not explicitly confirmed.,accountancy-practice-payroll,medium
das-accounting-services-ltd,DAS Accounting Intl. (US and UK),dasaccounting.com,GB,11-50,QUALIFIED,True,accountancy-practice-payroll,https://dasaccounting.com/services/bookkeeping-and-payroll/,Streamline your bookkeeping and payroll processes with our cutting edge intelligence software,strong,-,-,Operates US and UK.,accountancy-practice-payroll,medium
dbs-corporate-accountants,DBS Corporate Accountants,dbscorporate.co.uk,GB,11-50,QUALIFIED,True,accountancy-practice-payroll,https://dbscorporate.co.uk/charities-and-cics/,"accountancy services for charities and Community Interest Companies ... including audits and accountancy, bookkeeping, payroll",strong,-,-,-,accountancy-practice-payroll,medium
dalypark,Daly Park Chartered Accountants,dalypark.com,GB,11-50,QUALIFIED,True,accountancy-practice-payroll,https://www.dalypark.com/our-team/Accountancy-Team/Aine-O&acuteHagan,appointed Payroll & VAT Manager for the practice with the key responsibility for the provision and management of these services to our ... clients,weak,-,-,Dedicated payroll manager serving clients; NI practice (Newry/Lurgan/Belfast).,accountancy-practice-payroll,high
dickson-middleton,Dickson Middleton,dicksonmiddleton.co.uk,GB,11-50,QUALIFIED,True,accountancy-practice-payroll,https://www.dicksonmiddleton.co.uk/our-services/payroll/,Business support services: Payroll,strong,-,-,Central Scotland practice since 1937.,accountancy-practice-payroll,medium
elan-&-co-llp,Elan & Co,elantax.com,GB,11-50,QUALIFIED,True,accountancy-practice-payroll,https://elantax.com/pricing/,Monthly payroll service (including year end submissions),strong,-,-,Payroll included in packaged client pricing tiers.,accountancy-practice-payroll,medium
elite-accountancy-uk-ltd,Elite Accountancy,elite-accountancy.com,GB,11-50,QUALIFIED,True,accountancy-practice-payroll,https://elite-accountancy.com/employee-cost-analysis.php,Payroll and PAYE Returns ... Monthly Payroll - Liaising with HMRC for PAYE Matters,strong,-,-,-,accountancy-practice-payroll,medium
evans-&-partners-chartered-accountants,Evans & Partners Chartered Accountants,evanspartners.co.uk,GB,11-50,QUALIFIED,True,accountancy-practice-payroll,https://www.evanspartners.co.uk/blog/category/payroll/,Payroll was not being done properly,weak,-,-,"Xero Platinum Partner, Bristol; payroll evidenced via blog/testimonial rather than a service page.",accountancy-practice-payroll,medium
facts-and-figures-scotland-limited,Facts & Figures,factsandfigures.co.uk,GB,11-50,QUALIFIED,True,accountancy-practice-payroll,https://factsandfigures.co.uk/payroll,"Our payroll service is fully managed, which means we take care of everything",strong,-,-,Edinburgh and Glasgow.,accountancy-practice-payroll,medium
finerva,Finerva (RouseFinerva),finerva.com,GB,11-50,QUALIFIED,True,accountancy-practice-payroll,https://finerva.com/services/payroll/,The RouseFinerva Finance Office - Bookkeeping - Payroll,strong,-,-,Merged/rebranded as RouseFinerva - ownership change signal.,accountancy-practice-payroll,medium
finling-associates-ltd,Finling Associates Limited,finling.co.uk,GB,11-50,QUALIFIED,True,accountancy-practice-payroll,https://www.finling.co.uk/case-studies,"adding more services as and when necessary, such as setting up and adding staff members to payroll",weak,-,-,Outsourced finance function for scale-ups; payroll evidenced in client case study only.,accountancy-practice-payroll,medium
harrisons-accountancy,Harrisons Accountancy,harrisonsaccountancy.co.uk,GB,11-50,QUALIFIED,True,accountancy-practice-payroll,https://harrisonsaccountancy.co.uk/accountancy-services/payroll-accountant/,A payroll bureau service that is ideal for all your small business payroll needs,strong,-,-,Self-describes as a payroll bureau.,accountancy-practice-payroll,high
hour-hands-ltd,Hour Hands,hourhands.co.uk,GB,11-50,QUALIFIED,True,accountancy-practice-payroll,https://hourhands.co.uk/bookkeeping-services/xero-payroll/,Payroll Taking on staff means the business is growing,strong,-,-,Bookkeeping/business support firm running client payroll on Xero.,accountancy-practice-payroll,medium
innovators-global-technology,Innovators Global Technology,innovatorsglobaltech.com,GB,11-50,QUALIFIED,True,accountancy-practice-payroll,https://innovatorsglobaltech.com/,"we specialize in Accounting & Finance, Audit & Taxation, Payroll, and IT Solutions",weak,-,-,"Accounting + IT outsourcing firm; site uses template filler text, treat with care.",accountancy-practice-payroll,high
jhgreenwood,J H Greenwood & Company,jhgreenwood.co.uk,GB,11-50,QUALIFIED,True,accountancy-practice-payroll,https://jhgreenwood.co.uk/payroll,We have a dedicated and qualified Payroll team,strong,-,-,Berwick upon Tweed.,accountancy-practice-payroll,medium
jad-associates-ltd,JAD Associates Ltd,jadaccountants.co.uk,GB,11-50,QUALIFIED,True,accountancy-practice-payroll,https://www.jadaccountants.co.uk/factsheets/employment-issues-tax/payroll-basic-procedures,"we, at JAD, can help you to set up and run your payroll or we can run your payroll for you",strong,-,-,-,accountancy-practice-payroll,medium
jackson-stapleton-accountants,Jackson Stapleton Accountants,jacksonstapleton.co.uk,GB,11-50,QUALIFIED,True,accountancy-practice-payroll,https://jacksonstapleton.co.uk/services/payroll-paye/,"Payroll & PAYE Services in Scunthorpe, Lincoln & Retford",strong,-,-,-,accountancy-practice-payroll,medium
jones-peters,Jones Peters,jonespeters.co.uk,GB,11-50,QUALIFIED,True,accountancy-practice-payroll,https://www.jonespeters.co.uk/services/services-for-business/payroll,We can help to relieve the payroll burden with our comprehensive payroll service,strong,-,-,Belfast/Banbridge; Nexia International member firm.,accountancy-practice-payroll,medium
k2accountancygroup,K2 Accountancy Group,k2accounting.co.uk,GB,11-50,QUALIFIED,True,accountancy-practice-payroll,https://k2accounting.co.uk/accounting-services/payroll/,"At K2, we understand that your payroll requirements are as unique as your business",strong,-,-,Nottingham.,accountancy-practice-payroll,medium
k3-tax-advisory,K3 Tax Advisory Limited,k3.tax,GB,11-50,LIKELY,False,accountancy-practice-payroll,-,-,none,-,-,"Specialist tax advisory (employer solutions, IR35) - advises on payroll/employment tax but no evidence it processes client payroll.",accountancy-practice-payroll,medium
kda-accountants,KDA Accountants,kdaaccountants.ie,IE,11-50,QUALIFIED,True,accountancy-practice-payroll,http://kdaaccountants.ie/service/outsourced-payroll-services,Outsourced - Payroll Services An external support service is ideal for small to medium sized enterprises,strong,-,-,Republic of Ireland - in scope.,accountancy-practice-payroll,medium
key-professional-partnership,KPP Chartered Accountants,kppca.co.uk,GB,11-50,QUALIFIED,True,accountancy-practice-payroll,https://www.kppca.co.uk/service/payroll/,KPP's payroll service is designed to improve your company's efficiency,strong,-,-,-,accountancy-practice-payroll,medium
keogh-accountancy-group,Keogh Accountancy Group,accountants-galway.com,IE,11-50,QUALIFIED,True,accountancy-practice-payroll,https://www.linkedin.com/company/keogh-accountancy-group,"Whether it is taking care of VAT returns, running payroll, through to starting",weak,-,-,RoI (Galway); evidence from LinkedIn About - no site pages returned.,accountancy-practice-payroll,medium
lawrence-and-company,Lawrence and Company,lawrenceandcompany.co.uk,GB,11-50,QUALIFIED,True,accountancy-practice-payroll,https://www.lawrenceandcompany.co.uk/services/support-services,Payroll Running a payroll can be time consuming and complicated and divert resources from the core activities,strong,-,-,Sawbridgeworth; many contractor/construction clients.,accountancy-practice-payroll,medium
mc-accountants-uk,MC Accountants UK,mcaccountantsuk.com,GB,11-50,LIKELY,False,accountancy-practice-payroll,-,-,none,-,-,No evidence pages returned; site not reached.,accountancy-practice-payroll,medium
mjb-avanti,MJB Avanti,mjb.co.uk,GB,11-50,QUALIFIED,True,accountancy-practice-payroll,https://mjb.co.uk/services/payroll/,"Leave Payroll To Us ... Weekly, monthly or annual payroll services available.",strong,-,-,"Practice established 1876, Ipswich.",accountancy-practice-payroll,medium
mahbub-and-co-accountants,Mahbub and Co Accountants,mahbubandcoaccountants.co.uk,GB,11-50,LIKELY,False,accountancy-practice-payroll,-,-,none,-,-,East London firm; pages fetched (static HTML site) show no payroll page.,accountancy-practice-payroll,medium
martin-and-company,Martin and Company,-,GB,11-50,LIKELY,False,accountancy-practice-payroll,-,-,none,-,-,Hampshire practice founded 1968; no evidence pages returned.,accountancy-practice-payroll,medium
matthews-sutton-&-co-limited,Matthews Sutton & Co Limited,matthews-sutton.co.uk,GB,11-50,LIKELY,False,accountancy-practice-payroll,-,-,none,-,-,Evidence pack is for a different/placeholder site (matthews-sutton.co.uk 'screens05') - recorded domain unverified; treat as unresearched.,accountancy-practice-payroll,medium
mayes-business-partnership-limited,Mayes Accountants,mayesaccountants.co.uk,GB,11-50,QUALIFIED,True,accountancy-practice-payroll,https://www.mayesaccountants.co.uk/payroll-page.html,What services can the Mayes Payroll Team provide for your business?,strong,-,-,Named payroll team.,accountancy-practice-payroll,medium
moneyweb-limited,Moneyweb,moneyweb-ifa.com,GB,11-50,DISQUALIFIED,False,,-,-,none,"Independent Financial Adviser (investments, retirement, group benefits/auto-enrolment advice) - does not process payroll for clients.",-,"Scarborough IFA, c.GBP250m AUA.",accountancy-practice-payroll,medium
mullen-stoker,Mullen Stoker,mullenstoker.co.uk,GB,11-50,QUALIFIED,True,accountancy-practice-payroll,https://mullenstoker.co.uk/homepage/,"Mullen Stoker provides accountancy services including tax returns, bookkeeping, payroll and auditing",strong,-,-,Has a named Payroll Manager; also an IT services arm.,accountancy-practice-payroll,medium
naylor-accountancy,Naylor Accountancy,nayloraccountancy.com,GB,11-50,LIKELY,False,accountancy-practice-payroll,-,-,none,-,-,Xero-based small business advisors; no evidence pages returned.,accountancy-practice-payroll,medium
newtons-accountants-limited,Newtons Accountants Limited,newtax.co.uk,GB,11-50,QUALIFIED,True,accountancy-practice-payroll,https://www.newtax.co.uk/services/services-for-business/payroll,At Newtons we can help to relieve the burden with our comprehensive payroll service,strong,-,-,Nottingham.,accountancy-practice-payroll,medium
o'boyle-&-co,O'Boyle & Co Chartered Accountants,oboyleandco.ie,IE,11-50,LIKELY,False,accountancy-practice-payroll,-,-,none,-,-,RoI practice; no evidence pages returned.,accountancy-practice-payroll,medium
pgm-chartered-accountants,PGM Chartered Accountants,pgmaccountants.com,GB,11-50,LIKELY,False,accountancy-practice-payroll,-,-,none,-,-,Serves Ireland and UK; no evidence pages returned.,accountancy-practice-payroll,medium
pwd-solutions,PWD Solutions,pwdsolutions.co.uk,GB,11-50,DISQUALIFIED,False,,-,-,none,"Management/change and accounting-IT-systems consultancy, not an accountancy practice or bureau; no evidence it processes payroll for clients.",-,Very small consultancy (single contact mobile number) - size also doubtful.,accountancy-practice-payroll,medium
price-pearson-limited,Price Pearson Limited,pricepearson.com,GB,11-50,LIKELY,False,accountancy-practice-payroll,-,-,none,-,-,"West Midlands chartered practice, 50+ years; no evidence pages returned.",accountancy-practice-payroll,medium
rnsbs,RNSBS,fbdsolutions.com,GB,11-50,LIKELY,False,accountancy-practice-payroll,-,-,none,-,-,Independent accountants and business advisors; no evidence pages returned.,accountancy-practice-payroll,medium
rmbs,Rmbs,-,GB,11-50,QUALIFIED,True,accountancy-practice-payroll,https://www.linkedin.com/company/rmbs,"RMBS in Stevenage provides Bookkeeping and Payroll Services for small companies, sole traders and self employed.",weak,-,-,Evidence from LinkedIn About - no site pages returned. Possibly under 11 staff; verify size.,accountancy-practice-payroll,high
sme-finance-partners-ltd,SME Finance Partners,smefp.co.uk,GB,11-50,LIKELY,False,accountancy-practice-payroll,-,-,none,-,-,Fractional FD and HR services firm; no payroll page found in pack.,accountancy-practice-payroll,medium
smh-jolliffe-cork,SMH Jolliffe Cork,jolliffecork.co.uk,GB,11-50,LIKELY,False,accountancy-practice-payroll,-,-,none,-,-,"SMH Jolliffe Cork (Sutton McGrath Hartley group), Wakefield; no evidence pages returned. Part of SMH group - check for duplicates.",accountancy-practice-payroll,medium
smethurst-&-co-llp,Smethurst & Co,smethurstllp.com,GB,11-50,LIKELY,False,accountancy-practice-payroll,-,-,none,-,-,Evidence pack is for an unrelated site (AngoraPay) on smethurstllp.com - recorded domain wrong; Grimsby practice not verified.,accountancy-practice-payroll,medium
stewart-stewart-ltd,Stewart & Stewart Ltd,stewartandstewart.co.uk,GB,11-50,LIKELY,False,accountancy-practice-payroll,-,-,none,-,-,Black Isle/Inverness practice; no evidence pages returned.,accountancy-practice-payroll,medium
stirk-lambert-co-chartered-accountants,Stirk Lambert & Co Chartered Accountants,stirklambert.co.uk,GB,11-50,QUALIFIED,True,accountancy-practice-payroll,https://stirklambert.co.uk/services/outsourcing-partners-for-success/,"Our payroll bureau is fully online and, as part of our service, we can provide ele",strong,-,-,Self-describes an online payroll bureau; 30+ staff including payroll specialists.,accountancy-practice-payroll,medium
studholme---bell-limited,Studholme - Bell Limited,studholme-bell.com,GB,11-50,QUALIFIED,True,accountancy-practice-payroll,https://studholme-bell.com/services/payroll/,we provide a ... payroll administration,strong,-,-,Payroll service page live 2026.,accountancy-practice-payroll,medium
farnell-clarke-limited,TC Farnell Clarke Limited,farnellclarke.co.uk,GB,11-50,LIKELY,False,accountancy-practice-payroll,-,-,none,-,-,TC Farnell Clarke - part of TC Group after acquisition; digital-first Norfolk practice. No evidence pages returned; check duplication with TC Group.,accountancy-practice-payroll,medium
target-accounting,Target Accounting,targetaccounting.co.uk,GB,11-50,LIKELY,False,accountancy-practice-payroll,-,-,none,-,-,No evidence pages returned.,accountancy-practice-payroll,medium
tayler-bradshaw-ltd,Tayler Bradshaw,tayler-bradshaw.co.uk,GB,11-50,QUALIFIED,True,accountancy-practice-payroll,https://www.tayler-bradshaw.co.uk/payroll,Payroll can be a stressful and time consuming aspect of running any business,strong,-,-,Saffron Walden.,accountancy-practice-payroll,medium
taylor-&-co,Taylor & Co,taylor-and-co.net,GB,11-50,LIKELY,False,accountancy-practice-payroll,-,-,none,-,-,"LinkedIn description appears to describe Thompson Taraz Rand, not Taylor & Co - identity uncertain; no evidence pages.",accountancy-practice-payroll,medium
the-orange-partnership,The Orange Partnership,theorangepartnership.co.uk,GB,11-50,LIKELY,False,accountancy-practice-payroll,-,-,none,-,-,Specialist cost-assurance/forensic accountancy for open-book construction contracts - unlikely to run client payroll; low priority.,accountancy-practice-payroll,medium
ulus-group,ULUS GROUP,ulus-group.co.uk,GB,11-50,LIKELY,False,accountancy-practice-payroll,-,-,none,-,-,Multi-disciplinary London group including an accountancy practice; no evidence pages returned.,accountancy-practice-payroll,medium
vantru,VANTRU,vantru.com,GB,11-50,QUALIFIED,True,accountancy-practice-payroll,https://vantru.com/what-we-do/tax-and-accounting/tax-compliance/,"assist our clients with local payroll, VAT, corporate and withholding tax compliance filing requirements",strong,-,-,Corporate services firm across IE/UK/EU; payroll delivered as client compliance service.,accountancy-practice-payroll,medium
vanbergen-consultancy-services-ltd,VCS Accountancy,vcsaccountancy.com,GB,11-50,QUALIFIED,True,accountancy-practice-payroll,https://vcsaccountancy.com/services/payroll/,We offer a tailored quote to suit your needs for all aspects of payroll and pension administration,strong,-,-,London and South East.,accountancy-practice-payroll,medium
vaghela-&-co.-services-limited,Vaghela & (Services) Limited,vaghelaservices.co.uk,GB,11-50,LIKELY,False,accountancy-practice-payroll,-,-,none,-,-,Birmingham chartered certified practice est. 2002; no evidence pages returned.,accountancy-practice-payroll,medium
wallsmancreative,WallsMan Creative,wwcreative.co.uk,GB,11-50,QUALIFIED,True,accountancy-practice-payroll,https://wwcreative.co.uk/,"Corporation tax, dividends, payroll and the full suite of creative-sector reliefs.",strong,-,-,Trades as WallsMan Creative / wwcreative.co.uk - creative-industries specialist.,accountancy-practice-payroll,medium
wells-associates,Wells Associates,wellsassociates.com,GB,11-50,QUALIFIED,True,accountancy-practice-payroll,https://www.wellsassociates.com/for-your-business/payroll/,"Payroll made easy If you have employees, you have to make sure they get paid the right amount on",strong,-,-,Tunbridge Wells.,accountancy-practice-payroll,medium
mgi-ryan,mgi Ryan Limited,hlbryan.ie,IE,11-50,LIKELY,False,accountancy-practice-payroll,-,-,none,-,-,"mgi Ryan / HLB Ryan, RoI practice founded 1933; no evidence pages returned.",accountancy-practice-payroll,medium
abacus-financial-services,Abacus Financial Services,-,GB,11-50,LIKELY,False,accountancy-practice-payroll,-,-,none,-,-,Recorded website is a .co.za (South African) domain - wrong entity; LinkedIn description cites outsourced bookkeeping and payroll.,accountancy-practice-payroll,high
accountaxzone,AccounTax Zone,accountaxzone.com,GB,11-50,QUALIFIED,True,payroll-bureau,https://accountaxzone.com/payroll-bureau-uk-for-growing-businesses/,Payroll Bureau UK | Reliable Payroll for Growing Businesses,strong,-,-,-,accountancy-practice-payroll,medium
accountants-247,Accountants247,accountants247.co.uk,GB,11-50,QUALIFIED,True,accountancy-practice-payroll,https://accountants247.co.uk/payroll/,Payroll by your dedicated Accountant at Accountants247,strong,-,-,-,accountancy-practice-payroll,medium
accounted-for-ltd,Accounted For Ltd,accountedforltd.co.uk,GB,11-50,QUALIFIED,True,accountancy-practice-payroll,https://accountedforltd.co.uk/payroll-services/,Payroll Services | Online Accounting | Accounted For Ltd,strong,-,-,-,accountancy-practice-payroll,medium
accounting-society-uog,Accounting Society,greenwichsu.co.uk,GB,11-50,DISQUALIFIED,False,,-,-,none,Not a firm - a student society page at the University of Greenwich Students' Union; no payroll services for clients.,-,-,accountancy-practice-payroll,medium
ace-accountants-&-tax-consultants-ltd,Ace Accountants & Tax Consultants,-,GB,11-50,LIKELY,False,accountancy-practice-payroll,-,-,none,-,-,"Accountancy practice, 11-50 staff; no payroll page found - payroll not confirmed.",accountancy-practice-payroll,medium
admin-plus-limited,Admin Plus Limited,-,GB,11-50,LIKELY,False,accountancy-practice-payroll,-,-,none,-,-,"Accountancy practice, 11-50 staff; no payroll page found - payroll not confirmed.",accountancy-practice-payroll,medium
amplifi-solutions,Amplifi,amplifi.solutions,GB,11-50,DISQUALIFIED,False,,-,-,none,R&D tax relief / grant / capital allowances specialist consultancy; service list contains no payroll offering.,-,-,accountancy-practice-payroll,medium
anova-chartered-accountants-uk,Anova Chartered Accountants,anovagroup.co.uk,GB,11-50,QUALIFIED,True,accountancy-practice-payroll,https://www.anovagroup.co.uk/services/payroll-accountant/,"Payroll Accountant Horsham, Brighton & Reigate - Anova",strong,-,-,-,accountancy-practice-payroll,medium
apc-accountants-limited,ApC Chartered Accountants,apc-accountants.co.uk,GB,11-50,QUALIFIED,True,accountancy-practice-payroll,https://www.apc-accountants.co.uk/services/support-services,Payroll. Running a payroll can be time consuming,strong,-,-,-,accountancy-practice-payroll,medium
apex-accountancy,Apex Accountancy,apex-acc.com,GB,11-50,QUALIFIED,True,accountancy-practice-payroll,https://apex-acc.com/business-service,"payroll, expense management, and more",weak,-,-,-,accountancy-practice-payroll,medium
avonglen-limited,Avonglen Limited,avonglen.com,GB,11-50,QUALIFIED,True,accountancy-practice-payroll,https://www.avonglen.com/what-we-do/,"From payroll, bookkeeping and management accounts through to forecasting, statutory accounts preparation and corporate and personal taxation are all part of the Avonglen service.",strong,-,-,-,accountancy-practice-payroll,medium
bay-accountants-ltd,BAY ACCOUNTANTS LTD,bay-accounting.co.uk,GB,11-50,QUALIFIED,True,accountancy-practice-payroll,https://www.bay-accounting.co.uk/factsheets/employment-and-related-matters/the-national-living-wage-and-the-national-minimum-wage,We also offer a payroll service.,strong,-,-,-,accountancy-practice-payroll,medium
br-accountants-ltd,BR Accountants,br-accountants.com.au,GB,11-50,LIKELY,False,accountancy-practice-payroll,-,-,none,-,-,"Accountancy practice, 11-50 staff; no payroll page found - payroll not confirmed.",accountancy-practice-payroll,medium
bala-ltd,Bala Ltd,balaltd.com,GB,11-50,LIKELY,False,accountancy-practice-payroll,-,-,none,-,-,"Services page lists start-up, audit, accounting, tax, consultancy, secretarial - no payroll named.",accountancy-practice-payroll,medium
bell-tindle-williamson-llp,Bell Tindle Williamson LLP,btw.uk.com,GB,11-50,LIKELY,False,accountancy-practice-payroll,-,-,none,-,-,"Accountancy practice, 11-50 staff; no payroll page found - payroll not confirmed.",accountancy-practice-payroll,medium
benison-solvers-limited,Benison Solvers Limited,benisonsolvers.co.uk,GB,11-50,QUALIFIED,True,accountancy-practice-payroll,https://www.benisonsolvers.co.uk/payroll,"Payroll | Bension Solvers | London, United Kingdom",strong,-,-,-,accountancy-practice-payroll,medium
berkshireaccountantslimited,Berkshire Accountants Limited,berkshireaccountants.com,GB,11-50,QUALIFIED,True,accountancy-practice-payroll,https://berkshireaccountants.com/services2/payroll-paye/,Payroll (PAYE) | Berkshire Accountants Ltd,strong,-,-,-,accountancy-practice-payroll,high
bluespireaccountants,Blue Spire Accountants & Financial Planners,thechichesteraccountants.com,GB,11-50,QUALIFIED,True,accountancy-practice-payroll,https://www.thechichesteraccountants.com/payroll-services/,Importance of Payroll Services for your Small Business,strong,-,-,-,accountancy-practice-payroll,medium
blythe-co,Blythe & Co - Chartered Accountants in Sutton,-,GB,11-50,LIKELY,False,accountancy-practice-payroll,-,-,none,-,-,"Accountancy practice, 11-50 staff; no payroll page found - payroll not confirmed.",accountancy-practice-payroll,medium
bradbury-stell,Bradbury Stell,bradburystell.co.uk,GB,11-50,QUALIFIED,True,accountancy-practice-payroll,https://www.bradburystell.co.uk/services/payroll/,Payroll | Bradbury Stell,strong,-,-,-,accountancy-practice-payroll,medium
bi-accountancy,Bright Ideas Accountancy,biaccountancy.com,GB,11-50,QUALIFIED,True,accountancy-practice-payroll,https://biaccountancy.com/our-services/accountants-for-small-to-medium-enterprise/,We can deal with all aspects of accounting on your behalf - from payroll to pensions.,strong,-,-,-,accountancy-practice-payroll,medium
brook-financial-management-limited,Brook Financial Management Limited,brook-financial.co.uk,GB,11-50,QUALIFIED,True,accountancy-practice-payroll,https://www.brook-financial.co.uk/services/payroll/,Specialist Payroll Team - Brook Financial - Auto Enrolment Experts,strong,-,-,-,accountancy-practice-payroll,medium
cfo-services-ireland,CFO Services Ireland,cfoservices.ie,IE,11-50,QUALIFIED,True,accountancy-practice-payroll,https://cfoservices.ie/services/bookkeeping-payroll/,Bookkeeping & Payroll Services Dublin | CFO Services for SMEs,strong,-,-,-,accountancy-practice-payroll,high
chk-partnership,CHK Partnership,chk.ie,IE,11-50,QUALIFIED,True,accountancy-practice-payroll,https://chk.ie/payroll-services/,Payroll Services Cork | Payroll Outsourcing Services | CHK,strong,-,-,-,accountancy-practice-payroll,high
cwfpartners-ltd,CWF & Partners,cwfpartners.co.uk,GB,11-50,QUALIFIED,True,accountancy-practice-payroll,https://cwfpartners.co.uk/services/payroll-services/,Payroll Services | CWF & Partners,strong,-,-,-,accountancy-practice-payroll,medium
calderco,Calder & Co,calders.net,GB,11-50,QUALIFIED,True,accountancy-practice-payroll,https://www.calders.net/business-services/,Bookkeeping services - Payroll bureau - Budget preparation and monitoring,strong,-,-,-,accountancy-practice-payroll,medium
capital-accountants-ltd,Capital Accountants,capitalaccountants.co.uk,GB,11-50,QUALIFIED,True,accountancy-practice-payroll,https://quote.capitalaccountants.co.uk/,Do you want us to manage your payroll?,weak,-,-,Payroll offered via onboarding quote form rather than a dedicated payroll page.,accountancy-practice-payroll,medium
capital-accounting-solutions,Capital Accounting Solutions,-,GB,11-50,LIKELY,False,accountancy-practice-payroll,-,-,none,-,-,"Accountancy practice, 11-50 staff; no payroll page found - payroll not confirmed.",accountancy-practice-payroll,medium
carpe-diem-business,Carpe Diem Business | Bookkeeping Services,amicovirtual.com,GB,11-50,LIKELY,False,accountancy-practice-payroll,-,-,none,-,-,"Accountancy practice, 11-50 staff; no payroll page found - payroll not confirmed.",accountancy-practice-payroll,high
carthyaccountants,Carthy Accountants Limited,carthyaccountants.co.uk,GB,11-50,QUALIFIED,True,accountancy-practice-payroll,https://carthyaccountants.co.uk/payroll-services/,Accountants and Business Growth in Stafford | Carthy Accountants - Payroll Services,strong,-,-,-,accountancy-practice-payroll,medium
registercompany-ie,Chern &,registercompany.ie,IE,11-50,QUALIFIED,True,payroll-bureau,https://registercompany.ie/why-you-should-outsource-your-payroll-management-in-ireland/,Why You Should Outsource Your Payroll Management in Ireland - by Chern & Co,strong,-,-,Chern & Co / registercompany.ie - Irish formation agent offering outsourced payroll to client companies.,accountancy-practice-payroll,medium
clement-rabjohns-limited,Clement Rabjohns,clemrab.com,GB,11-50,QUALIFIED,True,accountancy-practice-payroll,https://www.clemrab.com/services,Payroll Services,strong,-,-,-,accountancy-practice-payroll,high
crozier-jones,Crozier Jones,crozierjones.co.uk,GB,11-50,QUALIFIED,True,accountancy-practice-payroll,https://crozierjones.co.uk/how-we-can-help/business-support/payroll/,Payroll | How We Can Help | Crozier Jones,strong,-,-,-,accountancy-practice-payroll,high
cutter-&-co-limited,Cutter & Co Limited,cutterandco.co.uk,GB,11-50,QUALIFIED,True,accountancy-practice-payroll,https://www.cutterandco.co.uk/payroll-outsourcing-2/,Payroll outsourcing - Cutter & Co,strong,-,-,-,accountancy-practice-payroll,medium
demsa-accountants,Demsa Accountants,demsa.org.uk,GB,11-50,QUALIFIED,True,accountancy-practice-payroll,https://demsa.org.uk/accounts/payroll/,Payroll Services | DEMSA Accountants,strong,-,-,-,accountancy-practice-payroll,medium
easy-accountants-pvt-ltd,Easy Accountants Pvt Ltd,easyaccountants.com,GB,11-50,QUALIFIED,True,payroll-bureau,https://easyaccountants.com/,We can run the payroll for all your clients,strong,-,-,White-label outsourcing provider running payroll for other accountancy practices' clients.,accountancy-practice-payroll,medium
elite-tax-compliance-ltd,Elite Tax Compliance,elitetaxcompliance.co.uk,GB,11-50,QUALIFIED,True,accountancy-practice-payroll,https://www.elitetaxcompliance.co.uk/services,"We simplify payroll and CIS, ensuring your team is paid accurately and your business stays compliant.",strong,-,-,-,accountancy-practice-payroll,medium
elliot-woolfe-&-rose,Elliot Woolfe & Rose,-,GB,11-50,LIKELY,False,accountancy-practice-payroll,-,-,none,-,-,"Accountancy practice, 11-50 staff; no payroll page found - payroll not confirmed.",accountancy-practice-payroll,medium
elliotts-shah,Elliotts Shah,elliottsshah.co.uk,GB,11-50,LIKELY,False,accountancy-practice-payroll,-,-,none,-,-,"Accountancy practice, 11-50 staff; no payroll page found - payroll not confirmed.",accountancy-practice-payroll,medium
equate-ltd,Equate,-,GB,11-50,LIKELY,False,accountancy-practice-payroll,-,-,none,-,-,"Yorkshire accountancy firm; site reviewed, no payroll service named.",accountancy-practice-payroll,medium
exizent,Exizent,exizent.com,GB,11-50,DISQUALIFIED,False,,-,-,none,Software vendor - Exizent sells cloud estate-administration/probate software to law firms; runs payroll only for its own staff.,-,-,accountancy-practice-payroll,medium
fbtc-limited,FBTC Accountancy Services,fbtc.co.uk,GB,11-50,LIKELY,False,accountancy-practice-payroll,-,-,none,-,-,"Accountancy practice, 11-50 staff; no payroll page found - payroll not confirmed.",accountancy-practice-payroll,medium
fitzpatrick-&-kearney-limited,Fitzpatrick & Kearney Ltd,fitzpatrickandkearney.com,GB,11-50,LIKELY,False,accountancy-practice-payroll,-,-,none,-,-,"Accountancy practice, 11-50 staff; no payroll page found - payroll not confirmed.",accountancy-practice-payroll,medium
future-insight-consultancy-ltd,Future Insight Consultancy,futureinsight.co.uk,GB,11-50,LIKELY,False,accountancy-practice-payroll,-,-,none,-,-,"Accountancy practice, 11-50 staff; no payroll page found - payroll not confirmed.",accountancy-practice-payroll,medium
ghldllp,GHLD,ghld.uk.com,GB,11-50,LIKELY,False,accountancy-practice-payroll,-,-,none,-,-,"Accountancy practice, 11-50 staff; no payroll page found - payroll not confirmed.",accountancy-practice-payroll,medium
graham-martin-&-co,Graham Martin & Co,grahammartinandco.co.uk,GB,11-50,LIKELY,False,accountancy-practice-payroll,-,-,none,-,-,"Accountancy practice, 11-50 staff; no payroll page found - payroll not confirmed.",accountancy-practice-payroll,high
greenaway-chartered-accountants,Greenaway Chartered Accountants,greenaway.co.uk,GB,11-50,LIKELY,False,accountancy-practice-payroll,-,-,none,-,-,"Accountancy practice, 11-50 staff; no payroll page found - payroll not confirmed.",accountancy-practice-payroll,medium
growth-accountants,Growth Accountants,growth.accountants,GB,11-50,LIKELY,False,accountancy-practice-payroll,-,-,none,-,-,"Accountancy practice, 11-50 staff; no payroll page found - payroll not confirmed.",accountancy-practice-payroll,medium
hardy-&-company,Hardy & Company,hardyandco.co.uk,GB,11-50,LIKELY,False,accountancy-practice-payroll,-,-,none,-,-,"Accountancy practice, 11-50 staff; no payroll page found - payroll not confirmed.",accountancy-practice-payroll,medium
hayden-brown,"Hayden Brown, A Xeinadin Company",haydenbrown.ie,IE,11-50,DISQUALIFIED,False,,-,-,none,"Acquired into Xeinadin Group ('A Xeinadin Company'); payroll decisions sit with the acquirer, and no payroll service line shown.",-,-,accountancy-practice-payroll,medium
hilden-park-accountants-limited,Hilden Park Accountants Limited,hildenparkaccountants.co.uk,GB,11-50,LIKELY,False,accountancy-practice-payroll,-,-,none,-,-,"Accountancy practice, 11-50 staff; no payroll page found - payroll not confirmed.",accountancy-practice-payroll,medium
hodson-&-co,Hodson & Co,hodsonandco.co.uk,GB,11-50,LIKELY,False,accountancy-practice-payroll,-,-,none,-,-,"Accountancy practice, 11-50 staff; no payroll page found - payroll not confirmed.",accountancy-practice-payroll,medium
inquesta,Inquesta,inquesta.co.uk,GB,11-50,DISQUALIFIED,False,,-,-,none,Insolvency and business-recovery practice; 30+ service list contains no payroll offering.,-,-,accountancy-practice-payroll,medium
jpaccountancy,JP Accountancy,jpaccountancy.org,GB,11-50,LIKELY,False,accountancy-practice-payroll,-,-,none,-,-,"Accountancy practice, 11-50 staff; no payroll page found - payroll not confirmed.",accountancy-practice-payroll,medium
james-&-uzzell,James & Uzzell,jamesanduzzell.co.uk,GB,11-50,LIKELY,False,accountancy-practice-payroll,-,-,none,-,-,"Accountancy practice, 11-50 staff; no payroll page found - payroll not confirmed.",accountancy-practice-payroll,medium
james-wright-&-co,James Wright & Co,-,GB,11-50,LIKELY,False,accountancy-practice-payroll,-,-,none,-,-,"Accountancy practice, 11-50 staff; no payroll page found - payroll not confirmed.",accountancy-practice-payroll,medium
jervis-&-partners-limited,Jervis & Partners Limited,-,GB,11-50,LIKELY,False,accountancy-practice-payroll,-,-,none,-,-,"Accountancy practice, 11-50 staff; no payroll page found - payroll not confirmed.",accountancy-practice-payroll,medium
johnstone-howell,Johnstone Howell & Co.,johnstonehowell.co.uk,GB,11-50,LIKELY,False,accountancy-practice-payroll,-,-,none,-,-,"Accountancy practice, 11-50 staff; no payroll page found - payroll not confirmed.",accountancy-practice-payroll,medium
keshani-&-co,KESHANI & CO,keshani.com,GB,11-50,LIKELY,False,accountancy-practice-payroll,-,-,none,-,-,"Accountancy practice, 11-50 staff; no payroll page found - payroll not confirmed.",accountancy-practice-payroll,medium
keytax-accountants-ltd,Keytax Accountants,keytax.net,GB,11-50,LIKELY,False,accountancy-practice-payroll,-,-,none,-,-,"Accountancy practice, 11-50 staff; no payroll page found - payroll not confirmed.",accountancy-practice-payroll,medium
knight-and-company-accountants,Knight and Company Accountants,knightandcompany.co.uk,GB,11-50,LIKELY,False,accountancy-practice-payroll,-,-,none,-,-,"Accountancy practice, 11-50 staff; no payroll page found - payroll not confirmed.",accountancy-practice-payroll,medium
lindley-adams-limited,LINDLEY ADAMS LIMITED,lindley-adams.co.uk,GB,11-50,LIKELY,False,accountancy-practice-payroll,-,-,none,-,-,"Accountancy practice, 11-50 staff; no payroll page found - payroll not confirmed.",accountancy-practice-payroll,medium
lmdb-accountants,LMDB Accountants,lmdbaccountants.co.uk,GB,11-50,LIKELY,False,accountancy-practice-payroll,-,-,none,-,-,"Accountancy practice, 11-50 staff; no payroll page found - payroll not confirmed.",accountancy-practice-payroll,medium
laggan-&-associates-ltd,Laggan & Associates,laggan-uk.com,GB,11-50,LIKELY,False,accountancy-practice-payroll,-,-,none,-,-,"Accountancy practice, 11-50 staff; no payroll page found - payroll not confirmed.",accountancy-practice-payroll,medium
lees-chartered-accountants,Lees Chartered Accountants,leesca.com,GB,11-50,LIKELY,False,accountancy-practice-payroll,-,-,none,-,-,"Accountancy practice, 11-50 staff; no payroll page found - payroll not confirmed.",accountancy-practice-payroll,medium
leiper-&-summers,Leiper & Summers,leiperandsummers.co.uk,GB,11-50,LIKELY,False,accountancy-practice-payroll,-,-,none,-,-,"Accountancy practice, 11-50 staff; no payroll page found - payroll not confirmed.",accountancy-practice-payroll,medium
longworth-forensic-accounting-limited,Longworth Forensic Accounting Limited,longworthforensic.co.uk,GB,11-50,DISQUALIFIED,False,,-,-,none,"Forensic accounting / expert-witness practice only (disputes, matrimonial, crime, personal injury); no payroll service line.",-,-,accountancy-practice-payroll,medium
mk-tax-accounting,MK Tax & Accounting,-,GB,11-50,LIKELY,False,accountancy-practice-payroll,-,-,none,-,-,"Accountancy practice, 11-50 staff; no payroll page found - payroll not confirmed.",accountancy-practice-payroll,medium
frank-mcmahon-&-co,McMahon Auditors Accountants,mcmahonandco.ie,IE,11-50,LIKELY,False,accountancy-practice-payroll,-,-,none,-,-,"Accountancy practice, 11-50 staff; no payroll page found - payroll not confirmed.",accountancy-practice-payroll,medium
morgan-reach-chartered-certified-accountants-ltd,Morgan Reach Chartered Certified Accountants,morganreach.com,GB,11-50,LIKELY,False,accountancy-practice-payroll,-,-,none,-,-,"Site returns 202 to bots; no payroll page confirmed. Established Birmingham practice, payroll near-universal.",accountancy-practice-payroll,medium
myfirmsapp,MyFirmsApp,-,GB,11-50,DISQUALIFIED,False,,-,-,none,"Software vendor: sells MFA Engage, a white-label client app for accounting firms. Not a payroll processor.",-,"Competitor-adjacent software vendor, not a buyer.",accountancy-practice-payroll,medium
myna-uk,Myna,mynaaccountants.co,GB,11-50,LIKELY,False,accountancy-practice-payroll,-,-,none,-,-,Crypto/blockchain specialist accountants; only blog mention of payroll found.,accountancy-practice-payroll,medium
nephosuk,Nephos Group Limited,nephosgroup.co,GB,11-50,QUALIFIED,True,accountancy-practice-payroll,https://www.nephosgroup.com/,Outsourced Bookkeeping Statutory Accounts Payroll Services Personal Tax Planning Management Accounts VAT Return,strong,-,-,Payroll Services listed as a client service line.,accountancy-practice-payroll,medium
nippon-data-consulting,Nippon Data Consulting,nippondata.com,GB,11-50,QUALIFIED,True,payroll-bureau,https://nippondata.co.uk/,"...services to UK accounting practices and businesses, including bookkeeping, payroll, tax return, year-end Accounting ... Payroll Processing",strong,-,-,Outsourced back-office provider running payroll processing for UK/IE accountancy practices.,accountancy-practice-payroll,medium
orcomuk,ORCOM UK,civvals.co.uk,GB,11-50,LIKELY,False,accountancy-practice-payroll,-,-,none,-,-,Site 403s to bots. London practice (ORCOM/Civvals). Duplicate of record 'Orcom Uk' (civvals tag) in same shard.,accountancy-practice-payroll,medium
ookkee,Ookkee,ookkee.co.uk,GB,11-50,LIKELY,False,accountancy-practice-payroll,-,-,none,-,-,Cloud bookkeeping firm; no payroll page found on site.,accountancy-practice-payroll,medium
civvals,Orcom Uk,orcomcivvals.co.uk,GB,11-50,LIKELY,False,accountancy-practice-payroll,-,-,none,-,-,Duplicate LinkedIn record of ORCOM UK (orcomuk tag). Site 403s to bots.,accountancy-practice-payroll,medium
pkbaccountants,PKB Accountants,pkb.co.uk,GB,11-50,QUALIFIED,True,accountancy-practice-payroll,https://www.pkb.co.uk/,Annual Accounts Tax Planning Services Payroll Services Audit Services Bookkeeping VAT Returns,strong,-,-,"Chartered certified practice, Crowthorne/Camberley; payroll a listed service.",accountancy-practice-payroll,medium
penneys-accountancy,Penney's Accountancy Ltd,penneysaccountancy.co.uk,GB,11-50,QUALIFIED,True,accountancy-practice-payroll,http://penneysaccountancy.co.uk/,"Payroll & CIS ... Payroll, CIS & HMRC Compliance",strong,-,-,"Payroll and CIS offered to limited companies, small businesses and sole traders.",accountancy-practice-payroll,medium
petticoat-management-team-limited,Petticoat Management Team Limited,petticoatmanagement.co.uk,GB,11-50,QUALIFIED,True,payroll-bureau,https://petticoatmanagement.co.uk/,"A fully managed, outsourced payroll bureau with more than 21 years of specialist payroll experience and particular expertise in the hospitality sector.",strong,-,white-labels payroll for accountants and bookkeepers,BACS-approved bureau; explicitly invites accountants to outsource client payroll. Strong fit.,accountancy-practice-payroll,high
platt-rushton-llp-accountants,Platt Rushton LLP Accountants,plattrushton.co.uk,GB,11-50,DISQUALIFIED,False,,-,-,none,Acquired: plattrushton.co.uk now 301s to affinia.co.uk. Absorbed into Affinia.,-,Contact Affinia group instead.,accountancy-practice-payroll,medium
playworks-childcare-ltd,Playworks Childcare,playworks-childcare.co.uk,GB,11-50,QUALIFIED,True,payroll-bureau,https://www.linkedin.com/company/playworks-childcare-ltd,Playworks Childcare also offers Business Support Services including Accountancy & Payroll Services to other Clubs and Organisations across the country.,weak,-,-,Childcare NPO that also sells payroll to third-party clubs; website payroll page not reachable.,accountancy-practice-payroll,high
prodriveit,Pro Drive IT,prodriveit.co.uk,GB,11-50,DISQUALIFIED,False,,-,-,none,IT support and cyber security provider to legal/accountancy/financial firms. Does not process payroll.,-,-,accountancy-practice-payroll,medium
rdp-accountants,RDP Accountants,rdpaccountants.co.uk,GB,11-50,LIKELY,False,accountancy-practice-payroll,-,-,none,-,-,"Chartered certified firm, five offices in South East; no payroll page located.",accountancy-practice-payroll,medium
rai-associates-ltd,Rai Associates,rayassociates.com,GB,11-50,QUALIFIED,True,accountancy-practice-payroll,https://www.linkedin.com/company/rai-associates-ltd,"...accounting, taxation, forensic accounting, advisory, payroll, VAT and strategic business planning services.",weak,-,-,Website page for payroll not found; LinkedIn About lists payroll as a client service.,accountancy-practice-payroll,medium
rangewell,Rangewell,rangewell.com,GB,11-50,DISQUALIFIED,False,,-,-,none,Business finance marketplace/broker. Not a payroll processor.,-,-,accountancy-practice-payroll,medium
rehncy-shaheen,Rehncy Shaheen,rehncyshaheen.com,GB,11-50,LIKELY,False,accountancy-practice-payroll,-,-,none,-,-,West London chartered accountants; no payroll page found on site.,accountancy-practice-payroll,medium
rizwa-training,Rizwa Training,rizwatraining.com,GB,11-50,DISQUALIFIED,False,,-,-,none,Training provider teaching bookkeeping/payroll courses; does not run payroll for clients.,-,-,accountancy-practice-payroll,high
rotherham-taylor-chartered-accountants-&-registered-auditors,Rotherham Taylor Chartered Accountants & Registered Auditors,rtaccountants.co.uk,GB,11-50,QUALIFIED,True,accountancy-practice-payroll,http://www.rtaccountants.co.uk/,Payroll ... Supporting you with payroll,strong,-,-,"Chartered accountants, Preston and London.",accountancy-practice-payroll,medium
sjc-bookkeeping,SJC Finance Team,sjc-bookkeeping.com,GB,11-50,LIKELY,False,accountancy-practice-payroll,-,-,none,-,-,Outsourced finance-function provider; site unreachable at time of check.,accountancy-practice-payroll,medium
smh-sheards,SMH Sheards Accountants,sheards.co.uk,GB,11-50,QUALIFIED,True,accountancy-practice-payroll,http://www.sheards.co.uk/,"Sheards are accountants in Huddersfield, providing accounting, tax, audit, payroll and business advisory services",strong,-,-,Part of SMH Group.,accountancy-practice-payroll,medium
emw-stax,STax | EMW Law,emwstax.com,GB,11-50,DISQUALIFIED,False,,-,-,none,"Capital allowances tax specialist tied to EMW Law; law/tax-relief practice, not a payroll provider.",-,-,accountancy-practice-payroll,medium
seavorchartered,SeavorChartered,seavorchartered.co.uk,GB,11-50,QUALIFIED,True,accountancy-practice-payroll,https://www.seavorchartered.co.uk/services/payroll-services/,We offer full payroll services to businesses and can run payrolls for businesses with 2 - 200 employees!,strong,-,-,Also advertises full CIS compliance for construction clients.,accountancy-practice-payroll,medium
shamrock-accounting-tax-and-payroll,"Shamrock Accounting, Tax and Payroll Limited UK and Ireland",imshamrock.com,IE,11-50,QUALIFIED,True,accountancy-practice-payroll,https://imshamrock.com/streamlined-payroll-services-for-your-business/,"At Shamrock, we offer comprehensive payroll services designed to save you time, ensure accuracy, and keep you compliant with ever-changing regulations.",strong,-,-,ROI HQ with a UK office (Watford); in-territory per rubric.,accountancy-practice-payroll,high
sonai,Sonai - Xero Certified Accountants,-,GB,11-50,QUALIFIED,True,accountancy-practice-payroll,https://www.linkedin.com/company/sonai,Accountancy - Payroll - Business Support - Marketing - We are a complete integrated business and financial support solution,weak,-,-,"Xero certified; payroll named as a service line, no dedicated site page found.",accountancy-practice-payroll,medium
sproull-&-co-,Sproull &,sproull.co.uk,GB,11-50,QUALIFIED,True,accountancy-practice-payroll,https://www.sproull.co.uk/services/business-services/payroll,We have dedicated staff who can relieve you of this burden by providing a comprehensive and confidential payroll service,strong,-,grown by acquisition of other practices,"Chartered accountants, Ruislip.",accountancy-practice-payroll,medium
starbox-accountants,Starbox Accountants,starbox.co.uk,GB,11-50,QUALIFIED,True,accountancy-practice-payroll,https://www.starbox.co.uk/services/accountancy,"Business structures, company secretarial and registered office services - Payroll and VAT returns",strong,-,-,"Niche practice for content creators/influencers. Note site is starbox.co.uk, not starboxaccountants.com.",accountancy-practice-payroll,medium
suffolk-tax-accountants-ltd,Suffolk Tax Accountants Ltd,suffolk.tax,GB,11-50,QUALIFIED,True,accountancy-practice-payroll,https://www.suffolk.tax/services/support-services,Payroll Running a payroll can be time consuming and complicated and divert resources from the business,strong,-,-,Also states 'we can run your payroll for you' on factsheets.,accountancy-practice-payroll,medium
surrey-hills-accountancy-limited,Surrey Hills Accountancy,surreyhillsaccountancy.co.uk,GB,11-50,QUALIFIED,True,accountancy-practice-payroll,https://surreyhillsaccountancy.co.uk/bookkeeping-payroll,Bookkeeping & Payroll ... We will enable you to make informed decisions using accurate management information on a real-time basis,strong,-,-,Also offers finance-team outsourcing. Live site is surreyhillsaccountancy.co.uk (sha.uk redirects).,accountancy-practice-payroll,medium
tlp-chartered-accountants,TLP Chartered Accountants,tennantland.co.uk,GB,11-50,QUALIFIED,True,accountancy-practice-payroll,https://www.tennantland.co.uk/services/business/company-secretarial/,Corporate tax planning * Human resources * International services * Mergers & acquisitions * Payroll * VAT,weak,-,-,Payroll appears in the business services menu; no dedicated payroll page captured.,accountancy-practice-payroll,medium
tax-affinity-accountants-ltd,Tax Affinity Accountants Ltd,taxaffinity.com,GB,11-50,QUALIFIED,True,accountancy-practice-payroll,http://www.taxaffinity.com/payroll.html,"accountancy services, vat returns, tax returns, bookkeeping, tax savings, payroll and tax advice",strong,-,-,Kingston/Worcester Park practice with a dedicated payroll page.,accountancy-practice-payroll,medium
the-numbers-studio,The Numbers Studio,numbers.studio,GB,11-50,QUALIFIED,True,accountancy-practice-payroll,https://www.numbers.studio/services/financial-compliance,Prepare and submit VAT returns - Manage payroll payroll and pensions in compliance with PAYE standards.,strong,-,-,Outsourced finance function provider. Live domain numbers.studio.,accountancy-practice-payroll,medium
thompson-elphick-limited,Thompson Elphick Limited,thompsonelphick.co.uk,GB,11-50,LIKELY,False,accountancy-practice-payroll,-,-,none,-,-,Only blog/technical mentions of payroll found; no service page.,accountancy-practice-payroll,medium
tish-leibovitch,Tish Leibovitch,tishleibovitch.co.uk,GB,11-50,DISQUALIFIED,False,,-,-,none,Acquired: tishleibovitch.co.uk now 301s to xeinadin.com/office/london-east. Absorbed into Xeinadin Group.,-,Payroll now sits with Xeinadin.,accountancy-practice-payroll,medium
try-lunn-&-co,Try Lunn & Co,trylunn.co.uk,GB,11-50,QUALIFIED,True,accountancy-practice-payroll,https://www.trylunn.co.uk/try-lunn-accountancy-services/outsourcing-services/,"Our in-house team provide Outsourcing services ... Payroll, including Work Place Pensions",strong,-,-,Dedicated outsourcing team.,accountancy-practice-payroll,medium
uk-cloud-accountants,UK Cloud Accountants,-,GB,11-50,LIKELY,False,accountancy-practice-payroll,-,-,none,-,-,cloudaccountants.co did not respond; nothing contradicting an accountancy practice.,accountancy-practice-payroll,medium
vantage-accounting,Vantage Accounting,vantage-accounting.co.uk,GB,11-50,QUALIFIED,True,accountancy-practice-payroll,https://vantage-accounting.co.uk/accountancy-services/vantage-payroll/,"Payroll Services On-time, accurate payroll service Pensions administration included Expert advice on PAYE",strong,-,-,Contractor-focused accountancy with its own payroll product.,accountancy-practice-payroll,medium
venton-ltd,Venton,ventonltd.co.uk,GB,11-50,QUALIFIED,True,accountancy-practice-payroll,https://www.ventonltd.co.uk/payroll.html,PAYROLL SERVICES AT VENTON ACCOUNTANCY Whether your business employs a handful of people or a larger workforce,strong,-,-,Cornwall practice; publishes payroll-focused content.,accountancy-practice-payroll,medium
verveaccountancy,Verve Accountancy,verveaccountancy.co.uk,GB,11-50,QUALIFIED,True,accountancy-practice-payroll,https://verveaccountancy.co.uk/services/,VAT and Bookkeeping - Year end Accounting Services (including Tax Returns) - Payroll Services,strong,-,-,"Three offices: Morecambe, Leyland, Wigan.",accountancy-practice-payroll,high
whyfield,Whyfield,whyfield.co.uk,GB,11-50,QUALIFIED,True,accountancy-practice-payroll,https://www.whyfield.co.uk/what-we-do/payroll/,Payroll Management Services | Whyfield Accountants,strong,-,-,Publishes 2026 payroll change guidance for employers.,accountancy-practice-payroll,medium
wilkins-southworth,Wilkins Southworth,wilkinssouthworth.co.uk,GB,11-50,LIKELY,False,accountancy-practice-payroll,-,-,none,-,-,No payroll wording found across captured pages; established London/Barnes chartered practice.,accountancy-practice-payroll,medium
xpact-financial-accountants-and-management-consultants,XPACT Financial Accountants and Management consultants,-,GB,11-50,LIKELY,False,accountancy-practice-payroll,-,-,none,-,-,No payroll mention found on xpact.co.uk homepage.,accountancy-practice-payroll,medium
zmartly,Zmartly,zmartly.co.uk,GB,11-50,QUALIFIED,True,accountancy-practice-payroll,https://zmartly.co.uk/services/payroll-services-uk,"Payroll services that file right, on time, every pay date. Accurate, RTI-compliant payroll run on time, every pay date.",strong,-,-,Small-business focused; productised payroll pricing.,accountancy-practice-payroll,medium
ad--accountants,ad+ Chartered Accountants & Business Advisors,adplusaccountants.co.uk,GB,11-50,QUALIFIED,True,accountancy-practice-payroll,https://adplusaccountants.co.uk/services/,"From annual accounts and tax returns to VAT, payroll, and company filings, we handle the details",strong,-,-,-,accountancy-practice-payroll,medium
rgr-partners-ie,rgr partners Chartered Accountants & Registered Auditors,rgrpartners.ie,IE,11-50,QUALIFIED,True,accountancy-practice-payroll,https://www.rgrpartners.ie/computer-services/,We also can aid in the implementation of computerised payroll systems.,weak,-,-,ROI practice; payroll also offered as a selectable service on their consultation form.,accountancy-practice-payroll,medium
robinsonco,robinson+co,robinsonco.co.uk,GB,11-50,QUALIFIED,True,accountancy-practice-payroll,https://www.robinsonco.co.uk/services/payroll/,Payroll Completing payroll for your business can be time consuming and complex with many different processes to complete.,strong,-,-,-,accountancy-practice-payroll,medium
the-tax-shop,the tax shop,thetaxshop.com,GB,11-50,LIKELY,False,accountancy-practice-payroll,-,-,none,-,-,"Only homepage and quote page captured, no payroll wording; tax/accounting franchise-style practice.",accountancy-practice-payroll,medium
2h,2H,hi2h.com.au,GB,11-50,DISQUALIFIED,False,,-,-,none,"Geography: 2H operates from hi2h.com.au, an Australian accounting/bookkeeping firm. Outside UK/ROI.",-,LinkedIn country code GB appears to be wrong.,accountancy-practice-payroll,medium
a-g-smith-&-co-ltd,A G Smith & Co,agsaccountants.co.uk,GB,11-50,QUALIFIED,True,accountancy-practice-payroll,https://www.agsaccountants.co.uk/services/payroll-cis/,Payroll & CIS,strong,-,-,Dedicated Payroll & CIS service page (page body served compressed; URL and title are the evidence).,accountancy-practice-payroll,medium
alfred-green-partnership-agp---chartered-accountants,AGP Chartered Accountants,agp-accountants.co.uk,GB,11-50,QUALIFIED,True,accountancy-practice-payroll,https://agp-accountants.co.uk/services/payroll-services/,Payroll Services ... Take the hassle out of payroll. Payroll management can produce an amount of unproductive time,strong,-,-,Also runs auto-enrolment service.,accountancy-practice-payroll,high
alguk,ALG,alguk.co.uk,GB,11-50,DISQUALIFIED,False,,-,-,none,Acquired: ALG was acquired by Duncan & Toplis in January 2025. Payroll now sits with Duncan & Toplis.,-,Target Duncan & Toplis instead if not already covered.,accountancy-practice-payroll,medium
amq-financial-services,"AMQ Accountants & Auditors (""AMQ"")",amq.ie,IE,11-50,QUALIFIED,True,accountancy-practice-payroll,https://www.amq.ie/outsourcing,AMQ provides professional help with payroll and company secretarial services.,strong,-,-,ROI (Dublin) practice with an outsourcing service line.,accountancy-practice-payroll,medium
ams-accountancy-ltd,AMS Accountancy,ams-accountancy.co.uk,GB,11-50,QUALIFIED,True,accountancy-practice-payroll,https://www.ams-accountancy.co.uk/services/payroll/,Payroll Accountant Swindon | Payroll Swindon,strong,-,-,Strong freelance/contractor client base.,accountancy-practice-payroll,medium
aps-accountancy-limited,APS Accountancy Limited,apsaccountancy.co.uk,GB,11-50,QUALIFIED,True,accountancy-practice-payroll,https://www.apsaccountancy.co.uk/About.html,"Whether you are looking to improve profits, find someone to run your payroll, or want investment advice, we can most definitely help.",weak,-,-,Publishes umbrella-company commentary; payroll offered but no dedicated page.,accountancy-practice-payroll,medium
aspire-uk,ASPIRE UK,aspireukadvisers.co.uk,GB,11-50,QUALIFIED,True,accountancy-practice-payroll,https://www.aspireukadvisers.co.uk/services,"ACCA fully qualified expertise across tax, accounting, payroll, and strategic growth ... Payroll & Pension management",strong,-,-,London and Birmingham; publishes its software stack.,accountancy-practice-payroll,medium
atn-partnership-limited,ATN Partnership,atnpartnership.co.uk,GB,11-50,QUALIFIED,True,accountancy-practice-payroll,https://www.atnpartnership.co.uk/services/corporate-tax/payroll-and-construction-industry-scheme,Payroll and Construction Industry Scheme,strong,-,-,Dedicated payroll/CIS service page plus payroll factsheets.,accountancy-practice-payroll,medium
ayub-chartered-accountants,AYUB Chartered Accountants,ayubaccountancy.co.uk,GB,11-50,QUALIFIED,True,accountancy-practice-payroll,https://ayubaccountancy.co.uk/,Payroll Services,strong,-,-,Payroll listed among service lines on the homepage.,accountancy-practice-payroll,medium
accounttax,Accounttax,-,GB,11-50,LIKELY,False,accountancy-practice-payroll,-,-,none,-,-,accounttax.uk returns 406 to bots; no payroll page confirmed.,accountancy-practice-payroll,high
accurox,Accurox,accurox.co.uk,GB,11-50,QUALIFIED,True,accountancy-practice-payroll,https://accurox.co.uk/finance-team/payroll-and-cis-services/,Outsourced Payroll & CIS. A Service Based Around Your Specific Needs. Payroll requirements vary hugely from business to business,strong,-,-,"Construction/property specialism, so CIS volume likely.",accountancy-practice-payroll,medium
acumen-accountants-and-tax-advisers,Acumen Accountants & Tax Advisers,acumenagc.com,GB,11-50,QUALIFIED,True,accountancy-practice-payroll,https://www.acumenagc.com/,"We provide accounting, tax compliance, payroll, HMRC representation, financial reporting, and advisory services",strong,-,-,"Has a dedicated Payroll, HR & Workforce Services page.",accountancy-practice-payroll,medium
alexander-knight-&-co,Alexander Knight & Co,alexanderknightaccountants.co.uk,GB,11-50,QUALIFIED,True,accountancy-practice-payroll,https://alexanderknightaccountants.co.uk/services/payroll/,Payroll Services & Bureau for Businesses | RTI & Auto-Enrolment Compliance,strong,-,advertising a part-time Payroll Manager vacancy (Hale),Describes itself as running a payroll bureau - strong fit; hiring signal live on site.,accountancy-practice-payroll,medium
andersons_2,Andersons,andersonbrownlie.co.uk,GB,11-50,LIKELY,False,accountancy-practice-payroll,-,-,none,-,-,Only homepage and privacy page captured (Anderson Brownlie); no payroll wording found.,accountancy-practice-payroll,medium
andrews-and-palmer-ltd,Andrews and Palmer Ltd │ Chartered Accountants and Registered Auditors,andpal.co.uk,GB,11-50,QUALIFIED,True,accountancy-practice-payroll,https://www.andpal.co.uk/services/services-for-business/payroll,"Administering payroll is becoming increasingly burdensome for many businesses, taking more and more time and resource",strong,-,-,"Gillingham, Dorset.",accountancy-practice-payroll,medium
ascentis-accountants,Ascentis Accountants,ascentisllp.co.uk,GB,11-50,LIKELY,False,accountancy-practice-payroll,-,-,none,-,-,Only an FAQ on payroll deductions and a client case study; no payroll service page found.,accountancy-practice-payroll,medium
ask-accountancy,Ask Accountancy,askaccountancy.co.uk,GB,11-50,QUALIFIED,True,accountancy-practice-payroll,https://askaccountancy.co.uk/payroll-administration/,Ask clients can enjoy a complete and compliant payroll service delivered by our payroll team,strong,-,-,Has a named internal payroll team; also serves contractors.,accountancy-practice-payroll,medium
asquith-accountants-limited,Asquith Accountants,asquithaccountants.co.uk,GB,11-50,QUALIFIED,True,accountancy-practice-payroll,https://www.asquithaccountants.co.uk/services/payroll,"Pay Your Staff With Zero Faff. If time is money, payroll can be one of your business's most costly activities.",strong,-,-,-,accountancy-practice-payroll,medium
aubrey-campbell-accountants,Aubrey Campbell & Company,aubreycampbellaccountants.co.uk,GB,11-50,QUALIFIED,True,accountancy-practice-payroll,https://www.aubreycampbellaccountants.co.uk/privacy-policy/,"Where we act as a data processor on behalf of a data controller (for example, when processing payroll)",weak,-,-,Northern Ireland practice; payroll confirmed only via privacy policy wording.,accountancy-practice-payroll,medium
basda,BASDA - Business Application Software Developers Association,basda.org,GB,11-50,DISQUALIFIED,False,,-,-,none,"Trade association of business software developers (its payroll SIG members are PayFit, PayCaptain etc). A professional body and a competitor forum, not a payroll processor.",-,-,accountancy-practice-payroll,medium
benson-wood-co,Benson Wood & Co Chartered Accountants,benson-wood.co.uk,GB,11-50,QUALIFIED,True,accountancy-practice-payroll,https://www.benson-wood.co.uk/services-for-businesses/payroll/,"Our payroll service is quick, fully HMRC compliant and extremely efficient.",strong,-,-,Also markets outsourced payroll to the tourism industry and a full virtual finance service.,accountancy-practice-payroll,medium
big-red-book,Big Red Book,bigredbook.com,IE,11-50,DISQUALIFIED,False,,-,-,none,"Competitor: sells accounting and payroll SOFTWARE (Big Red Book / Big Red Cloud Payroll) to Irish SMEs and accountants, incl. a 'Payroll Bureau' licence.",-,"Irish payroll software vendor - rival product, not a buyer.",accountancy-practice-payroll,high
bishop-auckland,Bishop Auckland,-,GB,11-50,LIKELY,False,accountancy-practice-payroll,-,-,none,-,-,T & A Dixon Accountancy (Bishop Auckland); LinkedIn desc lists payroll but no website/domain recorded.,accountancy-practice-payroll,medium
blenheim-advisory,Blenheim Advisory,blenheimadvisory.com,GB,11-50,QUALIFIED,True,accountancy-practice-payroll,https://www.blenheimadvisory.com/faqs/,"We provide a comprehensive range of services, including bookkeeping, tax planning, financial analysis, payroll management, business advisory, and compliance services.",strong,-,-,Leeds chartered certified accountants.,accountancy-practice-payroll,high
ced-accountancy-services-ltd,CED Accountancy Services Ltd,cedas.co.uk,GB,11-50,QUALIFIED,True,accountancy-practice-payroll,https://www.cedas.co.uk/services/payroll,"We can ensure that your payroll service is efficient, accurate and timely - Using CED Accountancy Services Ltd for payroll means you don't have to train up team members or invest in the latest softwar",strong,-,-,Explicitly positions clients away from buying their own payroll software.,accountancy-practice-payroll,medium
cogs-accountancy-services,COGS Accountancy Services,cogs.co.uk,GB,11-50,QUALIFIED,True,accountancy-practice-payroll,https://www.cogs.co.uk/testimonials.php,Cogs help with My VAT returns Year End Accounts Monthly Wages Making sure that everything is done on time and that I don't have any issues with HMRC.,weak,-,-,Windsor practice; payroll confirmed via client testimonial rather than a services page.,accountancy-practice-payroll,medium
crlbusinesssolutions,CRL Business Solutions,crlltd.ie,IE,11-50,QUALIFIED,True,payroll-bureau,https://crlltd.ie/payroll-and-bookkeeping/,"CRL Business Solutions manages payroll and bookkeeping for Irish SMEs across Kildare, wider Leinster, and Ireland.",strong,-,-,Recruitment firm that also runs an outsourced payroll/bookkeeping line for Irish SMEs.,accountancy-practice-payroll,high
cadishead-accountancy-services-limited,Cadishead Accountancy Services Limited,cadisheadservices.co.uk,GB,11-50,LIKELY,False,accountancy-practice-payroll,-,-,none,-,-,"Manchester accountancy firm; evidence pack empty, no payroll page found.",accountancy-practice-payroll,medium
cahill-trautt-&-co.,Cahill Trautt & Co.,cahilltrautt.com,IE,11-50,QUALIFIED,True,accountancy-practice-payroll,https://cahilltrautt.com/2026/07/29/the-financial-case-for-outsourcing-your-payroll-what-irish-employers-should-weigh-up/,At Cahill Trautt Co we believe that payroll is one of those business functions that only attracts attention when something goes wrong.,weak,-,-,"Mayo chartered accountants, 12 staff; payroll promoted via own blog, no dedicated service page found.",accountancy-practice-payroll,medium
caladine-ltd,Caladine,caladine.co.uk,GB,11-50,QUALIFIED,True,accountancy-practice-payroll,https://www.caladine.co.uk/our-accountancy-services/payroll-vat/,"We operate a payroll bureau, assisting our clients in their regulatory requirements in completion of payroll for staff and filings with HMRC.",strong,-,-,"Explicit in-house payroll bureau, Eastbourne.",accountancy-practice-payroll,medium
cap-ex-associates,Cap Ex Associates,capextax.com,GB,11-50,DISQUALIFIED,False,,-,-,none,Specialist capital allowances / property tax consultancy serving accountants and property professionals - does not process payroll for clients.,-,CapEx Tax Associates; founded by chartered surveyors and tax advisors.,accountancy-practice-payroll,medium
chadwick-llp,Chadwick,-,GB,11-50,LIKELY,False,accountancy-practice-payroll,-,-,none,-,-,"Chadwick LLP, Manchester/Liverpool; no domain recorded, evidence pack empty.",accountancy-practice-payroll,medium
champ-consultants,Champ Consultants,champconsultants.co.uk,GB,11-50,QUALIFIED,True,accountancy-practice-payroll,https://champconsultants.co.uk/compliance/,"Accounts preparation, tax returns and payroll in Caterham, Surrey. Our team help you to meet your compliance deadlines.",strong,-,-,"Chartered tax advisers + accountants, Surrey.",accountancy-practice-payroll,medium
chater-allan-llp,Chater Allan,chaterallan.co.uk,GB,11-50,QUALIFIED,True,accountancy-practice-payroll,https://www.chaterallan.co.uk/payroll,"We provide reliable payroll services, ensuring employees are paid accurately and on time while meeting all PAYE and reporting requirements.",strong,-,-,Cambridge practice; also handles auto-enrolment.,accountancy-practice-payroll,medium
cheadles,Cheadles,-,GB,11-50,LIKELY,False,accountancy-practice-payroll,-,-,none,-,-,Stafford chartered accountants; evidence pack empty.,accountancy-practice-payroll,medium
chester-business-club,Chester Business Club,chester.ac.uk,GB,11-50,DISQUALIFIED,False,,-,-,none,"Not a payroll processor - Chester Business Club is a business networking/lunch club. The evidence pack is for a different entity entirely (University of Chester, chester.ac.uk).",-,"WRONG-DOMAIN PACK: recorded domain chester.ac.uk belongs to the University of Chester, not the club.",accountancy-practice-payroll,medium
clear-house-accountants,Clear House Accountants,chacc.co.uk,GB,11-50,QUALIFIED,True,accountancy-practice-payroll,https://chacc.co.uk/ch-services/payroll/,Specialised payroll Accountants for Businesses in the UK,strong,-,-,City of London practice.,accountancy-practice-payroll,medium
clenshaw-minns-chartered-accountants,Clenshaw Minns Chartered Accountants,clenshawminns.co.uk,GB,11-50,QUALIFIED,True,accountancy-practice-payroll,https://clenshawminns.co.uk/index.php/services/business-accountancy/payroll,"By allowing us to look after your payroll activity, we will free up more time for your staff to attend to other business areas.",strong,-,-,Swaffham & King's Lynn chartered accountants.,accountancy-practice-payroll,medium
cooper-paul-chartered-accountants,Cooper Paul Chartered Accountants,cooperpaul.co.uk,GB,11-50,QUALIFIED,True,accountancy-practice-payroll,https://www.cooperpaul.co.uk/services/business-accounting/payroll,"Our payroll services are thorough and, of course, compliant with HM Revenue & Customs.",strong,-,-,"Loughton, Essex chartered accountants.",accountancy-practice-payroll,medium
crouchers-accountants,Crouchers,crouchers-accountants.co.uk,GB,11-50,QUALIFIED,True,accountancy-practice-payroll,https://www.crouchers-accountants.co.uk/services/services-for-business/payroll,Crouchers can help to relieve the burden with our comprehensive payroll service.,strong,-,-,Milton Keynes & Wellingborough.,accountancy-practice-payroll,medium
cubedconsultancy,Cubed Consultancy,cubedconsultancy.com,GB,11-50,QUALIFIED,True,accountancy-practice-payroll,https://www.cubedconsultancy.com/accounting-services/bookkeeping-and-payroll-services/,"Managing your day-to-day finances shouldn't slow your business down. Yet for many companies, bookkeeping and payroll become time-consuming, error-prone, and difficult.",strong,-,-,"Harpenden, Hertfordshire.",accountancy-practice-payroll,medium
dh-business-advisors,DH Business Advisors,dhba.co.uk,GB,11-50,QUALIFIED,True,accountancy-practice-payroll,https://www.dhba.co.uk/index.php/services,We offer a comprehensive range of services in the following key areas: Audit | Payroll | Accounts | Personal Tax | Book Keeping | Sage,strong,-,-,Birmingham Jewellery Quarter practice; Sage user.,accountancy-practice-payroll,medium
daniel-consultancy,Daniel Consultancy - Book Keeping and Accountancy Services in UK,danielconsultancy.co.uk,GB,11-50,QUALIFIED,True,accountancy-practice-payroll,https://www.danielconsultancy.co.uk/paye-returns/,Daniel Consultancy helps entrepreneurs with dedicated online payroll management services. From deductions' calculation to pay slip printing.,strong,-,-,Also a care-home sector specialism.,accountancy-practice-payroll,medium
dem-productions,Deus Ex Machina Productions,demproductions.co.uk,GB,11-50,QUALIFIED,True,accountancy-practice-payroll,https://www.demproductions.co.uk/production-accounting,DEM provides specialist Production Accounting and Consultancy services across the industry... We also offer payroll services.,strong,-,-,Theatre production company that also sells production accounting + payroll to other producers.,accountancy-practice-payroll,medium
e-koncept-ltd.,E-Koncept,ekoncept.ie,IE,11-50,QUALIFIED,True,accountancy-practice-payroll,https://www.ekoncept.ie/en/self-employed-or-limited-company,Services offered: - Company registration - Business Name registration - VAT registration and declarations - Payroll,strong,-,-,Irish practice serving Romanian- and English-speaking clients.,accountancy-practice-payroll,medium
ecommerce-accountants-llp,Ecommerce Accountants,ecommerceaccountants.co.uk,GB,11-50,QUALIFIED,True,accountancy-practice-payroll,https://www.ecommerceaccountants.co.uk/infographics/payroll,These infographics are intended as a summary and aide-memoire for each of the services or process we handle as part of supporting your business.,strong,-,Platinum Xero partner / Xero Award winner,"30-strong ecommerce-specialist firm, 500+ clients. Xero partner - not a competitor.",accountancy-practice-payroll,medium
evans-&-co-accountants-&-tax-consultants-ltd.,Evans & Co Chartered Certified Accountants,evansandco.co.uk,GB,11-50,QUALIFIED,True,accountancy-practice-payroll,https://evansandco.co.uk/payroll-services,Payroll Services At Mark Evans...,strong,-,-,"Hull practice, 1500+ clients.",accountancy-practice-payroll,medium
finatecltd,Finatec,-,GB,11-50,LIKELY,False,accountancy-practice-payroll,-,-,none,-,-,"Finatec: fractional finance team (bookkeeping to strategy); no payroll page found, no domain recorded.",accountancy-practice-payroll,medium
folio-partners,Folio Partners,folio.partners,GB,11-50,QUALIFIED,True,accountancy-practice-payroll,https://folio.partners/payroll,"As an integral part of your operation, an efficiently managed payroll service is our top priority. We support small to medium sized businesses in a wide range of sectors.",strong,-,-,"Boutique accountancy/advisory, UK.",accountancy-practice-payroll,medium
streets-whittles,Formerly Streets Whittles - now Streets,streetswhittles.co.uk,GB,11-50,DISQUALIFIED,False,,-,-,none,"Acquired/absorbed: Streets Whittles merged into Streets Chartered Accountants and as of June 2025 trades simply as Streets. Contact the acquirer, Streets.",-,Name on record already reads 'Formerly Streets Whittles - now Streets'.,accountancy-practice-payroll,medium
forshaws-accountants-limited,Forshaws Accountants Limited,forshaws.org.uk,GB,11-50,LIKELY,False,accountancy-practice-payroll,-,-,none,-,-,Medical-sector specialist accountants acting for 100+ GP practices; no payroll page surfaced but likely runs practice payrolls.,accountancy-practice-payroll,medium
fuller-spurling,Fuller Spurling Chartered Accountants,fuller-spurling.co.uk,GB,11-50,QUALIFIED,True,accountancy-practice-payroll,https://www.fuller-spurling.co.uk/specialist/payroll/,"We offer a complete payroll bureau service for any number of employees either weekly paid or monthly paid, tailored to your needs.",strong,-,-,Self-describes as a payroll bureau.,accountancy-practice-payroll,medium
global-tax-services,Global Tax Services,q7.ltd.uk,GB,11-50,LIKELY,False,accountancy-practice-payroll,-,-,none,-,-,"Small family-run tax & accounting firm; evidence pack empty, recorded domain q7.ltd.uk unverified.",accountancy-practice-payroll,medium
greenplatypus,Green Platypus,greenplatypus.co.uk,GB,11-50,DISQUALIFIED,False,,-,-,none,"Cost/procurement consultancy and broker (energy, telecoms, business costs) - does not process payroll for clients.",-,Veteran-owned ethical consultancy positioned against brokers; no payroll line.,accountancy-practice-payroll,medium
hca-chartered-accountants,HCA Chartered Accountants,hca.group,GB,11-50,LIKELY,False,accountancy-practice-payroll,-,-,none,-,-,"Belfast chartered accountants, part of Hannaway Corporate Advisory Group; services pages surfaced no explicit payroll line.",accountancy-practice-payroll,medium
hesab-ltd,Hesab Accountants,-,GB,11-50,LIKELY,False,accountancy-practice-payroll,-,-,none,-,-,"Hesab Accountants; start-up/SME accounting; no domain recorded, evidence pack empty.",accountancy-practice-payroll,medium
hodge-bakshi-chartered-accountants,Hodge Bakshi Chartered Accountants & Chartered Tax Advisers,hodgebakshi.com,GB,11-50,LIKELY,False,accountancy-practice-payroll,-,-,none,-,-,Largest independent family-run practice in South Wales; evidence pack empty.,accountancy-practice-payroll,high
hogbens-dunphy-limited,Hogbens Dunphy,hogbensdunphy.co.uk,GB,11-50,QUALIFIED,True,accountancy-practice-payroll,https://hogbensdunphy.co.uk/service/payroll-auto-enrolment/,"By allowing us to look after your payroll activity, we will free up more time for your staff to attend other business areas.",strong,-,-,"Media & entertainment specialist, London West End; theatre/opera payrolls.",accountancy-practice-payroll,medium
hunterandsons,Hunter & Sons,-,GB,11-50,QUALIFIED,True,accountancy-practice-payroll,https://www.linkedin.com/company/hunterandsons,Hunter & Sons Bookkeeping And Payroll Solutions provides personalised services to a broad range of clients across the West Midlands and London areas.,weak,-,-,No website/domain recorded; qualified on LinkedIn About only.,accountancy-practice-payroll,high
iwn-accountancy,IWN Accountancy,iwna.co.uk,GB,11-50,LIKELY,False,accountancy-practice-payroll,-,-,none,-,-,"IWN Accountancy, property-investor focused; evidence pack empty.",accountancy-practice-payroll,medium
jf-hornby,J F Hornby & Co,jfhornby.co.uk,GB,11-50,QUALIFIED,True,accountancy-practice-payroll,https://jfhornby.co.uk/payroll/,"Many businesses, from micro-enterprises to SMEs, often decide to outsource payroll. This gives owners and managers the opportunity to do what they do best.",strong,-,-,Leading independent Cumbria practice.,accountancy-practice-payroll,medium
jay-&-jay-partnership-limited,Jay & Jay Partnership Limited,jayandjay.co.uk,GB,11-50,QUALIFIED,True,accountancy-practice-payroll,https://www.jayandjay.co.uk/services/paye-employment/,Do you find payroll a headache?... We offer an affordable [payroll service].,strong,-,-,Bristol; team of ten accountants.,accountancy-practice-payroll,medium
john-williams-and-co-ltd,John Williams and Co,johnwilliamsandco.com,GB,11-50,LIKELY,False,accountancy-practice-payroll,-,-,none,-,-,John Williams & Co Ltd; evidence pack empty.,accountancy-practice-payroll,medium
kbsp-a-xeinadin-company,KBSP,kbsp.co.uk,GB,11-50,DISQUALIFIED,False,,-,-,none,Acquired into Xeinadin Group - the record name itself reads 'KBSP - a Xeinadin company'; payroll decisions sit with the Xeinadin parent.,-,"NW3 chartered accountants; LinkedIn desc does list payroll, so worth re-checking if Xeinadin member firms buy independently.",accountancy-practice-payroll,medium
kp-simpson,"KP Simpson, Accountants and Business Advisors",kpsimpson.co.uk,GB,11-50,LIKELY,False,accountancy-practice-payroll,-,-,none,-,-,"KP Simpson, Newcastle; serves contractors and limited companies; evidence pack empty.",accountancy-practice-payroll,medium
leonard-gold-chartered-accountants,Leonard Gold Chartered Accountants,lgold.co.uk,GB,11-50,QUALIFIED,True,accountancy-practice-payroll,https://www.linkedin.com/company/leonard-gold-chartered-accountants,"We are chartered accountants, business advisers, independent financial advisers and offer bookkeeping and payroll services.",weak,-,-,"Portsmouth, 50+ years. Has an IFA arm but core is an accountancy practice with payroll.",accountancy-practice-payroll,high
lonodon-accountants,London Accountants,spofforth.co,GB,11-50,QUALIFIED,True,accountancy-practice-payroll,https://www.linkedin.com/company/lonodon-accountants,Leading independent firms of Chartered Accountants in London providing the following services :- Audit : Accounting : Payroll : Financial Services : Tax Consultancy,weak,-,-,Recorded domain spofforth.co not verified against the 'London Accountants' page; qualified on LinkedIn About only.,accountancy-practice-payroll,medium
lucraft-hodgson-&-dawes,Lucraft Hodgson & Dawes,lucrafts.co.uk,GB,11-50,QUALIFIED,True,accountancy-practice-payroll,https://www.lucrafts.co.uk/index.php/services/payroll,Properly paying your employees is very important... [payroll service page],strong,-,-,"Brighton & Rustington, est. 1947.",accountancy-practice-payroll,medium
mdh-business-advisers-limited,MDH - Accountancy & Business Growth Specialists,mdh.me.uk,GB,11-50,QUALIFIED,True,accountancy-practice-payroll,https://www.mdh.me.uk/accountancy-services/pay-and-pensions/,"How we can help you, at a glance: Tax-Efficient Remuneration Packages, PAYE Health Check, Payroll, Auto-Enrolment, Statutory Forms For Employees, Construction Industry Scheme (CIS)",strong,-,-,Also runs CIS - relevant to contractor payroll.,accountancy-practice-payroll,medium
mpi-medical-&-professional-investment-llp,MPI: Medical & Professional Investment,-,GB,11-50,DISQUALIFIED,False,,-,-,none,"Independent financial advisers (NHS pensions, income protection, investments) for medical professionals - not a payroll provider.",-,IFA - hard disqualifier.,accountancy-practice-payroll,medium
mackenzie-kerr-limited,MacKenzie Kerr Limited,mackenziekerr.com,GB,11-50,QUALIFIED,True,payroll-bureau,https://www.mackenziekerr.com/services/services-for-business/payroll-and-assistance-with-auto-enrolment,We have a payroll BACS bureau and can help to relieve the burden with our comprehensive service.,strong,-,-,Inverness & Grantown on Spey; explicit BACS payroll bureau.,accountancy-practice-payroll,medium
macsweeney-&-co.,MacSweeney & Co.,macsweeneyco.com,IE,11-50,LIKELY,False,accountancy-practice-payroll,-,-,none,-,-,Cork independent accountants/registered auditors; evidence pack empty.,accountancy-practice-payroll,medium
mcelholm-&-co-limited,McElholm & Co,mcelholm.com,IE,11-50,LIKELY,False,accountancy-practice-payroll,-,-,none,-,-,"Omagh, Co Tyrone (Northern Ireland, so in-territory despite IE tag); services list surfaced without an explicit payroll line.",accountancy-practice-payroll,medium
mckeague-morgan-&-company,McKeague Morgan & Company,mckeaguemorgan.com,GB,11-50,QUALIFIED,True,accountancy-practice-payroll,https://www.mckeaguemorgan.com/services/support-services,Bookkeepers in Belfast : Payroll in Belfast : McKeague Morgan & Company - The combination of your business knowledge and our support services will help your business to grow.,strong,-,-,Belfast chartered accountants.,accountancy-practice-payroll,medium
meehan-&-associates,Meehan & Associates,meehanandassociates.ie,IE,11-50,QUALIFIED,True,accountancy-practice-payroll,http://www.meehanandassociates.ie/index.php?c=pages&id=2,The firm provides bookkeeping and accounting services to small businesses. We also provide taxation services to a range of SME companies.,weak,-,-,Payroll & VAT named in LinkedIn service list; site About page confirms outsourced bookkeeping for SMEs.,accountancy-practice-payroll,medium
mindspace-outsourcing-services-uk,Mindspace Outsourcing Limited,-,GB,11-50,QUALIFIED,True,payroll-bureau,https://www.linkedin.com/company/mindspace-outsourcing-services-uk,"Trusted Outsourcing Partner since 12 Years for the UK Businesses and Accounting Firms For Bookkeeping, Payroll & Tax Services.",weak,-,-,Outsourced back-office for UK firms; no domain recorded and delivery may be offshore - verify UK/IE HQ before outreach.,accountancy-practice-payroll,medium
mm-&-k,Mm & K,mm-k.com,GB,11-50,DISQUALIFIED,False,,-,-,none,"Executive remuneration and reward-design consultancy (share plans, pay strategy, human capital advisory) - advises on pay, does not process payroll for clients; it exited share-plan administration in 2017.",-,"MM&K, London.",accountancy-practice-payroll,medium
mr-tax-ltd,Mr Tax,mrtax.co.uk,GB,11-50,QUALIFIED,True,accountancy-practice-payroll,https://mrtax.co.uk/payroll/,"Our payroll services offer you plenty of options for you and your business, allowing you to concentrate on the day-to-day running of your business.",strong,-,-,"Blaby, Leicester.",accountancy-practice-payroll,medium
my-management-accountant,My Management Accountant,mymanagementaccountant.co.uk,GB,11-50,QUALIFIED,True,accountancy-practice-payroll,https://mymanagementaccountant.co.uk/nook-payments-made-easy/,"Nook is an accounts payable automation system that allows you to process, approve and pay supplier invoices, as well as your payroll. However, it also allows us, as your ac[countant]",weak,-,Recently partnered with Nook accounting software,Digital-first practice for SMEs; payroll implied via client-service tooling rather than a payroll page.,accountancy-practice-payroll,medium
norton-accountancy-ltd,Norton Accountancy Ltd,nortonaccountancy.co.uk,GB,11-50,QUALIFIED,True,payroll-bureau,https://www.nortonaccountancy.co.uk/services/payroll/,Payroll Service | Payroll Outsourcing | Payroll Bureau,strong,-,-,Bristol/Cardiff/Newport/London; runs an outsourced payroll bureau.,accountancy-practice-payroll,medium
oconnorandassociates,O'Connor & Associates,oconnorandassociates.ie,IE,11-50,QUALIFIED,True,umbrella-contractor-payroll,https://www.oconnorandassociates.ie/employers,Our Payroll and Accountancy Services. Payroll: Smart payroll solutions that optimise your income against tax and social insurance.,strong,-,-,"Irish contractor/expat payroll across aviation, logistics, tech; has its own portal (oam.oconnorandassociates.ie).",accountancy-practice-payroll,high
o'rourke-&-co--chartered-accountants,O'Rourke & Co. Chartered Accountants-a Xeinadin Company,orourkeandco.ie,IE,11-50,DISQUALIFIED,False,,-,-,none,Acquired into Xeinadin - the firm's own site now renders as 'Accountants in Killarney | Xeinadin Ireland' under the Xeinadin privacy policy; payroll buying sits with the Xeinadin parent.,-,"Xero Gold Partner (a partner, not a competitor) but the acquisition is the blocker.",accountancy-practice-payroll,medium
pmk-accountancy-services,PMK Accountancy Services Ltd,pmkaccountancyservices.com,GB,11-50,LIKELY,False,accountancy-practice-payroll,-,-,none,-,-,Newry practice serving NI retail/haulage/construction; evidence pack empty. Construction client base suggests CIS payroll.,accountancy-practice-payroll,high
payrollbureauglobal,Payroll Bureau,-,GB,11-50,DISQUALIFIED,False,,-,-,none,"Absorbed into TopSource Group, a global payroll outsourcer that sells its own payroll platform - buying decision sits with the parent and the group is a competitor.",-,COMPETITOR/ACQUISITION: 'Payroll Bureau' (est. 1989) is now part of TopSource. Re-check if it still licenses software independently.,accountancy-practice-payroll,high
poppleton-and-appleby,Poppleton & Appleby,poppletonandappleby.co.uk,GB,11-50,DISQUALIFIED,False,,-,-,none,Insolvency practitioners and business recovery firm - does not process payroll for clients.,-,Poppleton & Appleby.,accountancy-practice-payroll,medium
rawlinsons,"Rawlinsons Accountants, part of the Baldwins Group",baldwinsgroup.com,GB,11-50,DISQUALIFIED,False,,-,-,none,"Acquired: Rawlinsons joined Baldwins in March 2018 and was renamed Baldwins in April 2019. Contact the acquirer, Baldwins Group (now Sumer).",-,Recorded domain is already baldwinsgroup.com.,accountancy-practice-payroll,medium
reddy-siddiqui,Reddy Siddiqui LLP,reddysiddiqui.com,GB,11-50,QUALIFIED,True,accountancy-practice-payroll,https://www.reddysiddiqui.com/services/payroll,"Our payroll service includes: Processing payroll, P11Ds, CIS returns and year ends; Advising on PAYE & NIC liabilities; Managing workplace [pensions]",strong,-,-,London W3; also runs CIS returns.,accountancy-practice-payroll,medium
reesrussell-llp,ReesRussell,reesrussell.co.uk,GB,11-50,LIKELY,False,accountancy-practice-payroll,-,-,none,-,-,"Witney, Oxon practice with a charity audit division; services page surfaced no explicit payroll line.",accountancy-practice-payroll,medium
rethink-accountancy,Rethink Accountancy,rethinkaccountancy.co.uk,GB,11-50,LIKELY,False,accountancy-practice-payroll,-,-,none,-,-,"Rethink Accountancy, ecommerce/digital specialist; no payroll page found, only COVID-era furlough articles.",accountancy-practice-payroll,medium
richard-j-smith-&-co,Richard J Smith & Co,richardjsmith.com,GB,11-50,DISQUALIFIED,False,,-,-,none,"Insolvency practitioners and forensic accountants - corporate/personal insolvency and restructuring, not payroll processing.",-,"Richard J Smith & Co, Plymouth.",accountancy-practice-payroll,medium
rclaccountingoxford,Ridgefield Consulting - Oxford Accountants,ridgefieldconsulting.co.uk,GB,11-50,LIKELY,False,accountancy-practice-payroll,-,-,none,-,-,"Ridgefield Consulting, Oxford chartered accountants (sister firm Kench & Co); evidence pack empty.",accountancy-practice-payroll,medium
robert-lewis-accountants-limited,Robert Lewis Accountants Limited,rlagroup.net,GB,11-50,QUALIFIED,True,accountancy-practice-payroll,https://www.rlagroup.net/services/company-formation8de9.html?A=WebApp&CCID=28734&Items=3&Page=1,Our Services - Wealth Management - Book Keeping - Tax Investigation - Company Formation - Tax Planning - Payroll - VAT - CIS Sub Contractors,weak,-,-,Payroll and CIS listed as client service lines; no dedicated payroll page captured.,accountancy-practice-payroll,medium
rochesters-llp,Rochesters Chartered Accountants,rochesters.co.uk,GB,11-50,LIKELY,False,accountancy-practice-payroll,-,-,none,-,-,"Site unreachable from session; 20-staff chartered practice, payroll not confirmed.",accountancy-practice-payroll,medium
sj-accounting-services,SJ Accounting Services,-,GB,11-50,QUALIFIED,True,accountancy-practice-payroll,https://www.linkedin.com/company/sj-accounting-services,offering a personal service in bookkeeping & payroll,weak,-,-,"Bookkeeping/payroll practice, Stockton-on-Tees; website returned no readable payroll page.",accountancy-practice-payroll,high
sk-accountants,SK Accountants,skaccountants.com,GB,11-50,QUALIFIED,True,accountancy-practice-payroll,https://skaccountants.com/pay-as-you-earn-paye/,"By using our payroll service, you can ensure that all payments are made in line with the appropriate legislation",strong,-,-,Dedicated payroll team handling RTI submissions for clients.,accountancy-practice-payroll,medium
smy-associates-ltd,SMY ASSOCIATES LTD,smyassociates.com,GB,11-50,LIKELY,False,accountancy-practice-payroll,-,-,none,-,-,No evidence pack; site returned no payroll content.,accountancy-practice-payroll,medium
sexty-&-co,Sexty & Co,sexty.co.uk,GB,11-50,QUALIFIED,True,accountancy-practice-payroll,https://sexty.co.uk/index.php/services/business-accounting/payroll,"By allowing us to look after your payroll activity, we will free up more time for your staff to attend other business areas",strong,-,-,Full UK payroll bureau service incl. auto enrolment.,accountancy-practice-payroll,medium
stephen-farra-associates-limited,Stephen Farra Associates Limited,stephenfarra.com,GB,11-50,QUALIFIED,True,accountancy-practice-payroll,https://www.stephenfarra.com/about-us/meet-the-team/payroll,We have two very experienced payroll executives - Julie Herber and Sandra Konefski who manage the payrolls for a range of our clients,strong,-,-,Two dedicated payroll executives running client payrolls.,accountancy-practice-payroll,medium
sterling-grove-accountants-limited,Sterling Grove Accountants,sgaweb.co.uk,GB,11-50,QUALIFIED,True,accountancy-practice-payroll,https://www.sgaweb.co.uk/payroll/,"We support our clients through tax, audit, payroll, accounting services and informed business advice",strong,-,-,Dedicated payroll page on own domain.,accountancy-practice-payroll,medium
streetsbristol,Streets (Bristol),steelefinancial.co.uk,GB,11-50,QUALIFIED,True,accountancy-practice-payroll,https://steelefinancial.co.uk/sme-accountants/payroll-cis-enrolment/,"Payroll - when employing staff in your business, a payroll scheme registered with HMRC is necessary",strong,-,-,Merged into Streets Chartered Accountants (top 40) Oct 2023 - payroll buying may sit at Streets group level.,accountancy-practice-payroll,medium
td-o%e2%80%99neill-&-co,TD O’Neill & Co,tdoneill.com,IE,11-50,LIKELY,False,accountancy-practice-payroll,-,-,none,-,-,"Cork practice, 20+ staff; four site pages captured, none mention payroll.",accountancy-practice-payroll,medium
tearle-carver-limited,Tearle & Carver Limited,tearlecarver.co.uk,GB,11-50,LIKELY,False,accountancy-practice-payroll,-,-,none,-,-,700+ SME clients; no payroll page retrievable.,accountancy-practice-payroll,medium
the-company-shop-cs-business-ltd-,The Company Shop (CS Business Ltd),thecompanyshop.co.uk,GB,11-50,DISQUALIFIED,False,,-,-,none,Company formation agent and registered-office provider (Belfast); no payroll processing for clients on any captured page.,-,-,accountancy-practice-payroll,medium
the-taxcom-accountants,The TaxCom Accountants,thetaxcom.co.uk,GB,11-50,QUALIFIED,True,accountancy-practice-payroll,https://thetaxcom.co.uk/services/payroll/,"Our payroll services take the hassle out of managing employee payments. We handle precise payroll processing, tax deductions, and compliance",strong,-,-,LLP in Manchester; payroll a named service line.,accountancy-practice-payroll,medium
thirdsectoraccountancylimited,Third Sector Accountancy,thirdsectoraccountancy.coop,GB,11-50,QUALIFIED,True,accountancy-practice-payroll,https://www.thirdsectoraccountancy.coop/services/book-keeping,"monthly book-keeping services to clients that don't have a finance worker, using cloud software",strong,-,-,Workers co-op serving charities/CICs; cloud payroll and payroll journals delivered for clients.,accountancy-practice-payroll,medium
verity-partners-business-advisory,Verity Partners,verity.partners,GB,11-50,LIKELY,False,accountancy-practice-payroll,-,-,none,-,-,"Formation/compliance provider for founders; payroll pages are guides, payroll run-service not confirmed.",accountancy-practice-payroll,medium
walker-dunnett,Walker Dunnett & Co,walkerdunnett.co.uk,GB,11-50,QUALIFIED,True,accountancy-practice-payroll,https://www.walkerdunnett.co.uk/services/support-services/payroll-services,"We can help you by installing payroll software, training your team or taking over the payroll function",strong,-,-,Dundee practice with a Practice and Payroll Manager.,accountancy-practice-payroll,high
welltaxglobal,WellTax,well-tax.com,GB,11-50,QUALIFIED,True,accountancy-practice-payroll,https://well-tax.com/services/payments-payroll/payroll-management-hr/,"Outsourcing payroll services can help save time and money... At WellTax, we can provide confidential and cost-effective assistance",strong,-,-,"UK/UAE firm, UK HQ; outsourced payroll a named service.",accountancy-practice-payroll,medium
westendcorp,Westend Corporate,westendcorporate.com,GB,11-50,LIKELY,False,accountancy-practice-payroll,-,-,none,-,-,Outsourced accountancy/corporate services to listed companies; no payroll mention on four captured pages.,accountancy-practice-payroll,medium
whelan-accountancy,Whelan Accountancy,whelanaccountancy.ie,IE,11-50,QUALIFIED,True,accountancy-practice-payroll,https://whelanaccountancy.ie/payroll-services/,Our specialised team enables you to outsource your company's accounting and payroll financial functions,strong,-,-,Irish practice (ROI in scope).,accountancy-practice-payroll,medium
whitesides-chartered-accountants,Whitesides Chartered Accountants,whitesidesca.com,GB,11-50,QUALIFIED,True,accountancy-practice-payroll,https://whitesidesca.com/services/payroll-and-paye/,"Whitesides act as a one stop shop for payroll services in Leeds, ensuring our clients are always compliant",strong,-,-,"Leeds practice, ~30 years.",accountancy-practice-payroll,high
whittles-llp,Whittles,-,GB,11-50,LIKELY,False,accountancy-practice-payroll,-,-,none,-,-,"LinkedIn description belongs to a marketing agency, not this accountancy firm; recorded domain resolves to uk.com registrar page. Verify entity before outreach.",accountancy-practice-payroll,medium
wilds-chartered-accountants,Wilds Chartered Accountants,wildsca.com,GB,11-50,LIKELY,False,accountancy-practice-payroll,-,-,none,-,-,Wilds Group (Radcliffe/Clitheroe); site returned no readable payroll page.,accountancy-practice-payroll,medium
xcellency,Xcellency,-,GB,11-50,DISQUALIFIED,False,,-,-,none,Digital marketing agency for accounting firms (xcellency.co.uk title: 'Digital Marketing Agency for Accountants in UK') - does not process payroll.,-,-,accountancy-practice-payroll,medium
brc-accountants,Xeinadin (previously Xeinadin BRC Accountants),-,GB,11-50,QUALIFIED,True,accountancy-practice-payroll,https://www.xeinadin.com/services/payroll/,"a Top 20 firm of accountants and business advisors providing audit, accounts, payroll, corporate finance, corporate recovery, tax and VAT advice",strong,-,-,"Absorbed practice now trading as Xeinadin Group (2,000+ staff); software buying likely central, not local.",accountancy-practice-payroll,medium
mcgregors-corporate,Xeinadin (previously Xeinadin McGregors),-,GB,11-50,QUALIFIED,True,accountancy-practice-payroll,https://www.xeinadin.com/services/payroll/,"a Top 20 firm of accountants and business advisors providing audit, accounts, payroll, corporate finance, corporate recovery, tax and VAT advice",strong,-,-,McGregors absorbed into Xeinadin Group; duplicate of the other Xeinadin record in this shard.,accountancy-practice-payroll,medium
young-&-co-chartered-accountants,Young & Co. Chartered Accountants,youngand.co.uk,GB,11-50,QUALIFIED,True,accountancy-practice-payroll,https://www.youngand.co.uk/services/outsourcing/,By outsourcing some of your services to Young & Co you can save both time and money for your business,strong,-,-,Hereford practice; payroll within outsourcing service line.,accountancy-practice-payroll,medium
debere,debére,debere-ne.co.uk,GB,11-50,QUALIFIED,True,accountancy-practice-payroll,https://www.debere-ne.co.uk/about/our-team/abby-beresford/,Abby manages our payroll department covering all payroll and pension submissions for our clients,strong,-,-,"Dedicated payroll department, 3+ payroll staff incl. CIPP member.",accountancy-practice-payroll,medium
intax-llp,inTAX,intaxltd.com,GB,11-50,LIKELY,False,accountancy-practice-payroll,-,-,none,-,-,Specialist tax-investigation firm; payroll service not evidenced. Low fit.,accountancy-practice-payroll,medium
asp-accountants-limited,"AIS Accountants Limited, Suite 4 , 34a Waterloo Road, London, NW2 7UH",aisaccountants.co.uk,GB,11-50,LIKELY,False,accountancy-practice-payroll,-,-,none,-,-,'We become your finance department' outsourcing pitch; payroll not explicitly evidenced.,accountancy-practice-payroll,medium
abraham-accountants-ltd,Abraham Accountants,abrahamaccountants.com,GB,11-50,QUALIFIED,True,accountancy-practice-payroll,https://abrahamaccountants.com/payroll/,Business Accounting Accounts and Bookkeeping Payroll Tax Returns Tax Investigation VAT Returns,strong,-,-,Bradford practice; payroll a top-level service page.,accountancy-practice-payroll,medium
ace-accountancy,Ace Accountancy,ace-accountancy.com,GB,11-50,LIKELY,False,accountancy-practice-payroll,-,-,none,-,-,No payroll content retrievable from site.,accountancy-practice-payroll,medium
adbell-international-limited,Adbell International Limited,adbellinternational.com,GB,11-50,QUALIFIED,True,accountancy-practice-payroll,https://www.adbellinternational.com/services/corporate-services/payroll/,Corporate secretarial Management accounts Bookkeeping Payroll Annual accounts,strong,-,-,City of London firm serving international clients.,accountancy-practice-payroll,medium
advance-chartered-accountants,Advance Accountancy,advanceaccountancy.co.uk,GB,11-50,LIKELY,False,accountancy-practice-payroll,-,-,none,-,-,Site unreachable from session.,accountancy-practice-payroll,medium
anderson-pierce-&-co-ltd,Anderson Pierce & Co,andersonpierce.com,GB,11-50,LIKELY,False,accountancy-practice-payroll,-,-,none,-,-,No payroll content retrievable.,accountancy-practice-payroll,medium
aq-consulting-accountants-limited,Aq Consulting Accountants Limited,-,GB,11-50,LIKELY,False,accountancy-practice-payroll,-,-,none,-,-,Ilford practice; no payroll page found.,accountancy-practice-payroll,medium
arvotax,Arvo,arvo.tax,GB,11-50,QUALIFIED,True,accountancy-practice-payroll,https://www.arvo.tax/growing-limited-companies,"Cash flow, profitability, tax planning, payroll, software and reporting all start playing a much bigger role",weak,-,-,Payroll named in sector service pages; no dedicated payroll page.,accountancy-practice-payroll,medium
askthebossuk,Ask The Boss | B Corp™,ask-the-boss.co.uk,GB,11-50,QUALIFIED,True,accountancy-practice-payroll,https://www.ask-the-boss.co.uk/kamran-ahmed,"Kamran has experience in managing our clients' day to day Bookkeeping, Payroll and VAT Returns",weak,-,-,"B Corp, employee-owned London practice; payroll run for clients per team pages.",accountancy-practice-payroll,medium
bas-associates-ltd,BAS Associates Ltd,basassociates.co.uk,GB,11-50,LIKELY,False,accountancy-practice-payroll,-,-,none,-,-,Family-run practice; no payroll page retrievable.,accountancy-practice-payroll,medium
bpc-chandarana-co,BPC Chandarana+Co,bpc.cc,GB,11-50,LIKELY,False,accountancy-practice-payroll,-,-,none,-,-,Site unreachable from session.,accountancy-practice-payroll,medium
bache-brown-&-co.-limited,Bache Brown & Limited,bachebrown.co.uk,GB,11-50,LIKELY,False,accountancy-practice-payroll,-,-,none,-,-,Site unreachable from session.,accountancy-practice-payroll,medium
balance-accountants,Balance Accountants,balanceonline.co.uk,GB,11-50,DISQUALIFIED,False,,-,-,none,Acquired/absorbed - balanceonline.co.uk now redirects to langricks.com/about/balance-accountancy; trades as Langricks.,-,-,accountancy-practice-payroll,medium
barnett-ravenscroft-accountants,Barnett Ravenscroft Accountants,braccountants.co.uk,GB,11-50,LIKELY,False,accountancy-practice-payroll,-,-,none,-,-,Only blog references to payroll changes; no service page confirmed.,accountancy-practice-payroll,medium
baverstocks-limited,Baverstocks Chartered Certified Accountants,baverstocks.com,GB,11-50,LIKELY,False,accountancy-practice-payroll,-,-,none,-,-,No payroll content retrievable.,accountancy-practice-payroll,medium
blackfoxadvisers,Black Fox Advisers Limited,-,GB,11-50,LIKELY,False,accountancy-practice-payroll,-,-,none,-,-,"Site is blackfoxadvisory.com; only a payroll calculator resource found, no payroll service page.",accountancy-practice-payroll,medium
bright-partnership,Bright Partnership Limited,brightpartnership.co.uk,GB,11-50,LIKELY,False,accountancy-practice-payroll,-,-,none,-,-,No payroll content retrievable.,accountancy-practice-payroll,medium
campbell-stewart-maclennan-co,Campbell Stewart MacLennan & Co,csmco.net,GB,11-50,QUALIFIED,True,accountancy-practice-payroll,https://www.linkedin.com/company/campbell-stewart-maclennan,"They provide accounting, taxation, payroll, VAT, cloud accounting, company incorporation, business planning",weak,-,-,"Highlands & Islands practice (Portree, Kyle, Benbecula); site returned no readable payroll page.",accountancy-practice-payroll,medium
cashlong-group,Cashlong Group,cashlonggroup.co.uk,GB,11-50,QUALIFIED,True,accountancy-practice-payroll,https://cashlonggroup.co.uk,"provide tax advice and planning options, self-assessment tax returns, VAT returns, Payroll, Bookkeeping, credit management, company formations",weak,-,-,Wealth/asset management group with an accountancy division doing client payroll.,accountancy-practice-payroll,medium
cassidys-limited,Cassidys Limited,cassidys.co.uk,GB,11-50,LIKELY,False,accountancy-practice-payroll,-,-,none,-,-,Site unreachable from session.,accountancy-practice-payroll,medium
cedar-co,Cedar + Co,cedarandco.co.uk,GB,11-50,LIKELY,False,accountancy-practice-payroll,-,-,none,-,-,Site unreachable from session.,accountancy-practice-payroll,medium
centora-james-limited,Centora James Limited,centora.com,GB,11-50,LIKELY,False,accountancy-practice-payroll,-,-,none,-,-,No payroll content retrievable.,accountancy-practice-payroll,high
chadwick-accountants-bookkeepers-ltd,Chadwick Accountants & Bookkeepers Ltd,chadwickaccountants.co.uk,GB,11-50,QUALIFIED,True,accountancy-practice-payroll,https://www.chadwickaccountants.co.uk/service/payroll,Accountancy Bookkeeping & VAT Year End Accounts Payroll R&D Tax Credits Management Accounts,strong,-,-,Has a director titled 'Payroll Specialist'.,accountancy-practice-payroll,medium
cloudit-bookkeeping-ltd,Cloudit Bookkeeping,clouditbookkeeping.co.uk,GB,11-50,LIKELY,False,accountancy-practice-payroll,-,-,none,-,-,Bookkeeping practice; no payroll page retrievable.,accountancy-practice-payroll,high
collab-accounting-uk-ltd,Collab Accounting UK,-,GB,11-50,LIKELY,False,accountancy-practice-payroll,-,-,none,-,-,Outsourced back-office support to UK accounting firms; primary domain collabaccounting.in - delivery likely offshore. Verify before outreach.,accountancy-practice-payroll,high
comerford-foley,Comerford Foley,comerfordfoley.ie,IE,11-50,LIKELY,False,accountancy-practice-payroll,-,-,none,-,-,Irish practice; no payroll page retrievable.,accountancy-practice-payroll,high
community-accounting-plus-notts,Community Accounting Plus,caplus.org.uk,GB,11-50,QUALIFIED,True,accountancy-practice-payroll,https://www.caplus.org.uk/payroll-service,"Reliable and accurate payroll management, ensuring your team gets paid correctly and on time",strong,-,-,Charity providing finance/payroll services to charities and CICs.,accountancy-practice-payroll,medium
cresswells-accountants-llp,Cresswells Accountants,cresswells.co.uk,GB,11-50,QUALIFIED,True,accountancy-practice-payroll,https://www.cresswells.co.uk/keep-on-top-of-your-bookkeeping-payroll/,Keep on top of your bookkeeping and payroll,strong,-,-,Hebden Bridge / Halifax practice.,accountancy-practice-payroll,medium
ctaxlimited,Ctax Limited,consultandtax.co.uk,GB,11-50,LIKELY,False,accountancy-practice-payroll,-,-,none,-,-,Site unreachable from session.,accountancy-practice-payroll,medium
djhdental,DJH Specialist Dental Team,djh.co.uk,GB,11-50,LIKELY,False,accountancy-practice-payroll,-,-,none,-,-,"DJH is a multi-office accountancy and advisory group; site unreachable from session, payroll not confirmed.",accountancy-practice-payroll,medium
deanstatham,Dean Statham Chartered Accountants and Business Advisors,dsonline.co.uk,GB,11-50,QUALIFIED,True,accountancy-practice-payroll,http://www.dsonline.co.uk,"Payroll We cover all aspects of payroll, and every service is tailored to suit each individual",strong,-,-,Chartered practice; payroll a named client service.,accountancy-practice-payroll,medium
djsn-accounting-services-limited,Djsn Accounting Services Limited,-,GB,11-50,LIKELY,False,accountancy-practice-payroll,-,-,none,-,-,No website or description on record.,accountancy-practice-payroll,medium
e-r-grove-&-co,E R Grove & Co,ergrove.co.uk,GB,11-50,QUALIFIED,True,accountancy-practice-payroll,https://ergrove.co.uk/our-services/payroll/,Payroll Bureau Delegate your payroll hassle to our seasoned team for stress-free administration,strong,-,-,Explicitly markets a payroll bureau - strong fit.,accountancy-practice-payroll,medium
e-accountants-limited,E-Accountants Limited,e-accountants.net,GB,11-50,LIKELY,False,accountancy-practice-payroll,-,-,none,-,-,No payroll content retrievable.,accountancy-practice-payroll,medium
esdg,ESDG Accountancy,esdgaccountancy.com,GB,11-50,QUALIFIED,True,accountancy-practice-payroll,https://www.esdgaccountancy.com,"Bookkeeping, Cloud Accounting Software, CIS & Payroll services",strong,-,-,"ICAEW practice, South East London/Kent.",accountancy-practice-payroll,high
eclat-accountancy-ltd,Eclat Accountancy,eclataccountancy.co.uk,GB,11-50,QUALIFIED,True,accountancy-practice-payroll,https://eclataccountancy.co.uk,Payroll Click to view all services,weak,-,-,Payroll listed as a service block on homepage; no dedicated page captured.,accountancy-practice-payroll,medium
enterprise-accountancy-services-limited,Enterprise Chartered Certified Accountants,enterpriseaccountancy.co.uk,GB,11-50,LIKELY,False,accountancy-practice-payroll,-,-,none,-,-,No payroll content retrievable.,accountancy-practice-payroll,medium
essendon-accounts-&-tax-limited,Essendon Accounts & Tax Limited,essendonaccounts.co.uk,GB,11-50,QUALIFIED,True,accountancy-practice-payroll,https://essendonaccounts.co.uk/our-services/payroll/,"stress-free bookkeeping, tax, VAT, payroll, and expert financial guidance",strong,-,-,Milton Keynes chartered practice.,accountancy-practice-payroll,medium
fm-accountants-&-business-advisers,FM Accountants & Business Advisors,fmaccountants.ie,IE,11-50,DISQUALIFIED,False,,-,-,none,Acquired - fmaccountants.ie now redirects to aabgroup.com; absorbed into AAB Group.,-,-,accountancy-practice-payroll,medium
fzcoaccountants,FZCO Accountants,fzcoltd.com,GB,11-50,QUALIFIED,True,accountancy-practice-payroll,https://www.fzcoltd.com/payroll/,Business Advisory Services Payroll Service VAT Service Statutory Reporting Corporation Tax,strong,-,-,Multi-jurisdiction outsourced accounting (UK HQ).,accountancy-practice-payroll,medium
felton-pumphrey,Feltons Chartered Accountants,fpca.co.uk,GB,11-50,QUALIFIED,True,accountancy-practice-payroll,https://www.linkedin.com/company/feltons-chartered-accountants,We provide outsourced booking. payroll and management accounting for businesses of all sizes,weak,-,-,fpca.co.uk now serves feltons.com; payroll confirmed only from company description.,accountancy-practice-payroll,medium
finance-services-ire,Finance Services,financeservices.ie,IE,11-50,QUALIFIED,True,accountancy-practice-payroll,https://www.linkedin.com/company/finance-services-ie,"Finance Services provides a diverse range of outsourced services to clients... Accounting and Bookkeeping, Payroll, Credit Control",weak,-,-,"Irish outsourced finance provider and authorised Sage Business Partner (partner, not competitor); site 403s to automated fetch.",accountancy-practice-payroll,high
finsbury-robinson-ltd,Finsbury Robinson,finsburyrobinson.co.uk,GB,11-50,LIKELY,False,accountancy-practice-payroll,-,-,none,-,-,"Accountancy practice 11-50; site not in evidence pack, no payroll page verified.",accountancy-practice-payroll,medium
focalbusinessgroup,Focal Business Group,focalbusiness.co.uk,GB,11-50,LIKELY,False,accountancy-practice-payroll,-,-,none,-,-,Outsourced finance team for SMEs; payroll likely but unverified.,accountancy-practice-payroll,high
francis-james-&-partners-llp,Francis James & Partners,francisjamesllp.co.uk,GB,11-50,LIKELY,False,accountancy-practice-payroll,-,-,none,-,-,"Chartered accountants, Leigh on Sea; no evidence pack.",accountancy-practice-payroll,medium
fraser-russell,Fraser Russell,fraserrussell.com,GB,11-50,LIKELY,False,accountancy-practice-payroll,-,-,none,-,-,Chartered accountancy firm; no evidence pack.,accountancy-practice-payroll,medium
friend-llp,Friend Partnership,friendpartnership.com,GB,11-50,LIKELY,False,accountancy-practice-payroll,-,-,none,-,-,Chartered accountants Birmingham/London; no evidence pack.,accountancy-practice-payroll,medium
fynaxuk,Fynax,fynax.co.uk,GB,11-50,QUALIFIED,True,accountancy-practice-payroll,https://www.linkedin.com/company/fynaxuk,"Our expertise includes payroll, bookkeeping, tax and VAT, outsourced accounting, and advisory services.",weak,-,-,Payroll named as client service line on LinkedIn; no site page fetched. 200+ clients.,accountancy-practice-payroll,medium
gkp-ampthill-limited,GKP (AMPTHILL) LIMITED,gkp.co.uk,GB,11-50,LIKELY,False,accountancy-practice-payroll,-,-,none,-,-,"Chartered accountants, Ampthill; no evidence pack.",accountancy-practice-payroll,medium
granite-morgan-smith-limited,GMS,granitemorgansmith.co.uk,GB,11-50,LIKELY,False,accountancy-practice-payroll,-,-,none,-,-,"Accountants and statutory auditors, Essex; no evidence pack.",accountancy-practice-payroll,medium
gsw-accountants-&-tax-advisors,GSW Accountants & Tax Advisors,gsw.ie,IE,11-50,LIKELY,False,accountancy-practice-payroll,-,-,none,-,-,Irish practice (ROI in scope); no evidence pack.,accountancy-practice-payroll,medium
gallagher-keane-chartered-accountants,Gallagher Keane Chartered Accountants,gallagherkeane.ie,IE,11-50,LIKELY,False,accountancy-practice-payroll,-,-,none,-,-,Dublin practice serving SMEs; no evidence pack.,accountancy-practice-payroll,high
gentia-alliance,Gentia Alliance,-,GB,11-50,DISQUALIFIED,False,,-,-,none,"Network/alliance head office uniting independent accountants and lawyers — payroll sits with its member firms, not with the alliance.",-,"""Gentia Alliance"" is a membership community, not a practice.",accountancy-practice-payroll,medium
gold-accounting,Gold Accounting,-,GB,11-50,LIKELY,False,accountancy-practice-payroll,-,-,none,-,-,Small bookkeeping/accounting firm with links to local practices; no evidence pack.,accountancy-practice-payroll,medium
graham-jones-chartered-accountants,Graham Jones Chartered Accountants,-,GB,11-50,LIKELY,False,accountancy-practice-payroll,-,-,none,-,-,"Chartered accountants, Hythe; no evidence pack.",accountancy-practice-payroll,medium
hadleys-&-co,Hadleys & Co,hadleysco.com,GB,11-50,LIKELY,False,accountancy-practice-payroll,-,-,none,-,-,"General practice, London Docklands. Site fetched but no payroll service page found.",accountancy-practice-payroll,medium
harbour-key-llp,Harbour Key Limited,harbourkey.com,GB,11-50,LIKELY,False,accountancy-practice-payroll,https://www.harbourkey.com/products/debbie-frost,"experience in various facets of financial expertise, including financial planning, tax, audit, and payroll management",weak,-,-,Compliance manager profile cites payroll management; no dedicated payroll service page found.,accountancy-practice-payroll,medium
harts-chartered-accountants,Harts Chartered Accountants,harts.co.nz,GB,11-50,LIKELY,False,accountancy-practice-payroll,-,-,none,-,-,WRONG-DOMAIN PACK: recorded domain harts.co.nz is a New Zealand firm; UK firm is harts.co.uk. Not verified.,accountancy-practice-payroll,medium
harwood-hutton,Harwood Hutton,harwoodhutton.co.uk,GB,11-50,DISQUALIFIED,False,,-,-,none,Acquired — from 1 December 2023 Harwood Hutton became part of Evelyn Partners (now S&W Group); the domain now serves S&W content.,-,"Historic payroll bureau PDF still on site, but the firm is absorbed into S&W/Evelyn Partners.",accountancy-practice-payroll,medium
hayhow-&-co,Hayhow & Co,hayhow.com,GB,11-50,QUALIFIED,True,payroll-bureau,https://www.hayhow.com/services/payroll,We operate a large payroll department which is available for all businesses either as part of an accounting package or as a stand-alone service. Our dedicated payroll bureau provides:,strong,-,-,Explicit payroll bureau inside an accountancy practice.,accountancy-practice-payroll,medium
henry-brown-&-co,Henry Brown & Co,henrybrown.co.uk,GB,11-50,QUALIFIED,True,accountancy-practice-payroll,https://www.henrybrown.co.uk/en/payroll_48395/,At Henry Brown & Co our specialist payroll department has the knowledge expertise and efficiency to ensure that not only is your payroll operated correctly,strong,-,-,"Specialist payroll department, Kilmarnock.",accountancy-practice-payroll,medium
hlwa-bristol,Herbert Lewis Williams & Associates (HLWA),hlwa.co.uk,GB,11-50,QUALIFIED,True,accountancy-practice-payroll,https://hlwa.co.uk/accountancy-services/,Our team of associates collaborates to provide comprehensive payroll solutions. We can help with all of the intricacies of paying staff,strong,-,-,Licensed-trade specialist practice; payroll & PAYE service line.,accountancy-practice-payroll,medium
husky-finance,Husky,huskyfinance.com,GB,11-50,QUALIFIED,True,payroll-bureau,https://huskyfinance.com/services/payroll/,Husky seamlessly manages your payroll and integrates with your existing pension schemes... Finalise payroll and submit it to HMRC,strong,-,-,Payroll+pension bureau serving accountants and employers. Runs own portal/app — watch for part-competitor overlap.,accountancy-practice-payroll,medium
ihb-accountants-ltd,IHB Accountants,ihbaccountants.co.uk,GB,11-50,LIKELY,False,accountancy-practice-payroll,-,-,none,-,-,"Chartered accountants, East London/Essex; no evidence pack.",accountancy-practice-payroll,medium
incorpro-ie,Incorpro,incorpro.ie,IE,11-50,LIKELY,False,accountancy-practice-payroll,-,-,none,-,-,Irish chartered accountancy for SMEs; no evidence pack.,accountancy-practice-payroll,medium
institure-of-chartered-accountants,Institure of Chartered Accountants,kvcharteredaccountants.co.uk,GB,11-50,LIKELY,False,accountancy-practice-payroll,-,-,none,-,-,"Record name says ""Institute of Chartered Accountants"" but domain is KV Chartered Accountants, a practice — not a professional body. Unverified.",accountancy-practice-payroll,medium
jfs-business-services,JFS Torbitt,jfstorbitt.co.uk,GB,11-50,QUALIFIED,True,accountancy-practice-payroll,http://www.jfstorbitt.co.uk/,Explore our services ### Accountancy ### Bookkeeping ### HMRC Investigation Insurance ### Payroll ### Software ### Taxation ### VAT Compliance,strong,-,-,Payroll listed as a client service line.,accountancy-practice-payroll,medium
jk-accountants-uk-ltd,JK ACCOUNTANTS (UK) LTD,jkaccountants.com,GB,11-50,QUALIFIED,True,accountancy-practice-payroll,https://www.jkaccountants.com/payroll-management-london,Outsource Payroll Management ... what if you could forget about your payroll management system and invest your valuable time in improving the business?,strong,-,-,Dedicated outsourced payroll page.,accountancy-practice-payroll,medium
jp-accounting-services,JP Accounting Services,jpas.co.uk,GB,11-50,LIKELY,False,accountancy-practice-payroll,-,-,none,-,-,Charity-sector practice; no evidence pack.,accountancy-practice-payroll,medium
jwpcreers-llp-chartered-accountants-&-business-advisers,JWPCreers Chartered Accountants & Business Advisers,bigvits.co.uk,GB,11-50,LIKELY,False,accountancy-practice-payroll,-,-,none,-,-,WRONG-DOMAIN PACK (bigvits.co.uk belongs to another entity). JWPCreers is a large York practice; real site jwpcreers.co.uk not verified here.,accountancy-practice-payroll,high
jaffer-&-co-llp,Jaffer & Co,jafferandco.com,GB,11-50,QUALIFIED,True,accountancy-practice-payroll,https://www.jafferandco.com/services/accounting-and-payroll-services,"Accounting and Payroll Services — At Jaffer and Co, we take care of all your bookkeeping and accounting needs.",strong,-,-,Combined accounting & payroll service page.,accountancy-practice-payroll,medium
jon-davies-accountants-ltd,Jon Davies Accountants Limited,jondaviesaccountants.co.uk,GB,11-50,QUALIFIED,True,accountancy-practice-payroll,https://www.jondaviesaccountants.co.uk/were-hiring-a-payroll-manager-could-it-be-you/,you will take responsibility for the delivery of our payroll services to over 120 clients,strong,-,advertising payroll vacancies,120+ payroll clients; actively hiring a Payroll Manager.,accountancy-practice-payroll,medium
just-simply-organised-ltd,Just Simply Organised Ltd,justsimplyorganised.co.uk,GB,11-50,QUALIFIED,True,payroll-bureau,https://justsimplyorganised.co.uk/our-services/payroll-bureau/,"Outsourcing your payroll to Just Simply Organised’s bureau is the answer. We provide a fully computerised payroll bureau package, tailored to your specific requirements, approved by HMRC.",strong,-,-,"Bookkeeping + payroll bureau, Sussex.",accountancy-practice-payroll,medium
kinnaird-hill,Kinnaird Hill,kinnairdhill.co.uk,GB,11-50,QUALIFIED,True,accountancy-practice-payroll,https://www.kinnairdhill.co.uk/services/payroll,We can provide the following payroll services: ... We can produce your company’s payslips ready for you to pay your staff,strong,-,-,Payroll service page.,accountancy-practice-payroll,medium
holmes-peat-thorpe-lmj-chartered-accountants,LMJ Group | Chartered Accountants,lmjaccountants.co.uk,GB,11-50,QUALIFIED,True,accountancy-practice-payroll,https://www.linkedin.com/company/lmj-group-chartered-accountants,"We combine expert accounting, taxation, and payroll services with smart commercial strategies",weak,-,merger/rebrand,"Domain now serves ""LMJ | Holmes Peat Thorpe"" — practices appear merged/rebranded; payroll claimed on LinkedIn only.",accountancy-practice-payroll,high
lsesu-accounting-society,LSESU Accounting Society,-,GB,11-50,DISQUALIFIED,False,,-,-,none,"LSE Students’ Union student society, not a business — processes no payroll.",-,-,accountancy-practice-payroll,medium
lancasters,"Lancasters, Chartered Accountants",uk.net,GB,11-50,QUALIFIED,True,payroll-bureau,https://www.lancasters.uk.net/services/payroll,Our Payroll Bureau operates on a fixed fee basis so you always know where you are.,strong,-,-,"Pack mixed several uk.net domains, but lancasters.uk.net is this firm’s own site.",accountancy-practice-payroll,medium
leadforceuk,Leadforce,-,GB,11-50,DISQUALIFIED,False,,-,-,none,Lead-generation marketplace connecting accountants/bookkeepers with business owners — it does not process payroll for client organisations.,-,-,accountancy-practice-payroll,medium
legal-accounts-limited,Legal Accounts Limited,legalaccountsltd.co.uk,GB,11-50,QUALIFIED,True,payroll-bureau,https://www.legalaccountsltd.co.uk/payroll,"Payroll services in the UK designed for legal firms and businesses needing reliable outsourced payroll support, HMRC RTI submissions and responsive ongoing support.",strong,-,-,Legal cashiering outsourcer with a full outsourced payroll line and multiple city landing pages.,accountancy-practice-payroll,high
lithgow-perkins-llp,Lithgow Perkins LLP,lithgow-perkins.co.uk,GB,11-50,QUALIFIED,True,accountancy-practice-payroll,https://www.lithgow-perkins.co.uk/services/business-services/payroll/,Administering your payroll can be time consuming and burdensome. Even then are you always sure you have got it right?,strong,-,-,Payroll department run 25+ years by a dedicated Payroll & VAT Compliance Manager.,accountancy-practice-payroll,medium
loveyouraccountants,Love Your Accountants,loveyouraccountants.com,GB,11-50,QUALIFIED,True,accountancy-practice-payroll,https://loveyouraccountants.com/services/bookkeeping-payroll-and-auto-enrolment-solutions,"Bookkeeping, payroll and auto-enrolment — Just another service that saves you time.",strong,-,-,Payroll & auto-enrolment service line.,accountancy-practice-payroll,medium
m&s-accountancy-and-taxation-llp,M&S Accountancy and Taxation,msactax.co.uk,GB,11-50,LIKELY,False,accountancy-practice-payroll,-,-,none,-,-,"Tax-led Dunfermline practice; payroll appears only in news articles, no service page found.",accountancy-practice-payroll,medium
mad-about-book-keeping,Mad About Book-Keeping t/a M A Accountancy Group,madaboutbookkeeping.co.uk,GB,11-50,QUALIFIED,True,accountancy-practice-payroll,https://www.madaboutbookkeeping.co.uk/wp-content/uploads/2026/04/Price-List-April-2026.pdf,PAYROLL SERVICES Pay slips £6.00 each (+VAT) RTI/EPS/CIS £11.00 per submission (+VAT) New Starter Setup £6.00 each,strong,-,-,Priced payroll service line in published fee schedule.,accountancy-practice-payroll,high
michael-filiou-ltd,Michael Filiou,-,GB,11-50,LIKELY,False,accountancy-practice-payroll,-,-,none,-,-,16-strong practice; no evidence pack.,accountancy-practice-payroll,medium
michaelides-warner-&-co,Michaelides Warner: Accountants and Business Advisors,michaelideswarner.co.uk,GB,11-50,QUALIFIED,True,accountancy-practice-payroll,https://www.michaelideswarner.co.uk/services/services-for-business/payroll,We can help relieve you of the burden with our comprehensive payroll service.,strong,-,-,"Payroll service page, Hammersmith.",accountancy-practice-payroll,medium
morgans-chartered-accountants,Morgans Chartered Accountants,morgansca.co.uk,GB,11-50,QUALIFIED,True,accountancy-practice-payroll,https://www.morgansca.co.uk/careers/,"an additional member of staff, initially on a part-time basis, to assist with duties in our payroll bureau",strong,-,advertising payroll vacancies; client growth,In-house payroll bureau; recruiting payroll staff on the back of client growth.,accountancy-practice-payroll,medium
moriarty-&-murphy-accountants-&-auditors,Moriarty & Murphy Accountants & Auditors,moriartymurphy.ie,IE,11-50,LIKELY,False,accountancy-practice-payroll,-,-,none,-,-,"Dublin practice, member of Kudos International network (member firm, not head office). Site is a thin brochure; no payroll page found.",accountancy-practice-payroll,medium
murray-taylor-chartered-certified-accountants,Murray Taylor Chartered Certified Accountants,murray-taylor.com,GB,11-50,QUALIFIED,True,accountancy-practice-payroll,https://murray-taylor.com/services/bookkeeping/,"Bookkeeping and payroll can be tedious, time-consuming and complex for many businesses.",strong,-,-,"Bookkeeping & payroll service line, Angus.",accountancy-practice-payroll,medium
mytaxireland,Mytax,my-tax.ie,IE,11-50,LIKELY,False,accountancy-practice-payroll,-,-,none,-,-,Irish accounting and tax practice; no evidence pack.,accountancy-practice-payroll,medium
no-worries-company-services-ltd,No Worries Company Services,no-worries.co.uk,GB,11-50,QUALIFIED,True,umbrella-contractor-payroll,https://www.no-worries.co.uk/umbrella-service/,"Our Contractor Umbrella service has been built around what you need, so you get paid as fast as possible.",strong,-,-,Contractor accountants running an FCSA/SafeRec-accredited umbrella plus a DPNI payroll service.,accountancy-practice-payroll,medium
northover-&-co,Northover & Co,northoverco.co.uk,GB,11-50,QUALIFIED,True,accountancy-practice-payroll,https://www.northoverco.co.uk/services/business-accounting/payroll,"By allowing us to look after your payroll activity, we will free up more time for your staff to attend to other business areas",strong,-,-,"Payroll service page, Chandlers Ford.",accountancy-practice-payroll,medium
numero-accounts,Numero Accounts Services,numeroaccounts.com,GB,11-50,LIKELY,False,accountancy-practice-payroll,-,-,none,-,-,"Outsourced legal cashiering/bookkeeping for solicitors; payroll appears only incidentally in a blog, not as a service.",accountancy-practice-payroll,medium
oakensen-limited,Oakensen | Chartered Accountants,oakensen.co.uk,GB,11-50,QUALIFIED,True,accountancy-practice-payroll,https://www.oakensen.co.uk/accountingservices,Fully managed bookkeeping and payroll,strong,-,-,Payroll named in managed accounting services.,accountancy-practice-payroll,medium
obc-the-accountants-limited,Obc The Accountants Limited,-,GB,11-50,LIKELY,False,accountancy-practice-payroll,-,-,none,-,-,No domain and no description on record; nothing verifiable.,accountancy-practice-payroll,medium
orana-corporate-llp,Orana Corporate LLP,oranacorp.com,GB,11-50,QUALIFIED,True,accountancy-practice-payroll,https://www.oranacorp.com/services,"ORANA provides a fully outsourced accounting service, including bookkeeping, payroll, management accounts, financial statement preparation",strong,-,-,Corporate-finance boutique but sells outsourced accounting incl. payroll. FCA regulated.,accountancy-practice-payroll,medium
outserve-limited,Outserve,outserve.co.uk,GB,11-50,LIKELY,False,accountancy-practice-payroll,-,-,none,-,-,Ecommerce accounting specialist; Xero/Unleashed Gold Partner (partner status is not disqualifying). No payroll page found on site.,accountancy-practice-payroll,medium
p--b--syddall-&-co-,P. B. Syddall & Co.,pbsyd.co.uk,GB,11-50,QUALIFIED,True,accountancy-practice-payroll,https://www.pbsyd.co.uk/our-services/business-services/payroll/,"If you have employees on the payroll, you need to make sure they get paid the right amount on time every month.",strong,-,-,"Payroll service page, Bolton.",accountancy-practice-payroll,medium
p10-financial-group,P10 Financial Group,p10financial.com,GB,11-50,LIKELY,False,accountancy-practice-payroll,https://p10financial.com/accountancy,-,weak,-,-,"Multi-line financial group (accountancy, mortgages, insurance). Payroll referenced only in staff bios; no payroll service page found.",accountancy-practice-payroll,medium
parkers-accountants,Parkers Chartered Accountants,parkerpartnership.co.uk,GB,11-50,QUALIFIED,True,accountancy-practice-payroll,https://parkerpartnership.co.uk/team/annette-watson-fca/,"recommending and reviewing (or providing) bookkeeping systems, VAT registration and PAYE and payroll functions",weak,-,-,Payroll confirmed via partner profile rather than a service page.,accountancy-practice-payroll,medium
payroll-sorted,Payroll Sorted,payrollsorted.com,GB,11-50,QUALIFIED,True,payroll-bureau,https://payrollsorted.com/,WOULD YOU LIKE TO REMOVE PAYROLL FROM YOUR PRACTICE? ... WE supporting Accountants and Bookkeepers,strong,-,Payroll Team of the Year 2022,White-label payroll bureau for accountants/bookkeepers — trading division of Fineline Bookkeeping & Payroll Solutions Ltd. Strong fit.,accountancy-practice-payroll,high
place-campbell,Place Campbell,placecampbell.com,GB,11-50,QUALIFIED,True,accountancy-practice-payroll,https://www.placecampbell.com/chambers,here are services that we can provide:- - Bookkeeping - Payroll - Management Accounts - Members statements,strong,-,-,"3,500 clients incl. ~2,500 barristers and 60 chambers; dedicated Accounts and Payroll team.",accountancy-practice-payroll,medium
poole-waterfield,Poole Waterfield,poolewaterfield.co.uk,GB,11-50,QUALIFIED,True,accountancy-practice-payroll,https://poolewaterfield.co.uk/services/payroll/,"We take the complexity out of payroll management for your business. With our comprehensive payroll solutions, we ensure accuracy, compliance, and peace of mind",strong,-,-,"Payroll service page, Midlands.",accountancy-practice-payroll,medium
practical-accounting-training,Practical Accounting Training,-,GB,11-50,DISQUALIFIED,False,,-,-,none,"Accountancy training provider — delivers bookkeeping/accountancy training, does not process payroll for client organisations.",-,-,accountancy-practice-payroll,medium
prb-accountants-llp,Prb Accountants,prbmp.com,GB,11-50,QUALIFIED,True,accountancy-practice-payroll,https://www.prbmp.com/services/business-services/payroll/,"Administering your payroll can be time consuming and burdensome, diverting energy and resources from the core activities of your business",strong,-,-,Payroll service page; partner lists payroll as a practice area.,accountancy-practice-payroll,medium
limited-company-accountant,Precision Accounting Services,-,GB,11-50,LIKELY,False,accountancy-practice-payroll,-,-,none,-,-,"WRONG-DOMAIN PACK: record points at dnsaccounting.co.uk (dns accountants), a different firm. Precision Accounting Services unverified.",accountancy-practice-payroll,medium
qaccounting,QAccounting,qaccounting.com,GB,11-50,QUALIFIED,True,accountancy-practice-payroll,https://www.qaccounting.com/payroll/,"Here at QAccounting we process payroll for our clients at a frequency to suit them – whether that’s weekly, monthly",strong,-,-,Online accountancy for small owner-managed businesses; explicit client payroll processing.,accountancy-practice-payroll,medium
rmt-tech,RMT Technology,rmttechnology.co.uk,GB,11-50,DISQUALIFIED,False,,-,-,none,"IT support / cyber security provider (technology arm of RMT Accountants) — sells IT services, not payroll processing.",-,"Parent RMT Accountants would be the payroll-relevant entity, not this record.",accountancy-practice-payroll,medium
rr-accountancy,RR Accountancy,rraccountancy.ltd,GB,11-50,LIKELY,False,accountancy-practice-payroll,-,-,none,-,-,Contractor/freelancer accountancy practice; site pages fetched show no payroll service page.,accountancy-practice-payroll,medium
riddingtons-ltd,Riddingtons Accountants,riddingtons.co.uk,GB,11-50,QUALIFIED,True,accountancy-practice-payroll,https://riddingtons.co.uk/services/business-accounting/payroll/,The task of payroll processing can often divert you from your core business activity. It is our job to help and take the worry and time out of this process for you.,strong,-,-,"Payroll services page, Kent.",accountancy-practice-payroll,medium
roger-lugg-&-co,Roger Lugg & Co,rogerlugg.co.uk,GB,11-50,QUALIFIED,True,accountancy-practice-payroll,https://rogerlugg.co.uk/payroll-auto-enrollment/,"Payroll is not only time consuming, it is also becoming more and more complex. Our payroll and auto enrolment service",strong,-,-,Payroll & auto-enrolment service page.,accountancy-practice-payroll,medium
ross-partners-bristol-limited,Ross & Partners (Bristol) Limited,ross.partners,GB,11-50,QUALIFIED,True,accountancy-practice-payroll,https://www.ross.partners/services/,### Payroll Services View Details,strong,-,-,Payroll listed as a client service line.,accountancy-practice-payroll,medium
sanders-chartered-accountants,Sanders Chartered Accountants,sandersgroup.co.uk,GB,11-50,LIKELY,False,accountancy-practice-payroll,-,-,none,-,-,"London W1 practice; site mentions only off-payroll/employment tax advisory, no payroll processing page found.",accountancy-practice-payroll,medium
schoolgate-accounting-services-limited,Schoolgate Accounting Services Ltd,schoolgateaccounting.com,GB,11-50,QUALIFIED,True,accountancy-practice-payroll,https://www.schoolgateaccounting.com/services,Efficient monthly payroll services,strong,-,-,-,accountancy-practice-payroll,medium
shepherd-private-clients-limited,Shepherd Private Clients Limited,shepherdprivateclients.co.uk,GB,11-50,LIKELY,False,accountancy-practice-payroll,-,-,none,-,-,Private-client tax practice (Big 4 alumni); services pages show no payroll line. Payroll not confirmed.,accountancy-practice-payroll,medium
shire-professions-finance,Shire Professions Finance,shirepf.co.uk,GB,11-50,DISQUALIFIED,False,,-,-,none,Not a payroll provider: Shire Professions Finance is a business finance broker/lender to law and accountancy practices (part of Shire Business Group).,-,-,accountancy-practice-payroll,medium
silverstone-&-co,Silverstone & Co,silverstoneuk.com,GB,11-50,QUALIFIED,True,accountancy-practice-payroll,https://silverstoneuk.com/home-2/,Payroll Services Businesses may choose to outsource payroll to a payroll provider or operate it inhouse using payroll software.,strong,-,-,"Chartered certified accountants, London/Dubai; back office in Karachi.",accountancy-practice-payroll,medium
smart-tax-and-accountancy,Smart Tax and Accountancy,stamoney.com,GB,11-50,LIKELY,False,accountancy-practice-payroll,-,-,none,-,-,No evidence pack; recorded domain stamoney.com vs website stamoney.biz. Site not reached.,accountancy-practice-payroll,medium
smarter-accounting,Smarter Accounting,smarter-accounting.co.uk,GB,11-50,QUALIFIED,True,accountancy-practice-payroll,https://www.smarter-accounting.co.uk/smarter-services/,Not all payroll providers offer the same level of service. We will offer a solution for your business to make sure your payroll is compliant,strong,-,-,"Xero Platinum / QuickBooks / Sage partner - partner status only, not a competitor.",accountancy-practice-payroll,high
smith-butler-&-co.-chartered-certified-accountants,Smith Butler Accountants & Business Advisors,smithbutler.co.uk,GB,11-50,QUALIFIED,True,accountancy-practice-payroll,https://www.smithbutler.co.uk/services/accounting-support/payroll-year-end-returns/,"We run payroll the right way and on time, providing a tailor-made service for your business",strong,-,-,-,accountancy-practice-payroll,medium
solve-outsource,Solve Outsource,solve.ie,IE,11-50,QUALIFIED,True,payroll-bureau,https://solve.ie/payroll-outsourced-payroll-irish-payroll/,"Solve Outsource Payroll Service will ensure your payroll is completed accurately, on time, every week of the year.",strong,-,-,ROI-based outsourced accounting/payroll bureau; runs both UK and Irish payrolls.,accountancy-practice-payroll,high
spain-brothers-&-co-llp,Spain Brothers & Co,spainbrothers.co.uk,GB,11-50,QUALIFIED,True,accountancy-practice-payroll,https://www.spainbrothers.co.uk/services/business-services/payroll,We can help to relieve the burden with our comprehensive payroll service.,strong,-,-,-,accountancy-practice-payroll,medium
spondoo-accountants,Spondoo Accountants UK,spondoo.co.uk,GB,11-50,QUALIFIED,True,accountancy-practice-payroll,https://www.spondoo.co.uk/fast-track-one-off-services/,Setup my employee's (Pay As Your Earn Scheme) PAYE Scheme We can setup a PAYE scheme in minutes,strong,-,-,"Has in-house software developers but sells accounting/payroll services, not a software product.",accountancy-practice-payroll,medium
stewart-&-co-llp,Stewart & Co LLP,stewartaccountants.co.uk,GB,11-50,QUALIFIED,True,accountancy-practice-payroll,https://www.stewartaccountants.co.uk/services/bookkeeping-payroll/payroll,"By allowing us to look after your payroll activity, we will free up more time for your staff to attend other business areas",strong,-,-,-,accountancy-practice-payroll,medium
stopfords-chartered-accountants,Stopfords Chartered Accountants,stopfords.co.uk,GB,11-50,QUALIFIED,True,accountancy-practice-payroll,https://stopfords.co.uk/services/bookkeeping-and-payroll,Our comprehensive bookkeeping and payroll services are designed to alleviate the burden of these tasks,strong,-,-,-,accountancy-practice-payroll,medium
strandlegal,Strand Legal - UK LEGAL IMMIGRATION SERVICES,strandlegal.com,GB,11-50,DISQUALIFIED,False,,-,-,none,"Law firm: Strand Legal is a UK immigration law/visa practice, not a payroll provider.",-,Mis-segmented as accountancy-practice-payroll in source data.,accountancy-practice-payroll,medium
stevens-&-willey,Streets Stevens & Willey,321621.co.uk,GB,11-50,LIKELY,False,accountancy-practice-payroll,-,-,none,-,-,"Website on recorded domain 321621.co.uk not reachable; accountancy practice, payroll unconfirmed.",accountancy-practice-payroll,medium
tca-accountants-and-business-advisors,TCA Accountants and Business Advisors,tcallp.co.uk,GB,11-50,QUALIFIED,True,accountancy-practice-payroll,https://www.tcallp.co.uk/services/compliance-services,"Our range of compliance services includes: - grant claims. - payroll processing, including Real Time",strong,-,-,-,accountancy-practice-payroll,medium
thl-accountancy,THL Chartered Accountants,thlaccountancy.co.uk,GB,11-50,QUALIFIED,True,accountancy-practice-payroll,https://thlaccountancy.co.uk/2023/11/06/unlocking-payroll-peace-of-mind-discover-thl-accountancy-ltd-payroll-services/,Unlocking Payroll Peace of Mind: Discover THL Accountancy Ltd Payroll Services,strong,-,-,-,accountancy-practice-payroll,medium
tacs-co,Tax Advisory & Consultancy Services,tacs.co.uk,GB,11-50,LIKELY,False,accountancy-practice-payroll,-,-,none,-,-,"Pack carried a domain-mismatch warning; tacs.co.uk is in fact TACS tax advisory. Pure tax advisory, no payroll line found.",accountancy-practice-payroll,medium
taxsavers,Taxsavers,-,GB,11-50,LIKELY,False,accountancy-practice-payroll,-,-,none,-,-,No domain on record and no evidence pack.,accountancy-practice-payroll,medium
ten-forward-accounting-ltd,Ten Forward Accounting Ltd,tenforwardfinance.co.uk,GB,11-50,QUALIFIED,True,accountancy-practice-payroll,https://tenforwardfinance.co.uk/,"Have your annual accounts, tax returns, bookkeeping and payroll needs efficiently handled, saving you time to spend elsewhere.",strong,-,-,-,accountancy-practice-payroll,medium
the-a9-partnership-ltd,The A9 Partnership Ltd,a9partnership.co.uk,GB,51-200,QUALIFIED,True,accountancy-practice-payroll,https://www.a9partnership.co.uk/services-payroll-and-autoenrolment.php,We provide a comprehensive payroll service to relieve you of this,strong,-,-,"51-200 staff, one of Scotland's larger independent practices.",accountancy-practice-payroll,medium
thegorings,The GoRings,-,GB,11-50,QUALIFIED,True,accountancy-practice-payroll,https://www.linkedin.com/company/the-gorings,"Expert Professional Accountant in London provides Bookkeeping, Self-assessments, Payroll PAYE",weak,-,-,No website on record; payroll evidenced only from LinkedIn About.,accountancy-practice-payroll,medium
the-mhh-partnership-ltd-,The MHH Partnership,mhhp.co.uk,GB,11-50,QUALIFIED,True,accountancy-practice-payroll,https://www.mhhp.co.uk/payroll,Payroll & CIS,strong,-,-,Xero partner (not a competitor).,accountancy-practice-payroll,medium
the-motortrade-accountants,The MotorTrade Accountants,themotortradeaccountants.co.uk,GB,11-50,QUALIFIED,True,accountancy-practice-payroll,https://themotortradeaccountants.co.uk/accounting-services/,"We can handle your payroll and bookkeeping, becoming your virtual finance office or supporting your existing teams.",strong,-,-,Niche motor-trade practice.,accountancy-practice-payroll,medium
the-professional-alternative,The Professional Alternative,theprofessionalalternative.com,GB,11-50,DISQUALIFIED,False,,-,-,none,Not a payroll provider: The Professional Alternative is an eLearning/CPD training supplier to law firms and accountancy practices.,-,-,accountancy-practice-payroll,medium
treetops-chartered-accountants,Treetops Chartered Accountants,ttca.co.uk,GB,11-50,QUALIFIED,True,accountancy-practice-payroll,https://ttca.co.uk/services/payroll/,"Our team consists of Chartered Accountants, Bookkeepers, payroll clerks, as well as company secretarial and compliance specialists",strong,-,-,In-house payroll clerks named on services page.,accountancy-practice-payroll,medium
trevorjonesandpartnersltd,Trevor Jones & Partners Limited,-,GB,11-50,LIKELY,False,accountancy-practice-payroll,-,-,none,-,-,No domain on record and no evidence pack; established Cheshunt practice.,accountancy-practice-payroll,medium
tricres,Tricres,tricres.com,GB,11-50,DISQUALIFIED,False,,-,-,none,Not a payroll provider: Tricres is a business coaching/consulting franchise for over-40s consultants.,-,-,accountancy-practice-payroll,medium
uan-chartered-certified-accountants,UAN Chartered Certified Accountants,-,GB,11-50,LIKELY,False,accountancy-practice-payroll,-,-,none,-,-,No domain on record and no evidence pack.,accountancy-practice-payroll,medium
uhy-hacker-young-fitch,UHY Hacker Young Fitch,uhy-uk.com,GB,11-50,LIKELY,False,accountancy-practice-payroll,-,-,none,-,-,"Belfast member firm of UHY Hacker Young. Payroll appears on the group site uhy-uk.com, not a firm-owned page - not qualified on network evidence alone.",accountancy-practice-payroll,medium
vera-tech-solution-limited,Vera Tech Solution Limited,veratechsolltd.com,GB,11-50,QUALIFIED,True,accountancy-practice-payroll,https://veratechsolltd.com/services/,"We offer a range of services including Bookkeeping, Payroll Processing, Tax Preparation and Filing, Accounts Payable and Accounts Receivable Management",strong,-,-,Accounting + IT outsourcing provider; LinkedIn industry tag says IT Services but it sells finance outsourcing.,accountancy-practice-payroll,high
visio-advisory,Visio Advisory - Trusted Business Advisors,visio.ie,IE,11-50,QUALIFIED,True,accountancy-practice-payroll,https://visio.ie/services,"Cost-effective bookkeeping and management accounts solutions, including payroll and VAT reporting support.",strong,-,-,ROI-based advisory practice.,accountancy-practice-payroll,medium
visionrnd,Vision Metis,-,GB,11-50,DISQUALIFIED,False,,-,-,none,Not a payroll provider: Vision Metis LLP is a business funding broker plus R&D and energy-claims consultancy.,-,-,accountancy-practice-payroll,medium
vista-partners,Vista Partners,vistapartners.co.uk,GB,11-50,LIKELY,False,accountancy-practice-payroll,-,-,none,-,-,"A payroll services page path exists on vistapartners.co.uk but the site is behind a Cloudflare challenge - could not verify text, so no evidence URL claimed.",accountancy-practice-payroll,medium
walker-begley,Walker Begley,walkerbegley.co.uk,GB,11-50,QUALIFIED,True,accountancy-practice-payroll,https://www.walkerbegley.co.uk/what-we-do,Business Start Up Company Secretarial Corporate Tax & Planning VAT Payroll Specialist Services,strong,-,-,Also lists Payroll & HR advice as a service line.,accountancy-practice-payroll,medium
walton-accountancy,Walton Accountancy,waltonaccountancy.co.uk,GB,11-50,QUALIFIED,True,accountancy-practice-payroll,https://www.waltonaccountancy.co.uk/accountancy-services/payroll/,"Full PAYE reporting, RTI filling, auto-enrolment pensions and payslips for your employees. From 15 pounds per month",strong,-,-,Productised payroll pricing.,accountancy-practice-payroll,medium
whittaker-&-co,Whittaker & Co,whittakerandco.com,GB,11-50,LIKELY,False,accountancy-practice-payroll,-,-,none,-,-,Site returned no readable content; payroll unconfirmed.,accountancy-practice-payroll,medium
whittock-consulting-limited,Whittock Consulting Limited,whittockconsulting.co.uk,GB,11-50,QUALIFIED,True,accountancy-practice-payroll,https://whittockconsulting.co.uk/,"Bookkeeping, Management Accounts, Payroll, Year End, FD, Business Law.",strong,-,-,-,accountancy-practice-payroll,medium
wilson-sandford-limited,Wilson Sandford Limited,wilsonsandford.co.uk,GB,11-50,LIKELY,False,accountancy-practice-payroll,-,-,none,-,-,"Site behind a Cloudflare challenge; chartered accountants and registered auditors, payroll unconfirmed.",accountancy-practice-payroll,medium
ziliant-tax,Ziliant Tax | B Corp™,ziliant.uk,GB,11-50,LIKELY,False,accountancy-practice-payroll,-,-,none,-,-,Innovation/R&D tax funding specialist; no payroll line found. Narrow niche - verify before outreach.,accountancy-practice-payroll,medium
de-jong-phillips,de Jong Phillips,dejongphillips.co.uk,GB,11-50,LIKELY,False,accountancy-practice-payroll,-,-,none,-,-,"Award-winning practice for agency owners; site pages not reached, payroll unconfirmed.",accountancy-practice-payroll,medium
linktaxglobal,linktax,linktaxglobal.com,GB,11-50,QUALIFIED,True,accountancy-practice-payroll,https://linktaxglobal.com/,"Simplifying Tax, Accounting, and Payroll for Growing Businesses",strong,-,-,Offices in Stoke on Trent and Luton.,accountancy-practice-payroll,medium
ab-accountancy,AB Accountancy,abaccountancy.co,GB,11-50,LIKELY,False,accountancy-practice-payroll,-,-,none,-,-,"Site returned 403 to automated fetch; Wrexham/Llangollen practice, payroll unconfirmed.",accountancy-practice-payroll,medium
abmv,ABMV Chartered Accountants,abmv.co.uk,GB,11-50,QUALIFIED,True,accountancy-practice-payroll,https://www.abmv.co.uk/our-services/pensions-payrolls,Seamless pension & payroll solutions,strong,-,-,Publishes articles promoting payroll outsourcing to its clients.,accountancy-practice-payroll,medium
aardvark-accounting,Aardvark Accounting,aardvarkaccounting.co.uk,GB,11-50,QUALIFIED,True,accountancy-practice-payroll,https://www.aardvarkaccounting.co.uk/pricing/,Payroll for a second employee We can run all payroll returns for an additional employee you may wish to add to the business.,strong,-,-,Contractor/limited-company specialist; runs client payrolls at a per-employee monthly fee.,accountancy-practice-payroll,medium
account-tax-ltd,Account Tax,accounttaxltd.com,GB,11-50,QUALIFIED,True,accountancy-practice-payroll,https://www.accounttaxltd.com/how-we-help/payroll/,"If you employ staff we can also provide payroll services, managing salary calculations",strong,-,-,Dedicated Payroll and VAT staff member listed on the team page.,accountancy-practice-payroll,medium
accountabilityedinburgh,Accountability Edinburgh,accountabilityedinburgh.co.uk,GB,11-50,QUALIFIED,True,accountancy-practice-payroll,https://www.accountabilityedinburgh.co.uk/blog/edinburgh-world-heritage-case-study,"we assigned an Accounts Senior, Junior Bookkeeper and Payroll Manager, ensuring EWH had dedicated contacts for each service area",strong,-,-,Outsourced finance-team model; employs a Payroll Manager serving clients.,accountancy-practice-payroll,medium
accountancy-and-finance-uk,Accountancy and Finance,-,GB,11-50,LIKELY,False,accountancy-practice-payroll,-,-,none,-,-,Provides outsourced capacity to other UK accountancy/finance departments; no domain on record.,accountancy-practice-payroll,medium
accountants-plus-limited,Accountants Plus Limited,-,GB,11-50,LIKELY,False,accountancy-practice-payroll,-,-,none,-,-,No domain on record and no evidence pack.,accountancy-practice-payroll,medium
a-wise,Accounting Wise,a-wise.co.uk,GB,11-50,LIKELY,False,accountancy-practice-payroll,-,-,none,-,-,Site returned 403 to automated fetch; Ware-based online accounting practice.,accountancy-practice-payroll,medium
accounting-and-bookkeeping-company,Accounting and Bookkeeping Company,-,GB,11-50,LIKELY,False,accountancy-practice-payroll,-,-,none,-,-,No domain on record and no evidence pack.,accountancy-practice-payroll,medium
accountingweb.co.uk,AccountingWEB.co.uk,accountingweb.co.uk,GB,11-50,DISQUALIFIED,False,,-,-,none,"Not a payroll provider: AccountingWEB is a media/publishing community for the accountancy profession. Its payroll pages are editorial articles, not a service.",-,"Could be a partner/media channel, not a prospect.",accountancy-practice-payroll,medium
accountor-uk,Accountor,accountor.com,GB,11-50,DISQUALIFIED,False,,-,-,none,Geography and competitor: Accountor is a Finland-headquartered Nordic group and sells payroll/HR software (Nmbrs) alongside payroll outsourcing.,-,LinkedIn record shows GB but the group is HQ'd in Finland.,accountancy-practice-payroll,medium
accounts-ltd,Accounts Ltd,1st4accountsltd-sevenoaks.co.uk,GB,11-50,LIKELY,False,accountancy-practice-payroll,-,-,none,-,-,Sevenoaks bookkeeping/accountancy practice; site pages not reached.,accountancy-practice-payroll,medium
acumen-accounting---purley,Acumen Accounting - Purley,-,GB,11-50,LIKELY,False,accountancy-practice-payroll,-,-,none,-,-,No domain on record and no evidence pack.,accountancy-practice-payroll,medium
allen-mills-howard-&-co,Allen Mills Howard & Co,amhaccounts.com,GB,11-50,LIKELY,False,accountancy-practice-payroll,-,-,none,-,-,Only generic tax factsheet pages found; no payroll service page confirmed on amhaccounts.com.,accountancy-practice-payroll,medium
andersonross,Anderson Ross,andersonross.co.uk,GB,11-50,QUALIFIED,True,accountancy-practice-payroll,https://andersonross.co.uk/service/payroll,"why not entrust your tax, accounting, bookkeeping, and payroll needs to our Accountants for small businesses?",strong,-,-,Canary Wharf professional services boutique.,accountancy-practice-payroll,medium
apex-accountants,Apex Accountants,-,GB,11-50,QUALIFIED,True,accountancy-practice-payroll,https://www.linkedin.com/company/apex-accountants,"providing tax returns, bookkeeping, payroll, VAT, MTD-compliant cloud accounting and strategic tax planning",weak,-,-,No domain on record; payroll evidenced only from LinkedIn About.,accountancy-practice-payroll,medium
apex-associates-llp,Apex Associates LLP,apexassociates.co.uk,GB,11-50,QUALIFIED,True,accountancy-practice-payroll,https://www.apexassociates.co.uk/services/managing-payroll,Why not let us take the strain and manage your payroll and the various factors surrounding it,strong,-,-,-,accountancy-practice-payroll,medium
appleleaf-accountants,Appleleaf Chartered Certified Accountants,appleleafaccountancy.co.uk,GB,11-50,QUALIFIED,True,accountancy-practice-payroll,https://appleleafaccountancy.co.uk/services/payroll-and-pension-management/,We'll make sure your payroll and workplace pension is right,strong,-,-,Sells a packaged managed payroll solution.,accountancy-practice-payroll,medium
approved-accounting-limited,Approved Accounting Limited,approved-accounting.co.uk,GB,11-50,QUALIFIED,True,accountancy-practice-payroll,https://approved-accounting.co.uk/services/,Managing payroll and PAYE is time-consuming and carries strict regulatory risks.,strong,-,-,Xero-based online practice.,accountancy-practice-payroll,medium
ashfords-chartered-accountants,Ashfords Chartered Accountants,ashfords-accountants.co.uk,GB,11-50,QUALIFIED,True,accountancy-practice-payroll,http://ashfords-accountants.co.uk/,"We deal with top quality services such as Accounts, Corporation Tax, Personal Tax, VAT. Payroll, Management Accounts, Company Secretarial Services",strong,-,-,Evidence pack held only a GDPR PDF; confirmed from the live homepage.,accountancy-practice-payroll,medium
ashmans,Ashmans,-,GB,11-50,LIKELY,False,accountancy-practice-payroll,-,-,none,-,-,No domain on record and no evidence pack.,accountancy-practice-payroll,medium
aydansmith,Aydan Smith Chartered Certified Accountants,aydansmith.co.uk,GB,11-50,QUALIFIED,True,accountancy-practice-payroll,https://www.linkedin.com/company/aydan-smith-chartered-certified-accountants,"We offer premium services for payroll to account preparation, business advice to tax planning, corporate tax, VAT",weak,-,-,aydansmith.co.uk did not respond; payroll evidenced from LinkedIn About.,accountancy-practice-payroll,medium
bsr-bespoke-chartered-accountants,BSR Bespoke Chartered Accountants,bsrb.co.uk,GB,11-50,LIKELY,False,accountancy-practice-payroll,-,-,none,-,-,A payroll-services URL path resolves on bsrb.co.uk but no readable text was returned; not claimed as evidence.,accountancy-practice-payroll,medium
bakertillykirk,Baker Tilly Kirk,bakertillykirk.ie,IE,11-50,QUALIFIED,True,accountancy-practice-payroll,https://www.bakertillykirk.ie/our-services/audit-advisory/outsourced-payroll/,Outsourced Payroll - Baker Tilly Kirk,strong,-,-,"Independent Baker Tilly member firm in ROI - a member firm, not the network head office.",accountancy-practice-payroll,medium
beaumont-accountancy,Beaumont Accountancy,beaumontaccountancy.com,GB,11-50,QUALIFIED,True,accountancy-practice-payroll,https://www.linkedin.com/company/beaumont-accountancy,"It offers tailored services including performance reviews, payroll, management accounts, corporation tax, self-assessment",weak,-,-,beaumontaccountancy.com did not respond; payroll evidenced from LinkedIn About.,accountancy-practice-payroll,medium
brett-pittwood-limited,Brett Pittwood Limited,brettpittwood.co.uk,GB,11-50,QUALIFIED,True,accountancy-practice-payroll,https://www.brettpittwood.co.uk/services/payroll,Payroll Services Poole : Brett Pittwood,strong,-,-,-,accountancy-practice-payroll,medium
brindleys-limited,Brindleys Limited,-,GB,11-50,QUALIFIED,True,accountancy-practice-payroll,https://www.linkedin.com/company/brindleys-limited,"They provide accounts preparation, bookkeeping, payroll, tax returns, VAT, business",weak,-,-,No domain on record; payroll evidenced from LinkedIn About.,accountancy-practice-payroll,medium
butterworth-barlow,Butterworth Barlow,butterworthbarlow.co.uk,GB,11-50,QUALIFIED,True,accountancy-practice-payroll,https://butterworthbarlow.co.uk/services/payroll-and-paye-returns/,Managing payroll can be a time-consuming and complex task,strong,-,-,Has a named Payroll Manager (Lindsey Foster-Flood) on the team page.,accountancy-practice-payroll,medium
c21-group,C21 Group of Companies,-,GB,11-50,LIKELY,False,accountancy-practice-payroll,-,-,none,-,-,No domain on record and no evidence pack.,accountancy-practice-payroll,high
cigma-accounting-ltd,CIGMA ACCOUNTING LTD,cigmaaccounting.co.uk,GB,11-50,QUALIFIED,True,accountancy-practice-payroll,https://cigmaaccounting.co.uk/payroll-services/,"CIGMA Accounting offers comprehensive and customizable payroll services, allowing businesses to streamline their payroll processing while ensuring accuracy and compliance.",strong,-,-,-,accountancy-practice-payroll,medium
capital-accounts,Capital Accounts,capitalaccounts.co.uk,GB,11-50,LIKELY,False,accountancy-practice-payroll,-,-,none,-,-,Site pages fetched show bookkeeping/accountancy only; LinkedIn description lists payroll as a service line.,accountancy-practice-payroll,medium
capital-books-uk-limited,Capital Books (UK) Limited,capital-books.co.uk,GB,11-50,LIKELY,False,accountancy-practice-payroll,-,-,none,-,-,Chartered accountants with insolvency arm; no payroll page found in pack. Primary business is accountancy practice.,accountancy-practice-payroll,medium
carbon-accountancy,Carbon Accountancy,carbonaccountancy.co.uk,GB,11-50,QUALIFIED,True,accountancy-practice-payroll,https://carbonaccountancy.co.uk/services/payroll/,Full payroll service for your business - Specialists in Payroll & EMI schemes for SMEs and scale-ups,strong,-,-,-,accountancy-practice-payroll,medium
certified-public-accountants-association,Certified Public Accountants Association,cpaa.co.uk,GB,11-50,DISQUALIFIED,False,,-,-,none,Professional body / membership association (Certified Public Accountants Association) - does not process payroll for clients.,-,-,accountancy-practice-payroll,medium
chippendale-&-clark,Chippendale & Clark,chippendaleandclark.com,GB,11-50,QUALIFIED,True,accountancy-practice-payroll,https://chippendaleandclark.com/services/payroll/,"Our dedicated payroll services bureau operates with a proactive mindset, aiming to streamline your operations and save you valuable time.",strong,-,-,-,accountancy-practice-payroll,medium
clearcutoutsourcinguk,Clearcut Outsourcing UK,clearcutoutsourcing.co.uk,GB,11-50,QUALIFIED,True,payroll-bureau,https://www.clearcutoutsourcing.co.uk/services/payroll-cis/,"Prepare client’s payroll, payslips, RTI, P32, CIS payslips, returns & subcontractor approvals; end of year P60/P11d; new payroll registration/deregistration & setup",strong,-,-,Outsourcing provider to accountancy firms and payroll bureaux; runs client payroll at scale.,accountancy-practice-payroll,medium
clifford-fry-co-chartered-accountants,Clifford Fry & Co Chartered Accountants,cliffordfryandco.com,GB,11-50,LIKELY,False,accountancy-practice-payroll,-,-,none,-,-,Evidence pack empty; LinkedIn description lists Sage accounting support and full practice services.,accountancy-practice-payroll,medium
clouders-audit-&-accounts-ltd,Clouders Audit & Accounts,clouders.co.uk,GB,11-50,LIKELY,False,accountancy-practice-payroll,-,-,none,-,-,"Services page lists ""Payroll & PAYE returns"" but page not retrievable as dedicated payroll URL in pack.",accountancy-practice-payroll,medium
pkb-international-limited,Collins Johnson International Limited,collinsjohnson.global,GB,11-50,LIKELY,False,accountancy-practice-payroll,-,-,none,-,-,"Specialist international tax/fiduciary practice, member of Collins Johnson Global. No payroll evidence found.",accountancy-practice-payroll,medium
contracting-plus-services-ltd,Contracting Plus Services,-,GB,11-50,LIKELY,False,umbrella-contractor-payroll,-,-,none,-,-,Contractor/umbrella accountancy (Contracting PLUS). No site pages in pack; likely runs contractor payroll but unverified.,accountancy-practice-payroll,medium
crag-co,Crag & Co,cragandco.com,GB,11-50,QUALIFIED,True,accountancy-practice-payroll,https://www.cragandco.com/factsheets/employment-issues-tax/payroll-basic-procedures,"If your business is in the Skipton area we, at Crag and Co, can help you to set up and run your payroll or we can run your payroll for you.",strong,-,-,Has a named Payroll Manager and Payroll Assistant processing client payrolls and CIS.,accountancy-practice-payroll,medium
dh-accountants,DH Accountants & Tax Advisors,dhbusinesssupport.com,GB,11-50,QUALIFIED,True,accountancy-practice-payroll,https://dhbusinesssupport.com/payroll/,Payroll Services Liverpool — Outsourced payroll for Liverpool businesses that just want it done right.,strong,-,-,-,accountancy-practice-payroll,medium
datamolino,Datamolino,datamolino.com,GB,11-50,DISQUALIFIED,False,,-,-,none,Software vendor: Datamolino sells bookkeeping/data-capture automation software to accountants; it does not process payroll for clients.,-,-,accountancy-practice-payroll,medium
delegant-limited,Delegant,-,GB,11-50,DISQUALIFIED,False,,-,-,none,Event and association management organisation; no payroll processing for client organisations.,-,-,accountancy-practice-payroll,medium
depotaxaccountants,DepoTax Accountants & Tax Consultants,aazizandco.co.uk,GB,11-50,LIKELY,False,accountancy-practice-payroll,-,-,none,-,-,"Only homepage retrieved (DepoTax / AAziz & Co) - contractor-focused accountancy practice, no payroll page found.",accountancy-practice-payroll,medium
dey-&-co.,Dey &,dey.co.uk,GB,11-50,QUALIFIED,True,accountancy-practice-payroll,https://www.dey.co.uk/services/business-accounting/payroll,"By allowing us to look after your payroll activity, we will free up more time for your staff to attend to other business areas.",strong,-,-,-,accountancy-practice-payroll,medium
donaldson-&-thompson-ltd,Donaldson & Thompson Ltd,dt-accountants.com,GB,11-50,LIKELY,False,accountancy-practice-payroll,-,-,none,-,-,LinkedIn description lists payroll as a service line; no payroll page surfaced in the pack. NI/ROI practice.,accountancy-practice-payroll,medium
etctax,ETC Tax,etctax.co.uk,GB,11-50,LIKELY,False,accountancy-practice-payroll,-,-,none,-,-,Specialist tax advisory consultancy (Altrincham). Service list shows no payroll bureau line - treat as low priority.,accountancy-practice-payroll,medium
edwards-veeder,Edwards Veeder,edwardsveeder.co.uk,GB,11-50,QUALIFIED,True,accountancy-practice-payroll,https://edwardsveeder.co.uk/services,"Audit, Accountancy, Tax Compliance, Corporate Finance, Business Consultancy, Payroll Company Secretarial Service Independent Financial Advice Bookkeeping",weak,-,-,-,accountancy-practice-payroll,medium
etl-global-uk,Etl Global Uk,etl-uk.com,GB,11-50,DISQUALIFIED,False,,-,-,none,Network head office: ETL Global UK is the UK flagship/network entity of the ETL Global network - payroll sits with its independent member firms.,-,-,accountancy-practice-payroll,medium
fuse-accountants-llp,FUSE ACCOUNTANTS LLP,fuseaccountants.co.uk,GB,11-50,QUALIFIED,True,accountancy-practice-payroll,https://www.fuseaccountants.co.uk/sep-armstrong,Sep runs our payroll solutions and the setting up and administering of our workplace pension arrangements under Auto-Enrolment.,strong,-,-,-,accountancy-practice-payroll,medium
finance-box-limited,Finance Box,financebox.co.uk,GB,11-50,QUALIFIED,True,accountancy-practice-payroll,https://financebox.co.uk/accounting-services/payroll-services,Our payroll bureau services - Comprehensive payroll solutions designed to eliminate your pain points and ensure complete compliance,strong,-,-,-,accountancy-practice-payroll,medium
finbridgeadvisors,Finbridge Advisors,finbridgeadvisors.co.uk,GB,11-50,QUALIFIED,True,accountancy-practice-payroll,https://finbridgeadvisors.co.uk/payroll.php,Online Payroll Outsourcing Services - Is the stress of payroll management hindering you from growing your team,strong,-,-,-,accountancy-practice-payroll,medium
flex-consultancy1,Flex Consultancy,-,GB,11-50,DISQUALIFIED,False,,-,-,none,HR and personal/career admin support consultancy; no evidence of processing payroll for client organisations.,-,-,accountancy-practice-payroll,medium
mazars-financial-modelling,Forvis Mazars - Financial modelling,corality.com,GB,11-50,DISQUALIFIED,False,,-,-,none,Financial-modelling training division of the international Forvis Mazars network (corality.com); not a UK payroll-service entity - network/global brand.,-,-,accountancy-practice-payroll,medium
fyfe-moir-&-associates,Fyfe Moir & Associates,fyfemoirassociates.com,GB,11-50,LIKELY,False,accountancy-practice-payroll,-,-,none,-,-,"Aberdeen practice; pack shows only COVID-era JRS payroll portal posts, no payroll service page.",accountancy-practice-payroll,medium
gaapweb,GAAPweb,hootsuite.com,GB,11-50,DISQUALIFIED,False,,-,-,none,Specialist job board for accounting and finance professionals (recruitment advertising) - does not run payroll. Evidence pack was wrong-domain (hootsuite.com).,-,evidence_domain_matches_company=false; pack belonged to Hootsuite.,accountancy-practice-payroll,medium
grants-accountants-and-tax-advisors,GRANTS Accountants and Tax Advisors,grantsca.co.uk,GB,11-50,LIKELY,False,accountancy-practice-payroll,-,-,none,-,-,-,accountancy-practice-payroll,medium
geniusaccountancy,Genius Accountancy,geniusaccountancy.com,GB,11-50,LIKELY,False,accountancy-practice-payroll,-,-,none,-,-,-,accountancy-practice-payroll,high
glen-drummond-ca,Glen Drummond LTD,glendrummond.co.uk,GB,11-50,LIKELY,False,accountancy-practice-payroll,-,-,none,-,-,-,accountancy-practice-payroll,medium
glover-&-co-chartered-accountants,Glover & Co Chartered Accountants,gloverandco.com,GB,11-50,QUALIFIED,True,accountancy-practice-payroll,https://www.gloverandco.com/factsheets/employment-issues-tax/payroll-basic-procedures,"If your business is in the South Yorkshire area we, at Glover & Co, can help you to set up and run your payroll or we can run your payroll for you.",strong,-,-,-,accountancy-practice-payroll,medium
goldwyns-group,Goldwyns Group,las-accountants.co.uk,GB,11-50,LIKELY,False,accountancy-practice-payroll,-,-,none,-,-,-,accountancy-practice-payroll,medium
guy-walmsley,Guy Walmsley Chartered Accountants,guywalmsley.com,GB,11-50,LIKELY,False,accountancy-practice-payroll,-,-,none,-,-,-,accountancy-practice-payroll,medium
hampshire-accountants-ltd,HAMPSHIRE ACCOUNTANTS LTD,hampshire.accountants,GB,11-50,LIKELY,False,accountancy-practice-payroll,-,-,none,-,-,-,accountancy-practice-payroll,medium
hth-accountants,HTH Accountants,hthaccountants.com,IE,11-50,LIKELY,False,accountancy-practice-payroll,-,-,none,-,-,"Dublin-based practice (ROI, in scope).",accountancy-practice-payroll,high
hammond-business,Hammond & Co Accountants,hammondbusiness.co.uk,GB,11-50,QUALIFIED,True,accountancy-practice-payroll,https://www.hammondbusiness.co.uk/services/accounting/payroll,"We provide a truly comprehensive Payroll service, which includes handling all aspects of payroll for our customers from start to finish.",strong,-,-,-,accountancy-practice-payroll,medium
hargreaves-brown-&-benson,"Hargreaves, Brown & Benson",hbb.co.uk,GB,11-50,LIKELY,False,accountancy-practice-payroll,-,-,none,-,-,-,accountancy-practice-payroll,medium
harpersheldon,Harper Sheldon,harpersheldon.com,GB,11-50,LIKELY,False,accountancy-practice-payroll,-,-,none,-,-,-,accountancy-practice-payroll,medium
harrison-&-co-chartered-accountants,Harrison & Co Chartered Accountants,harrisonsaccountants.co.uk,GB,11-50,QUALIFIED,True,accountancy-practice-payroll,https://harrisonsaccountants.co.uk/payroll/,We can provide payroll services for your staff so that you can focus on doing what you do best – running your business,strong,-,-,-,accountancy-practice-payroll,medium
haywards-chartered-accountants,Haywards Chartered Accountants,hca.org.uk,GB,11-50,LIKELY,False,accountancy-practice-payroll,-,-,none,-,-,-,accountancy-practice-payroll,medium
haywood&co,Haywoods,haywoodaccountants.co.uk,GB,11-50,LIKELY,False,accountancy-practice-payroll,-,-,none,-,-,-,accountancy-practice-payroll,medium
hilton-sharp-&-clarke,Hilton Sharp & Clarke Chartered Accountants,hsc.uk.net,GB,11-50,LIKELY,False,accountancy-practice-payroll,-,-,none,-,-,-,accountancy-practice-payroll,medium
horizon-outsourcing-ies,Horizon Outsourcing,-,GB,11-50,LIKELY,False,accountancy-practice-payroll,-,-,none,-,-,"LinkedIn description: ""specialist provider of accountancy, payroll and back office services"" - no website in record to verify.",accountancy-practice-payroll,medium
ian-j-brown-co,Ian J Brown Co,ianjbrown.co.uk,GB,11-50,LIKELY,False,accountancy-practice-payroll,-,-,none,-,-,-,accountancy-practice-payroll,medium
indigo-tax-&-accountancy-limited,Indigo Tax & Accountancy Limited,indigotax.com,GB,11-50,LIKELY,False,accountancy-practice-payroll,-,-,none,-,-,-,accountancy-practice-payroll,medium
inspire-chartered-accountants,Inspire Chartered Accountants,inspirefinancialmanagement.com,GB,11-50,LIKELY,False,accountancy-practice-payroll,-,-,none,-,-,-,accountancy-practice-payroll,medium
integra-global-solutions-uk,Integra Global Solutions UK,globalintegra.co.uk,GB,1001-5000,LIKELY,False,accountancy-practice-payroll,-,-,none,-,-,Outsourced accounting provider to UK accountancy practices (1001-5000 staff); payroll outsourcing likely but unverified.,accountancy-practice-payroll,medium
integro-accounting-ltd,Integro Accounting,integroaccounting.com,GB,11-50,LIKELY,False,accountancy-practice-payroll,-,-,none,-,-,Contractor/freelancer limited-company accountancy.,accountancy-practice-payroll,medium
j-s-white-&-co-limited,J S White & Co Limited,jswhite.co.uk,GB,11-50,LIKELY,False,accountancy-practice-payroll,-,-,none,-,-,-,accountancy-practice-payroll,medium
jags-co,Jags & Co - Chartered Accountants,jagsandco.com,GB,11-50,LIKELY,False,accountancy-practice-payroll,-,-,none,-,-,-,accountancy-practice-payroll,high
kenneth-morris-limited,Kenneth Morris Limited,kennethmorris.co.uk,GB,11-50,LIKELY,False,accountancy-practice-payroll,-,-,none,-,-,-,accountancy-practice-payroll,medium
khokhar-mcadam-chartered-accountants,Khokhar McAdam Chartered Accountants,khokharmcadam.co.uk,GB,11-50,LIKELY,False,accountancy-practice-payroll,-,-,none,-,-,-,accountancy-practice-payroll,medium
kidwells-group,Kidwells Group,kidwellsgroup.co.uk,GB,11-50,LIKELY,False,accountancy-practice-payroll,-,-,none,-,-,"Multi-disciplinary group (legal, finance, accountancy, marketing).",accountancy-practice-payroll,medium
kingsgateltd,Kingsgate,-,GB,11-50,LIKELY,False,accountancy-practice-payroll,-,-,none,-,-,-,accountancy-practice-payroll,medium
kirkpatrick-&-hopes,Kirkpatrick & Hopes,kirkpatrickandhopes.com,GB,11-50,LIKELY,False,accountancy-practice-payroll,-,-,none,-,-,-,accountancy-practice-payroll,medium
knight-goodhead-chartered-accountants,Knight Goodhead Chartered Accountants,knightgoodhead.co.uk,GB,11-50,LIKELY,False,accountancy-practice-payroll,-,-,none,-,-,-,accountancy-practice-payroll,medium
theladyaccountant,LMC Chartered Accountants,theladyaccountant.com,GB,11-50,LIKELY,False,accountancy-practice-payroll,-,-,none,-,-,-,accountancy-practice-payroll,medium
lameys,Lameys,lameys.co.uk,GB,11-50,LIKELY,False,accountancy-practice-payroll,-,-,none,-,-,Accountancy and business recovery practice - insolvency work alongside a general practice.,accountancy-practice-payroll,medium
leesing-marrison-lee-&-co,Leesing Marrison Lee & Co,lmlandco.com,GB,11-50,LIKELY,False,accountancy-practice-payroll,-,-,none,-,-,-,accountancy-practice-payroll,medium
legal-it,Legal IT Limited,legalit.ie,IE,11-50,DISQUALIFIED,False,,-,-,none,Irish software vendor supplying IT and software to the legal profession; not a payroll service provider.,-,-,accountancy-practice-payroll,medium
leigh-christou,Leigh Christou,-,GB,11-50,LIKELY,False,accountancy-practice-payroll,-,-,none,-,-,-,accountancy-practice-payroll,medium
leonard-business-services,Leonard Business Services,lslltd.co.uk,GB,11-50,LIKELY,False,accountancy-practice-payroll,-,-,none,-,-,-,accountancy-practice-payroll,medium
litchfields-chartered-accountants,Litchfields Chartered Accountants,litchfields.co.uk,GB,11-50,LIKELY,False,accountancy-practice-payroll,-,-,none,-,-,-,accountancy-practice-payroll,medium
longden-co-ltd,Longden & Co,-,GB,11-50,LIKELY,False,accountancy-practice-payroll,-,-,none,-,-,"LinkedIn description explicitly mentions ""offering a payroll bureau service"" but no website on record to verify.",accountancy-practice-payroll,high
lumin-accountancy,Lumin Accountancy - Chartered Certified Accountants,lumin-accountancy.co.uk,GB,11-50,LIKELY,False,accountancy-practice-payroll,-,-,none,-,-,-,accountancy-practice-payroll,medium
mbm-balance-ltd,MBM Balance,-,GB,11-50,LIKELY,False,accountancy-practice-payroll,-,-,none,-,-,-,accountancy-practice-payroll,medium
mgassociatesdevon,MGA,mgassoc.co.uk,GB,11-50,LIKELY,False,accountancy-practice-payroll,-,-,none,-,-,-,accountancy-practice-payroll,medium
mayfieldandco,Mayfield & Co,mayfieldandco.co.uk,GB,11-50,LIKELY,False,accountancy-practice-payroll,-,-,none,-,-,-,accountancy-practice-payroll,medium
mccreath-accountancy,McCreath Accountancy,mccreathaccountancy.co.uk,GB,11-50,LIKELY,False,accountancy-practice-payroll,-,-,none,-,-,-,accountancy-practice-payroll,medium
michael-j-emery-&-co-limited,Michael J Emery & Co Limited,mjemery.co.uk,GB,11-50,LIKELY,False,accountancy-practice-payroll,-,-,none,-,-,"Site mjemery.co.uk unreachable; established chartered accountancy practice, payroll not verified.",accountancy-practice-payroll,medium
mobile-accountants,Mobile Accountants,-,GB,11-50,QUALIFIED,True,accountancy-practice-payroll,https://mobileaccountants.com,"Mobile Accountants have been dealing with all my accounting needs for the past seventeen years, including all payroll and work place pensions.",weak,-,-,Client testimonial on own site confirms payroll run for clients.,accountancy-practice-payroll,medium
moors-whitehouse-charteredaccountants,Moors Whitehouse,moorswhitehouse.co.uk,GB,11-50,DISQUALIFIED,False,,-,-,none,Acquired: moorswhitehouse.co.uk 301-redirects to xeinadin.com/office/brierley-hill — absorbed into Xeinadin Group.,-,Brand now a Xeinadin office.,accountancy-practice-payroll,medium
mulhern-leonard,Mulhern Leonard,mulhernleonard.ie,IE,11-50,LIKELY,False,accountancy-practice-payroll,-,-,none,-,-,"IE practice listing payroll in services; only a payroll blog post found on own domain, no service page.",accountancy-practice-payroll,medium
northerntonic,Northern Tonic,northerntonic.co.uk,GB,11-50,QUALIFIED,True,accountancy-practice-payroll,https://northerntonic.co.uk/our-services/bookkeeping-payroll/,Bookkeeping & Payroll — Turning complexity into clarity,strong,-,-,-,accountancy-practice-payroll,medium
novelapp,Novel,-,GB,11-50,DISQUALIFIED,False,,-,-,none,Software vendor: Novel is an R&D tax relief management platform sold to accountants — it does not process payroll for clients.,-,-,accountancy-practice-payroll,medium
pandey-&-co-limited,Pandey & Co Limited,pandey.co.uk,GB,11-50,QUALIFIED,True,accountancy-practice-payroll,https://www.pandey.co.uk/payroll,Payroll & CIS,strong,-,-,-,accountancy-practice-payroll,medium
panthera-accounting,Panthera Accounting,pantheraaccounting.co.uk,GB,11-50,QUALIFIED,True,accountancy-practice-payroll,https://pantheraaccounting.co.uk,"Accounts preparation, bookkeeping, payroll, tax and everyday financial management delivered proactively",weak,-,-,Payroll named as a client service line on homepage.,accountancy-practice-payroll,medium
param-&-company-ltd,Param & Company,-,GB,11-50,LIKELY,False,accountancy-practice-payroll,-,-,none,-,-,paramandco.com returns 403; LinkedIn description lists payroll among services.,accountancy-practice-payroll,medium
parker-lloyd,Parker Lloyd,-,GB,11-50,LIKELY,False,accountancy-practice-payroll,-,-,none,-,-,parkerlloyd.com unreachable (406) and almost no public detail; nothing contradicts an accountancy practice.,accountancy-practice-payroll,medium
parmentier-arthur,Parmentier Arthur,parmentierarthur.com,GB,11-50,DISQUALIFIED,False,,-,-,none,Specialist business valuation / corporate finance and tax advisory firm serving accountants and solicitors; does not run payroll for clients.,-,-,accountancy-practice-payroll,medium
pearl-accountants,Pearl Accountants,pearlaccountants.com,GB,11-50,QUALIFIED,True,accountancy-practice-payroll,http://www.pearlaccountants.com/services/payroll/,Payroll,strong,-,-,-,accountancy-practice-payroll,medium
pentlands-business-&-tax-advisors,Pentlands Accountants and advisors part of the NUVO Group,pentlands.ltd.uk,GB,11-50,LIKELY,False,accountancy-practice-payroll,-,-,none,-,-,"Part of the NUVO Group but trades on its own domain; only payroll commentary found, no payroll service page.",accountancy-practice-payroll,medium
portt-co,Portt & Co,portt.co.uk,GB,11-50,QUALIFIED,True,accountancy-practice-payroll,https://portt.co.uk,outsource time-sapping finance department services (e.g. payroll or bookkeeping),strong,-,-,Outsourced finance function incl. payroll for client organisations.,accountancy-practice-payroll,medium
practical-accounting-pcfo,Practical Accounting,practical-accounting.co.uk,GB,11-50,QUALIFIED,True,accountancy-practice-payroll,https://practical-accounting.co.uk,Payroll We'll make sure your pay runs are on time and accurate - all of the time.,strong,-,-,-,accountancy-practice-payroll,medium
praxis-advisory-llp,Praxis.,-,GB,11-50,LIKELY,False,accountancy-practice-payroll,-,-,none,-,-,No payroll mention found anywhere on praxisllp.com.,accountancy-practice-payroll,medium
proedge-associates-limited,Proedge Associates Limited,-,GB,11-50,LIKELY,False,accountancy-practice-payroll,-,-,none,-,-,"proedgeassociates.co.uk returns 401; general practice firm, payroll unverified.",accountancy-practice-payroll,medium
purple-lime-accountancy,Purple Lime Accountancy,purplelime.uk.com,GB,11-50,QUALIFIED,True,accountancy-practice-payroll,https://www.purplelime.uk.com/services/staff-and-payroll/,Staff and Payroll,strong,-,-,-,accountancy-practice-payroll,medium
quotient-financial-solutions,Quotient Financial Solutions,quotientfinancial.com,GB,11-50,LIKELY,False,accountancy-practice-payroll,-,-,none,-,-,quotientfinancial.com unreachable; outsourced accounting/financial management provider to SMEs (London + Cape Town).,accountancy-practice-payroll,medium
r-a-clement-associates,R A Clement Associates,raclement.co.uk,GB,11-50,QUALIFIED,True,accountancy-practice-payroll,https://raclement.co.uk,Payroll Services – Monthly preparation and compliance support,strong,-,-,"Runs a dedicated payroll department branded Abacus Services, Oban.",accountancy-practice-payroll,high
r-pau-&-co-limited,R Pau & Co Limited,rpau.co.uk,GB,11-50,QUALIFIED,True,accountancy-practice-payroll,https://www.rpau.co.uk/factsheets/employment-issues-tax/payroll-basic-procedures,"we, at R Pau & Co Limited, can help you to set up and run your payroll or we can run your payroll for you",strong,-,-,-,accountancy-practice-payroll,medium
rda-accountants-ltd,RDA Accountants,rda.ie,IE,11-50,QUALIFIED,True,accountancy-practice-payroll,https://www.rda.ie/payroll,Our outsourced payroll team becomes your dedicated payroll department whose objective is to process your payroll in the most cost effective compliant manner.,strong,-,-,Named payroll manager + 4-person payroll team.,accountancy-practice-payroll,medium
rpb-chartered-accountants,RPB Chartered Accountants,rpbca.com,GB,11-50,QUALIFIED,True,accountancy-practice-payroll,http://www.rpbca.com/accountancy,"At RPB Chartered Accountants, offer a full range of payroll services",strong,-,-,-,accountancy-practice-payroll,medium
resolve-accountancy,Resolve Accountancy,resolveaccountancy.co.uk,GB,11-50,QUALIFIED,True,accountancy-practice-payroll,https://www.resolveaccountancy.co.uk/payroll,"It can be challenging to efficiently manage your payroll ... with our team at Resolve Accountancy, you can rely on us to take away this burden.",strong,-,-,Also runs CIS for construction clients.,accountancy-practice-payroll,medium
riaz-ahmad-&-co-limited,Riaz Ahmad & Co Limited,rasgco.com,GB,11-50,QUALIFIED,True,accountancy-practice-payroll,https://riazahmadandco.com/payroll/,Payroll — Riaz Ahmad and Co Accountants,strong,-,-,"Evidence pack pointed at rasgco.com (Riaz Ahmad, Saqib, Gohar & Co, Pakistan) which sells a Payroll Management System — wrong entity.",accountancy-practice-payroll,medium
riches-and-company,Riches & Company,richesandco.co.uk,GB,11-50,QUALIFIED,True,accountancy-practice-payroll,http://www.richesandco.co.uk/services/payroll/,Payroll,strong,-,-,-,accountancy-practice-payroll,medium
riverside-accountancy-lancaster-limited,Riverside Accountancy Lancaster Limited,riversideaccountancylancaster.com,GB,11-50,QUALIFIED,True,accountancy-practice-payroll,https://riversideaccountancylancaster.com/services/bookkeeping-and-payroll-services/,Bookkeeping and Payroll Services,strong,-,-,-,accountancy-practice-payroll,medium
russell-&-co---chartered-accountants,Russell & Co - Chartered Accountants,profitabilitygroup.co.uk,GB,11-50,LIKELY,False,accountancy-practice-payroll,-,-,none,-,-,No payroll page found on profitabilitygroup.co.uk (Russell & Co).,accountancy-practice-payroll,medium
s-h-accountants-ltd,S&H Chartered Accountants & Tax Advisers,shaccountants.co.uk,GB,11-50,QUALIFIED,True,accountancy-practice-payroll,https://shaccountants.co.uk/payroll/,Payroll – S&H Chartered Accountants and Tax Advisers,strong,-,-,-,accountancy-practice-payroll,medium
sah-associates,SAH Associates,-,GB,11-50,QUALIFIED,True,accountancy-practice-payroll,https://sahassociates.co.uk,"Payroll (PAYE) If you employ staff, we would forward you regular payslips and calculate your PAYE tax due to HMRC.",strong,-,-,-,accountancy-practice-payroll,medium
sas-rd,SAS Tax,sas.com,GB,11-50,LIKELY,False,accountancy-practice-payroll,-,-,none,-,-,Recorded domain sas.com is SAS Institute — wrong entity. Real site sas-rd.com is a specialist tax/R&D advisory; no payroll offering found.,accountancy-practice-payroll,medium
sidikies-chartered-accountants,SIDIKIES Chartered Accountants,sidikies.com,GB,11-50,QUALIFIED,True,accountancy-practice-payroll,https://www.sidikies.com/services-for-business/payroll,Payroll,strong,-,-,-,accountancy-practice-payroll,medium
sky-kpo,SKY KPO Services,skyas.uk,GB,11-50,QUALIFIED,True,payroll-bureau,https://www.skyas.uk/payroll-outsource.html,Payroll outsourcing,strong,-,-,KPO outsourcer serving UK accounting practices — payroll processed on behalf of practices' clients.,accountancy-practice-payroll,high
smv-associates-ltd,SMV Associates,smvassociatesltd.co.uk,GB,11-50,QUALIFIED,True,payroll-bureau,https://www.smvassociatesltd.co.uk/,We also offer payroll bureau services at competitive prices,strong,-,-,Accountancy firm running an explicit payroll bureau.,accountancy-practice-payroll,medium
sam-accountants-ltd,Sam Accountants,-,GB,11-50,LIKELY,False,accountancy-practice-payroll,-,-,none,-,-,samaccountants.com gives no service detail; nothing found either way.,accountancy-practice-payroll,medium
samuels-llp,Samuels LLP,samuels.co.uk,GB,11-50,QUALIFIED,True,accountancy-practice-payroll,https://samuels.co.uk/payroll-services/,Payroll & Workplace Pension Services,strong,-,-,-,accountancy-practice-payroll,medium
scott-vevers,Scott Vevers Chartered Accountants,scottvevers.co.uk,GB,11-50,QUALIFIED,True,accountancy-practice-payroll,https://www.scottvevers.co.uk/payroll,Payroll,strong,-,-,-,accountancy-practice-payroll,medium
scottish-legal-accountants,Scottish Legal Accountants,scottishlegalaccountants.com,GB,11-50,LIKELY,False,accountancy-practice-payroll,-,-,none,-,-,Provides outsourced accounting to Scottish law firms; site pages reachable but no payroll page found.,accountancy-practice-payroll,medium
shabir-nawab-&-co,Shabir Nawab & Co,shabirnawab.co.uk,GB,11-50,QUALIFIED,True,accountancy-practice-payroll,https://www.shabirnawab.co.uk/payroll.html,Payroll,strong,-,-,Also offers CIS.,accountancy-practice-payroll,medium
shah-gillani-&-company,Shah Gillani & Company,sg-accountants.co.uk,GB,11-50,QUALIFIED,True,accountancy-practice-payroll,https://www.sg-accountants.co.uk/our-services/,Our Services — payroll,weak,-,-,Payroll listed among services; page is JS-rendered so quote is indicative.,accountancy-practice-payroll,medium
slade-&-cooper,Slade & Cooper,sladecooper.co.uk,GB,11-50,QUALIFIED,True,payroll-bureau,https://www.sladecooper.co.uk/,Payroll Bureau,strong,-,-,Manchester practice for charities/social enterprises running a payroll bureau.,accountancy-practice-payroll,medium
sleigh-&-story,Sleigh & Story,sleighandstory.co.uk,GB,11-50,QUALIFIED,True,accountancy-practice-payroll,https://www.sleighandstory.co.uk/accounting-services/payroll-services/,Payroll Services,strong,-,advertising payroll vacancies,Recruiting a Payroll Manager — active payroll team growth.,accountancy-practice-payroll,medium
starsterlingoutsourcing,Star Sterling Outsource,starsterlingoutsource.com,GB,11-50,QUALIFIED,True,payroll-bureau,https://starsterlingoutsource.com/payroll/,UK Payroll Outsourcing Services,strong,-,-,Core business is outsourced payroll/bookkeeping for UK businesses.,accountancy-practice-payroll,high
stephenson-coates-limited,Stephenson Coates Limited,stephensoncoates.co.uk,GB,11-50,QUALIFIED,True,accountancy-practice-payroll,https://www.stephensoncoates.co.uk/resources/factsheets/employment-issues-tax/payroll-basic-procedures,we can help you to set up and run your payroll or we can run your payroll for you,weak,-,-,Evidence is a practice factsheet rather than a service page.,accountancy-practice-payroll,medium
stevenson-&-kyles,Stevenson & Kyles,stevenson-kyles.co.uk,GB,11-50,QUALIFIED,True,accountancy-practice-payroll,https://www.stevenson-kyles.co.uk/services/payroll-paye-returns/,Payroll and PAYE Returns,strong,-,-,-,accountancy-practice-payroll,medium
tba-associates,TBA & Associates,-,GB,11-50,DISQUALIFIED,False,,-,-,none,"Offshore company formation, trust administration and tax-planning consultancy; no payroll processing for clients found.",-,-,accountancy-practice-payroll,medium
twjaccounts,TWJ Partnership LLP,twjac.com,GB,11-50,QUALIFIED,True,accountancy-practice-payroll,https://www.twjac.com/services/,Directors Payroll Services: Making sure directors meet their national insurance obligations,strong,-,-,Payroll offered to client directors; wider payroll mentioned in LinkedIn profile.,accountancy-practice-payroll,medium
tamsons-accounting-&-tax-consultancy-limited,Tamsons Accountants (Bromley),-,GB,11-50,QUALIFIED,True,accountancy-practice-payroll,https://www.tamsons.co.uk/services/payroll,Payroll,weak,-,-,Dedicated payroll service page exists but renders client-side; no recorded domain in source data.,accountancy-practice-payroll,high
tax-advice-network,Tax Advice Network,taxandaccounts.uk,GB,11-50,QUALIFIED,True,accountancy-practice-payroll,https://www.taxandaccounts.uk/services/payroll,Payroll,weak,-,-,Payroll page sits on taxandaccounts.uk; LinkedIn brand is Tax Advice Network (adviser-matching) — confirm entity before outreach.,accountancy-practice-payroll,medium
taxologyuk,Taxology,-,GB,11-50,LIKELY,False,accountancy-practice-payroll,-,-,none,-,-,No payroll mention found on taxology.co.,accountancy-practice-payroll,medium
tayabali-&-white,Tayabali & White,tayabali-white.co.uk,GB,11-50,LIKELY,False,accountancy-practice-payroll,-,-,none,-,-,Payroll referenced only inside statutory-compliance/privacy pages; no service page found.,accountancy-practice-payroll,medium
the-blue-skies-partnership,The Blue Skies Partnership,blue-skies.tv,GB,11-50,LIKELY,False,accountancy-practice-payroll,-,-,none,-,-,Media/creative-sector accountants; payroll appears only in blog content.,accountancy-practice-payroll,medium
the-leinster-partnership,The Leinster Partnership,leinsterptnrs.ie,IE,11-50,QUALIFIED,True,accountancy-practice-payroll,https://leinsterptnrs.ie/services/payroll/,Payroll,strong,-,-,-,accountancy-practice-payroll,medium
the-lowtax-group,The LowTax Group,lowtax.co.uk,GB,11-50,QUALIFIED,True,accountancy-practice-payroll,http://www.lowtax.co.uk,Accountancy Services ... Payroll and CIS,strong,-,-,Trading as LTG Accountants.,accountancy-practice-payroll,medium
the-shepherd-partnership-limited,The Shepherd Partnership Limited,shepherdpartnership.com,GB,11-50,QUALIFIED,True,accountancy-practice-payroll,https://www.shepherdpartnership.com/post/payroll-no-price-increase-this-year,Payroll - No Price Increase This Year,strong,-,-,Announcement of payroll pricing to clients confirms a client payroll service.,accountancy-practice-payroll,medium
thompsons-accountants-&-advisors-ltd,Thompsons Accountancy Services Limited,thompsonsaccountancy.co.uk,GB,11-50,QUALIFIED,True,accountancy-practice-payroll,https://www.thompsonsaccountancy.co.uk/,"Are you having trouble with Annual Accounts, Bookkeeping, Weekly or Monthly Payroll or your Tax Return?",strong,-,-,-,accountancy-practice-payroll,medium
toppings-forensic-accountants,Toppings Forensic Accountants,-,GB,11-50,DISQUALIFIED,False,,-,-,none,Specialist forensic accountancy / expert-witness and litigation-support practice; does not process client payroll.,-,-,accountancy-practice-payroll,medium
total-accounting,Total Accounting,totalaccounting.co.uk,GB,11-50,QUALIFIED,True,accountancy-practice-payroll,https://www.totalaccounting.co.uk/accounting-services2/payroll/,Payroll,strong,-,-,QuickBooks Platinum partner — partner status is not disqualifying.,accountancy-practice-payroll,medium
tungsten-corporate-solutions,Tungsten Corporate Solutions,tungstencs.co.uk,GB,11-50,LIKELY,False,accountancy-practice-payroll,-,-,none,-,-,Business/accountancy consultancy (R&D tax focus); no payroll mention found.,accountancy-practice-payroll,medium
uk-landlord-tax,UK Landlord Tax,uklandlordtax.co.uk,GB,11-50,LIKELY,False,accountancy-practice-payroll,-,-,none,-,-,"Landlord-tax specialist; payroll appears only in staff profiles, no service page.",accountancy-practice-payroll,medium
vibrant-accountancy,Vibrant Accountancy,vibrantaccountancy.co.uk,GB,11-50,QUALIFIED,True,accountancy-practice-payroll,https://vibrantaccountancy.co.uk/services/payroll/,Payroll Accountants in Derby,strong,-,-,-,accountancy-practice-payroll,medium
walker-&-sutcliffe,Walker & Sutcliffe,walker-sutcliffe.co.uk,GB,11-50,QUALIFIED,True,accountancy-practice-payroll,https://www.walker-sutcliffe.co.uk/resources/payroll-calculator,Payroll Calculator | Accurate and Efficient Payroll Calculation,weak,-,-,"Payroll tooling and client payroll bulletins, but no dedicated service page reached.",accountancy-practice-payroll,medium
ward-and-co-chartered-accountants,Ward and Co Chartered Accountants,wardandcoaccountants.co.uk,GB,11-50,QUALIFIED,True,accountancy-practice-payroll,https://wardandcoaccountants.co.uk/services/payroll/,Payroll,strong,-,-,Also serves construction/CIS clients.,accountancy-practice-payroll,medium
whitehtraining,White Horse Training,whitehorsetraining.co.uk,GB,11-50,DISQUALIFIED,False,,-,-,none,Professional training provider delivering payroll and tax courses to accountants; it does not process payroll for clients.,-,-,accountancy-practice-payroll,medium
whiteside-cullinan,"Whiteside Cullinan, Chartered Accountants",whiteside.ie,IE,11-50,LIKELY,False,accountancy-practice-payroll,-,-,none,-,-,Irish practice; no payroll service page found on whiteside.ie.,accountancy-practice-payroll,medium
whitethorn-retail,Whitethorn Retail,whitethorn.ie,IE,11-50,QUALIFIED,True,payroll-bureau,https://whitethornretail.com,"Over 15 experienced Accountants, Bookkeeping Technicians and Payroll Bureau professionals",strong,-,-,"Retail back-office outsourcer running a payroll bureau for retailers (SPAR, SuperValu, Centra).",accountancy-practice-payroll,high
bwm-partners-formerly-wills-bingley-chartered-accountants,Wills Bingley Chartered Accountants,bwmpartners.co.uk,GB,11-50,LIKELY,False,accountancy-practice-payroll,-,-,none,-,-,"Evidence pack is for BWM Chartered Accountants (bwmpartners.co.uk, St Austell) — wrong entity. willsbingley.co.uk returned no content.",accountancy-practice-payroll,medium
ypikgroup,Ypik Group,-,GB,11-50,LIKELY,False,accountancy-practice-payroll,-,-,none,-,-,ypikgroup.co.uk returns 502; outsourcing firm serving London accountancy practices — payroll plausible but unverified.,accountancy-practice-payroll,high
zenith-advisory-solutions,Zenith Advisory,sbpk.co.uk,GB,11-50,QUALIFIED,True,accountancy-practice-payroll,https://www.zenithadvisory.uk/services/payroll/,"At Zenith Advisory, we take the complexity out of payroll, giving you more time to focus on growing your business.",strong,-,-,Recorded domain sbpk.co.uk is the firm's client portal.,accountancy-practice-payroll,medium
the-numbercrunchers,the NumberCrunchers,thenumbercrunchers.cloud,GB,11-50,QUALIFIED,True,accountancy-practice-payroll,https://thenumbercrunchers.cloud/our-services/,"Let us help you manage all aspects of payroll including timesheets, RTI, CIS and auto-enrolment pensions.",strong,-,-,-,accountancy-practice-payroll,medium
vfdnet,vfdnet,vfdnet.com,GB,11-50,LIKELY,False,accountancy-practice-payroll,-,-,none,-,-,Virtual FD/outsourced finance function incl. bookkeeping; no explicit client payroll page found,accountancy-practice-payroll,medium
wedo-accounting,wedo accounting,wedoitbetter.co.uk,GB,11-50,LIKELY,False,accountancy-practice-payroll,-,-,none,-,-,"Accountancy practice, site not in evidence pack",accountancy-practice-payroll,medium
2e-accountants-ltd,2E Accountants,2eaccountants.co.uk,GB,11-50,QUALIFIED,True,accountancy-practice-payroll,https://2eaccountants.co.uk/services/payroll-services/,"Payroll Services London Weekly or Monthly payroll, individual payslips and Year-end statutory returns, (P11Ds, P60s and P35s)",strong,-,-,Priced payroll per payslip on pricing page,accountancy-practice-payroll,medium
8twelve-consulting-limited,8Twelve Consulting Limited,8twelve.mortgage,GB,11-50,LIKELY,False,accountancy-practice-payroll,-,-,none,-,-,"Evidence pack is 8twelve.mortgage, a Canadian mortgage broker - wrong domain. LinkedIn describes a St Albans accounting firm offering payroll",accountancy-practice-payroll,medium
a-j-wheeler-ltd,A J Wheeler Ltd,ajwheeler.co.uk,GB,11-50,QUALIFIED,True,accountancy-practice-payroll,https://ajwheeler.co.uk/the-basics-of-accounting-and-payroll-services-for-small-businesses-in-hove/,Accounting and payroll services for small businesses in Hove are essential for keeping your finances,weak,-,-,Payroll marketed via blog/service content rather than a dedicated service page,accountancy-practice-payroll,medium
a-to-z-finance-solutions-ltd,A To Z Finance Solutions Ltd,atozfinancesolutions.co.uk,GB,11-50,QUALIFIED,True,accountancy-practice-payroll,https://www.atozfinancesolutions.co.uk/employee-payroll,"Full Payroll Service for Employers Managing payroll can be time-consuming and complex-but with A to Z Finance Solutions Ltd, it doesn't have to be",strong,-,-,Also runs CIS returns,accountancy-practice-payroll,medium
admo-accountants,ADMO Accountants,admoaccountants.co.uk,GB,11-50,QUALIFIED,True,accountancy-practice-payroll,https://www.linkedin.com/company/admo-accountants,"offering a wide variety of services including but not limited to Bookkeeping, Payroll Services",weak,-,-,No site pages in pack; LinkedIn About lists payroll services,accountancy-practice-payroll,high
aiaccounts,AI Accounts,aiaccounts.co.uk,GB,11-50,QUALIFIED,True,accountancy-practice-payroll,https://aiaccounts.co.uk/finance-foundations/payroll-services/,"Payroll services for startups and growing teams. Good payroll services for startups keep your team paid correctly and on time, with pensions",strong,-,-,-,accountancy-practice-payroll,medium
ami-co-ltd,AMI & Co,amiaccountants.co.uk,GB,11-50,QUALIFIED,True,accountancy-practice-payroll,https://www.amiaccountants.co.uk/,The services you will receive will be bespoke to your exact requirement from bookkeeping and Payroll to final accounts.,strong,-,-,-,accountancy-practice-payroll,medium
aws-accountancy-limited,AWS Accountancy Limited,awsaccountancy.com,GB,11-50,QUALIFIED,True,accountancy-practice-payroll,https://www.awsaccountancy.com/post/aws-gains-cipp-accreditation,"In March 2023, AWS's payroll bureau underwent a voluntary audit of the payroll processes and procedures to become accredited through CIPP",strong,-,CIPP payroll bureau accreditation,Operates a named payroll bureau,accountancy-practice-payroll,medium
abbeygate-accountancy,Abbeygate Accountancy,abbeygateaccountancy.co.uk,GB,11-50,QUALIFIED,True,accountancy-practice-payroll,https://abbeygateaccountancy.co.uk/payroll/,"Whether you employ only a handful of people or a large workforce, dealing with the payroll and ensuring compliance can be yet another",strong,-,-,"Xero migration specialists - Xero partner, not a competitor",accountancy-practice-payroll,medium
accountable-bookkeeping-ltd,Accountable Bookkeeping,-,GB,11-50,LIKELY,False,accountancy-practice-payroll,-,-,none,-,-,Bolton bookkeeping/accountancy firm; no domain on record,accountancy-practice-payroll,medium
accountancy-squad-limited-uk,Accountancy Squad UK,accountancysquad.co.uk,GB,11-50,QUALIFIED,True,accountancy-practice-payroll,https://accountancysquad.co.uk/,"We provide expert tax, bookkeeping and payroll services to help small businesses stay compliant and grow",strong,-,-,Pricing page includes payroll for up to 5 employees,accountancy-practice-payroll,medium
accountsco,AccountsCo,accountsco.co.uk,GB,11-50,QUALIFIED,True,accountancy-practice-payroll,https://accountsco.co.uk/services/payroll/,"We provide the UK payroll services and advice needed to serve clients with mobile, international workforces",strong,-,uses BrightPay - competitor software incumbent,Currently runs BrightPay payroll software,accountancy-practice-payroll,medium
acctax-accountants-limited,Acctax Accountants Limited,-,GB,11-50,LIKELY,False,accountancy-practice-payroll,-,-,none,-,-,No domain or description on record,accountancy-practice-payroll,medium
advanced-bookkeeping,Advanced Bookkeeping,-,GB,11-50,LIKELY,False,accountancy-practice-payroll,-,-,none,-,-,Essex bookkeeping/accountancy firm; no domain on record,accountancy-practice-payroll,medium
advantage-accountancy,Advantage Accountancy & Advisory,adv-accountancy.co.uk,GB,11-50,QUALIFIED,True,accountancy-practice-payroll,https://www.adv-accountancy.co.uk/services/payroll,The task of payroll processing can often divert you from your core business activity. It is our job to help and take the worry and time out of this process,strong,-,-,-,accountancy-practice-payroll,medium
advantage-accounting-scotland-limited,Advantage Accounting (Scotland) Limited,advantageacc.co.uk,GB,11-50,QUALIFIED,True,accountancy-practice-payroll,https://advantageacc.co.uk/,"everything you'd expect from a trusted local Glasgow accountancy practice - compliance, advisory, tax, payroll and more",strong,-,-,Team page lists Payroll Senior and Payroll Assistant - dedicated payroll function,accountancy-practice-payroll,medium
ags-accountants-and-business-advisors-limited,Ags Accountants And Business Advisors Limited,-,GB,11-50,LIKELY,False,accountancy-practice-payroll,-,-,none,-,-,No domain or description on record,accountancy-practice-payroll,medium
alchemyfs,Alchemy Financial Solutions,alchemyfs.co.uk,GB,11-50,QUALIFIED,True,accountancy-practice-payroll,https://alchemyfs.co.uk/our-services/business-support-services/,Payroll Running a payroll can be time consuming and complicated and divert resources from the core activities of your business. We can address this,strong,-,-,-,accountancy-practice-payroll,medium
connibel-ltd-t-a-alexander-michael,Alexander Michael,alexander-michael.co.uk,GB,11-50,LIKELY,False,accountancy-practice-payroll,-,-,none,-,-,Accountants and small business consultants; site not in pack,accountancy-practice-payroll,medium
alpha-accountants,Alpha Accountants,alpha-accountants.com,GB,11-50,LIKELY,False,accountancy-practice-payroll,https://www.alpha-accountants.com/alpha-accountants-our-team,Mamuka Nadiradze Payroll Manager - joined 2008,weak,-,-,"Dedicated Payroll Manager since 2008 implies client payroll, but no service page found",accountancy-practice-payroll,medium
amherst-accountancy,Amherst Accountancy Ltd,amherstaccountancy.co.uk,GB,11-50,QUALIFIED,True,accountancy-practice-payroll,https://www.amherstaccountancy.co.uk/meet-the-team/bookkeeping-payroll/,Bookkeeping & Payroll Services We offer a full bookkeeping service tailored to your individual requirements,strong,-,advertising accountancy vacancies incl. payroll management,-,accountancy-practice-payroll,medium
annetteandco,Annette & Co,annetteandco.co.uk,GB,11-50,QUALIFIED,True,accountancy-practice-payroll,https://www.annetteandco.co.uk/chessie/,"Government compliance: Annual accounts, corporation tax returns, confirmation statement, payroll",weak,-,-,Payroll listed inside client compliance package,accountancy-practice-payroll,medium
argents-chartered-accountants,Argents Accountants,argentsaccountants.co.uk,GB,11-50,DISQUALIFIED,False,,-,-,none,Acquired - Argents Chartered Accountants was acquired by Scrutton Bland (Sumer Group) in October 2025 and rebranded; argentsaccountants.co.uk now serves Scrutton Bland content,acquisition,Evidence pack warning confirmed: domain resolves to Scrutton Bland,accountancy-practice-payroll,medium
ashworth-moulds,Ashworth Moulds,ashworthmoulds.co.uk,GB,11-50,QUALIFIED,True,accountancy-practice-payroll,https://www.ashworthmoulds.co.uk/services/payroll,Payroll management and advice Payroll can be a challenge for every size of business,strong,-,-,Also sets up payroll for inbound international businesses,accountancy-practice-payroll,medium
sobi-analytics,AskSOBI,sobianalytics.com,IE,11-50,DISQUALIFIED,False,,-,-,none,"Software vendor - AskSOBI is an AI growth-advisory analytics platform, not a firm processing payroll for client organisations",-,Irish; product company not a bureau,accountancy-practice-payroll,medium
atlas-bookeeping-consultancy,Atlas Bookeeping & Consultancy,atlasbc.co.uk,GB,11-50,QUALIFIED,True,accountancy-practice-payroll,https://www.atlasbc.co.uk/services/business-accounting/payroll,The task of payroll processing can often divert you from your core business activity. It is our job to help,strong,-,-,Privacy notice confirms they act as data processor for client payroll,accountancy-practice-payroll,medium
avar-ltd,Avar Ltd,avar.co.uk,GB,11-50,QUALIFIED,True,payroll-bureau,https://www.avar.co.uk/our-services/,Managed Payroll Bureau ... MANAGED PAYROLL Payroll is taking too much time? We can handle it for you,strong,-,-,Accountancy practice running a named managed payroll bureau,accountancy-practice-payroll,medium
bpacl,BPACL,bpacl.co.uk,GB,11-50,LIKELY,False,accountancy-practice-payroll,-,-,none,-,-,Full-service accountancy firm; no pages in pack,accountancy-practice-payroll,medium
barford-owen-davies,Barford Owen Davies (BOD),barfordowendavies.co.uk,GB,11-50,LIKELY,False,accountancy-practice-payroll,-,-,none,-,-,Welsh financial consultancy to owner-managed businesses; payroll not confirmed,accountancy-practice-payroll,medium
benten-&-co.,Benten &,benten.co.uk,GB,11-50,QUALIFIED,True,accountancy-practice-payroll,https://www.benten.co.uk/services/compliance-services,"annual accounts; statutory audits; tax returns, company secretarial services; payroll procedures.",weak,-,-,Payroll listed within compliance service range,accountancy-practice-payroll,medium
berley,Berley,berley.co.uk,GB,11-50,QUALIFIED,True,accountancy-practice-payroll,https://uk.linkedin.com/company/berley,Berley is a successful independent firm of chartered accountants ... offering outsourced services from bookkeeping to payroll,weak,-,-,berley.co.uk in the pack serves spam/funeral-home pages - domain appears compromised; verified firm separately,accountancy-practice-payroll,medium
berry-warren,Berry & Warren,berry-warren.co.uk,GB,11-50,LIKELY,False,accountancy-practice-payroll,-,-,none,-,-,East Anglian accountants and auditors; no pages in pack,accountancy-practice-payroll,medium
blencowes,Blencowes Chartered Accountants,blencowes.co.uk,GB,11-50,QUALIFIED,True,payroll-bureau,https://blencowes.co.uk/index.php/payroll-and-benefits,Blencowes are able to provide a full payroll bureau service to our clients. This includes a weekly or monthly payroll,strong,-,-,Explicit payroll bureau within a chartered practice,accountancy-practice-payroll,medium
borgo-accounting,Borgo,borgo.ie,IE,11-50,LIKELY,False,accountancy-practice-payroll,-,-,none,-,-,Irish accounting partner for service businesses; payroll not confirmed,accountancy-practice-payroll,medium
bnassoc,Brett Nicholls Associates,brettnichollsassociates.co.uk,GB,11-50,LIKELY,False,accountancy-practice-payroll,https://brettnichollsassociates.co.uk/portfolio/small-business-accountants/,Business services support - VAT returns - Payroll advice - Management accounting,weak,-,-,Site says 'payroll advice' only; processing not confirmed,accountancy-practice-payroll,medium
brian-paul-limited,Brian Paul Limited,brianpaul.co.uk,GB,11-50,LIKELY,False,accountancy-practice-payroll,-,-,none,-,-,Enfield accountancy firm; no payroll content found in pack,accountancy-practice-payroll,medium
broadbent-accountants-llp,Broadbent Accountants LLP,broadbentsltd.co.uk,GB,11-50,LIKELY,False,accountancy-practice-payroll,-,-,none,-,-,Only a redirect page captured; site not readable,accountancy-practice-payroll,medium
broadview-financial-services,Broadview Financial Services,broadviewfinancialservices.co.uk,GB,11-50,DISQUALIFIED,False,,-,-,none,"IFA - Broadview Financial Services is a provider of financial advice to private and corporate clients, not a payroll processor",-,-,accountancy-practice-payroll,medium
burgin-&-co,Burgin & Co,burginandco.com,GB,11-50,LIKELY,False,accountancy-practice-payroll,-,-,none,-,-,Chartered accountants and business advisers; no pages in pack,accountancy-practice-payroll,medium
burrows-scarborough,Burrows Scarborough,burrows-scarborough.co.uk,GB,11-50,QUALIFIED,True,accountancy-practice-payroll,https://www.burrows-scarborough.co.uk/services/payroll-services-and-auto-enrolment,Payroll Services and Auto Enrolment Burrows Scarborough in Coventry,strong,-,-,Dedicated Tax/Payroll team page,accountancy-practice-payroll,medium
business-garage,Business Garage,businessgarage.co.uk,GB,11-50,QUALIFIED,True,accountancy-practice-payroll,https://www.linkedin.com/company/business-garage,"providing business outsourcing and consultancy services for SMEs: Business Strategy, Financial Management, Payroll, Bookkeeping, HR Consultancy",weak,-,-,Outsourcing provider; no site pages in pack,accountancy-practice-payroll,medium
c-bas-accountancy-&-taxation-services-ltd,C-Bas Accountancy & Taxation Services Ltd,c-bas.co.uk,GB,11-50,LIKELY,False,accountancy-practice-payroll,-,-,none,-,-,Established 1972 local accountancy/tax practice; no pages in pack,accountancy-practice-payroll,medium
crsvat,CRSTAX,crsvat.com,GB,11-50,LIKELY,False,accountancy-practice-payroll,-,-,none,-,-,Specialist NHS VAT/tax advisory - payroll service line unlikely but not contradicted; low priority,accountancy-practice-payroll,medium
cantelowes-limited,Cantelowes Limited,cantelowes.co.uk,GB,11-50,LIKELY,False,accountancy-practice-payroll,-,-,none,-,-,"Chartered certified accountants, Farringdon; no pages in pack",accountancy-practice-payroll,medium
capitax-financial-ltd,Capitax Financial,capitaxfinancial.com,GB,11-50,QUALIFIED,True,accountancy-practice-payroll,https://capitaxfinancial.com/service/accountancy-reporting-compliance/employment-taxes-payroll/,Employment Taxes & Payroll Whether a company has only one director as an employee or many members of staff,strong,-,-,Bookkeeping page confirms monthly payroll for clients,accountancy-practice-payroll,medium
captus,Captus,-,GB,11-50,LIKELY,False,accountancy-practice-payroll,-,-,none,-,-,Chartered accountants advising new/growing businesses; no domain on record,accountancy-practice-payroll,medium
carringtons-accountants-limited,Carringtons Accountants Limited,-,GB,11-50,LIKELY,False,accountancy-practice-payroll,-,-,none,-,-,Bradford accountancy firm; no domain on record,accountancy-practice-payroll,medium
chaddesley,Chaddesley,-,GB,11-50,LIKELY,False,accountancy-practice-payroll,-,-,none,-,-,"Two-partner chartered practice, East London; no domain on record",accountancy-practice-payroll,medium
chamberlain-&-co-insolvency-practitioners,Chamberlain & Co,chamberlain-co.co.uk,GB,11-50,DISQUALIFIED,False,,-,-,none,"Insolvency/restructuring practice - Chamberlain & Co are business recovery and insolvency practitioners, not a payroll service provider",-,-,accountancy-practice-payroll,medium
chariot-house-ltd,Chariot House,chariothouse.co.uk,GB,11-50,QUALIFIED,True,accountancy-practice-payroll,https://www.chariothouse.co.uk/newsletters/covid-19-payroll-information-ssp-furlough-leave/,Payroll information for clients including rates for 2020-21 tax year,strong,-,-,Homepage evidence page titled 'Payroll'; strong charities/NFP client base,accountancy-practice-payroll,high
charles-lovell-&-co,Charles Lovell & Co,charleslovell.co.uk,GB,11-50,QUALIFIED,True,accountancy-practice-payroll,https://www.charleslovell.co.uk/our-services/business-support-services/,Payroll Payroll can be time consuming - complicated and divert resources from the core activities of your business. We address this,strong,-,-,Client testimonial references payroll queries,accountancy-practice-payroll,medium
chartered-accountants-ireland-leinster-society,Chartered Accountants Leinster Society,-,IE,11-50,DISQUALIFIED,False,,-,-,none,"Professional body - Chartered Accountants Ireland Leinster Society is a district society of Chartered Accountants Ireland, a membership institute",-,-,accountancy-practice-payroll,medium
checkthebooks,Checkthebooks,checkthebooks.com,GB,11-50,DISQUALIFIED,False,,-,-,none,Directory/marketplace - CheckTheBooks lists third-party accountants and bookkeepers; it does not process payroll itself,-,Payroll mentions on site are listings by other firms,accountancy-practice-payroll,high
cheesmans,Cheesmans,cheesman.co.uk,GB,11-50,LIKELY,False,accountancy-practice-payroll,-,-,none,-,-,Islington practice with audit/tax/bookkeeping divisions; no payroll page found in pack,accountancy-practice-payroll,medium
clapton-consultants,Clapton Consultants,claptonconsultants.co.uk,GB,11-50,LIKELY,False,accountancy-practice-payroll,-,-,none,-,-,Chartered practice specialising in financial services sector; payroll not confirmed,accountancy-practice-payroll,medium
claremount-omagh-limited,Claremount Chartered Accountants,claremount.net,GB,11-50,LIKELY,False,accountancy-practice-payroll,https://claremount.net/salary-managing/,Salary managing,weak,-,-,Page titled 'Salary managing' suggests payroll service; wording not confirmed,accountancy-practice-payroll,medium
clarkson-cleaver-&-bowes-ltd,Clarkson Cleaver & Bowes,c-c-b.co.uk,GB,11-50,QUALIFIED,True,accountancy-practice-payroll,https://www.c-c-b.co.uk/index.php/services/services-for-businesses/payroll-services,If you are finding the task of payroll processing to be an unwelcome diversion from your core business activity,strong,-,-,Also serves limited-company contractors,accountancy-practice-payroll,medium
clear-vision-accountancy-group-limited,Clear Vision Accountancy Limited,clearvisionaccountancygroup.co.uk,GB,11-50,LIKELY,False,accountancy-practice-payroll,https://clearvisionaccountancygroup.co.uk/company-news/staying-payroll-compliant/,Managing payroll while ensuring full compliance with HMRC regulations is becoming increasingly complex and time-consuming,weak,-,-,Payroll content is client-facing advice; a service page was not captured,accountancy-practice-payroll,medium
coveney-nicholls-chartered-accountants,Coveney Nicholls Chartered Accountants,coveneynicholls.co.uk,GB,11-50,QUALIFIED,True,accountancy-practice-payroll,https://www.coveneynicholls.co.uk/services/corporate/payroll-management/,Outsourced payroll administration Administering payroll is becoming increasingly demanding for many businesses,strong,-,public interest in payroll technology/automation,Multiple blogs on payroll software and payroll technology - possible software-switch interest,accountancy-practice-payroll,medium
cube-accountants,Cube Accountants,cubeaccountants.com,GB,11-50,QUALIFIED,True,accountancy-practice-payroll,https://www.cubeaccountants.com/services/payroll/,Payroll is one of the key factors of your organisation. Getting paid correctly and on time is crucial,strong,-,-,-,accountancy-practice-payroll,medium
cusackco,Cusack & Co,cusackco.ie,IE,11-50,LIKELY,False,accountancy-practice-payroll,-,-,none,-,-,Dublin practice serving local and international companies; payroll not confirmed in pack,accountancy-practice-payroll,medium
hill-and-roberts-chartered-accountants,Cyfrifwyr Hill and Roberts Accountants,hillandroberts.co.uk,GB,11-50,QUALIFIED,True,accountancy-practice-payroll,https://www.hillandroberts.co.uk/accountancy-services/,"Payroll, PAYE, CIS returns and pension auto enrolment",strong,-,-,"15+ staff, ~1,000 clients",accountancy-practice-payroll,high
cypherhq,"Cypher, Oxford",cypherhq.co.uk,GB,11-50,LIKELY,False,accountancy-practice-payroll,https://cypherhq.co.uk/blog/cypher-acquires-local-digital-accounting-practice,"Payroll Director, Louise Williams",weak,-,acquisition of a local accounting practice; senior payroll appointment,Has a Payroll Director and Payroll Manager - strong prospect; no payroll service page captured,accountancy-practice-payroll,medium
dmc-atlantic-chartered-accountants,DMC Atlantic Chartered Accountants,army.mil,IE,11-50,LIKELY,False,accountancy-practice-payroll,-,-,none,-,-,Evidence pack is army.mil - wrong domain entirely. Irish chartered accountancy practice; real site not identified,accountancy-practice-payroll,medium
d-s-burge-and-co,DS Burge & Co,dsburge.co.uk,GB,11-50,QUALIFIED,True,accountancy-practice-payroll,https://www.dsburge.co.uk/payroll-services/,Payroll services for small and medium-sized businesses. Outsource your payroll processing and ensure your employees get paid,strong,-,-,-,accountancy-practice-payroll,high
dentalaccountantsscotland,Dental Accountants Scotland,dentalaccountantsscotland.co.uk,GB,11-50,QUALIFIED,True,accountancy-practice-payroll,https://dentalaccountantsscotland.co.uk/services/practice-owner/payroll-services/,Processing your payroll can be very time consuming and can use up key productive time from your administrative team,strong,-,-,Niche: Scottish dental practices,accountancy-practice-payroll,medium
durranico,Durrani & Co,durranico.co.uk,GB,11-50,QUALIFIED,True,accountancy-practice-payroll,https://durranico.co.uk/services/payroll/,Setting up as an employer and running payroll is an essential part of,strong,-,-,Dedicated payroll administrator on staff,accountancy-practice-payroll,medium
esgprouk,ESG PRO | B Corp™️ | EcoVadis™️ | Carbon | Supply Chain,esgpro.co.uk,GB,11-50,DISQUALIFIED,False,,-,-,none,Not a payroll provider - ESG Pro is an ESG/sustainability and B Corp consultancy; it does not process payroll for clients,-,Mis-segmented as an accountancy practice,accountancy-practice-payroll,medium
ez-bookkeeping,EZ Bookkeeping,-,GB,11-50,LIKELY,False,accountancy-practice-payroll,-,-,none,-,-,-,accountancy-practice-payroll,medium
easy-acccountancy,Easy Acccountancy,-,GB,11-50,LIKELY,False,accountancy-practice-payroll,-,-,none,-,-,-,accountancy-practice-payroll,medium
edge-accountants-mortgage-advisors,"Edge Chartered Certified Accountants , Mortgages & Legal Advisers",edgeaccountants.co.uk,GB,11-50,LIKELY,False,accountancy-practice-payroll,-,-,none,-,-,No payroll service page found on site; only a PAYE Settlement Agreements page and tax diary.,accountancy-practice-payroll,medium
ehk-consulting-limited,Ehk Consulting Limited,-,GB,11-50,LIKELY,False,accountancy-practice-payroll,-,-,none,-,-,-,accountancy-practice-payroll,medium
elson-geaves-accountants,Elson Geaves Accountants,elsongeaves.com,GB,11-50,LIKELY,False,accountancy-practice-payroll,-,-,none,-,-,-,accountancy-practice-payroll,medium
emmaus-chartered-accountants,Emmaus Chartered Accountants,emmausaccountants.co.uk,GB,11-50,LIKELY,False,accountancy-practice-payroll,-,-,none,-,-,-,accountancy-practice-payroll,medium
essex-abel-ltd,Essex Abel Ltd,essexabel.co.uk,GB,11-50,QUALIFIED,True,accountancy-practice-payroll,https://www.essexabel.co.uk/services/payroll-services/,"Our payroll service is designed to assist the small to medium sized businesses... we aim to provide an effective, comprehensive outsourced payroll solution to suit your needs.",strong,-,-,-,accountancy-practice-payroll,medium
euro-accounting-ltd,Euro Accounting Ltd-Business of the Year-Tax team of the year-International Business of the year,euro-accounting.com,GB,11-50,QUALIFIED,True,accountancy-practice-payroll,https://www.euro-accounting.com/icaew/,"That includes company setup, bookkeeping, statutory accounts, HMRC compliance, payroll, VAT, management accounts, audit support and cross-border tax matters.",weak,-,-,Chartered accountant with London/Birmingham UK presence plus Paris/Geneva offices; payroll listed among UK client services.,accountancy-practice-payroll,medium
evolve-tax-accountancy-llp,Evolve Tax & Accountancy,evolveaccountancy.co.uk,GB,11-50,QUALIFIED,True,accountancy-practice-payroll,https://www.evolveaccountancy.co.uk/property-construction,"we can provide all kinds of services, including acquisition, corporate taxation, VAT and payroll",strong,-,-,-,accountancy-practice-payroll,medium
f-&-m-accountants-limited,F & M ACCOUNTANTS LIMITED,-,GB,11-50,LIKELY,False,accountancy-practice-payroll,-,-,none,-,-,-,accountancy-practice-payroll,medium
fidcorplondon,FidCorp,fidcorp.co.uk,GB,11-50,LIKELY,False,accountancy-practice-payroll,-,-,none,-,-,-,accountancy-practice-payroll,medium
first-4-freelancers,First 4 Freelancers,first4freelancers.co.uk,GB,11-50,QUALIFIED,True,accountancy-practice-payroll,https://first4freelancers.co.uk/outsourced-payroll-for-medium-sized-businesses/,"Our expert team of accountants have created bespoke payroll solutions for over 10,000 happy clients.",strong,-,-,-,accountancy-practice-payroll,medium
fishersassoonandmarks,Fisher Sassoon & Marks,fishersassoonandmarks.com,GB,11-50,LIKELY,False,accountancy-practice-payroll,-,-,none,-,-,Duplicate LinkedIn record with fisher-sassoon-marks; site not reachable in this pass.,accountancy-practice-payroll,medium
fisher-sassoon-marks,Fisher Sassoon & Marks,-,GB,11-50,LIKELY,False,accountancy-practice-payroll,-,-,none,-,-,Duplicate LinkedIn record with fishersassoonandmarks; site not reachable in this pass.,accountancy-practice-payroll,medium
freelancer-accounting-ltd,Freelancer Accounting Ltd,freelanceraccounting.com,GB,11-50,QUALIFIED,True,accountancy-practice-payroll,https://www.freelanceraccounting.com/accounting-team,"Whether you are looking for accounting services, a payroll specialist, bookkeeping services, or just a tax return, Freelancer Accounting is always here for you.",weak,-,-,"Trades as Freelancer Accounting, part of Sherwin Currid Accountancy; payroll referenced on team/contact pages, no dedicated payroll page found.",accountancy-practice-payroll,medium
frisby-&-associates,Frisby & Associates,frisbyassoc.ie,IE,11-50,QUALIFIED,True,accountancy-practice-payroll,https://frisbyassoc.ie/services/,"Frisby Associates offer a wide range of consultancy, accountancy and taxation services. ... Payroll Services",strong,-,-,-,accountancy-practice-payroll,medium
frostca,"Frost, Chartered Accountants",wrfrost.co.uk,GB,11-50,LIKELY,False,accountancy-practice-payroll,-,-,none,-,-,-,accountancy-practice-payroll,medium
girlingsandco,Girlings & Co,amgirling.co.uk,GB,11-50,QUALIFIED,True,accountancy-practice-payroll,https://www.amgirling.co.uk/factsheets/employment-issues-tax/payroll-basic-procedures,"we, at Girlings & Co., can help you to set up and run your payroll or we can run your payroll for you.",strong,-,-,-,accountancy-practice-payroll,medium
global-management-consultants,Global Management Consultants,-,GB,11-50,LIKELY,False,accountancy-practice-payroll,-,-,none,-,-,-,accountancy-practice-payroll,medium
godfrey-laws-&-co-ltd,Godfrey Laws & Co Ltd,godfreylaws.co.uk,GB,11-50,QUALIFIED,True,accountancy-practice-payroll,https://www.godfreylaws.co.uk/payroll/,Our payroll team can remove the stress from you of running a payroll with the added auto enrolment requirements. Dedicated payroll clerks providing assistance and guidance throughout the year.,strong,-,-,-,accountancy-practice-payroll,high
godley-&-co-chartered-accountants,Godley & Co Chartered Accountants & Taxation Specialists,telic.co.uk,GB,11-50,LIKELY,False,accountancy-practice-payroll,-,-,none,-,-,"Recorded domain telic.co.uk is the firm's own rebrand (Telic was born out of Godley & Co), not a different entity; payroll referenced but no dedicated service page confirmed.",accountancy-practice-payroll,medium
goldblatt-mcguigan,Goldblatt McGuigan,-,GB,11-50,LIKELY,False,accountancy-practice-payroll,-,-,none,-,-,-,accountancy-practice-payroll,medium
grant-considine,Grant Considine,grantconsidine.com,GB,11-50,QUALIFIED,True,accountancy-practice-payroll,https://www.grantconsidine.com/services/payroll-and-cis/,"We can provide payroll services to your business on a weekly, fortnightly, four-weekly, monthly, quarterly or even annual basis.",strong,-,-,-,accountancy-practice-payroll,medium
greavy-accountants-dublin,Greavy and Co Accountants,greavyandco.ie,IE,11-50,QUALIFIED,True,accountancy-practice-payroll,https://greavyandco.ie/payroll-services-dublin,Payroll outsourcing will free up valuable time and energy... Greavy & Co provide a comprehensive payroll service,strong,-,-,-,accountancy-practice-payroll,high
gripbusiness,Grip Business,gripbusiness.co.uk,GB,11-50,QUALIFIED,True,accountancy-practice-payroll,https://www.gripbusiness.co.uk/services/business-accounting/payroll-services,"At Grip Business, we offer a full payroll service that includes PAYE registration, processing payroll, and handling all related submissions to HMRC, including RTI, payslips, P45s, P60s, and pension co",strong,-,-,-,accountancy-practice-payroll,medium
grow-with-us-limited,Grow With Us,-,GB,11-50,LIKELY,False,accountancy-practice-payroll,-,-,none,-,-,-,accountancy-practice-payroll,medium
gsfinancialservices,Gsfinancialservices,-,GB,11-50,LIKELY,False,accountancy-practice-payroll,-,-,none,-,-,-,accountancy-practice-payroll,medium
h-accountancy-ltd,H Accountancy,-,GB,11-50,LIKELY,False,accountancy-practice-payroll,-,-,none,-,-,-,accountancy-practice-payroll,high
h-m-williams-chartered-accountants,H M Williams Chartered Certified Accountants and Tax Advisers,hmwilliams.co.uk,GB,11-50,QUALIFIED,True,accountancy-practice-payroll,https://hmwilliams.co.uk/services/payroll/,Outsourced Payroll Services Plymouth. Taking the pain out of your payroll,strong,-,-,-,accountancy-practice-payroll,high
hmb-accountants,HMB Accountants,hmbaccountants.co.uk,GB,11-50,QUALIFIED,True,accountancy-practice-payroll,https://www.hmbaccountants.co.uk/about-us/services/business-services/payroll,Our dedicated crew can relieve you of the payroll burden by providing a comprehensive payroll service.,strong,-,-,-,accountancy-practice-payroll,medium
hw-associates-limited,HW Associates Limited,hw-associates.co.uk,GB,11-50,QUALIFIED,True,accountancy-practice-payroll,https://www.hw-associates.co.uk/payroll-accountants/,"At HW Associates, our payroll accountants offer professional payroll outsourcing to streamline workforce management and ensure compliance.",strong,-,-,"Evidence pack domain flag was null but pages are clearly HW Associates, Hitchin.",accountancy-practice-payroll,medium
hackett-griffey-llp,Hackett Griffey,hackettgriffey.com,GB,11-50,DISQUALIFIED,False,,-,-,none,Merged into Streets Chartered Accountants — site now brands as 'Streets Hackett Griffey' with haverhill@streets.uk contact; payroll sits with the acquirer Streets.,-,-,accountancy-practice-payroll,medium
haescooper-accountants,HaesCooper Accountants,haescooper.com,GB,11-50,QUALIFIED,True,accountancy-practice-payroll,https://haescooper.com/service/payroll/,"Outsourcing your payroll function to us is an easy, safe and cost-effective option. We have a background of payroll reliability and timely administration.",strong,-,-,-,accountancy-practice-payroll,medium
hakim-fry-accountants,Hakim Fry,hakimfry.co.uk,GB,11-50,QUALIFIED,True,accountancy-practice-payroll,https://www.hakimfry.co.uk/services/business-accounting/payroll,"As expert payroll providers, Barbican Computer Services Limited, a division of Hakim Fry, can handle your payroll efficiently and effectively",strong,-,-,"Payroll delivered via group company Barbican Computer Services Ltd, a division of Hakim Fry.",accountancy-practice-payroll,medium
hamlyns-ltd,Hamlyns,hamlyns.com,GB,11-50,LIKELY,False,accountancy-practice-payroll,-,-,none,-,-,-,accountancy-practice-payroll,medium
hebblethwaites,Hebblethwaites,hebblethwaites.com,GB,11-50,LIKELY,False,accountancy-practice-payroll,-,-,none,-,-,-,accountancy-practice-payroll,medium
hiclassaccounting,Hiclass Accounting,hiclassaccounting.co.uk,GB,11-50,LIKELY,False,accountancy-practice-payroll,-,-,none,-,-,-,accountancy-practice-payroll,medium
highwoodsgroup,Highwoods Group,highwoodsandassociates.co.uk,GB,11-50,LIKELY,False,accountancy-practice-payroll,-,-,none,-,-,-,accountancy-practice-payroll,medium
hogan-&-associates-chartered-accountants-registed-auditors-and-business-advisors,"Hogan & Associates Chartered Accountants, Statutory Auditors & Business Advisors",hogan-associates.com,IE,11-50,LIKELY,False,accountancy-practice-payroll,-,-,none,-,-,-,accountancy-practice-payroll,medium
honest-accounting-limited,Honest Accounting Limited,honestaccounting.co.uk,GB,11-50,LIKELY,False,accountancy-practice-payroll,-,-,none,-,-,-,accountancy-practice-payroll,medium
hsks-limited,Hsks Limited,-,GB,11-50,LIKELY,False,accountancy-practice-payroll,-,-,none,-,-,-,accountancy-practice-payroll,medium
i-a-stewart-and-co,I A Stewart & Co Limited,iastewart.com,GB,11-50,LIKELY,False,accountancy-practice-payroll,-,-,none,-,-,-,accountancy-practice-payroll,medium
insight-strategic-associates,Insight Strategic Associates,insight-sa.com,GB,11-50,LIKELY,False,accountancy-practice-payroll,-,-,none,-,-,-,accountancy-practice-payroll,medium
j-sweeney-accountants,J Sweeney Accountants,jsweeneyaccountants.co.uk,GB,11-50,LIKELY,False,accountancy-practice-payroll,-,-,none,-,-,-,accountancy-practice-payroll,medium
jackson-robson-licence,Jackson Robson Licence,jacksonrobson.co.uk,GB,11-50,LIKELY,False,accountancy-practice-payroll,-,-,none,-,-,-,accountancy-practice-payroll,medium
jacob-cavenagh-&-skeet,Jacob Cavenagh & Skeet,jcssutton.co.uk,GB,11-50,LIKELY,False,accountancy-practice-payroll,-,-,none,-,-,-,accountancy-practice-payroll,medium
james-f-wallace-&-co-chartered-accountants,James F. Wallace & Co. Chartered Accountants,jfw.ie,IE,11-50,LIKELY,False,accountancy-practice-payroll,-,-,none,-,-,-,accountancy-practice-payroll,medium
james-scott,James Scott (Accounting),jamesscott.com,GB,11-50,LIKELY,False,accountancy-practice-payroll,-,-,none,-,-,-,accountancy-practice-payroll,medium
jonathan-ford-&-co,Jonathan Ford & Co,jonathanford.co.uk,GB,11-50,LIKELY,False,accountancy-practice-payroll,-,-,none,-,-,-,accountancy-practice-payroll,medium
kps-chartered-accountants,KPS Chartered Accountants,kpsca.co.uk,GB,11-50,LIKELY,False,accountancy-practice-payroll,-,-,none,-,-,-,accountancy-practice-payroll,medium
launchese,Launchese | Launch Your Startup Today,launchese.com,GB,11-50,LIKELY,False,accountancy-practice-payroll,-,-,none,-,-,UK company-formation/consulting firm for non-resident founders; accounting and bookkeeping offered but payroll not listed on site.,accountancy-practice-payroll,medium
liston-&-company,Liston & Company,liston.ie,IE,11-50,DISQUALIFIED,False,,-,-,none,Law practice (Solicitors & Commissioners for Oaths) — no payroll services offered.,-,-,accountancy-practice-payroll,medium
lyon-griffiths-limited,Lyon Griffiths Limited,lyongriffiths.co.uk,GB,11-50,LIKELY,False,accountancy-practice-payroll,-,-,none,-,-,-,accountancy-practice-payroll,medium
m-j-kane-&-co-accountants-ltd,M J Kane & Co Accountants Ltd,mjkane.co.uk,GB,11-50,LIKELY,False,accountancy-practice-payroll,-,-,none,-,-,-,accountancy-practice-payroll,medium
mne-accounting,MNE Accounting,mneaccounting.co.uk,GB,11-50,LIKELY,False,accountancy-practice-payroll,-,-,none,-,-,-,accountancy-practice-payroll,medium
major-s-accounts-co-ltd,Majors Accounts & Co Ltd,majorsaccounts.com,GB,11-50,LIKELY,False,accountancy-practice-payroll,-,-,none,-,-,-,accountancy-practice-payroll,medium
malcolm-piper-and-co,Malcolm Piper and Co,malcolmpiper.co.uk,GB,11-50,LIKELY,False,accountancy-practice-payroll,-,-,none,-,-,-,accountancy-practice-payroll,medium
marneros-marcus-co,Marneros Marcus Co,marnerosmarcus.co.uk,GB,11-50,LIKELY,False,accountancy-practice-payroll,-,-,none,-,-,-,accountancy-practice-payroll,medium
matixaccounts,Matix Accounts Limited,matixaccounts.co.uk,GB,11-50,LIKELY,False,accountancy-practice-payroll,-,-,none,-,-,-,accountancy-practice-payroll,medium
mccleary-&-company-ltd.,McCleary & Company,mcclearyaccountants.com,GB,11-50,LIKELY,False,accountancy-practice-payroll,-,-,none,-,-,-,accountancy-practice-payroll,medium
mcgills-chartered-accountants,McGills Chartered Accountants,-,GB,11-50,LIKELY,False,accountancy-practice-payroll,-,-,none,-,-,-,accountancy-practice-payroll,medium
merchantco,Merchant & Co,merchant.london,GB,11-50,LIKELY,False,accountancy-practice-payroll,-,-,none,-,-,-,accountancy-practice-payroll,medium
meyer-williams,Meyer Williams,meyerwilliams.com,GB,11-50,LIKELY,False,accountancy-practice-payroll,-,-,none,-,-,-,accountancy-practice-payroll,medium
mills-pyatt-ltd,Mills Pyatt Ltd,millspyatt.co.uk,GB,11-50,LIKELY,False,accountancy-practice-payroll,-,-,none,-,-,-,accountancy-practice-payroll,medium
millstream-associates-accountancy-ltd,Millstream Associates (Accountancy),-,GB,11-50,LIKELY,False,accountancy-practice-payroll,-,-,none,-,-,-,accountancy-practice-payroll,medium
mitchell-associates-ltd,Mitchell Associates - Chartered Accountants,mitchell-associates.co.uk,GB,11-50,LIKELY,False,accountancy-practice-payroll,-,-,none,-,-,-,accountancy-practice-payroll,medium
montague-kaye-limited,Montague Kaye Limited,montaguekaye.co.uk,GB,11-50,LIKELY,False,accountancy-practice-payroll,-,-,none,-,-,-,accountancy-practice-payroll,medium
morris-cook-chartered-accountants,Morris Cook Chartered Accountants,morriscook.co.uk,GB,11-50,LIKELY,False,accountancy-practice-payroll,-,-,none,-,-,-,accountancy-practice-payroll,high
mylegalcashier,My Legal Cashier,mylegalcashier.com,GB,11-50,QUALIFIED,True,accountancy-practice-payroll,https://mylegalcashier.com,specialist legal cashiering and accounting support to UK law firms,weak,-,-,Outsourced legal cashiering/bookkeeping bureau for law firms; duplicate LinkedIn record with my-legal-cashier-ltd.,accountancy-practice-payroll,medium
my-legal-cashier-ltd,My Legal Cashier,-,GB,11-50,QUALIFIED,True,accountancy-practice-payroll,https://mylegalcashier.com,specialist legal cashiering and accounting support to UK law firms,weak,-,-,Duplicate LinkedIn record of mylegalcashier.,accountancy-practice-payroll,medium
nwn-blue-squared,NWN Blue Squared,nwnbluesquared.com,GB,11-50,LIKELY,False,accountancy-practice-payroll,-,-,none,-,-,-,accountancy-practice-payroll,medium
nokes-&-co,Nokes & Co,nokesandco.co.uk,GB,11-50,LIKELY,False,accountancy-practice-payroll,-,-,none,-,-,-,accountancy-practice-payroll,medium
norsta-ch,Norsta (Formerly C&H),candhstedman.com,GB,11-50,LIKELY,False,accountancy-practice-payroll,-,-,none,-,-,-,accountancy-practice-payroll,medium
omega-accountants-limited,Omega Accountants,omegaaccountants.co.uk,GB,11-50,LIKELY,False,accountancy-practice-payroll,-,-,none,-,-,-,accountancy-practice-payroll,medium
oneresource-virtual-assistants-ltd,Oneresource | Virtual Assistants,one-resource.com,GB,11-50,DISQUALIFIED,False,,-,-,none,"Virtual assistant / admin support provider, not a payroll processor; no evidence it runs payroll for client organisations.",-,-,accountancy-practice-payroll,medium
outsourced-acc,Outsourced ACC,outsourcedacc.co.uk,GB,11-50,LIKELY,False,accountancy-practice-payroll,-,-,none,-,-,-,accountancy-practice-payroll,medium
pethericks-&-gillard-limited,PG Owen Limited,pgtax.co.uk,GB,11-50,LIKELY,False,accountancy-practice-payroll,-,-,none,-,-,-,accountancy-practice-payroll,medium
pje-chartered-accountants-bristol,PJE | Chartered Accountants,pjecharteredaccountants.co.uk,GB,11-50,LIKELY,False,accountancy-practice-payroll,-,-,none,-,-,-,accountancy-practice-payroll,medium
parfrey-murphy-chartered-accountants,Parfrey Murphy Chartered Accountants,parfreymurphy.ie,IE,11-50,LIKELY,False,accountancy-practice-payroll,-,-,none,-,-,-,accountancy-practice-payroll,medium
pattinsons-accountancy-limited,Pattinsons Business Services Limited,pattinsons.co.uk,GB,11-50,QUALIFIED,True,accountancy-practice-payroll,https://www.linkedin.com/company/pattinsons-accountancy-limited,"Provision of accounting services, such as; ... Bookkeeping services Wages bureaux",weak,-,-,"Evidence is the LinkedIn About blurb (""Wages bureaux""); no site page in pack.",accountancy-practice-payroll,medium
philip-friede-co,Philip Friede & Co,philipfriede.co.uk,GB,11-50,LIKELY,False,accountancy-practice-payroll,-,-,none,-,-,-,accountancy-practice-payroll,medium
phinch,Phinch,phinch.co.uk,GB,11-50,LIKELY,False,accountancy-practice-payroll,-,-,none,-,-,-,accountancy-practice-payroll,medium
pinkaccounting,Pink Affinity,pink-accounts.co.uk,GB,11-50,QUALIFIED,True,accountancy-practice-payroll,https://www.pink-accounts.co.uk/faqs/,"Pink Affinity offers a wide range of accounting and financial services, including bookkeeping, tax returns, payroll, VAT services, management accounts, and business advisory services.",strong,-,-,Contact form also lists Payroll and CIS Services as selectable services.,accountancy-practice-payroll,medium
polaris-accounting,Polaris Accounting,-,GB,11-50,QUALIFIED,True,accountancy-practice-payroll,https://www.linkedin.com/company/polaris-accounting,"from day-to-day bookkeeping and payroll to management accounts, forecasting, and tax support",weak,-,-,No domain recorded (website wearepolaris.co.uk); evidence is LinkedIn About blurb. Xero-based practice.,accountancy-practice-payroll,medium
proactive-accounting,Proactive Accounting Services,proactive-accounting.com,GB,11-50,QUALIFIED,True,accountancy-practice-payroll,https://proactive-accounting.com/service/payroll-auto-enrolment/,"Reliable payroll and auto-enrolment services that ensure your employees are paid correctly and on time, while your business remains fully compliant with HMRC and pension regulations.",strong,-,-,"Belfast practice; Xero Platinum Partner (partner, not competitor).",accountancy-practice-payroll,medium
pwh-accountancy-ltd,Pwh Accountancy,pwhaccountancy.com,GB,11-50,QUALIFIED,True,accountancy-practice-payroll,https://pwhaccountancy.com/our-services/,Our Services ### Accountancy ### Financial Services ### Company Payroll ### Human Resources ### Taxation,strong,-,-,Also offers HR/tribunal support alongside payroll.,accountancy-practice-payroll,medium
rmiaccountancy,RMI Accountancy,rmiaccountancy.com,GB,11-50,LIKELY,False,accountancy-practice-payroll,-,-,none,-,-,-,accountancy-practice-payroll,medium
rfm-accountants-more,RfM Accountants + More,rfm-more.co.uk,GB,11-50,QUALIFIED,True,accountancy-practice-payroll,https://www.rfm-more.co.uk/services/payroll-services,"When you outsource your payroll services to RfM, we effectively become your Payroll Department.",strong,-,-,Multi-office Lancashire practice; Xero Platinum Partner.,accountancy-practice-payroll,medium
richard-smedley-chartered-accountants,Richard Smedley Chartered Accountants,richardsmedley.co.uk,GB,11-50,QUALIFIED,True,accountancy-practice-payroll,http://www.richardsmedley.co.uk/privacy-policy,"We collect information about you when you engage us for Accounting, Payroll, VAT Advisory and Personal Taxation services.",weak,-,-,Only payroll reference found is the privacy policy; no dedicated payroll page.,accountancy-practice-payroll,medium
richmond-gatehouse-llp,Richmond Gatehouse LLP,richmondgatehouse.com,GB,11-50,LIKELY,False,accountancy-practice-payroll,-,-,none,-,-,-,accountancy-practice-payroll,medium
robin-oatridge-&-co-limited,Robin Oatridge & Co,robinoatridge.co.uk,GB,11-50,QUALIFIED,True,accountancy-practice-payroll,https://www.robinoatridge.co.uk/services/payroll-auto-enrolment/,We can help ensure you meet all your payroll and auto enrolment obligations as an employer through our dedicated payroll department provided at a competitive price.,strong,-,-,-,accountancy-practice-payroll,medium
sbcapreston,SBCA Chartered Accountants,sbca.co.uk,GB,11-50,QUALIFIED,True,accountancy-practice-payroll,https://sbca.co.uk/about/becky-greaves-ba/,I also manage payroll for a portfolio of clients and support the team with general administration.,strong,-,-,Named payroll manager running a client payroll portfolio.,accountancy-practice-payroll,medium
sh-accounting-bookkeeping-ltd,SH Accounting & Bookkeeping Ltd,sh-ab.co.uk,GB,11-50,QUALIFIED,True,accountancy-practice-payroll,https://www.sh-ab.co.uk/services/payroll/,"Efficient, accurate payroll services tailored to your business needs. Simplify payroll processing with us.",strong,-,-,"Multiple location-specific payroll service pages (City of London, Barbican).",accountancy-practice-payroll,medium
shms-ltd,SHMS Accountants,shmsltd.com,GB,11-50,QUALIFIED,True,accountancy-practice-payroll,https://shmsltd.com/6/6/payroll,"Our payroll service ensures your staff or subcontractors are paid accurately and on time - with RTI submissions, pension compliance, payslips, and reporting all taken care of.",strong,-,-,Covers subcontractor/CIS as well as PAYE.,accountancy-practice-payroll,medium
skn-chartered-accountants,SKN Chartered Accountants,sknservices.co.uk,GB,11-50,QUALIFIED,True,accountancy-practice-payroll,https://sknservices.co.uk/services/payroll-services/,Our payroll service ensures your employees are paid correctly and on time while keeping you compliant with the latest HMRC requirements.,strong,-,-,Has a sister company for workplace pension compliance supporting the payroll team.,accountancy-practice-payroll,high
sr-accounting-solutions,SR Accounting Solutions,sraccounting.ie,IE,11-50,LIKELY,False,accountancy-practice-payroll,-,-,none,-,-,-,accountancy-practice-payroll,high
sage-&-company-chartered-accountants-sage-&-company-business-advisors,"Sage & Company Chartered Accountants, Sage & Company Business Advisors",sageco.co.uk,GB,11-50,QUALIFIED,True,accountancy-practice-payroll,https://sageco.co.uk/resources/,Sage handles everything for me from payroll to tax returns and their service is flawless; when I need something its done.,weak,-,-,Sage & Company is a Welsh accountancy practice - NOT Sage the software vendor. Evidence is a client testimonial.,accountancy-practice-payroll,high
sandison-lang,Sandison Lang,sandisonlang.com,GB,11-50,QUALIFIED,True,accountancy-practice-payroll,https://sandisonlang.com/services/payroll/,our dedicated team can offer a hassle-free payroll service giving you complete peace of mind and the freedom to concentrate on your own skill areas,strong,-,-,"Specialist medical-sector accountants (doctors, dentists, practices).",accountancy-practice-payroll,medium
seaman-herbert-&-co.,Seaman Herbert & Co,accountantsinyorkshire.co.uk,GB,11-50,QUALIFIED,True,accountancy-practice-payroll,https://accountantsinyorkshire.co.uk/practice-page-single/,These services extend to: #### Professional Financial Services Business Advisory Management Accounts & Information PAYE & Payroll Services,strong,-,-,-,accountancy-practice-payroll,medium
sg-&-co-accountants-uk-limited,Sg & Co Accountants (Uk) Limited,-,GB,11-50,LIKELY,False,accountancy-practice-payroll,-,-,none,-,-,-,accountancy-practice-payroll,medium
sidaways-limited,Sidaways Chartered Accountants,sidaways.co.uk,GB,11-50,QUALIFIED,True,accountancy-practice-payroll,https://www.sidaways.co.uk/blog/an-introduction-to-our-payroll-services/,Payroll and auto enrolment services are vital for small businesses,weak,-,-,Payroll evidence is blog posts introducing their own payroll service; Devon pricing page lists payroll.,accountancy-practice-payroll,medium
riordans-simmons-gainsford,Simmons Gainsford (previously Riordan O'Sullivan & Co),riordans.co.uk,GB,51-200,DISQUALIFIED,False,,-,-,none,Acquired: Riordan O'Sullivan & Co has joined the Simmons Gainsford group; riordans.co.uk now fronts Simmons Gainsford.,-,Acquirer: Simmons Gainsford. Target Simmons Gainsford instead if it is not already in the list.,accountancy-practice-payroll,high
smart-realtime-accounting,Smart Real Time Accounting,-,GB,11-50,LIKELY,False,accountancy-practice-payroll,-,-,none,-,-,-,accountancy-practice-payroll,medium
smoothaccounting,Smooth Accounting,smoothaccounting.co.uk,GB,11-50,QUALIFIED,True,accountancy-practice-payroll,https://smoothaccounting.co.uk/services/payroll/,"Payroll Services by Smooth Accounting ... These things are time-consuming, but none of them compare to payroll. If not, that’s where we come in",strong,-,-,-,accountancy-practice-payroll,medium
socius-accountants-limited,Socius Accountants Limited,sociusaccountants.com,GB,11-50,QUALIFIED,True,accountancy-practice-payroll,https://www.sociusaccountants.com/services/payroll,"We offer a payroll service that fits your needs. We can also provide CIS advice, reporting, submission and certificates where required.",strong,-,-,-,accountancy-practice-payroll,medium
sparks-accounting,Sparks Accounting,-,GB,11-50,LIKELY,False,accountancy-practice-payroll,-,-,none,-,-,-,accountancy-practice-payroll,medium
taxca-accountants-ltd,TAXCA Accountants,-,GB,11-50,LIKELY,False,accountancy-practice-payroll,-,-,none,-,-,-,accountancy-practice-payroll,medium
tlc-bookkeeping,TLC Bookkeeping,tlcbookkeeping.co.uk,GB,11-50,QUALIFIED,True,accountancy-practice-payroll,https://www.tlcbookkeeping.co.uk/index.php/services/,"Payroll Calculating Payroll on a weekly, fortnightly, four weekly or monthly basis ... Monthly filing of CIS Return and issuing of Sub-Contractors Monthly Statements.",strong,-,-,Bookkeeping practice in Reading; does payroll and CIS for clients.,accountancy-practice-payroll,medium
tapariaconsultantsltd,Taparia Consultants Ltd,taparia.co.uk,GB,11-50,LIKELY,False,accountancy-practice-payroll,-,-,none,-,-,"No payroll page in evidence pack; UK/IE accountancy practice of 11+ staff, payroll is a near-universal practice service line.",accountancy-practice-payroll,medium
tax_focus,Tax Focus,taxfocus.co.uk,GB,11-50,QUALIFIED,True,accountancy-practice-payroll,https://taxfocus.co.uk/,Tax Efficient Solutions That Help Your Business AUDIT ACCOUNTING PAYROLL,weak,-,-,Payroll listed as a headline service on the homepage; no dedicated payroll page in pack.,accountancy-practice-payroll,medium
taxagility-chartered-accountants,TaxAgility - A Xeinadin Company,taxagility.com,GB,11-50,DISQUALIFIED,False,,-,-,none,"Acquired into Xeinadin Group - trades as ""TaxAgility - A Xeinadin Company""; payroll decisions sit with the Xeinadin parent.",-,Acquirer: Xeinadin.,accountancy-practice-payroll,medium
taxassist-accountants-franchise-uk,TaxAssist Accountants Franchise UK,-,GB,11-50,DISQUALIFIED,False,,-,-,none,"Franchise head office (TaxAssist Accountants Franchise UK) - payroll is run by independent franchisee practices, not the network HQ.",-,-,accountancy-practice-payroll,medium
teamfinancialpartners,Team Fp,neslopartitioning.co.uk,GB,11-50,LIKELY,False,accountancy-practice-payroll,-,-,none,-,-,Recorded domain neslopartitioning.co.uk is a parked/unrelated domain - WRONG-DOMAIN evidence pack. Real site appears to be teamfp.co.uk; not verified.,accountancy-practice-payroll,medium
the-accounts-centre,The Accounts Centre,theaccountscentre.co.uk,GB,11-50,QUALIFIED,True,accountancy-practice-payroll,https://www.theaccountscentre.co.uk/our-services/accounting-tax/payroll/,"If managing payroll feels like a full-time job, let us take over. Payroll services are time-consuming",strong,-,-,Chester/Tattenhall/Liverpool offices.,accountancy-practice-payroll,medium
the-hhc-partnership,The HHC Partnership,hhcpartnership.co.uk,GB,11-50,QUALIFIED,True,accountancy-practice-payroll,https://www.hhcpartnership.co.uk/factsheets/employment-issues-tax/payroll-basic-procedures,"If your business is in the Pinner and Sevenoaks area we, at The HHC Partnership Ltd, can help you to set up and run your payroll.",weak,-,-,Evidence is a factsheet offering to run clients’ payroll; no standalone payroll service page.,accountancy-practice-payroll,medium
the-hhc-partnership-ltd,The Hhc Partnership,-,GB,11-50,LIKELY,False,accountancy-practice-payroll,-,-,none,-,-,"Duplicate LinkedIn record of ""The HHC Partnership"" (index 44 in this shard, hhcpartnership.co.uk) which is QUALIFIED. Dedupe before outreach.",accountancy-practice-payroll,medium
the-hutchinson-partnership-limited,The Hutchinson Partnership Limited,hutchpartners.co.uk,GB,11-50,LIKELY,False,accountancy-practice-payroll,-,-,none,-,-,"Hereford farm/rural specialist practice; site lists accounts, tax, strategic planning - no payroll page found.",accountancy-practice-payroll,medium
the-kelvin-partnership,The Kelvin Partnership Ltd,thekelvinpartnership.com,GB,11-50,QUALIFIED,True,accountancy-practice-payroll,https://thekelvinpartnership.com/payroll-services-glasgow/,"At The Kelvin Partnership, a Glasgow accountant can take the strain of the payroll away ... Working from experience, we will complete the payrolls on time.",strong,-,-,-,accountancy-practice-payroll,high
the-law-factory,The Law Factory,thelawfactory.net,GB,11-50,LIKELY,False,accountancy-practice-payroll,https://thelawfactory.net/services/tlf-tailored/,"Setting up client and office bank account payments for authorisation, including salary and PAYE payments",weak,-,-,"Outsourced legal cashiering/accounts department for law firms (not itself a law firm). Payroll involvement implied, not confirmed.",accountancy-practice-payroll,medium
the-uncommon-practice,The Uncommon Practice,theuncommonpractice.com,GB,11-50,LIKELY,False,accountancy-practice-payroll,-,-,none,-,-,-,accountancy-practice-payroll,medium
thompsoncoaccountants,Thompson & Co,-,GB,11-50,LIKELY,False,accountancy-practice-payroll,-,-,none,-,-,-,accountancy-practice-payroll,medium
upton-ryan,Upton Ryan,uptonryan.ie,IE,11-50,QUALIFIED,True,accountancy-practice-payroll,https://uptonryan.ie/bookkeeping-payroll/,Upton Ryan can provide bookkeeping and payroll services to our clients,strong,-,-,Republic of Ireland practice - in scope per rubric.,accountancy-practice-payroll,high
versatile-accountancy-services-limited,VERSATILE ACCOUNTANCY SERVICES LIMITED,versatileaccounts.co.uk,GB,11-50,LIKELY,False,accountancy-practice-payroll,-,-,none,-,-,"Website versatileaccounts.co.uk currently shows ""Launching Soon""; no services content to verify payroll.",accountancy-practice-payroll,medium
vfdpro,VFDPro,vfd.academy,GB,11-50,DISQUALIFIED,False,,-,-,none,"VFD Pro / VFD Academy sells a virtual-FD reporting platform and training to accountancy practices - a software/training vendor, not a bureau processing client payroll.",-,Its FaaS content teaches practices to offer payroll; it does not run payroll itself.,accountancy-practice-payroll,medium
venitt-and-greaves,Venitt And Greaves,-,GB,11-50,LIKELY,False,accountancy-practice-payroll,-,-,none,-,-,-,accountancy-practice-payroll,medium
walji-&-co-chartered-accountants,Walji & Co Chartered Accountants,walji.uk.com,GB,11-50,LIKELY,False,accountancy-practice-payroll,-,-,none,-,-,Walji & Co: accountants for property investors and content creators; no payroll page found on site.,accountancy-practice-payroll,medium
watts-accountancy-limited,Watts Accountancy Limited,-,GB,11-50,LIKELY,False,accountancy-practice-payroll,-,-,none,-,-,-,accountancy-practice-payroll,medium
whitehead-&-howarth,Whitehead & Howarth Chartered Accountants,whaccountants.co.uk,GB,11-50,QUALIFIED,True,payroll-bureau,https://whaccountants.co.uk/what-we-do/payroll/,Whitehead & Howarth Chartered Accountants provide a full payroll bureau service ... Let our expert team take the strain and deal with your staff payroll on your behalf.,strong,-,-,Explicitly markets a payroll bureau across Blackpool/Preston/Lancashire.,accountancy-practice-payroll,medium
whitemoor-business-management-and-royalties-llp,Whitemoor Business Management and Royalties,whitemoorllp.co.uk,GB,11-50,QUALIFIED,True,umbrella-contractor-payroll,https://whitemoorllp.co.uk/payroll-cis-advice-administration/,We offer a comprehensive range of payroll & CIS (Construction Industry Scheme) compliance & administration services,strong,-,-,Business management/royalties firm; strong CIS-subcontractor payroll angle alongside general payroll.,accountancy-practice-payroll,medium
wilson-&-co-accountancy-limited,Wilson & Co Accountancy Ltd,wilsonaccountancy.co.uk,GB,11-50,QUALIFIED,True,accountancy-practice-payroll,https://www.wilsonaccountancy.co.uk/services,#### Payroll We offer a comprehensive package for small and medium-sized companies.,strong,-,-,-,accountancy-practice-payroll,high
wincham-international-ltd,Wincham International Limited,wincham.com,GB,11-50,LIKELY,False,accountancy-practice-payroll,-,-,none,-,-,"Wincham International: Spanish property consultancy, wills/probate and Spanish inheritance tax, with a group accountancy arm. No payroll evidence; weak fit - deprioritise.",accountancy-practice-payroll,medium
winchester-bourne-limited,Winchester Bourne Limited - Accounting and Business Specialists,winchesterbourne.com,GB,11-50,QUALIFIED,True,payroll-bureau,https://www.winchesterbourne.com/accounting-services/payroll-specialists/,"Payroll specialists, weekly, monthly payrolls from 1 employee to 250 employees ... Winchester Bourne will provide your company with its own fully functional payroll department",strong,-,-,Runs payrolls from 1 to 300 people; outsourced accounts+payroll department model.,accountancy-practice-payroll,high
clay-shaw-butler,Xeinadin (previously Clay Shaw Butler),clayshawbutler.com,GB,11-50,DISQUALIFIED,False,,-,-,none,Acquired into Xeinadin Group - Clay Shaw Butler now trades as Xeinadin; payroll software decisions sit with the parent.,-,Acquirer: Xeinadin.,accountancy-practice-payroll,medium
yorkshire-accountancy-limited,Yorkshire Accountancy Limited,yorkshireaccountancy.co.uk,GB,11-50,QUALIFIED,True,payroll-bureau,https://yorkshireaccountancy.co.uk/services/payroll-services/payroll-solutions-for-accountants,Outsourced white label payroll services for accountants,strong,-,-,STRONG FIT: runs a payroll bureau AND white-label payroll for other accountancy firms - high-volume software buyer.,accountancy-practice-payroll,medium
youraccountantonline,Your Accountant,-,GB,11-50,LIKELY,False,accountancy-practice-payroll,-,-,none,-,-,-,accountancy-practice-payroll,medium
yousaf-&-co.-limited,Yousaf & Limited,-,GB,11-50,LIKELY,False,accountancy-practice-payroll,-,-,none,-,-,-,accountancy-practice-payroll,medium
abacus-franchising-company-limited,abacus Franchising Company Limited,abacusnetwork.co.uk,GB,11-50,DISQUALIFIED,False,,-,-,none,"Franchise/network head office (Abacus Network, 50+ independent member practices) - payroll sits with the member firms, not the HQ.",-,-,accountancy-practice-payroll,medium
accountup,accountup,accountup.co,GB,11-50,QUALIFIED,True,accountancy-practice-payroll,https://www.accountup.co/,"Bookkeeping, payroll, compliance ... ## Bookkeeping & Payroll Dynamic monthly pricing based on expense volume and additional employees.",strong,-,public interest in payroll automation/compliance (publishes payroll compliance content),Startup-focused modern accounting provider; per-employee payroll pricing.,accountancy-practice-payroll,medium
ag-tax-ltd,AG Tax Ltd,agtax.co.uk,GB,11-50,LIKELY,False,accountancy-practice-payroll,-,-,none,-,-,-,accountancy-practice-payroll,high
brisan-accountancy,Brisan Accountancy,brisan.co.uk,GB,11-50,QUALIFIED,True,accountancy-practice-payroll,https://brisan.co.uk/services/payroll,Companies can make sure all legal requirements are fulfilled and taxes are taken care of by outsourcing their payroll responsibilities,strong,-,-,"Case studies confirm running client payroll (""Brisan looks after all aspects of their payroll"").",accountancy-practice-payroll,medium
bpsluk,Brooms Professional Services Limited,bpsluk.com,GB,11-50,QUALIFIED,True,accountancy-practice-payroll,https://www.bpsluk.com/payroll.html,"At BPSL, we will carry out your Payroll function, thus giving you more time to focus on running your business",strong,-,-,-,accountancy-practice-payroll,high
collins-o'brien,Collins O'Brien,collinsobrien.com,IE,11-50,QUALIFIED,True,accountancy-practice-payroll,https://www.collinsobrien.com/payroll,We offer a complete payroll service and also if you wish to out-source this time consuming process we can facilitate this.,strong,-,-,-,accountancy-practice-payroll,high
daly-farrell-chartered-accountants,Daly Farrell Chartered Accountants,dalyfarrell.ie,IE,11-50,QUALIFIED,True,accountancy-practice-payroll,https://dalyfarrell.ie/payroll-bookkeeping/,"We provide full payroll service for clients with current portfolio ranging from 2 employees to 1,000 employees.",strong,-,acquisition of Paddy Quinn & Co,Merger of PMF & RM Daly; acquired Paddy Quinn & Co.,accountancy-practice-payroll,high
ejbc-chartered-accountants,EJBC Chartered Accountants,henley.accountants,GB,11-50,QUALIFIED,True,accountancy-practice-payroll,https://www.henley.accountants/services/payroll,"We can also take on your payroll and procees weekly, 4 weekly or monthly for employees and subcontractors.",strong,-,-,"Xero/Kashflow/Sage partner - reseller, not a competitor.",accountancy-practice-payroll,high
local-accountancy-project,LOCAL ACCOUNTANCY PROJECT,localaccountancyproject.org.uk,GB,11-50,LIKELY,False,accountancy-practice-payroll,-,-,none,-,-,"Charity (est. 1986) providing payroll/bookkeeping to voluntary sector orgs; site did not resolve, unverified.",accountancy-practice-payroll,medium
mcgovern-worn-&-co,McGovern Worn & Co,mcgw.ie,IE,11-50,QUALIFIED,True,accountancy-practice-payroll,https://mcgw.ie/services/payroll-services-2/,We offer a Payroll service that is experienced and dependable... we remit PAYE/PRSI payments to the Revenue.,strong,-,-,-,accountancy-practice-payroll,medium
mitchellsgrievson,Mitchells Grievson Chartered Accountants,mitchells-online.com,GB,11-50,QUALIFIED,True,accountancy-practice-payroll,https://www.mitchells-online.com/services/support-services,Payroll bureau - Running a payroll can be time consuming and complicated and divert resources from the core activities of your business.,strong,-,-,Explicit payroll bureau.,accountancy-practice-payroll,medium
rustrick-accountants,Rustrick Accountants Limited,rustrick.co.uk,GB,11-50,QUALIFIED,True,accountancy-practice-payroll,https://www.rustrick.co.uk/services/payroll,We run payrolls on time and provide a tailored service,strong,-,-,-,accountancy-practice-payroll,medium
stewart-associates-shrewsbury-ltd,Stewart Associates Shrewsbury Ltd,saltd.co.uk,GB,11-50,LIKELY,False,accountancy-practice-payroll,-,-,none,-,-,Payroll not evidenced on site; CIS/employment-status work referenced.,accountancy-practice-payroll,medium
patara-&-co---chartered-accountants,patara | chartered accountants,patara.uk,GB,11-50,LIKELY,False,accountancy-practice-payroll,-,-,none,-,-,No evidence pages retrieved.,accountancy-practice-payroll,medium
adwilliamsandco,A D Williams & Co,adwilliamsandco.com,GB,11-50,QUALIFIED,True,accountancy-practice-payroll,https://adwilliamsandco.com/services/payroll/,Our Services Include: Accounting & Compliance - Accounting - Bookkeeping - VAT Services - Payroll - Pension Auto-enrolment,strong,-,-,-,accountancy-practice-payroll,medium
alan-james-&-co,Alan James & Co,alanjames.co.uk,GB,11-50,LIKELY,False,accountancy-practice-payroll,-,-,none,-,-,"Team of 12, 1,200 clients; no site evidence retrieved.",accountancy-practice-payroll,high
benson-wood,Benson Wood Accountants,bensonwood.co.uk,GB,11-50,QUALIFIED,True,accountancy-practice-payroll,https://bensonwood.co.uk/,"We can draw on a large amount of expertise in Tax, Accounts, Bookkeeping, Payroll, Business Planning and Financial Services.",strong,-,-,-,accountancy-practice-payroll,medium
dominic-hill-chartered-accountants,Dominic Hill Chartered Accountants,dominichill.co.uk,GB,11-50,QUALIFIED,True,accountancy-practice-payroll,https://www.dominichill.co.uk/service/bookkeeping-vat-cloud-accounting-and-payroll/,"We support businesses to manage their finance processes and payroll... a team of experts to guide your business through... the complexities of payroll, CIS and auto enrolment pensions.",strong,-,-,-,accountancy-practice-payroll,medium
dyer-&-co,Dyer & Co Services Limited,dyer-co.com,GB,11-50,LIKELY,False,accountancy-practice-payroll,-,-,none,-,-,No evidence pages retrieved.,accountancy-practice-payroll,medium
gower-accountancy-limited,Gower Accountancy Ltd,goweraccountancy.co.uk,GB,11-50,LIKELY,False,accountancy-practice-payroll,-,-,none,-,-,Pages retrieved show no payroll service line.,accountancy-practice-payroll,medium
john-kerr-chartered-accountants,John Kerr Chartered Accountants,jkca.co.uk,GB,11-50,LIKELY,False,accountancy-practice-payroll,-,-,none,-,-,No evidence pages retrieved.,accountancy-practice-payroll,medium
leahy-&-co.-chartered-accountants,Leahy & Co. Chartered Accountants,leahy.ie,IE,11-50,LIKELY,False,accountancy-practice-payroll,-,-,none,-,-,"Partner specialises in insolvency, but the firm is a general accountancy practice.",accountancy-practice-payroll,medium
macmahon-leggate-chartered-accountants,MacMahon Leggate Chartered Accountants,macmahonleggate.co.uk,GB,11-50,LIKELY,False,accountancy-practice-payroll,-,-,none,-,-,Only an off-payroll working tax guide found; no payroll service page.,accountancy-practice-payroll,high
mann-judd-gordon,Mann Judd Gordon,mannjudd.co.uk,GB,11-50,QUALIFIED,True,accountancy-practice-payroll,https://www.mannjudd.co.uk/services/payroll,Payroll Isle of Lewis : Mann Judd Gordon,strong,-,-,-,accountancy-practice-payroll,high
mcfmck,McFeely & McKiernan,mcfmck.ie,IE,11-50,QUALIFIED,True,accountancy-practice-payroll,https://mcfmck.ie/payroll-services/,Payroll Services | McFeely & McKiernan Accountants Limited,strong,-,-,-,accountancy-practice-payroll,high
alacrityaccountancyltd,Alacrity Accountancy Ltd,alacrityaccountancy.co.uk,GB,11-50,LIKELY,False,accountancy-practice-payroll,-,-,none,-,-,No evidence pages retrieved.,accountancy-practice-payroll,medium
benham-conway,Benham Conway & Co,benhamconway.co.uk,GB,11-50,QUALIFIED,True,accountancy-practice-payroll,https://www.benhamconway.co.uk/services,Bookkeeping - maintenance of books and records - preparation of vat returns - accounts processing - payroll services,strong,-,-,-,accountancy-practice-payroll,medium
brookwood-accountancy-ltd,Brookwood Accountancy Ltd,brookwood.co.uk,GB,11-50,QUALIFIED,True,accountancy-practice-payroll,https://www.brookwood.co.uk/services/payroll,Managed Payroll Services Oxford | Brookwood Accountancy,strong,-,-,-,accountancy-practice-payroll,medium
harris-&-co-northampton,Harris & Co Chartered Accountants Northampton,harrisandco.biz,GB,11-50,QUALIFIED,True,accountancy-practice-payroll,https://www.harrisandco.biz/accounting-payroll,You require us to prepare your payroll each week/month,strong,-,-,-,accountancy-practice-payroll,medium
ids-chartered-accountants-llp,Ids Chartered Accountants Llp,idscharteredaccountants.com,GB,11-50,QUALIFIED,True,accountancy-practice-payroll,https://www.idscharteredaccountants.com/payroll-cis,Payroll & CIS - IDS Chartered Accountants,strong,-,-,"Belfast, Northern Ireland.",accountancy-practice-payroll,medium
kenneth-o-connor-accountants,"Kenneth O'Connor & Co. Accountants, Auditors & Tax Consultants",kenocon.com,IE,11-50,QUALIFIED,True,accountancy-practice-payroll,https://www.kenocon.com/payroll/,"Payroll - KenOCon.com | PRSI, Accountants, Revenue",strong,-,-,-,accountancy-practice-payroll,high
meacher-jones,Meacher-Jones,meacher-jones.com,GB,11-50,LIKELY,False,accountancy-practice-payroll,-,-,none,-,-,No evidence pages retrieved.,accountancy-practice-payroll,medium
o-donovan-keyes-barrett,O'Donovan Keyes & Barrett,odkb.ie,IE,11-50,QUALIFIED,True,accountancy-practice-payroll,https://odkb.ie/services/pay-roll/,Payroll Outsourcing,strong,-,-,-,accountancy-practice-payroll,high
s-c-dunne-&-co-,SCD Accountants Ltd,scdunne.ie,IE,11-50,QUALIFIED,True,accountancy-practice-payroll,https://scdunne.ie/payroll-outsourcing/,"Payroll Outsourcing, Kildare - SCD Accountants Ltd.",strong,-,-,-,accountancy-practice-payroll,high
smart-accountancy-limited,Smart Accountancy Limited,smartaccountancy.co.uk,GB,11-50,LIKELY,False,accountancy-practice-payroll,-,-,none,-,-,No description or evidence pages available.,accountancy-practice-payroll,medium
veritas-accountants,Veritas Accountants,veritasaccountants.co.uk,GB,11-50,QUALIFIED,True,accountancy-practice-payroll,https://www.veritasaccountants.co.uk/services/payroll-services,Payroll Services | Veritas Accountants,strong,-,-,Specialist healthcare/medical-dental division.,accountancy-practice-payroll,medium
w.-o.-mcgrory-&-company,W. O. McGrory & Company,mcgrory.ie,IE,11-50,QUALIFIED,True,accountancy-practice-payroll,https://www.mcgrory.ie/services/payroll-and-paye-returns/,Payroll and PAYE Returns - W.O. McGrory & Company,strong,-,-,-,accountancy-practice-payroll,high
wilkinson-and-partners,Wilkinson and Partners,wilkinson-partners.co.uk,GB,11-50,QUALIFIED,True,accountancy-practice-payroll,https://www.wilkinson-partners.co.uk/services/support-services,Payroll - Running a payroll can be time consuming and complicated... We can address this by installing payroll software,strong,-,-,-,accountancy-practice-payroll,medium
armida-limited,Armida Limited,armida.co.uk,GB,11-50,LIKELY,False,accountancy-practice-payroll,-,-,none,-,-,No evidence pages retrieved.,accountancy-practice-payroll,medium
ascot-drummond-uk-ltd,Ascot Drummond,ascotdrummond.co.uk,GB,11-50,QUALIFIED,True,accountancy-practice-payroll,https://portal.ascotdrummond.co.uk/bespoke-solutions/,"We can also offer a range of payroll services, including the filing of payroll returns and production of payslips.",strong,-,-,-,accountancy-practice-payroll,medium
carmodykellyacc,Carmody Kelly & Associates,carmodykelly.ie,IE,11-50,LIKELY,False,accountancy-practice-payroll,-,-,none,-,-,No evidence pages retrieved.,accountancy-practice-payroll,high
contractor-101,Contractor101,contractor101.co.uk,GB,11-50,LIKELY,False,umbrella-contractor-payroll,https://contractor101.co.uk/about-us/,"That includes issues with payroll, applying for a mortgage, sourcing new clients, tax issues",weak,-,-,Unclear whether it runs its own umbrella PAYE payroll or brokers contractors to partner umbrella providers - verify manually.,accountancy-practice-payroll,medium
corvidae-accounting,Corvidae Accounting,corvidae.ie,IE,11-50,LIKELY,False,accountancy-practice-payroll,-,-,none,-,-,"Offers accounting, tax and HR; no payroll page retrieved.",accountancy-practice-payroll,high
ecooffice-accountants,EcoOffice - kingsleybusiness online limited,ecooffice.tax,GB,11-50,QUALIFIED,True,accountancy-practice-payroll,https://ecooffice.tax/,"we can provide accountancy and tax advice, bookkeeping and payroll, VAT and CIS services",weak,-,-,"Describes itself as providing accounting services AND bespoke cloud systems; core business is the practice, not a payroll software product.",accountancy-practice-payroll,medium
filer-knapper-llp,Filer Knapper LLP,filerknapper.co.uk,GB,11-50,LIKELY,False,accountancy-practice-payroll,-,-,none,-,-,No evidence pages retrieved.,accountancy-practice-payroll,high
prysmfinancial,Prysm Financial (UK),prysm.financial,GB,11-50,QUALIFIED,True,accountancy-practice-payroll,https://www.prysm.financial/services/payroll/,UK PAYROLL SERVICES - Based in London - Payroll service,strong,-,published payroll client case study,-,accountancy-practice-payroll,medium
alanbrookesgroup,The Alanbrookes Group,alanbrookes.co.uk,GB,11-50,LIKELY,False,accountancy-practice-payroll,-,-,none,-,-,No evidence pages retrieved.,accountancy-practice-payroll,medium
paymatters-accountancy-services-llp,Umbrella Accountants LLP,umbrella.co.uk,GB,51-200,QUALIFIED,True,umbrella-contractor-payroll,https://umbrella.co.uk/our-services/umbrella-services,"As an umbrella company, we employ temporary workers like yourself to enable you to carry out a number of short and long-term contracts for agencies and end clients.",strong,-,-,Umbrella + contractor accountancy; APSCo and Professional Passport approved. 51-200 staff.,accountancy-practice-payroll,medium
windsor-accountancy,Windsor Accountancy,windsoraccountancy.co.uk,GB,11-50,QUALIFIED,True,accountancy-practice-payroll,https://www.windsoraccountancy.co.uk/services/payroll-services,Payroll Services,strong,-,-,Three Berkshire branches.,accountancy-practice-payroll,medium
hugh-davies-&-co,Xeinadin Hugh Davies & Co,hugh-davies.co.uk,GB,11-50,DISQUALIFIED,False,,-,-,none,Acquired into Xeinadin Group - hugh-davies.co.uk 301-redirects to xeinadin.com/office/salisbury.,-,Parent Xeinadin should be treated as the entity.,accountancy-practice-payroll,medium
astute-accountants-ltd,ASTUTE ACCOUNTANTS LTD,astuteaccountants.co.uk,GB,11-50,QUALIFIED,True,accountancy-practice-payroll,https://www.astuteaccountants.co.uk/bureau-services,Bureau Services,strong,-,-,Runs bureau services plus employment-tax/payroll workstream.,accountancy-practice-payroll,medium
accounting-group,Accounting Group,theaccountinggroup.co.uk,GB,11-50,LIKELY,False,accountancy-practice-payroll,-,-,none,-,-,No evidence pages retrieved.,accountancy-practice-payroll,medium
barnes-&-scott,Barnes & Scott,barnesandscott.com,GB,11-50,QUALIFIED,True,accountancy-practice-payroll,https://www.barnesandscott.com/services/uk-expansion-for-startups/,"Our clients value having an established local partner to manage payroll, tax and compliance while they focus on building teams",strong,-,-,Tech/startup specialist; UK expansion payroll.,accountancy-practice-payroll,high
cvrgloballlp,CVR Global LLP,cvr.global,GB,51-200,DISQUALIFIED,False,,-,-,none,"Insolvency practitioners, forensic accountants and restructuring specialists - not a payroll provider.",-,-,accountancy-practice-payroll,medium
mha-wales-accountants,Gerald Thomas,geraldthomas.co.uk,GB,11-50,LIKELY,False,accountancy-practice-payroll,-,-,none,-,-,No evidence pages retrieved.,accountancy-practice-payroll,medium
kilcoyne-&-co-accountants,Kilcoyne & Co Accountants,kilcoyneaccountants.ie,IE,11-50,LIKELY,False,accountancy-practice-payroll,-,-,none,-,-,No evidence pages retrieved.,accountancy-practice-payroll,medium
larkings,Larkings,larkings.co.uk,GB,51-200,LIKELY,False,accountancy-practice-payroll,-,-,none,-,-,"51-200 staff, three Kent offices; no evidence pages retrieved.",accountancy-practice-payroll,medium
mortimore-&-co-chartered-certified-accountants,Mortimore & Co Chartered Certified Accountants,mortimoreandco.co.uk,GB,11-50,QUALIFIED,True,accountancy-practice-payroll,https://www.mortimoreandco.co.uk/services/payroll-and-cis,Payroll and CIS Cullompton : Mortimore & Co,strong,-,advertising vacancies,Homepage carries a Join our Team/Vacancies page.,accountancy-practice-payroll,medium
numeric-accounting-limited,NUMERIC ACCOUNTING LIMITED,numericaccounting.co.uk,GB,11-50,QUALIFIED,True,accountancy-practice-payroll,https://www.numericaccounting.co.uk/services/accounting/,"As well as bookkeeping, VAT returns and payroll, we will ensure your year end accounts process is well managed",strong,-,-,-,accountancy-practice-payroll,medium
papercareai,Papercare Working Papers,papercare.ai,GB,11-50,QUALIFIED,True,accountancy-practice-payroll,https://www.papercare.ai/payroll/,"Experience top-notch in the UK with our expert outsourcing solutions. Trust Papercare for accurate, timely payroll processing",weak,-,-,"Primarily an AI working-papers SaaS for UK accountants, but sells outsourced payroll processing too. Not a payroll software vendor - borderline, human check advised.",accountancy-practice-payroll,medium
pennington-williams,Pennington Williams,penningtonwilliams.co.uk,GB,11-50,QUALIFIED,True,accountancy-practice-payroll,https://penningtonwilliams.co.uk/services/payroll-auto-enrolment/,Payroll & Auto-enrolment - Pennington Williams,strong,-,-,-,accountancy-practice-payroll,medium
skytax-accountingltd,SkyTax Accounting Ltd,skytax.co.uk,GB,11-50,LIKELY,False,accountancy-practice-payroll,-,-,none,-,-,No evidence pages retrieved.,accountancy-practice-payroll,medium
the-company-warehouse,TheCompanyWarehouse.Co.Uk,thecompanywarehouse.co.uk,GB,11-50,QUALIFIED,True,payroll-bureau,https://www.thecompanywarehouse.co.uk/business-services/managed-payroll-service,Managed Payroll Service | TheCompanyWarehouse.co.uk,strong,-,-,Company formation agent with a managed payroll + accountancy service line for SME clients.,accountancy-practice-payroll,medium
town-forest,"Town & Forest, Chartered Accountants",townandforest.co.uk,GB,11-50,QUALIFIED,True,accountancy-practice-payroll,https://townandforest.co.uk/about/,Caroline Barnes Payroll Manager,weak,-,-,Dedicated Payroll Manager on the team; services page lists payroll.,accountancy-practice-payroll,medium
aperio-finance,aperio,aperio.ie,IE,11-50,QUALIFIED,True,accountancy-practice-payroll,https://www.linkedin.com/company/aperio,"Our outsourced financial services include company formation, bookkeeping, payroll, management accounts, statutory compliance",weak,-,-,Payroll confirmed via LinkedIn About; no dedicated payroll page found on aperio.ie.,accountancy-practice-payroll,high
ah-accountants-united-kingdom,AH Accountants - United Kingdom,ahaccountants.com,GB,11-50,QUALIFIED,True,accountancy-practice-payroll,https://ahaccountants.com/compliance-services/,Our range of compliance services includes: - Annual accounts; - Company secretarial services; - Payroll procedures,strong,-,-,Nottingham HQ; also markets payroll services for UAE.,accountancy-practice-payroll,medium
your-accountancy-solutions,Accountancy Solutions,accountancy-solutions.co.uk,GB,11-50,QUALIFIED,True,accountancy-practice-payroll,https://accountancy-solutions.co.uk/services/accountancy-payroll/,"At Accountancy Solutions, we take accounting and payroll off your hands.",strong,-,-,-,accountancy-practice-payroll,medium
accountum,Accountum,accountum.com,GB,11-50,QUALIFIED,True,accountancy-practice-payroll,https://www.accountum.com/about/meet-the-team/,Jozie Reader-Hussey Payroll Manager / HR ... Barbara Burge Payroll Officer,weak,-,-,Dedicated payroll staff; enquiry form offers Payroll. Swedish-UK specialist practice.,accountancy-practice-payroll,medium
byb-accountancy-limited,BYB ACCOUNTANCY LIMITED,bybaccountancy.net,GB,11-50,QUALIFIED,True,accountancy-practice-payroll,https://www.bybaccountancy.net/,"For help with any of your accountancy, VAT, payroll, Making Tax Digital and tax requirements, please contact us.",strong,-,-,-,accountancy-practice-payroll,medium
certax-accounting-kent,Certax Accounting East Kent,certaxeastkent.co.uk,GB,11-50,QUALIFIED,True,accountancy-practice-payroll,https://www.certaxeastkent.co.uk/payroll-services/,Payroll services in Kent | Get a Free Quote | Certax Accountants,strong,-,-,Certax network franchise office.,accountancy-practice-payroll,medium
clearstone-business-services-ltd,Clearstone Business Services Ltd,clearstonebusiness.co.uk,GB,11-50,QUALIFIED,True,accountancy-practice-payroll,https://clearstonebusiness.co.uk/packages-pricing/,We do all payroll on Xero Payroll and our payroll and workplace,strong,-,-,Runs client payroll on Xero Payroll - incumbent software to displace.,accountancy-practice-payroll,medium
geens-chartered-accountants-&-business-advisors,Geens Chartered Accountants & Business Advisors,geens.co.uk,GB,11-50,LIKELY,False,accountancy-practice-payroll,-,-,none,-,-,No evidence pages retrieved.,accountancy-practice-payroll,medium
hussains---international-accountants,Hussains® CPA,hussainscpa.uk,GB,11-50,LIKELY,False,accountancy-practice-payroll,-,-,none,-,-,No evidence pages retrieved.,accountancy-practice-payroll,medium
kenny-whelan-&-company,"Kenny, Whelan & Company",kennywhelan.com,IE,11-50,LIKELY,False,accountancy-practice-payroll,-,-,none,-,-,No evidence pages retrieved.,accountancy-practice-payroll,high
mlmg-chartered-certified-accountants,MLMG Chartered Certified Accountants,mlmg.ie,IE,11-50,QUALIFIED,True,accountancy-practice-payroll,https://www.mlmg.ie/mlmg-payroll-services/,"MLMG PAYROLL SERVICES ... Employers, changes are coming. Are you ready? PAYE Modernisation",strong,-,-,-,accountancy-practice-payroll,high
merit-accountants-and-tax-advisors,Merit Accountants and Tax Advisors Ltd,meritaccountants.co.uk,GB,11-50,QUALIFIED,True,accountancy-practice-payroll,https://meritaccountants.co.uk/payroll-and-p11d-processing/,"We run fully managed payroll, including payslips, pensions auto enrolment, P11Ds and year end reporting, with employer NI planning built in.",strong,-,-,-,accountancy-practice-payroll,medium
patton-rainey-stenson,Patton Rainey Stenson Limited,prsca.co.uk,GB,11-50,LIKELY,False,accountancy-practice-payroll,-,-,none,-,-,"Site reachable; only a ""Payrolling Benefits"" news post, no payroll service page. Enniskillen practice (NI).",accountancy-practice-payroll,medium
peak-accounting-solution,Peak Accounting Solution,peakaccountingsolutions.ie,IE,11-50,QUALIFIED,True,accountancy-practice-payroll,https://peakaccountingsolutions.ie/payroll-services/,"Peak Accounting Solutions offers reliable payroll services for businesses across Ireland. Our team ensures accurate payroll processing, timely payments, and compliance with Irish tax laws.",strong,-,-,-,accountancy-practice-payroll,high
taxgoglobal,Tax GO Global,taxgoglobal.com,IE,11-50,DISQUALIFIED,False,,-,-,none,"Competitor: builds and sells financial/business management software including payroll (""Tax GO Global | Accounting Software""), not a payroll service provider.",-,Site title confirms software vendor positioning.,accountancy-practice-payroll,medium
victor-boorman-&-co,Victor Boorman & Co,boormans.com,GB,11-50,QUALIFIED,True,accountancy-practice-payroll,https://www.boormans.com/how-we-help/business-services/bookkeeping-accounting/,Business Services * Bookkeeping & accounting * Business startup * Company secretarial * Corporate finance * International services * Mergers & acquisitions * Payroll,weak,-,-,Trades as Boormans Accountants Ltd; Payroll is a listed business-service line.,accountancy-practice-payroll,medium
atkins-ferrie,Atkins Ferrie,atkinsferrie.co.uk,GB,11-50,LIKELY,False,accountancy-practice-payroll,-,-,none,-,-,Cornwall practice; site returned no readable content and no payroll page found.,accountancy-practice-payroll,medium
bca-accountants-and-business-advisors,BCA Accountants and Business Advisors,bankscooper.co.uk,GB,11-50,LIKELY,False,accountancy-practice-payroll,-,-,none,-,-,Banks Cooper Associates: outsourced management accounting / full outsourced finance departments; no explicit payroll page found.,accountancy-practice-payroll,medium
boland-&-partners,Boland & Partners,bmboland.com,IE,11-50,QUALIFIED,True,accountancy-practice-payroll,https://www.bmboland.com/services/accounting-services/payroll-services/,At Boland & Partners we provide our clients with an efficient payroll processing service that results in significant cost savings in terms of both time and money.,strong,-,-,-,accountancy-practice-payroll,medium
clay-shaw-thomas-chartered-accountants,Clay Shaw Thomas Accountants,clayshawthomas.com,GB,11-50,QUALIFIED,True,accountancy-practice-payroll,https://www.clayshawthomas.com/,"Are we able to help with corporate finance, audits and payroll? Naturally.",strong,-,-,-,accountancy-practice-payroll,medium
clever-accountants-ltd,Clever Accountants Ltd,cleveraccountants.co.uk,GB,11-50,QUALIFIED,True,accountancy-practice-payroll,https://cleveraccountants.co.uk/prices/,"We support self-employed individuals, limited companies, and private clients with bookkeeping, payroll, VAT, tax returns, and business registrations.",strong,-,-,-,accountancy-practice-payroll,medium
hbd-accountancy-services-llp,Hbd Accountancy Services Llp,hbdllp.co.uk,GB,11-50,LIKELY,False,accountancy-practice-payroll,-,-,none,-,-,hbdllp.co.uk does not resolve; LinkedIn description states payroll among services but site unreachable.,accountancy-practice-payroll,medium
jgb-accountants-and-business-advisors,JGB Accountants and Business Advisors,jgbaccountants.com,GB,11-50,LIKELY,False,accountancy-practice-payroll,-,-,none,-,-,No payroll service page found in pack; Hitchin practice (trades as John-Goodman & Bull).,accountancy-practice-payroll,medium
ks-global-accountants,KS Global Accountants,ksga.co.uk,GB,51-200,LIKELY,False,accountancy-practice-payroll,-,-,none,-,-,ksga.co.uk does not resolve.,accountancy-practice-payroll,medium
kildare-audit-accountancy-services,Kildare Audit & Accountancy Services,kaas.ie,IE,11-50,LIKELY,False,accountancy-practice-payroll,-,-,none,-,-,"Payroll appears only in blog posts, not as a service line.",accountancy-practice-payroll,medium
kingston-smith-consulting-llp,Kingston Smith Consulting LLP,kscllp.co.uk,GB,11-50,DISQUALIFIED,False,,-,-,none,"Specialist consulting arm (technology risk, governance, regulatory compliance) of Moore Kingston Smith, not a payroll provider; site unreachable.",-,Kingston Smith LLP merged into Moore Kingston Smith.,accountancy-practice-payroll,medium
probusiness-limited-accountants-business-advisors,"Probusiness Limited, Accountants & Business Advisors",probusinessuk.com,GB,11-50,QUALIFIED,True,accountancy-practice-payroll,https://odaccountants.co.uk/resources/bookkeeping-payroll/,"Bookkeeping, payroll, and VAT handled through cloud accounting software",weak,-,-,"probusinessuk.com now 301s to odaccountants.co.uk (rebranded OD Accountants) - same firm, not an acquisition.",accountancy-practice-payroll,medium
sambhavmanagement,Sambhav Management,-,GB,11-50,LIKELY,False,accountancy-practice-payroll,-,-,none,-,-,No domain recorded; LinkedIn describes outsourced bookkeeping/accountancy for SMEs in UK & Ireland.,accountancy-practice-payroll,medium
seahouses-accountancy-services-limited,Seahouses Accountancy Services Limited,seahouses.org,GB,11-50,LIKELY,False,accountancy-practice-payroll,-,-,none,-,-,"Recorded domain seahouses.org is a Northumberland tourism site, NOT this firm - wrong-domain pack. Real site not found.",accountancy-practice-payroll,medium
tag-community,TAG Community,tagcommunity.co.uk,GB,51-200,DISQUALIFIED,False,,-,-,none,"Membership network/community for member accountancy firms (""services on offer from TAG members to their clients"") - payroll sits with the independent member firms, not TAG.",-,Network head office.,accountancy-practice-payroll,medium
techimpact-leap-solutions-limited-til-uk,Techimpact Leap Solutions Limited (TIL UK),tilsol.co.uk,GB,11-50,DISQUALIFIED,False,,-,-,none,"IT/ERP/CRM consultancy (business consultation, ERP, CRM, IT infrastructure) operating HK/US/India/UK - does not process payroll for clients.",-,-,accountancy-practice-payroll,medium
asr-accountancy-limited,ASR ACCOUNTANCY LIMITED,-,GB,11-50,LIKELY,False,accountancy-practice-payroll,-,-,none,-,-,"No domain recorded, no description.",accountancy-practice-payroll,medium
accvizandcoauditors,AccViz&Co Auditors & Accountants,accvizandco.com,IE,11-50,LIKELY,False,accountancy-practice-payroll,-,-,none,-,-,accvizandco.com does not resolve; Irish audit/accounting firm per LinkedIn.,accountancy-practice-payroll,high
accountants-4-agencies,Accountants 4 Agencies,accountants4agencies.co.uk,GB,11-50,LIKELY,False,accountancy-practice-payroll,-,-,none,-,-,accountants4agencies.co.uk does not resolve; niche practice for ad/marketing agencies.,accountancy-practice-payroll,medium
ctmpaccountantsltd,CTMP Accountants Ltd,ctmp.co.uk,GB,11-50,QUALIFIED,True,accountancy-practice-payroll,https://ctmp.co.uk/services/,We are always happy to offer advice on the right accounting or payroll software for your business.,weak,-,-,Payroll referenced as software advice/training rather than a bureau service - treat as soft evidence.,accountancy-practice-payroll,medium
city-management-accountants-ltd-1,City Management Accountants Ltd,cma-accountants.co.uk,GB,11-50,QUALIFIED,True,accountancy-practice-payroll,https://www.cma-accountants.co.uk/services/support-services/,PAYROLL Running a payroll can be time consuming and complicated and divert resources from the core activities of your business.,strong,-,-,-,accountancy-practice-payroll,medium
dwyer-accountants,Dwyer Accountants,dwyeraccountants.ie,IE,11-50,QUALIFIED,True,accountancy-practice-payroll,http://www.dwyeraccountants.ie/payroll/,"We provide a payroll service to various businesses, ranging from the small sole trader to the large company",strong,-,-,-,accountancy-practice-payroll,high
easy-payrol-uk,Easy-Payroll,easy-payroll.uk,GB,11-50,QUALIFIED,True,payroll-bureau,https://easy-payroll.uk/,Easy Payroll provides outsourced payroll support for UK businesses that need more than just basic payroll processing.,strong,-,-,"Part of ""EOR UK group"". Bureau-style outsourced payroll, not a software licence sale.",accountancy-practice-payroll,high
gabriel-associates,Gabriel & Associates,gabrielandassociate.co.uk,GB,51-200,LIKELY,False,accountancy-practice-payroll,-,-,none,-,-,gabrielandassociate.co.uk returns 403 to automated fetch; Leytonstone practice.,accountancy-practice-payroll,medium
innventory-ltd,INNventory Ltd,innventory-lta.co.uk,GB,51-200,QUALIFIED,True,accountancy-practice-payroll,https://www.linkedin.com/company/innventory-ltd,"Innventory are specialist Licensed Trade Accountants who are devoted to providing professional stocktaking, accounting and payroll services to the licensed trade.",weak,-,-,Website innventory-lta.co.uk does not resolve; evidence from LinkedIn About.,accountancy-practice-payroll,high
jc-bookkeeping-services-limited,Jc Bookkeeping Services Limited,jcbookkeeping.co.uk,GB,11-50,LIKELY,False,accountancy-practice-payroll,-,-,none,-,-,"jcbookkeeping.co.uk shows a ""Coming Soon"" holding page.",accountancy-practice-payroll,medium
ltg-accountants,LTG Accountants,ltg.accountants,GB,11-50,LIKELY,False,accountancy-practice-payroll,-,-,none,-,-,"Site reachable, no payroll page or mention found.",accountancy-practice-payroll,medium
lucas-reis-limited,LUCAS REIS LIMITED,lucasreis.com,GB,11-50,LIKELY,False,accountancy-practice-payroll,-,-,none,-,-,lucasreis.com returns 403 to automated fetch; Stockport chartered accountants.,accountancy-practice-payroll,medium
mexol-accounting-solutions,Mexol Accounting Solutions Ltd,mexol-accounts.co.uk,GB,11-50,LIKELY,False,accountancy-practice-payroll,-,-,none,-,-,mexol-accounts.co.uk returned 503.,accountancy-practice-payroll,medium
oscarip-accountants,Oscar Ip & Co. Chartered Accountants,oscarip.co.uk,GB,11-50,LIKELY,False,accountancy-practice-payroll,-,-,none,-,-,oscarip.co.uk returns 403 to automated fetch; Liverpool/Birmingham practice.,accountancy-practice-payroll,medium
pact-accountancy,Pact Accountancy,pactaccountancy.co.uk,GB,11-50,QUALIFIED,True,accountancy-practice-payroll,https://pactaccountancy.co.uk/payroll-services/,We offer you quality payroll services across the UK. You can rely on Pact professionals.,strong,-,-,-,accountancy-practice-payroll,high
rchaccountants,RCH Chartered Accountants,rchca.co.uk,GB,11-50,QUALIFIED,True,accountancy-practice-payroll,https://rchca.co.uk/services/,Services Business Accounts Preparation Auditing ... Bookkeeping Corporation Tax Payroll R & D Tax Relief Tax Investigations VAT Returns,weak,-,-,-,accountancy-practice-payroll,medium
synergee-limited,Synergee Limited,synergee.org.uk,GB,11-50,LIKELY,False,accountancy-practice-payroll,-,-,none,-,-,synergee.org.uk appears to be a placeholder page; no payroll evidence.,accountancy-practice-payroll,medium
axisaccount,AXIS CLOUD ACCOUNTING LIMITED,axisaccounts.com,GB,11-50,QUALIFIED,True,accountancy-practice-payroll,https://www.axisaccounts.com/,"We deliver complete financial support, covering bookkeeping, tax returns, payroll, and cloud accounting to keep your business running efficiently.",strong,-,-,-,accountancy-practice-payroll,medium
adaptaccountancy,Adapt Accountancy,adaptaccountancy.co.uk,GB,11-50,QUALIFIED,True,accountancy-practice-payroll,https://adaptaccountancy.co.uk/services/payroll-services-birmingham/,Services ... Company Tax Returns Payroll Services Sage Training Self Assessment Tax Returns ... Virtual Accounts & Finance Department,weak,-,-,"Multiple location-specific payroll service pages (Birmingham, Dudley).",accountancy-practice-payroll,medium
d-&-d-accountancy-services-limited,D&D Accountancy Services Ltd,dd-accountancy.co.uk,GB,11-50,LIKELY,False,accountancy-practice-payroll,-,-,none,-,-,Site reachable but no payroll page found; LinkedIn description lists Payroll among services. Part of K2 Management Solutions Group.,accountancy-practice-payroll,medium
denmark-forrester-chartered-accountants,Denmark Forrester Chartered Accountants,denmarkforrester.co.uk,GB,11-50,LIKELY,False,accountancy-practice-payroll,-,-,none,-,-,denmarkforrester.co.uk returns 403 to automated fetch.,accountancy-practice-payroll,medium
doyle-associates,Doyle Associates,doyleassociates.ie,IE,11-50,QUALIFIED,True,accountancy-practice-payroll,https://doyleassociates.ie/services-chartered-accountants-gorey-wexford-arklow-wicklow/payroll-staff-management-chartered-accountants-gorey-wexford-arklow-wicklow/,PAYROLL MANAGEMENT Our payroll consultants provide payroll services on a wide range of Irish PAYE/PRSI matters,strong,-,-,-,accountancy-practice-payroll,medium
evenstone,Evenstone,evenstone.co.uk,GB,11-50,LIKELY,False,accountancy-practice-payroll,-,-,none,-,-,"Outsourced finance team for 150+ e-commerce businesses (Brightpearl/Xero partner); site JS-rendered, no payroll page retrievable. Xero partner status is not disqualifying.",accountancy-practice-payroll,medium
hammel-accountancy-services-ltd,HAMMEL ACCOUNTANCY SERVICES LTD,hammelaccountancy.com,GB,11-50,LIKELY,False,accountancy-practice-payroll,-,-,none,-,-,hammelaccountancy.com does not resolve.,accountancy-practice-payroll,medium
kashefan-accountancy-institute,Kashefan Accountancy Institute,kashefan.com,GB,51-200,DISQUALIFIED,False,,-,-,none,"HQ outside UK/ROI: Kashefan Auditing Institute is a Tehran, Iran certified public accountants/auditing firm.",-,Confirmed via kashefan.com English pages and company listings.,accountancy-practice-payroll,medium
mha---akhtar-&-co-chartered-accountants,MHA - Akhtar & Co Chartered Accountants,accountantslink.net,GB,11-50,LIKELY,False,accountancy-practice-payroll,-,-,none,-,-,"accountantslink.net does not resolve. Akhtar & Co is an independent Midlands/Surrey practice; ""MHA"" prefix is network branding.",accountancy-practice-payroll,medium
malick-&-co,Malick & Co,malick.co.uk,GB,11-50,LIKELY,False,accountancy-practice-payroll,-,-,none,-,-,malick.co.uk returns no readable content; small Manchester-area practice.,accountancy-practice-payroll,medium
matthews-&-co-chartered-accountants,Matthews & Co Chartered Accountants,matthewsandco.co.uk,GB,11-50,QUALIFIED,True,accountancy-practice-payroll,https://www.matthewsandco.co.uk/,We offer guidance on : Company formations and registration TAX and VAT registration Director and shareholder agreements Book keeping and accounts Payroll SAGE accounting,weak,-,-,-,accountancy-practice-payroll,medium
riz-and-co,Riz & Co Chartered Accountants,rizco.co.uk,GB,11-50,LIKELY,False,accountancy-practice-payroll,-,-,none,-,-,Site reachable; no payroll page found. Note the practice also lists insolvency/corporate restructuring alongside general accountancy.,accountancy-practice-payroll,medium
spackman-accountancy-services-ltd,SPACKMAN ACCOUNTANCY SERVICES LTD,-,GB,11-50,LIKELY,False,accountancy-practice-payroll,-,-,none,-,-,"No domain recorded, no description.",accountancy-practice-payroll,medium
sirius-accountancy-group,Sirius Accountancy Group,siriusaccountancygroup.com,GB,11-50,LIKELY,False,accountancy-practice-payroll,-,-,none,-,-,"siriusaccountancygroup.com returned no readable content; LinkedIn lists tax and financial services, payroll not explicitly named.",accountancy-practice-payroll,high
tyson-roselyn-accountants,Tyson Roselyn Accountants,tysro.com,GB,11-50,QUALIFIED,True,accountancy-practice-payroll,https://tysonroselyn.com/,"Company formation, tax returns, VAT, payroll, and confirmation statements, every stage covered by one dedicated team",strong,-,-,-,accountancy-practice-payroll,medium
a1-accountancy-services-ltd,A1 Accountancy Services Ltd,-,GB,11-50,LIKELY,False,accountancy-practice-payroll,-,-,none,-,-,"No domain recorded, no description.",accountancy-practice-payroll,medium
accountancy-uk-limited,Accountancy Uk Limited,-,GB,11-50,LIKELY,False,accountancy-practice-payroll,-,-,none,-,-,No domain recorded; Brighton & Hove practice per LinkedIn.,accountancy-practice-payroll,medium
burton-sweet-charity,Burton Sweet Charities,burton-sweet.co.uk,GB,51-200,QUALIFIED,True,accountancy-practice-payroll,https://www.burton-sweet.co.uk/services/payroll/,Payroll - Burton Sweet ... Services About Meet Burton Sweet Offices Team Working with us,weak,-,-,Dedicated payroll service page exists on the firm site; page body is JS-rendered so quote is from page chrome.,accountancy-practice-payroll,medium
edge-accountancy-limited,Edge Accountancy Limited,accountancy-edge.co.uk,GB,11-50,QUALIFIED,True,accountancy-practice-payroll,https://www.accountancy-edge.co.uk/payroll/,Payroll is an task that it is important to get right. Paying staff late or incorrectly is probably the best way to annoy and demotivate them.,strong,-,-,-,accountancy-practice-payroll,medium
fairhead-bradford,Fairhead Bradford,fairheadbradford.co.uk,GB,11-50,QUALIFIED,True,accountancy-practice-payroll,https://www.fairheadbradford.co.uk/payroll/,Services Taxation Income Tax Returns VAT Returns Payroll Making Tax Digital Corporation Tax Accounts Annual Financial Statements Management Accounts Bookkeeping,weak,-,-,-,accountancy-practice-payroll,medium
kln-accountancy-services,KLN Accountancy Services,klnaccountancyservices.co.uk,GB,11-50,QUALIFIED,True,accountancy-practice-payroll,https://klnaccountancyservices.co.uk/,KLN Accountancy Services Ltd offers: ... New business start-up advice - Payroll bureau - VAT services - Personal and business accounts and taxation,strong,-,-,"Explicitly advertises a ""Payroll bureau"" service line.",accountancy-practice-payroll,medium
kap-accounting-services,Kap Accounting Services,kapaccountingservices.com,GB,201-500,LIKELY,False,accountancy-practice-payroll,-,-,none,-,-,kapaccountingservices.com returned 503.,accountancy-practice-payroll,medium
moore-stephens-healthcare,Moore Healthcare,moorestephens.co.uk,GB,11-50,DISQUALIFIED,False,,-,-,none,"Network/sector brand, not an independent firm: moorestephens.co.uk 404s - Moore Stephens UK rebranded into the Moore UK network, whose member firms hold the client payroll work.",-,-,accountancy-practice-payroll,medium
quantum-chartered-certified-accountants-business-advisers,Quantum Chartered Certified Accountants & Business Advisers,qubs.co.uk,GB,11-50,QUALIFIED,True,accountancy-practice-payroll,https://qubs.co.uk/home,"From budgeting and cash flow management to payroll and tax compliance, we offer a complete suite of services for the hospitality industry",strong,-,-,"LinkedIn also states ""accounting, tax, payroll and business advisory services - all under one roof"".",accountancy-practice-payroll,medium
r-d-tax-rebate-uk,R&d Tax Rebate Uk,rdtaxrebate.co.uk,GB,51-200,DISQUALIFIED,False,,-,-,none,Specialist R&D tax credit/rebate claims firm charging a percentage of HMRC recoveries; does not run payroll for clients. Domain does not resolve.,-,-,accountancy-practice-payroll,medium
supreme-accountantcy-solutions-ltd,Supreme Accountantcy Solutions Ltd,supremeaccountancysolutions.com,GB,11-50,LIKELY,False,accountancy-practice-payroll,-,-,none,-,-,"supremeaccountancysolutions.com does not resolve; LinkedIn service list includes ""Payrol Services"" (sic) but site unverifiable.",accountancy-practice-payroll,medium
the-accountants-&-management-consultants-ltd,THE ACCOUNTANTS & MANAGEMENT CONSULTANTS LTD,the-accountantsmc.co.uk,GB,11-50,QUALIFIED,True,accountancy-practice-payroll,https://the-accountantsmc.co.uk/,"Our family-owned business with experienced partners and staff provide very professional financial, accounting and payroll services to the community for the last 15 years.",strong,-,-,-,accountancy-practice-payroll,medium
tax2u-limited,Tax2u Limited,tax2u.co.uk,GB,11-50,DISQUALIFIED,False,,-,-,none,"CIS/PAYE tax rebate specialist serving individual construction workers and PAYE employees - a tax-reclaim agent, not a payroll processor for client organisations.",-,-,accountancy-practice-payroll,medium
accountants-club,Accountants Club,accountants-club.com,GB,11-50,DISQUALIFIED,False,,-,-,none,"Membership community/association for accountants (""As a member of the Accountancy Club you are part of a tight-knit community"") - not a payroll provider.",-,-,accountancy-practice-payroll,medium
bluesky-corporate-finance-ltd.,Bluesky Corporate Finance Ltd,blueskycorporate.co.uk,GB,11-50,QUALIFIED,True,accountancy-practice-payroll,https://www.linkedin.com/company/bluesky-corporate-finance-ltd,"Cost effective and efficicient bookkeeping, accountancy and payroll services, designed to remove your financial administration worries and reduce your costs",weak,-,-,"blueskycorporate.co.uk does not resolve; despite the ""Corporate Finance"" name the described business is bookkeeping/accountancy/payroll services.",accountancy-practice-payroll,high
bote-accountancy,Bote Accountancy Services,boteaccountancy.co.uk,GB,11-50,QUALIFIED,True,accountancy-practice-payroll,https://boteaccountancy.co.uk/payroll/,We have a dedicated team who can relieve you of this burden by providing you with a time-saving payroll service. We are delighted to offer payroll management services for businesses in London and nati,strong,-,-,-,accountancy-practice-payroll,high
complete-accountancy-plus-limited,Complete Accountancy Plus Limited,completeaccountancyplus.co.uk,GB,11-50,LIKELY,False,accountancy-practice-payroll,-,-,none,-,-,"Recorded domain completeaccountancyplus.co.uk serves ""Simpson & Associates (Accountants) Ltd, Westbourne"" - name/entity mismatch, so the pack cannot be relied on for this company.",accountancy-practice-payroll,medium
crossley-group,Crossley Group,crossley.co.uk,GB,51-200,DISQUALIFIED,False,,-,-,none,Merged into TC Group (April 2024); crossley.co.uk now 301s to tc-group.com merger announcement.,-,Acquirer: TC Group. Payroll now sits with TC Group.,accountancy-practice-payroll,high
excell-consulting,Excell Consulting,excellkpo.com,GB,11-50,LIKELY,False,accountancy-practice-payroll,-,-,none,-,-,"Accounting outsourcing firm, 11-50. excellkpo.com no longer resolves to the firm (serves unrelated foreign spam page); no payroll page verifiable.",accountancy-practice-payroll,medium
first-accountancy-services-limited,First Accountancy Services Limited,firstaccountancy.com,GB,11-50,QUALIFIED,True,accountancy-practice-payroll,https://www.firstaccountancy.com/rti-compliant-payroll-processing/,We use a payroll system that processes payrolls for over 100 clients each month,strong,-,-,Sheffield practice; explicit client payroll volume.,accountancy-practice-payroll,medium
larsens-accountants-limited,Larsens Accountants Limited,-,GB,11-50,LIKELY,False,accountancy-practice-payroll,-,-,none,-,-,"No domain recorded; accountancy practice 11-50, website not found.",accountancy-practice-payroll,medium
newton-tax-advisory,Newton Tax Advisory,newtontaxadvisory.co.uk,GB,11-50,QUALIFIED,True,accountancy-practice-payroll,https://newtontaxadvisory.co.uk/payroll-paye-returns/,"NEWTON - Tax Advisory Ltd, based in the UK, offers comprehensive Payroll and PAYE Returns services to alleviate the burden on businesses",strong,-,-,Tax/immigration advisory with dedicated payroll and PAYE service lines.,accountancy-practice-payroll,medium
oldfield-accountants,Oldfield Accountants,oldfieldaccountants.co.uk,GB,11-50,LIKELY,False,accountancy-practice-payroll,-,-,none,-,-,"Oldfield Advisory, 50-year practice; site unreachable from this session, search snippet indicates payroll within Accounts & Compliance. Verify page.",accountancy-practice-payroll,medium
paradise-accounting-services-limited,Paradise Accounting Services Limited,-,GB,11-50,LIKELY,False,accountancy-practice-payroll,-,-,none,-,-,No domain recorded; accountancy practice 11-50.,accountancy-practice-payroll,medium
simply-moore-limited,SIMPLY MOORE LIMITED,simplymoore.co.uk,GB,11-50,LIKELY,False,accountancy-practice-payroll,-,-,none,-,-,Ivybridge/Plymouth practice; simplymoore.co.uk did not resolve from this session.,accountancy-practice-payroll,medium
williams-accountants-limited,WILLIAMS ACCOUNTANTS LIMITED,-,GB,11-50,LIKELY,False,accountancy-practice-payroll,-,-,none,-,-,No domain recorded; accountancy practice 11-50.,accountancy-practice-payroll,medium
pwc-ireland,PwC Ireland,pwc.ie,IE,1001-5000,QUALIFIED,True,accountancy-practice-payroll,https://www.pwc.ie/services/workforce/payroll-processing-solutions.html,Payroll Processing Solutions,strong,-,-,"PwC Ireland (ROI, in scope). Large firm - buying decision likely central/global, not local.",payroll-bureau,high
shared-services-connected-ltd,Shared Services Connected Ltd,sscl.com,GB,1001-5000,QUALIFIED,True,payroll-bureau,https://sscl.com/,"end-to-end Finance and Accounting, HR and Payroll, Procurement, Pension Administration and Resourcing Services",strong,-,change of ownership - becoming wholly owned by Sopra Steria,"BPO running HR/payroll for UK government departments (MoD, Met Police, CITB).",payroll-bureau,high
zalarisuk,ROC,-,GB,501-1000,DISQUALIFIED,False,,-,-,none,Competitor: Zalaris-branded HCM provider selling Human Capital Management/payroll solutions across Europe (1.5m employees paid monthly).,-,LinkedIn About points to zalaris.com.,payroll-bureau,high
warwickemploymentgroup,Warwick Employment Group (WEG),warwickemploymentgroup.com,GB,501-1000,QUALIFIED,True,payroll-bureau,https://www.warwickemploymentgroup.com/our-brands,WEG Payroll Bureau 02476 572716,strong,-,-,University of Warwick group; dedicated payroll bureau brand alongside Unitemps staffing.,payroll-bureau,high
topsource-worldwide,TopSource,topsourceworldwide.com,GB,201-500,DISQUALIFIED,False,,-,-,none,"Competitor: global payroll outsourcer selling its own platform - 'TopSource Portico Global Payroll gives you a single, live view of your global payroll for over 130 countries - whether TopSource manages the payroll or not'.",-,Platform sold independently of the managed service.,payroll-bureau,high
fashion-personnel-ltd,Fashion & Retail Personnel Ltd,fashionpersonnel.co.uk,GB,11-50,DISQUALIFIED,False,,-,-,none,Recruiter only: places payroll and HR staff into client businesses; no payroll service of its own.,-,"Payroll pages are job adverts, not services.",payroll-bureau,high
darwin-recruitment-3,Darwin Recruitment,darwinrecruitment.com,GB,51-200,QUALIFIED,True,recruitment-umbrella-contractor-payroll,https://www.darwinrecruitment.com/employed-leasing/,our employed leasing solutions offer a seamless resolution for businesses needing temporary skills without the risks associated with deemed employment,strong,-,-,STEM recruiter running its own employed-leasing/EOR payroll for contractors.,payroll-bureau,high
vet-network,Vet Network,-,GB,51-200,DISQUALIFIED,False,,-,-,none,"Not a payroll provider: develops online tools, CPD booking and job boards for veterinary practices.",-,No payroll service of any kind.,payroll-bureau,high
faststream-recruitment-group_2,Faststream Recruitment Group,faststream.com,GB,51-200,QUALIFIED,True,recruitment-umbrella-contractor-payroll,https://www.faststream.com/services/international-payroll-solutions,"We provide International Payroll Solutions utilising our regional expertise and global network across Europe, the Middle East, Africa and the Asia Pacific.",strong,-,-,Maritime recruiter with its own contractor management/payroll operation.,payroll-bureau,high
cippuk,The Chartered Institute of Payroll Professionals (CIPP),cipp.org.uk,GB,51-200,DISQUALIFIED,False,,-,-,none,"Professional body: the Chartered Institute of Payroll Professionals - membership, training and qualifications, not a payroll processor.",-,Hard rule 5.,payroll-bureau,high
love-success-ltd,Love Success,lovesuccess.co.uk,GB,51-200,QUALIFIED,True,recruitment-umbrella-contractor-payroll,https://lovesuccess.co.uk/about-us/outsourced-payroll-services/,"Love Success provides fully managed outsourced payroll services, allowing businesses to pay workers accurately, remain compliant with HMRC regulations and reduce administration.",strong,-,-,Recruiter that also sells outsourced payroll to client businesses.,payroll-bureau,high
industria-personnel-services-ltd,Industria Personnel,industria-jobs.co.uk,GB,1001-5000,DISQUALIFIED,False,,-,-,none,Recruiter only: temporary and permanent staffing; no payroll service offered to clients and no in-house umbrella payroll evidenced.,-,Large agency (1001-5000); worth a re-check if a payroll/umbrella arm surfaces.,payroll-bureau,high
omnipresentgroup,Omnipresent,omnipresent.com,GB,51-200,DISQUALIFIED,False,,-,-,none,Acquired into Deel (October 2025) and itself an EOR/global payroll platform - competitor.,-,Parent: Deel.,payroll-bureau,high
navropayments,Navro,navro.com,GB,51-200,DISQUALIFIED,False,,-,-,none,"Competitor/software: cross-border payments platform selling payroll payment rails via API, not a payroll processor for client organisations.",-,Serves payroll and EOR operators as infrastructure.,payroll-bureau,high
dats,DATS Recruitment & CAD Services,dats.co.uk,GB,51-200,QUALIFIED,True,recruitment-umbrella-contractor-payroll,https://www.dats.co.uk/cm/clients/our-solutions,"Our solutions: Permanent/contract recruitment, payrolling, psychometric testing, PAYE",strong,-,-,Engineering recruiter offering payrolling/PAYE service to clients.,payroll-bureau,high
psiglobalgroup,PSI Global Group,psiglobalrecruitment.com,GB,51-200,QUALIFIED,True,umbrella-contractor-payroll,https://www.psiglobalrecruitment.com/payroll/,"We offer several pay avenues for our workers, including Umbrella PAYE, Umbrella CIS, Personal Service Company, and Direct PAYE.",strong,-,new payroll system implemented August 2024,Construction labour supplier running its own umbrella/CIS payroll in four UK pay teams.,payroll-bureau,high
solvdsolutions,Solvd.,solvd.solutions,GB,51-200,QUALIFIED,True,payroll-bureau,https://www.solvd.solutions/payroll-hr,"Our outsourced payroll services are robust and dependable, and make business management simpler.",strong,-,new client win - St Mirren FC payroll deal,"Glasgow BPO, part of Transport UK Group.",payroll-bureau,high
hr4uk-com,HR:4UK,hr4uk.com,GB,11-50,QUALIFIED,True,payroll-bureau,https://hr4uk.com/payroll/,"We offer specialised services to improve your efficiency, streamline your payroll or implement a complete overhaul, all without the need to employ costly specialist payroll staff.",strong,-,-,HR advisory running payroll for client businesses; also resells HR software.,payroll-bureau,high
conexiapeople,Conexia,conexiahr.com,GB,51-200,QUALIFIED,True,payroll-bureau,https://www.conexiahr.com/services,"Enhance your employee experience and support a future-ready workforce with HR digital transformation, HR outsourcing and Payroll as a Service (PaaS).",strong,-,rebrand/carve-out from Capita HR Solutions,Formerly Capita HR Solutions.,payroll-bureau,high
brain-source-international,Brain Source International,brain-source.com,GB,51-200,QUALIFIED,True,recruitment-umbrella-contractor-payroll,https://brain-source.com/employer-of-record-payroll-services,Employer of Record payroll services,strong,-,-,Recruitment + EOR group paying workers in 150+ countries on clients' behalf.,payroll-bureau,high
healthboxhr,HBHR,healthboxhr.com,GB,51-200,DISQUALIFIED,False,,-,-,none,"Competitor: HRIS/HR & payroll software vendor - 'the world's fastest growing HRIS platform ... flexible, customizable and comprehensive HR & Payroll solutions'.",-,"Compares itself to BreatheHR, BambooHR, HiBob.",payroll-bureau,high
esos-ltd,ESOS Ltd,esos.co.uk,GB,51-200,QUALIFIED,True,payroll-bureau,https://www.esos.co.uk/services/payroll/,"ESOS ... currently processes payrolls for more than 23,000 people on a weekly basis and for more than 17,000 people on a monthly basis. As a BACS approved bureau",strong,-,-,Part of Pertemps Network Administration Ltd (ISO 27001 for ICT and payroll services).,payroll-bureau,high
isosceles-finance,Isosceles Finance,isoscelesfinance.co.uk,GB,51-200,QUALIFIED,True,accountancy-practice-payroll,https://www.isoscelesfinance.co.uk/what-we-do/outsourced-payroll-small-business/,"Using Isosceles' payroll services for small businesses is an efficient, dependable and affordable alternative to running your own in-house payroll system.",strong,-,-,Fractional CFO/accounting firm with a UK-based payroll team.,payroll-bureau,high
nannytax,Nannytax,nannytax.co.uk,GB,11-50,QUALIFIED,True,payroll-bureau,https://www.nannytax.co.uk/end-to-end-nanny-payroll-service,Nannytax handle your nanny payroll from start to finish,strong,-,-,"Domestic/nanny PAYE bureau (Enable Ltd; also Stafftax, Quartz Payroll). 10,000+ employer clients.",payroll-bureau,high
assets,Assets Accounting Ltd,assets.ltd.uk,GB,51-200,QUALIFIED,True,accountancy-practice-payroll,https://www.assets.ltd.uk/services/payroll,"If you are considering outsourcing your payroll and authorizing an external company to manage a part or all of your payroll processes, we have the answer to all your headaches.",strong,-,-,Reading-based practice with a named head of payroll services.,payroll-bureau,high
wearebeams,We Are Beams Charity,wearebeams.org.uk,GB,11-50,QUALIFIED,True,payroll-bureau,https://wearebeams.org.uk/payroll-services/,"Beams Payroll Services Ltd provide a quality, uncomplicated, competitively priced payroll service to pay employees or carers.",strong,-,-,"Charity with a separate trading company (Beams Payroll Services Ltd, co. no. 15363977) paying PAs for direct-payment employers.",payroll-bureau,high
praxima-international-payroll-solutions,Praxima International,zapeo.net,GB,11-50,DISQUALIFIED,False,,-,-,none,Competitor: sells payroll software - 'Best Payroll Software Platform Africa & Middle East' - alongside EOR; Africa/Middle East focus.,-,Trades as Zapeo; payroll software plus outsourcing.,payroll-bureau,high
rsl-recruitment-services-limited,RSL Recruitment Services Limited,rsljobs.com,GB,11-50,DISQUALIFIED,False,,-,-,none,"Recruiter only: supplies engineering/technical staff to the oil, gas and petrochemical industries; no payroll service evidenced (site returns HTTP 456).",-,Re-check if a contractor payroll arm is confirmed.,payroll-bureau,high
e-frontiers-ltd,E-Frontiers,e-frontiers.ie,IE,11-50,QUALIFIED,True,recruitment-umbrella-contractor-payroll,https://e-frontiers.ie/services/payroll-services/,"At E-Frontiers, we simplify the process with our comprehensive payrolling solutions ... We handle all aspects of payroll management, from salary processing and tax deductions to detailed reporting.",strong,-,-,"Irish recruiter with a payrolling service line (ROI, in scope).",payroll-bureau,high
cif-pension-administration-services,(CPAS) CIF Pension Administration Services,cpas.ie,IE,51-200,QUALIFIED,True,payroll-bureau,https://cpas.ie/services/pension-payroll/,"On behalf of the CWPS & CERS Trustees, CPAS administers a monthly pension payroll of nearly 7,500 pensioners.",strong,-,-,"Pension payroll for trustees, not employer PAYE payroll - weaker product fit than a bureau.",payroll-bureau,high
vasave-business-solutions-ltd,Vasave Business Solutions,vasave.uk,GB,11-50,DISQUALIFIED,False,,-,-,none,"Not a payroll provider: IT managed services, cyber security and compliance consultancy (vasave.uk now redirects to vasavebusiness.com).",-,No payroll service on site.,payroll-bureau,high
cr-payroll,Cr Payroll,crpayrollsolutions.com,IE,51-200,QUALIFIED,True,payroll-bureau,https://crpayrollsolutions.com/payroll-processes/,Payroll Processing - Outsourced Payroll Services,strong,-,-,Ireland/UK payroll bureau and on-demand payroll cover; IPASS & CIPP certified staff; software agnostic.,payroll-bureau,high
salvere-social-enterprise-cic,Salvere CIC,salvere.co.uk,GB,11-50,QUALIFIED,True,payroll-bureau,https://salvere.co.uk/terms-and-conditions/,"In addition to Advice Services, we provide Supported Banking and Payroll Services.",strong,-,-,Not-for-profit CIC running payroll for direct-payment/personal-health-budget employers.,payroll-bureau,high
team-factors-ltd_2,Team Factors,teamfactors.co.uk,GB,11-50,QUALIFIED,True,payroll-bureau,https://www.teamfactors.co.uk/payroll-services/,"We process timesheets, run payroll, generate payslips, submit HMRC filings, and make the payments - all in line with your funding cycle.",strong,-,blogging on April 2026 Joint and Several Liability change for agencies,"Invoice finance provider with in-house payroll facility, mostly for recruitment agency clients.",payroll-bureau,high
msp-organisation-ltd,MSP Organisation,msporganisation.co.uk,GB,11-50,QUALIFIED,True,payroll-bureau,https://www.msporganisation.co.uk/contact-us/,MSP Payroll Outsourced payroll services,strong,-,-,"Corporate services group with a dedicated MSP Payroll division and a Director, MSP Payroll.",payroll-bureau,high
dbrownconsulting,dbrownconsulting,dbrownconsulting.net,GB,11-50,DISQUALIFIED,False,,-,-,none,"Geography: headquartered in Lagos, Nigeria (offices Ojodu and Victoria Island); Nigerian client base.",-,"Does run payroll outsourcing for clients, but outside UK/ROI.",payroll-bureau,high
payzaar,Payzaar,payzaar.com,IE,11-50,DISQUALIFIED,False,,-,-,none,Competitor: sells a payroll management software platform to payroll providers - 'Deliver high-quality payroll to your clients through the world's first global payroll management platform for payroll providers.',-,Direct software competitor targeting the same bureaus.,payroll-bureau,high
chadsan,ChadSan,chadsan.com,GB,11-50,QUALIFIED,True,accountancy-practice-payroll,https://chadsan.com/accounting-and-bookkeeping/,From start-ups to scaling businesses we can take care of your accounting needs ... Payroll & CIS,strong,-,-,"Practice across London, Guildford, Essex, Bristol.",payroll-bureau,high
gazelle-global-consulting,Gazelle Global,gazellegc.com,GB,51-200,DISQUALIFIED,False,,-,-,none,Recruiter only: permanent and contract placement across STEM/banking; no payroll service or in-house umbrella evidenced.,-,-,payroll-bureau,high
go-to-outsourcing,Go-To Outsourcing,go-to-outsourcing.com,GB,11-50,QUALIFIED,True,payroll-bureau,https://go-to-outsourcing.com/payroll/,"We provide professional payroll services, with a commitment to precision and compliance ... Our team ensures accurate and timely payroll processing, record-keeping",strong,-,-,"UK-managed, Philippines-delivered BPO; payroll one of several outsourced service lines.",payroll-bureau,high
globalise-payroll,Globalise,globalise.io,GB,11-50,DISQUALIFIED,False,,-,-,none,"Competitor: global payroll outsourcer selling its own first-party platform - 'A First-Party Platform ... Statement was built specifically to service Globalise's operations', 160+ countries.",-,Formerly Global EMS/Expatriate Management Services.,payroll-bureau,high
payroll-worldwide,Payroll Worldwide,payrollworldwide.com,GB,11-50,QUALIFIED,True,payroll-bureau,https://payrollworldwide.com/,"Our managed payroll service saves time, money and valuable internal resources ... We deliver timely, compliant, error-free payroll.",strong,-,-,UK-registered but delivers payroll/EOR in Latin America and the Americas - little or no UK PAYE work.,payroll-bureau,high
enterpriseworkforcesolutions,EWS | Enterprise Workforce Solutions,ews-limited.com,GB,11-50,QUALIFIED,True,payroll-bureau,https://www.ews-limited.com/solutions/payroll-outsourcing/,"EWS delivers efficient, compliant global payroll outsourcing through a single, integrated and easy-to-use platform.",strong,-,-,"Borderline: global payroll outsourcing plus EOR. Platform appears to be delivery infrastructure, not a product sold separately.",payroll-bureau,high
globalise100,Globalise,expat-services.co.uk,GB,11-50,DISQUALIFIED,False,,-,-,none,Duplicate of Globalise (record 49) on its legacy expat-services.co.uk domain; competitor - global payroll platform and outsourcer.,-,"Same entity as globalise.io, formerly Expatriate Management Services Ltd.",payroll-bureau,high
kadmos-io,Kadmos,kadmos.io,GB,11-50,DISQUALIFIED,False,,-,-,none,"Competitor/software: fintech salary-payment platform for maritime crews, not a payroll processor for client organisations.",-,Berlin-founded; raised $29m Series A.,payroll-bureau,high
snow-technology,Snow Technology,snowtechnology.ie,IE,11-50,DISQUALIFIED,False,,-,-,none,"Competitor: payroll software developer - 'a pioneer and leader in the development and provision of payroll software in Ireland', developers of the Quantum Payroll Suite including Quantum Bureau.",-,Sells bureau software to accountants - direct rival product.,payroll-bureau,high
zitko-group-ltd,Zitko Group,zitko.co.uk,GB,11-50,DISQUALIFIED,False,,-,-,none,"Recruiter only: fire and security talent, RPO and managed service; no in-house umbrella/contractor payroll evidenced.",-,-,payroll-bureau,high
fusion-business-solutions-limited,FusionHR,fusionbusiness.org.uk,GB,11-50,DISQUALIFIED,False,,-,-,none,"HR consultancy and school software provider; payroll is offered as SAMpeople Payroll software, not as a bureau service run for clients.",-,Re-check if a managed payroll service for academies is confirmed.,payroll-bureau,high
ecdp-enterprise,ecdp,-,GB,11-50,QUALIFIED,True,payroll-bureau,https://www.ecdp.org.uk/directpaymentsupportservice/,"We provide services to help people manage day to day living, including support planning, payroll services and account management",weak,-,-,"Quote is the LinkedIn About text; Essex disabled people's organisation, since rebranded to Purple. Verify it is still trading under ecdp.",payroll-bureau,high
dr-cost,Dr Cost,drcost.co.uk,GB,11-50,DISQUALIFIED,False,,-,-,none,"Not a payroll provider: utility (gas, electricity, water) cost consultancy; 'bureau service' there means energy contract management.",-,-,payroll-bureau,high
equinoxx-ltd,Equinoxx,equinoxx.uk,GB,11-50,DISQUALIFIED,False,,-,-,none,"Software vendor: ERP, business intelligence and ICT support (Continuum ERP); no payroll service for clients.",-,-,payroll-bureau,high
cavellhr,Cavell,cavellhr.co.uk,GB,11-50,QUALIFIED,True,payroll-bureau,https://www.linkedin.com/company/cavellhr,"We are specialist providers of Human Resources and Payroll solutions for Restaurants, Hotels, and businesses in the Food and Beverage industry.",weak,-,-,Quote from LinkedIn About only; current site (cavellhr.co.uk) shows health and social care HR consultancy with no payroll page - payroll line may have lapsed.,payroll-bureau,high
aceaccounting,ACE Accounting,-,GB,11-50,LIKELY,False,accountancy-practice-payroll,-,-,none,-,-,No domain recorded; UK accounting/tax practice 11-50 offering ongoing bookkeeping support.,payroll-bureau,high
groomfield-recruitment,Groomfield Recruitment,groomfield.co.uk,GB,11-50,DISQUALIFIED,False,,-,-,none,"Recruiter only: temporary staffing agency; its own GDPR page shows candidate data is 'Shared With Payroll Provider', i.e. payroll is outsourced elsewhere.",-,-,payroll-bureau,high
jefferson-payroll-ltd,Jefferson Payroll,jeffersonpayroll.ie,IE,11-50,QUALIFIED,True,payroll-bureau,https://www.jeffersonpayroll.ie/payroll-outsourcing/,You send us your payroll data and we do the rest!,strong,-,-,"Irish bureau, 50 years, 425k payslips a year (ROI, in scope).",payroll-bureau,high
people-pay-global,PeoplePay Global,peoplepayglobal.com,GB,11-50,QUALIFIED,True,payroll-bureau,https://peoplepayglobal.com/en-us/solutions-2/global-payroll/,"As leading global payroll providers, we simplify paying employees in over 140 countries",strong,-,-,"UK-headquartered international payroll and EOR provider; managed service, no platform sold.",payroll-bureau,high
navitas-international-solutions-ltd,Navitas International Solutions,navitasinternational.com,GB,11-50,QUALIFIED,True,recruitment-umbrella-contractor-payroll,https://navitasinternational.com/resource-solutions/,we offer a cost efficient and highly effective range of the following recruitment and team & crew management services ... HR support and payroll administration,strong,-,-,"Energy-sector recruiter administering payroll for contract crews; payroll is a listed client service, not a standalone product.",payroll-bureau,high
enjoy-benefits-ltd,Enjoy Benefits,-,GB,11-50,DISQUALIFIED,False,,-,-,none,"Employee benefits provider (childcare vouchers, workplace nursery, cycle to work, health cash plans); does not process client payroll.",-,No domain recorded; judged on LinkedIn description.,payroll-bureau,high
payrolloptions,Payroll Options,payrolloptions.com,GB,11-50,QUALIFIED,True,payroll-bureau,https://www.payrolloptions.com/companies-looking-for-payroll-services,Over 30 years of experience in providing payroll services across various industries. We process over 500 payrolls each month,strong,-,-,"Serving roughly 600 clients since 1991; councils, SMEs and multi-site organisations.",payroll-bureau,high
riverside-recruitment-uk,Riverside Recruitment UK,riversiderecruitment.co.uk,GB,11-50,DISQUALIFIED,False,,-,-,none,"Recruiter only: temporary and permanent industrial/commercial staffing; payroll sits with parent Pertemps Network Group (see ESOS Ltd), not with this entity.",-,Parent group already in the list via ESOS/Pertemps Network Administration.,payroll-bureau,high
avantus-employee-benefits,Avantus Employee Benefits,faircare.co.uk,GB,11-50,DISQUALIFIED,False,,-,-,none,"Employee benefits software: Avantus (formerly Fair Care) sells flexible-benefits platforms (FlexGenius, Benefit Select, perkpal); no payroll processing for clients.",-,faircare.co.uk now 301s to avantusemployeebenefits.co.uk.,payroll-bureau,high
genius-money,Genius Money Workforce Solutions,geniusmoney.co.uk,GB,11-50,QUALIFIED,True,umbrella-contractor-payroll,https://prepro.geniusmoney.co.uk/genius-money-solutions/trusted-payroll,CIS submissions paid on workers behalf - PAYE tax contributions taken care of,strong,-,-,"Pays 16,000+ contractors for construction/recruitment clients; also has own workforce software hub.",payroll-bureau,high
browline-consulting,Browline Consulting,browline.com,GB,11-50,DISQUALIFIED,False,,https://browline.com/,"BCL helps SAP users implement, migrate, operate and automate optimized HR and Payroll business processes on SAP SuccessFactors and Cloud Payroll.",strong,SAP HR/payroll software implementation and managed-services consultancy — sells/implements payroll software rather than processing payroll for clients (competitor-adjacent).,-,-,payroll-bureau,high
canavan-and-byrne,Canavan Byrne,canavanbyrne.ie,IE,11-50,DISQUALIFIED,False,,https://www.canavanbyrne.ie/,"HR, training and compliance support trusted by Early Years providers across Ireland.",strong,"HR, training and compliance consultancy to the Early Years sector; no payroll processing service found on own site.",-,"Outsourcing offering is HR/advisory, not payroll bureau.",payroll-bureau,high
mobilitypartnersgroup,MobilityPartners,-,GB,11-50,QUALIFIED,True,payroll-bureau,https://mobilitypartners.group/,tailored solutions for global payroll and tax management,weak,-,-,Global mobility firm; recorded domain blank in pack — real site mobilitypartners.group. Payroll/tax managed for client employers.,payroll-bureau,high
peak-peo,Peak PEO | B Corp™,peakpeo.com,IE,11-50,QUALIFIED,True,payroll-bureau,https://peakpeo.com/services/global-payroll/,Peak PEO's international Employer of Record,strong,-,-,"Irish EOR/PEO running payroll for client companies' overseas staff; service-led, not a software platform.",payroll-bureau,high
selective-recruitment-solutions,Selective Recruitment Group,selective-group.com,GB,11-50,DISQUALIFIED,False,,https://selective-group.com/client-services/,we partner with organisations of all sizes to deliver recruitment solutions,strong,Recruitment agency only; no payroll bureau or in-house umbrella/contractor payroll service found on own site.,-,-,payroll-bureau,high
zeel-solutions-limited,Zeel Solutions Limited,zeelsolutions.com,GB,11-50,DISQUALIFIED,False,,https://www.zeelsolutions.com/zeel-payroll,Payroll is a HMRC recognised on-premise or cloud-based software,strong,Competitor: sells umbrella/agency payroll and pay-and-bill SOFTWARE to recruiters and bureaux.,-,-,payroll-bureau,high
central-computer-management-limitd,LivePay,ccmlpay.com,GB,11-50,QUALIFIED,True,payroll-bureau,http://www.ccmlpay.com/,"Here at LivePay, we provide a fully managed payroll service",strong,-,-,-,payroll-bureau,high
march-recruitment-ltd,March Recruitment,marchrecruitment.co.uk,GB,11-50,QUALIFIED,True,recruitment-umbrella-contractor-payroll,https://marchrecruitment.co.uk/katie-sharkey/,"supporting the perm, temp and payroll teams",weak,-,-,Recruiter with in-house payroll team paying temps; no dedicated payroll-service page.,payroll-bureau,high
wealdengroup,Wealden HR & Payroll Solutions,wealden.net,GB,51-200,DISQUALIFIED,False,,https://wealden.net/hr-pay/,A powerful and comprehensive payroll solution for any organisation.,strong,Competitor: sells HR/payroll software (HR Pay) alongside a bureau arm — a payroll software vendor.,-,-,payroll-bureau,high
diana-duggan-associates,Diana Duggan Associates,dianaduggan.co.uk,GB,11-50,DISQUALIFIED,False,,-,-,none,Recruitment/interim staffing consultancy in financial services; no payroll service for clients found. Own site unreachable (503).,-,Places payroll specialists into other businesses — hard rule 6.,payroll-bureau,high
lifelancer,Lifelancer,lifelancer.com,GB,11-50,DISQUALIFIED,False,,https://lifelancer.com/remote-hiring-and-payroll,pay them in 150+ countries with our best-in-class partners,strong,"AI talent-hiring platform; payroll is delivered through third-party partners, not processed by the company.",-,-,payroll-bureau,high
boostpay,BoostPay,boostpay.co.uk,GB,11-50,QUALIFIED,True,umbrella-contractor-payroll,https://www.boostpay.co.uk/org/agency-umbrella,"We employ workers directly, taking on all employer responsibilities including tax and compliance",strong,-,SafeRec accredited,-,payroll-bureau,high
fairway-training-limited,Fairway Training Limited,fairwaytraining.com,GB,11-50,QUALIFIED,True,payroll-bureau,https://www.fairwaytraining.com/,Our top level service which provides a full and comprehensive NHS Pensions and Payroll package,strong,-,-,"Despite the name, core service is NHS pensions + payroll administration for GP practice clients.",payroll-bureau,high
keystone-employment-group,Keystone Talent Bank,keystone-jobs.com,GB,11-50,DISQUALIFIED,False,,https://www.keystone-jobs.com/about-us/,a complete suite of online tools for hiring and managing casual workers,strong,Competitor/software: workforce-management SaaS (Talent Bank) with timesheet & payroll modules sold to employers.,-,-,payroll-bureau,high
north-time-&-data,North Time & Data,northtimeanddata.co.uk,GB,11-50,DISQUALIFIED,False,,https://ntdltd.com/,-,none,Supplier of time & attendance / workforce-management systems (payroll integration only); does not process payroll for clients.,-,"Lisburn, NI. Own site JS-only; assessed from company profile.",payroll-bureau,high
the-leppington-group,The Leppington Group (TLG),theleppingtongroup.com,GB,11-50,QUALIFIED,True,payroll-bureau,https://www.theleppingtongroup.com/,Managed Payroll We handle everything from routine payroll processing and statutory compliance to detailed reporting and payroll administration.,strong,-,-,Payroll consultancy + managed payroll bureau. Evidence pack was empty; fetched site directly.,payroll-bureau,high
eflexes,eFlexes Staffing & Recruitment,eflexes.com,IE,11-50,QUALIFIED,True,payroll-bureau,https://eflexes.com/employers/payroll-services,eFlexes has over 12 years experience paying people from small start-ups to multinational corporations,strong,-,-,Irish staffing agency with a genuine outsourced/insourced payroll service line.,payroll-bureau,high
aakaro-consulting,Aakaro Consulting,aakaroconsulting.com,GB,11-50,DISQUALIFIED,False,,https://www.aakaroconsulting.com/,Aakaro Consulting delivers end-to-end HR infrastructure and results-driven talent development programs,strong,Management consulting and corporate training (HR/L&D); no payroll processing. Operations appear India-based.,-,-,payroll-bureau,high
chronologicltd,Chronologic Ltd,chronologic.co.uk,GB,11-50,DISQUALIFIED,False,,https://www.chronologic.co.uk/our-portfolio/wfm/,-,none,"Competitor/software: time & attendance and workforce-management software vendor (uAttend, EAC, WFM); does not run client payrolls.",-,-,payroll-bureau,high
happie-group,Happie Group,-,GB,11-50,QUALIFIED,True,umbrella-contractor-payroll,https://happiegroup.com/,-,weak,-,-,"Recorded domain blank; real site happiegroup.com — London payroll/umbrella provider for contractors, construction and temp workers.",payroll-bureau,high
ilbp-ltd,ILBP Ltd,ilbp.co.uk,GB,11-50,DISQUALIFIED,False,,https://www.ilbp.co.uk/,Direct Payments Personal Health Budgets Appointeeships Deputyships Third Party Service,weak,Care/direct-payments support and appointeeship organisation; no payroll service for client organisations evidenced on own site.,-,-,payroll-bureau,high
paycheck-plus-by-iris,Paycheck Plus By IRIS,paycheckplus.ie,IE,11-50,DISQUALIFIED,False,,https://www.paycheckplus.ie/,Part of IRIS Software Group,strong,"Payroll bureau but owned by IRIS Software Group, a payroll software competitor — will not license third-party payroll software.",-,-,payroll-bureau,high
wearetechheads,Tech Heads,techheads.com,GB,11-50,DISQUALIFIED,False,,-,-,none,IT/technology recruitment agency; no payroll service. Recorded domain techheads.com belongs to a different (US IT services) company.,-,evidence domain mismatch — do not use techheads.com.,payroll-bureau,high
global-payroll-services-ltd,GLOBAL PAYROLL SERVICES LTD,globalintgroup.com,GB,11-50,QUALIFIED,True,accountancy-practice-payroll,https://globalintgroup.com/services/,Payslips and statutory returns,strong,-,-,Contractor accountancy/umbrella trading as Global Payroll Services Ltd (Nottingham).,payroll-bureau,high
sussex-hr,Sussex HR,sussexhr.co.uk,GB,11-50,QUALIFIED,True,payroll-bureau,https://www.sussexhr.co.uk/,"We offer HR, Recruitment, and Payroll support within the case management sector",weak,-,-,-,payroll-bureau,high
tik-box-edu,Tik-Box,tik-box.com,GB,11-50,QUALIFIED,True,payroll-bureau,https://tik-box.com/,"creating, managing and chasing your applicant timesheets",weak,-,-,"Back-office outsourcing (timesheets, payroll, vetting, accounts) for education-sector recruiters; can run payroll in house.",payroll-bureau,high
tryuntapped,Untapped,tryuntapped.com,GB,11-50,QUALIFIED,True,payroll-bureau,https://tryuntapped.com/,Global Hiring & Payroll Without the Complexity,weak,-,-,"Done-for-you global hiring + payroll for UK clients' overseas hires; EOR-style service, not a software platform.",payroll-bureau,high
ascendpayroll,Ascend Payroll,-,GB,11-50,QUALIFIED,True,payroll-bureau,https://ascendpayroll.co.uk/services/payroll/,"No matter how complex your payroll is, our premium service has it covered",strong,-,-,"Recorded domain blank; real site ascendpayroll.co.uk. Managed payroll + tronc bureau (hospitality, care, education).",payroll-bureau,high
borderlesspayroll,Borderless Payroll,borderlesspayroll.com,GB,11-50,LIKELY,False,payroll-bureau,-,-,none,-,-,Own site returned 404/429 on every attempt; third-party sources describe standalone UK payroll service plus EOR. Unverified on own domain.,payroll-bureau,high
budsolutions,Bud,bud-solutions.co.uk,GB,11-50,DISQUALIFIED,False,,https://bud-solutions.co.uk/our-offerings,We've got your HR & Payroll systems covered,strong,"HR/payroll SYSTEMS consultancy — retained consultants, system administrator cover and configuration toolkits; does not process client payrolls.",-,-,payroll-bureau,high
the-disability-syndicate,The Disability Syndicate,disabilitysyndicate.com,GB,11-50,QUALIFIED,True,payroll-bureau,https://disabilitysyndicate.com/dd-payroll/,-,weak,-,-,Social enterprise whose DD Payroll arm has run payroll for direct-payment/personal-budget employers since 2004. Site 403s to scrapers.,payroll-bureau,high
walkzero,Walkzero,walkzero.com,GB,11-50,DISQUALIFIED,False,,https://www.walkzero.com/about-us,Best Global HRMS Software Platform | Walkzero Payroll & HR Platform,strong,"Competitor: HRMS/payroll software vendor, and India-based (Chennai) — fails both rule 1 and rule 3.",-,-,payroll-bureau,high
account-direct-ltd,Account Direct,account-direct.co.uk,GB,11-50,QUALIFIED,True,accountancy-practice-payroll,https://www.account-direct.co.uk/index.php?page=payroll-services,hassle free accounting & payroll services,strong,-,-,-,payroll-bureau,high
appian-task,Appian Task,appiantask.ie,IE,11-50,QUALIFIED,True,payroll-bureau,https://www.appiantask.ie/payroll,Payroll Outsourcing Solutions Ireland,strong,-,-,-,payroll-bureau,high
bridgeway-solution-ltd,BridgeWay Solution Ltd,bridgewaysolution.com,GB,11-50,QUALIFIED,True,payroll-bureau,https://bridgewaysolution.com/,"BridgeWay manages overseas recruitment, payroll, employee benefits, EOR, taxes and compliance for you!",strong,-,-,Global EOR/remote-hiring service running payroll for clients' overseas employees.,payroll-bureau,high
directpayment,DirectPayment,-,GB,11-50,LIKELY,False,payroll-bureau,-,-,none,-,-,No domain recorded and the name could not be resolved to a specific company — not verified either way.,payroll-bureau,high
lancasterdistrictcvs,Lancaster District CVS,lancastercvs.org.uk,GB,11-50,QUALIFIED,True,payroll-bureau,https://lancastercvs.org.uk/financial-services/,we offer independent examinations and all-inclusive payroll services at reasonable prices,strong,-,-,Charity infrastructure body running a payroll service for local voluntary-sector organisations.,payroll-bureau,high
mss-thehrpeople,MSS - The HR People,mssthehrpeople.ie,IE,11-50,QUALIFIED,True,payroll-bureau,https://www.mssthehrpeople.ie/payroll-services,"A complete payroll service, fully managed by MSS Payroll",strong,-,-,-,payroll-bureau,high
miracle-dynamics,Miracle Dynamics,miracle-dynamics.com,GB,11-50,DISQUALIFIED,False,,https://www.miracle-dynamics.com/,Miracle HR & Payroll software integrated with Microsoft Business Central,strong,Competitor: HR & payroll software vendor for Microsoft Dynamics/Business Central; now part of Eque2 Ltd.,-,-,payroll-bureau,high
the-jarell-group,The Jarell Group,jarell.co.uk,GB,11-50,QUALIFIED,True,recruitment-umbrella-contractor-payroll,https://jarell.co.uk/payroll-solutions/,"The Jarell Group has developed efficient candidate payroll procedures that ensure accurate, correct payments are made on-time",strong,-,-,-,payroll-bureau,high
crevatyltd,Crevaty UK,crevaty.co.uk,GB,51-200,QUALIFIED,True,accountancy-practice-payroll,https://crevaty.co.uk/our_services/hris-and-payroll/,we offer comprehensive payroll services to help streamline your payroll processes,strong,-,expanded operations to Kuwait,-,payroll-bureau,high
peopleflow-ai,Peopleflow.ai,liverogroup.com,GB,11-50,LIKELY,False,payroll-bureau,-,-,none,-,-,Recorded domain liverogroup.com shows only 'Launching Soon' — domain does not match Peopleflow.ai. Description claims end-to-end hiring incl. payroll; unverified.,payroll-bureau,high
afh-payroll-solutions-ltd,AFH Payroll Solutions Ltd,afhpayroll.co.uk,GB,11-50,QUALIFIED,True,payroll-bureau,https://www.afhpayroll.co.uk/?page=services,We offer a bespoke outsourced payroll service - tailored to suit each client's individual requirements.,strong,-,-,-,payroll-bureau,high
sisgatepro,SISgate Pro,sisgatepro.com,IE,11-50,QUALIFIED,True,accountancy-practice-payroll,http://www.sisgatepro.com/,Your business supports start here... Payroll Training,weak,-,-,Irish SME business-support firm listing payroll among finance services; payroll depth not detailed on site.,payroll-bureau,high
my-payroll-solutions,My Payroll Solutions,mypayroll-solutions.co.uk,GB,11-50,QUALIFIED,True,umbrella-contractor-payroll,https://mypayroll-solutions.co.uk/contractor-support/,"We handle everything from payroll to tax administration, ensuring all deductions - such as taxes, National Insurance Contributions",strong,-,-,-,payroll-bureau,high
tclorg,Technology Consultancy Limited,tclorg.com,GB,201-500,DISQUALIFIED,False,,https://tclorg.com/index.php/our-services/,We've always taken a different approach to other strategic recruitment agencies,strong,Technology recruitment agency only; no payroll service or in-house contractor payroll evidenced.,-,-,payroll-bureau,high
payroll-specialists-limited,Payroll Specialists Limited,payroll.com.au,GB,11-50,QUALIFIED,True,payroll-bureau,https://www.payrollspecialists.co.uk/,Payroll Specialists provide a payroll outsourcing and workplace pension administration service to businesses both small and large.,strong,-,-,"Evidence pack domain payroll.com.au was the Australian TAPS association - wrong entity. Real site payrollspecialists.co.uk (Wells, Somerset); ICAEW-registered.",payroll-bureau,high
agile-payroll-services-ltd,Agile Payroll Services Ltd,-,GB,11-50,LIKELY,False,payroll-bureau,-,-,none,-,-,No domain recorded and no website located; name implies a payroll bureau but nothing verified.,payroll-bureau,high
dotcomunity-centres,DotComUnity Membership,-,GB,11-50,DISQUALIFIED,False,,https://dotcomunity.org.uk/,membership benefits ... payroll services,weak,"Membership/directory social enterprise for disabled people; payroll appears as a signposted member benefit from partner providers, not a service it operates.",-,-,payroll-bureau,high
softcomirl,Softcomirl,softcom.ie,IE,11-50,DISQUALIFIED,False,,https://uk.adp.com/about-adp/press-centre/2019-06-17-adp-acquires-softcom-ireland-limited-strengthening-its-international-direct-presence.aspx,ADP Acquires Softcom (Ireland) Limited,strong,Acquired by ADP in June 2019 and absorbed into ADP UK & Ireland; softcom.ie now redirects to ADP — parent is a competitor.,-,-,payroll-bureau,high
giant-group,Giant Group,giantgroup.com,GB,5001-10000,DISQUALIFIED,False,,https://www.giantgroup.com/,manual timesheet processing and invoice creation with our proprietary payroll software. You can either take this software and embed it internally,strong,Competitor: licenses its own proprietary payroll/pay-and-bill software to agencies alongside its managed service.,-,"Borderline - also a large umbrella/managed payroll provider, but it sells the software itself.",recruitment-umbrella-contractor-payroll,high
paystream,PayStream,paystream.co.uk,GB,201-500,QUALIFIED,True,umbrella-contractor-payroll,https://www.paystream.co.uk/,Umbrella Umbrella PAYE PEO ... Payroll International Outsourced payroll,strong,-,-,Umbrella + contractor accountancy + outsourced payroll.,recruitment-umbrella-contractor-payroll,high
project-people,Project People,projectpeople.com,GB,201-500,DISQUALIFIED,False,,https://talent.projectpeople.com/our-services/rpo-managed-services/,We take the role of RPO Talent Partner seriously.,strong,Talent acquisition / RPO recruiter; no payroll service or in-house contractor payroll evidenced.,-,-,recruitment-umbrella-contractor-payroll,high
sanctuary-personnel,Sanctuary Personnel,sanctuarypersonnel.com,GB,201-500,QUALIFIED,True,recruitment-umbrella-contractor-payroll,https://www.sanctuarypersonnel.com/sanctuary-personnel-candidates/your-sanctuary-payroll/,Your Sanctuary Payroll,weak,-,-,Health/social-care recruiter operating its own PAYE payroll for contractors. Site 403s to automated fetches; page confirmed via search index.,recruitment-umbrella-contractor-payroll,high
contractingplus,Contracting PLUS,contractingplus.com,IE,51-200,QUALIFIED,True,umbrella-contractor-payroll,https://www.contractingplus.com/,"We will manage all your accounting administration, payroll, expenses, invoicing and tax compliance",strong,-,-,Irish umbrella/personal-limited-company provider for contractors.,recruitment-umbrella-contractor-payroll,high
playroll-hr,Playroll,playroll.com,GB,51-200,DISQUALIFIED,False,,https://www.playroll.com/solutions/multi-country-payroll,Multi-Country Payroll Software: Flexible Vendor & Compliance,strong,Competitor: global HR/payroll/EOR software platform.,-,-,recruitment-umbrella-contractor-payroll,high
first-recruitment-group,First Recruitment Group,firstrecruitmentgroup.com,GB,51-200,QUALIFIED,True,recruitment-umbrella-contractor-payroll,https://www.firstrecruitmentgroup.com/news/mypay-new-payroll-service-businesses-and-workers,"We are delighted to announce the launch of our group's new payroll and compliance service, MyPay+.",strong,-,launched new payroll service (MyPay+),-,recruitment-umbrella-contractor-payroll,high
nasa-consulting-ltd,Nasa Group,nasagroup.co.uk,GB,51-200,QUALIFIED,True,umbrella-contractor-payroll,https://www.nasagroup.co.uk/about-us,"We provide a comprehensive Umbrella services for contractors, along with CIS, payroll processing and HMRC compliance",strong,-,FCSA accredited,-,recruitment-umbrella-contractor-payroll,high
simple-pay-ltd,Simple Pay,-,GB,51-200,QUALIFIED,True,umbrella-contractor-payroll,https://www.simple-pay.co.uk/,-,weak,-,-,Recorded domain blank; real site simple-pay.co.uk - umbrella/payroll for healthcare and construction workers.,recruitment-umbrella-contractor-payroll,high
inovai8,InovAi8,innov8.co.uk,GB,51-200,DISQUALIFIED,False,,https://innov8.co.uk/,the largest independently owned Sage Business Partner in the UK and Ireland,strong,Sage/Microsoft software reseller and IT services firm; implements business software rather than processing payroll for clients.,-,-,recruitment-umbrella-contractor-payroll,high
sapphire-accounting-contracting,Sapphire,wearesapphire.co.uk,GB,51-200,QUALIFIED,True,umbrella-contractor-payroll,https://wearesapphire.co.uk/accounting/services/payroll/,"You can outsource your payroll to us, and we'll handle the rest.",strong,-,employee owned,FCSA umbrella + contractor accountancy + outsourced payroll bureau.,recruitment-umbrella-contractor-payroll,high
strike,Strike IT Recruitment Services,strike.com.au,GB,51-200,DISQUALIFIED,False,,-,-,none,IT/digital recruitment agency only; no payroll service evidenced.,-,"evidence domain mismatch - strike.com.au is an Australian mobile-accessory maker, a different entity.",recruitment-umbrella-contractor-payroll,high
icsaccounting,ICS Accounting,icsuk.com,GB,51-200,QUALIFIED,True,accountancy-practice-payroll,https://www.icsuk.com/payroll/,Our established Payroll Bureau service processes thousands of employees a month and is home to an in-house team of Payroll experts,strong,-,-,-,recruitment-umbrella-contractor-payroll,high
churchill-knight-services,Churchill Knight,churchill-knight.co.uk,GB,51-200,QUALIFIED,True,umbrella-contractor-payroll,https://www.churchill-knight.co.uk/umbrella/,Compliant umbrella company payroll - designed exclusively for UK contractors and freelancers,strong,-,FCSA accredited; SafeRec certified,-,recruitment-umbrella-contractor-payroll,high
quba-solutions-ltd,QUBA Solutions Ltd,quba.solutions,GB,51-200,QUALIFIED,True,payroll-bureau,https://quba.solutions/about-us/,"a specialist funding partner for recruitment agencies, providing fast, flexible financing, payroll management and back-office support",strong,-,-,-,recruitment-umbrella-contractor-payroll,high
theindigogroup,The Indigo Group,indigogroupservices.com,GB,51-200,QUALIFIED,True,payroll-bureau,https://www.indigogroupservices.com/payroll/what-we-do/,We provide multi-industry managed payroll services,strong,-,-,-,recruitment-umbrella-contractor-payroll,high
smartwork-com,SmartWork®,smartwork.com,GB,11-50,QUALIFIED,True,umbrella-contractor-payroll,https://www.smartwork.com/,An established umbrella payroll company with you at the heart of our business,strong,-,FCSA & APSCo accredited,-,recruitment-umbrella-contractor-payroll,high
kintecsoftware,Kintec,weareja.co.uk,GB,11-50,DISQUALIFIED,False,,https://weareja.co.uk/,One system. One partner. Payroll software that works the way you do.,strong,"Competitor: sells payroll SaaS to umbrella companies, payroll bureaux and contractor accountants.",-,-,recruitment-umbrella-contractor-payroll,high
bar2,Bar2,bar2.co.uk,GB,11-50,QUALIFIED,True,umbrella-contractor-payroll,https://bar2.co.uk/contractor-payroll/,our expert led contractor payroll service manages the whole process for you,strong,-,-,-,recruitment-umbrella-contractor-payroll,high
generate-fs-ltd,Generate,generate-fs.co.uk,GB,11-50,QUALIFIED,True,umbrella-contractor-payroll,https://generate-fs.co.uk/payroll-services/,"Generate Fs provides industry-leading contractor payroll solutions. We specialise in payroll management, outsourced contractor engagement, international services and limited company accounting.",strong,-,-,PAYE/umbrella/CIS/international contractor payroll for UK recruitment agencies.,recruitment-umbrella-contractor-payroll,high
simplicity-in-business,Simplicity in Business,simplicityinbusiness.com,GB,11-50,QUALIFIED,True,recruitment-umbrella-contractor-payroll,https://www.linkedin.com/company/simplicity-in-business,PAYE & Contractor Payroll facilitated - Paper Based & Online Timesheets - Comprehensive & Professional Credit Control,weak,-,-,"Back-office/funding partner to recruitment agencies; evidence pack only returned a login page, so LinkedIn About used.",recruitment-umbrella-contractor-payroll,high
jmk-group-uk,JMK GROUP UK,jmkgroupuk.com,GB,1001-5000,QUALIFIED,True,umbrella-contractor-payroll,https://jmkgroupuk.com/outsourced-payroll-services-uk/,"At JMK Group, we've seen firsthand how outsourced payroll services in the UK can transform businesses, freeing up valuable time and resources while ensuring accuracy and compliance.",strong,-,-,"Umbrella, CIS and outsourced payroll for 900+ recruitment agencies; FCSA accredited.",recruitment-umbrella-contractor-payroll,high
ship-shape-resources,Ship Shape Resources,shipshape-resources.com,GB,11-50,DISQUALIFIED,False,,-,-,none,Acquired: shipshape-resources.com / the business has moved to Nasa Group (Nasa Umbrella) - website resolves to nasagroup.co.uk. LinkedIn description confirms founders exited the umbrella market and moved staff/clients to Nasa Umbrella.,-,Acquirer: Nasa Group (nasagroup.co.uk).,recruitment-umbrella-contractor-payroll,high
i4-group,i4 Pay Partners- FCSA Accredited Umbrella Company,i4services.uk,GB,11-50,QUALIFIED,True,umbrella-contractor-payroll,https://i4services.uk/agencies/,Since 2005 i4 has been a leading supplier of payroll services to recruitment agencies.,strong,-,-,"FCSA-accredited umbrella; 39,000 contractors, 11,500 businesses.",recruitment-umbrella-contractor-payroll,high
advance-online-uk,ADVANCE | Trust the Experts,advance.online,GB,11-50,QUALIFIED,True,umbrella-contractor-payroll,https://www.advance.online/umbrella/,"As a market-leading Umbrella Company, we provide reliable, compliant, and ethical support that you can trust.",strong,-,-,"FCSA-accredited umbrella, limited company and CIS solutions for contractors and recruiters.",recruitment-umbrella-contractor-payroll,high
exchequer-contracts,Exchequer Contracts,exchequercontracts.co.uk,GB,11-50,QUALIFIED,True,umbrella-contractor-payroll,https://exchequercontracts.co.uk/how-we-work/,"We handle pay and compliance, so you can focus on growing your recruitment business.",strong,-,-,"Umbrella, CIS and PEO payroll for recruitment agencies.",recruitment-umbrella-contractor-payroll,high
love-&-tate,Love & Tate Limited,omeda.com,GB,11-50,QUALIFIED,True,recruitment-umbrella-contractor-payroll,https://www.linkedin.com/company/love-&-tate,"HR services include Contractor Payroll, Testing & Assessment, Outplacement",weak,-,-,Recorded domain omeda.com is a different entity. Real site lovetate.co.uk shows recruitment + training only; contractor payroll claimed on LinkedIn only.,recruitment-umbrella-contractor-payroll,high
maxipay-accounting-services,Maxipay Accounting Services,maxipay.co.uk,GB,11-50,LIKELY,False,umbrella-contractor-payroll,-,-,none,-,-,Only a disclaimer page returned and site not re-reachable; LinkedIn describes PAYE umbrella (Ducas Ltd) and CIS (Construction Arena) brands. Needs manual confirmation.,recruitment-umbrella-contractor-payroll,high
dasa-umbrella,DASA Umbrella Limited - Fully Compliant UK-based Umbrella Company,dasa-umbrella.co.uk,GB,11-50,QUALIFIED,True,umbrella-contractor-payroll,https://dasa-umbrella.co.uk/,"Welcome to DASA Umbrella Multiple award-winning payroll provider supporting recruitment agencies, hirers and temporary workers in the UK.",strong,-,-,"FCSA, Professional Passport and SafeRec accredited; umbrella + CIS payroll.",recruitment-umbrella-contractor-payroll,high
futurelinkglobal,The Futurelink Group,futurelinkglobal.com,GB,11-50,QUALIFIED,True,payroll-bureau,https://futurelinkglobal.com/outsourcing-solutions/,"Futurelink provide expert HR, Payroll, and Industrial Relations services tailored to meet the needs",strong,-,-,Consulting/staffing group with an outsourced HR & payroll service line.,recruitment-umbrella-contractor-payroll,high
et-payroll,Payroll,-,GB,11-50,LIKELY,False,umbrella-contractor-payroll,-,-,none,-,-,etpayroll.co.uk now serves unrelated online-casino content - domain appears lapsed/hijacked. Business may no longer trade; verify manually.,recruitment-umbrella-contractor-payroll,high
bvs-vets,BVS Vets,bvsvets.co.uk,GB,11-50,DISQUALIFIED,False,,-,-,none,Recruiter only: BVS Vets is a veterinary permanent and locum staffing agency; no payroll service to client organisations found on its own site.,-,-,recruitment-umbrella-contractor-payroll,high
select-engineering,Select Engineering,select-engineering.net,GB,11-50,DISQUALIFIED,False,,-,-,none,Recruiter only: automotive/engineering recruitment agency placing contract and permanent staff; no payroll bureau or umbrella service found on its own site.,-,-,recruitment-umbrella-contractor-payroll,high
hull-cvs,Hull CVS,hull-cvs.co.uk,GB,11-50,QUALIFIED,True,payroll-bureau,https://www.hullcvs.org.uk/payroll-preparation,help you employ staff and provide you with payroll support,strong,-,-,"CVS runs a paid payroll-preparation bureau (HMRC RTI, payslips, P60s, pensions) for Hull charities and community groups.",recruitment-umbrella-contractor-payroll,high
ceglobalpartners,CE Global Partners,ceglobalpartners.com,GB,11-50,DISQUALIFIED,False,,-,-,none,Acquired: ceglobalpartners.com 301-redirects to harborglobal.com - CE Global Partners has been absorbed into Harbor Global (legal technology & consulting).,-,Acquirer: Harbor Global.,recruitment-umbrella-contractor-payroll,high
epayme,ePayMe,epayme.co.uk,GB,11-50,QUALIFIED,True,umbrella-contractor-payroll,https://www.epayme.co.uk/,"Fast, Compliant, and Reliable Payroll Solutions Designed for Today's Workforce",strong,-,-,PAYE umbrella and payroll for contractors and 500+ recruitment agencies.,recruitment-umbrella-contractor-payroll,high
clipper-contracting-ltd,Clipper Contracting Group,clippercontracting.co.uk,GB,11-50,QUALIFIED,True,umbrella-contractor-payroll,https://www.clippercontracting.co.uk/,Clipper Contracting: FCSA Umbrella payroll and self-employed solutions,strong,-,employee-owned,"452 agency clients, 1m+ timesheets processed.",recruitment-umbrella-contractor-payroll,high
hive360engage,HIVE360 Support Services Ltd,hive360.com,GB,11-50,LIKELY,False,umbrella-contractor-payroll,-,-,none,-,-,"hive360.com hosting account suspended (expired cert on https, suspended page on http). Was an employment/PAYE payroll + benefits provider; trading status needs manual check.",recruitment-umbrella-contractor-payroll,high
foretwogroup,ForeTwo Group,foretwogroup.co.uk,GB,11-50,LIKELY,False,umbrella-contractor-payroll,-,-,none,-,-,"foretwogroup.co.uk returns 403/202 to automated fetches; LinkedIn describes an umbrella company and CIS/limited-company accountants. Site unreachable, not contradicted.",recruitment-umbrella-contractor-payroll,high
peoplegroupservices,People Group Services,peoplegroupservices.com,GB,11-50,QUALIFIED,True,umbrella-contractor-payroll,https://peoplegroupservices.com/,Payroll and compliance services for agencies and contractors,strong,-,new product launch: Agency Portal for Joint & Several Liability,"PEO, umbrella and CIS payroll; 10m+ payslips processed.",recruitment-umbrella-contractor-payroll,high
liberty-bishop-contractor-services-ltd,Liberty Bishop,libertybishop.co.uk,GB,11-50,DISQUALIFIED,False,,-,-,none,Acquired: libertybishop.co.uk redirects to workwellsolutions.com - Liberty Bishop is now part of Workwell (which is itself a separate record in this list).,-,Acquirer: Workwell Group.,recruitment-umbrella-contractor-payroll,high
mainpay-limited,MainPay Limited,-,GB,11-50,QUALIFIED,True,umbrella-contractor-payroll,http://mainpay.co.uk/,"At MainPay, we go beyond the traditional umbrella company model, offering a seamless, compliant, and trusted employment solution for temporary workers across all sectors.",strong,-,-,HTTPS cert is misconfigured (self-signed chain); evidence taken over HTTP.,recruitment-umbrella-contractor-payroll,high
exceed-contracting,Exceed Contracting,exceedcontracting.co.uk,GB,11-50,QUALIFIED,True,umbrella-contractor-payroll,https://exceedcontracting.co.uk/,"Exceed is a trusted, transparent and fully compliant payment intermediary. We pay temporary workers, freelancers and contractors in all sectors across the UK.",strong,-,-,"Umbrella, CIS sole trader, joint employment, PEO and payroll bureau.",recruitment-umbrella-contractor-payroll,high
bigfishgroup,Big Fish Group Limited,bigfishgroup.co.uk,GB,11-50,QUALIFIED,True,umbrella-contractor-payroll,https://bigfishgroup.co.uk/,"Big Fish Group provides umbrella PAYE payroll, CIS and limited company accountancy support services for contractors and recruitment agencies.",strong,-,-,Female-owned umbrella company.,recruitment-umbrella-contractor-payroll,high
charterhouse-group-international,Charterhouse Group International,charterhouse.com.au,GB,11-50,LIKELY,False,umbrella-contractor-payroll,-,-,none,-,-,Recorded domain charterhouse.com.au is an unrelated Australian entity; website field points to fpsgroup.com which renders only via JS and returned an empty body. FPS Group provides umbrella services p,recruitment-umbrella-contractor-payroll,high
saferec,SafeRec,saferec.co.uk,GB,11-50,DISQUALIFIED,False,,-,-,none,Software vendor / not a payroll processor: SafeRec sells a SaaS compliance-auditing and certification platform that audits umbrella companies' payroll; it does not process payroll for clients.,-,-,recruitment-umbrella-contractor-payroll,high
strategic-resources-european-recruitment-consultants-ltd,Strategic Resources European Recruitment Consultants Ltd,strategic-resources.co.uk,GB,11-50,QUALIFIED,True,recruitment-umbrella-contractor-payroll,https://www.strategic-resources.co.uk/,"We also take care of Contractor Management Services such as payroll, expenses and contract continuity",strong,-,-,Recruitment agency running its own in-house contractor payroll - qualifies under the rubric's recruiter exception.,recruitment-umbrella-contractor-payroll,high
the-rebus-group,The Rebus Group,rebus-group.co.uk,GB,11-50,QUALIFIED,True,umbrella-contractor-payroll,http://www.rebus-group.co.uk/,PAYE umbrella and self-employed solutions for the temporary contractor industry,strong,-,-,Founded 2017; serves hundreds of UK recruitment agencies; owned by a former HMRC tax inspector.,recruitment-umbrella-contractor-payroll,high
etraining-adult-education,eTraining,etraining-uk.com,GB,11-50,DISQUALIFIED,False,,-,-,none,"Training provider: eTraining is an Ofsted-rated apprenticeship, diploma and professional training provider; no payroll service to client organisations.",-,-,recruitment-umbrella-contractor-payroll,high
lesters-uk,Lesters UK,lesters-uk.com,GB,501-1000,QUALIFIED,True,umbrella-contractor-payroll,https://www.lesters-uk.com/,"Lesters | Accounting, Payroll & Umbrella services A comprehensive range of solutions to support contractors and SMEs.",strong,-,-,"40+ years; accounting, payroll and umbrella for contractors, SMEs and recruitment agencies.",recruitment-umbrella-contractor-payroll,high
sourcepayinternational,Source Pay Ltd,sourcepay.co.uk,GB,11-50,QUALIFIED,True,payroll-bureau,https://sourcepay.co.uk/,YOUR GLOBAL HR & PAYROLL PARTNER Providing comprehensive global HR and payroll solutions across 159 countries.,strong,-,-,EOR/global payroll plus UK contractor payroll and invoice factoring.,recruitment-umbrella-contractor-payroll,high
aterim-aviation,Aterim Aviation,aterim.com,IE,51-200,QUALIFIED,True,umbrella-contractor-payroll,https://aterim.com/,"Global umbrella company supporting individuals and businesses with Employer of Record, contractor hosting and tempora",strong,-,-,HQ Republic of Ireland - within the rubric's permitted geography.,recruitment-umbrella-contractor-payroll,high
azuki-accounts-limited,Azuki Accounts - Finance For Recruitment,azukiaccounts.com,GB,11-50,LIKELY,False,accountancy-practice-payroll,-,-,none,-,-,"Accountancy practice (11-50) serving only recruitment agencies with full back-office/outsourced services; no dedicated payroll page found, nothing contradicting.",recruitment-umbrella-contractor-payroll,high
constellation-global,Constellation Global,constellationglobal.com,GB,11-50,QUALIFIED,True,umbrella-contractor-payroll,https://constellationglobal.com/employer-of-record/,6 Months Free EOR Services | Global Expansion | Constellation Global,weak,-,-,Site is JS-rendered and returned only the page title; EOR model implies payrolling client workers. Worth a manual look.,recruitment-umbrella-contractor-payroll,high
gb-recruitment-staffs-ltd,GB Recruitment (Staffs),gbrs.co.uk,GB,11-50,DISQUALIFIED,False,,-,-,none,Recruiter only: GB Recruitment (Staffs) is a teacher/teaching-assistant recruitment agency offering DBS checks; no payroll service to client organisations found.,-,-,recruitment-umbrella-contractor-payroll,high
key-uk,Key (UK),-,GB,11-50,LIKELY,False,payroll-bureau,-,-,none,-,-,"Recorded website https://co.com is a domain-registry placeholder, not this company - no real website identified for 'Key (UK)'. Unverifiable; do not contact on this record without a domain fix.",recruitment-umbrella-contractor-payroll,high
new-millennia-payroll-services-ltd,New Millennia Group,nmgroup.co.uk,GB,11-50,QUALIFIED,True,payroll-bureau,https://newmillennia.co.uk/,"Recruitment Payroll, Finance and Back Office Support",strong,-,-,"Outsourced payroll, back office and funding built exclusively for recruitment agencies.",recruitment-umbrella-contractor-payroll,high
husp,Husp,husp.co.uk,GB,11-50,QUALIFIED,True,umbrella-contractor-payroll,https://husp.co.uk/,"Welcome to Husp! Your modern umbrella company We were set up to meet the needs of contractors in a simple, clear and completely compliant way.",strong,-,-,Umbrella employment/payroll for UK contractors and recruitment agencies.,recruitment-umbrella-contractor-payroll,high
penguin-pay,Edward Thomas - Fully Compliant Payroll Services Brands,-,GB,11-50,LIKELY,False,umbrella-contractor-payroll,-,-,none,-,-,edwardthomascontractors.co.uk does not resolve in DNS; no alternative domain found. LinkedIn (penguin-pay) describes compliant payroll services brands. Verify trading status manually.,recruitment-umbrella-contractor-payroll,high
octopayepayroll,Octopaye,octopaye.com,GB,11-50,DISQUALIFIED,False,,-,-,none,"Competitor: Octopaye sells a white-labelled payroll software platform for payroll specialists in the temporary recruitment space - a payroll software vendor, not a buyer.",-,HMRC-recognised payroll product since 2019.,recruitment-umbrella-contractor-payroll,high
new-red-planet-payroll,New Red Planet,newredplanet.com,GB,1001-5000,QUALIFIED,True,umbrella-contractor-payroll,https://www.newredplanet.com/,"New Red Planet's PAYE and umbrella payroll solutions are the ideal way to be paid in a hassle-free, convenient way.",strong,-,-,"FCSA accredited; CIS, PAYE/umbrella, payroll bureau and PEO products.",recruitment-umbrella-contractor-payroll,high
oths-consulting,OTHS,oths.ie,IE,11-50,QUALIFIED,True,payroll-bureau,https://linktr.ee/oths_consulting,Payroll Outsourcing Ireland for Irish/European SMEs,weak,-,ISO 27001 certification,"Irish consultancy (oths.ie); only the Linktree page was reachable, so evidence is off-domain and weak.",recruitment-umbrella-contractor-payroll,high
pytronot-payroll-solutions,Pytronot Payroll  and Accountancy Solutions,pytronot.com,GB,201-500,LIKELY,False,payroll-bureau,-,-,none,-,-,pytronot.com returns 403 to automated fetches. Name and LinkedIn describe payroll and accountancy solutions (201-500 staff); unverified from own site.,recruitment-umbrella-contractor-payroll,high
exp-international,EXP International,exp-international.com,IE,11-50,QUALIFIED,True,payroll-bureau,https://www.exp-international.com/,EXP International is a highly specialised team of global payroll and employment logistics trailblazers,strong,-,-,"HQ Republic of Ireland; international contractor payroll for agencies, contractors and employers.",recruitment-umbrella-contractor-payroll,high
connexiq-global,ConnexIQ Global,-,GB,11-50,LIKELY,False,payroll-bureau,-,-,none,-,-,No website on record - 'domain' is literally linkedin.com and the website field is a LinkedIn services page requiring login. Unverifiable.,recruitment-umbrella-contractor-payroll,high
asset-services-ltd,Asset Services,asset-services.co.uk,GB,11-50,LIKELY,False,payroll-bureau,-,-,none,-,-,asset-services.co.uk does not resolve in DNS; no evidence pack. Unverifiable - possibly defunct.,recruitment-umbrella-contractor-payroll,high
excellium-umbrella-services,Excellium Umbrella Services,excelliumumbrella.com,GB,1001-5000,LIKELY,False,umbrella-contractor-payroll,-,-,none,-,-,excelliumumbrella.com unreachable (connection reset / 503) on both http and https. Name and LinkedIn indicate an umbrella company; unverified.,recruitment-umbrella-contractor-payroll,high
wk-1-ltd,WK1,wk1.uk,GB,11-50,LIKELY,False,umbrella-contractor-payroll,-,-,none,-,-,wk1.uk returns Cloudflare error 526 (invalid origin certificate); site unreachable. Unverified.,recruitment-umbrella-contractor-payroll,high
werkfolio,Werkfolio Ltd,werkfolio.com,GB,11-50,QUALIFIED,True,payroll-bureau,https://werkfolio.com/,"At WERKFOLIO, we simplify international hiring by acting as your trusted Employer of Record (EOR) ... ensuring full compliance with local labor laws, payroll, and benefits administration.",strong,-,-,UK-based EOR running global payroll for client companies' workers.,recruitment-umbrella-contractor-payroll,high
publicsector-ai,Alphabet,-,GB,10001+,DISQUALIFIED,False,,-,-,none,"Bad record / end employer: the linkedin tag 'publicsector-ai' is mapped to Alphabet Inc (abc.xyz), a US-headquartered holding company with 10001+ staff. Fails geography and end-employer rules.",-,Data error in the source list - the record does not describe a UK payroll provider.,umbrella-contractor-payroll,high
corient-business-solutions-limited,Corient Business Solutions Limited,corientbs.co.uk,GB,201-500,QUALIFIED,True,accountancy-practice-payroll,https://corientbs.co.uk/,Outsourced Accounting & Bookkeeping for UK Practices ... Payroll,strong,-,-,"Outsourcing partner running accounting, bookkeeping and payroll on behalf of UK accountancy practices and their clients.",umbrella-contractor-payroll,high
peter-vardy-ltd,Peter Vardy Global,petervardy.com,GB,201-500,DISQUALIFIED,False,,-,-,none,"End employer only: Peter Vardy Global is an automotive retail, investment and real-estate group; it runs payroll for its own staff and does not offer payroll services to clients.",-,-,umbrella-contractor-payroll,high
parasol,Parasol,parasolgroup.co.uk,GB,201-500,QUALIFIED,True,umbrella-contractor-payroll,https://parasolgroup.co.uk/,"Parasol Group | Umbrella Company, Payroll & Workforce Solutions",strong,-,-,"One of the UK's largest umbrella companies; umbrella, construction/CIS and agency payroll.",umbrella-contractor-payroll,high
brookson,Brookson (A People2.0 Company),brooksongroup.co.uk,GB,201-500,QUALIFIED,True,umbrella-contractor-payroll,https://www.brooksongroup.co.uk/,Umbrella Services Get paid accurately with fully managed PAYE payroll and benefits,strong,-,ownership change: now a People2.0 company,"Now owned by People2.0 but still trades under its own brand and domain, so not treated as a defunct/absorbed record.",umbrella-contractor-payroll,high
osk_2,OSK,osk.ie,IE,11-50,LIKELY,False,accountancy-practice-payroll,-,-,none,-,-,"Dublin accountancy practice (audit/tax/advisory, incl. OSK Contracting) within the permitted ROI geography; no payroll page found on site, nothing contradicting.",umbrella-contractor-payroll,high
insideteam-matrix,Matrix,teammatrix.com,GB,201-500,QUALIFIED,True,payroll-bureau,https://teammatrix.com/matrix-payroll/,We've been delivering exceptional managed payroll services for our clients for over 25 years.,strong,-,-,Workforce-management group with a managed/outsourced payroll and umbrella arm.,umbrella-contractor-payroll,high
weareworkwell,Workwell,workwellsolutions.com,GB,501-1000,QUALIFIED,True,umbrella-contractor-payroll,https://archive.workwellsolutions.com/recruiters/peo/,"Outsource your payroll to us to reduce costs, risks and time spent on compliance",strong,-,acquisitive: Liberty Bishop now redirects to Workwell,Umbrella/PEO/EOR group for staffing businesses; has absorbed other providers in this list.,umbrella-contractor-payroll,high
sapphire-info-solutions,Sapphire Info Solutions,sapphireinfo.net,GB,51-200,DISQUALIFIED,False,,-,-,none,"Geography: Sapphire Info Solutions is headquartered in Ludhiana, India (primary phone +91 161-5002086) and serves UK/US accounting firms from there; HQ is outside the UK/ROI.",-,"Does run payroll for other firms' clients, so revisit only if the client accepts non-UK-HQ prospects.",umbrella-contractor-payroll,high
cottons-group-chartered-accountants,Cottons Group,cottonsgroup.com,GB,51-200,QUALIFIED,True,accountancy-practice-payroll,https://www.cottonsgroup.com/services/accounts-outsourcing/payroll-solutions/,Dawn is our payroll bureau manager with over 25 years payroll experience ... She specialises in payroll processing on behalf of clients,strong,-,"new senior appointment: Alexandra Kaponi, Head of Payroll",Top-100 chartered accountancy firm running a dedicated payroll bureau across six offices.,umbrella-contractor-payroll,high
the-accountancy-partnership,The Accountancy Partnership,theaccountancy.co.uk,GB,51-200,QUALIFIED,True,accountancy-practice-payroll,https://www.theaccountancy.co.uk/services/outsourced-payroll-services,We'll process your payroll ... Reliable payroll processing for employers,strong,-,-,Online accountancy practice offering outsourced payroll from GBP 24/month.,umbrella-contractor-payroll,high
my-digital-accounts,My Digital,mydigitalaccounts.com,GB,51-200,DISQUALIFIED,False,,-,-,none,"Competitor: My Digital sells cloud payroll software ('Umbrella Payroll Software powering the UK's contractor market', 'Payroll software that uses AI to process any payroll file') to bureaus and accountants - a direct rival to Brain Payroll.",-,"Also sells a managed service, but the core product is payroll software.",umbrella-contractor-payroll,high
1st-contact,1st Contact,1stcontact.com,GB,51-200,DISQUALIFIED,False,,-,-,none,"Defunct brand / absorbed: 1stcontact.com now redirects to sableinternational.com - 1st Contact is part of Sable International, whose business is immigration, tax-refund and forex services, not payroll for client organisations.",-,Acquirer/parent: Sable International.,umbrella-contractor-payroll,high
icon-accounting.ie,ICON Accounting,iconaccounting.ie,IE,11-50,QUALIFIED,True,umbrella-contractor-payroll,https://www.iconaccounting.ie/services/paye-umbrella-company,"As one of Ireland's most established umbrella company solutions, we manage your setup, handle all your tax obligations and paper",strong,-,-,ROI-based contractor accountancy and PAYE umbrella - within permitted geography.,umbrella-contractor-payroll,high
360-group,360 Group,360-group.com,GB,11-50,LIKELY,False,payroll-bureau,-,-,none,-,-,360-group.com unreachable (503 / connection reset) on both www and apex. No evidence pack. Unverified.,umbrella-contractor-payroll,high
subbygroupuk,Subby,nricivils.co.uk,GB,11-50,QUALIFIED,True,umbrella-contractor-payroll,https://subbygroup.co.uk/,Your CIS Payroll & Site Compliance Partner,strong,-,-,Recorded domain nricivils.co.uk is an unrelated US e-commerce site - evidence taken from the real site subbygroup.co.uk. CIS payroll for construction firms.,umbrella-contractor-payroll,high
theumbrellacompany,The Umbrella Company,theumbrellacompany.co.uk,GB,11-50,DISQUALIFIED,False,,-,-,none,"Not a payroll company: The Umbrella Company is a manufacturer and trade-only supplier of promotional umbrellas, parasols and gazebos. Name collision with the umbrella-payroll sector.",-,Classic false positive - worth removing from the source list.,umbrella-contractor-payroll,high
black-diamond-umbrella-&-accountancy-services,Black Diamond,-,GB,11-50,LIKELY,False,umbrella-contractor-payroll,-,-,none,-,-,blackdiamondumbrella.co.uk returns an empty 202 to automated fetches (bot protection). Name/LinkedIn indicate umbrella and accountancy services; unverified from own site.,umbrella-contractor-payroll,high
clever-accounts-ltd,Clever Accounts,cleveraccounts.com,GB,11-50,QUALIFIED,True,accountancy-practice-payroll,https://cleveraccounts.com/our-services,Accounting Packages for Every Business One fixed monthly fee. Your own dedicated accountant. Free software.,strong,-,-,FCSA-accredited online accountancy practice for contractors and small limited companies; payroll is part of the packages.,umbrella-contractor-payroll,high
we-contractuk,WE-CONTRACT,we-contract.co.uk,GB,11-50,QUALIFIED,True,umbrella-contractor-payroll,https://we-contract.co.uk/agency/,Discover the streamlined efficiency of umbrella payroll services tailored for contractors and freelancers!,strong,-,-,FCSA and SafeRec accredited umbrella payroll.,umbrella-contractor-payroll,high
omniaoutsourcingltd,Omnia Outsourcing Ltd,omniaoutsourcing.com,GB,51-200,QUALIFIED,True,umbrella-contractor-payroll,https://www.omniaoutsourcing.com/services/contractor-services/outsourced-paye/,"The outsourced PAYE option ... allows agencies or contractors to continue to benefit from a fully outsourced solution, with professional experts taking care of your payroll and HR needs",strong,-,-,-,umbrella-contractor-payroll,high
self-employed-dance-teacher,The Xplosive Dance,-,GB,11-50,DISQUALIFIED,False,,-,-,none,"End employer / not payroll: dance, media and entertainment services company (""umbrella company"" used only in the brand sense).",-,Site xplosivedanceinc.com; Entertainment Providers.,umbrella-contractor-payroll,high
bishopsgate-pay,Bishopsgate Group,bishopsgatepay.co.uk,GB,11-50,QUALIFIED,True,umbrella-contractor-payroll,https://bishopsgatepay.co.uk/2024/10/14/why-working-with-bishopsgate-can-improve-your-candidate-retention/,A great relationship with your umbrella company can help retain talent ... the umbrella payroll company can play a significant role in helping recruiters,strong,-,-,-,umbrella-contractor-payroll,high
focused,Focused | Umbrella & CIS for contractors,focusedgroup.co.uk,GB,11-50,QUALIFIED,True,umbrella-contractor-payroll,https://focusedumbrella.co.uk/,"If you need prompt, accurate and reliable payment, choose Focused umbrella ... From payroll to tax, benefits to pensions, we take care of everything.",strong,-,-,Recorded domain focusedgroup.co.uk now resolves to a UHY Hacker Young 404; real site is focusedumbrella.co.uk. FCSA accredited.,umbrella-contractor-payroll,high
i-paye,I-PAYE Limited,i-paye.com,GB,51-200,QUALIFIED,True,umbrella-contractor-payroll,https://i-paye.com/,"Whether you're working in the United Kingdom, the European Economic Area, or further afield, we're here to help you through our Umbrella Company services.",strong,-,-,-,umbrella-contractor-payroll,high
the-manc,The Manc Group,themanc.com,GB,11-50,DISQUALIFIED,False,,-,-,none,"End employer only: The Manc Group is a local social-media publishing business (The Manc, The Hoot, The Sheff); pages in the pack are its own editorial articles, not services.",-,-,umbrella-contractor-payroll,high
hudson-contract,Hudson Contract,hudsoncontract.co.uk,GB,11-50,QUALIFIED,True,umbrella-contractor-payroll,https://www.hudsoncontract.co.uk/services/cis-and-payroll/,"CIS and Payroll, Done ... CIS compliance and self-employed payroll issues keeping you up at night? ... let us take",strong,-,-,"Services 2,600+ construction firms with CIS/self-employed payroll.",umbrella-contractor-payroll,high
wow-world-group,WOW World Group,wowworldgroup.com,GB,11-50,DISQUALIFIED,False,,-,-,none,End employer only: WOW World Group is a franchisor of baby/child sensory classes and employee family-benefit programmes; no payroll processing for clients.,-,-,umbrella-contractor-payroll,high
watkinpv,Watkin Property Ventures,watkinpv.com,GB,11-50,DISQUALIFIED,False,,-,-,none,End employer only: property investment and asset management company; pack pages are staff bios.,-,-,umbrella-contractor-payroll,high
banor-capital-limited,Banor Capital,banorcapital.com,GB,11-50,DISQUALIFIED,False,,-,-,none,End employer only: Banor Capital is an FCA-authorised investment/asset manager.,-,-,umbrella-contractor-payroll,high
ecovis-dca,Ecovis DCA Ireland,ecovisdca.ie,IE,11-50,QUALIFIED,True,accountancy-practice-payroll,https://ecovisireland.com/our_services/outsourced-financial-services/,Full bookkeeping service ... Payroll management and tax compliance support,weak,-,-,"Dublin chartered accountants (ROI, in scope). Payroll sits inside outsourced financial services; firm now uses ecovisireland.com.",umbrella-contractor-payroll,high
datamaticsgroup,Datamatics Group,datamaticsgroup.com,GB,11-50,QUALIFIED,True,umbrella-contractor-payroll,https://datamaticsgroup.com/agencies.php,"Our focus on working with agencies is to develop a strong trusting relationship through our efficient and most importantly, compliant, Umbrella Payroll service.",strong,-,-,-,umbrella-contractor-payroll,high
brookson-financial,Brookson Financial,brooksonfinancial.co.uk,GB,11-50,DISQUALIFIED,False,,-,-,none,"IFA / financial advice firm: Brookson Financial Services are financial advisers (mortgages, pensions, investments) for freelancers, not a payroll processor. LinkedIn page also marked no longer updated",-,-,umbrella-contractor-payroll,high
whr-accountants-ltd,Whr Accountants,whraccountants.co.uk,GB,11-50,QUALIFIED,True,accountancy-practice-payroll,https://whraccountants.co.uk/services/payroll,"We can ensure that your payroll service is efficient, accurate and timely - meaning you have one less thing to worry about. Using WHR Accountants for payroll means you don't have to train up team memb",strong,-,-,-,umbrella-contractor-payroll,high
futurelink-group,Futurelink Group Contractor Payroll Solutions,futurelinkgroup.co.uk,GB,11-50,QUALIFIED,True,umbrella-contractor-payroll,https://futurelinkgroup.co.uk/payroll-services/,Explore our fully compliant solutions and discover the peace of mind that comes with knowing your payroll is in expert hands.,strong,-,-,28 years in UK & international contractor payroll.,umbrella-contractor-payroll,high
orbital-management-services,Orbital Payroll Group,orbitalservices.co.uk,GB,11-50,QUALIFIED,True,umbrella-contractor-payroll,https://www.orbitalservices.co.uk/agency-payroll,"At Orbital, we're committed to making the payroll of your temporary workforce efficient, compliant and as simple as possible.",strong,-,-,-,umbrella-contractor-payroll,high
fairpayservices,Fair Pay Services,fairpayservices.co.uk,GB,11-50,QUALIFIED,True,umbrella-contractor-payroll,https://www.fairpayservices.co.uk/,"Hassle free PAYE Umbrella, PAYE (PEO) and CIS Engagement services",strong,-,-,FCSA & Professional Passport accredited.,umbrella-contractor-payroll,high
metrictristarincltd,Metric Mobility,metrictristarinc.ie,IE,11-50,DISQUALIFIED,False,,-,-,none,"End employer only / wrong sector: Metric Tristarinc (Metric Mobility) is a public-transport ticketing hardware and software business. ""Umbrella company"" in its blurb is the group sense.",-,-,umbrella-contractor-payroll,high
contractorumbrella-ltd,Contractor Umbrella,contractorumbrella.com,GB,1001-5000,QUALIFIED,True,umbrella-contractor-payroll,https://contractorumbrella.com/agencies/,"Contractor Umbrella is the hassle-free, straight talking umbrella company that provides umbrella employment for UK based contractors and freelancers.",strong,-,-,-,umbrella-contractor-payroll,high
affotax,Affotax,affotax.com,GB,11-50,QUALIFIED,True,accountancy-practice-payroll,https://affotax.com/directors-payroll,"If you are a UK company director looking to pay yourself a salary, our Director Payroll Online Services provides a simple and efficient solution tailored specifically for your needs.",strong,-,-,Online accountancy firm; payroll is a client service line.,umbrella-contractor-payroll,high
tjw-contract-solutions-limited,TJW Contract Solutions Limited,tjwcontracts.co.uk,GB,11-50,QUALIFIED,True,umbrella-contractor-payroll,https://www.tjwcontracts.co.uk/contractors/umbrella,"TJW Contract Solutions is a trusted UK umbrella company, offering HMRC-compliant payroll services to contractors across various industries.",strong,-,-,-,umbrella-contractor-payroll,high
pheon-enterprises-limited,Pheon Enterprises Limited,utah.gov,GB,11-50,DISQUALIFIED,False,,-,-,none,"Defunct: Pheon Enterprises Limited (company 06810934, IT services) was dissolved 17 Feb 2015.",-,Evidence pack was scoped to utah.gov - a different entity entirely; ignore it.,umbrella-contractor-payroll,high
tgsirelandgbw,TGS Ireland - GBW,gbw.ie,IE,11-50,QUALIFIED,True,accountancy-practice-payroll,https://cork.gbw.ie/services/payroll-services/,"Payroll is an important part of any business, and at GBW, we provide experienced and reliable advice on our payroll services, which we offer to small or large companies.",strong,-,merger of practice (GBW Cork + Cooney Parle),ROI chartered accountants (in scope). Cork office merged with Cooney Parle.,umbrella-contractor-payroll,high
cataphract,Cataphract,cataphract.co.uk,GB,11-50,DISQUALIFIED,False,,-,-,none,"Not payroll: Cataphract is a pre-employment screening, security vetting and DBS-checking business. It is an ""umbrella body"" for DBS applications, which is not payroll processing.",-,-,umbrella-contractor-payroll,high
gabem-management-limited,Gabem at Danbro,gabem.com,GB,11-50,DISQUALIFIED,False,,-,-,none,"Acquired: Gabem Management was acquired by Danbro (Jan 2016) and now trades as ""Gabem at Danbro""; gabem.com is a parked lander page with no live site.",-,"Payroll operations sit with the acquirer, Danbro (danbro.co.uk).",umbrella-contractor-payroll,high
ricsonservices,Ricson Services,ricson.co.uk,GB,11-50,QUALIFIED,True,umbrella-contractor-payroll,https://ricson.co.uk/payroll-bureau/,"At Ricson, we understand the intricacies of managing payroll for businesses across the United Kingdom.",strong,-,-,Provides both umbrella payroll and a payroll bureau.,umbrella-contractor-payroll,high
locumvetpay,Locum Vet Pay,-,GB,11-50,QUALIFIED,True,umbrella-contractor-payroll,https://locumvetpay.com/,"SOLE TRADER OR UMBRELLA? WE WORK WITH LOCUMS! ... Our Business Services include: Umbrella Payroll, Accountant services for sole traders",weak,-,-,locumvetpay.com returned 503 at check time; quote from the company LinkedIn/site blurb. Veterinary-specific umbrella payroll.,umbrella-contractor-payroll,high
magna-group-outsourcing,Magna Group,magnagroup.co.uk,GB,11-50,QUALIFIED,True,payroll-bureau,https://magnagroup.co.uk/magna-accounting/payroll-bureau/,"Our Payroll Bureau service allows companies to outsource the processing of their company payroll to Magna. Using the company's own PAYE details, we complete all calculations",strong,-,-,-,umbrella-contractor-payroll,high
cbm-accounting-ltd,CBM Accounting Limited - (UK),cbmaccounting.co.uk,GB,11-50,QUALIFIED,True,accountancy-practice-payroll,https://cbmaccounting.co.uk/payroll/,"A dependable UK payroll service covering PAYE, Real Time Information, workplace pensions and employee reporting for businesses of every size.",strong,-,-,-,umbrella-contractor-payroll,high
flamingo-contracting,FCL,flamingocontracting.co.uk,GB,11-50,QUALIFIED,True,umbrella-contractor-payroll,https://www.flamingocontracting.co.uk/support-your-business.html,"At Flamingo, we offer a PAYE service for organisations looking to outsource their payroll to a reliable service provider.",strong,-,-,CIS specialist plus umbrella.,umbrella-contractor-payroll,high
ingram-publishing,Ingram Publishing,ingrampublishing.com,GB,11-50,DISQUALIFIED,False,,-,-,none,"End employer only: Ingram Publishing is a stock-image library (Ingimage, Vectorstate, SignElements). Pack pages are stock photos tagged ""payroll"".",-,-,umbrella-contractor-payroll,high
moneywizeaccountants,MoneyWize Accountants & Tax Advisors,-,GB,11-50,QUALIFIED,True,accountancy-practice-payroll,https://moneywize.co.uk/payroll-pension/,"Payroll sorted, pensions compliant, your time protected. ... We handle PAYE, payslips, HMRC reporting, deadlines and auto-enrolment support, so your staff are paid correctly",strong,-,-,-,umbrella-contractor-payroll,high
stonebridge-pay,SB Pay,sbgrp.co.uk,GB,11-50,QUALIFIED,True,umbrella-contractor-payroll,https://www.sbgrp.co.uk/umbrella,"Umbrella Companies are for temporary workers who want to retain their employed status and move freely between assignments, safe in the knowledge that their PAYE Tax and National Insurance deductions h",strong,-,-,"SB Pay / Stonebridge Outsourcing; FCSA-accredited, SafeRec-certified.",umbrella-contractor-payroll,high
shaker-uk,Shaker UK Limited,shaker-uk.com,GB,11-50,DISQUALIFIED,False,,-,-,none,"End employer only: Shaker UK is a hospitality bar-training, consultancy and venues group; ""umbrella company"" refers to its own group structure.",-,-,umbrella-contractor-payroll,high
eebs,EEBS CIS Payroll,-,GB,11-50,QUALIFIED,True,umbrella-contractor-payroll,https://www.eebs.co.uk/,"At EEBS, we keep construction companies like yours doing what you do best, while we take care of the rest - payroll, compliance and expert advice.",strong,-,-,"CIS payroll specialist since 2001; 24+ years, flawless HMRC record.",umbrella-contractor-payroll,high
gkj-associates-limited,Gkj Associates Limited,-,GB,11-50,QUALIFIED,True,accountancy-practice-payroll,https://uk.linkedin.com/company/gkj-associates-limited,"GKJ Associates Ltd is an independent accountancy and tax advisory practice in Essex offering umbrella company payroll services to contractors, limited companies, and non-profits",weak,-,-,gkjassociates.com blocked all fetches (mod_security 406); evidence is the LinkedIn About blurb only.,umbrella-contractor-payroll,high
mortimer-childe-ltd,Mortimer Childe,mortimerchilde.co.uk,GB,11-50,QUALIFIED,True,umbrella-contractor-payroll,https://www.mortimerchilde.co.uk/umbrella-services/,"At Mortimer Childe, we take the stress out of contracting with hassle free, compliant, and efficient umbrella payroll services.",strong,-,-,Quote combines the umbrella-services page and the company blurb.,umbrella-contractor-payroll,high
the-cinch-group,The Cinch Group,thecinchgroup.com,GB,11-50,QUALIFIED,True,payroll-bureau,https://thecinchgroup.com/payroll-bureau/,"We cover your payroll administration, allowing you to relax in the knowledge that your workers are paid",strong,-,-,-,umbrella-contractor-payroll,high
infinity-solutions-uk-ltd,The Infinity Group,theinfinitygroups.com,GB,11-50,QUALIFIED,True,umbrella-contractor-payroll,https://theinfinitygroups.com/payroll-management/,Our payroll management service allows businesses to remain the legal employer while outsourcing payroll administration to specialists.,strong,-,-,CIS/construction and umbrella payroll plus accountancy.,umbrella-contractor-payroll,high
bookkeeping-and-accountancy,Bookkeeping and Accountancy,-,GB,11-50,QUALIFIED,True,accountancy-practice-payroll,https://payrollhorsham.co.uk/,"We are able to provide a friendly and efficient Bookkeeping, Accountancy and Payroll service to Sole Traders, Partnerships, small to medium size businesses and small Limited Companies",strong,-,-,"Trading name of SM Beckett Ltd, Loxwood, West Sussex.",umbrella-contractor-payroll,high
century-21-chartered-accountants,C21 Chartered Accountants,c21accountants.co.uk,GB,11-50,LIKELY,False,accountancy-practice-payroll,-,-,none,-,-,"Sheffield chartered accountants, 11-50 staff. Homepage and pricing pages returned no readable content and no payroll page was found; nothing contradicts a payroll service line.",umbrella-contractor-payroll,high
dcs-payroll-agency,DCS Payroll Agency,dcspayroll.co.uk,GB,11-50,QUALIFIED,True,payroll-bureau,https://dcspayroll.co.uk/payroll-services/for-accountants-and-partners/,We are trusted by accountants to offer specialist payroll outsourcing for their clients.,strong,-,-,"UK payroll bureau since 1994, Sunderland and Glasgow; also white-labels for accountants.",umbrella-contractor-payroll,high
instant-access-technologies,Instant Access Technologies,iatltd.com,GB,11-50,DISQUALIFIED,False,,-,-,none,"End employer only: Instant Access Technologies runs the Epoints shopping platform and Each Person employee-rewards scheme - employee benefits software, not payroll processing.",-,-,umbrella-contractor-payroll,high
only-global-ltd,Only Global,onlyglobal.co.uk,GB,11-50,DISQUALIFIED,False,,-,-,none,"End employer only: Only Global Ltd is an e-tailer group (onlyswim.com, only-cricket.com, onlyuniform.com, onlysportsgear.com); ""umbrella company"" is the group sense.",-,-,umbrella-contractor-payroll,high
rollpay-limited,RollPay Bureau Limited,rollpay.co.uk,GB,11-50,QUALIFIED,True,payroll-bureau,https://www.rollpay.co.uk/specialist-payroll,"SPECIALIST PAYROLL ... Accurate, compliant payroll services that save you time and give you complete peace of mind.",strong,-,-,"Derby-based outsourced payroll, bookkeeping and tax bureau; also white-labels portals for partners.",umbrella-contractor-payroll,high
marvel-payroll,Marvel Payroll,marvelpay.co.uk,GB,11-50,QUALIFIED,True,umbrella-contractor-payroll,https://marvelpayroll.co.uk/,"Marvel Payroll, part of a leading Payroll Group, delivers reliable payroll solutions across all sectors ... We support top UK recruitment agencies, and startups, with seamless payroll services.",strong,-,-,"Recorded domain marvelpay.co.uk 301s to marvelpayroll.co.uk. PAYE Umbrella & Bureau, CIS, SE Plus.",umbrella-contractor-payroll,high
myoe,MyOE,-,GB,11-50,DISQUALIFIED,False,,-,-,none,Not payroll: MyOE is a relocation/visa and career-move service for Australian and New Zealand professionals moving overseas.,-,-,umbrella-contractor-payroll,high
srp-associates,SRP Associates,srpassociates.co.uk,GB,11-50,QUALIFIED,True,umbrella-contractor-payroll,https://uk.linkedin.com/company/srp-associates,Looking for a reliable and IR35 compliant payroll specialist? ... we are proud to serve over 5000+ candidates and more than 150 clients nationwide ... Umbrella PAYE,weak,-,-,srpassociates.co.uk is dead (Wix ConnectYourDomain 404). Verify the company is still trading before outreach.,umbrella-contractor-payroll,high
f9-consulting-ltd,F9 Consulting,f9consulting.co.uk,GB,11-50,QUALIFIED,True,accountancy-practice-payroll,https://www.f9consulting.co.uk/services/payroll-bureau/,"We can take over the responsibility for your payroll. We are able to ensure gross to net calculations are correct, processing statutory payments",strong,-,-,Chartered certified accountants; page is titled Accountancy Payroll Services / payroll bureau.,umbrella-contractor-payroll,high
prima-management-limited,Prima Management Limited,prima.ie,IE,11-50,QUALIFIED,True,umbrella-contractor-payroll,https://www.prima.ie/,We are one of Ireland's leading providers of Umbrella Company and Limited Company services,strong,-,-,"ROI (in scope); offices Dublin, UK and Isle of Man. Contractor accountants + umbrella.",umbrella-contractor-payroll,high
agencypayroll,Agency Payroll,accountancy-partners.co.uk,GB,11-50,QUALIFIED,True,umbrella-contractor-payroll,https://agencypayroll.co.uk/,"Agency Payroll: Commercial Contracting & Payroll Bureau Services ... Umbrella Company, CIS, Payroll Bureau, Ltd Company Contractor Payroll, PEO / PAYE",strong,-,-,Recorded domain accountancy-partners.co.uk 301s to agencypayroll.co.uk (same business).,umbrella-contractor-payroll,high
bloom-business-solution-ltd,Bloom Business Solutions Ltd,bloomfinancials.com,GB,11-50,QUALIFIED,True,accountancy-practice-payroll,https://bloomfinancials.com/payroll/,"At Bloom Financials, we remove the headache of payroll management with comprehensive solutions",strong,-,-,-,umbrella-contractor-payroll,high
keyforge-group,KeyForge Group,keyforge.group,GB,11-50,QUALIFIED,True,umbrella-contractor-payroll,https://www.keyforge.group/services,"At Keyforge, we take full contractual responsibility for every operative working under our scope of works. Each individual is engaged and managed in accordance with the standards set out under the CIS",weak,-,-,"Construction CIS engagement/payment intermediary; the site never uses the word payroll, so confirm the model on first call.",umbrella-contractor-payroll,high
lid-the-group,Lid The Group,lidproject.com,GB,11-50,DISQUALIFIED,False,,-,-,none,"Not payroll: Lid The Group is a holding company (""umbrella company housing a constellation of ventures""); site returns no readable content and no payroll offering.",-,-,umbrella-contractor-payroll,high
commonwealth-contractors,Commonwealth Contractors,commonwealthcontractors.com,GB,51-200,DISQUALIFIED,False,,-,-,none,"Not payroll: Commonwealth Contractors is a UK visa/sponsorship (Tier 1/Tier 2) information and referral service; its umbrella-company pages are explainer articles pointing at partner umbrellas, not it",-,-,umbrella-contractor-payroll,high
bll-contacting-ltd,Bll Contracting Ltd,bllcontracting.co.uk,GB,11-50,QUALIFIED,True,umbrella-contractor-payroll,http://bllcontracting.co.uk/,"A payroll company that specializes in providing payroll services within the construction industry ... PAYE, CIS & Pension Schemes",weak,-,-,Site was unreachable from this session (Cloudflare 1001); quote from the company blurb corroborated by search snippets for Agency CIS Payroll / Umbrella Payroll.,umbrella-contractor-payroll,high
bullproject,Bull Project,bullproject.io,GB,11-50,DISQUALIFIED,False,,-,-,none,"Competitor: Bull Project is an HR and global payroll PLATFORM (Web3/stablecoin payroll software) - it sells payroll technology, which is exactly what Brain Payroll sells.",-,-,umbrella-contractor-payroll,high
microsystems-inter,Microsystems Int'l (UK) Limited,microsystemsinter.com,GB,11-50,QUALIFIED,True,umbrella-contractor-payroll,https://microsystemsinter.com/services/umbrella,"A compliant umbrella for UK agency contractors - run from our London office since 1997. We become your employer, run your payroll, and pay you",strong,-,-,-,umbrella-contractor-payroll,high
orchid-property-group,Orchid Property Group,orchidpropertygroup.com,GB,11-50,DISQUALIFIED,False,,-,-,none,End employer only: Orchid Property Group is the holding company for Orchid Estate Agents and its land/planning arms.,-,-,umbrella-contractor-payroll,high
umbrellareclaim,Umbrella Reclaim,umbrellareclaim.com,GB,51-200,DISQUALIFIED,False,,-,-,none,Law firm / claims portal: Umbrella Reclaim was set up by McFaddens LLP solicitors as a claims portal for contractors reclaiming unlawful umbrella deductions. Umbrella Reclaim Ltd (12919229) was also d,-,-,umbrella-contractor-payroll,high
kiamex,Kiamex,kiamex.co.uk,GB,51-200,DISQUALIFIED,False,,-,-,none,"End employer only: Holding Kiamex Ltd is an investment holding company (AI, health, education, property, aviation, energy); ""umbrella company"" is the group sense.",-,Site live but no payroll service of any kind.,umbrella-contractor-payroll,high
paytube,Paytube,paytube.ie,IE,11-50,QUALIFIED,True,umbrella-contractor-payroll,https://www.paytube.ie/,Ireland's Leading Payroll & Accounting Services for Umbrella Contractors & Limited Companies,strong,-,-,ROI (in scope).,umbrella-contractor-payroll,high
