linkedin_url,full_name,first_name,last_name,current_title,persona_tier,person_country,role_start_date,company_key,company_name,company_set,company_hq
https://www.linkedin.com/in/david-chisolm-8784602,David Chisolm,David,Chisolm,Vice President of Marketing,3,US,2014-01-01,https://www.linkedin.com/company/a-o-smith-corporation,A. O. Smith Corporation,us_wide_A_vertical,US
https://www.linkedin.com/in/betsycurran,-,-,-,Director of Marketing & Customer Engagement,3,US,2024-03-01,https://www.linkedin.com/company/a-o-smith-corporation,A. O. Smith Corporation,us_wide_A_vertical,US
https://www.linkedin.com/in/lisa-moffat-97790598,Lisa Moffat,Lisa,Moffat,Director of Marketing,3,US,1997-09-01,https://www.linkedin.com/company/a-stucki-company,A. Stucki Company,us_wide_A_vertical,US
https://www.linkedin.com/in/anne-kocher-67441820,Anne Kocher,Anne,Kocher,Director of Marketing,3,US,2010-01-01,https://www.linkedin.com/company/a-stucki-company,A. Stucki Company,us_wide_A_vertical,US
https://www.linkedin.com/in/linda-d-anderson,"Linda D. Anderson, MBA",Linda D.,"Anderson, MBA",Director of Sales and Marketing,3,US,2024-07-01,https://www.linkedin.com/company/the-aagard-group-llc,Aagard,us_wide_B_othertag,US
https://www.linkedin.com/in/lisa-yeadon,Lisa Yeadon,Lisa,Yeadon,Director of Marketing Communications,2,US,2015-01-01,https://www.linkedin.com/company/a-l-p--lighting-components,A.L.P. Lighting Components,us_wide_B_othertag,US
https://www.linkedin.com/in/jeff-storie-3aa28012,Jeff Storie,Jeff,Storie,"Director, U.S. Marketing",3,US,2014-10-01,https://www.linkedin.com/company/a-o-smith-corporation,A. O. Smith Corporation,us_wide_A_vertical,US
https://www.linkedin.com/in/rashone-stafford-bb496b36,RaShone Stafford,RaShone,Stafford,Retail Channel Marketing Manager,1,US,2023-03-01,https://www.linkedin.com/company/a-o-smith-corporation,A. O. Smith Corporation,us_wide_A_vertical,US
https://www.linkedin.com/in/jason-leonard-95857a82,Jason Leonard,Jason,Leonard,Senior Channel Marketing Manager,1,US,2024-03-01,https://www.linkedin.com/company/a-o-smith-corporation,A. O. Smith Corporation,us_wide_A_vertical,US
https://www.linkedin.com/in/abigailcarlson,Abigail Carlson,Abigail,Carlson,Director of Marketing and Communications - Motion Drive Products,3,US,2025-03-01,https://www.linkedin.com/company/abb-motors-and-drives-noam,ABB Motors and Drives North America,us_wide_B_othertag,US
https://www.linkedin.com/in/matthew-larue-56218736,Matthew LaRue,Matthew,LaRue,National Channel Development Manager - Motion High Power,1,US,2025-11-01,https://www.linkedin.com/company/abb-motors-and-drives-noam,ABB Motors and Drives North America,us_wide_B_othertag,US
https://www.linkedin.com/in/mandijnorth,Mandi North,Mandi,North,Industry Segment Marketing Communications Manager,2,US,2025-08-01,https://www.linkedin.com/company/abb-motors-and-drives-noam,ABB Motors and Drives North America,us_wide_B_othertag,US
https://www.linkedin.com/in/kpredmond,Patrick Redmond,Patrick,Redmond,Chief Marketing Officer,3,US,2025-04-01,https://www.linkedin.com/company/abc-plumbing,"ABC Plumbing, Sewer, Heating, Cooling & Electric",us_wide_A_vertical,US
https://www.linkedin.com/in/trcorcoran,Tim Corcoran,Tim,Corcoran,Network Manager,1,US,2016-02-01,https://www.linkedin.com/company/abel-womack-inc,"Abel Womack, Inc.",us_wide_A_vertical,US
https://www.linkedin.com/in/sara-bogue-b7b639a,Sara Bogue,Sara,Bogue,"Director of Marketing, Commercial Graphics",3,US,-,https://www.linkedin.com/company/american-biltrite-inc,ABI Tape (American Biltrite Inc.),us_wide_A_vertical,US
https://www.linkedin.com/in/john-emerson-50a41512,John Emerson,John,Emerson,VP Sales and Marketing,3,US,1990-01-01,https://www.linkedin.com/company/american-biltrite-inc,ABI Tape (American Biltrite Inc.),us_wide_A_vertical,US
https://www.linkedin.com/in/dale-langa-3b805741,Dale Langa,Dale,Langa,Director of Sales and Marketing,3,US,-,https://www.linkedin.com/company/american-biltrite-inc,ABI Tape (American Biltrite Inc.),us_wide_A_vertical,US
https://www.linkedin.com/in/stephanie-chaczyk-a19141115,Stephanie Chaczyk,Stephanie,Chaczyk,Director of Sales & Marketing,3,US,2019-10-01,https://www.linkedin.com/company/absopure,Absopure Water Company,us_wide_B_othertag,US
https://www.linkedin.com/in/kaeley-goins-90229a15b,Kaeley Goins,Kaeley,Goins,"Marketing Manager, Wholesale Channel",1,US,2022-12-01,https://www.linkedin.com/company/a-o-smith-corporation,A. O. Smith Corporation,us_wide_A_vertical,US
https://www.linkedin.com/in/bradley-worth-a219083,Bradley Worth,Bradley,Worth,Senior Vice President Sales & Marketing,3,US,2023-01-01,https://www.linkedin.com/company/abxpackaging,ABX,us_wide_B_othertag,US
https://www.linkedin.com/in/julia-londero-60096451,"Julia Londero, MBA",Julia,"Londero, MBA",Director of Marketing - Head of Digital,3,US,2022-10-01,https://www.linkedin.com/company/acagroup,ACA Group,us_wide_A_vertical,US
https://www.linkedin.com/in/damionmartin,Damion Martin,Damion,Martin,"Director, Marketing",3,US,2011-02-01,https://www.linkedin.com/company/acco-engineered-systems,ACCO Engineered Systems,us_wide_A_vertical,US
https://www.linkedin.com/in/paul-runyan-b225217,Paul Runyan,Paul,Runyan,VP Sales & Marketing,3,US,2023-12-01,https://www.linkedin.com/company/accumold,Accumold,us_wide_B_othertag,US
https://www.linkedin.com/in/sid-kalantar-a9656619,Sid Kalantar,Sid,Kalantar,Senior Vice President Sales and Marketing,3,US,2013-10-01,https://www.linkedin.com/company/accuride-international-inc,Accuride International Inc.,us_wide_A_vertical,US
https://www.linkedin.com/in/mccuealison,Alison McCue-Agnihotri,Alison,McCue-Agnihotri,Chief Marketing Officer,3,US,2025-02-01,https://www.linkedin.com/company/acagroup,ACA Group,us_wide_A_vertical,US
https://www.linkedin.com/in/kristineekennedy,Krissy Kennedy,Krissy,Kennedy,Managing Director - Global Head of Marketing,3,US,-,https://www.linkedin.com/company/acagroup,ACA Group,us_wide_A_vertical,US
https://www.linkedin.com/in/sharon-stevens-24490219,Sharon Stevens,Sharon,Stevens,Senior Director of Marketing,3,US,-,https://www.linkedin.com/company/acagroup,ACA Group,us_wide_A_vertical,US
https://www.linkedin.com/in/o-p-,Olivia Patterson,Olivia,Patterson,Director of Marketing,3,US,2025-08-01,https://www.linkedin.com/company/acieta,Acieta,us_wide_B_othertag,US
https://www.linkedin.com/in/jessicabuddrus,Jessica Buddrus Walker,Jessica,Buddrus Walker,Executive Vice President Sales Marketing,3,US,-,https://www.linkedin.com/company/acme-engineering-&-manufacturing,Acme Engineering & Manufacturing Corp.,us_wide_A_vertical,US
https://www.linkedin.com/in/tim-rhodes-334a8417b,Tim Rhodes,Tim,Rhodes,Head of Marketing,3,US,2026-01-01,https://www.linkedin.com/company/acronaviation,Acron Aviation,us_wide_B_othertag,US
https://www.linkedin.com/in/simon-ayling,Simon Ayling,Simon,Ayling,Head of Marketing and Public Relations,3,GB,2025-03-01,https://www.linkedin.com/company/acronaviation,Acron Aviation,us_wide_B_othertag,US
https://www.linkedin.com/in/erika-gaura,Erika Gaura,Erika,Gaura,Director of Marketing and Sales Executives,3,US,-,https://www.linkedin.com/company/acagroup,ACA Group,us_wide_A_vertical,US
https://www.linkedin.com/in/ben-schneider-b747aa37,Ben Schneider,Ben,Schneider,"Senior Director, Distribution Marketing Review Manager",1,US,2025-04-01,https://www.linkedin.com/company/acagroup,ACA Group,us_wide_A_vertical,US
https://www.linkedin.com/in/markjohansen-leader,Mark Johansen,Mark,Johansen,Vice President – Marketing,3,US,2018-01-01,https://www.linkedin.com/company/acs-group_2,ACS Group,us_wide_A_vertical,US
https://www.linkedin.com/in/jasonblake,Jason Blake,Jason,Blake,Senior Vice President Marketing,3,US,2023-01-01,https://www.linkedin.com/company/ad-populum-llc,Ad Populum,us_wide_B_othertag,US
https://www.linkedin.com/in/lillycrick,Lilly Crick,Lilly,Crick,"Senior Director, Marketing",3,US,2024-08-01,https://www.linkedin.com/company/ad-populum-llc,Ad Populum,us_wide_B_othertag,US
https://www.linkedin.com/in/tina-trivan,Tina Trivan,Tina,Trivan,Director of Special Events and Marketing,3,US,2025-07-01,https://www.linkedin.com/company/ad-populum-llc,Ad Populum,us_wide_B_othertag,US
https://www.linkedin.com/in/britneyhernandez1,Britney Hernandez,Britney,Hernandez,Director of Marketing and Communications,3,US,2025-08-01,https://www.linkedin.com/company/adacel,Adacel,us_wide_B_othertag,US
https://www.linkedin.com/in/tom-evers-b239443b,Tom Evers,Tom,Evers,Director Marketing & Communications,2,US,-,https://www.linkedin.com/company/adacel,Adacel,us_wide_B_othertag,US
https://www.linkedin.com/in/matthewabbey,Matt Abbey,Matt,Abbey,"Vice President, Sales & Marketing",3,US,2021-01-01,https://www.linkedin.com/company/adalet,Adalet,us_wide_B_othertag,US
https://www.linkedin.com/in/claudia-adams-b0b033180,Claudia Adams,Claudia,Adams,Chief Marketing Officer,3,US,2025-06-01,https://www.linkedin.com/company/adams-communication-engineering-technology-acet-inc-,"Adams Communication & Engineering Technology (ACET, Inc.)",us_wide_B_othertag,US
https://www.linkedin.com/in/matt-cadwell,Matt Cadwell,Matt,Cadwell,Vice President of Sales & Marketing,3,US,2023-11-01,https://www.linkedin.com/company/adams-rite-aerospace,Adams Rite Aerospace,us_wide_B_othertag,US
https://www.linkedin.com/in/marcus-e-reed,Marcus Reed,Marcus,Reed,Vice President of Sales & Marketing,3,US,2026-07-01,https://www.linkedin.com/company/adaptecsolutions,Adaptec Solutions,us_wide_A_vertical,US
https://www.linkedin.com/in/chandlermdavis,Chandler Stillman,Chandler,Stillman,"Senior Director, Marketing & Commercial Operations",3,US,2024-01-01,https://www.linkedin.com/company/addman3d,ADDMAN,us_wide_B_othertag,US
https://www.linkedin.com/in/schiavone1,Bob Schiavone,Bob,Schiavone,Director Global Marketing Communications,2,US,2022-09-01,https://www.linkedin.com/company/adlertooling,"Adler Industrial Solutions, Inc.",us_wide_B_othertag,US
https://www.linkedin.com/in/frederickreinfelder,Fred Reinfelder,Fred,Reinfelder,Director of Marketing,3,US,2024-06-01,https://www.linkedin.com/company/adrian-steel,Adrian,us_wide_A_vertical,US
https://www.linkedin.com/in/sharakiefer,Shara Kiefer,Shara,Kiefer,Head of Marketing & Communications,2,US,2024-08-01,https://www.linkedin.com/company/advanced-distributor-products,Advanced Distributor Products,us_wide_A_vertical,US
https://www.linkedin.com/in/brianwking,Brian King,Brian,King,"EVP Marketing, Product Management and Sustainability",3,US,2020-09-01,https://www.linkedin.com/company/advanced-drainage-systems-inc-,"Advanced Drainage Systems, Inc.",us_wide_A_vertical,US
https://www.linkedin.com/in/heatherschreiber,Heather Schreiber,Heather,Schreiber,Director of Marketing,3,US,2022-01-01,https://www.linkedin.com/company/advanced-drainage-systems-inc-,"Advanced Drainage Systems, Inc.",us_wide_A_vertical,US
https://www.linkedin.com/in/zacharys,Zachary Smith,Zachary,Smith,Vice President of Sales & Marketing,3,US,2021-10-01,https://www.linkedin.com/company/advanced-material-handling,Advanced Material Handling,us_wide_A_vertical,US
https://www.linkedin.com/in/lisa-holmes-0a09563,Lisa Holmes,Lisa,Holmes,Director of Global Marketing,3,US,2025-12-01,https://www.linkedin.com/company/advanced-pcb-official,AdvancedPCB,us_wide_B_othertag,US
https://www.linkedin.com/in/perla-lozano,Perla Lozano,Perla,Lozano,Director of Corporate Marketing | Integrated & Growth Marketing,3,US,2023-01-01,https://www.linkedin.com/company/advanced-pcb-official,AdvancedPCB,us_wide_B_othertag,US
https://www.linkedin.com/in/cormachaverty,Cormac Haverty,Cormac,Haverty,"Director of Networking Products, EMEA",1,IE,2014-01-01,https://www.linkedin.com/company/b-bsmartworx,Advantech B+B SmartWorx,us_wide_B_othertag,US
https://www.linkedin.com/in/carlos-calvo-405b5a55,Carlos Calvo,Carlos,Calvo,Global Network Operations Security Center Mission Support Team Lead,1,US,2024-09-01,https://www.linkedin.com/company/aegisaero,Aegis Aerospace Inc.,us_wide_B_othertag,US
https://www.linkedin.com/in/lisa-mackie07,Lisa Mackie,Lisa,Mackie,Marketing Communications Manager,2,US,2024-04-01,https://www.linkedin.com/company/aem,"AEM, Inc.",us_wide_B_othertag,US
https://www.linkedin.com/in/christina-day-kane-51a32135,Christina Day-Kane,Christina,Day-Kane,Director of Sales and Marketing,3,US,2023-08-01,https://www.linkedin.com/company/aerostarmfg,Aerostar Manufacturing,us_wide_A_vertical,US
https://www.linkedin.com/in/emily-brown-0590bb27,Emily Brown,Emily,Brown,Head of Sales & Marketing,3,US,2024-12-01,https://www.linkedin.com/company/aerospace-testing-engineering-&-certification-l-l-c-,AeroTEC - Aerospace Testing Engineering & Certification Inc.,us_wide_B_othertag,US
https://www.linkedin.com/in/jacqueline-jackie-carlon-1131b5b,"Jacqueline ""Jackie"" Carlon","Jacqueline ""Jackie""",Carlon,Senior Vice President Marketing and Communications,3,US,2022-09-01,https://www.linkedin.com/company/aersale-inc-,"AerSale, Inc.",us_wide_B_othertag,US
https://www.linkedin.com/in/brian-manning-181a443,Brian Manning,Brian,Manning,Senior Director of Marketing,3,US,2026-03-01,https://www.linkedin.com/company/aevex-aerospace,AEVEX,us_wide_B_othertag,US
https://www.linkedin.com/in/joeshoemaker,Joe Shoemaker,Joe,Shoemaker,Vice President Marketing,3,US,2024-07-01,https://www.linkedin.com/company/afc-industries,AFC Industries,us_wide_B_othertag,US
https://www.linkedin.com/in/herb-sherwood-6a268559,Herb Sherwood,Herb,Sherwood,Vice President Sales Marketing,3,US,2023-01-01,https://www.linkedin.com/company/afglobal,AFGlobal Corporation,us_wide_B_othertag,US
https://www.linkedin.com/in/fred-batts-83682b83,Fred Batts,Fred,Batts,Senior VP Sales & Marketing,3,US,-,https://www.linkedin.com/company/afglobal,AFGlobal Corporation,us_wide_B_othertag,US
https://www.linkedin.com/in/joystarksmith,Joy Stark-Smith,Joy,Stark-Smith,Vice President Marketing,3,US,2026-03-01,https://www.linkedin.com/company/agilityrobotics,Agility Robotics,us_wide_B_othertag,US
https://www.linkedin.com/in/amel-ali-35697739,Amel Ali,Amel,Ali,Director of Product Marketing,3,US,2023-11-01,https://www.linkedin.com/company/agilityrobotics,Agility Robotics,us_wide_B_othertag,US
https://www.linkedin.com/in/llindstrom,Lauren Lindstrom,Lauren,Lindstrom,Director of Marketing,3,US,2024-09-01,https://www.linkedin.com/company/agilityrobotics,Agility Robotics,us_wide_B_othertag,US
https://www.linkedin.com/in/devon-o-neill,Devon O'Neill,Devon,O'Neill,Director of Marketing,3,US,2011-03-01,https://www.linkedin.com/company/agilis-engineering-inc,"Agilis Engineering, Inc.",us_wide_B_othertag,US
https://www.linkedin.com/in/chris-barlow-59404b6,Chris Barlow,Chris,Barlow,Director of Sales and Marketing,3,US,2025-02-01,https://www.linkedin.com/company/agra-industries-inc.,"AGRA Industries, Inc.",us_wide_B_othertag,US
https://www.linkedin.com/in/johnwillismarketing,John Willis,John,Willis,Head of Corporate Marketing & Media,3,US,2016-01-01,https://www.linkedin.com/company/j-f-ahern-co-,Ahern,us_wide_A_vertical,US
https://www.linkedin.com/in/brandonbreznick,-,-,-,Channel Marketing Manager,1,US,2026-02-01,https://www.linkedin.com/company/aiper-north-america,Aiper North America,us_wide_B_othertag,US
https://www.linkedin.com/in/curt-dehaan-b8626032,Curt DeHaan,Curt,DeHaan,Manager of Network Services,1,US,2008-03-01,https://www.linkedin.com/company/j-f-ahern-co-,Ahern,us_wide_A_vertical,US
https://www.linkedin.com/in/christina-kernan-259146b8,Christina Kernan,Christina,Kernan,Director of Marketing,3,US,2026-03-01,https://www.linkedin.com/company/air-conditioning-specialist,"Air Conditioning Specialist, INC",us_wide_A_vertical,US
https://www.linkedin.com/in/tera-humphrey,Tera Humphrey,Tera,Humphrey,Marketing Communications Manager,2,US,2025-08-01,https://www.linkedin.com/company/air-distribution-technologies-inc-,"Air Distribution Technologies, Inc.",us_wide_A_vertical,US
https://www.linkedin.com/in/bypatricktolbert,Patrick Tolbert,Patrick,Tolbert,"Director, Digital CX & Marketing",3,US,2022-09-01,https://www.linkedin.com/company/airborn-inc,AirBorn,us_wide_B_othertag,US
https://www.linkedin.com/in/elizabeth-johnson-2846751a8,elizabeth johnson,elizabeth,johnson,VP Sales and Marketing,3,US,1994-04-01,https://www.linkedin.com/company/airborne-systems,Airborne Systems,us_wide_B_othertag,US
https://www.linkedin.com/in/craig-cushman-2043a87,Craig Cushman,Craig,Cushman,Director of Marketing,3,US,2017-04-01,https://www.linkedin.com/company/airmar-technology-corporation,Airmar Technology Corporation,us_wide_B_othertag,US
https://www.linkedin.com/in/jonathan-hoover-a2ab5713b,Jonathan Hoover,Jonathan,Hoover,Network Operations Manager,1,US,2024-04-01,https://www.linkedin.com/company/airspace-inc,Airspace,us_wide_B_othertag,US
https://www.linkedin.com/in/ersin-vurucu-89900b177,Ersin Vurucu,Ersin,Vurucu,Director of Operations & Network,1,DE,2025-10-01,https://www.linkedin.com/company/airspace-inc,Airspace,us_wide_B_othertag,US
https://www.linkedin.com/in/marius-dorn-12b89b115,Marius Dorn,Marius,Dorn,Senior Network Manager,1,DE,2025-12-01,https://www.linkedin.com/company/airspace-inc,Airspace,us_wide_B_othertag,US
https://www.linkedin.com/in/jason-thomas-3760975,Jason Thomas,Jason,Thomas,Global Marketing Communications Manager,2,US,2026-01-01,https://www.linkedin.com/company/airsys-north-america,AIRSYS USA,us_wide_A_vertical,US
https://www.linkedin.com/in/msr734,Michael Robinson,Michael,Robinson,Chief Marketing Officer,3,US,2025-09-01,https://www.linkedin.com/company/airsys-north-america,AIRSYS USA,us_wide_A_vertical,US
https://www.linkedin.com/in/lisa-lange-2b987159,Lisa Lange,Lisa,Lange,Senior Director of Marketing,3,US,2026-05-01,https://www.linkedin.com/company/airtron-heating-air-conditioning,Airtron Heating & Air Conditioning,us_wide_A_vertical,US
https://www.linkedin.com/in/jack-kang-987650b,Jack Kang,Jack,Kang,Vice President of Product Marketing,3,US,2025-07-01,https://www.linkedin.com/company/airx-climate-solutions,AirX Climate Solutions,us_wide_A_vertical,US
https://www.linkedin.com/in/wjhansen,William Hansen,William,Hansen,Executive Vice President Marketing and Online Sales,3,US,2006-09-01,https://www.linkedin.com/company/aksindustries,"AKS Industries, Inc.",us_wide_B_othertag,US
https://www.linkedin.com/in/david-beller-2381b110,David Beller,David,Beller,Executive Vice President of Sales and Marketing,3,US,2024-07-01,https://www.linkedin.com/company/alco-manufacturing-co.,Alco Manufacturing Corporation LLC,us_wide_A_vertical,US
https://www.linkedin.com/in/ryan-blackman-aligroup,Ryan Blackman,Ryan,Blackman,Vice President of Marketing and Communications,3,US,2023-09-01,https://www.linkedin.com/company/aligroupfs,Ali Group,us_wide_A_vertical,US
https://www.linkedin.com/in/steve-ferraro-34860110,Steve Ferraro,Steve,Ferraro,"Vice President, Sales and Marketing",3,US,2023-01-01,https://www.linkedin.com/company/all-american-poly,All American Poly,us_wide_B_othertag,US
https://www.linkedin.com/in/ron-silen-30b4b55,Ron Silen,Ron,Silen,Director of Sales Marketing,3,US,2025-10-01,https://www.linkedin.com/company/all-american-poly,All American Poly,us_wide_B_othertag,US
https://www.linkedin.com/in/mark-molina-4942838,Mark Molina,Mark,Molina,Vice President Sales & Marketing,3,US,2026-01-01,https://www.linkedin.com/company/all-american-poly,All American Poly,us_wide_B_othertag,US
https://www.linkedin.com/in/joseph-friedman-42223535,joseph friedman,joseph,friedman,VP of sales and marketing,3,US,1979-01-01,https://www.linkedin.com/company/all-american-poly,All American Poly,us_wide_B_othertag,US
https://www.linkedin.com/in/burnsybob,Bob Burns,Bob,Burns,"VP Marketing at All Flex Solutions, Inc.",3,US,2001-01-01,https://www.linkedin.com/company/all-flex-solutions,All Flex Solutions,us_wide_B_othertag,US
https://www.linkedin.com/in/jamin-taylor,Jamin Taylor,Jamin,Taylor,Vice President of Sales and Marketing,3,US,2017-08-01,https://www.linkedin.com/company/all-flex-solutions,All Flex Solutions,us_wide_B_othertag,US
https://www.linkedin.com/in/rick-wilkinson-81a5a250,Rick Wilkinson,Rick,Wilkinson,VP Sales and Marketing,3,US,1997-01-01,https://www.linkedin.com/company/alliance-machine-systems-international-llc,"Alliance Machine Systems International, LLC",us_wide_A_vertical,US
https://www.linkedin.com/in/david-sinnery-5598811a,David Sinnery,David,Sinnery,Director of Sales & Marketing,3,US,2024-02-01,https://www.linkedin.com/company/allianceppc,Alliance Precision Plastics,us_wide_B_othertag,US
https://www.linkedin.com/in/jeff-decarlis-5b53317,Jeff Decarlis,Jeff,Decarlis,Vice President - Sales and Marketing,3,US,2023-01-01,https://www.linkedin.com/company/alliant-power,Alliant Power,us_wide_A_vertical,US
https://www.linkedin.com/in/mattalsup,Matt Alsup,Matt,Alsup,Director of Marketing and Digital Experience,3,US,2025-10-01,https://www.linkedin.com/company/allied-air,Allied Air,us_wide_A_vertical,US
https://www.linkedin.com/in/jeff-parker-465219125,Jeff Parker,Jeff,Parker,Vice President of Sales and Marketing,3,US,2022-06-01,https://www.linkedin.com/company/allied-moulded-products-inc,"Allied Moulded Products, Inc",us_wide_A_vertical,US
https://www.linkedin.com/in/jon-larson-a0712a12,Jon Larson,Jon,Larson,VP Sales & Marketing,3,US,-,https://www.linkedin.com/company/alliedplastics,"Allied Plastics, LLC",us_wide_A_vertical,US
https://www.linkedin.com/in/chris-machalak-63694a7,Chris Machalak,Chris,Machalak,"Director of Marketing, CE North America",3,US,2024-10-01,https://www.linkedin.com/company/altaequipmentcompany,Alta Equipment Company,us_wide_A_vertical,US
https://www.linkedin.com/in/charmainedlaine,-,-,-,HEAD OF CORPORATE MARKETING - Caterpillar Construction Dealer | Power Systems | Truck Engine,1,US,-,https://www.linkedin.com/company/altorfer-cat,Altorfer Cat,us_wide_A_vertical,US
https://www.linkedin.com/in/bailee-pelzer-64ba6a82,Bailee Pelzer,Bailee,Pelzer,Director of Marketing,3,US,2021-12-01,https://www.linkedin.com/company/altorfer-cat,Altorfer Cat,us_wide_A_vertical,US
https://www.linkedin.com/in/jason-wentland,Jason Wentland,Jason,Wentland,Director of Product Support Sales-Marketing and eCommerce,3,US,2025-04-01,https://www.linkedin.com/company/altorfer-cat,Altorfer Cat,us_wide_A_vertical,US
https://www.linkedin.com/in/michaelmroach,Michael Roach,Michael,Roach,Executive VP of Global Sales and Marketing/Chief Marketing Officer,3,US,2014-03-01,https://www.linkedin.com/company/altoncorporate,Alton Industry Ltd,us_wide_A_vertical,US
https://www.linkedin.com/in/rick-erebia,Rick E.,Rick,E.,Vice President - Sales & Marketing - North America,3,US,2023-04-01,https://www.linkedin.com/company/altoncorporate,Alton Industry Ltd,us_wide_A_vertical,US
https://www.linkedin.com/in/chris-brunone-3997578,Chris Brunone,Chris,Brunone,"Senior VP Sales & Marketing, Portescap",3,US,2011-09-01,https://www.linkedin.com/company/altra-industrial-motion,Altra Industrial Motion,us_wide_A_vertical,US
https://www.linkedin.com/in/david-brooksbank-10380211,David Brooksbank,David,Brooksbank,Director of Marketing,3,US,1985-04-01,https://www.linkedin.com/company/altra-industrial-motion,Altra Industrial Motion,us_wide_A_vertical,US
https://www.linkedin.com/in/david-brooksbank-4aa85941,David. Brooksbank,David.,Brooksbank,Director of Marketing,3,US,-,https://www.linkedin.com/company/altra-industrial-motion,Altra Industrial Motion,us_wide_A_vertical,US
https://www.linkedin.com/in/joseph-bennett-71a1608,Joseph Bennett,Joseph,Bennett,Vice President of Sales and Marketing,3,US,2023-03-01,https://www.linkedin.com/company/aluminum-precision-products,Aluminum Precision Products,us_wide_B_othertag,US
https://www.linkedin.com/in/deborah-reyes-3913424,Deborah Reyes,Deborah,Reyes,"Executive Director, Global Marketing & Strategic Communications",3,US,2017-01-01,https://www.linkedin.com/company/am-general,AM General LLC,us_wide_A_vertical,US
https://www.linkedin.com/in/chris-balino,Christopher Balino,Christopher,Balino,Director of Marketing (Head of Marketing),3,US,2021-10-01,https://www.linkedin.com/company/alwlighting,ALW (Architectural Lighting Works),us_wide_A_vertical,US
https://www.linkedin.com/in/joe-hayes-16b21115,Joe Hayes,Joe,Hayes,Director of Marketing,3,US,-,https://www.linkedin.com/company/am-general,AM General LLC,us_wide_A_vertical,US
https://www.linkedin.com/in/swyang,Sophie Yang,Sophie,Yang,"Director, Marketing and Applications Engineering",3,US,2024-09-01,https://www.linkedin.com/company/ambarella,Ambarella Inc,us_wide_B_othertag,US
https://www.linkedin.com/in/jerome-gigot-5aa3391,Jerome Gigot,Jerome,Gigot,"VP of Marketing, Edge AI Products",3,US,2025-04-01,https://www.linkedin.com/company/ambarella,Ambarella Inc,us_wide_B_othertag,US
https://www.linkedin.com/in/ericvlawson,Eric Lawson,Eric,Lawson,Director Marketing Communications,2,US,2021-01-01,https://www.linkedin.com/company/ambarella,Ambarella Inc,us_wide_B_othertag,US
https://www.linkedin.com/in/megan-moran-0250395b,Megan Moran,Megan,Moran,"VP, Marketing & Branding Officer",3,US,2024-01-01,https://www.linkedin.com/company/american-bank-of-commerce-2,American Bank of Commerce,us_wide_B_othertag,US
https://www.linkedin.com/in/golded01,David Patrick Golden,David Patrick,Golden,Head of Marketing,3,US,2023-04-01,https://www.linkedin.com/company/ambient-enterprises,Ambient,us_wide_A_vertical,US
https://www.linkedin.com/in/shane-bickley-168246,Shane Bickley,Shane,Bickley,"Senior VP, Sales & Marketing",3,US,2026-06-01,https://www.linkedin.com/company/american-bath-group,American Bath Group,us_wide_A_vertical,US
https://www.linkedin.com/in/christopher-lee-marketing,Christopher Lee,Christopher,Lee,Director of US Marketing,3,US,2025-04-01,https://www.linkedin.com/company/american-bath-group,American Bath Group,us_wide_A_vertical,US
https://www.linkedin.com/in/megan-hoerr-6155b1bb,Megan Hoerr,Megan,Hoerr,Channel Marketing Manager,1,US,2023-09-01,https://www.linkedin.com/company/american-bath-group,American Bath Group,us_wide_A_vertical,US
https://www.linkedin.com/in/ezra-d-bowen-41787a15,Ezra D. Bowen,Ezra D.,Bowen,Vice President: Marketing & Sales for USMCA Region,3,US,2025-05-01,https://www.linkedin.com/company/fujisealamerica,American Fuji Seal,us_wide_A_vertical,US
https://www.linkedin.com/in/brett-c-b46354b,Brett C.,Brett,C.,Vice President of Channel Marketing,1,US,2025-02-01,https://www.linkedin.com/company/american-bath-group,American Bath Group,us_wide_A_vertical,US
https://www.linkedin.com/in/joshuawakeford,Joshua Wakeford,Joshua,Wakeford,Director of Product Marketing,3,US,2025-07-01,https://www.linkedin.com/company/american-bath-group,American Bath Group,us_wide_A_vertical,US
https://www.linkedin.com/in/teri-meadow-65846315,Teri Meadow,Teri,Meadow,Director of Corporate Marketing,3,US,2022-01-01,https://www.linkedin.com/company/american-packaging-corporation,American Packaging Corporation,us_wide_B_othertag,US
https://www.linkedin.com/in/bwethington,Bob Wethington,Bob,Wethington,"Vice President, Marketing and Product Management",3,US,2023-11-01,https://www.linkedin.com/company/american-polymer-company,American Polymer Company,us_wide_B_othertag,US
https://www.linkedin.com/in/somchaipstuckey,Somchai Stuckey,Somchai,Stuckey,Director of Marketing,3,US,2023-01-01,https://www.linkedin.com/company/american-plastics-llc,American Plastics,us_wide_B_othertag,US
https://www.linkedin.com/in/chip-church,Chip Church,Chip,Church,Executive Vice President of Sales & Marketing,3,US,2022-10-01,https://www.linkedin.com/company/american-plastics-llc,American Plastics,us_wide_B_othertag,US
https://www.linkedin.com/in/ojrobins,Oliver R.,Oliver,R.,Marketing & Communications Manager,2,US,2025-01-01,https://www.linkedin.com/company/american-plastics-llc,American Plastics,us_wide_B_othertag,US
https://www.linkedin.com/in/sandy-chan-97725491,Sandy Chan,Sandy,Chan,Sr Channel Marketing Manager,1,US,2024-06-01,https://www.linkedin.com/company/american-plastics-llc,American Plastics,us_wide_B_othertag,US
https://www.linkedin.com/in/michael-d-orio-22a32517,Michael D'Orio,Michael,D'Orio,Vice President Marketing,3,US,2010-06-01,https://www.linkedin.com/company/american-bath-group,American Bath Group,us_wide_A_vertical,US
https://www.linkedin.com/in/ammar-gazal-aa98b2132,Ammar Gazal,Ammar,Gazal,Network Development Manager,1,US,2023-11-01,https://www.linkedin.com/company/amazon-fulfillment-technologies-robotics,Amazon Fulfillment Technologies & Robotics,us_wide_B_othertag,US
https://www.linkedin.com/in/richard-thomas-hill-5292384,Richard Thomas Hill,Richard,Thomas Hill,Chief Marketing Officer,3,US,2024-06-01,https://www.linkedin.com/company/american-residential-services,American Residential Services,us_wide_A_vertical,US
https://www.linkedin.com/in/matthewcurtis,Matthew Curtis,Matthew,Curtis,Vice President of Marketing & Strategic Initiatives,3,US,2024-01-01,https://www.linkedin.com/company/american-residential-services,American Residential Services,us_wide_A_vertical,US
https://www.linkedin.com/in/vincematal,Vince Matal,Vince,Matal,Regional Strategic Partnership Program Manager,1,US,2025-07-01,https://www.linkedin.com/company/american-residential-services,American Residential Services,us_wide_A_vertical,US
https://www.linkedin.com/in/andrew-recker-4a58a93,Andrew Recker,Andrew,Recker,Vice President Digital Marketing,3,US,2024-06-01,https://www.linkedin.com/company/american-residential-services,American Residential Services,us_wide_A_vertical,US
https://www.linkedin.com/in/michellejakubiak,Michelle Haswell,Michelle,Haswell,Vice President Marketing Operations,3,US,2023-04-01,https://www.linkedin.com/company/american-residential-services,American Residential Services,us_wide_A_vertical,US
https://www.linkedin.com/in/sulaimanfarooqi,Sulaiman (Manny) F.,Sulaiman (Manny),F.,Sr. Director eCommerce & Digital Marketing,3,US,2014-10-01,https://www.linkedin.com/company/americanvanequipmentinc,American Van Equipment,us_wide_A_vertical,US
https://www.linkedin.com/in/manny-farooqi-98255a141,Manny Farooqi,Manny,Farooqi,Sr. Director eCommerce Marketing & Digital Strategy,3,US,2014-10-01,https://www.linkedin.com/company/americanvanequipmentinc,American Van Equipment,us_wide_A_vertical,US
https://www.linkedin.com/in/america-castaneda-6aa095161,America Castañeda,America,Castañeda,Senior Director Marketing Strategy,3,US,2017-11-01,https://www.linkedin.com/company/american-residential-services,American Residential Services,us_wide_A_vertical,US
https://www.linkedin.com/in/patticole,Patti Cole,Patti,Cole,Director of Marketing Enablement,3,US,2019-01-01,https://www.linkedin.com/company/american-residential-services,American Residential Services,us_wide_A_vertical,US
https://www.linkedin.com/in/cassiebospina333,Cassie Burrell,Cassie,Burrell,"Vice President, Marketing, Communications, and Strategy",3,US,2018-07-01,https://www.linkedin.com/company/americanweldingsociety,American Welding Society,us_wide_B_othertag,US
https://www.linkedin.com/in/claudia-keppinger,"Claudia Keppinger, PMP®",Claudia,"Keppinger, PMP®",Director Marketing Communications,2,US,2026-04-01,https://www.linkedin.com/company/americanweldingsociety,American Welding Society,us_wide_B_othertag,US
https://www.linkedin.com/in/peter-johansson-285247,Peter Johansson,Peter,Johansson,"Vice President, Marketing and Strategy",3,BE,-,https://www.linkedin.com/company/american-standard,American Standard Brands,us_wide_A_vertical,US
https://www.linkedin.com/in/nicholas-perrault-48b95723,Nicholas Perrault,Nicholas,Perrault,Director of Marketing And Product Management,3,US,2025-06-01,https://www.linkedin.com/company/ameristar-fence-products,"Ameristar Perimeter Security USA Inc., an ASSA ABLOY Group brand",us_wide_B_othertag,US
https://www.linkedin.com/in/lisa-espinosa-mba-3b12092,"Lisa Espinosa, MBA",Lisa,"Espinosa, MBA",Brand & Communications Manager,2,US,2025-05-01,https://www.linkedin.com/company/ameristar-fence-products,"Ameristar Perimeter Security USA Inc., an ASSA ABLOY Group brand",us_wide_B_othertag,US
https://www.linkedin.com/in/john-st-john-4952b72b,John St. John,John,St. John,Director of Sales & Marketing,3,US,1997-01-01,https://www.linkedin.com/company/amesbury-group,Amesbury (a subsidiary of Tyman PLC),us_wide_B_othertag,US
https://www.linkedin.com/in/john-stjohn-6a041212,John StJohn,John,StJohn,Director of Sales & Marketing,3,US,-,https://www.linkedin.com/company/amesbury-group,Amesbury (a subsidiary of Tyman PLC),us_wide_B_othertag,US
https://www.linkedin.com/in/heatherheggeness,Heather Heggeness,Heather,Heggeness,"Director, Sales and Marketing",3,US,2025-02-01,https://www.linkedin.com/company/ametekinterconnect,AMETEK Engineered Interconnect and Packaging,us_wide_A_vertical,US
https://www.linkedin.com/in/tim-mccoy,Tim McCoy,Tim,McCoy,Division Vice President of Sales & Marketing,3,US,2016-11-01,https://www.linkedin.com/company/ametekinterconnect,AMETEK Engineered Interconnect and Packaging,us_wide_A_vertical,US
https://www.linkedin.com/in/marccoudeyre,"Marc Coudeyre, MBA, CSPO (Agile)",Marc,"Coudeyre, MBA, CSPO (Agile)",Senior Marketing Communications Manager,2,US,2022-10-01,https://www.linkedin.com/company/mocon,AMETEK MOCON,us_wide_A_vertical,US
https://www.linkedin.com/in/corylippert,Cory Lippert,Cory,Lippert,Director of Marketing,3,US,2024-12-01,https://www.linkedin.com/company/ametek-pds,AMETEK PDS,us_wide_A_vertical,US
https://www.linkedin.com/in/glenn-kidd-53272b20,Glenn Kidd,Glenn,Kidd,VP Sales & Marketing,3,US,2022-04-01,https://www.linkedin.com/company/ametek-pds,AMETEK PDS,us_wide_A_vertical,US
https://www.linkedin.com/in/matthewlappen,Matthew Lappen,Matthew,Lappen,Director of Sales and Marketing,3,US,-,https://www.linkedin.com/company/ametekspecialtymetalproducts,AMETEK Specialty Metal Products,us_wide_B_othertag,US
https://www.linkedin.com/in/patrickjohnsonfinetubes,Patrick Johnson,Patrick,Johnson,Marketing Communications Manager,2,GB,2023-10-01,https://www.linkedin.com/company/ametekspecialtymetalproducts,AMETEK Specialty Metal Products,us_wide_B_othertag,US
https://www.linkedin.com/in/dboxey,Diana Boxey,Diana,Boxey,Vice President Global Marketing,3,US,2025-09-01,https://www.linkedin.com/company/amf-bakery-systems,AMF Bakery Systems,us_wide_B_othertag,US
https://www.linkedin.com/in/james-l-gore-jr-851bbb65,"James L. Gore, Jr.",James L.,"Gore, Jr.","Director, Sales and Marketing",3,US,1986-01-01,https://www.linkedin.com/company/amf-bakery-systems,AMF Bakery Systems,us_wide_B_othertag,US
https://www.linkedin.com/in/stephen-steve-levet-cma-60897811,"Stephen (Steve) Levet, CMA",Stephen (Steve),"Levet, CMA",Senior Director Sales & Marketing / Compliance,3,US,2003-12-01,https://www.linkedin.com/company/ami-metals,"AMI Metals, Inc.",us_wide_B_othertag,US
https://www.linkedin.com/in/david-most-a931955,David Most,David,Most,Vice President of Sales and Marketing,3,US,2023-05-01,https://www.linkedin.com/company/amos-industries-inc-,"Amos Industries, Inc.",us_wide_A_vertical,US
https://www.linkedin.com/in/cjcappello,Chris Cappello,Chris,Cappello,"Director, Marketing Communications",2,US,2013-01-01,https://www.linkedin.com/company/amphenol-aerospace,Amphenol Aerospace,us_wide_B_othertag,US
https://www.linkedin.com/in/ben-tomaino-2a68b1b6,Ben Tomaino,Ben,Tomaino,Director of Marketing,3,US,2023-06-01,https://www.linkedin.com/company/amphenol-aerospace,Amphenol Aerospace,us_wide_B_othertag,US
https://www.linkedin.com/in/kyle-christoffersen-a05998a1,Kyle Christoffersen,Kyle,Christoffersen,Director of Marketing,3,US,-,https://www.linkedin.com/company/amphenol-aerospace,Amphenol Aerospace,us_wide_B_othertag,US
https://www.linkedin.com/in/kyle-klinger-70821114,Kyle Klinger,Kyle,Klinger,Director of Product Marketing,3,US,2023-11-01,https://www.linkedin.com/company/amphenol-cs,Amphenol Communications Solutions,us_wide_B_othertag,US
https://www.linkedin.com/in/michael-aneiros-4b3522,Michael Aneiros,Michael,Aneiros,Director of Marketing And Business Development,3,US,-,https://www.linkedin.com/company/amphenol-alden-products,Amphenol Alden,us_wide_B_othertag,US
https://www.linkedin.com/in/alycia-washington-975241174,Alycia Washington,Alycia,Washington,Marketing Communications Manager,2,US,2023-01-01,https://www.linkedin.com/company/amphenol-alden-products,Amphenol Alden,us_wide_B_othertag,US
https://www.linkedin.com/in/quentin-abraham-9821ba14,Quentin Abraham,Quentin,Abraham,Director of Marketing,3,US,2024-04-01,https://www.linkedin.com/company/amphenol-pcd,Amphenol PCD,us_wide_B_othertag,US
https://www.linkedin.com/in/wayne-spence-291a1314,Wayne Spence,Wayne,Spence,Director of Sales & Marketing,3,US,2016-08-01,https://www.linkedin.com/company/amphenol-sine-systems,Amphenol Sine Systems,us_wide_A_vertical,US
https://www.linkedin.com/in/lindsaysperling,Lindsay Sperling,Lindsay,Sperling,Manager of Marketing Communications,2,US,2026-03-01,https://www.linkedin.com/company/amphenol-rf,Amphenol RF,us_wide_B_othertag,US
https://www.linkedin.com/in/gillesrizzo,Gilles Rizzo,Gilles,Rizzo,Vice President Global Marketing,3,FR,2011-01-01,https://www.linkedin.com/company/amphenol-cs,Amphenol Communications Solutions,us_wide_B_othertag,US
https://www.linkedin.com/in/greg-walz-634481,Greg Walz,Greg,Walz,Director of Product Marketing,3,US,2023-11-01,https://www.linkedin.com/company/amphenol-tcs,Amphenol TCS,us_wide_B_othertag,US
https://www.linkedin.com/in/tomsenkevich,Tom Senkevich,Tom,Senkevich,Director of Marketing and Digital Commerce,3,US,2023-12-01,https://www.linkedin.com/company/tpc-wire-&-cable,Amphenol TPC Wire & Cable,us_wide_B_othertag,US
https://www.linkedin.com/in/tammy-lyons-94369514,Tammy Lyons,Tammy,Lyons,Director of Sales & Marketing,3,US,2024-09-01,https://www.linkedin.com/company/unlimited-services,Amphenol Unlimited Services,us_wide_B_othertag,US
https://www.linkedin.com/in/mike-serdar-58753373,Mike Serdar,Mike,Serdar,Director of Marketing & Communications,2,US,-,https://www.linkedin.com/company/amsindustries-inc,"AMS Industries, Inc.",us_wide_A_vertical,US
https://www.linkedin.com/in/jarod-triplett-47783415,Jarod Triplett,Jarod,Triplett,"Vice President, Sales and Marketing",3,US,2021-01-01,https://www.linkedin.com/company/amsafe-aviation,AmSafe Aviation,us_wide_B_othertag,US
https://www.linkedin.com/in/steven-boyd-89609813,Steven Boyd,Steven,Boyd,Director Sales And Marketing,3,US,-,https://www.linkedin.com/company/amsafe-aviation,AmSafe Aviation,us_wide_B_othertag,US
https://www.linkedin.com/in/john-cooper-91661213,John Cooper,John,Cooper,Senior VP Sales & Marketing,3,US,2010-05-01,https://www.linkedin.com/company/amtrolinc,Amtrol,us_wide_A_vertical,US
https://www.linkedin.com/in/rebeccajspillman,Rebecca Spillman,Rebecca,Spillman,"Director, Agent Services and Marketing",3,US,2025-08-01,https://www.linkedin.com/company/amynta-group,Amynta Group,us_wide_A_vertical,US
https://www.linkedin.com/in/jacob-a-ward,"Jacob Ward, MPA",Jacob,"Ward, MPA",Vice President of Sales & Marketing,3,US,2025-10-01,https://www.linkedin.com/company/anchor-industries-inc.,"Anchor Industries, Inc.",us_wide_B_othertag,US
https://www.linkedin.com/in/john-n-young,John Young,John,Young,Director of Sales and Marketing,3,US,2024-01-01,https://www.linkedin.com/company/ancra-aircraft,Ancra International - Aircraft Division,us_wide_A_vertical,US
https://www.linkedin.com/in/richard-daniels-81a2512,Richard Daniels,Richard,Daniels,"EVP, Marketing & Custom",3,US,2021-01-01,https://www.linkedin.com/company/anchor-packaging,Anchor Packaging,us_wide_A_vertical,US
https://www.linkedin.com/in/resca,Peter Resca,Peter,Resca,Director of Product Management and Marketing,3,US,2025-01-01,https://www.linkedin.com/company/anderson-power-products,Anderson Power,us_wide_A_vertical,US
https://www.linkedin.com/in/anantaggarwal,Anant Aggarwal,Anant,Aggarwal,Global Head of Product & Marketing,3,US,2025-08-01,https://www.linkedin.com/company/anderson-negele,Anderson-Negele,us_wide_B_othertag,US
https://www.linkedin.com/in/markus-hofstetter-999428142,Markus Hofstetter,Markus,Hofstetter,Marketing Communication Manager,2,DE,2018-06-01,https://www.linkedin.com/company/anderson-negele,Anderson-Negele,us_wide_B_othertag,US
https://www.linkedin.com/in/william-wilson-36b478162,William Wilson,William,Wilson,VP Marketing,3,US,-,https://www.linkedin.com/company/anderson-negele,Anderson-Negele,us_wide_B_othertag,US
https://www.linkedin.com/in/ellenturner,Ellen Turner,Ellen,Turner,Director of Marketing And Business Development,3,US,2023-08-01,https://www.linkedin.com/company/andronaco-industries,Andronaco Industries,us_wide_A_vertical,US
https://www.linkedin.com/in/tammy-trivette-a5ab5813,Tammy Trivette,Tammy,Trivette,Vice President of Marketing,3,US,2023-02-01,https://www.linkedin.com/company/andronaco-industries,Andronaco Industries,us_wide_A_vertical,US
https://www.linkedin.com/in/bob-varela-94022a178,Bob Varela,Bob,Varela,Regional Director of Sales And Marketing,3,US,-,https://www.linkedin.com/company/andronaco-industries,Andronaco Industries,us_wide_A_vertical,US
https://www.linkedin.com/in/jenniferhaddow,Jennifer Haddow,Jennifer,Haddow,Senior Vice President Marketing,3,US,2024-06-01,https://www.linkedin.com/company/apco-holdings-inc.,"APCO Holdings, LLC",us_wide_B_othertag,US
https://www.linkedin.com/in/keithapalmer,Keith Palmer,Keith,Palmer,Director of Digital Marketing,3,US,2024-09-01,https://www.linkedin.com/company/apco-holdings-inc.,"APCO Holdings, LLC",us_wide_B_othertag,US
https://www.linkedin.com/in/famousrhodes,Famous Rhodes,Famous,Rhodes,Chief Marketing Officer,3,US,2024-01-01,https://www.linkedin.com/company/apex-service-partners,Apex Service Partners,us_wide_A_vertical,US
https://www.linkedin.com/in/mirandawood808,"Miranda Opiela, MBA",Miranda,"Opiela, MBA",Head of Marketing - Apex Atlantic South,3,US,2023-10-01,https://www.linkedin.com/company/apex-service-partners,Apex Service Partners,us_wide_A_vertical,US
https://www.linkedin.com/in/aj-rooney,A.J. Rooney,A.J.,Rooney,SVP of Partnership Development (M&A),1,US,2025-01-01,https://www.linkedin.com/company/apex-service-partners,Apex Service Partners,us_wide_A_vertical,US
https://www.linkedin.com/in/dannybowen1,Danny Bowen,Danny,Bowen,SVP Digital Marketing,3,US,2025-11-01,https://www.linkedin.com/company/apex-service-partners,Apex Service Partners,us_wide_A_vertical,US
https://www.linkedin.com/in/chrismellon,Christopher Mellon,Christopher,Mellon,Vice President Head of National Marketing Services,3,US,2023-08-01,https://www.linkedin.com/company/apex-service-partners,Apex Service Partners,us_wide_A_vertical,US
https://www.linkedin.com/in/christinelaczai,Christine Laczai,Christine,Laczai,"Director of Marketing, Midwest",3,US,2025-11-01,https://www.linkedin.com/company/apex-service-partners,Apex Service Partners,us_wide_A_vertical,US
https://www.linkedin.com/in/sam-fedewa-535a593,Sam Fedewa,Sam,Fedewa,Sr Director Channel Marketing,1,US,2025-09-01,https://www.linkedin.com/company/apex-tool-group-llc,"Apex Tool Group, LLC",us_wide_B_othertag,US
https://www.linkedin.com/in/lisastickley,Lisa Stickley,Lisa,Stickley,"Sr. Manager, Global Marketing Communications - CLECO | APEX Brands",2,US,2024-10-01,https://www.linkedin.com/company/apex-tool-group-llc,"Apex Tool Group, LLC",us_wide_B_othertag,US
https://www.linkedin.com/in/jarrett-g-wolf,Jarrett Wolf,Jarrett,Wolf,Director of Product Marketing & Innovation - GEARWRENCH,3,US,2025-06-01,https://www.linkedin.com/company/apex-tool-group-llc,"Apex Tool Group, LLC",us_wide_B_othertag,US
https://www.linkedin.com/in/richmathews,Rich Mathews,Rich,Mathews,Chief Marketing Officer,3,US,2022-01-01,https://www.linkedin.com/company/apex-tool-group-llc,"Apex Tool Group, LLC",us_wide_B_othertag,US
https://www.linkedin.com/in/bill-fuchs-b404b15,Bill Fuchs,Bill,Fuchs,Senior Director of Marketing - GEARWRENCH,3,US,2025-06-01,https://www.linkedin.com/company/apex-tool-group-llc,"Apex Tool Group, LLC",us_wide_B_othertag,US
https://www.linkedin.com/in/clifford-walker-95415168,Clifford Walker,Clifford,Walker,"Vice President, Marketing Operations",3,US,2026-06-01,https://www.linkedin.com/company/apex-service-partners,Apex Service Partners,us_wide_A_vertical,US
https://www.linkedin.com/in/jacob-w-520a79b4,Jacob W.,Jacob,W.,"Corporate Development, Head of New Partnerships",1,US,2020-07-01,https://www.linkedin.com/company/apex-service-partners,Apex Service Partners,us_wide_A_vertical,US
https://www.linkedin.com/in/maria-broadway-682a4223,Maria Broadway,Maria,Broadway,Global Marketing Communications Manager,2,US,2026-07-01,https://www.linkedin.com/company/apex-tool-group-llc,"Apex Tool Group, LLC",us_wide_B_othertag,US
https://www.linkedin.com/in/lucinda-rinzel-74257653,Lucinda Rinzel,Lucinda,Rinzel,Senior Director of Marketing - GEARWRENCH & Crescent Tools,3,US,2025-09-01,https://www.linkedin.com/company/apex-tool-group-llc,"Apex Tool Group, LLC",us_wide_B_othertag,US
https://www.linkedin.com/in/jacob-oehler-33bb55130,Jacob Oehler,Jacob,Oehler,Channel Marketing Manager,1,US,2023-07-01,https://www.linkedin.com/company/apex-tool-group-llc,"Apex Tool Group, LLC",us_wide_B_othertag,US
https://www.linkedin.com/in/khnola,Kyle Herndon,Kyle,Herndon,"Manager, Network and Telecom Infrastructure",1,US,2022-09-01,https://www.linkedin.com/company/apex-tool-group-llc,"Apex Tool Group, LLC",us_wide_B_othertag,US
https://www.linkedin.com/in/katedurante,Kate D.,Kate,D.,Senior Channel Marketing Manager,1,US,2024-07-01,https://www.linkedin.com/company/apex-tool-group-llc,"Apex Tool Group, LLC",us_wide_B_othertag,US
https://www.linkedin.com/in/silas-robertson-87a4801,Silas Robertson,Silas,Robertson,SVP Sales and Marketing,3,US,2022-01-01,https://www.linkedin.com/company/applied-industrial-automation,Applied Automation,us_wide_B_othertag,US
https://www.linkedin.com/in/rachel-miller-short-2698a6a,Rachel Miller-Short,Rachel,Miller-Short,VP Sales and Marketing,3,US,2025-03-01,https://www.linkedin.com/company/applied-control-equipment,Applied Control,us_wide_A_vertical,US
https://www.linkedin.com/in/natalie-o%e2%80%99connor-961797173,Natalie O’Connor,Natalie,O’Connor,Learning and Development Partner,1,US,2024-06-01,https://www.linkedin.com/company/applied-control-equipment,Applied Control,us_wide_A_vertical,US
https://www.linkedin.com/in/johnny-wenzel,Johnny Wenzel,Johnny,Wenzel,Head of Paid Digital Marketing,3,US,2026-04-01,https://www.linkedin.com/company/apex-service-partners,Apex Service Partners,us_wide_A_vertical,US
https://www.linkedin.com/in/patrick-alford-0227a0150,Patrick Alford,Patrick,Alford,Channel Marketing Manager,1,US,2025-03-01,https://www.linkedin.com/company/apex-tool-group-llc,"Apex Tool Group, LLC",us_wide_B_othertag,US
https://www.linkedin.com/in/caroline-wilkerson-76b4668b,Caroline Wilkerson,Caroline,Wilkerson,Channel Marketing Manager,1,US,2024-08-01,https://www.linkedin.com/company/apex-tool-group-llc,"Apex Tool Group, LLC",us_wide_B_othertag,US
https://www.linkedin.com/in/kevinckeller,Kevin Keller,Kevin,Keller,VP Sales and Marketing,3,US,2011-07-01,https://www.linkedin.com/company/apex-tool-group-llc,"Apex Tool Group, LLC",us_wide_B_othertag,US
https://www.linkedin.com/in/jisselly-lemus-3a728820,Jisselly Lemus,Jisselly,Lemus,"Senior Manager Channel and Brand, Weller Tools",1,US,2025-11-01,https://www.linkedin.com/company/apex-tool-group-llc,"Apex Tool Group, LLC",us_wide_B_othertag,US
https://www.linkedin.com/in/colemeyers,Cole Meyers,Cole,Meyers,Channel Marketing Manager,1,US,2024-06-01,https://www.linkedin.com/company/apex-tool-group-llc,"Apex Tool Group, LLC",us_wide_B_othertag,US
https://www.linkedin.com/in/tiffany-miller-cscp-a0472368,"Tiffany Miller, CSCP",Tiffany,"Miller, CSCP",Senior Channel Marketing Manager,1,US,-,https://www.linkedin.com/company/apex-tool-group-llc,"Apex Tool Group, LLC",us_wide_B_othertag,US
https://www.linkedin.com/in/dmperry,Dave Perry,Dave,Perry,Head of Marketing,3,US,2026-03-01,https://www.linkedin.com/company/apptronik-inc.,Apptronik,us_wide_A_vertical,US
https://www.linkedin.com/in/davidklin,David Lin,David,Lin,Director of Product Marketing,3,US,2024-01-01,https://www.linkedin.com/company/apptronik-inc.,Apptronik,us_wide_A_vertical,US
https://www.linkedin.com/in/davidjcarlson,David Carlson,David,Carlson,Sr. Director of Marketing,3,US,2016-12-01,https://www.linkedin.com/company/aprilaire,AprilAire,us_wide_A_vertical,US
https://www.linkedin.com/in/lisa-reihl-20562a3,Lisa Reihl,Lisa,Reihl,"Director, Strategic Marketing at Aprilaire, a division of Research Products Corporation",3,US,2020-11-01,https://www.linkedin.com/company/aprilaire,AprilAire,us_wide_A_vertical,US
https://www.linkedin.com/in/nick-kruse-9923114,Nick Kruse,Nick,Kruse,Senior Vice President of Sales & Marketing,3,US,2025-10-01,https://www.linkedin.com/company/aprilaire,AprilAire,us_wide_A_vertical,US
https://www.linkedin.com/in/levi-scullion-66432013,Levi Scullion,Levi,Scullion,M&A Marketing Manager – Partnership Development,1,US,2025-11-01,https://www.linkedin.com/company/apex-service-partners,Apex Service Partners,us_wide_A_vertical,US
https://www.linkedin.com/in/tricia-dozier-03058b8,Tricia Dozier,Tricia,Dozier,"Director, Strategic Marketing, Global Communications and Market Intelligence",3,US,2025-03-01,https://www.linkedin.com/company/aptar-csp-technologies,Aptar CSP Technologies,us_wide_A_vertical,US
https://www.linkedin.com/in/lian-zhang-16b92b37,Lian Zhang,Lian,Zhang,Branding&Marcom Manager,2,US,2016-09-01,https://www.linkedin.com/company/apex-tool-group-llc,"Apex Tool Group, LLC",us_wide_B_othertag,US
https://www.linkedin.com/in/beth-harrison-meyer,Beth Harrison Meyer,Beth,Harrison Meyer,"SVP, Global Marketing",3,US,2024-02-01,https://www.linkedin.com/company/aptyx,Aptyx,us_wide_B_othertag,US
https://www.linkedin.com/in/tony-new-a68b2011,Tony New,Tony,New,Business Development Manager - National Distribution,1,US,2003-02-01,https://www.linkedin.com/company/aprilaire,AprilAire,us_wide_A_vertical,US
https://www.linkedin.com/in/amber-t-659903233,Amber T.,Amber,T.,Channel Marketing Manager - eCom & DIY,1,US,2025-02-01,https://www.linkedin.com/company/aprilaire,AprilAire,us_wide_A_vertical,US
https://www.linkedin.com/in/anthony-stefanik-60a4789a,Anthony Stefanik,Anthony,Stefanik,Director of Sales and Marketing,3,US,2026-01-01,https://www.linkedin.com/company/aquestia-usa,Aquestia USA,us_wide_A_vertical,US
https://www.linkedin.com/in/blake-kelso-21273b1,Blake Kelso,Blake,Kelso,Sr VP of Marketing and Sales,3,US,2010-12-01,https://www.linkedin.com/company/aquestia-usa,Aquestia USA,us_wide_A_vertical,US
https://www.linkedin.com/in/cain-reecer-0b4405177,Cain Reecer,Cain,Reecer,Regional Network Manager,1,US,2022-02-01,https://www.linkedin.com/company/applied-technical-services-llc,"Applied Technical Services, LLC",us_wide_B_othertag,US
https://www.linkedin.com/in/ashleykaratsonyi,Ashley Clark,Ashley,Clark,Head of Marketing,3,US,2024-11-01,https://www.linkedin.com/company/arc-boat-company,Arc,us_wide_B_othertag,US
https://www.linkedin.com/in/michael-vivian-b2810824,Michael Vivian,Michael,Vivian,VP of Sales Marketing,3,US,1983-10-01,https://www.linkedin.com/company/arch-global-precision,ARCH,us_wide_B_othertag,US
https://www.linkedin.com/in/briangump,Brian Gump,Brian,Gump,Vice President of Marketing,3,US,2026-03-01,https://www.linkedin.com/company/flyarcher,Archer,us_wide_B_othertag,US
https://www.linkedin.com/in/tanjagajic,Tanja Gajic,Tanja,Gajic,"Director, Partnership Marketing",1,US,2025-10-01,https://www.linkedin.com/company/flyarcher,Archer,us_wide_B_othertag,US
https://www.linkedin.com/in/miles-rogers-5629a0139,Miles Rogers,Miles,Rogers,Chief Marketing Officer,3,US,2025-01-01,https://www.linkedin.com/company/flyarcher,Archer,us_wide_B_othertag,US
https://www.linkedin.com/in/james-perrin-1053ba2,James Perrin,James,Perrin,"Director - Global Marketing & Customer Service, Extrusions",3,US,-,https://www.linkedin.com/company/arconic,Arconic,us_wide_B_othertag,US
https://www.linkedin.com/in/richard-michaelson-1798154,Richard Michaelson,Richard,Michaelson,"Director, Brand Marketing",3,US,2025-04-01,https://www.linkedin.com/company/aramsco,Aramsco,us_wide_A_vertical,US
https://www.linkedin.com/in/john-prusak-a774658,John Prusak,John,Prusak,Marketing Communications Manager,2,US,2025-10-01,https://www.linkedin.com/company/arctic-cat,Arctic Cat,us_wide_B_othertag,US
https://www.linkedin.com/in/corymaus,Cory Maus,Cory,Maus,Director of Marketing,3,US,2025-04-01,https://www.linkedin.com/company/arctic-cat,Arctic Cat,us_wide_B_othertag,US
https://www.linkedin.com/in/hwickberg,Hannah Wickberg,Hannah,Wickberg,"Associate Director, PR, Partnerships & Experiential Marketing",1,US,2023-01-01,https://www.linkedin.com/company/arhaus-furniture,Arhaus,us_wide_A_vertical,US
https://www.linkedin.com/in/gordon-erndt-7a391aa3,Gordon Erndt,Gordon,Erndt,"Director, Corporate Marketing",3,US,2026-01-01,https://www.linkedin.com/company/ariel-corporation,Ariel Corporation,us_wide_A_vertical,US
https://www.linkedin.com/in/robert-drews-9ba778129,Robert Drews,Robert,Drews,Director Marketing,3,US,1997-10-01,https://www.linkedin.com/company/ariel-corporation,Ariel Corporation,us_wide_A_vertical,US
https://www.linkedin.com/in/szymon-papaj-2095b5230,Szymon Papaj,Szymon,Papaj,Chief Marketing Officer,3,HU,-,https://www.linkedin.com/company/ariel-corporation,Ariel Corporation,us_wide_A_vertical,US
https://www.linkedin.com/in/amy-j-burton,Amy Burton,Amy,Burton,VP of Commerce and Marketing Technology,3,US,2026-01-01,https://www.linkedin.com/company/arhaus-furniture,Arhaus,us_wide_A_vertical,US
https://www.linkedin.com/in/jenna-rae-hlavna,Jenna Rae H.,Jenna Rae,H.,Associate Director - Marketing Creative Operations,3,US,2022-04-01,https://www.linkedin.com/company/arhaus-furniture,Arhaus,us_wide_A_vertical,US
https://www.linkedin.com/in/rod-alavi-retired-2bb38510,Rod Alavi - retired,Rod,Alavi - retired,"Global Vice President - Sales/Marketing, & Distribution Operations",1,US,2014-12-01,https://www.linkedin.com/company/arconic,Arconic,us_wide_B_othertag,US
https://www.linkedin.com/in/paul-smutney-aaa858b3,Paul Smutney,Paul,Smutney,"Director, Global Network Services",1,US,2025-11-01,https://www.linkedin.com/company/arconic,Arconic,us_wide_B_othertag,US
https://www.linkedin.com/in/don-ambrose-5858924,Don Ambrose,Don,Ambrose,Director of Sales & Marketing,3,US,2005-03-01,https://www.linkedin.com/company/arlington-industries-inc.,"Arlington Industries, Inc.",us_wide_A_vertical,US
https://www.linkedin.com/in/ceron-m-sims-8a45a13,Ceron M. Sims,Ceron M.,Sims,Director of Marketing,3,US,2020-08-01,https://www.linkedin.com/company/arhaus-furniture,Arhaus,us_wide_A_vertical,US
https://www.linkedin.com/in/richardmilliron,Richard Milliron,Richard,Milliron,"Global Online Director, Digital Marketing and eCommerce",3,US,2010-01-01,https://www.linkedin.com/company/armstrong-world-industries,Armstrong World Industries,us_wide_A_vertical,US
https://www.linkedin.com/in/jeff-wolfe-marketer,Jeff Wolfe,Jeff,Wolfe,Marketing Communication Manager,2,US,2021-01-01,https://www.linkedin.com/company/armstrong-world-industries,Armstrong World Industries,us_wide_A_vertical,US
https://www.linkedin.com/in/katie-raymond,Katie Raymond,Katie,Raymond,Independent Channel Marketing Manager,1,US,2010-11-01,https://www.linkedin.com/company/armstrong-world-industries,Armstrong World Industries,us_wide_A_vertical,US
https://www.linkedin.com/in/jill-crager-1a80754,Jill Crager,Jill,Crager,"Sr VP, Sales Operations and Marketing",3,US,2025-01-01,https://www.linkedin.com/company/armstrong-world-industries,Armstrong World Industries,us_wide_A_vertical,US
https://www.linkedin.com/in/frank-reuwer-3b045148,Frank Reuwer,Frank,Reuwer,"VP Marketing, Arconic Power and Propulsion",3,US,2011-03-01,https://www.linkedin.com/company/arconic,Arconic,us_wide_B_othertag,US
https://www.linkedin.com/in/charisgaines,Charis Gaines,Charis,Gaines,Director of Marketing,3,US,2016-10-01,https://www.linkedin.com/company/arnott-suspension-us,Arnott  Suspension,us_wide_A_vertical,US
https://www.linkedin.com/in/drew-kerley-4a643197,Drew Kerley,Drew,Kerley,Chief Marketing Officer,3,US,2025-07-01,https://www.linkedin.com/company/arnott-suspension-us,Arnott  Suspension,us_wide_A_vertical,US
https://www.linkedin.com/in/jeff-fogle-0ab390a9,Jeff Fogle,Jeff,Fogle,Vice President Marketing,3,US,2026-04-01,https://www.linkedin.com/company/arnott-suspension-us,Arnott  Suspension,us_wide_A_vertical,US
https://www.linkedin.com/in/justin-fantauzzi-a6548011,Justin Fantauzzi,Justin,Fantauzzi,"Vice President of Sales & Marketing, Material Handling Division",3,US,2021-02-01,https://www.linkedin.com/company/arnold-machinery-company,Arnold Machinery Company,us_wide_A_vertical,US
https://www.linkedin.com/in/benjamin-m-hamel,Benjamin Hamel,Benjamin,Hamel,Director of Sales and Marketing,3,US,2019-07-01,https://www.linkedin.com/company/arnold-machinery-company,Arnold Machinery Company,us_wide_A_vertical,US
https://www.linkedin.com/in/kellymccarville,Kelly McCarville,Kelly,McCarville,"Head of Marketing Strategy and Operations, Senior Director",3,US,2026-01-01,https://www.linkedin.com/company/armanino,Armanino,us_wide_B_othertag,US
https://www.linkedin.com/in/cindy-o-neill-49a62829,Cindy O'Neill,Cindy,O'Neill,"Manager, Marketing Communications",2,US,2018-04-01,https://www.linkedin.com/company/armstrong-world-industries,Armstrong World Industries,us_wide_A_vertical,US
https://www.linkedin.com/in/steve-sharp-b53895b,Steve Sharp,Steve,Sharp,Sr. Director of Network Implementation,1,US,2004-01-01,https://www.linkedin.com/company/arris,ARRIS,us_wide_B_othertag,US
https://www.linkedin.com/in/eric-anderson-33399a1bb,Eric Anderson,Eric,Anderson,"Manager, Network & Systems Administration",1,US,-,https://www.linkedin.com/company/armstrong-world-industries,Armstrong World Industries,us_wide_A_vertical,US
https://www.linkedin.com/in/j-ethan-jewell,J. Ethan Jewell,J. Ethan,Jewell,Director of Sales and Marketing,3,US,2022-12-01,https://www.linkedin.com/company/asc-process-systems,ASC Process Systems,us_wide_B_othertag,US
https://www.linkedin.com/in/jon-linstruth-3a66ba11,Jon Linstruth,Jon,Linstruth,"Vice President - Sales, Marketing & Programs",3,US,2018-03-01,https://www.linkedin.com/company/asco-equipment,ASCO Equipment,us_wide_A_vertical,US
https://www.linkedin.com/in/larry-grodsky-b85977146,Larry Grodsky,Larry,Grodsky,"Director, Marketing",3,US,2016-06-01,https://www.linkedin.com/company/ascopowertechnologies,ASCO Power Technologies,us_wide_A_vertical,US
https://www.linkedin.com/in/johantillbroer,Johan-Till Broer,Johan-Till,Broer,Director of Product Marketing,3,US,2025-09-01,https://www.linkedin.com/company/goassetwatch,AssetWatch®,us_wide_B_othertag,US
https://www.linkedin.com/in/stephanie-schaffer-1503488,Stephanie Schaffer,Stephanie,Schaffer,VP of Marketing,3,US,2022-09-01,https://www.linkedin.com/company/goassetwatch,AssetWatch®,us_wide_B_othertag,US
https://www.linkedin.com/in/debbietworek,Debbie Tworek,Debbie,Tworek,"Corporate Manager, Marketing & Communications",2,US,2021-02-01,https://www.linkedin.com/company/associated-2,Associated,us_wide_A_vertical,US
https://www.linkedin.com/in/jay-hinton-369546112,Jay Hinton,Jay,Hinton,Director of Marketing,3,US,2024-10-01,https://www.linkedin.com/company/associated-packaging,"Associated Packaging, Inc.",us_wide_B_othertag,US
https://www.linkedin.com/in/mary-c-8834178,Mary C.,Mary,C.,Director of Marketing & Communications,2,US,2017-01-01,https://www.linkedin.com/company/astro-pak,Astro Pak,us_wide_B_othertag,US
https://www.linkedin.com/in/mike-langguth-47042734,Mike Langguth,Mike,Langguth,Vice President of Sales & Marketing,3,US,2026-01-01,https://www.linkedin.com/company/astro-shapes,Astro Shapes LLC,us_wide_B_othertag,US
https://www.linkedin.com/in/dan-canton-73188756,Dan Canton,Dan,Canton,Systems Network / Support Manager,1,US,2025-08-01,https://www.linkedin.com/company/astro-shapes,Astro Shapes LLC,us_wide_B_othertag,US
https://www.linkedin.com/in/kellyatkinson,Kelly Atkinson,Kelly,Atkinson,Vice President of Marketing (Power),3,US,2018-05-01,https://www.linkedin.com/company/astrodyne,Astrodyne TDI,us_wide_B_othertag,US
https://www.linkedin.com/in/deankadiric,Dean K.,Dean,K.,Infrastructure & Network Manager,1,US,2026-03-01,https://www.linkedin.com/company/astrodyne,Astrodyne TDI,us_wide_B_othertag,US
https://www.linkedin.com/in/lou-debartelo-256745a,Lou Debartelo,Lou,Debartelo,VP Global Sales & Marketing,3,US,-,https://www.linkedin.com/company/tdi-power,Astrodyne TDI,us_wide_B_othertag,US
https://www.linkedin.com/in/heather-maguire-239112a,Heather Maguire,Heather,Maguire,Marketing Communications Manager,2,US,-,https://www.linkedin.com/company/tdi-power,Astrodyne TDI,us_wide_B_othertag,US
https://www.linkedin.com/in/heather-maguire-541643a,heather maguire,heather,maguire,Marketing Communications Manager,2,US,-,https://www.linkedin.com/company/tdi-power,Astrodyne TDI,us_wide_B_othertag,US
https://www.linkedin.com/in/elizabethflattery,Elizabeth Flattery Cortés,Elizabeth,Flattery Cortés,Marketing Communications Manager,2,US,2017-07-01,https://www.linkedin.com/company/astronics-test-systems,Astronics Test Systems,us_wide_B_othertag,US
https://www.linkedin.com/in/dale-davis-227933191,Dale Davis,Dale,Davis,Director of Marketing and Inside Sales,3,US,2023-05-01,https://www.linkedin.com/company/atc-trailers,ATC Trailers,us_wide_A_vertical,US
https://www.linkedin.com/in/patrick-howell-a2a56b,Patrick Howell,Patrick,Howell,"Senior Director, Sales and Marketing",3,US,2020-12-01,https://www.linkedin.com/company/atimaterials,ATI,us_wide_B_othertag,US
https://www.linkedin.com/in/v-charles-cottitta-872771,V. Charles Cottitta,V. Charles,Cottitta,Director Business Development/ Marketing,3,US,2007-09-01,https://www.linkedin.com/company/atlantic-detroit-diesel-allison,Atlantic Detroit Diesel Allison,us_wide_B_othertag,US
https://www.linkedin.com/in/chris-gaulin-1ab14665,Chris Gaulin,Chris,Gaulin,Vice President Sales & Marketing,3,US,2025-09-01,https://www.linkedin.com/company/atlanticsintered,Atlantic Sintered,us_wide_A_vertical,US
https://www.linkedin.com/in/gary-martin-96621b2a,Gary Martin,Gary,Martin,"Director, Sales and Marketing",3,US,2024-01-01,https://www.linkedin.com/company/atimaterials,ATI,us_wide_B_othertag,US
https://www.linkedin.com/in/jeff-klingerman-53272511,Jeff Klingerman,Jeff,Klingerman,"Vice President, Sales, Marketing, and Business Development",3,US,2024-05-01,https://www.linkedin.com/company/atimaterials,ATI,us_wide_B_othertag,US
https://www.linkedin.com/in/danielle-carlini-275aa7115,Danielle Carlini,Danielle,Carlini,Vice President Sales Marketing,3,US,2024-07-01,https://www.linkedin.com/company/atimaterials,ATI,us_wide_B_othertag,US
https://www.linkedin.com/in/brian-edwards-83496233,Brian Edwards,Brian,Edwards,"Sr. Director, Sales and Marketing",3,US,2020-01-01,https://www.linkedin.com/company/atimaterials,ATI,us_wide_B_othertag,US
https://www.linkedin.com/in/mike-chandler-72062a13,Mike Chandler,Mike,Chandler,Director of Product Marketing,3,US,-,https://www.linkedin.com/company/atimaterials,ATI,us_wide_B_othertag,US
https://www.linkedin.com/in/cworsech,Camille Worsech,Camille,Worsech,Head of Operations and Marketing for Future Foods,3,US,2025-10-01,https://www.linkedin.com/company/atomsco,Atoms,us_wide_B_othertag,US
https://www.linkedin.com/in/micah-jenkins-993b983b,Micah Jenkins,Micah,Jenkins,Vice President of Sales and Marketing,3,US,2026-05-01,https://www.linkedin.com/company/attach-acquisition-holdco,"Attach Acquisition HoldCo, LLC (Attachco)",us_wide_A_vertical,US
https://www.linkedin.com/in/neilparkertx,Neil Parker,Neil,Parker,Director Channel Marketing,1,US,2025-10-01,https://www.linkedin.com/company/atw1,ATW,us_wide_A_vertical,US
https://www.linkedin.com/in/scott-sittler-5697aa9,Scott Sittler,Scott,Sittler,Sr Director Brand Marketing - ATW Trailer Division,3,US,2025-01-01,https://www.linkedin.com/company/atw1,ATW,us_wide_A_vertical,US
https://www.linkedin.com/in/marc-andre-dubois-a2139144,Marc-Andre Dubois,Marc-Andre,Dubois,Senior Vice President Marketing,3,US,2023-01-01,https://www.linkedin.com/company/atw1,ATW,us_wide_A_vertical,US
https://www.linkedin.com/in/mark-sawicki-165238b,Mark Sawicki,Mark,Sawicki,Sr. Director of Product Management and Channel Marketing,1,US,2025-05-01,https://www.linkedin.com/company/atw1,ATW,us_wide_A_vertical,US
https://www.linkedin.com/in/scott-hausman,Scott Hausman,Scott,Hausman,Director of Sales and Marketing,3,US,2021-01-01,https://www.linkedin.com/company/autocrane,Auto Crane,us_wide_A_vertical,US
https://www.linkedin.com/in/alicedisanto,Alice DiSanto,Alice,DiSanto,Vice President Marketing,3,US,2025-03-01,https://www.linkedin.com/company/autonomous-solutions,"Autonomous Solutions, Inc. (ASI)",us_wide_A_vertical,US
https://www.linkedin.com/in/verlinstapleton,Verlin Stapleton,Verlin,Stapleton,Vice President Sales & Marketing,3,US,2025-12-01,https://www.linkedin.com/company/autosplice,"Autosplice, Inc.",us_wide_B_othertag,US
https://www.linkedin.com/in/lorena-cabrales,Lorena Cabrales,Lorena,Cabrales,Head of Marketing and Employer Branding,3,US,2024-04-01,https://www.linkedin.com/company/avanzar-interior-technologies-ltd,"AVANZAR INTERIOR TECHNOLOGIES, LTD",us_wide_B_othertag,US
https://www.linkedin.com/in/bruce-maynard-07b51524,Bruce Maynard,Bruce,Maynard,Vice President Business Development and Marketing,3,US,2020-10-01,https://www.linkedin.com/company/avantus-aerospace,Avantus Aerospace,us_wide_B_othertag,US
https://www.linkedin.com/in/terry-scott-82146911,Terry Scott,Terry,Scott,Sr. VP Sales & Marketing Engines,3,US,-,https://www.linkedin.com/company/aviall,"Aviall, A Boeing Company",us_wide_B_othertag,US
https://www.linkedin.com/in/elijah-d-5331803,Elijah D.,Elijah,D.,Vice President Sales & Marketing,3,US,2025-03-01,https://www.linkedin.com/company/avionic-instruments,Avionic Instruments,us_wide_B_othertag,US
https://www.linkedin.com/in/victor-mesny-92722912,Victor Mesny,Victor,Mesny,Vice President of Sales and Marketing,3,US,2024-05-01,https://www.linkedin.com/company/avtechtyee,AvtechTyee,us_wide_A_vertical,US
https://www.linkedin.com/in/mark-sindone-5961b62,Mark Sindone,Mark,Sindone,Senior Vice President Sales & Marketing,3,US,2026-01-01,https://www.linkedin.com/company/axioaero-group,AxioAero Group,us_wide_B_othertag,US
https://www.linkedin.com/in/rebeccasalinas14,Rebecca Salinas,Rebecca,Salinas,"Director, Brand & Marketing Strategy",3,US,2025-03-01,https://www.linkedin.com/company/axiom-space,Axiom Space,us_wide_B_othertag,US
https://www.linkedin.com/in/gabor-b-magyari-amraes,Gabor B. Magyari AMRAeS,Gabor B.,Magyari AMRAeS,Business Development and Strategic Partnership Lead,1,HU,2026-03-01,https://www.linkedin.com/company/axiom-space,Axiom Space,us_wide_B_othertag,US
https://www.linkedin.com/in/oketammik,Oke Tammik,Oke,Tammik,VP of Marketing,3,US,2025-11-01,https://www.linkedin.com/company/axiometrix-solutions,Axiometrix Solutions,us_wide_B_othertag,US
https://www.linkedin.com/in/paulsebastianmelendez,Paul Sebastian,Paul,Sebastian,Vice President of Marketing,3,US,2022-07-01,https://www.linkedin.com/company/axis-portable-air,Axis Portable Air,us_wide_A_vertical,US
https://www.linkedin.com/in/mike-miller-901,Mike Miller,Mike,Miller,Director of Sales & Marketing,3,US,2024-04-01,https://www.linkedin.com/company/azo-inc.,"AZO, Inc.",us_wide_A_vertical,US
https://www.linkedin.com/in/jarod-johnson-62393010,Jarod Johnson,Jarod,Johnson,Network Architect Manager,1,US,2022-02-01,https://www.linkedin.com/company/axiom-space,Axiom Space,us_wide_B_othertag,US
https://www.linkedin.com/in/katie-sandoval-682025a7,Katie Sandoval,Katie,Sandoval,Marketing & Communications Manager,2,US,2023-01-01,https://www.linkedin.com/company/b&d-industries,"B&D Industries, Inc.",us_wide_A_vertical,US
https://www.linkedin.com/in/karen-dugas-003a3057,Karen Dugas,Karen,Dugas,Director of Marketing,3,US,2023-11-01,https://www.linkedin.com/company/b-&-i-contractors-inc-,B&I Contractors Inc.,us_wide_A_vertical,US
https://www.linkedin.com/in/robert-lytkowski-a9b17129,Robert Lytkowski,Robert,Lytkowski,Vice President of Sales and Marketing,3,US,2007-01-01,https://www.linkedin.com/company/b&p-littleford,B&P Littleford,us_wide_B_othertag,US
https://www.linkedin.com/in/mark-vaughan-786237b,Mark Vaughan,Mark,Vaughan,VP Sales & Marketing,3,US,2009-03-01,https://www.linkedin.com/company/be-aerospace,B/E Aerospace,us_wide_B_othertag,US
https://www.linkedin.com/in/ray-hough-4980972,Ray Hough,Ray,Hough,"Director of Sales & Marketing, Cabin Interior Structures",3,GB,2001-01-01,https://www.linkedin.com/company/be-aerospace,B/E Aerospace,us_wide_B_othertag,US
https://www.linkedin.com/in/kent-kroener-b1812419,Kent Kroener,Kent,Kroener,VP Sales & Marketing,3,US,2014-06-01,https://www.linkedin.com/company/be-aerospace,B/E Aerospace,us_wide_B_othertag,US
https://www.linkedin.com/in/troy-smith-4b7036b1,Troy Smith,Troy,Smith,Director of Marketing and Engagement,3,US,2024-09-01,https://www.linkedin.com/company/b&r-auto-wrecking,B&R Auto,us_wide_A_vertical,US
https://www.linkedin.com/in/louis-wallace-b9051a146,Louis Wallace,Louis,Wallace,"VP, Sales/Marketing & Engineering",3,US,2019-06-01,https://www.linkedin.com/company/backer-springfield,Backer-Springfield,us_wide_A_vertical,US
https://www.linkedin.com/in/chriscgunn,Chris Gunn,Chris,Gunn,"SVP Sales, Marketing, and Manufacturing",3,US,2021-11-01,https://www.linkedin.com/company/badgerinfra,Badger Infrastructure Solutions,us_wide_A_vertical,US
https://www.linkedin.com/in/kendrageiger,Kendra Geiger,Kendra,Geiger,"Director, Marketing and Communications",3,US,2023-04-01,https://www.linkedin.com/company/badgerinfra,Badger Infrastructure Solutions,us_wide_A_vertical,US
https://www.linkedin.com/in/kevin-rowan-b5a62397,Kevin Rowan,Kevin,Rowan,Vice President Sale and Marketing,3,US,2010-11-01,https://www.linkedin.com/company/be-aerospace,B/E Aerospace,us_wide_B_othertag,US
https://www.linkedin.com/in/cheryl-kennedy-02662b33,Cheryl Kennedy,Cheryl,Kennedy,Director of Integrated Marketing,3,US,2024-07-01,https://www.linkedin.com/company/baker-distributing-company,Baker Distributing Company,us_wide_A_vertical,US
https://www.linkedin.com/in/mark-miller-445b7414,Mark Miller,Mark,Miller,Sr. Vice President of Sales and Marketing,3,US,2026-01-01,https://www.linkedin.com/company/baker-manufacturing,"Baker Manufacturing Co., LLC",us_wide_A_vertical,US
https://www.linkedin.com/in/jasondwcook,Jason D. Cook,Jason D.,Cook,Director of Marketing and Engagement,3,US,2026-03-01,https://www.linkedin.com/company/balflex-usa,Balflex USA,us_wide_A_vertical,US
https://www.linkedin.com/in/philip-reid-362260121,philip reid,philip,reid,Responsable de marketing,3,GB,-,https://www.linkedin.com/company/be-aerospace,B/E Aerospace,us_wide_B_othertag,US
https://www.linkedin.com/in/michelle-stone-b688106,Michelle Stone,Michelle,Stone,Director of Marketing,3,US,-,https://www.linkedin.com/company/be-aerospace,B/E Aerospace,us_wide_B_othertag,US
https://www.linkedin.com/in/chris-mays-92433117,Chris Mays,Chris,Mays,"Vice President, Sales & Marketing",3,US,2020-08-01,https://www.linkedin.com/company/bard-manufacturing-company-inc-,"Bard Manufacturing Company, Inc.",us_wide_A_vertical,US
https://www.linkedin.com/in/john-rogers-28a7ba3b,John Rogers,John,Rogers,SVP Sales and Marketing,3,US,1988-01-01,https://www.linkedin.com/company/barfield-inc,Barfield Inc,us_wide_B_othertag,US
https://www.linkedin.com/in/odile-yakana%e2%9c%a8-19780730,Odile Yakana✨,Odile,Yakana✨,Director of Marketing & Communications,2,US,2022-01-01,https://www.linkedin.com/company/barfield-inc,Barfield Inc,us_wide_B_othertag,US
https://www.linkedin.com/in/friedahcmo,Frieda H.,Frieda,H.,VP Sales & Marketing,3,US,2025-01-01,https://www.linkedin.com/company/barksdale-control-products,Barksdale Control Products,us_wide_A_vertical,US
https://www.linkedin.com/in/jeffroth1,Jeff Roth,Jeff,Roth,Vice President of Marketing,3,US,2017-08-01,https://www.linkedin.com/company/barletta-boats,"Barletta Boat Company, LLC",us_wide_B_othertag,US
https://www.linkedin.com/in/natalie-wills,Natalie Wills,Natalie,Wills,"Director, Marketing & Communications",2,US,2026-03-01,https://www.linkedin.com/company/barnes-aerospace,Barnes Aerospace,us_wide_B_othertag,US
https://www.linkedin.com/in/kevin-greenow-355387,Kevin Greenow,Kevin,Greenow,Vice President Sales and Marketing,3,US,2017-01-01,https://www.linkedin.com/company/bartell-machinery,Bartell Machinery Systems,us_wide_A_vertical,US
https://www.linkedin.com/in/brent-d-wiberg-15a25511,Brent D. Wiberg,Brent D.,Wiberg,Vice President - OEM Sales and Marketing,3,US,2017-02-01,https://www.linkedin.com/company/barnes-aerospace,Barnes Aerospace,us_wide_B_othertag,US
https://www.linkedin.com/in/walid-boulos-0b98636,Walid Boulos,Walid,Boulos,"Director, Sales & Marketing",3,US,-,https://www.linkedin.com/company/barnes-aerospace,Barnes Aerospace,us_wide_B_othertag,US
https://www.linkedin.com/in/katemartin11,Kate Martin,Kate,Martin,Marketing Communications Manager,2,US,2025-01-01,https://www.linkedin.com/company/basler-electric-company,Basler,us_wide_A_vertical,US
https://www.linkedin.com/in/amy-hartzer-40250a10,Amy Hartzer,Amy,Hartzer,Vice President of Marketing,3,US,2025-01-01,https://www.linkedin.com/company/basler-electric-company,Basler,us_wide_A_vertical,US
https://www.linkedin.com/in/tjw215,James W.,James,W.,Manager of Marketing & Communications,2,US,2024-04-01,https://www.linkedin.com/company/bauer-compressors-inc-,BAUER COMPRESSORS INC.,us_wide_A_vertical,US
https://www.linkedin.com/in/gennarogallo,Gennaro G.,Gennaro,G.,Head of Global Marketing,3,US,2023-05-01,https://www.linkedin.com/company/bear-robotics-inc,Bear Robotics,us_wide_B_othertag,US
https://www.linkedin.com/in/satoko-n-32034561,Satoko N.,Satoko,N.,Director of Marketing,3,US,2026-08-01,https://www.linkedin.com/company/bear-robotics-inc,Bear Robotics,us_wide_B_othertag,US
https://www.linkedin.com/in/shanenovacek,Shane Novacek,Shane,Novacek,Marketing Communications Manager,2,US,2006-07-01,https://www.linkedin.com/company/beckhoff-automation-usa,Beckhoff Automation USA,us_wide_B_othertag,US
https://www.linkedin.com/in/umasankar-pingali-8251b612,Umasankar Pingali,Umasankar,Pingali,Global Head of Sales and Marketing,3,US,2024-10-01,https://www.linkedin.com/company/belfuseinc,Bel Fuse Inc.,us_wide_B_othertag,US
https://www.linkedin.com/in/zain-ahmed,Zain Ahmed,Zain,Ahmed,"Global Senior Vice President Sales & Marketing, RUCKUS",3,US,2025-02-01,https://www.linkedin.com/company/beldeninc,Belden Inc.,us_wide_B_othertag,US
https://www.linkedin.com/in/davidgeon,David Geon,David,Geon,"Vice President of Sales, Americas (Products, Partner Programs and Customer Support)",1,US,2020-05-01,https://www.linkedin.com/company/beldeninc,Belden Inc.,us_wide_B_othertag,US
https://www.linkedin.com/in/annie-sheehan-kerber-m-b-a-6b647a5,"Annie Sheehan-Kerber, M.B.A.",Annie,"Sheehan-Kerber, M.B.A.","Global Director, Strategic Partner Programs",1,US,2024-06-01,https://www.linkedin.com/company/beldeninc,Belden Inc.,us_wide_B_othertag,US
https://www.linkedin.com/in/jessica-wibawa-conidi,Jessica (Wibawa) Conidi,Jessica,(Wibawa) Conidi,"Director, Partner Programs",1,US,2026-01-01,https://www.linkedin.com/company/beldeninc,Belden Inc.,us_wide_B_othertag,US
https://www.linkedin.com/in/davidwindellricks,David Ricks,David,Ricks,Ecosystem Partner Program Manager,1,US,2024-12-01,https://www.linkedin.com/company/beldeninc,Belden Inc.,us_wide_B_othertag,US
https://www.linkedin.com/in/kimberlyspiegel,Kim Spiegel,Kim,Spiegel,"Senior Director, Marketing Operations",3,US,2026-01-01,https://www.linkedin.com/company/beldeninc,Belden Inc.,us_wide_B_othertag,US
https://www.linkedin.com/in/kasper-huisman-17679914,Kasper Huisman,Kasper,Huisman,"Sr. Director of Marketing, EMEA",3,NL,2026-01-01,https://www.linkedin.com/company/beldeninc,Belden Inc.,us_wide_B_othertag,US
https://www.linkedin.com/in/bridget-hall-4999727,Bridget Hall,Bridget,Hall,Vice President Marketing and Brand,3,US,-,https://www.linkedin.com/company/bell-flight,Bell Flight,us_wide_B_othertag,US
https://www.linkedin.com/in/meredithfortescue,Meredith Baker Fortescue,Meredith,Baker Fortescue,Chief Marketing Officer,3,US,2025-03-01,https://www.linkedin.com/company/belle-tire,Belle Tire,us_wide_A_vertical,US
https://www.linkedin.com/in/jamieragg,Jamie Ragg,Jamie,Ragg,VP of Marketing,3,US,2025-07-01,https://www.linkedin.com/company/belle-tire,Belle Tire,us_wide_A_vertical,US
https://www.linkedin.com/in/kate-van-boxel-b1838810,Kate Van Boxel,Kate,Van Boxel,Vice President Marketing,3,US,2026-07-01,https://www.linkedin.com/company/bell-laboratories-inc,"Bell Laboratories, Inc.",us_wide_A_vertical,US
https://www.linkedin.com/in/lindsaybodkin,Lindsay Bodkin,Lindsay,Bodkin,Chief Marketing Officer,3,US,2025-07-01,https://www.linkedin.com/company/belt-power-llc,"Belt Power, LLC",us_wide_A_vertical,US
https://www.linkedin.com/in/ralph-perlmutter-47094a14,Ralph Perlmutter,Ralph,Perlmutter,Director of Sales & Marketing,3,US,-,https://www.linkedin.com/company/beltmann-relocation-group,Beltmann Relocation Group,us_wide_A_vertical,US
https://www.linkedin.com/in/jorgem11,Jorge Martin Sanz,Jorge,Martin Sanz,Channel Development Manager Southwest & North Europe,1,ES,2023-08-01,https://www.linkedin.com/company/beldeninc,Belden Inc.,us_wide_B_othertag,US
https://www.linkedin.com/in/percycaldwell3,Percy Caldwell III,Percy,Caldwell III,"Director, Partner Development",1,US,2025-01-01,https://www.linkedin.com/company/beldeninc,Belden Inc.,us_wide_B_othertag,US
https://www.linkedin.com/in/alexandre-saunier77,Alexandre Saunier,Alexandre,Saunier,"Director Sales OEM - Belden Inc - networking, security and connectivity solutions - Sales",1,DE,2023-09-01,https://www.linkedin.com/company/beldeninc,Belden Inc.,us_wide_B_othertag,US
https://www.linkedin.com/in/earl-murtagh-naughton,Earl Murtagh-Naughton,Earl,Murtagh-Naughton,"Director, Global Channel & Field Marketing (NAR, CALA, EMEA & APAC)",1,IE,2026-07-01,https://www.linkedin.com/company/beldeninc,Belden Inc.,us_wide_B_othertag,US
https://www.linkedin.com/in/justin-murphy-3467673,Justin Murphy,Justin,Murphy,Sales Leader-Strategic Accounts-Ruckus Networks,1,US,2026-01-01,https://www.linkedin.com/company/beldeninc,Belden Inc.,us_wide_B_othertag,US
https://www.linkedin.com/in/katedimperio,Kate D'Imperio,Kate,D'Imperio,"Senior Director, Marketing",3,US,-,https://www.linkedin.com/company/beldeninc,Belden Inc.,us_wide_B_othertag,US
https://www.linkedin.com/in/randyromanaux,Randy Romanaux,Randy,Romanaux,Ecosystem Partner Program Manager,1,US,2025-01-01,https://www.linkedin.com/company/beldeninc,Belden Inc.,us_wide_B_othertag,US
https://www.linkedin.com/in/robbarackman,Rob Barackman,Rob,Barackman,Director of Sales and Marketing,3,US,2024-07-01,https://www.linkedin.com/company/beltservice-corporation,Beltservice Corporation,us_wide_A_vertical,US
https://www.linkedin.com/in/teresalamberger,Teresa Lamberger,Teresa,Lamberger,"Vice President, Marketing & Strategic Solutions",3,US,2017-01-01,https://www.linkedin.com/company/benchelec,Benchmark,us_wide_B_othertag,US
https://www.linkedin.com/in/joeprebich,Joe Prebich 🇺🇦,Joe,Prebich 🇺🇦,Vice President of Sales & Marketing,3,US,2020-06-01,https://www.linkedin.com/company/benchmade,BENCHMADE,us_wide_B_othertag,US
https://www.linkedin.com/in/kendratobler,Kendra Tobler,Kendra,Tobler,Director of Marketing,3,US,2024-04-01,https://www.linkedin.com/company/benchmade,BENCHMADE,us_wide_B_othertag,US
https://www.linkedin.com/in/nicole-oreskovic-8495b12,Nicole Oreskovic,Nicole,Oreskovic,VP Sales & Marketing,3,US,2022-04-01,https://www.linkedin.com/company/bendix-commercial-vehicle-systems-llc,Bendix Commercial Vehicle Systems LLC,us_wide_A_vertical,US
https://www.linkedin.com/in/tj-thomas-1a932b2b,TJ Thomas,TJ,Thomas,"Director, Marketing & Customer Solutions - Controls",3,US,2019-01-01,https://www.linkedin.com/company/bendix-commercial-vehicle-systems-llc,Bendix Commercial Vehicle Systems LLC,us_wide_A_vertical,US
https://www.linkedin.com/in/brody-day-6714214,Brody Day,Brody,Day,Marketing & Communications Manager,2,US,2012-01-01,https://www.linkedin.com/company/bendix-commercial-vehicle-systems-llc,Bendix Commercial Vehicle Systems LLC,us_wide_A_vertical,US
https://www.linkedin.com/in/bill-maddox-225738b,Bill Maddox,Bill,Maddox,"Executive Director, Marketing",3,US,2000-01-01,https://www.linkedin.com/company/bell-flight,Bell Flight,us_wide_B_othertag,US
https://www.linkedin.com/in/grietdeschrijver,Griet De Schrijver,Griet,De Schrijver,Director Marketing Events & Experience EMEA,3,BE,2024-07-01,https://www.linkedin.com/company/beldeninc,Belden Inc.,us_wide_B_othertag,US
https://www.linkedin.com/in/mohamaditani8,Mohamad Itani,Mohamad,Itani,Partner Program and Operations,1,DE,2025-09-01,https://www.linkedin.com/company/beldeninc,Belden Inc.,us_wide_B_othertag,US
https://www.linkedin.com/in/markbanick,Mark Banick,Mark,Banick,"Vice President, Marketing",3,US,2024-10-01,https://www.linkedin.com/company/beldeninc,Belden Inc.,us_wide_B_othertag,US
https://www.linkedin.com/in/peterhofbauer-netzwerk,Peter Hofbauer,Peter,Hofbauer,Channel Development Manager,1,DE,2025-04-01,https://www.linkedin.com/company/beldeninc,Belden Inc.,us_wide_B_othertag,US
https://www.linkedin.com/in/courtney-fleck,Courtney Fleck,Courtney,Fleck,"Sr. Manager, Partner Marketing - Americas",1,US,2021-05-01,https://www.linkedin.com/company/beldeninc,Belden Inc.,us_wide_B_othertag,US
https://www.linkedin.com/in/barbaracurtis1,"Barbara Curtis, MBA",Barbara,"Curtis, MBA","Director, Corporate Digital Marketing",3,US,2024-07-01,https://www.linkedin.com/company/beldeninc,Belden Inc.,us_wide_B_othertag,US
https://www.linkedin.com/in/mark-hamilton-56474a4,Mark Hamilton,Mark,Hamilton,Networking Standards Director,1,US,2026-07-01,https://www.linkedin.com/company/beldeninc,Belden Inc.,us_wide_B_othertag,US
https://www.linkedin.com/in/jennifer-mcalpine,Jennifer McAlpine,Jennifer,McAlpine,Director of Product Marketing & Strategy,3,US,2024-12-01,https://www.linkedin.com/company/benchelec,Benchmark,us_wide_B_othertag,US
https://www.linkedin.com/in/larryteeling,Larry Teeling,Larry,Teeling,VP of Marketing and Marine Strategy,3,US,2023-12-01,https://www.linkedin.com/company/benningtonboats,Bennington Pontoon Boats,us_wide_B_othertag,US
https://www.linkedin.com/in/martin-duggan-59629027,Martin Duggan,Martin,Duggan,Director of Marketing,3,US,2014-11-01,https://www.linkedin.com/company/bennion-deville-homes,Bennion Deville Homes,us_wide_B_othertag,US
https://www.linkedin.com/in/brent-gilbert-9337136,Brent Gilbert,Brent,Gilbert,"Chief Marketing Officer & Vice President of Global Sales, EOEM",3,US,2025-09-01,https://www.linkedin.com/company/benshaw-inc,"Benshaw, Inc.",us_wide_B_othertag,US
https://www.linkedin.com/in/enricomaso,Enrico Maso,Enrico,Maso,VP Marketing & Customer Success,3,US,2025-08-01,https://www.linkedin.com/company/beretta-usa,Beretta USA,us_wide_A_vertical,US
https://www.linkedin.com/in/zachcaudle,Zach Caudle,Zach,Caudle,"Senior Manager, Head of Channel and Trade Marketing",1,US,2024-04-01,https://www.linkedin.com/company/beretta-usa,Beretta USA,us_wide_A_vertical,US
https://www.linkedin.com/in/nick-catalutch-4192306,Nick Catalutch,Nick,Catalutch,Vice President Channel Development,1,US,2016-05-01,https://www.linkedin.com/company/beldeninc,Belden Inc.,us_wide_B_othertag,US
https://www.linkedin.com/in/wenchiehhuang,Ally Huang,Ally,Huang,Ecosystem Partner Program Manager,1,NL,2025-05-01,https://www.linkedin.com/company/beldeninc,Belden Inc.,us_wide_B_othertag,US
https://www.linkedin.com/in/thomas-beckett-177a556b,Thomas Beckett,Thomas,Beckett,Director Of Channel Development,1,US,2021-06-01,https://www.linkedin.com/company/beldeninc,Belden Inc.,us_wide_B_othertag,US
https://www.linkedin.com/in/alesiascott01,Alesia Scott,Alesia,Scott,"Manager, Partner Marketing, Americas",1,US,2026-01-01,https://www.linkedin.com/company/beldeninc,Belden Inc.,us_wide_B_othertag,US
https://www.linkedin.com/in/willem-roefs-363a14145,Willem Roefs,Willem,Roefs,Partner Development Manager,1,NL,2025-07-01,https://www.linkedin.com/company/beldeninc,Belden Inc.,us_wide_B_othertag,US
https://www.linkedin.com/in/alicca-hudson-3096477b,Alicca Hudson,Alicca,Hudson,"Director, Partner Marketing - Americas",1,US,2026-05-01,https://www.linkedin.com/company/beldeninc,Belden Inc.,us_wide_B_othertag,US
https://www.linkedin.com/in/anikat,Anika T.,Anika,T.,Program Manager | RUCKUS Networks,1,US,2022-09-01,https://www.linkedin.com/company/beldeninc,Belden Inc.,us_wide_B_othertag,US
https://www.linkedin.com/in/richard-gravenhorst-98619844,Richard Gravenhorst,Richard,Gravenhorst,Director of Marketing And Business Development,3,ES,2015-01-01,https://www.linkedin.com/company/bergstrom-inc,Bergstrom Inc.,us_wide_A_vertical,US
https://www.linkedin.com/in/klajdisallaku,Klajdi (Clyde) Sallaku,Klajdi (Clyde),Sallaku,"Head of Business Development and Marketing,  EMEA",3,GB,2024-09-01,https://www.linkedin.com/company/berkshire-grey,Berkshire Grey,us_wide_B_othertag,US
https://www.linkedin.com/in/annemarie-menelli,Annemarie Menelli,Annemarie,Menelli,Senior Director of Marketing,3,US,2026-02-01,https://www.linkedin.com/company/berkshire-grey,Berkshire Grey,us_wide_B_othertag,US
https://www.linkedin.com/in/angela-whiteford-845975254,Angela Whiteford,Angela,Whiteford,Chief Marketing Officer,3,US,-,https://www.linkedin.com/company/berkshire-grey,Berkshire Grey,us_wide_B_othertag,US
https://www.linkedin.com/in/matt-creed-0bb9b026,Matt Creed,Matt,Creed,"Senior Director, Marketing Communications",2,US,2025-04-01,https://www.linkedin.com/company/berlin-packaging,Berlin Packaging,us_wide_A_vertical,US
https://www.linkedin.com/in/mindy-whitworth-793549273,Mindy Whitworth,Mindy,Whitworth,Vice President of Sales & Marketing,3,US,2026-08-01,https://www.linkedin.com/company/bethesdaseniorlivingcommunities,Bethesda Senior Living Communities,us_wide_B_othertag,US
https://www.linkedin.com/in/kathy-mcbride-01ba4b12,Kathy McBride,Kathy,McBride,Director of Sales and Marketing,3,US,2026-03-01,https://www.linkedin.com/company/bethesdaseniorlivingcommunities,Bethesda Senior Living Communities,us_wide_B_othertag,US
https://www.linkedin.com/in/erika-gonzalez-7977a85b,Erika Gonzalez,Erika,Gonzalez,Director of Sales Marketing,3,US,2024-03-01,https://www.linkedin.com/company/bethesdaseniorlivingcommunities,Bethesda Senior Living Communities,us_wide_B_othertag,US
https://www.linkedin.com/in/lynnmalisani,Lynn Malisani,Lynn,Malisani,Director of Sales and Marketing,3,US,2014-05-01,https://www.linkedin.com/company/bethesdaseniorlivingcommunities,Bethesda Senior Living Communities,us_wide_B_othertag,US
https://www.linkedin.com/in/trista-mcwilliams-3b1631aa,Trista McWilliams,Trista,McWilliams,Regional Director of Sales And Marketing,3,US,2025-09-01,https://www.linkedin.com/company/bethesdaseniorlivingcommunities,Bethesda Senior Living Communities,us_wide_B_othertag,US
https://www.linkedin.com/in/cherylwhite4,Cheryl White,Cheryl,White,Executive Director/Marketing Director,3,US,2011-10-01,https://www.linkedin.com/company/bethesdaseniorlivingcommunities,Bethesda Senior Living Communities,us_wide_B_othertag,US
https://www.linkedin.com/in/lacey-cox-97419425a,Lacey Cox,Lacey,Cox,Director of Sales and Marketing,3,US,2026-01-01,https://www.linkedin.com/company/bethesdaseniorlivingcommunities,Bethesda Senior Living Communities,us_wide_B_othertag,US
https://www.linkedin.com/in/bevia-byrne-0a53b513,Bevia Byrne,Bevia,Byrne,Director of Sales & Marketing,3,US,2021-03-01,https://www.linkedin.com/company/bethesdaseniorlivingcommunities,Bethesda Senior Living Communities,us_wide_B_othertag,US
https://www.linkedin.com/in/david-beil-141977138,David Beil,David,Beil,Director of Sales and Marketing,3,US,2017-03-01,https://www.linkedin.com/company/bethesdaseniorlivingcommunities,Bethesda Senior Living Communities,us_wide_B_othertag,US
https://www.linkedin.com/in/santo-randazzo-a93b3728,santo randazzo,santo,randazzo,Director Marketing,3,US,-,https://www.linkedin.com/company/bethesdaseniorlivingcommunities,Bethesda Senior Living Communities,us_wide_B_othertag,US
https://www.linkedin.com/in/oscarllama,"Oscar G. Llama, PE, MBA",Oscar,"G. Llama, PE, MBA",Team Member | Director of Charging Network Development and Partnerships at BETA Technologies,1,US,2024-03-01,https://www.linkedin.com/company/beta-air-llc,BETA TECHNOLOGIES,us_wide_B_othertag,US
https://www.linkedin.com/in/christopher-d-miller,"Christopher Miller, EIT",Christopher,"Miller, EIT",Aircraft Charging Network Business Development Lead for the West Coast,1,US,2024-01-01,https://www.linkedin.com/company/beta-air-llc,BETA TECHNOLOGIES,us_wide_B_othertag,US
https://www.linkedin.com/in/deannadicristo,Deanna DiCristo,Deanna,DiCristo,VP Marketing & Communications,2,US,2025-11-01,https://www.linkedin.com/company/bfcsolutions,BFC Solutions,us_wide_A_vertical,US
https://www.linkedin.com/in/carole-branchetti-337135b,Carole Branchetti,Carole,Branchetti,Vice President of Marketing Services & Administration,3,US,-,https://www.linkedin.com/company/berlin-packaging,Berlin Packaging,us_wide_A_vertical,US
https://www.linkedin.com/in/paulbatt11,Paul Batt,Paul,Batt,"Senior Vice President, Sales, Marketing, R&D",3,US,2025-07-01,https://www.linkedin.com/company/bgf-industries-inc,"BGF Industries, Inc",us_wide_B_othertag,US
https://www.linkedin.com/in/susan-schlame,Susan Schlamersdorf,Susan,Schlamersdorf,Marketing Communications Manager - Can Liners,2,US,-,https://www.linkedin.com/company/berryglobal,"Berry Global, Inc.",us_wide_B_othertag,US
https://www.linkedin.com/in/laurarofe,Laura Rodriguez,Laura,Rodriguez,Marketing Communications Manager,2,GB,-,https://www.linkedin.com/company/berryglobal,"Berry Global, Inc.",us_wide_B_othertag,US
https://www.linkedin.com/in/tomgreensall,"Tom Greensall, MBA",Tom,"Greensall, MBA",Head of Marketing,3,GB,2024-09-01,https://www.linkedin.com/company/packbgr,BGR,us_wide_B_othertag,US
https://www.linkedin.com/in/jerode-padilla,Jerode Padilla,Jerode,Padilla,Principal Vice President Marketing Merchandising and Customer Experience,3,US,2025-06-01,https://www.linkedin.com/company/big-o-tires,Big O Tires,us_wide_A_vertical,US
https://www.linkedin.com/in/adam-nordmeyer-321452b0,Adam Nordmeyer,Adam,Nordmeyer,Director of Sales and Marketing,3,US,2026-03-01,https://www.linkedin.com/company/bihler-of-america,Bihler of America,us_wide_B_othertag,US
https://www.linkedin.com/in/paul-p-1203901a2,Paul P.,Paul,P.,Director of Marketing & People Development,3,US,2025-10-01,https://www.linkedin.com/company/binder-usa,binder USA,us_wide_B_othertag,US
https://www.linkedin.com/in/dana-svilar-06668b8,Dana Svilar,Dana,Svilar,"Manager, Marketing Communications",2,US,2001-10-01,https://www.linkedin.com/company/birdrf,Bird Technologies,us_wide_B_othertag,US
https://www.linkedin.com/in/mike-dobler-29571aab,Mike Dobler,Mike,Dobler,Sr. Network Manager,1,US,2021-01-01,https://www.linkedin.com/company/birdrf,Bird Technologies,us_wide_B_othertag,US
https://www.linkedin.com/in/dana-svilar-ba305ab0,Dana Svilar,Dana,Svilar,"Manager, Marketing Communications",2,US,-,https://www.linkedin.com/company/birdrf,Bird Technologies,us_wide_B_othertag,US
https://www.linkedin.com/in/dbcarvalho,Daniel Batista Carvalho,Daniel,Batista Carvalho,Head of Integrated Marketing & E-Commerce - International Markets,3,NL,2023-11-01,https://www.linkedin.com/company/bissell-homecare-inc-,"BISSELL Homecare, Inc.",us_wide_B_othertag,US
https://www.linkedin.com/in/marketingexeclaurabretz,Laura Bretz,Laura,Bretz,Global Head of Brand and Communication Strategy,2,US,2025-04-01,https://www.linkedin.com/company/bissell-homecare-inc-,"BISSELL Homecare, Inc.",us_wide_B_othertag,US
https://www.linkedin.com/in/aleta-chase,Aleta Chase,Aleta,Chase,VP Marketing / GM Dry Vacuums and Cross Category Initiatives,3,US,2021-01-01,https://www.linkedin.com/company/bissell-homecare-inc-,"BISSELL Homecare, Inc.",us_wide_B_othertag,US
https://www.linkedin.com/in/joan-carles-p%c3%a9rez,Joan Carles Pérez,Joan Carles,Pérez,Social Media & Influencer Marketing Partnerships Manager,1,NL,2023-08-01,https://www.linkedin.com/company/bissell-homecare-inc-,"BISSELL Homecare, Inc.",us_wide_B_othertag,US
https://www.linkedin.com/in/ryan-mckay-357509a,Ryan McKay,Ryan,McKay,Associate Director eCommerce and Digital Marketing,3,US,2023-04-01,https://www.linkedin.com/company/bissell-homecare-inc-,"BISSELL Homecare, Inc.",us_wide_B_othertag,US
https://www.linkedin.com/in/christina-blakeslee,Christina Blakeslee,Christina,Blakeslee,Director of Product Marketing - Commercial Floorcare,3,US,2025-07-01,https://www.linkedin.com/company/bissell-homecare-inc-,"BISSELL Homecare, Inc.",us_wide_B_othertag,US
https://www.linkedin.com/in/bjorn-folkers-676a3714,Bjorn Folkers,Bjorn,Folkers,Director Int’l Product- & Commercial Marketing,3,NL,2023-11-01,https://www.linkedin.com/company/bissell-homecare-inc-,"BISSELL Homecare, Inc.",us_wide_B_othertag,US
https://www.linkedin.com/in/kevin-read-7824234,Kevin Read,Kevin,Read,"Associate Director of Product Marketing, Bare Floor Cleaners",3,US,2024-10-01,https://www.linkedin.com/company/bissell-homecare-inc-,"BISSELL Homecare, Inc.",us_wide_B_othertag,US
https://www.linkedin.com/in/brian-barber-3877228b,Brian Barber,Brian,Barber,"Vice President, Sales & Marketing",3,US,2010-04-01,https://www.linkedin.com/company/bizjet-int'l,Bizjet Int'l,us_wide_B_othertag,US
https://www.linkedin.com/in/mike-pellegrini-2025276,Mike Pellegrini,Mike,Pellegrini,Vice President of Sales and Marketing,3,US,2020-09-01,https://www.linkedin.com/company/blachford-inc-,Blachford Acoustics Group,us_wide_A_vertical,US
https://www.linkedin.com/in/brysonwhite,Bryson White,Bryson,White,"Vice President, Marketing & DTC",3,US,2023-01-01,https://www.linkedin.com/company/black-diamond-equipment,Black Diamond Equipment,us_wide_A_vertical,US
https://www.linkedin.com/in/devon-howard-a4b2a613,Devon Howard,Devon,Howard,Global VP of Marketing,3,US,2017-02-01,https://www.linkedin.com/company/black-diamond-equipment,Black Diamond Equipment,us_wide_A_vertical,US
https://www.linkedin.com/in/natalie-flowers-ab885958,Natalie Flowers,Natalie,Flowers,Director of Digital Marketing,3,US,2023-02-01,https://www.linkedin.com/company/black-diamond-equipment,Black Diamond Equipment,us_wide_A_vertical,US
https://www.linkedin.com/in/ewynn,Eric Wynn,Eric,Wynn,Director of Global Channel Marketing,1,US,2025-01-01,https://www.linkedin.com/company/black-diamond-equipment,Black Diamond Equipment,us_wide_A_vertical,US
https://www.linkedin.com/in/andy-anderson-531b6b94,Andy Anderson,Andy,Anderson,Director of Brand Marketing,3,US,-,https://www.linkedin.com/company/black-diamond-equipment,Black Diamond Equipment,us_wide_A_vertical,US
https://www.linkedin.com/in/kevin-udy,Kevin Udy,Kevin,Udy,Global Director- Consumables Marketing,3,US,2025-05-01,https://www.linkedin.com/company/bissell-homecare-inc-,"BISSELL Homecare, Inc.",us_wide_B_othertag,US
https://www.linkedin.com/in/lauren-l-a3b00219,Lauren L.,Lauren,L.,"Global - Associate Director - Commercial Marketing, Stick Vacuums",3,US,2025-04-01,https://www.linkedin.com/company/bissell-homecare-inc-,"BISSELL Homecare, Inc.",us_wide_B_othertag,US
https://www.linkedin.com/in/scott-stevenson-677a7913,Scott Stevenson,Scott,Stevenson,Senior VP of Marketing,3,US,2022-06-01,https://www.linkedin.com/company/blackstone-products,Blackstone Products,us_wide_B_othertag,US
https://www.linkedin.com/in/kevin-marsh-53b9665,Kevin Marsh,Kevin,Marsh,Director of Digital Marketing & eCommerce,3,US,2020-04-01,https://www.linkedin.com/company/bissell-homecare-inc-,"BISSELL Homecare, Inc.",us_wide_B_othertag,US
https://www.linkedin.com/in/liz-gottlin,Liz Gottlin,Liz,Gottlin,Director Integrated Marketing Operations,3,US,2023-04-01,https://www.linkedin.com/company/bissell-homecare-inc-,"BISSELL Homecare, Inc.",us_wide_B_othertag,US
https://www.linkedin.com/in/hayle-bell-morck-2a83a8b,Hayle Bell Morck,Hayle,Bell Morck,Director of Marketing and Communications,3,US,2022-05-01,https://www.linkedin.com/company/blue-canyon-technologies,Blue Canyon Technologies,us_wide_B_othertag,US
https://www.linkedin.com/in/eseyffert,Eduardo Seyffert,Eduardo,Seyffert,"Director, Strategy, Marketing & Sales",3,US,-,https://www.linkedin.com/company/blue-origin,Blue Origin,us_wide_B_othertag,US
https://www.linkedin.com/in/dan-eisenberg-0682316,Dan Eisenberg,Dan,Eisenberg,Chief Marketing Officer / Partner,1,US,2018-12-01,https://www.linkedin.com/company/bluechipww,Blue Chip,us_wide_B_othertag,US
https://www.linkedin.com/in/michael-dubois-cptd-2a6928326,"Michael DuBois, CPTD",Michael,"DuBois, CPTD",Learning and Development Partner,1,US,2022-09-01,https://www.linkedin.com/company/bluerivertech,Blue River Technology,us_wide_A_vertical,US
https://www.linkedin.com/in/jacklarson,Jack Larson,Jack,Larson,Head of Digital Marketing,3,US,2025-06-01,https://www.linkedin.com/company/blue-origin,Blue Origin,us_wide_B_othertag,US
https://www.linkedin.com/in/andy-stamp-2b48401b,Andy Stamp,Andy,Stamp,Vice President of Sales and Marketing,3,US,2026-01-01,https://www.linkedin.com/company/blueprint-automation,BluePrint Automation (BPA),us_wide_B_othertag,US
https://www.linkedin.com/in/annmuth,Ann (Pelicata) Muth,Ann (Pelicata),Muth,Vice President Marketing,3,US,2024-01-01,https://www.linkedin.com/company/bluestarcooking,BlueStar,us_wide_A_vertical,US
https://www.linkedin.com/in/collinsullivan,Collin Sullivan,Collin,Sullivan,Vice President of Global Marketing & Product Strategy,3,US,2025-10-01,https://www.linkedin.com/company/onebmg,BMG,us_wide_B_othertag,US
https://www.linkedin.com/in/danielfeeney1,"Dan Feeney, PhD",Dan,"Feeney, PhD",VP Global Partner Product Innovation and Development & VP/GM Greater China,1,US,2026-05-01,https://www.linkedin.com/company/boa-technology,BOA®,us_wide_A_vertical,US
https://www.linkedin.com/in/jenna-meyers-sinett-36408bab,Jenna Meyers-Sinett,Jenna,Meyers-Sinett,Partner Product Innovation & Development Specialist - Workwear,1,US,2025-12-01,https://www.linkedin.com/company/boa-technology,BOA®,us_wide_A_vertical,US
https://www.linkedin.com/in/shannon-woodard,Shannon Woodard,Shannon,Woodard,Director Marketing - Americas & APAC,3,US,2026-04-01,https://www.linkedin.com/company/boa-technology,BOA®,us_wide_A_vertical,US
https://www.linkedin.com/in/studiomixtura,Daria Biryukova,Daria,Biryukova,Partner Product Innovation and Development Lead,1,AT,2026-04-01,https://www.linkedin.com/company/boa-technology,BOA®,us_wide_A_vertical,US
https://www.linkedin.com/in/billy-wandling-8461a187,Billy Wandling,Billy,Wandling,Brand Partnership Marketing Manager,1,US,2023-01-01,https://www.linkedin.com/company/boa-technology,BOA®,us_wide_A_vertical,US
https://www.linkedin.com/in/alessandro-manzato-864a42b2,Alessandro Manzato,Alessandro,Manzato,Director of Partner Product Innovation & Development - EMEA,1,AT,2021-10-01,https://www.linkedin.com/company/boa-technology,BOA®,us_wide_A_vertical,US
https://www.linkedin.com/in/max-marinello,Maximilià Marinel-lo Amat,Maximilià,Marinel-lo Amat,Partner Product Innovation & Development (PPID) Specialist,1,AT,2025-03-01,https://www.linkedin.com/company/boa-technology,BOA®,us_wide_A_vertical,US
https://www.linkedin.com/in/karlwurm,Karl Wurm,Karl,Wurm,Global Snowboard Partner Product Innovation and Development Lead / PPID Team Lead,1,US,2019-10-01,https://www.linkedin.com/company/boa-technology,BOA®,us_wide_A_vertical,US
https://www.linkedin.com/in/cecilia-bergamini,Cecilia Bergamini,Cecilia,Bergamini,Brand Partnerships Manager,1,AT,2025-11-01,https://www.linkedin.com/company/boa-technology,BOA®,us_wide_A_vertical,US
https://www.linkedin.com/in/matt-stepanian-88349533,Matt Stepanian,Matt,Stepanian,Senior Partner Product Innovation & Development Lead — Athletic,1,US,2024-06-01,https://www.linkedin.com/company/boa-technology,BOA®,us_wide_A_vertical,US
https://www.linkedin.com/in/karina-kastner-7a2065137,Karina Kastner,Karina,Kastner,Partner Product Innovation and Development Manager EMEA,1,AT,2024-08-01,https://www.linkedin.com/company/boa-technology,BOA®,us_wide_A_vertical,US
https://www.linkedin.com/in/coulter-vogt-512b93111,Coulter Vogt,Coulter,Vogt,Partner Product Innovation and Development Team Lead - Snowboard/Cycling,1,US,2025-02-01,https://www.linkedin.com/company/boa-technology,BOA®,us_wide_A_vertical,US
https://www.linkedin.com/in/lori206,Lori Torgerson,Lori,Torgerson,Senior Vice President of Communications & Marketing,2,US,2026-08-01,https://www.linkedin.com/company/blue-origin,Blue Origin,us_wide_B_othertag,US
https://www.linkedin.com/in/lauranessowens,Laura Ness Owens,Laura,Ness Owens,Chief Marketing Officer and Senior Vice President,3,US,2025-01-01,https://www.linkedin.com/company/bobcat-company,Bobcat Company,us_wide_A_vertical,US
https://www.linkedin.com/in/terry-auchstetter-899a2358,Terry Auchstetter,Terry,Auchstetter,Director of Marketing And Product Development,3,US,2024-03-01,https://www.linkedin.com/company/bodine-electric-company,Bodine Electric Company,us_wide_A_vertical,US
https://www.linkedin.com/in/kevin-machalek-7b2b2820,Kevin Machalek,Kevin,Machalek,Vice President Sales & Marketing,3,US,2026-02-01,https://www.linkedin.com/company/bodine-electric-company,Bodine Electric Company,us_wide_A_vertical,US
https://www.linkedin.com/in/tracy-bridges-85459541,Tracy Bridges,Tracy,Bridges,Vice President of Sales and Marketing,3,US,2026-01-01,https://www.linkedin.com/company/bonnell-aluminum,Bonnell Aluminum,us_wide_B_othertag,US
https://www.linkedin.com/in/sknightcreative,Steve Knight,Steve,Knight,"Director, Marketing & Creative Operations",3,US,2022-03-01,https://www.linkedin.com/company/boomsupersonic,Boom Supersonic,us_wide_B_othertag,US
https://www.linkedin.com/in/mike-totzke-88123a2b,Mike Totzke,Mike,Totzke,Vice President of Sales & Marketing,3,US,2026-04-01,https://www.linkedin.com/company/bonnie-plants-llc,"Bonnie Plants, LLC",us_wide_B_othertag,US
https://www.linkedin.com/in/winona-rogers-18632959,Winona Rogers,Winona,Rogers,Partner Program Manager,1,US,2026-07-01,https://www.linkedin.com/company/boschhomecomfort-us,Bosch Home Comfort USA,us_wide_A_vertical,US
https://www.linkedin.com/in/syedshahzer,Syed Shahzer,Syed,Shahzer,Interim Head of Marketing and Training,3,US,2025-06-01,https://www.linkedin.com/company/boschhomecomfort-us,Bosch Home Comfort USA,us_wide_A_vertical,US
https://www.linkedin.com/in/karley-serati-57002330,Karley Serati,Karley,Serati,Marketing Communications Manager,2,US,2023-07-01,https://www.linkedin.com/company/bobcat-company,Bobcat Company,us_wide_A_vertical,US
https://www.linkedin.com/in/catherine-delhalle,Catherine Delhalle,Catherine,Delhalle,Channel Development Manager,1,FR,2023-05-01,https://www.linkedin.com/company/bobcat-company,Bobcat Company,us_wide_A_vertical,US
https://www.linkedin.com/in/fred-funk-8335b27,Fred Funk,Fred,Funk,new dealer development manager,1,US,2009-01-01,https://www.linkedin.com/company/bobcat-company,Bobcat Company,us_wide_A_vertical,US
https://www.linkedin.com/in/heyjohn,John McCarthy,John,McCarthy,Head of Marketing Communications,2,US,2026-03-01,https://www.linkedin.com/company/bourns,"Bourns, Inc.",us_wide_B_othertag,US
https://www.linkedin.com/in/amie-jeffries,Amie Jeffries,Amie,Jeffries,"SVP, Sales & Marketing",3,US,2025-11-01,https://www.linkedin.com/company/boyd,Boyd,us_wide_B_othertag,US
https://www.linkedin.com/in/brian-divincenzo,Brian DiVincenzo,Brian,DiVincenzo,Senior Vice President Marketing,3,US,2023-12-01,https://www.linkedin.com/company/bradford-white,Bradford White,us_wide_A_vertical,US
https://www.linkedin.com/in/neal-heyman-7620b75a,Neal Heyman,Neal,Heyman,"Director, Marketing",3,US,2022-03-01,https://www.linkedin.com/company/bradford-white,Bradford White,us_wide_A_vertical,US
https://www.linkedin.com/in/ryan-mcandrews-80bab91b,Ryan McAndrews,Ryan,McAndrews,Wholesale Channel Marketing Manager,1,US,2025-03-01,https://www.linkedin.com/company/bradford-white,Bradford White,us_wide_A_vertical,US
https://www.linkedin.com/in/david-scofield-92330b64,David Scofield,David,Scofield,Marcom Manager,2,US,-,https://www.linkedin.com/company/bourns,"Bourns, Inc.",us_wide_B_othertag,US
https://www.linkedin.com/in/brad-chaffee-11447311,Brad Chaffee,Brad,Chaffee,VP Sales & Marketing,3,US,1993-03-01,https://www.linkedin.com/company/brc-rubber-&-plastics-inc,BRC Rubber & Plastics Inc,us_wide_A_vertical,US
https://www.linkedin.com/in/scott-wellman-33b486115,Scott Wellman,Scott,Wellman,Director Of Sales Marketing,3,US,2015-08-01,https://www.linkedin.com/company/brc-rubber-&-plastics-inc,BRC Rubber & Plastics Inc,us_wide_A_vertical,US
https://www.linkedin.com/in/brian-leahy-37913916,Brian Leahy,Brian,Leahy,Vice President Sales and Marketing,3,US,2025-04-01,https://www.linkedin.com/company/brasscraft,BrassCraft Manufacturing Company,us_wide_A_vertical,US
https://www.linkedin.com/in/debra-lewis-4662a07,Debra Lewis,Debra,Lewis,Channel Marketing Manager - Wholesale,1,US,2019-03-01,https://www.linkedin.com/company/brasscraft,BrassCraft Manufacturing Company,us_wide_A_vertical,US
https://www.linkedin.com/in/wanda-f-49527317,Wanda F.,Wanda,F.,Director of Marketing & Inside Sales,3,US,2012-01-01,https://www.linkedin.com/company/hosepower,Bridgestone HosePower,us_wide_A_vertical,US
https://www.linkedin.com/in/kim-jorgensen-4ba9a813,Kim Jorgensen,Kim,Jorgensen,Executive Vice President Sales Marketing,3,US,2023-10-01,https://www.linkedin.com/company/hosepower,Bridgestone HosePower,us_wide_A_vertical,US
https://www.linkedin.com/in/rebeccawood222,Becca Wood,Becca,Wood,Director of Marketing | ProMach ~ Brenton & Orion,3,US,2026-01-01,https://www.linkedin.com/company/brenton-engineering,Brenton Engineering,us_wide_B_othertag,US
https://www.linkedin.com/in/dcluka,David Cluka,David,Cluka,"Vice President, Sales and Marketing",3,US,-,https://www.linkedin.com/company/briggs-&-stratton,Briggs & Stratton,us_wide_A_vertical,US
https://www.linkedin.com/in/carissagingras,Carissa Gingras,Carissa,Gingras,"VP of Marketing, NA Turf & Consumer",3,US,2025-09-01,https://www.linkedin.com/company/briggs-&-stratton,Briggs & Stratton,us_wide_A_vertical,US
https://www.linkedin.com/in/markloesel,Mark Loesel,Mark,Loesel,Director of Product Marketing,3,US,2026-01-01,https://www.linkedin.com/company/bright-machines,Bright Machines,us_wide_B_othertag,US
https://www.linkedin.com/in/david-benowitz,David Benowitz,David,Benowitz,"VP, Strategy & Marketing Communications",2,US,2022-08-01,https://www.linkedin.com/company/brincdrones,BRINC Drones,us_wide_B_othertag,US
https://www.linkedin.com/in/j-p-benjamins-a546522,J.P. Benjamins,J.P.,Benjamins,Vice President - Product and Marketing,3,US,2025-10-01,https://www.linkedin.com/company/briggs-&-stratton,Briggs & Stratton,us_wide_A_vertical,US
https://www.linkedin.com/in/audmatthews,Audrey M.,Audrey,M.,"Sr. Director Brand, Growth Marketing & E-commerce",3,US,2018-11-01,https://www.linkedin.com/company/broan-nutone-llc,Broan-NuTone,us_wide_A_vertical,US
https://www.linkedin.com/in/tracy-krueger-0260b118,Tracy Krueger,Tracy,Krueger,Director of Brand and Channel Marketing,1,US,2025-06-01,https://www.linkedin.com/company/broan-nutone-llc,Broan-NuTone,us_wide_A_vertical,US
https://www.linkedin.com/in/melanie-allen-9a44057,Melanie Allen,Melanie,Allen,Chief Marketing Officer,3,US,2026-03-01,https://www.linkedin.com/company/brooks-running-company,Brooks Running,us_wide_A_vertical,US
https://www.linkedin.com/in/daniellehopcus,Danielle Pepperl,Danielle,Pepperl,"Director, Brand Marketing",3,US,2022-01-01,https://www.linkedin.com/company/brooks-running-company,Brooks Running,us_wide_A_vertical,US
https://www.linkedin.com/in/james-jim-miles-6122584,James (Jim) Miles,James (Jim),Miles,Director of Marketing EMEA,3,NL,2018-10-01,https://www.linkedin.com/company/brooks-running-company,Brooks Running,us_wide_A_vertical,US
https://www.linkedin.com/in/garrett-heath-1a861a8,Garrett Heath,Garrett,Heath,Head of Sports Marketing,3,US,2023-04-01,https://www.linkedin.com/company/brooks-running-company,Brooks Running,us_wide_A_vertical,US
https://www.linkedin.com/in/steve-swenerton-28240912,Steve Swenerton,Steve,Swenerton,SVP Marketing and Sales,3,US,-,https://www.linkedin.com/company/broan-nutone-llc,Broan-NuTone,us_wide_A_vertical,US
https://www.linkedin.com/in/thomaspomalley,Thomas P. O'Malley,Thomas P.,O'Malley,Senior Vice President Sales Marketing,3,US,2021-08-01,https://www.linkedin.com/company/brundage-bone-,Brundage-Bone Concrete Pumping,us_wide_A_vertical,US
https://www.linkedin.com/in/alexandra-kipperman-52753818,Alexandra Kipperman,Alexandra,Kipperman,Senior Director Brand & Product Marketing,3,US,2026-03-01,https://www.linkedin.com/company/brunswick-boat-group,Brunswick Boat Group,us_wide_B_othertag,US
https://www.linkedin.com/in/ryanngo1,Ryan Ngo,Ryan,Ngo,"Vice President, Marketing & Direct Sales, Americas",3,US,2026-03-01,https://www.linkedin.com/company/brooks-running-company,Brooks Running,us_wide_A_vertical,US
https://www.linkedin.com/in/connor-skutches-7b57a578,Connor Skutches,Connor,Skutches,"Director, Product Marketing",3,US,2024-07-01,https://www.linkedin.com/company/brooks-running-company,Brooks Running,us_wide_A_vertical,US
https://www.linkedin.com/in/hannahsuver,Hannah Mann,Hannah,Mann,Vice President of Marketing,3,US,2024-04-01,https://www.linkedin.com/company/buckeyepowersales,Buckeye Power Sales,us_wide_A_vertical,US
https://www.linkedin.com/in/steviejones4,Stevie Jones,Stevie,Jones,"Senior Manager, Brand Partnerships & Lifestyle Marketing",1,US,2025-03-01,https://www.linkedin.com/company/brooks-running-company,Brooks Running,us_wide_A_vertical,US
https://www.linkedin.com/in/susana-pezzi-rodriguez,Susana Pezzi Rodrìguez,Susana,Pezzi Rodrìguez,Director Strategic initiatives and Marketing operations Global,3,ES,2025-01-01,https://www.linkedin.com/company/brooks-running-company,Brooks Running,us_wide_A_vertical,US
https://www.linkedin.com/in/brandigoodin,Brandi Goodin,Brandi,Goodin,Vice President Marketing Communications,2,US,2023-07-01,https://www.linkedin.com/company/bunn,BUNN,us_wide_B_othertag,US
https://www.linkedin.com/in/gfmonticello,George Monticello,George,Monticello,Channel Marketing Manager,1,US,2025-09-01,https://www.linkedin.com/company/bullard,Bullard,us_wide_B_othertag,US
https://www.linkedin.com/in/toddlloyd99,Todd Lloyd,Todd,Lloyd,Director of Americas Marketing & Sales,3,US,2025-11-01,https://www.linkedin.com/company/bullard,Bullard,us_wide_B_othertag,US
https://www.linkedin.com/in/friesenmark,Mark Friesen,Mark,Friesen,Vice President of Marketing,3,US,2026-02-01,https://www.linkedin.com/company/bunting-magnetics-co,Bunting,us_wide_A_vertical,US
https://www.linkedin.com/in/aronjsweeney,"Aron J Sweeney, MBA, LSSBB, CSM",Aron J,"Sweeney, MBA, LSSBB, CSM",VP of Marketing,3,US,2024-12-01,https://www.linkedin.com/company/burwell-material-handling,Burwell Material Handling,us_wide_A_vertical,US
https://www.linkedin.com/in/joegondek,Joe Gondek,Joe,Gondek,Director of Marketing and Communications,3,US,2024-06-01,https://www.linkedin.com/company/buyers-products,Buyers Products Company,us_wide_A_vertical,US
https://www.linkedin.com/in/emilyhfletcher,Emily Fletcher,Emily,Fletcher,Vice President of Marketing,3,US,2026-03-01,https://www.linkedin.com/company/bw-packaging-systems,BW Packaging,us_wide_B_othertag,US
https://www.linkedin.com/in/christiemmenegger,Christi Emmenegger,Christi,Emmenegger,"Vice President of Strategic Marketing, BW Packaging",3,US,2020-11-01,https://www.linkedin.com/company/bw-packaging-systems,BW Packaging,us_wide_B_othertag,US
https://www.linkedin.com/in/scott-h-51081b78,Scott H.,Scott,H.,"VP of Sales and Marketing, US and Canada",3,US,2023-01-01,https://www.linkedin.com/company/bwt-pool-us,BWT Pool Products US,us_wide_B_othertag,US
https://www.linkedin.com/in/donna-wolfe-68656711,Donna Wolfe,Donna,Wolfe,Director Strategic Marketing,3,US,2019-10-01,https://www.linkedin.com/company/bwintegratedsystems,BW Integrated Systems,us_wide_B_othertag,US
https://www.linkedin.com/in/kris-tennyson-516b1222,Kris Tennyson,Kris,Tennyson,Vice President of Sales and Marketing Americas,3,US,2026-04-01,https://www.linkedin.com/company/bystronic-inc-,Bystronic Inc.,us_wide_A_vertical,US
https://www.linkedin.com/in/spencerdouglas98,Spencer Douglas,Spencer,Douglas,Chief Marketing Officer,3,US,2023-06-01,https://www.linkedin.com/company/building-zone-industries,BZI,us_wide_A_vertical,US
https://www.linkedin.com/in/nelsonchristinan,Christina Nelson,Christina,Nelson,Director of Marketing,3,US,2026-01-01,https://www.linkedin.com/company/cadwell-laboratories,Cadwell,us_wide_B_othertag,US
https://www.linkedin.com/in/mark-parisi-02658310,Mark Parisi,Mark,Parisi,Vice President of Sales & Marketing,3,US,2023-09-01,https://www.linkedin.com/company/calspan,Calspan,us_wide_B_othertag,US
https://www.linkedin.com/in/kara-whitehouse-608649129,Kara Whitehouse,Kara,Whitehouse,Director of Marketing,3,US,-,https://www.linkedin.com/company/caltexus,CalTex,us_wide_B_othertag,US
https://www.linkedin.com/in/shanti-taylor,Shanti Taylor,Shanti,Taylor,Marketing & Communications Manager,2,US,2022-12-01,https://www.linkedin.com/company/caltrol,Caltrol Inc.,us_wide_A_vertical,US
https://www.linkedin.com/in/veronicaheatherly,Veronica Heatherly Trimarchi,Veronica,Heatherly Trimarchi,Marketing Communications Manager,2,US,2021-11-01,https://www.linkedin.com/company/camfil-air-pollution-control,Camfil Air Pollution Control,us_wide_B_othertag,US
https://www.linkedin.com/in/todd-snellenburg,Todd Snellenburg,Todd,Snellenburg,SVP Sales & Marketing,3,US,2025-09-01,https://www.linkedin.com/company/camco-manufacturing,Camco,us_wide_A_vertical,US
https://www.linkedin.com/in/adrienne-reed,Adrienne Reed,Adrienne,Reed,Channel Marketing Manager,1,US,2025-03-01,https://www.linkedin.com/company/camco-manufacturing,Camco,us_wide_A_vertical,US
https://www.linkedin.com/in/dave-milius-76787640,Dave Milius,Dave,Milius,Vice President of Sales and Marketing,3,US,2019-10-01,https://www.linkedin.com/company/cantex-inc.,CANTEX Inc,us_wide_A_vertical,US
https://www.linkedin.com/in/pat-plusnick-65512731,Pat Plusnick,Pat,Plusnick,Network/Operations Manager,1,US,-,https://www.linkedin.com/company/cantex-inc.,CANTEX Inc,us_wide_A_vertical,US
https://www.linkedin.com/in/matt-valenti-a89b9811,Matt Valenti,Matt,Valenti,"Leasing Manager, Development Partner",1,US,2002-01-01,https://www.linkedin.com/company/cameron,Cameron Products,us_wide_A_vertical,US
https://www.linkedin.com/in/jakson,Jakson Clark,Jakson,Clark,Vice President of Sales and Marketing,3,US,2024-09-01,https://www.linkedin.com/company/canyon-aeroconnect,Canyon AeroConnect,us_wide_B_othertag,US
https://www.linkedin.com/in/goodwinbrett,Brett Goodwin,Brett,Goodwin,Vice President Marketing,3,US,2022-07-01,https://www.linkedin.com/company/carbonrobotics,Carbon Robotics,us_wide_B_othertag,US
https://www.linkedin.com/in/larry-felix-pmd-4849b322,Larry Felix - PMD,Larry,Felix - PMD,VP Sales & Marketing,3,US,2014-02-01,https://www.linkedin.com/company/carlile-transportation-systems-llc,Carlile Transportation,us_wide_A_vertical,US
https://www.linkedin.com/in/sean-coleman-45536a1,Sean Coleman,Sean,Coleman,"Vice President, Sales and Marketing",3,US,2017-04-01,https://www.linkedin.com/company/carlisle-brake-&-friction,Carlisle Brake & Friction,us_wide_A_vertical,US
https://www.linkedin.com/in/james-marietta-51b3011a,James Marietta,James,Marietta,Director - Americas OE Sales & Marketing,3,US,-,https://www.linkedin.com/company/carlisle-brake-&-friction,Carlisle Brake & Friction,us_wide_A_vertical,US
https://www.linkedin.com/in/carrie-boesiger-1b399541,Carrie Boesiger,Carrie,Boesiger,Marketing Communications Manager,2,US,2011-07-01,https://www.linkedin.com/company/carlisle-brake-&-friction,Carlisle Brake & Friction,us_wide_A_vertical,US
https://www.linkedin.com/in/ed-roper-99238225,Ed Roper,Ed,Roper,Vice President Marketing and Business Development,3,US,-,https://www.linkedin.com/company/cameron,Cameron Products,us_wide_A_vertical,US
https://www.linkedin.com/in/bill-besash-cfa-1b885aa,"Bill Besash, CFA",Bill,"Besash, CFA",Vice President Strategic Marketing,3,US,2025-02-01,https://www.linkedin.com/company/carpenter-technology,Carpenter Technology Corporation,us_wide_A_vertical,US
https://www.linkedin.com/in/jsegal,Jonathan Segal,Jonathan,Segal,"Global Director, Brand and Marketing",3,US,2019-02-01,https://www.linkedin.com/company/carpenter-technology,Carpenter Technology Corporation,us_wide_A_vertical,US
https://www.linkedin.com/in/ned-galka-8a0686,Ned Galka,Ned,Galka,"Director, Global Strategic Marketing",3,US,2016-09-01,https://www.linkedin.com/company/carpenter-technology,Carpenter Technology Corporation,us_wide_A_vertical,US
https://www.linkedin.com/in/stefaniemachauf,Stefanie Machauf,Stefanie,Machauf,Country Marketing & Communications Manager,2,DE,2023-01-01,https://www.linkedin.com/company/carrier-hvac-europe,Carrier HVAC Europe,us_wide_A_vertical,US
https://www.linkedin.com/in/antonia-jimenez,Antonia JIMÉNEZ,Antonia,JIMÉNEZ,Marketing & Communication Director I Iberica,2,ES,2025-10-01,https://www.linkedin.com/company/carrier-hvac-europe,Carrier HVAC Europe,us_wide_A_vertical,US
https://www.linkedin.com/in/juliecardincomm,Julie Cardin-Moulager,Julie,Cardin-Moulager,"Director, Marketing & Communications EMEA",2,FR,2026-03-01,https://www.linkedin.com/company/carrier-transicold,Carrier Transicold Truck Trailer Refrigeration,us_wide_A_vertical,US
https://www.linkedin.com/in/annette-marado-a5247010,Annette Marado,Annette,Marado,Director - Marketing,3,US,2014-01-01,https://www.linkedin.com/company/carpenter-technology,Carpenter Technology Corporation,us_wide_A_vertical,US
https://www.linkedin.com/in/laura-laguire-4a048310,Laura LaGuire,Laura,LaGuire,VP of Sales and Marketing,3,US,2022-07-01,https://www.linkedin.com/company/cascade-die-casting-group-inc.,"Cascade Die Casting Group, Inc.",us_wide_B_othertag,US
https://www.linkedin.com/in/jeff-doornbos-6a022a3a,Jeff Doornbos,Jeff,Doornbos,Vice President of Sales & Marketing,3,US,2020-01-01,https://www.linkedin.com/company/cascade-die-casting-group-inc.,"Cascade Die Casting Group, Inc.",us_wide_B_othertag,US
https://www.linkedin.com/in/charlotte-henry-42788aa9,Charlotte Henry,Charlotte,Henry,Responsable marketing produit,3,FR,2026-05-01,https://www.linkedin.com/company/carrier-hvac-europe,Carrier HVAC Europe,us_wide_A_vertical,US
https://www.linkedin.com/in/segolene-archange,Ségolène ARCHANGE,Ségolène,ARCHANGE,Responsable Marketing Digital,3,FR,2020-09-01,https://www.linkedin.com/company/carrier-hvac-europe,Carrier HVAC Europe,us_wide_A_vertical,US
https://www.linkedin.com/in/mary-udry-4045564,Mary Udry,Mary,Udry,"Associate Director, Marketing",3,US,2024-01-01,https://www.linkedin.com/company/carrier-transicold,Carrier Transicold Truck Trailer Refrigeration,us_wide_A_vertical,US
https://www.linkedin.com/in/terkel-hyldgaard-a0b82222,Terkel Hyldgaard,Terkel,Hyldgaard,Network & Technical Director Scandinavia,1,DK,2024-01-01,https://www.linkedin.com/company/carrier-transicold,Carrier Transicold Truck Trailer Refrigeration,us_wide_A_vertical,US
https://www.linkedin.com/in/cinndra-boutin-941b72181,Cinndra Boutin,Cinndra,Boutin,Responsable Marketing et Communication,2,FR,2000-04-01,https://www.linkedin.com/company/case-construction-equipment,CASE Construction Equipment,us_wide_A_vertical,US
https://www.linkedin.com/in/cecilia-strazel,Cecilia Strazel,Cecilia,Strazel,Responsable Marketing Événementiel & Hospitalité,3,FR,2026-05-01,https://www.linkedin.com/company/case-construction-equipment,CASE Construction Equipment,us_wide_A_vertical,US
https://www.linkedin.com/in/patrick-altmann-902b1b38,Patrick Altmann,Patrick,Altmann,Network Development Manager,1,US,2023-04-01,https://www.linkedin.com/company/case-construction-equipment,CASE Construction Equipment,us_wide_A_vertical,US
https://www.linkedin.com/in/neil-maher-92a30b11a,Neil Maher,Neil,Maher,Network Operations Manager,1,GB,2013-06-01,https://www.linkedin.com/company/carrier-transicold,Carrier Transicold Truck Trailer Refrigeration,us_wide_A_vertical,US
https://www.linkedin.com/in/edna-martinez-51326814,Edna Martinez,Edna,Martinez,Corporate Marketing & Communications Manager,2,US,2021-09-01,https://www.linkedin.com/company/ccc-group-inc.,"CCC Group, Inc.",us_wide_A_vertical,US
https://www.linkedin.com/in/tina-lo-560a45273,Tina Lo,Tina,Lo,Director of Sales and Marketing,3,US,2018-05-01,https://www.linkedin.com/company/china-custom-manufacturing,CCM,us_wide_B_othertag,US
https://www.linkedin.com/in/simonpearce1,Simon Pearce,Simon,Pearce,Vice President Sales & Marketing Beverage Worldwide,3,US,2020-03-01,https://www.linkedin.com/company/ccl-label,CCL Label,us_wide_A_vertical,US
https://www.linkedin.com/in/jan%c4%81-stevens-mba-2b467a3,"Janā Stevens, MBA",Janā,"Stevens, MBA",Senior Vice President - Marketing and Strategic Communications,3,US,2023-11-01,https://www.linkedin.com/company/cefcu,CEFCU,us_wide_A_vertical,US
https://www.linkedin.com/in/tracy-denning-10a3a02,Tracy Denning,Tracy,Denning,I.T. Network Communications Manager,1,US,2011-12-01,https://www.linkedin.com/company/cefcu,CEFCU,us_wide_A_vertical,US
https://www.linkedin.com/in/zeynep-ergungor-072a372,Zeynep Ergungor,Zeynep,Ergungor,Director of Strategic Marketing and Specialty Membrane Solutions,3,US,2026-05-01,https://www.linkedin.com/company/celgard,Celgard,us_wide_B_othertag,US
https://www.linkedin.com/in/miguelzorrilla,Miguel Zorrilla,Miguel,Zorrilla,"Senior Vice President, Marketing",3,US,2025-11-01,https://www.linkedin.com/company/central-garden-and-pet,Central Garden & Pet,us_wide_A_vertical,US
https://www.linkedin.com/in/amlinkotei,Amlin Kotei,Amlin,Kotei,Director of Marketing,3,US,2018-01-01,https://www.linkedin.com/company/central-garden-and-pet,Central Garden & Pet,us_wide_A_vertical,US
https://www.linkedin.com/in/annarbell,Anna Bell,Anna,Bell,Senior Vice President Marketing (CMO),3,US,2022-01-01,https://www.linkedin.com/company/central-garden-and-pet,Central Garden & Pet,us_wide_A_vertical,US
https://www.linkedin.com/in/wesleyboas,Wesley Boas,Wesley,Boas,Vice President Digital Marketing,3,US,2023-01-01,https://www.linkedin.com/company/central-garden-and-pet,Central Garden & Pet,us_wide_A_vertical,US
https://www.linkedin.com/in/andymonfalcone,Andy Monfalcone,Andy,Monfalcone,Senior Director Of Marketing,3,US,2020-01-01,https://www.linkedin.com/company/central-garden-and-pet,Central Garden & Pet,us_wide_A_vertical,US
https://www.linkedin.com/in/degregorioj,Jessica D.,Jessica,D.,Director of Brand Marketing,3,US,2022-01-01,https://www.linkedin.com/company/central-garden-and-pet,Central Garden & Pet,us_wide_A_vertical,US
https://www.linkedin.com/in/kathleen-fregeau-tallent-03905a1,Kathleen Fregeau Tallent,Kathleen,Fregeau Tallent,Director of Marketing,3,US,2022-09-01,https://www.linkedin.com/company/central-garden-and-pet,Central Garden & Pet,us_wide_A_vertical,US
https://www.linkedin.com/in/melissapitfield,Melissa Pitfield,Melissa,Pitfield,Director of Marketing & Communications,2,US,2018-04-01,https://www.linkedin.com/company/central-states-industrial-csi,Central States Industrial (CSI),us_wide_A_vertical,US
https://www.linkedin.com/in/ty-windy-8b3a785a,Ty Windy,Ty,Windy,Director of Sales & Marketing,3,US,2020-07-01,https://www.linkedin.com/company/centro-inc.,"Centro, Inc.",us_wide_A_vertical,US
https://www.linkedin.com/in/cindimunden,Cindi Clark,Cindi,Clark,"Associate Director, Digital Marketing",3,US,2023-04-01,https://www.linkedin.com/company/central-garden-and-pet,Central Garden & Pet,us_wide_A_vertical,US
https://www.linkedin.com/in/searsrebecca,Rebecca Sears,Rebecca,Sears,"Chief Marketing Officer, Green Garden",3,US,2017-08-01,https://www.linkedin.com/company/central-garden-and-pet,Central Garden & Pet,us_wide_A_vertical,US
https://www.linkedin.com/in/jason-casto,Jason Casto,Jason,Casto,"Sr. Director of Marketing, Aquatics & Reptile",3,US,2025-07-01,https://www.linkedin.com/company/central-garden-and-pet,Central Garden & Pet,us_wide_A_vertical,US
https://www.linkedin.com/in/sarah-reed-jarvis-4aa2866,Sarah (Reed) Jarvis,Sarah (Reed),Jarvis,Director of Marketing - Equine Division,3,US,2025-01-01,https://www.linkedin.com/company/central-garden-and-pet,Central Garden & Pet,us_wide_A_vertical,US
https://www.linkedin.com/in/manny-orejuela-73751a13,Manny Orejuela,Manny,Orejuela,"Vice President of Marketing, Kaytee Wild Bird, Small Animal, and Pet Bird , Central Specialty Pet",3,US,2020-01-01,https://www.linkedin.com/company/central-garden-and-pet,Central Garden & Pet,us_wide_A_vertical,US
https://www.linkedin.com/in/corinne-mcnamara-burgess-pmp-b85b6b16,Corinne Mcnamara Burgess Pmp,Corinne,Mcnamara Burgess Pmp,Director Project Management for Marketing Operations,3,US,2024-07-01,https://www.linkedin.com/company/central-garden-and-pet,Central Garden & Pet,us_wide_A_vertical,US
https://www.linkedin.com/in/asadler1,Andy Sadler,Andy,Sadler,Director of Marketing - Grass Seed,3,US,2024-04-01,https://www.linkedin.com/company/central-garden-and-pet,Central Garden & Pet,us_wide_A_vertical,US
https://www.linkedin.com/in/stash-easton-mba-72242538,"Stash Easton, MBA",Stash,"Easton, MBA",Director of Equine Trade Marketing & Business Development,3,US,2025-02-01,https://www.linkedin.com/company/central-garden-and-pet,Central Garden & Pet,us_wide_A_vertical,US
https://www.linkedin.com/in/john-ringold-9ba0391a,John Ringold,John,Ringold,Corporate Director of Marketing,3,US,1996-05-01,https://www.linkedin.com/company/century-fasteners-corp-,Century Fasteners Corp.,us_wide_B_othertag,US
https://www.linkedin.com/in/chanin-gill-078984a,Chanin Gill,Chanin,Gill,Director of Marketing - Wild Bird & Private Label,3,US,2015-01-01,https://www.linkedin.com/company/central-garden-and-pet,Central Garden & Pet,us_wide_A_vertical,US
https://www.linkedin.com/in/lisa-barnes-b042924,Lisa Barnes,Lisa,Barnes,Vice President of Marketing Operations,3,US,2025-11-01,https://www.linkedin.com/company/central-garden-and-pet,Central Garden & Pet,us_wide_A_vertical,US
https://www.linkedin.com/in/monekqua-starling-23672410,Monekqua Starling,Monekqua,Starling,Director of Marketing Nylabone Toys & Four Paws,3,US,2026-06-01,https://www.linkedin.com/company/central-garden-and-pet,Central Garden & Pet,us_wide_A_vertical,US
https://www.linkedin.com/in/stacy-blint,Stacy B.,Stacy,B.,"Director, Digital Marketing & Creative Services",3,US,-,https://www.linkedin.com/company/central-garden-and-pet,Central Garden & Pet,us_wide_A_vertical,US
https://www.linkedin.com/in/larry-mcconnell-54402a4,Larry McConnell,Larry,McConnell,"Manager, Network Tooling",1,US,2012-02-01,https://www.linkedin.com/company/cessna-aircraft-company,Cessna Aircraft Company,us_wide_B_othertag,US
https://www.linkedin.com/in/mollysaint,Molly Saint,Molly,Saint,"Senior Director, Global Field Marketing and Customer Marketing",3,US,2023-04-01,https://www.linkedin.com/company/chainalysis,Chainalysis,us_wide_A_vertical,US
https://www.linkedin.com/in/m-c-dobronauteanu,Maria Carla Dobronauteanu,Maria Carla,Dobronauteanu,"Head of Field Marketing, EMEA",3,GB,2025-05-01,https://www.linkedin.com/company/chainalysis,Chainalysis,us_wide_A_vertical,US
https://www.linkedin.com/in/ac-de-la-porte,Anne-Charlotte D.,Anne-Charlotte,D.,VP of Marketing,3,US,2022-09-01,https://www.linkedin.com/company/cg-roxane,CG Roxane LLC (Crystal Geyser® Alpine Spring Water®),us_wide_B_othertag,US
https://www.linkedin.com/in/jenniskorzewski,Jennifer (Reitz) Skorzewski,Jennifer,(Reitz) Skorzewski,"Director, Marketing",3,US,-,https://www.linkedin.com/company/central-garden-and-pet,Central Garden & Pet,us_wide_A_vertical,US
https://www.linkedin.com/in/kruger-richard-1b4350,Kruger Richard,Kruger,Richard,"Vice President, Sales and Marketing",3,US,-,https://www.linkedin.com/company/champlain-cable-corporation,Champlain Cable Corporation,us_wide_A_vertical,US
https://www.linkedin.com/in/shannonappleby,Shannon Hughes,Shannon,Hughes,Head of Business Development & Strategic Partnerships,1,US,2023-07-01,https://www.linkedin.com/company/chainalysis,Chainalysis,us_wide_A_vertical,US
https://www.linkedin.com/in/adhwang,Alan Hwang,Alan,Hwang,Head of Technical Marketing,3,US,2022-06-01,https://www.linkedin.com/company/chainalysis,Chainalysis,us_wide_A_vertical,US
https://www.linkedin.com/in/ryan-dearment-6217969,Ryan DeArment,Ryan,DeArment,EVP Sales & Marketing,3,US,-,https://www.linkedin.com/company/channellock,"Channellock, Inc.",us_wide_B_othertag,US
https://www.linkedin.com/in/scott-jonap-a020b6a,Scott Jonap,Scott,Jonap,"Vice-President, Sales & Marketing",3,US,-,https://www.linkedin.com/company/channellock,"Channellock, Inc.",us_wide_B_othertag,US
https://www.linkedin.com/in/towandalong,"Towanda Long, APR",Towanda,"Long, APR",Director of Marketing,3,US,2008-09-01,https://www.linkedin.com/company/charlotte-pipe-and-foundry,Charlotte Pipe and Foundry Company,us_wide_A_vertical,US
https://www.linkedin.com/in/vince-vollo-08075158,Vince Vollo,Vince,Vollo,Vice President of Marketing,3,US,2024-07-01,https://www.linkedin.com/company/chapin-international,"Chapin International, Inc.",us_wide_A_vertical,US
https://www.linkedin.com/in/tracy-j-light-9964a5236,Tracy J. Light,Tracy,J. Light,Head of Marketing,3,US,2026-06-01,https://www.linkedin.com/company/chainalysis,Chainalysis,us_wide_A_vertical,US
https://www.linkedin.com/in/rod-tomita-b4b18669,Rod Tomita,Rod,Tomita,VP Sales & Marketing,3,US,2007-04-01,https://www.linkedin.com/company/chas-roberts-air-conditioning-inc.,"Chas Roberts Air Conditioning, Inc.",us_wide_A_vertical,US
https://www.linkedin.com/in/al-madonna-770b951b,Al Madonna,Al,Madonna,Vice President of Marketing,3,US,2019-08-01,https://www.linkedin.com/company/cheer-pack-north-america,Cheer Pack North America,us_wide_B_othertag,US
https://www.linkedin.com/in/miguel-psillakis-53889959,Miguel Psillakis,Miguel,Psillakis,Executive Vice-President Sales & Marketing,3,US,2025-01-01,https://www.linkedin.com/company/chem-trend,Chem-Trend,us_wide_B_othertag,US
https://www.linkedin.com/in/julie-brown-4398432,Julie Brown,Julie,Brown,"Director, Global Marketing",3,US,-,https://www.linkedin.com/company/chem-trend,Chem-Trend,us_wide_B_othertag,US
https://www.linkedin.com/in/philwarmbier,Phil Warmbier,Phil,Warmbier,VP Sales & Marketing/Business Line Manager,3,US,2018-09-01,https://www.linkedin.com/company/chicago-pneumatic,Chicago Pneumatic,us_wide_A_vertical,US
https://www.linkedin.com/in/abigailabh,Abigail H.,Abigail,H.,Marketing Communications Manager,2,US,2025-09-01,https://www.linkedin.com/company/chicago-pneumatic,Chicago Pneumatic,us_wide_A_vertical,US
https://www.linkedin.com/in/kwga,Kyle W. G. A.,Kyle W. G.,A.,Network Services Director,1,US,2024-04-01,https://www.linkedin.com/company/chicago-public-schools,Chicago Public Schools - Department of STEM - Computer Science/Robotics,us_wide_B_othertag,US
https://www.linkedin.com/in/juliemeckley,Julie Meckley,Julie,Meckley,"Director, Channel Marketing",1,US,2026-03-01,https://www.linkedin.com/company/chervon-north-america,"Chervon North America, Inc",us_wide_A_vertical,US
https://www.linkedin.com/in/gina-vaskovsky-69039ba0,Gina Vaskovsky,Gina,Vaskovsky,Channel Marketing Manager,1,US,2026-02-01,https://www.linkedin.com/company/chervon-north-america,"Chervon North America, Inc",us_wide_A_vertical,US
https://www.linkedin.com/in/travis-campbell-7780737,Travis Campbell,Travis,Campbell,Vice President of Marketing & Ecommerce,3,US,2026-01-01,https://www.linkedin.com/company/chervon-north-america,"Chervon North America, Inc",us_wide_A_vertical,US
https://www.linkedin.com/in/jason-kiefer-29717654,Jason Kiefer,Jason,Kiefer,Channel Marketing Manager,1,US,2023-07-01,https://www.linkedin.com/company/chervon-north-america,"Chervon North America, Inc",us_wide_A_vertical,US
https://www.linkedin.com/in/jon-miller-057a92,Jon Miller,Jon,Miller,"Vice President, Sales and Marketing",3,US,2009-06-01,https://www.linkedin.com/company/chicago-white-metal-casting-inc-,"Chicago White Metal Casting, Inc.",us_wide_B_othertag,US
https://www.linkedin.com/in/michael-dimitroff-9139135,Michael Dimitroff,Michael,Dimitroff,VP Sales & Marketing,3,US,-,https://www.linkedin.com/company/chicago-white-metal-casting-inc-,"Chicago White Metal Casting, Inc.",us_wide_B_othertag,US
https://www.linkedin.com/in/courtneyhill1,Courtney Hill,Courtney,Hill,"Executive Director, Marketing",3,US,2017-02-01,https://www.linkedin.com/company/chicago-public-schools,Chicago Public Schools - Department of STEM - Computer Science/Robotics,us_wide_B_othertag,US
https://www.linkedin.com/in/sonia-castro-6825b5b4,Sonia Castro,Sonia,Castro,Network Operations Manager,1,US,2015-02-01,https://www.linkedin.com/company/chicago-public-schools,Chicago Public Schools - Department of STEM - Computer Science/Robotics,us_wide_B_othertag,US
https://www.linkedin.com/in/joseph-turoff-6790aa303,Joseph Turoff,Joseph,Turoff,Chief Marketing Officer,3,US,-,https://www.linkedin.com/company/chervon-north-america,"Chervon North America, Inc",us_wide_A_vertical,US
https://www.linkedin.com/in/peter-gallagher-b0b11a52,Peter Gallagher,Peter,Gallagher,Vice President Sales Marketing,3,US,2024-01-01,https://www.linkedin.com/company/chroma-color-corporation,Chroma Color Corporation,us_wide_A_vertical,US
https://www.linkedin.com/in/ally-ferreira,Ally Ferreira,Ally,Ferreira,Director Service Network,1,US,2022-11-01,https://www.linkedin.com/company/choice-home-warranty,Choice Home Warranty,us_wide_A_vertical,US
https://www.linkedin.com/in/adamheiligenstein,Adam Heiligenstein,Adam,Heiligenstein,VP Marketing,3,US,-,https://www.linkedin.com/company/chromalox,Chromalox,us_wide_A_vertical,US
https://www.linkedin.com/in/xai-yang,"Xai Yang, MBA",Xai,"Yang, MBA",Associate Director of Marketing,3,US,2020-03-01,https://www.linkedin.com/company/chicago-public-schools,Chicago Public Schools - Department of STEM - Computer Science/Robotics,us_wide_B_othertag,US
https://www.linkedin.com/in/wendell-cooper-1196417b,Wendell Cooper,Wendell,Cooper,Network Safety Manager,1,US,2024-04-01,https://www.linkedin.com/company/chicago-public-schools,Chicago Public Schools - Department of STEM - Computer Science/Robotics,us_wide_B_othertag,US
https://www.linkedin.com/in/gaby-reyes-0143576,Gaby Reyes,Gaby,Reyes,Network Operations Manager,1,US,2018-01-01,https://www.linkedin.com/company/chicago-public-schools,Chicago Public Schools - Department of STEM - Computer Science/Robotics,us_wide_B_othertag,US
https://www.linkedin.com/in/johnfelice,"John Felice, CLCS CLTC",John,"Felice, CLCS CLTC","Senior Manager, Agency Channel Development",1,US,2024-12-01,https://www.linkedin.com/company/cinch-home-services,Cinch Home Services,us_wide_A_vertical,US
https://www.linkedin.com/in/rrepich,Richard R.,Richard,R.,Senior Director Service Network,1,US,2024-01-01,https://www.linkedin.com/company/cinch-home-services,Cinch Home Services,us_wide_A_vertical,US
https://www.linkedin.com/in/giannacarme,Gianna Mann,Gianna,Mann,"Associate Director, Brand Marketing",3,US,2026-02-01,https://www.linkedin.com/company/cinch-home-services,Cinch Home Services,us_wide_A_vertical,US
https://www.linkedin.com/in/hilda-martinez-marketingexcellence,Hilda Fagan,Hilda,Fagan,"Director, Marketing Telesales",3,US,2024-10-01,https://www.linkedin.com/company/cinch-home-services,Cinch Home Services,us_wide_A_vertical,US
https://www.linkedin.com/in/rebecca-hanlin-05546a54,Rebecca Hanlin,Rebecca,Hanlin,Service Network Program Manager,1,US,-,https://www.linkedin.com/company/cinch-home-services,Cinch Home Services,us_wide_A_vertical,US
https://www.linkedin.com/in/cassandrachangfatt,Cassandra Chang Fatt,Cassandra,Chang Fatt,"Senior Marketing Manager, Partner Channel",1,US,2025-08-01,https://www.linkedin.com/company/cinch-home-services,Cinch Home Services,us_wide_A_vertical,US
https://www.linkedin.com/in/jonnycook,Jonathan Cook,Jonathan,Cook,Director of Marketing Operations,3,US,2026-01-01,https://www.linkedin.com/company/cimsense,CIMSENSE,us_wide_B_othertag,US
https://www.linkedin.com/in/andrew-walker-5a176310,Andrew Walker,Andrew,Walker,Vice President Marketing,3,US,2024-12-01,https://www.linkedin.com/company/cit-relay-&-switch,CIT Relay & Switch,us_wide_B_othertag,US
https://www.linkedin.com/in/meredith-siems-2b6511299,Meredith Siems,Meredith,Siems,Division Director of Communication & Marketing,2,US,2025-01-01,https://www.linkedin.com/company/city-of-altamonte-springs,City of Altamonte Springs,us_wide_B_othertag,US
https://www.linkedin.com/in/liz-kolodney-45a7367,Liz Kolodney,Liz,Kolodney,Director of Communications and Marketing,3,US,1994-05-01,https://www.linkedin.com/company/city-of-coral-springs,City of Coral Springs,us_wide_B_othertag,US
https://www.linkedin.com/in/meredith-clampitt-whaley-18604621,Meredith Clampitt Whaley,Meredith,Clampitt Whaley,Vice President Marketing,3,US,2022-01-01,https://www.linkedin.com/company/clampitt-paper-company,Clampitt Paper Company,us_wide_B_othertag,US
https://www.linkedin.com/in/andy-weigel-a77ba812,Andy Weigel,Andy,Weigel,Dealer Development Manager - Allison Transmission,1,US,2023-10-01,https://www.linkedin.com/company/clarke,"Clarke Power Services, Inc.",us_wide_A_vertical,US
https://www.linkedin.com/in/sergio-jimenez-6462b18,Sergio Jimenez,Sergio,Jimenez,Director of Dealer Development,1,US,2017-01-01,https://www.linkedin.com/company/clarke,"Clarke Power Services, Inc.",us_wide_A_vertical,US
https://www.linkedin.com/in/greg-olson-b3b03277,Greg Olson,Greg,Olson,Director of Strategic Marketing & Business Development,3,US,2023-05-01,https://www.linkedin.com/company/click-bond,Click Bond,us_wide_B_othertag,US
https://www.linkedin.com/in/robert-trembicki-8a917057,Robert Trembicki,Robert,Trembicki,"Vice President, Sales and Marketing",3,US,2024-10-01,https://www.linkedin.com/company/click-bond,Click Bond,us_wide_B_othertag,US
https://www.linkedin.com/in/neil-tamppari-5798523,Neil Tamppari,Neil,Tamppari,Director of Sales and Marketing,3,US,2024-05-01,https://www.linkedin.com/company/climate-by-design-international,Climate by Design International,us_wide_A_vertical,US
https://www.linkedin.com/in/lauraharris,Laura Everidge (Harris),Laura,Everidge (Harris),Director of Marketing,3,US,2025-07-01,https://www.linkedin.com/company/climate-control-group,Climate Control Group,us_wide_A_vertical,US
https://www.linkedin.com/in/wallace-kittredge-b0181014,Wallace Kittredge,Wallace,Kittredge,Marketing Communications Manager,2,US,2022-11-01,https://www.linkedin.com/company/climate-control-group,Climate Control Group,us_wide_A_vertical,US
https://www.linkedin.com/in/andrew-aurand-189b6061,Andrew Aurand,Andrew,Aurand,Director of Sales and Marketing,3,US,2025-05-01,https://www.linkedin.com/company/clippard-instrument-laboratory-inc-,Clippard,us_wide_A_vertical,US
https://www.linkedin.com/in/lillyk,Lilly B. Kazeminia,Lilly B.,Kazeminia,"Partner, Business Development",1,US,2023-11-01,https://www.linkedin.com/company/cmta-inc.,"CMTA, Inc.",us_wide_A_vertical,US
https://www.linkedin.com/in/giles-sigler-b811a415,Giles Sigler,Giles,Sigler,Director of Marketing,3,US,2020-10-01,https://www.linkedin.com/company/coburnsupply,Coburn Supply Co.,us_wide_A_vertical,US
https://www.linkedin.com/in/jonathancamposg,Jonathan Campos,Jonathan,Campos,Director of Marketing,3,US,2022-01-01,https://www.linkedin.com/company/codinter-americas,Codinter,us_wide_B_othertag,US
https://www.linkedin.com/in/jeremy-steele-b224ba77,Jeremy Steele,Jeremy,Steele,Director of Marketing,3,US,2025-08-01,https://www.linkedin.com/company/cohu,"Cohu, Inc.",us_wide_B_othertag,US
https://www.linkedin.com/in/ulrich-lausser-b2649b137,Ulrich Lausser,Ulrich,Lausser,Head of Product Marketing Sensors,3,DE,2020-10-01,https://www.linkedin.com/company/cohu,"Cohu, Inc.",us_wide_B_othertag,US
https://www.linkedin.com/in/sarah-foley-81002833,Sarah Foley,Sarah,Foley,Vice President of Marketing and Culture Advancement,3,US,2025-03-01,https://www.linkedin.com/company/coghlin-companies,Coghlin Companies,us_wide_B_othertag,US
https://www.linkedin.com/in/judefischer,Jude F.,Jude,F.,"Director, Marketing Communications",2,US,2013-04-01,https://www.linkedin.com/company/coilcraft,"Coilcraft, Inc.",us_wide_B_othertag,US
https://www.linkedin.com/in/john-suarez-83419066,John Suarez,John,Suarez,Director Marketing North America,3,US,-,https://www.linkedin.com/company/coleman-cable-inc.,"Coleman Cable, Inc.",us_wide_A_vertical,US
https://www.linkedin.com/in/jennyzirinsky,Jenny Zirinsky,Jenny,Zirinsky,"Global Senior Vice President – Marketing, Communications, & Media Transformation",3,US,2021-07-01,https://www.linkedin.com/company/colgate-palmolive,Colgate-Palmolive,us_wide_B_othertag,US
https://www.linkedin.com/in/cbardi,Christopher Bardi,Christopher,Bardi,"Vice President, Digital Marketing and Advertising Technology",3,US,2025-01-01,https://www.linkedin.com/company/colgate-palmolive,Colgate-Palmolive,us_wide_B_othertag,US
https://www.linkedin.com/in/ram-raghavan-21b1071,Ram Raghavan,Ram,Raghavan,Chief Marketing Officer,3,US,2026-06-01,https://www.linkedin.com/company/colgate-palmolive,Colgate-Palmolive,us_wide_B_othertag,US
https://www.linkedin.com/in/bracht,Andrew Bracht,Andrew,Bracht,"Omni Channel Marketing Lead - Value, Drug, Grocery",1,US,2023-05-01,https://www.linkedin.com/company/colgate-palmolive,Colgate-Palmolive,us_wide_B_othertag,US
https://www.linkedin.com/in/jennifer-edwards-85351210,Jennifer Edwards,Jennifer,Edwards,Marketing Communications Manager,2,US,2016-07-01,https://www.linkedin.com/company/colfax-fluid-handling,Colfax Fluid Handling,us_wide_A_vertical,US
https://www.linkedin.com/in/aasim-khan-aero,Aasim Khan,Aasim,Khan,"Director, Product & Strategic Marketing (Global)",3,GB,2024-02-01,https://www.linkedin.com/company/collins-aerospace,Collins Aerospace,us_wide_B_othertag,US
https://www.linkedin.com/in/acwaaanpvf8bc2ign6bfkqv8bek9c_dbn5brlgc,Antoinette McKinley,Antoinette,McKinley,Director Marketing Communications,2,US,2018-10-01,https://www.linkedin.com/company/cohu,"Cohu, Inc.",us_wide_B_othertag,US
https://www.linkedin.com/in/wendy-pike-pcm-aa26399a,"Wendy Pike, PCM",Wendy,"Pike, PCM",Director of Marketing and Brand Management,3,US,2008-09-01,https://www.linkedin.com/company/colonialwebb,ColonialWebb,us_wide_A_vertical,US
https://www.linkedin.com/in/rachel-miller-1a88031,Rachel Miller,Rachel,Miller,"Director, Strategic Marketing Operations",3,US,2026-02-01,https://www.linkedin.com/company/collins-aerospace,Collins Aerospace,us_wide_B_othertag,US
https://www.linkedin.com/in/klimis-ioannou,Klimis Ioannou,Klimis,Ioannou,"Supply Network Operations Manager, Home Care, Europe",1,GR,-,https://www.linkedin.com/company/colgate-palmolive,Colgate-Palmolive,us_wide_B_othertag,US
https://www.linkedin.com/in/pierfrancescoscotti,Pierfrancesco Scotti,Pierfrancesco,Scotti,Integrated Marketing Communication and Media Sr. Manager Southern Europe,2,IT,2021-05-01,https://www.linkedin.com/company/colgate-palmolive,Colgate-Palmolive,us_wide_B_othertag,US
https://www.linkedin.com/in/amy-benford-b2491b6,Amy Benford,Amy,Benford,"Senior Vice President, GM, Integrated Marketing and Advanced Advertising",3,US,2025-09-01,https://www.linkedin.com/company/colgate-palmolive,Colgate-Palmolive,us_wide_B_othertag,US
https://www.linkedin.com/in/zachary-roberts-64702317,Zachary Roberts,Zachary,Roberts,Senior Director of Marketing,3,US,2026-03-01,https://www.linkedin.com/company/colgate-palmolive,Colgate-Palmolive,us_wide_B_othertag,US
https://www.linkedin.com/in/eric-rodarmel-51099114,Eric Rodarmel,Eric,Rodarmel,"Vice President, Sales and Marketing",3,US,2016-05-01,https://www.linkedin.com/company/columbia-gear,Columbia Gear Corporation,us_wide_A_vertical,US
https://www.linkedin.com/in/lyle-nuhring-300a7220,Lyle Nuhring,Lyle,Nuhring,VP Sales & Marketing,3,US,-,https://www.linkedin.com/company/columbia-gear,Columbia Gear Corporation,us_wide_A_vertical,US
https://www.linkedin.com/in/chris-arnold-b706487,Chris Arnold,Chris,Arnold,"Senior Director, Sales & Marketing",3,US,2026-01-01,https://www.linkedin.com/company/columbia-helicopters,Columbia Helicopters,us_wide_A_vertical,US
https://www.linkedin.com/in/hayley-marchant-29803a79,Hayley Marchant,Hayley,Marchant,Head of Marketing,3,GB,2022-10-01,https://www.linkedin.com/company/columbia-records,Columbia Records,us_wide_A_vertical,US
https://www.linkedin.com/in/johnvincentsalcedo,John Vincent Salcedo,John Vincent,Salcedo,Vice President of Digital Marketing,3,US,-,https://www.linkedin.com/company/columbia-records,Columbia Records,us_wide_A_vertical,US
https://www.linkedin.com/in/georgia-ellis-9890b3118,Georgia Ellis,Georgia,Ellis,"Director, Brand Partnerships",1,US,2025-11-01,https://www.linkedin.com/company/columbia-records,Columbia Records,us_wide_A_vertical,US
https://www.linkedin.com/in/victoria-white-mason-32676516,Victoria White-Mason,Victoria,White-Mason,"Vice President, Marketing",3,US,2021-11-01,https://www.linkedin.com/company/columbia-records,Columbia Records,us_wide_A_vertical,US
https://www.linkedin.com/in/coreycalder,Corey C.,Corey,C.,"SVP, Head of Urban Music Marketing",3,US,2026-06-01,https://www.linkedin.com/company/columbia-records,Columbia Records,us_wide_A_vertical,US
https://www.linkedin.com/in/frankie-arigo-7b8816,Frankie Arigo,Frankie,Arigo,"Senior Vice President, Marketing",3,US,2015-12-01,https://www.linkedin.com/company/columbia-records,Columbia Records,us_wide_A_vertical,US
https://www.linkedin.com/in/polly-withington,Polly Withington,Polly,Withington,Head of Marketing,3,GB,2025-01-01,https://www.linkedin.com/company/columbia-records,Columbia Records,us_wide_A_vertical,US
https://www.linkedin.com/in/henry-whittingdale-7790955a,Henry Whittingdale,Henry,Whittingdale,"Head of Marketing, Room Two Recordings",3,GB,2023-05-01,https://www.linkedin.com/company/columbia-records,Columbia Records,us_wide_A_vertical,US
https://www.linkedin.com/in/nicole-cartman,Nicole Cartman,Nicole,Cartman,Global Brand Lead / Senior Director of Marketing & Innovation,3,US,2022-08-01,https://www.linkedin.com/company/colgate-palmolive,Colgate-Palmolive,us_wide_B_othertag,US
https://www.linkedin.com/in/parul-bharadwaj-48955316,Parul Bharadwaj,Parul,Bharadwaj,"Head of Marketing, Southern LatAm",3,US,2010-09-01,https://www.linkedin.com/company/colgate-palmolive,Colgate-Palmolive,us_wide_B_othertag,US
https://www.linkedin.com/in/clotilde-enel-r%c3%a9hel-74890612,Clotilde Enel-Réhel,Clotilde,Enel-Réhel,"General Manager, Commercial Aviation & Network Services",1,US,2019-01-01,https://www.linkedin.com/company/collins-aerospace,Collins Aerospace,us_wide_B_othertag,US
https://www.linkedin.com/in/eric-pontious-a5367563,Eric Pontious,Eric,Pontious,Vice President Sales and Marketing,3,US,1997-01-01,https://www.linkedin.com/company/columbus-industries,"Columbus Industries Inc, Filtration Group",us_wide_A_vertical,US
https://www.linkedin.com/in/eric-pontious-71534819,Eric Pontious,Eric,Pontious,VP Sales and Marketing,3,US,-,https://www.linkedin.com/company/columbus-industries,"Columbus Industries Inc, Filtration Group",us_wide_A_vertical,US
https://www.linkedin.com/in/paula-leach-6b06aa19,Paula Leach,Paula,Leach,Marketing Communications Manager,2,US,2016-01-01,https://www.linkedin.com/company/comar-inc-,Comar,us_wide_B_othertag,US
https://www.linkedin.com/in/sheilamohebpour,Sheila Mohebpour,Sheila,Mohebpour,"Director, Digital Marketing",3,US,2025-09-01,https://www.linkedin.com/company/columbia-records,Columbia Records,us_wide_A_vertical,US
https://www.linkedin.com/in/sarahmpfeiffer,Sarah Pfeiffer,Sarah,Pfeiffer,"Associate Director, Marketing",3,US,-,https://www.linkedin.com/company/columbia-records,Columbia Records,us_wide_A_vertical,US
https://www.linkedin.com/in/mike-anderson-93798a13,Mike Anderson,Mike,Anderson,Vice President Marketing,3,US,2025-08-01,https://www.linkedin.com/company/commercial-aviation-services,"ComAv, LLC",us_wide_A_vertical,US
https://www.linkedin.com/in/karen-j-firda-mba-3b12923,"Karen J. Firda, MBA","Karen J. Firda,",MBA,"Head of Shopper & Omnichannel Marketing, Colgate-Palmolive North America",1,US,2023-04-01,https://www.linkedin.com/company/colgate-palmolive,Colgate-Palmolive,us_wide_B_othertag,US
https://www.linkedin.com/in/tsion-girum,"Tsion Girum, MBA",Tsion,"Girum, MBA","Senior Manager, Integrated Marketing & Communications",2,US,2025-10-01,https://www.linkedin.com/company/colgate-palmolive,Colgate-Palmolive,us_wide_B_othertag,US
https://www.linkedin.com/in/anne-c%c3%a9cile-guilloteau-04b43b45,Anne-Cécile Guilloteau,Anne-Cécile,Guilloteau,"Senior Director, Marketing Greater Caribbean Region",3,US,-,https://www.linkedin.com/company/colgate-palmolive,Colgate-Palmolive,us_wide_B_othertag,US
https://www.linkedin.com/in/honi-raymond-5966719,Honi Raymond,Honi,Raymond,Director of Prof. Development & Strategic Partnerships,1,US,2025-06-01,https://www.linkedin.com/company/comfort-systems-usa,Comfort Systems USA,us_wide_A_vertical,US
https://www.linkedin.com/in/jmurphymktgqueen,Julie Murphy,Julie,Murphy,Vice President Marketing,3,US,2016-01-01,https://www.linkedin.com/company/commercial-credit-group-inc-,Commercial Credit Group Inc.,us_wide_B_othertag,US
https://www.linkedin.com/in/stephen-bontempo-453749,Stephen Bontempo,Stephen,Bontempo,President & CMO,3,US,2023-01-01,https://www.linkedin.com/company/comoto-family-of-brands,Comoto Family of Brands,us_wide_A_vertical,US
https://www.linkedin.com/in/alex-zobrack-0b5b5429,Alex Zobrack,Alex,Zobrack,VP Digital Marketing,3,US,2022-10-01,https://www.linkedin.com/company/comoto-family-of-brands,Comoto Family of Brands,us_wide_A_vertical,US
https://www.linkedin.com/in/brettwalling,Brett Walling,Brett,Walling,"VP, Brand Marketing & Business Development",3,US,2024-12-01,https://www.linkedin.com/company/comoto-family-of-brands,Comoto Family of Brands,us_wide_A_vertical,US
https://www.linkedin.com/in/anthony-silvotti-358b38126,Anthony Silvotti,Anthony,Silvotti,"Manager of Sponsorships, Partnerships, and Influencer Marketing",1,US,2024-04-01,https://www.linkedin.com/company/comoto-family-of-brands,Comoto Family of Brands,us_wide_A_vertical,US
https://www.linkedin.com/in/david-hale-31515a24,David Hale,David,Hale,Head of Marketing,3,GB,-,https://www.linkedin.com/company/cvgrp,"Commercial Vehicle Group, Inc.",us_wide_A_vertical,US
https://www.linkedin.com/in/doug-lowrie-9160bb8,Doug Lowrie,Doug,Lowrie,Vice President Sales and Marketing,3,US,2014-11-01,https://www.linkedin.com/company/cpi,Communications & Power Industries (CPI),us_wide_A_vertical,US
https://www.linkedin.com/in/shaunhoyte,Shaun A. Hoyte,Shaun A.,Hoyte,Head of Clean Energy Networks,1,US,2022-01-01,https://www.linkedin.com/company/con-edison,Con Edison,us_wide_A_vertical,US
https://www.linkedin.com/in/steve-chryssos,Steve C.,Steve,C.,Director of Marketing And Business Development,3,US,2024-01-01,https://www.linkedin.com/company/concept-one-pulley-systems,Concept One Pulley Systems,us_wide_B_othertag,US
https://www.linkedin.com/in/susan-wassersleben-75a1569,Susan Wassersleben,Susan,Wassersleben,Network Manager,1,DE,2007-01-01,https://www.linkedin.com/company/cpi,Communications & Power Industries (CPI),us_wide_A_vertical,US
https://www.linkedin.com/in/andreas-brandl-3756a7,Andreas Brandl,Andreas,Brandl,Director Marketing & Products,3,DE,1996-09-01,https://www.linkedin.com/company/cpi,Communications & Power Industries (CPI),us_wide_A_vertical,US
https://www.linkedin.com/in/ron-freeman-9b15ba,Ron Freeman,Ron,Freeman,"VP, Sales and Marketing",3,US,-,https://www.linkedin.com/company/cpi,Communications & Power Industries (CPI),us_wide_A_vertical,US
https://www.linkedin.com/in/marktaylor999,Mark Taylor,Mark,Taylor,VP of Sales and Marketing Americas | ASIA,3,US,2014-05-01,https://www.linkedin.com/company/conesys,Conesys,us_wide_B_othertag,US
https://www.linkedin.com/in/andrew-dimino,Andrew Dimino,Andrew,Dimino,Network Infrastructure Manager,1,US,2021-02-01,https://www.linkedin.com/company/connor-manufacturing,Connor Manufacturing,us_wide_B_othertag,US
https://www.linkedin.com/in/emmaloebelson,Emma Loebelson,Emma,Loebelson,Clean Energy Networks Deputy Program Manager,1,US,2022-01-01,https://www.linkedin.com/company/con-edison,Con Edison,us_wide_A_vertical,US
https://www.linkedin.com/in/meganrubyvincent,Megan Vincent,Megan,Vincent,Director of Marketing,3,US,-,https://www.linkedin.com/company/consolidated-metco,Consolidated Metco,us_wide_A_vertical,US
https://www.linkedin.com/in/stephanie-hart-37b29464,Stephanie Hart,Stephanie,Hart,Senior Program Manager & Commercial Partnerships Leader,1,US,2024-03-01,https://www.linkedin.com/company/con-edison,Con Edison,us_wide_A_vertical,US
https://www.linkedin.com/in/sarah-glass-329b4754,Sarah Glass,Sarah,Glass,Senior Director of Marketing,3,US,2026-07-01,https://www.linkedin.com/company/continentalbattery,Continental Battery Systems,us_wide_B_othertag,US
https://www.linkedin.com/in/victor-castro-1020004b,Victor Castro,Victor,Castro,Director of Marketing and Inside Sales,3,US,2014-01-01,https://www.linkedin.com/company/cooling-source-inc-,"Cooling Source, Inc.",us_wide_B_othertag,US
https://www.linkedin.com/in/mike-ochoa-24501012,Mike Ochoa,Mike,Ochoa,"Executive Vice President, Sales & Marketing",3,US,2017-01-01,https://www.linkedin.com/company/cool-sys,CoolSys - Refrigeration and HVAC Systems,us_wide_A_vertical,US
https://www.linkedin.com/in/dianabota,Diana Ardelean (Bota),Diana,Ardelean (Bota),Marketing Communications Lead,2,RO,2026-06-01,https://www.linkedin.com/company/copeland,Copeland,us_wide_A_vertical,US
https://www.linkedin.com/in/amad-hafez,Amad M. Hafez,Amad M.,Hafez,Director Marketing Cold Chain,3,DE,2026-07-01,https://www.linkedin.com/company/copeland,Copeland,us_wide_A_vertical,US
https://www.linkedin.com/in/paulmottershead,Paul Mottershead,Paul,Mottershead,VP Global Marketing and Communications,3,US,2024-04-01,https://www.linkedin.com/company/copeland,Copeland,us_wide_A_vertical,US
https://www.linkedin.com/in/amandarogers18,Amanda Rogers,Amanda,Rogers,"Director, Marketing & Communications, Americas",2,US,2024-05-01,https://www.linkedin.com/company/copeland,Copeland,us_wide_A_vertical,US
https://www.linkedin.com/in/maurizioboldrini,"Maurizio Boldrini, MBA",Maurizio,"Boldrini, MBA",Director Commercial Comfort Marketing & Profitability,3,DE,2022-09-01,https://www.linkedin.com/company/copeland,Copeland,us_wide_A_vertical,US
https://www.linkedin.com/in/sonia-vazquez-1116b332,Sonia Vazquez,Sonia,Vazquez,Director of Product Management and Marketing - Equipment Controls - Digital & Connected Technologies,3,IT,2021-07-01,https://www.linkedin.com/company/copeland,Copeland,us_wide_A_vertical,US
https://www.linkedin.com/in/scott-ledebuhr-34b73a7b,Scott Ledebuhr,Scott,Ledebuhr,Vice President of Sales & Marketing,3,US,2023-01-01,https://www.linkedin.com/company/core-molding-technologies,Core Molding Technologies,us_wide_B_othertag,US
https://www.linkedin.com/in/paul-boulier-b4307b6,Paul Boulier,Paul,Boulier,"Vice President, Marketing & Sales",3,US,-,https://www.linkedin.com/company/core-molding-technologies,Core Molding Technologies,us_wide_B_othertag,US
https://www.linkedin.com/in/juliaparrish,Julie Parrish,Julie,Parrish,Chief Marketing Officer,3,US,2021-07-01,https://www.linkedin.com/company/corelight,Corelight,us_wide_B_othertag,US
https://www.linkedin.com/in/timwatson2,Tim W.,Tim,W.,"Director of Marketing, International",3,GB,2021-01-01,https://www.linkedin.com/company/corelight,Corelight,us_wide_B_othertag,US
https://www.linkedin.com/in/ashishmalpani,Ashish M.,Ashish,M.,Head of Product and Alliances Marketing,3,US,2024-03-01,https://www.linkedin.com/company/corelight,Corelight,us_wide_B_othertag,US
https://www.linkedin.com/in/erin-hazard-3476a84,Erin Hazard,Erin,Hazard,"Director, Marketing - Americas",3,US,2026-05-01,https://www.linkedin.com/company/corelight,Corelight,us_wide_B_othertag,US
https://www.linkedin.com/in/sarahetaylor11,Sarah Taylor,Sarah,Taylor,"Director, Global Marketing Events and Engagement",3,US,2023-07-01,https://www.linkedin.com/company/copeland,Copeland,us_wide_A_vertical,US
https://www.linkedin.com/in/sylvain-lamy-8a83701,Sylvain Lamy,Sylvain,Lamy,Vice President Marketing,3,DE,2020-11-01,https://www.linkedin.com/company/copeland,Copeland,us_wide_A_vertical,US
https://www.linkedin.com/in/jordanelizharris,"Jordan Harris, MBA",Jordan,"Harris, MBA","Senior Director, Product & Marketing Operations",3,US,2026-02-01,https://www.linkedin.com/company/copeland,Copeland,us_wide_A_vertical,US
https://www.linkedin.com/in/sauia-tal-talamoni-7b565a2,Sauia (Tal) Talamoni,Sauia (Tal),Talamoni,"Global Director, Network Services",1,US,2023-07-01,https://www.linkedin.com/company/copeland,Copeland,us_wide_A_vertical,US
https://www.linkedin.com/in/george-makris-763692,George Makris,George,Makris,Director of Social and Community Marketing,3,US,2026-07-01,https://www.linkedin.com/company/corsair,Corsair,us_wide_A_vertical,US
https://www.linkedin.com/in/laurie-carrion-aa9aaa5,Laurie Carrion,Laurie,Carrion,Senior Director WW Gaming Marketing,3,US,2024-09-01,https://www.linkedin.com/company/corsair,Corsair,us_wide_A_vertical,US
https://www.linkedin.com/in/jyrijokirinta,Jyri Jokirinta,Jyri,Jokirinta,"SVP, Corporate Marketing and eCommerce",3,US,2026-03-01,https://www.linkedin.com/company/corsair,Corsair,us_wide_A_vertical,US
https://www.linkedin.com/in/mike-buchanan-0a969022,Mike Buchanan,Mike,Buchanan,Global SVP Sales & Trade Marketing,3,GB,2024-01-01,https://www.linkedin.com/company/corsair,Corsair,us_wide_A_vertical,US
https://www.linkedin.com/in/olaneaderyr,Ander O'Leary,Ander,O'Leary,Sr. Manager - Channel Marketing & Business Strategy - Gaming,1,US,-,https://www.linkedin.com/company/corsair,Corsair,us_wide_A_vertical,US
https://www.linkedin.com/in/alexandre-l-hermitte-4013b863,Alexandre L'HERMITTE,Alexandre,L'HERMITTE,Channel Marketing Manager - EMEA,1,FR,2022-07-01,https://www.linkedin.com/company/corsair,Corsair,us_wide_A_vertical,US
https://www.linkedin.com/in/luke-cook-92699513,Luke Cook,Luke,Cook,"Director, Channel Marketing EMEA",1,GB,-,https://www.linkedin.com/company/corsair,Corsair,us_wide_A_vertical,US
https://www.linkedin.com/in/michael-r-270a073,Michael R.,Michael,R.,Global Director of Marketing,3,US,2011-12-01,https://www.linkedin.com/company/cornell-pump,"Cornell Pump Company, LLC",us_wide_A_vertical,US
https://www.linkedin.com/in/clayton-m-tharrington-713b6930,Clayton M. Tharrington,Clayton,M. Tharrington,Channel Marketing Manager - Professional Division,1,US,2020-12-01,https://www.linkedin.com/company/coronatools,Corona,us_wide_A_vertical,US
https://www.linkedin.com/in/philip-c-rogers-3036bb10,Philip C Rogers,Philip C,Rogers,Sr. Channel Marketing Manager - North America,1,US,2024-08-01,https://www.linkedin.com/company/coronatools,Corona,us_wide_A_vertical,US
https://www.linkedin.com/in/jose-p-5557a911a,Jose P.,Jose,P.,Network Manager,1,US,2017-01-01,https://www.linkedin.com/company/coronatools,Corona,us_wide_A_vertical,US
https://www.linkedin.com/in/cindyschalk,Cindy Urquhart Schalk,Cindy Urquhart,Schalk,Global Channel Marketing Manager,1,US,2025-12-01,https://www.linkedin.com/company/corelight,Corelight,us_wide_B_othertag,US
https://www.linkedin.com/in/zannaeck,Zann Aeck,Zann,Aeck,"VP, Digital Marketing & Creative",3,US,2026-02-01,https://www.linkedin.com/company/corelight,Corelight,us_wide_B_othertag,US
https://www.linkedin.com/in/anna-calofonos-610b865,Anna Calofonos,Anna,Calofonos,"Director, Events and Field Marketing",3,US,2018-05-01,https://www.linkedin.com/company/corelight,Corelight,us_wide_B_othertag,US
https://www.linkedin.com/in/lindahandlos,Linda Handlos,Linda,Handlos,"Director, Global Marketing Campaigns",3,US,2023-01-01,https://www.linkedin.com/company/copeland,Copeland,us_wide_A_vertical,US
https://www.linkedin.com/in/graham-sisson,Graham Sisson,Graham,Sisson,Marketing & Communications Manager,2,US,2024-01-01,https://www.linkedin.com/company/copeland,Copeland,us_wide_A_vertical,US
https://www.linkedin.com/in/caitlincreed,Caitlin Creed,Caitlin,Creed,Director of Marketing & Communications,2,US,2023-11-01,https://www.linkedin.com/company/coserv,CoServ,us_wide_B_othertag,US
https://www.linkedin.com/in/abraham-alummoottil-8b103b8,Abraham Alummoottil,Abraham,Alummoottil,"Channel Marketing Manager, Gaming",1,US,2023-02-01,https://www.linkedin.com/company/corsair,Corsair,us_wide_A_vertical,US
https://www.linkedin.com/in/-neda-amin-,Neda A.,Neda,A.,Channel Marketing Manager,1,US,2025-10-01,https://www.linkedin.com/company/corsair,Corsair,us_wide_A_vertical,US
https://www.linkedin.com/in/alistair-shaw-1837b1192,Alistair Shaw,Alistair,Shaw,Channel Marketing Manager,1,US,-,https://www.linkedin.com/company/corsair,Corsair,us_wide_A_vertical,US
https://www.linkedin.com/in/tanner-vidovich-872882128,Tanner Vidovich,Tanner,Vidovich,Director of Performance Marketing,3,US,2026-01-01,https://www.linkedin.com/company/corsair,Corsair,us_wide_A_vertical,US
https://www.linkedin.com/in/callum-bailey-b08ab5114,Callum Bailey,Callum,Bailey,Channel Marketing Manager - EMEA,1,GB,2025-09-01,https://www.linkedin.com/company/corsair,Corsair,us_wide_A_vertical,US
https://www.linkedin.com/in/jonny-mohan-2155b635,Jonny Mohan,Jonny,Mohan,"Channel Marketing Manager, EMEA",1,GB,-,https://www.linkedin.com/company/corsair,Corsair,us_wide_A_vertical,US
https://www.linkedin.com/in/nathan-birsha-davies,Nathan Davies,Nathan,Davies,Channel Marketing Manager,1,GB,-,https://www.linkedin.com/company/corsair,Corsair,us_wide_A_vertical,US
https://www.linkedin.com/in/alex-piec-234b16125,Alex Piec,Alex,Piec,Vice President Sales and Marketing,3,US,2022-03-01,https://www.linkedin.com/company/copeland,Copeland,us_wide_A_vertical,US
https://www.linkedin.com/in/janeschwartz,"Jane Schwartz, MBA, CDMP",Jane,"Schwartz, MBA, CDMP",Senior Marketing Communications Manager,2,US,2025-01-01,https://www.linkedin.com/company/colder-products-company,CPC - Colder Products Company,us_wide_A_vertical,US
https://www.linkedin.com/in/andreagossett2,Andrea Gossett,Andrea,Gossett,Senior Marketing Communications Manager,2,US,2019-01-01,https://www.linkedin.com/company/colder-products-company,CPC - Colder Products Company,us_wide_A_vertical,US
https://www.linkedin.com/in/markjjenks,Mark Jenks,Mark,Jenks,Sr MarCom Manager,2,US,2024-04-01,https://www.linkedin.com/company/colder-products-company,CPC - Colder Products Company,us_wide_A_vertical,US
https://www.linkedin.com/in/scott-krampitz-88204a8b,Scott Krampitz,Scott,Krampitz,Vice President Sales Marketing,3,US,2021-05-01,https://www.linkedin.com/company/cps-products,"CPS Products, Inc.",us_wide_A_vertical,US
https://www.linkedin.com/in/debbie-wethers-485749103,Debbie Wethers,Debbie,Wethers,Director of Marketing,3,US,1997-03-01,https://www.linkedin.com/company/j-v-manufacturing-inc-cram-a-lot,Cram-A-Lot,us_wide_A_vertical,US
https://www.linkedin.com/in/glenacollins,Glen Collins,Glen,Collins,VP Sales & Marketing Europe,3,GB,2020-11-01,https://www.linkedin.com/company/crane-fluid-handling,Crane Fluid Handling,us_wide_A_vertical,US
https://www.linkedin.com/in/jukkakoskela,Jukka Koskela,Jukka,Koskela,"Director, Worldwide Channel Development",1,US,2012-01-01,https://www.linkedin.com/company/corsair,Corsair,us_wide_A_vertical,US
https://www.linkedin.com/in/hennyw1,Henny W.,Henny,W.,Channel Marketing Operations Manager,1,US,-,https://www.linkedin.com/company/corsair,Corsair,us_wide_A_vertical,US
https://www.linkedin.com/in/kemi-tang,Kemi Tang,Kemi,Tang,"Senior Manager, Channel Marketing & Business Strategy- EMEA",1,GB,-,https://www.linkedin.com/company/corsair,Corsair,us_wide_A_vertical,US
https://www.linkedin.com/in/michael-chang-77101568,Michael Chang,Michael,Chang,"Manager, Channel Marketing, Americas",1,US,-,https://www.linkedin.com/company/corsair,Corsair,us_wide_A_vertical,US
https://www.linkedin.com/in/liam-wandowski,Liam Wandowski,Liam,Wandowski,Senior Channel Marketing Manager,1,GB,2025-01-01,https://www.linkedin.com/company/corsair,Corsair,us_wide_A_vertical,US
https://www.linkedin.com/in/marisol-ladaga-ab43bb208,Marisol Ladaga,Marisol,Ladaga,"Senior Director, WW Channel Marketing",1,US,2022-01-01,https://www.linkedin.com/company/corsair,Corsair,us_wide_A_vertical,US
https://www.linkedin.com/in/reggie-marques,Reginaldo Marques,Reginaldo,Marques,Partner Marketing Manager,1,US,2025-03-01,https://www.linkedin.com/company/corsair,Corsair,us_wide_A_vertical,US
https://www.linkedin.com/in/alexis-greggor,Alexis Greggor,Alexis,Greggor,"Channel Marketing Manager, Systems",1,US,2026-03-01,https://www.linkedin.com/company/corsair,Corsair,us_wide_A_vertical,US
https://www.linkedin.com/in/andy-kwok-9701a48b,Andy Kwok,Andy,Kwok,"Director, Global Channel Marketing",1,US,2024-12-01,https://www.linkedin.com/company/corsair,Corsair,us_wide_A_vertical,US
https://www.linkedin.com/in/phil-thomas-a079093,Phil Thomas,Phil,Thomas,VP of Sales and Marketing NOA,3,US,-,https://www.linkedin.com/company/cranemerchandising,Crane Merchandising Systems,us_wide_A_vertical,US
https://www.linkedin.com/in/tom-glomski-a1835213,Tom Glomski,Tom,Glomski,"VP, Sales & Marketing",3,US,-,https://www.linkedin.com/company/cranemerchandising,Crane Merchandising Systems,us_wide_A_vertical,US
https://www.linkedin.com/in/raulcepedajr,Raul Cepeda Jr.,Raul,Cepeda Jr.,"Vice President, Product Management and Marketing",3,US,2025-10-01,https://www.linkedin.com/company/crane-payment-innovations,Crane Payment Innovations,us_wide_A_vertical,US
https://www.linkedin.com/in/josephmitton,Joseph (Mitton) Lohmann,Joseph,(Mitton) Lohmann,Director Marketing Communications,2,US,2022-01-01,https://www.linkedin.com/company/crane-payment-innovations,Crane Payment Innovations,us_wide_A_vertical,US
https://www.linkedin.com/in/rob-blythin-254483105,Rob Blythin,Rob,Blythin,Director Strategic Marketing,3,GB,2022-11-01,https://www.linkedin.com/company/crane-payment-innovations,Crane Payment Innovations,us_wide_A_vertical,US
https://www.linkedin.com/in/mathieu-superi,Mathieu SUPERI,Mathieu,SUPERI,"VP, Product Management, Marketing, PMO",3,US,2025-08-01,https://www.linkedin.com/company/crane-payment-innovations,Crane Payment Innovations,us_wide_A_vertical,US
https://www.linkedin.com/in/mollydgn,Molly Dugan,Molly,Dugan,Director Strategic Marketing,3,US,2022-06-01,https://www.linkedin.com/company/crane-payment-innovations,Crane Payment Innovations,us_wide_A_vertical,US
https://www.linkedin.com/in/jason-mcrell-70104431,Jason McRell,Jason,McRell,"Director, Sales and Marketing",3,US,2023-12-01,https://www.linkedin.com/company/crane-nuclear,Crane Nuclear,us_wide_A_vertical,US
https://www.linkedin.com/in/matt-fangman-b9bb2239,Matt Fangman,Matt,Fangman,Director Marketing & Sales,3,US,-,https://www.linkedin.com/company/crane-nuclear,Crane Nuclear,us_wide_A_vertical,US
https://www.linkedin.com/in/yh01,Yujen Huang,Yujen,Huang,"Manager, Channel Marketing",1,US,2022-08-01,https://www.linkedin.com/company/corsair,Corsair,us_wide_A_vertical,US
https://www.linkedin.com/in/teresa-d-2a70487,Teresa D.,Teresa,D.,Channel Marketing Manager,1,US,2021-04-01,https://www.linkedin.com/company/corsair,Corsair,us_wide_A_vertical,US
https://www.linkedin.com/in/jack-peterson-6533015,Jack Peterson,Jack,Peterson,VP Marketing,3,US,-,https://www.linkedin.com/company/corsair,Corsair,us_wide_A_vertical,US
https://www.linkedin.com/in/lisa-schaffner-14a7086,Lisa Schaffner,Lisa,Schaffner,"VP Marketing, Business Development and Sales",3,US,2021-03-01,https://www.linkedin.com/company/cranemasters,Cranemasters,us_wide_A_vertical,US
https://www.linkedin.com/in/jim-gaddis-41a696,Jim Gaddis,Jim,Gaddis,Director of Marketing,3,US,2024-06-01,https://www.linkedin.com/company/cranemasters,Cranemasters,us_wide_A_vertical,US
https://www.linkedin.com/in/andrew-lang44,Andrew Lang,Andrew,Lang,Marketing & Communications Manager,2,US,2026-07-01,https://www.linkedin.com/company/craneae,Crane Aerospace & Electronics,us_wide_A_vertical,US
https://www.linkedin.com/in/michaelshort1,Michael Short,Michael,Short,Global Vice President Marketing Operations & Residential,3,GB,2025-03-01,https://www.linkedin.com/company/crestron,Crestron Electronics,us_wide_B_othertag,US
https://www.linkedin.com/in/michael-mongiardo,Michael Mongiardo,Michael,Mongiardo,Senior Director - Digital Operations / Marketing,3,US,2021-05-01,https://www.linkedin.com/company/crestron,Crestron Electronics,us_wide_B_othertag,US
https://www.linkedin.com/in/joshuawlyons,Josh Lyons,Josh,Lyons,"Director, Business Development - Global Distribution",1,US,2024-08-01,https://www.linkedin.com/company/crestron,Crestron Electronics,us_wide_B_othertag,US
https://www.linkedin.com/in/crista-tekstra-0778b46,Crista Tekstra,Crista,Tekstra,CRL Vice President Marketing,3,US,2023-03-01,https://www.linkedin.com/company/c.r.laurence-co.-inc.,CRL,us_wide_A_vertical,US
https://www.linkedin.com/in/caterinajanssens,Caterina Janssens,Caterina,Janssens,Channel Marketing Manager EMEA,1,BE,2025-05-01,https://www.linkedin.com/company/crestron,Crestron Electronics,us_wide_B_othertag,US
https://www.linkedin.com/in/aaronvaught,Aaron Vaught,Aaron,Vaught,Chief Marketing Officer,3,US,2023-04-01,https://www.linkedin.com/company/crown-packaging,Crown Packaging Corp.,us_wide_B_othertag,US
https://www.linkedin.com/in/sarah-long-4936564,Sarah Long,Sarah,Long,Director of Marketing,3,US,2025-04-01,https://www.linkedin.com/company/cruisers-yachts,Cruisers Yachts,us_wide_B_othertag,US
https://www.linkedin.com/in/mike-palm-8240297,Mike Palm,Mike,Palm,VP of Sales & Marketing,3,US,-,https://www.linkedin.com/company/crp-industries,CRP Industries Inc.,us_wide_A_vertical,US
https://www.linkedin.com/in/monika-laprete-19321219,Monika LaPrete,Monika,LaPrete,Marketing Communications Director,2,US,2015-01-01,https://www.linkedin.com/company/crp-industries,CRP Industries Inc.,us_wide_A_vertical,US
https://www.linkedin.com/in/brian-thompson-20229a21,Brian Thompson,Brian,Thompson,"Vice President, Strategic Operations / Chief Marketing Officer",3,US,2026-01-01,https://www.linkedin.com/company/cruz-associates-inc.,"Cruz Associates, Inc.",us_wide_B_othertag,US
https://www.linkedin.com/in/joel-mulpeter-49bb2420,Joel Mulpeter,Joel,Mulpeter,Senior Director - Product Marketing,3,US,2024-10-01,https://www.linkedin.com/company/crestron,Crestron Electronics,us_wide_B_othertag,US
https://www.linkedin.com/in/jurgencroes,Jurgen Croes,Jurgen,Croes,Marketing Communications Manager,2,BE,2019-06-01,https://www.linkedin.com/company/crestron,Crestron Electronics,us_wide_B_othertag,US
https://www.linkedin.com/in/colleenquarles,Colleen Quarles,Colleen,Quarles,Director of Marketing And Advertising,3,US,2005-04-01,https://www.linkedin.com/company/crystal-tractor,CRYSTAL TRACTOR & EQUIPMENT,us_wide_A_vertical,US
https://www.linkedin.com/in/kdaiardo,Katherine (K.D.) Aiardo-Meling,Katherine (K.D.),Aiardo-Meling,"Director, Marketing Operations and Campaign Strategy",3,US,2022-09-01,https://www.linkedin.com/company/crestron,Crestron Electronics,us_wide_B_othertag,US
https://www.linkedin.com/in/lisa-borden-03704a59,Lisa Borden,Lisa,Borden,Director of Sales and Marketing,3,US,2010-01-01,https://www.linkedin.com/company/csitechnical,CSI,us_wide_B_othertag,US
https://www.linkedin.com/in/andresbarrenechea,Andres (Andy) Barrenechea,Andres (Andy),Barrenechea,"Senior Director, Channel Marketing & Sales Operations",1,US,2024-09-01,https://www.linkedin.com/company/cswindustrials,CSW Industrials Inc.,us_wide_A_vertical,US
https://www.linkedin.com/in/geert-van-damme-105a94b,Geert Van Damme,Geert,Van Damme,VP Sales & Marketing EMEA - ASIA for CTS Engines,3,BE,2023-09-01,https://www.linkedin.com/company/cts-engines,CTS Engines,us_wide_B_othertag,US
https://www.linkedin.com/in/geert-van-damme-159b18299,Geert Van Damme,Geert,Van Damme,VP Sales & Marketing,3,BE,-,https://www.linkedin.com/company/cts-engines,CTS Engines,us_wide_B_othertag,US
https://www.linkedin.com/in/todd-campbell-3747548a,Todd Campbell,Todd,Campbell,SVP Sales & Marketing,3,US,2022-12-01,https://www.linkedin.com/company/culligan-by-waterco,Culligan By WaterCo,us_wide_A_vertical,US
https://www.linkedin.com/in/peter-shoesmith-5490884,Peter Shoesmith,Peter,Shoesmith,Network Operation Manager,1,US,2006-04-01,https://www.linkedin.com/company/cummings-&-lockwood,Cummings & Lockwood LLC,us_wide_B_othertag,US
https://www.linkedin.com/in/matthew-stephenson-msmr,Matthew Stephenson,Matthew,Stephenson,Vice President Marketing,3,US,2025-11-01,https://www.linkedin.com/company/cummings-electrical-inc,Cummings Electrical,us_wide_B_othertag,US
https://www.linkedin.com/in/justinhughesfuller,Justin F.,Justin,F.,Vice President Marketing,3,US,2026-01-01,https://www.linkedin.com/company/cummings-electrical-inc,Cummings Electrical,us_wide_B_othertag,US
https://www.linkedin.com/in/keithhechtelcurbellplastics,"Keith Hechtel, DBA",Keith,"Hechtel, DBA",Vice President of Business Development & Marketing,3,US,2005-01-01,https://www.linkedin.com/company/curbell-plastics,Curbell Plastics,us_wide_B_othertag,US
https://www.linkedin.com/in/sherriebloom,Sherrie Bloom,Sherrie,Bloom,Senior Director of Marketing,3,US,2026-04-01,https://www.linkedin.com/company/curbell-plastics,Curbell Plastics,us_wide_B_othertag,US
https://www.linkedin.com/in/abbylsorensen,Abby Sorensen,Abby,Sorensen,"Director, Marketing",3,US,2025-11-01,https://www.linkedin.com/company/curia-cdmo,Curia,us_wide_A_vertical,US
https://www.linkedin.com/in/anarayanan86,Arjun Narayanan,Arjun,Narayanan,"Director, CMO-CS Sales & Business Development",3,US,2025-08-01,https://www.linkedin.com/company/curia-cdmo,Curia,us_wide_A_vertical,US
https://www.linkedin.com/in/michelleabate,Michelle Abate,Michelle,Abate,Director of Marketing,3,US,2020-01-01,https://www.linkedin.com/company/crystal-springs-resort,Crystal Springs Resort,us_wide_B_othertag,US
https://www.linkedin.com/in/chris-mulvihill-600b978,Chris Mulvihill,Chris,Mulvihill,Chief Marketing Officer,3,US,2016-09-01,https://www.linkedin.com/company/crystal-springs-resort,Crystal Springs Resort,us_wide_B_othertag,US
https://www.linkedin.com/in/steveacates,Steve C.,Steve,C.,"Head of eCommerce, Marketing and Merchandising",3,US,2020-09-01,https://www.linkedin.com/company/l.n.-curtis-&-sons,Curtis,us_wide_B_othertag,US
https://www.linkedin.com/in/nick-lewis-809613195,Nick Lewis,Nick,Lewis,Director of Sales & Marketing,3,US,2025-09-01,https://www.linkedin.com/company/curry-supply-company,Curry Supply Company,us_wide_A_vertical,US
https://www.linkedin.com/in/olivierrroux,Olivier Roux,Olivier,Roux,Sr. Director CMO sales,3,US,2025-04-01,https://www.linkedin.com/company/curia-cdmo,Curia,us_wide_A_vertical,US
https://www.linkedin.com/in/carole-huettig-a80b8b1,Carole Huettig,Carole,Huettig,VP Sales & Marketing,3,US,-,https://www.linkedin.com/company/crystal-springs-resort,Crystal Springs Resort,us_wide_B_othertag,US
https://www.linkedin.com/in/mattmcpherson707,"Matthew McPherson, PMP",Matthew,"McPherson, PMP",Head of Marketing,3,US,2023-07-01,https://www.linkedin.com/company/custom-pipe-and-fabrication-inc,Custom Pipe & Fabrication Inc.,us_wide_A_vertical,US
https://www.linkedin.com/in/timothy-ballengee-08a274a2,Timothy Ballengee,Timothy,Ballengee,"Vice President, Sales and Marketing",3,US,2023-11-01,https://www.linkedin.com/company/custom-pipe-and-fabrication-inc,Custom Pipe & Fabrication Inc.,us_wide_A_vertical,US
https://www.linkedin.com/in/dan-bardgett-43b5a523,Dan Bardgett,Dan,Bardgett,Vice President of Sales and Marketing,3,US,2022-07-01,https://www.linkedin.com/company/custom-profile,Custom Profile,us_wide_B_othertag,US
https://www.linkedin.com/in/jeff-brogan-5412711b,Jeff Brogan,Jeff,Brogan,Vice President of Sales and Marketing,3,US,2021-02-01,https://www.linkedin.com/company/cvd-equipment-corporation,CVD Equipment Corporation,us_wide_B_othertag,US
https://www.linkedin.com/in/viana-bhagan,Viana Bhagan,Viana,Bhagan,"Associate Director, Marketing & Communications",2,US,2025-04-01,https://www.linkedin.com/company/curia-cdmo,Curia,us_wide_A_vertical,US
https://www.linkedin.com/in/sandra-lastra,Sandra Lastra,Sandra,Lastra,CMO Program Manager,3,ES,2023-02-01,https://www.linkedin.com/company/curia-cdmo,Curia,us_wide_A_vertical,US
https://www.linkedin.com/in/sara-alonso-57b337209,Sara Alonso,Sara,Alonso,Director BU Marketing Small Molecules,3,ES,2025-01-01,https://www.linkedin.com/company/curia-cdmo,Curia,us_wide_A_vertical,US
https://www.linkedin.com/in/david-carson-55138a5,David Carson,David,Carson,"Senior Vice President, Sales & Marketing",3,US,2021-06-01,https://www.linkedin.com/company/daimlertrucknorthamerica,Daimler Truck North America,us_wide_A_vertical,US
https://www.linkedin.com/in/brad-williamson-620502b,Brad Williamson,Brad,Williamson,"Director, DTNA Parts Marketing and Strategy",3,US,2021-12-01,https://www.linkedin.com/company/daimlertrucknorthamerica,Daimler Truck North America,us_wide_A_vertical,US
https://www.linkedin.com/in/fred-ligouri-mba-b180b323,"Fred Ligouri, MBA",Fred,"Ligouri, MBA","Brand Marketing Communications Manager, Freightliner & Detroit",2,US,2024-04-01,https://www.linkedin.com/company/daimlertrucknorthamerica,Daimler Truck North America,us_wide_A_vertical,US
https://www.linkedin.com/in/kelley-martin-2b26a927,Kelley Martin,Kelley,Martin,"Director, Integrated Marketing - Aftermarket",3,US,-,https://www.linkedin.com/company/daimlertrucknorthamerica,Daimler Truck North America,us_wide_A_vertical,US
https://www.linkedin.com/in/paloma-de-siles-p%c3%a9rez-de-junguitu-ba0bba129,Paloma de Siles Pérez de Junguitu,Paloma,de Siles Pérez de Junguitu,Responsable Marketing - Secretaria Ejecutiva,3,ES,-,https://www.linkedin.com/company/daikin-sauer-danfoss,Daikin-Sauer-Danfoss,us_wide_A_vertical,US
https://www.linkedin.com/in/tom-engel-60aa3112,Tom Engel,Tom,Engel,"Vice President of Channel Development, Dalkia Energy Solutions",1,US,2019-08-01,https://www.linkedin.com/company/dalkia-energy-solutions,Dalkia Energy Solutions,us_wide_A_vertical,US
https://www.linkedin.com/in/fred-trueblood-b1aa042a,Fred Trueblood,Fred,Trueblood,Strategic Partnerships/ National Channel Partner Program Head,1,US,2020-01-01,https://www.linkedin.com/company/dalkia-energy-solutions,Dalkia Energy Solutions,us_wide_A_vertical,US
https://www.linkedin.com/in/wolskimatthew,Matthew Wolski,Matthew,Wolski,Director of Product Marketing,3,US,2020-11-01,https://www.linkedin.com/company/daramic-llc,"Daramic, LLC",us_wide_B_othertag,US
https://www.linkedin.com/in/john-jelovic-354b1914,John Jelovic,John,Jelovic,Director of Sales and Marketing,3,US,2012-01-01,https://www.linkedin.com/company/dassault-falcon-jet,Dassault Falcon Jet,us_wide_B_othertag,US
https://www.linkedin.com/in/donald-pointer-a45a664,Donald Pointer,Donald,Pointer,"Sr. Director, Marketing & Communications",2,US,1997-07-01,https://www.linkedin.com/company/dassault-falcon-jet,Dassault Falcon Jet,us_wide_B_othertag,US
https://www.linkedin.com/in/danielle-agnello,Danielle Agnello,Danielle,Agnello,"Manager, Events & Brand Partnerships",1,US,2024-01-01,https://www.linkedin.com/company/dassault-falcon-jet,Dassault Falcon Jet,us_wide_B_othertag,US
https://www.linkedin.com/in/brian-forsberg-52ab0a105,Brian Forsberg,Brian,Forsberg,Vice President of Sales & Marketing,3,US,2023-01-01,https://www.linkedin.com/company/data-device-corporation,Data Device Corporation,us_wide_B_othertag,US
https://www.linkedin.com/in/anthony-toklo-mba-3b839113,"Anthony Toklo, MBA",Anthony,"Toklo, MBA",Chief Marketing Officer (CMO),3,US,2022-11-01,https://www.linkedin.com/company/davis-standard,Davis-Standard,us_wide_A_vertical,US
https://www.linkedin.com/in/andrew-fitzsimmons-0bb4579,Andrew Fitzsimmons,Andrew,Fitzsimmons,Vice President Sales Marketing,3,US,2024-04-01,https://www.linkedin.com/company/davis-standard,Davis-Standard,us_wide_A_vertical,US
https://www.linkedin.com/in/clint-daws-ii-691928b,Clint Daws II,Clint,Daws II,Vice President of Sales and Marketing,3,US,-,https://www.linkedin.com/company/daws-manufacturing-company-inc-,"Daws Manufacturing Company, Inc.",us_wide_A_vertical,US
https://www.linkedin.com/in/christopher-maholm-3737585,Christopher Maholm,Christopher,Maholm,Chief Marketing Officer and Chief Technology Officer,3,US,2026-01-01,https://www.linkedin.com/company/dayton-granger-inc,"Dayton-Granger, Inc.",us_wide_B_othertag,US
https://www.linkedin.com/in/michaelbero,Michael Bero,Michael,Bero,"Senior Vice President, Sales & Marketing",3,US,2025-03-01,https://www.linkedin.com/company/dazpak-flexible,DazPak,us_wide_A_vertical,US
https://www.linkedin.com/in/davidpwarren,"David P. Warren, MBA",David P.,"Warren, MBA","Director, Global Marketing & Communications",2,US,2022-05-01,https://www.linkedin.com/company/db-roberts-company,DB Roberts,us_wide_B_othertag,US
https://www.linkedin.com/in/jilldecoste,Jill DeCoste,Jill,DeCoste,"Director, Marketing & Communications",2,US,2024-01-01,https://www.linkedin.com/company/db-roberts-company,DB Roberts,us_wide_B_othertag,US
https://www.linkedin.com/in/pukrishnaprasad,Krishna Prasad,Krishna,Prasad,Director of Marketing And Development,3,GB,2025-01-01,https://www.linkedin.com/company/dedicated-computing,Dedicated Computing,us_wide_B_othertag,US
https://www.linkedin.com/in/david-galus,David Galus,David,Galus,Director of Product Marketing,3,US,2025-01-01,https://www.linkedin.com/company/dedicated-computing,Dedicated Computing,us_wide_B_othertag,US
https://www.linkedin.com/in/stephen-cockerham-bb584234,Stephen Cockerham,Stephen,Cockerham,Network Manager,1,US,-,https://www.linkedin.com/company/deep-south-equipment-co.,Deep South Equipment Co.,us_wide_A_vertical,US
https://www.linkedin.com/in/jodiswhite,Jodi White,Jodi,White,Director of Marketing & Strategy,3,US,2024-05-01,https://www.linkedin.com/company/group-dekko,Dekko,us_wide_B_othertag,US
https://www.linkedin.com/in/james-bugher-4b9206a3,James Bugher,James,Bugher,"Director, Sales and Marketing",3,US,2020-03-01,https://www.linkedin.com/company/delek-us,Delek US,us_wide_B_othertag,US
https://www.linkedin.com/in/ericandersen2,Eric Andersen,Eric,Andersen,Director of Marketing,3,US,2024-01-01,https://www.linkedin.com/company/delkorsystems,Delkor Systems,us_wide_B_othertag,US
https://www.linkedin.com/in/robhaines,Rob Haines,Rob,Haines,Director of Marketing,3,US,2022-11-01,https://www.linkedin.com/company/del-air-heating-air-conditioning-plumbing-electrical,"Del-Air Heating, Air Conditioning, Plumbing and Electrical",us_wide_A_vertical,US
https://www.linkedin.com/in/lee-stender-20a32310,Lee Stender,Lee,Stender,Network Manager,1,US,-,https://www.linkedin.com/company/del-air-heating-air-conditioning-plumbing-electrical,"Del-Air Heating, Air Conditioning, Plumbing and Electrical",us_wide_A_vertical,US
https://www.linkedin.com/in/patrickcg,Patrick Gable,Patrick,Gable,Marketing Communications Manager,2,US,2025-09-01,https://www.linkedin.com/company/dema-engineering-company,DEMA Engineering Company,us_wide_A_vertical,US
https://www.linkedin.com/in/angela-w-31b1656,Angela W.,Angela,W.,Marketing Communications Manager,2,US,2019-08-01,https://www.linkedin.com/company/dema-engineering-company,DEMA Engineering Company,us_wide_A_vertical,US
https://www.linkedin.com/in/joseph-oberle-8732a6,Joseph Oberle,Joseph,Oberle,"Director of Sales and Marketing, Energy Solutions",3,US,2010-01-01,https://www.linkedin.com/company/delta-electronics-americas,Delta Electronics Americas,us_wide_B_othertag,US
https://www.linkedin.com/in/easonchung,Eason Chung,Eason,Chung,Marketing Communications Manager,2,US,2024-01-01,https://www.linkedin.com/company/delta-electronics-americas,Delta Electronics Americas,us_wide_B_othertag,US
https://www.linkedin.com/in/chris-backeberg-6435a5,Chris Backeberg,Chris,Backeberg,Director of Marketing,3,US,-,https://www.linkedin.com/company/detroit-diesel,Demand Detroit,us_wide_A_vertical,US
https://www.linkedin.com/in/bryan-hector-4aa17712,Bryan Hector,Bryan,Hector,"Director - Wholesale Marketing, Southwest",3,US,2003-09-01,https://www.linkedin.com/company/delek-us,Delek US,us_wide_B_othertag,US
https://www.linkedin.com/in/amanda-gregory-724ba158,Amanda Gregory,Amanda,Gregory,Director of Marketing,3,US,2024-01-01,https://www.linkedin.com/company/design-ready-controls,Design Ready Controls,us_wide_A_vertical,US
https://www.linkedin.com/in/whitney-mcdowell-86247540,Whitney McDowell,Whitney,McDowell,Director of Marketing and Branding,3,US,2024-11-01,https://www.linkedin.com/company/city-&-county-of-denver---department-of-aviation,Denver International Airport - City & County of Denver Dept of Aviation,us_wide_A_vertical,US
https://www.linkedin.com/in/stacey-stegman-2a02b419,Stacey Stegman,Stacey,Stegman,"Senior Vice President Communications, Marketing and Customer Service",3,US,2012-12-01,https://www.linkedin.com/company/city-&-county-of-denver---department-of-aviation,Denver International Airport - City & County of Denver Dept of Aviation,us_wide_A_vertical,US
https://www.linkedin.com/in/mike-lautfy-7394023b,Mike Lautfy,Mike,Lautfy,Director of sales and Marketing,3,US,-,https://www.linkedin.com/company/delta-electronics-americas,Delta Electronics Americas,us_wide_B_othertag,US
https://www.linkedin.com/in/steve-coker-6b0b7b4,Steve Coker,Steve,Coker,Manager of Network Infrastructure,1,US,2007-06-01,https://www.linkedin.com/company/city-&-county-of-denver---department-of-aviation,Denver International Airport - City & County of Denver Dept of Aviation,us_wide_A_vertical,US
https://www.linkedin.com/in/staceykmiller,Stacey Miller,Stacey,Miller,Director of Marketing,3,US,2021-06-01,https://www.linkedin.com/company/dextercompany,Dexter,us_wide_A_vertical,US
https://www.linkedin.com/in/fosterbriank,Brian Foster,Brian,Foster,"Senior Manager, Network Strategy & Optimization",1,US,2026-08-01,https://www.linkedin.com/company/dextercompany,Dexter,us_wide_A_vertical,US
https://www.linkedin.com/in/bonniebomar,Bonnie Bomar,Bonnie,Bomar,"Vice President, Marketing",3,US,2025-06-01,https://www.linkedin.com/company/diablotools,Diablo Tools,us_wide_A_vertical,US
https://www.linkedin.com/in/matthewstec,Matthew Stec,Matthew,Stec,Channel Sales Marketing Manager,1,US,2017-01-01,https://www.linkedin.com/company/diablotools,Diablo Tools,us_wide_A_vertical,US
https://www.linkedin.com/in/elizabeth-mason-1a06733b,Elizabeth Mason,Elizabeth,Mason,Director of Marketing,3,US,-,https://www.linkedin.com/company/city-&-county-of-denver---department-of-aviation,Denver International Airport - City & County of Denver Dept of Aviation,us_wide_A_vertical,US
https://www.linkedin.com/in/dan-melfi-7111527,Dan Melfi,Dan,Melfi,Director of Marketing and Hospitality and Tourism,3,US,-,https://www.linkedin.com/company/city-&-county-of-denver---department-of-aviation,Denver International Airport - City & County of Denver Dept of Aviation,us_wide_A_vertical,US
https://www.linkedin.com/in/thomas-dasilva-95053915,Thomas Dasilva,Thomas,Dasilva,Executive Vice President of Sales & Marketing,3,US,2025-05-01,https://www.linkedin.com/company/diamond-packaging,Diamond Packaging,us_wide_B_othertag,US
https://www.linkedin.com/in/lstengrim,Laura Stengrim,Laura,Stengrim,"Manager, Public Relations and Marketing Communications",2,US,2023-12-01,https://www.linkedin.com/company/digikey,DigiKey,us_wide_B_othertag,US
https://www.linkedin.com/in/ben-brookes-7a603556,Ben Brookes,Ben,Brookes,"Director, Regional Marketing EMEA, APAC, AMERICAS",3,GB,2024-02-01,https://www.linkedin.com/company/digikey,DigiKey,us_wide_B_othertag,US
https://www.linkedin.com/in/davidsandys,David Sandys,David,Sandys,"Senior Director, Technical Marketing",3,US,2021-11-01,https://www.linkedin.com/company/digikey,DigiKey,us_wide_B_othertag,US
https://www.linkedin.com/in/brookelrichardson,Brooke Richardson,Brooke,Richardson,Marketing Communications Manager,2,US,2026-06-01,https://www.linkedin.com/company/dmpalarms,Digital Monitoring Products,us_wide_B_othertag,US
https://www.linkedin.com/in/dan-dossey-5a8b2126a,Dan Dossey,Dan,Dossey,Dealer Development Manager,1,US,2023-06-01,https://www.linkedin.com/company/dmpalarms,Digital Monitoring Products,us_wide_B_othertag,US
https://www.linkedin.com/in/arnaud-le-chatelier-870240a,Arnaud Le Chatelier,Arnaud,Le Chatelier,Director of Sales & Marketing,3,US,2013-01-01,https://www.linkedin.com/company/dillon-supply-company,Dillon Supply Company,us_wide_A_vertical,US
https://www.linkedin.com/in/jena-johnsrud-b2482083,Jena Johnsrud,Jena,Johnsrud,"Director, Global Segment and Supplier Marketing",3,US,2026-06-01,https://www.linkedin.com/company/digikey,DigiKey,us_wide_B_othertag,US
https://www.linkedin.com/in/brian-vanelsberg,Brian Van Elsberg,Brian,Van Elsberg,"Director, Marketing Operations",3,US,2020-02-01,https://www.linkedin.com/company/digikey,DigiKey,us_wide_B_othertag,US
https://www.linkedin.com/in/deanna-peterson-238a5714,Deanna Peterson,Deanna,Peterson,"Manager, Partnership Marketing",1,US,-,https://www.linkedin.com/company/digikey,DigiKey,us_wide_B_othertag,US
https://www.linkedin.com/in/george-biggs-8ab1b32,George Biggs,George,Biggs,Chief Marketing Officer,3,GB,2025-04-01,https://www.linkedin.com/company/divergenttechnologies,Divergent,us_wide_B_othertag,US
https://www.linkedin.com/in/nicoleryan,Nicole Ryan,Nicole,Ryan,"Director, Communications and Marketing",3,US,2026-04-01,https://www.linkedin.com/company/divergenttechnologies,Divergent,us_wide_B_othertag,US
https://www.linkedin.com/in/cedric-thompson-6802562,Cedric Thompson,Cedric,Thompson,Sr. Channel Marketing Manager,1,US,2024-10-01,https://www.linkedin.com/company/diversitech-corporation,DiversiTech Corporation,us_wide_A_vertical,US
https://www.linkedin.com/in/kgwilkinson,Kevin Wilkinson,Kevin,Wilkinson,Channel Marketing Manager,1,US,2020-02-01,https://www.linkedin.com/company/diversitech-corporation,DiversiTech Corporation,us_wide_A_vertical,US
https://www.linkedin.com/in/linzee-loerzel,Linzee Loerzel,Linzee,Loerzel,Partnership Marketing Manager - Strategic Programs,1,US,-,https://www.linkedin.com/company/digikey,DigiKey,us_wide_B_othertag,US
https://www.linkedin.com/in/scott-jones-88b84721,Scott Jones,Scott,Jones,"Vice President, Sales and Marketing",3,US,2010-01-01,https://www.linkedin.com/company/dixon-valve,Dixon Valve,us_wide_A_vertical,US
https://www.linkedin.com/in/robert-bower-26522b8,Robert Bower,Robert,Bower,"Vice President, Marketing & Sales",3,US,1994-06-01,https://www.linkedin.com/company/dlhbowles,dlhBOWLES,us_wide_A_vertical,US
https://www.linkedin.com/in/jaylene-larson-691322170,Jaylene Larson,Jaylene,Larson,Partnerships Marketing Manager,1,US,-,https://www.linkedin.com/company/digikey,DigiKey,us_wide_B_othertag,US
https://www.linkedin.com/in/michaellarmon,Michael Larmon,Michael,Larmon,"Director of Marketing, Americas",3,US,2026-07-01,https://www.linkedin.com/company/dnsolutionsamerica,DN Solutions America,us_wide_B_othertag,US
https://www.linkedin.com/in/emichael,Elaine Michael,Elaine,Michael,Vice President Marketing,3,US,2025-12-01,https://www.linkedin.com/company/dnowinc,DNOW,us_wide_A_vertical,US
https://www.linkedin.com/in/brad-wise-b9011661,Brad Wise,Brad,Wise,VP Marketing & Investor Relations,3,US,2013-05-01,https://www.linkedin.com/company/dnowinc,DNOW,us_wide_A_vertical,US
https://www.linkedin.com/in/briandavidsmith,Brian Smith,Brian,Smith,"Director, Marketing Communications",2,US,2021-10-01,https://www.linkedin.com/company/doble-engineering,Doble Engineering,us_wide_B_othertag,US
https://www.linkedin.com/in/steve-jackson-570043a5,Steve Jackson,Steve,Jackson,Director Corporate Marketing,3,US,2021-12-01,https://www.linkedin.com/company/dnowinc,DNOW,us_wide_A_vertical,US
https://www.linkedin.com/in/bobby-gaudreau-22b76b7,Bobby Gaudreau,Bobby,Gaudreau,General Manager / Vice President of Sales & Marketing (Activator Dealer Solutions),1,US,2022-02-01,https://www.linkedin.com/company/dominion-enterprises,Dominion Enterprises,us_wide_B_othertag,US
https://www.linkedin.com/in/lesha-rabon-5980184,Lesha Rabon,Lesha,Rabon,Senior Director of Advertising & Marketing,3,US,2000-11-01,https://www.linkedin.com/company/dominion-enterprises,Dominion Enterprises,us_wide_B_othertag,US
https://www.linkedin.com/in/hartjenny,Jennifer Hart,Jennifer,Hart,Fractional CMO,3,US,2025-01-01,https://www.linkedin.com/company/dorsey-alston-realtors,"Dorsey Alston, Realtors",us_wide_B_othertag,US
https://www.linkedin.com/in/britthawkinson,"Britt Hawkinson, CPPM",Britt,"Hawkinson, CPPM","Director, Global Marketing Technology",3,US,2025-07-01,https://www.linkedin.com/company/donaldson,Donaldson,us_wide_A_vertical,US
https://www.linkedin.com/in/joe-harp-jr-bb149b6,"Joe Harp, Jr.",Joe,"Harp, Jr.","Vice President, Sales & Marketing",3,US,2024-03-01,https://www.linkedin.com/company/double-h-plastics-inc,Double H.,us_wide_B_othertag,US
https://www.linkedin.com/in/robinvodenlic,Robin Vodenlic,Robin,Vodenlic,Global Marketing Communications Manager,2,US,2022-01-01,https://www.linkedin.com/company/dover-precision-components,Dover Precision Components,us_wide_A_vertical,US
https://www.linkedin.com/in/janverdoodt,Jan Verdoodt,Jan,Verdoodt,Global Director Strategy and Marketing F&B,3,BE,2023-02-01,https://www.linkedin.com/company/donaldson,Donaldson,us_wide_A_vertical,US
https://www.linkedin.com/in/hendrikmueller,Hendrik Mueller,Hendrik,Mueller,Director Product Management & Marketing EU Meters & Regulators,3,DE,2022-03-01,https://www.linkedin.com/company/dresser-utility-solutions,Dresser Utility Solutions,us_wide_A_vertical,US
https://www.linkedin.com/in/jsolheidqssp,"Joseph Solheid, QSSP",Joseph,"Solheid, QSSP","Vice President Sales & Marketing, National Segments",3,US,2024-08-01,https://www.linkedin.com/company/dsgsupply,DSG Supply,us_wide_A_vertical,US
https://www.linkedin.com/in/brooke-mlsna-13862b8,Brooke Mlsna,Brooke,Mlsna,Director of Marketing,3,US,2024-11-01,https://www.linkedin.com/company/dsgsupply,DSG Supply,us_wide_A_vertical,US
https://www.linkedin.com/in/lisa-shaheen-166134,Lisa Shaheen,Lisa,Shaheen,Director of Channel Marketing & Events,1,US,2023-07-01,https://www.linkedin.com/company/dtgpower,DTG,us_wide_A_vertical,US
https://www.linkedin.com/in/anthonyantonuccio,Anthony Antonuccio,Anthony,Antonuccio,"SVP, Product and Marketing",3,US,2021-02-01,https://www.linkedin.com/company/dtgpower,DTG,us_wide_A_vertical,US
https://www.linkedin.com/in/scottellislee,Tristen Scott Lee,Tristen Scott,Lee,Network Manager,1,US,2022-03-01,https://www.linkedin.com/company/ducommun-incorporated,Ducommun Incorporated,us_wide_B_othertag,US
https://www.linkedin.com/in/william-terry-0791882a,william terry,william,terry,Director of Digital Marketing & Brand,3,US,2024-01-01,https://www.linkedin.com/company/dudek-&-bock-spring-mfg-co,Dudek & Bock Spring Mfg Co,us_wide_B_othertag,US
https://www.linkedin.com/in/rebecca-hagen-a84b1035,Rebecca Hagen,Rebecca,Hagen,Director Product Marketing,3,US,2025-11-01,https://www.linkedin.com/company/dudek-&-bock-spring-mfg-co,Dudek & Bock Spring Mfg Co,us_wide_B_othertag,US
https://www.linkedin.com/in/ryan-huss-b15a8544,Ryan Huss,Ryan,Huss,Vice President of Sales and Marketing,3,US,2020-03-01,https://www.linkedin.com/company/duncan-aviation,Duncan Aviation,us_wide_B_othertag,US
https://www.linkedin.com/in/lori-johnson-25301411,Lori Johnson,Lori,Johnson,Marketing Communications Manager,2,US,1993-01-01,https://www.linkedin.com/company/duncan-aviation,Duncan Aviation,us_wide_B_othertag,US
https://www.linkedin.com/in/nina-ahlmann-80016746,Nina Ahlmann,Nina,Ahlmann,Supervisor Trade Marketing & Partner Relations,1,DE,2026-02-01,https://www.linkedin.com/company/dunlop-tyre-europe-gmbh,Dunlop Tyre Europe GmbH,us_wide_A_vertical,US
https://www.linkedin.com/in/melissakullbel,Melissa Kull,Melissa,Kull,"Global Marketing Communications Manager, Spectrum™",2,US,2026-03-01,https://www.linkedin.com/company/dupont,DuPont,us_wide_B_othertag,US
https://www.linkedin.com/in/maryellen5,Mary Ellen Broderick,Mary Ellen,Broderick,NA Marketing Communications & Media Manager,2,US,2023-01-01,https://www.linkedin.com/company/dupont,DuPont,us_wide_B_othertag,US
https://www.linkedin.com/in/bruno-thevenet-4446752b0,Bruno Thevenet,Bruno,Thevenet,Network Infrastructure Manager,1,FR,2023-12-01,https://www.linkedin.com/company/dura-shiloh,Dura Automotive Systems LLC,us_wide_A_vertical,US
https://www.linkedin.com/in/ivybaluha,Ivy Baluha,Ivy,Baluha,NA Marketing Communications Lead – Tyvek® Consumer & Industrial,2,US,2026-01-01,https://www.linkedin.com/company/dupont,DuPont,us_wide_B_othertag,US
https://www.linkedin.com/in/chrissthompson,Chris Thompson,Chris,Thompson,Sr. Marketing Communications Manager - Material Handling Americas,2,US,2022-07-01,https://www.linkedin.com/company/duravant,Duravant,us_wide_A_vertical,US
https://www.linkedin.com/in/kristingrons,Kristin Grons,Kristin,Grons,"Director, Marketing Communications and Operations",2,US,2022-01-01,https://www.linkedin.com/company/duravant,Duravant,us_wide_A_vertical,US
https://www.linkedin.com/in/eleni-yianas-69b8325,Eleni Yianas,Eleni,Yianas,"Sr. Vice President, Marketing",3,US,2014-01-01,https://www.linkedin.com/company/duravant,Duravant,us_wide_A_vertical,US
https://www.linkedin.com/in/debbie-casaletto-48a6376b,Debbie Casaletto,Debbie,Casaletto,Marketing Communications Manager,2,US,1999-08-01,https://www.linkedin.com/company/durex-industries,Durex Industries,us_wide_B_othertag,US
https://www.linkedin.com/in/milena-yordanova-b040757b,Milena Yordanova,Milena,Yordanova,Marketing Communications Manager DuPont Water Solutions,2,ES,2018-04-01,https://www.linkedin.com/company/dupont,DuPont,us_wide_B_othertag,US
https://www.linkedin.com/in/jenniferimcmahon,Jennifer McMahon,Jennifer,McMahon,Global Marketing Communications Lead - Tyvek® Healthcare Packaging,2,US,2025-10-01,https://www.linkedin.com/company/dupont,DuPont,us_wide_B_othertag,US
https://www.linkedin.com/in/danawojno,Dana Wojno de Beer,Dana,Wojno de Beer,Director of Corporate Marketing,3,GB,2026-01-01,https://www.linkedin.com/company/dwyeromega,DwyerOmega,us_wide_A_vertical,US
https://www.linkedin.com/in/amy-rosen-sorchini-6869811,Amy Rosen-Sorchini,Amy,Rosen-Sorchini,Channel Marketing Manager - Broadline,1,US,2021-03-01,https://www.linkedin.com/company/dwyeromega,DwyerOmega,us_wide_A_vertical,US
https://www.linkedin.com/in/nicole-vanwert-quinzi-46a2821,Nicole VanWert Quinzi,Nicole,VanWert Quinzi,"Director, Commercial Marketing",3,US,2023-12-01,https://www.linkedin.com/company/dwyeromega,DwyerOmega,us_wide_A_vertical,US
https://www.linkedin.com/in/alan-rushbrook-76104675,Alan Rushbrook,Alan,Rushbrook,Service support network manager,1,GB,2024-11-01,https://www.linkedin.com/company/dwyeromega,DwyerOmega,us_wide_A_vertical,US
https://www.linkedin.com/in/james-chambers-b7a6a97,James Chambers,James,Chambers,Head of Global Marketing & Strategy,3,US,2026-01-01,https://www.linkedin.com/company/dupont,DuPont,us_wide_B_othertag,US
https://www.linkedin.com/in/urfali,Matt Urfali,Matt,Urfali,VP Sales & Marketing - Global,3,US,2021-07-01,https://www.linkedin.com/company/dupont,DuPont,us_wide_B_othertag,US
https://www.linkedin.com/in/kate-mcelhatton-65402552,Kate McElhatton,Kate,McElhatton,Product and Channel Marketing Leader,1,US,2024-03-01,https://www.linkedin.com/company/dupont,DuPont,us_wide_B_othertag,US
https://www.linkedin.com/in/megan-morris-907095a2,Megan Morris,Megan,Morris,Marketing Communications Manager,2,US,2011-02-01,https://www.linkedin.com/company/dupont,DuPont,us_wide_B_othertag,US
https://www.linkedin.com/in/bill-desrosiers,Bill Desrosiers,Bill,Desrosiers,"Vice President Sales, Marketing, & Business Development",3,US,2014-03-01,https://www.linkedin.com/company/dynisco,Dynisco,us_wide_B_othertag,US
https://www.linkedin.com/in/kristimcknight,Kristi McKnight,Kristi,McKnight,Partnership and Marketing Manager,1,US,2025-09-01,https://www.linkedin.com/company/dzyne-technologies,DZYNE Technologies,us_wide_B_othertag,US
https://www.linkedin.com/in/matthew-walter-b7115b5,Matthew Walter,Matthew,Walter,VP Sales and Marketing,3,US,2014-09-01,https://www.linkedin.com/company/ez-pack,E-Z Pack Refuse Hauling Solutions LLC,us_wide_A_vertical,US
https://www.linkedin.com/in/katydiekfuss,Katy Diekfuss,Katy,Diekfuss,Director of Marketing,3,US,2021-11-01,https://www.linkedin.com/company/eaa,EAA,us_wide_B_othertag,US
https://www.linkedin.com/in/rick-larsen-7756b010,Rick Larsen,Rick,Larsen,VP Marketing,3,US,2013-03-01,https://www.linkedin.com/company/eaa,EAA,us_wide_B_othertag,US
https://www.linkedin.com/in/kim-walsh-b8714314,Kim Walsh,Kim,Walsh,Director of Marketing-Filtration,3,US,-,https://www.linkedin.com/company/eaglepicher,EaglePicher Technologies,us_wide_B_othertag,US
https://www.linkedin.com/in/mledmonds,Michael Edmonds,Michael,Edmonds,Director Of Marketing And Business Development,3,US,2017-01-01,https://www.linkedin.com/company/eastern-lift-truck-company,"Eastern Lift Truck Co., Inc.",us_wide_A_vertical,US
https://www.linkedin.com/in/brandonpadgett,Brandon Padgett,Brandon,Padgett,Director of Brand & Industry Marketing,3,US,2025-11-01,https://www.linkedin.com/company/eastern-metal-supply-inc-,"Eastern Metal Supply, Inc.",us_wide_B_othertag,US
https://www.linkedin.com/in/craigsharum,Craig Sharum,Craig,Sharum,Director of Marketing and Communications,3,US,2015-07-01,https://www.linkedin.com/company/easterseals-morc,Easterseals MORC,us_wide_A_vertical,US
https://www.linkedin.com/in/denise-durkee-3b0966a,Denise Durkee,Denise,Durkee,"Director, Marketing & Development and Community Outreach",3,US,2006-05-01,https://www.linkedin.com/company/easterseals-morc,Easterseals MORC,us_wide_A_vertical,US
https://www.linkedin.com/in/frank-pierce-226966116,Frank Pierce,Frank,Pierce,Director of Sales and Marketing,3,US,2022-04-01,https://www.linkedin.com/company/eb-stone-&-son,EB Stone & Son,us_wide_A_vertical,US
https://www.linkedin.com/in/james-thayer-75565119,James Thayer,James,Thayer,Director of Marketing,3,US,2011-08-01,https://www.linkedin.com/company/echelon-supply-and-service,Echelon Supply and Service,us_wide_A_vertical,US
https://www.linkedin.com/in/wayne-thomsen-b7ab043,Wayne Thomsen,Wayne,Thomsen,"Vice President, Marketing, Product Management, and Corporate Process",3,US,2015-04-01,https://www.linkedin.com/company/echousa,ECHO Incorporated,us_wide_A_vertical,US
https://www.linkedin.com/in/nadia-burke-consumer-goods-marketing-leader-brand-management,Nadia Burke,Nadia,Burke,Director of Marketing,3,US,2023-09-01,https://www.linkedin.com/company/echousa,ECHO Incorporated,us_wide_A_vertical,US
https://www.linkedin.com/in/hailee-siegler,Hailee Siegler,Hailee,Siegler,Channel Marketing Manager,1,US,2022-06-01,https://www.linkedin.com/company/echousa,ECHO Incorporated,us_wide_A_vertical,US
https://www.linkedin.com/in/scottbober,Scott Bober,Scott,Bober,Vice President of Sales and Marketing,3,US,2025-05-01,https://www.linkedin.com/company/electri-cord-manufacturing,ECM - Electri-Cord Mfg,us_wide_B_othertag,US
https://www.linkedin.com/in/pjacquinot,Patrick Jacquinot,Patrick,Jacquinot,Director of Marketing,3,US,2026-01-01,https://www.linkedin.com/company/ecs-inc--international,ECS Inc. International,us_wide_B_othertag,US
https://www.linkedin.com/in/mike-huennekens-8a1b71a9,Mike Huennekens,Mike,Huennekens,Director of OEM Sales/Marketing,3,US,1996-09-01,https://www.linkedin.com/company/ecs-inc--international,ECS Inc. International,us_wide_B_othertag,US
https://www.linkedin.com/in/rachelbrueser,Rachel Brueser,Rachel,Brueser,Director of Marketing,3,US,2025-07-01,https://www.linkedin.com/company/edge-industrial-technologies,EDGE Industrial Technologies,us_wide_B_othertag,US
https://www.linkedin.com/in/lizjsantana,Liz Santana,Liz,Santana,Director of Marketing,3,US,2026-02-01,https://www.linkedin.com/company/edmund-optics,Edmund Optics,us_wide_B_othertag,US
https://www.linkedin.com/in/john-j-mcguire-mba,John McGuire,John,McGuire,"Brand Manager, Partner Products",1,US,2025-08-01,https://www.linkedin.com/company/edmund-optics,Edmund Optics,us_wide_B_othertag,US
https://www.linkedin.com/in/rubentorguet,Rubén Torguet López,Rubén,Torguet López,"Senior Director, Marketplace Global Marketing",3,DE,2026-06-01,https://www.linkedin.com/company/edmund-optics,Edmund Optics,us_wide_B_othertag,US
https://www.linkedin.com/in/kelly-cook-70985896,Kelly Cook,Kelly,Cook,Director Technical Marketing,3,US,2019-06-01,https://www.linkedin.com/company/edw.-c.-levy-co.,Edw. C. Levy Co.,us_wide_A_vertical,US
https://www.linkedin.com/in/lori-s-4bb10b29,Lori S.,Lori,S.,Director of Sales and Marketing,3,US,2018-04-01,https://www.linkedin.com/company/edw.-c.-levy-co.,Edw. C. Levy Co.,us_wide_A_vertical,US
https://www.linkedin.com/in/amy-jo-fields-669727148,Amy Jo Fields,Amy Jo,Fields,Marketing Communications Manager,2,US,2023-04-01,https://www.linkedin.com/company/el-paso-county,"El Paso County, Colorado, USA",us_wide_B_othertag,US
https://www.linkedin.com/in/vincelewis,Vince Lewis,Vince,Lewis,"Vice President of Marketing, Brand & Communications",2,US,2025-04-01,https://www.linkedin.com/company/elbitsystemsofamerica,Elbit Systems of America,us_wide_B_othertag,US
https://www.linkedin.com/in/sudiptodey,Sudipto ( Sid ) Dey,Sudipto ( Sid ),Dey,Global Head of Website and Digital Marketing,3,GB,2023-01-01,https://www.linkedin.com/company/electrorent,Electro Rent,us_wide_B_othertag,US
https://www.linkedin.com/in/george-acris-36b1724,George Acris,George,Acris,VP of Global Marketing,3,GB,2023-06-01,https://www.linkedin.com/company/electrorent,Electro Rent,us_wide_B_othertag,US
https://www.linkedin.com/in/jenny-kovach,Jenny Kovach,Jenny,Kovach,"Marcomms & Demand Generation Manager, Americas",2,US,2025-04-01,https://www.linkedin.com/company/electrorent,Electro Rent,us_wide_B_othertag,US
https://www.linkedin.com/in/scott-fisher-bb75883,Scott Fisher,Scott,Fisher,Director of Sales and Marketing,3,US,2016-06-01,https://www.linkedin.com/company/electro-technik-industries,"Electro Technik Industries, Inc.",us_wide_B_othertag,US
https://www.linkedin.com/in/roy-clendenning-818b7792,Roy Clendenning,Roy,Clendenning,Network Manager,1,US,-,https://www.linkedin.com/company/el-paso-county,"El Paso County, Colorado, USA",us_wide_B_othertag,US
https://www.linkedin.com/in/robert-kerber-a4543232,Robert Kerber,Robert,Kerber,"Vice President, Global Sales, Marketing and Product Development",3,US,2014-08-01,https://www.linkedin.com/company/electrocraft,ElectroCraft,us_wide_A_vertical,US
https://www.linkedin.com/in/lescook,Les Cook,Les,Cook,Director of EMEA Sales & Marketing,3,GB,2018-08-01,https://www.linkedin.com/company/electrocraft,ElectroCraft,us_wide_A_vertical,US
https://www.linkedin.com/in/stephanie-faulk-,Stephanie Faulk,Stephanie,Faulk,"Director of Sales, Marketing & Communications",2,US,2025-08-01,https://www.linkedin.com/company/elevate-seats,Elevate Aircraft Seating,us_wide_B_othertag,US
https://www.linkedin.com/in/felix-gonzalez-b222b351,Felix Gonzalez,Felix,Gonzalez,Senior Vice President of Sales and Marketing,3,US,2024-07-01,https://www.linkedin.com/company/electronic-power-design,Electronic Power Design,us_wide_B_othertag,US
https://www.linkedin.com/in/christopher-p-gardner-aa40459,Christopher P. Gardner,Christopher P.,Gardner,VP of Sales & Marketing,3,US,2024-01-01,https://www.linkedin.com/company/esgworks,Elevate Solutions Group,us_wide_B_othertag,US
https://www.linkedin.com/in/davidchimitris,"David Chimitris, M.A., MBA",David,"Chimitris, M.A., MBA",Organizational Development Partner,1,US,-,https://www.linkedin.com/company/elkay-usa,Elkay Manufacturing,us_wide_B_othertag,US
https://www.linkedin.com/in/roniaabdelrahman,Ronia Abdelrahman,Ronia,Abdelrahman,"Director, Global Channel Marketing",1,US,-,https://www.linkedin.com/company/elkay-usa,Elkay Manufacturing,us_wide_B_othertag,US
https://www.linkedin.com/in/han-j-lee,Han J Lee,Han,J Lee,"Manager, Channel Marketing (Retail/Home Center)",1,US,-,https://www.linkedin.com/company/elkay-usa,Elkay Manufacturing,us_wide_B_othertag,US
https://www.linkedin.com/in/cullen-jones-610115a7,Cullen Jones,Cullen,Jones,Vice President Sales and Marketing,3,US,2018-05-01,https://www.linkedin.com/company/elkhart-plastics,Elkhart Plastics,us_wide_B_othertag,US
https://www.linkedin.com/in/donald-fissel-9a061715,Donald Fissel,Donald,Fissel,Director Sales & Marketing,3,US,-,https://www.linkedin.com/company/ellwood,Ellwood,us_wide_B_othertag,US
https://www.linkedin.com/in/jparkerc,Justin Collins,Justin,Collins,Director of Performance Marketing,3,US,2025-12-01,https://www.linkedin.com/company/elocal,eLocal,us_wide_B_othertag,US
https://www.linkedin.com/in/montanadambly,"Montana Dambly, BA, MBA",Montana,"Dambly, BA, MBA",Head of Growth Marketing,3,US,2023-12-01,https://www.linkedin.com/company/elocal,eLocal,us_wide_B_othertag,US
https://www.linkedin.com/in/benjaminmurtagh,Ben Murtagh,Ben,Murtagh,Vice President of Growth Marketing,3,US,2024-05-01,https://www.linkedin.com/company/elocal,eLocal,us_wide_B_othertag,US
https://www.linkedin.com/in/jasmine-jean-a807701b,Jasmine Jean,Jasmine,Jean,Director of Marketing & Business Development,3,US,2010-01-01,https://www.linkedin.com/company/emcor-services-mesa-energy-systems,EMCOR Services Mesa Energy,us_wide_A_vertical,US
https://www.linkedin.com/in/wayne-hauenstein,Wayne Hauenstein,Wayne,Hauenstein,Learning & Development Partner,1,US,2026-04-01,https://www.linkedin.com/company/emcor-services-aircond,EMCOR Services Aircond,us_wide_A_vertical,US
https://www.linkedin.com/in/john-anderson-48b7623a,John Anderson,John,Anderson,VP Secondary Marketing,3,US,2013-07-01,https://www.linkedin.com/company/emigrant-bank,Emigrant Bank,us_wide_A_vertical,US
https://www.linkedin.com/in/antony-carter-mba,"Antony Carter, MBA",Antony,"Carter,  MBA","Managing Director  - Europe, Global VP Sales and Marketing",3,GB,2019-06-01,https://www.linkedin.com/company/enbi-group,Enbi Group,us_wide_A_vertical,US
https://www.linkedin.com/in/debhelin,Deb Helin,Deb,Helin,Director of Marketing and Communications,3,US,2016-04-01,https://www.linkedin.com/company/energy-steel,Energy Steel,us_wide_A_vertical,US
https://www.linkedin.com/in/kvendeland,Kelley Vendeland,Kelley,Vendeland,"Vice President, Marketing and Sustainability / Senior Director, Corporate Communications",3,US,2019-01-01,https://www.linkedin.com/company/energyrecovery,"Energy Recovery, Inc.",us_wide_A_vertical,US
https://www.linkedin.com/in/amy-davis-mba-733bb9a,"Amy Davis, MBA",Amy,"Davis, MBA",Director of Marketing,3,US,2025-01-01,https://www.linkedin.com/company/energyrecovery,"Energy Recovery, Inc.",us_wide_A_vertical,US
https://www.linkedin.com/in/rachellesanders1,Rachelle Sanders,Rachelle,Sanders,Sr. Marketing Communications Manager,2,US,2024-07-01,https://www.linkedin.com/company/energyrecovery,"Energy Recovery, Inc.",us_wide_A_vertical,US
https://www.linkedin.com/in/perrywhleung,Perry Leung,Perry,Leung,"Partner Solutions Associate Director, Business Development",1,US,2026-08-01,https://www.linkedin.com/company/energyhub,EnergyHub,us_wide_A_vertical,US
https://www.linkedin.com/in/julie-potyraj,Julie Potyraj,Julie,Potyraj,"Director, Brand and Content Marketing",3,US,2025-11-01,https://www.linkedin.com/company/energyhub,EnergyHub,us_wide_A_vertical,US
https://www.linkedin.com/in/christopher-t-6853644b,Christopher T.,Christopher,T.,"Vice President, Global Marketing and Commercial Operations",3,US,2026-04-01,https://www.linkedin.com/company/enersys,EnerSys,us_wide_A_vertical,US
https://www.linkedin.com/in/john-gagge,John Gagge,John,Gagge,"Vice President of Business Development, Network Infrastructure Solutions (NIS)",1,US,2025-07-01,https://www.linkedin.com/company/enersys,EnerSys,us_wide_A_vertical,US
https://www.linkedin.com/in/christina-warn-mcim-chartered-marketer-72391788,Christina Warn (MCIM Chartered Marketer),Christina,Warn  (MCIM Chartered Marketer),"Global Director of Marketing, Motive Power",3,GB,2024-01-01,https://www.linkedin.com/company/enersys,EnerSys,us_wide_A_vertical,US
https://www.linkedin.com/in/matt-fenneman-b67b5a1a,Matt Fenneman,Matt,Fenneman,"Vice President, Sales & Marketing",3,US,1984-06-01,https://www.linkedin.com/company/engineered-profiles-llc-dba-crane-plastics-llc,Engineered Profiles LLC,us_wide_B_othertag,US
https://www.linkedin.com/in/jake-sannem-69851315a,Jake Sannem,Jake,Sannem,"Partner Solutions Manager, Business Development",1,US,2025-05-01,https://www.linkedin.com/company/energyhub,EnergyHub,us_wide_A_vertical,US
https://www.linkedin.com/in/michael-haber-25012579,Michael Haber,Michael,Haber,"Sr. Director, Growth Marketing",3,US,2025-10-01,https://www.linkedin.com/company/energyhub,EnergyHub,us_wide_A_vertical,US
https://www.linkedin.com/in/kati-zumwalt,Kati Zumwalt,Kati,Zumwalt,"Director, Marketing - Electronics Segment",3,US,2018-05-01,https://www.linkedin.com/company/enovationcontrols,Enovation Controls,us_wide_A_vertical,US
https://www.linkedin.com/in/rick-harris-b341a21,Rick Harris,Rick,Harris,"Director, Marketing Natural Gas Compression (NGC)",3,US,2010-01-01,https://www.linkedin.com/company/enovationcontrols,Enovation Controls,us_wide_A_vertical,US
https://www.linkedin.com/in/michael-%f0%9f%8e%af-sagar-5a436024,Michael 🎯 Sagar,Michael 🎯,Sagar,"Director of Marketing, Energy Systems Global",3,GB,2024-04-01,https://www.linkedin.com/company/enersys,EnerSys,us_wide_A_vertical,US
https://www.linkedin.com/in/cwaldred,Chris Aldred,Chris,Aldred,"Director of Marketing, Americas",3,US,2026-01-01,https://www.linkedin.com/company/enersys,EnerSys,us_wide_A_vertical,US
https://www.linkedin.com/in/michael-monica-12682321,Michael Monica,Michael,Monica,"Director Global Sales, Marketing and Customer Care- Garlock Pipeline Technologies",3,US,2021-10-01,https://www.linkedin.com/company/about-enpro,Enpro Inc.,us_wide_A_vertical,US
https://www.linkedin.com/in/bruce-dickinson-7b694413,Bruce Dickinson,Bruce,Dickinson,Director of Marketing And Product Management,3,US,2015-05-01,https://www.linkedin.com/company/ensinger-inc-,Ensinger Inc.,us_wide_B_othertag,US
https://www.linkedin.com/in/mel-weis-58782ab,Mel Weis,Mel,Weis,Director of Marketing,3,US,-,https://www.linkedin.com/company/enersys,EnerSys,us_wide_A_vertical,US
https://www.linkedin.com/in/dave-mcmullen-9a61745,Dave McMullen,Dave,McMullen,Sr. Director of Global Marketing - Transportation & Specialty at EnerSys,3,US,2020-07-01,https://www.linkedin.com/company/enersys,EnerSys,us_wide_A_vertical,US
https://www.linkedin.com/in/hollyhixson,Holly Hixson,Holly,Hixson,Vice President of Marketing,3,US,2024-02-01,https://www.linkedin.com/company/eosysgroup,EOSYS,us_wide_B_othertag,US
https://www.linkedin.com/in/amyfostertrenz,Amy Foster Trenz,Amy,Foster Trenz,Director of Sales & Marketing,3,US,2021-08-01,https://www.linkedin.com/company/epic-aircraft,Epic Aircraft,us_wide_B_othertag,US
https://www.linkedin.com/in/samanthaleethomas,Samantha Thomas,Samantha,Thomas,Marketing Communications Manager,2,US,2017-01-01,https://www.linkedin.com/company/equipment-&-controls-inc-,"Equipment & Controls, Inc.",us_wide_A_vertical,US
https://www.linkedin.com/in/jim-roop-0b76209,Jim Roop,Jim,Roop,"Sr. VP, Sales and Marketing",3,US,2026-01-01,https://www.linkedin.com/company/equipment-&-controls-inc-,"Equipment & Controls, Inc.",us_wide_A_vertical,US
https://www.linkedin.com/in/thomas-gibney-5ba5b28b,Thomas Gibney,Thomas,Gibney,Marketing Partner,1,US,2022-04-01,https://www.linkedin.com/company/ernest-packaging-solutions,Ernest,us_wide_B_othertag,US
https://www.linkedin.com/in/david-werking-8214928,David Werking,David,Werking,Director of Business Development & Marketing,3,US,2013-06-01,https://www.linkedin.com/company/ermco-inc,"ERMCO, Inc.",us_wide_A_vertical,US
https://www.linkedin.com/in/wayne-paulsen-61b6601a8,Wayne Paulsen,Wayne,Paulsen,Dealer Development Manager,1,US,2004-02-01,https://www.linkedin.com/company/erskine-attachments,Erskine Attachments,us_wide_A_vertical,US
https://www.linkedin.com/in/jose-rodriguezucralumni,Jose Rodriguez,Jose,Rodriguez,Marketing Communications Lead,2,US,2022-04-01,https://www.linkedin.com/company/ernest-packaging-solutions,Ernest,us_wide_B_othertag,US
https://www.linkedin.com/in/kristof-vierin,Kristof Vierin,Kristof,Vierin,"Vice President Sales & Marcom (CMC Electronics, Advanced Displays, Simulation Visual Systems)",2,BE,-,https://www.linkedin.com/company/esterline,Esterline Technologies Corporation,us_wide_B_othertag,US
https://www.linkedin.com/in/alansmithfl,Alan Smith,Alan,Smith,Director of Sales&Marketing,3,US,2006-01-01,https://www.linkedin.com/company/esterline,Esterline Technologies Corporation,us_wide_B_othertag,US
https://www.linkedin.com/in/shaunlee30,Shaun L.,Shaun,L.,Global Director of Marketing and Creative Services,3,US,2026-01-01,https://www.linkedin.com/company/essex-solutions,Essex Solutions,us_wide_B_othertag,US
https://www.linkedin.com/in/dallasajackson,Dallas Jackson,Dallas,Jackson,"Senior Manager, Corporate Communications & Marketing",2,US,2025-04-01,https://www.linkedin.com/company/essex-solutions,Essex Solutions,us_wide_B_othertag,US
https://www.linkedin.com/in/ashwinpkumar,Ashwin Kumar,Ashwin,Kumar,Vice President of Marketing,3,US,2021-01-01,https://www.linkedin.com/company/ethosenergy,EthosEnergy,us_wide_B_othertag,US
https://www.linkedin.com/in/duncan-swan-8782b950,Duncan Swan,Duncan,Swan,VP Global Sales and Marketing,3,US,2019-04-01,https://www.linkedin.com/company/ethosenergy,EthosEnergy,us_wide_B_othertag,US
https://www.linkedin.com/in/liz-haan-nol-30054733,Liz Haan (Nol),Liz,Haan (Nol),Director of Marketing and Sales Enablement,3,US,2026-03-01,https://www.linkedin.com/company/etna-supply,Etna Supply,us_wide_A_vertical,US
https://www.linkedin.com/in/rick-roosien-572255b0,Rick Roosien,Rick,Roosien,Vice President of Sales - Waterworks & Marketing,3,US,-,https://www.linkedin.com/company/etna-supply,Etna Supply,us_wide_A_vertical,US
https://www.linkedin.com/in/ben-potgeter-96841a24,Ben Potgeter,Ben,Potgeter,VP of Marketing,3,US,2000-01-01,https://www.linkedin.com/company/etna-supply,Etna Supply,us_wide_A_vertical,US
https://www.linkedin.com/in/barry-jacobson-48a2b017,Barry Jacobson,Barry,Jacobson,Vice President of Sales and Marketing,3,US,2010-02-01,https://www.linkedin.com/company/equipment-depot,Equipment Depot,us_wide_A_vertical,US
https://www.linkedin.com/in/thnico,Thiago Nico Daffini,Thiago,Nico Daffini,Head of Strategic Marketing,3,NL,2022-06-01,https://www.linkedin.com/company/eveairmobility,Eve Air Mobility,us_wide_B_othertag,US
https://www.linkedin.com/in/ericwickberg,Eric Wickberg,Eric,Wickberg,Executive Vice President of Sales and Marketing,3,US,2019-07-01,https://www.linkedin.com/company/everidge,Everidge,us_wide_A_vertical,US
https://www.linkedin.com/in/john-stocks-a9043449,John Stocks,John,Stocks,"Senior VP Sales, Marketing & Construction Services",3,US,2017-03-01,https://www.linkedin.com/company/everidge,Everidge,us_wide_A_vertical,US
https://www.linkedin.com/in/jeanninerinke,Jeannine Rinke,Jeannine,Rinke,Director of Marketing,3,US,2019-08-01,https://www.linkedin.com/company/evolution-motion-solutions,Evolution Motion Solutions,us_wide_A_vertical,US
https://www.linkedin.com/in/james-clements-200a081,James Clements,James,Clements,Director of Channel Management & Strategic Marketing,1,US,2021-01-01,https://www.linkedin.com/company/excelitas-technologies,Excelitas Technologies Corp.,us_wide_B_othertag,US
https://www.linkedin.com/in/johnprydderch,-,-,-,Director Corporate Communications & Marketing,2,GB,2026-05-01,https://www.linkedin.com/company/exentecgroup,Exentec,us_wide_A_vertical,US
https://www.linkedin.com/in/kateroberts3,Kate Roberts,Kate,Roberts,Director of Marketing & Sales Operations,3,US,2012-04-01,https://www.linkedin.com/company/exotic-automation,Exotic Automation,us_wide_A_vertical,US
https://www.linkedin.com/in/jim-harrington-9b91783,Jim Harrington,Jim,Harrington,Chief Marketing Officer,3,US,2024-08-01,https://www.linkedin.com/company/exponential-power,Exponential Power,us_wide_A_vertical,US
https://www.linkedin.com/in/waynegilley,Wayne Gilley,Wayne,Gilley,Fiber and Network Services Manager,1,US,2012-10-01,https://www.linkedin.com/company/expanse-electrical-company,Expanse Electrical Co.,us_wide_A_vertical,US
https://www.linkedin.com/in/jamie-briggs-4978a149,Jamie Briggs,Jamie,Briggs,Director of Marketing,3,US,2018-11-01,https://www.linkedin.com/company/exmark-manufacturing-company,Exmark Manufacturing Company,us_wide_A_vertical,US
https://www.linkedin.com/in/sdavis16,Sean Davis,Sean,Davis,Vice President of Marketing,3,US,2024-08-01,https://www.linkedin.com/company/fwwebbco,F.W. Webb Company,us_wide_A_vertical,US
https://www.linkedin.com/in/vicki-feola-ab44b015,Vicki Feola,Vicki,Feola,VP of Marketing & Ecommerce,3,US,2023-01-01,https://www.linkedin.com/company/famous-enterprises,Famous Supply,us_wide_A_vertical,US
https://www.linkedin.com/in/mike-dyer-034350213,Mike Dyer,Mike,Dyer,Vice President of sales and marketing,3,US,2023-09-01,https://www.linkedin.com/company/falcon-truck-bodies,Falcon Truck Bodies,us_wide_A_vertical,US
https://www.linkedin.com/in/sabine-garcia-1b4078105,Sabine Garcia,Sabine,Garcia,Network Senior Manager France,1,BE,2026-03-01,https://www.linkedin.com/company/farizon-auto-france,Farizon Auto France,us_wide_A_vertical,US
https://www.linkedin.com/in/sarahplummerbain,Sarah Bain (Plummer),Sarah,Bain (Plummer),Director of Marketing,3,US,2025-02-01,https://www.linkedin.com/company/fathommfg,Fathom Digital Manufacturing,us_wide_B_othertag,US
https://www.linkedin.com/in/woodrow-plunkett-aa54722a,Woodrow Plunkett,Woodrow,Plunkett,Director of Marketing and Communications,3,US,2025-01-01,https://www.linkedin.com/company/fcindustriesinc,"FC Industries, Inc.",us_wide_A_vertical,US
https://www.linkedin.com/in/uptownfarms,-,-,-,Senior Vice President Marketing,3,US,-,https://www.linkedin.com/company/fcsfinancial,FCS Financial,us_wide_A_vertical,US
https://www.linkedin.com/in/heather-rosenow-20a8952,Heather Rosenow,Heather,Rosenow,"Executive Vice President, Marketing & Communications",2,US,2025-04-01,https://www.linkedin.com/company/fdhaero,FDH Aero,us_wide_B_othertag,US
https://www.linkedin.com/in/daviddossettaberg,David Dossett Aberg,David Dossett,Aberg,"Manager, Marketing Communications",2,US,2023-06-01,https://www.linkedin.com/company/fdhaero,FDH Aero,us_wide_B_othertag,US
https://www.linkedin.com/in/tylershortt,Tyler Shortt,Tyler,Shortt,"Vice President, Sales and Marketing",3,US,2025-11-01,https://www.linkedin.com/company/federal-foam-technologies-inc-,Federal Foam Technologies,us_wide_A_vertical,US
https://www.linkedin.com/in/james-wyrick,James Wyrick,James,Wyrick,"Supervisory Principal Avionics Inspector (SPAI) Part 121 for the United CMO, GL-33",3,US,2020-05-01,https://www.linkedin.com/company/faa,Federal Aviation Administration,us_wide_B_othertag,US
https://www.linkedin.com/in/jerret-giammichele-mba-26ba7118,"Jerret Giammichele, MBA",Jerret,"Giammichele, MBA",Vice President Sales and Marketing,3,US,2025-11-01,https://www.linkedin.com/company/feldmeier-equipment,"Feldmeier Equipment, Inc.",us_wide_B_othertag,US
https://www.linkedin.com/in/steve-poling1110,Steve Poling,Steve,Poling,Learning and Development Partner,1,US,2024-08-01,https://www.linkedin.com/company/felix-construction-company,Felix Construction Company,us_wide_A_vertical,US
https://www.linkedin.com/in/steve-facetti-99533b,Steve Facetti,Steve,Facetti,VP Sales & Marketing,3,US,-,https://www.linkedin.com/company/fenner-drives,Fenner Drives,us_wide_A_vertical,US
https://www.linkedin.com/in/paul-chen-38333151,Paul Chen,Paul,Chen,VP Business Development & Marketing at FFG Americas,3,US,2003-07-01,https://www.linkedin.com/company/ffgamericas,FFG Americas,us_wide_A_vertical,US
https://www.linkedin.com/in/paul-f-899a8222,Paul F.,Paul,F.,Distribution Development Manager,1,US,2015-06-01,https://www.linkedin.com/company/festo-usa,Festo USA,us_wide_A_vertical,US
https://www.linkedin.com/in/dave-falzone,Dave Falzone,Dave,Falzone,Vice President Sales & Marketing,3,US,2026-01-01,https://www.linkedin.com/company/fiba-technologies-inc.,"FIBA Technologies, Inc.",us_wide_A_vertical,US
https://www.linkedin.com/in/stephen-finn-072bb64,Stephen Finn,Stephen,Finn,Vice President of Sales and Marketing,3,US,1989-01-01,https://www.linkedin.com/company/fiba-technologies-inc.,"FIBA Technologies, Inc.",us_wide_A_vertical,US
https://www.linkedin.com/in/carlmarchese,Carl Marchese,Carl,Marchese,Director of Marketing & Channel Sales,1,US,2022-01-01,https://www.linkedin.com/company/fibox-enclosures-usa,Fibox Enclosures,us_wide_B_othertag,US
https://www.linkedin.com/in/mrraywong,Raymond Wong,Raymond,Wong,Director of Performance Marketing,3,US,2023-12-01,https://www.linkedin.com/company/fictiv,Fictiv,us_wide_B_othertag,US
https://www.linkedin.com/in/dominikadurst,Dominika D.,Dominika,D.,Head of Account-Based Marketing & Demand Generation,3,US,2025-02-01,https://www.linkedin.com/company/fictiv,Fictiv,us_wide_B_othertag,US
https://www.linkedin.com/in/chazconley,Chuck Conley,Chuck,Conley,"Sr Director, Product Marketing",3,US,2023-10-01,https://www.linkedin.com/company/fictiv,Fictiv,us_wide_B_othertag,US
https://www.linkedin.com/in/emilybrgn,Emily Bergen,Emily,Bergen,Director of Performance Marketing,3,US,2026-01-01,https://www.linkedin.com/company/fictiv,Fictiv,us_wide_B_othertag,US
https://www.linkedin.com/in/charles-yeung-1209422,Charles Yeung,Charles,Yeung,"Vice President, Growth Marketing",3,US,2023-04-01,https://www.linkedin.com/company/fictiv,Fictiv,us_wide_B_othertag,US
https://www.linkedin.com/in/jeffreyshin,Jeffrey Shin,Jeffrey,Shin,Director of Lifecycle Marketing,3,US,2023-08-01,https://www.linkedin.com/company/fictiv,Fictiv,us_wide_B_othertag,US
https://www.linkedin.com/in/nelissabiensach,Nelissa Biensach,Nelissa,Biensach,Vice President of Marketing & Communications,2,US,2025-01-01,https://www.linkedin.com/company/fidelity-building-services-group,Fidelity Building Services Group,us_wide_A_vertical,US
https://www.linkedin.com/in/john-wissel-1b1150,John Wissel,John,Wissel,Chief Corporate Development Officer / Partner,1,US,2021-04-01,https://www.linkedin.com/company/fidelity-building-services-group,Fidelity Building Services Group,us_wide_A_vertical,US
https://www.linkedin.com/in/andrew-thompson-a7b7b1103,Andrew Thompson,Andrew,Thompson,Lead Network Administrator,1,US,2024-11-01,https://www.linkedin.com/company/fidelity-building-services-group,Fidelity Building Services Group,us_wide_A_vertical,US
https://www.linkedin.com/in/thetyleravery,Tyler Avery,Tyler,Avery,Senior Marketing & Communications Manager,2,US,2026-01-01,https://www.linkedin.com/company/fieldai,FieldAI,us_wide_B_othertag,US
https://www.linkedin.com/in/hassananjum,Hassan Anjum,Hassan,Anjum,"Director, Marketing and Brand",3,US,2026-05-01,https://www.linkedin.com/company/fieldai,FieldAI,us_wide_B_othertag,US
https://www.linkedin.com/in/maya-woolfolk-801b4566,Maya Woolfolk,Maya,Woolfolk,Head of Marketing & Sales Enablement,3,US,-,https://www.linkedin.com/company/fike-corporation,Fike Corporation,us_wide_B_othertag,US
https://www.linkedin.com/in/jennifer-blake-55054318,Jennifer Blake,Jennifer,Blake,Director of Lifecycle Marketing  & Customer Experience,3,US,2023-01-01,https://www.linkedin.com/company/filtereasy23,FilterEasy,us_wide_B_othertag,US
https://www.linkedin.com/in/trina-patterson-b173b8146,Trina Patterson,Trina,Patterson,Vice President Marketing and Communications,3,US,2023-02-01,https://www.linkedin.com/company/fireflyaerospace,Firefly Aerospace,us_wide_B_othertag,US
https://www.linkedin.com/in/risakleen,Risa Schnautz,Risa,Schnautz,Senior Director of Marketing & Communications,2,US,2026-06-01,https://www.linkedin.com/company/fireflyaerospace,Firefly Aerospace,us_wide_B_othertag,US
https://www.linkedin.com/in/gary-dais-814a32214,Gary Dais,Gary,Dais,Executive Vice President Sales Marketing,3,US,2023-09-01,https://www.linkedin.com/company/first-company,First Co.,us_wide_A_vertical,US
https://www.linkedin.com/in/patrick-blanzy-4b134bb7,Patrick Blanzy,Patrick,Blanzy,Director of Sales and Marketing,3,US,2008-01-01,https://www.linkedin.com/company/firstronic-llc,Firstronic,us_wide_B_othertag,US
https://www.linkedin.com/in/andrew-j-hicks,Andrew Hicks,Andrew,Hicks,"Senior Manager, Network Operations",1,US,2023-04-01,https://www.linkedin.com/company/fireflyaerospace,Firefly Aerospace,us_wide_B_othertag,US
https://www.linkedin.com/in/petra-panaget-89b188b4,Petra Panaget,Petra,Panaget,Vice-President Sales & Marketing,3,US,2014-07-01,https://www.linkedin.com/company/fiskalloy,"Fisk Alloy, Inc",us_wide_B_othertag,US
https://www.linkedin.com/in/michael-geiser-71201633,Michael Geiser,Michael,Geiser,Vice President Sales & Marketing,3,US,2006-01-01,https://www.linkedin.com/company/fiskalloy,"Fisk Alloy, Inc",us_wide_B_othertag,US
https://www.linkedin.com/in/edward-bouffier-28352b29,edward bouffier,edward,bouffier,VP Sales & Marketing,3,US,-,https://www.linkedin.com/company/fiskalloy,"Fisk Alloy, Inc",us_wide_B_othertag,US
https://www.linkedin.com/in/brad-aten-20448840,Brad Aten,Brad,Aten,"Vice President of Sales Marketing, Proprietary Products",3,US,2019-02-01,https://www.linkedin.com/company/flambeau-inc-_2,"Flambeau, Inc.",us_wide_B_othertag,US
https://www.linkedin.com/in/katiemchamberlain,Katie Chamberlain,Katie,Chamberlain,Head of Marketing,3,US,2025-01-01,https://www.linkedin.com/company/flanders,FLANDERS,us_wide_A_vertical,US
https://www.linkedin.com/in/chip-winiarski-2431457,Chip Winiarski,Chip,Winiarski,Executive Vice President and Chief Marketing Officer,3,US,2007-03-01,https://www.linkedin.com/company/flexcoinfo,Flexco,us_wide_A_vertical,US
https://www.linkedin.com/in/grace-toale-855a8a79,Grace Toale,Grace,Toale,"Director, Global Product Marketing",3,US,2026-03-01,https://www.linkedin.com/company/flexjet,Flexjet,us_wide_B_othertag,US
https://www.linkedin.com/in/tom-ville,Tom Ville,Tom,Ville,"Executive Director, Marketing & Development",3,GB,2023-10-01,https://www.linkedin.com/company/flexjet,Flexjet,us_wide_B_othertag,US
https://www.linkedin.com/in/alexlattimer,Alex Lattimer,Alex,Lattimer,Head of Global Marketing,3,GB,2022-10-01,https://www.linkedin.com/company/flexitallic,Flexitallic,us_wide_B_othertag,US
https://www.linkedin.com/in/todd-davidson-0700811,Todd Davidson,Todd,Davidson,Network Manager,1,US,2010-01-01,https://www.linkedin.com/company/flight-options,Flight Options,us_wide_B_othertag,US
https://www.linkedin.com/in/adam-creps-74b6a44,Adam Creps,Adam,Creps,Manager Network & Telephony Infrastructure,1,US,2021-07-01,https://www.linkedin.com/company/flexjet,Flexjet,us_wide_B_othertag,US
https://www.linkedin.com/in/karriewilliams,Karrie Williams,Karrie,Williams,"Vice President, Marketing",3,US,2020-11-01,https://www.linkedin.com/company/flow-control-group,Flow Control Group,us_wide_A_vertical,US
https://www.linkedin.com/in/julie-dugo-0a361086,Julie Dugo,Julie,Dugo,Director of Sales and Marketing,3,US,2015-09-01,https://www.linkedin.com/company/flory-industries-inc,Flory Industries Inc,us_wide_A_vertical,US
https://www.linkedin.com/in/katieparlin,Katie Parlin,Katie,Parlin,Senior Director Of Marketing,3,US,2021-02-01,https://www.linkedin.com/company/flow-international,Flow International,us_wide_B_othertag,US
https://www.linkedin.com/in/lisatiranti,Lisa Tiranti,Lisa,Tiranti,"Director of Marketing, EMEA",3,GB,2026-02-01,https://www.linkedin.com/company/flexjet,Flexjet,us_wide_B_othertag,US
https://www.linkedin.com/in/lauren-florian-5581636,Lauren Florian,Lauren,Florian,Chief Marketing Officer,3,US,-,https://www.linkedin.com/company/flexjet,Flexjet,us_wide_B_othertag,US
https://www.linkedin.com/in/richard-small-b1b5b81,Richard Small,Richard,Small,Exec. VP Sales & Marketing,3,US,-,https://www.linkedin.com/company/flowmaster-inc,"Flowmaster, Inc",us_wide_B_othertag,US
https://www.linkedin.com/in/adam-schleyhahn-73396316,Adam Schleyhahn,Adam,Schleyhahn,Director of Sales And Marketing,3,US,2023-04-01,https://www.linkedin.com/company/fluid-components-international,Fluid Components International (FCI),us_wide_A_vertical,US
https://www.linkedin.com/in/mary-pund-0010787,Mary Pund,Mary,Pund,Marketing Communications Manager,2,US,2005-01-01,https://www.linkedin.com/company/fluid-components-international,Fluid Components International (FCI),us_wide_A_vertical,US
https://www.linkedin.com/in/dan-storto-32b56510,Dan Storto,Dan,Storto,Vp Sales & Marketing,3,US,-,https://www.linkedin.com/company/fluid-management,Fluid Management,us_wide_B_othertag,US
https://www.linkedin.com/in/andrewcorkill,Andrew Corkill,Andrew,Corkill,"Vice President, Marketing",3,US,2026-04-01,https://www.linkedin.com/company/fluidmaster,"Fluidmaster, Inc",us_wide_A_vertical,US
https://www.linkedin.com/in/chrispodolak,Chris Podolak,Chris,Podolak,"Director, Packaging Innovation and Marketing Operations",3,US,2026-06-01,https://www.linkedin.com/company/fluidmaster,"Fluidmaster, Inc",us_wide_A_vertical,US
https://www.linkedin.com/in/davidsmcfarland,David McFarland,David,McFarland,VP of Global Marketing,3,US,2018-12-01,https://www.linkedin.com/company/fluidmaster,"Fluidmaster, Inc",us_wide_A_vertical,US
https://www.linkedin.com/in/leobastos,Leonardo Bastos,Leonardo,Bastos,Chief Marketing Officer,3,US,2025-09-01,https://www.linkedin.com/company/fmc-corporation,FMC Corporation,us_wide_A_vertical,US
https://www.linkedin.com/in/amytranzillo,Amy Tranzillo,Amy,Tranzillo,"Interim Director of Marketing & Portfolio Strategy, US Crop",3,US,2026-06-01,https://www.linkedin.com/company/fmc-corporation,FMC Corporation,us_wide_A_vertical,US
https://www.linkedin.com/in/maryellenanastasio,Maryellen A.,Maryellen,A.,Global Marketing Communications Manager,2,US,2023-09-01,https://www.linkedin.com/company/fmc-corporation,FMC Corporation,us_wide_A_vertical,US
https://www.linkedin.com/in/william-alexander-b838a1b,William Alexander,William,Alexander,Executive Vice President of Sales and Marketing,3,US,2011-02-01,https://www.linkedin.com/company/faip-north-america,FNA Group,us_wide_A_vertical,US
https://www.linkedin.com/in/gary-bryant-b0862011,Gary Bryant,Gary,Bryant,Senior VP Sales & Marketing,3,US,1988-01-01,https://www.linkedin.com/company/fordmeterbox,Ford Meter Box,us_wide_A_vertical,US
https://www.linkedin.com/in/jeremy-soirant-3a8a1212b,Jeremy Soirant,Jeremy,Soirant,Responsable Technique et Marketing,3,FR,2026-05-01,https://www.linkedin.com/company/fmc-corporation,FMC Corporation,us_wide_A_vertical,US
https://www.linkedin.com/in/julie-godfrey-53730a7,Julie Godfrey,Julie,Godfrey,Director of Marketing & Communication,2,US,-,https://www.linkedin.com/company/landmark-aviation,Formerly Landmark Aviation,us_wide_B_othertag,US
https://www.linkedin.com/in/andrew-farrant-ba699a4,Andrew Farrant,Andrew,Farrant,"VP, Marketing & Communications",2,US,-,https://www.linkedin.com/company/landmark-aviation,Formerly Landmark Aviation,us_wide_B_othertag,US
https://www.linkedin.com/in/charles-macneil-11804929,Charles MacNeil,Charles,MacNeil,Vice President of Marketing,3,US,1999-01-01,https://www.linkedin.com/company/formax,Formax,us_wide_A_vertical,US
https://www.linkedin.com/in/howieschnuer,"Howard ""Howie"" Schnuer, MBA","Howard ""Howie""","Schnuer, MBA","Managing Director, DTC Performance Marketing",3,US,2026-01-01,https://www.linkedin.com/company/fortune-brands-innovations,Fortune Brands Innovations,us_wide_B_othertag,US
https://www.linkedin.com/in/ericnebbia,Eric Nebbia,Eric,Nebbia,"Senior Director, Digital Marketing",3,US,2023-01-01,https://www.linkedin.com/company/fortune-brands-innovations,Fortune Brands Innovations,us_wide_B_othertag,US
https://www.linkedin.com/in/blair-maynard-8a754a3,Blair Maynard,Blair,Maynard,"Vice President Marketing, Outdoors Business Unit",3,US,2026-06-01,https://www.linkedin.com/company/fortune-brands-innovations,Fortune Brands Innovations,us_wide_B_othertag,US
https://www.linkedin.com/in/paul-sullivan-508b703,Paul Sullivan,Paul,Sullivan,Head of Product Marketing & Commercialization | Moen and House of Rohl,3,US,2026-01-01,https://www.linkedin.com/company/fortune-brands-innovations,Fortune Brands Innovations,us_wide_B_othertag,US
https://www.linkedin.com/in/katiemariehart,Katie Hart,Katie,Hart,Channel Marketing Manager,1,US,2025-08-01,https://www.linkedin.com/company/fortune-brands-innovations,Fortune Brands Innovations,us_wide_B_othertag,US
https://www.linkedin.com/in/rickbrandt18,Ricky Brandt,Ricky,Brandt,Director of Integrated Brand Marketing for Moen and House of Rohl,3,US,2025-09-01,https://www.linkedin.com/company/fortune-brands-innovations,Fortune Brands Innovations,us_wide_B_othertag,US
https://www.linkedin.com/in/cameronkoslow,Cameron Koslow,Cameron,Koslow,Chief Marketing Officer,3,US,2026-02-01,https://www.linkedin.com/company/four-seasons-heating-&-air-conditioning,"Four Seasons Heating, Air Conditioning, Plumbing, & Electric",us_wide_A_vertical,US
https://www.linkedin.com/in/kyle-huff,Kyle H.,Kyle,H.,"Moen - Channel Marketing Manager, Strategic Accounts & Buying Groups",1,US,2025-09-01,https://www.linkedin.com/company/fortune-brands-innovations,Fortune Brands Innovations,us_wide_B_othertag,US
https://www.linkedin.com/in/molly-o-loughlin-pajauskas,Molly O'Loughlin Pajauskas,Molly,O'Loughlin Pajauskas,Vice President Marketing - Security,3,US,2026-01-01,https://www.linkedin.com/company/fortune-brands-innovations,Fortune Brands Innovations,us_wide_B_othertag,US
https://www.linkedin.com/in/veronica-michelle-storozhev-mba,"Veronica Michelle Storozhev, MBA",Veronica Michelle,"Storozhev, MBA",Channel Marketing Manager,1,US,2025-09-01,https://www.linkedin.com/company/fortune-brands-innovations,Fortune Brands Innovations,us_wide_B_othertag,US
https://www.linkedin.com/in/nvadina,-,-,-,"Sr. Manager, Channel Marketing",1,US,2025-01-01,https://www.linkedin.com/company/fortune-brands-innovations,Fortune Brands Innovations,us_wide_B_othertag,US
https://www.linkedin.com/in/christopherpensel,Christopher Edward Pensel,Christopher Edward,Pensel,Senior Manager/ Partner Relation/Business Development,1,US,2012-01-01,https://www.linkedin.com/company/foxconn,Foxconn,us_wide_B_othertag,US
https://www.linkedin.com/in/kristin-gates-aa4ab91b,Kristin Gates,Kristin,Gates,"Senior Director, Marketing",3,US,2026-06-01,https://www.linkedin.com/company/fortune-brands-innovations,Fortune Brands Innovations,us_wide_B_othertag,US
https://www.linkedin.com/in/shesel-washington-2940494,Shesel Washington,Shesel,Washington,"Manager, Channel Marketing- Outdoors",1,US,2025-06-01,https://www.linkedin.com/company/fortune-brands-innovations,Fortune Brands Innovations,us_wide_B_othertag,US
https://www.linkedin.com/in/jennifer-ping-529a09,Jennifer Ping,Jennifer,Ping,"Senior Director, Channel Marketing for House of Rohl",1,US,2025-01-01,https://www.linkedin.com/company/fortune-brands-innovations,Fortune Brands Innovations,us_wide_B_othertag,US
https://www.linkedin.com/in/courtney-burge-48336823,Courtney Burge,Courtney,Burge,"Senior Manager, Channel Marketing",1,US,2025-06-01,https://www.linkedin.com/company/fortune-brands-innovations,Fortune Brands Innovations,us_wide_B_othertag,US
https://www.linkedin.com/in/vsapinski,Vicki Sapinski-Horwath,Vicki,Sapinski-Horwath,"Director of Channel Marketing, B2B",1,US,2025-01-01,https://www.linkedin.com/company/fortune-brands-innovations,Fortune Brands Innovations,us_wide_B_othertag,US
https://www.linkedin.com/in/travis-thornton,Travis Thornton,Travis,Thornton,Channel Marketing Manager,1,US,2025-01-01,https://www.linkedin.com/company/fortune-brands-innovations,Fortune Brands Innovations,us_wide_B_othertag,US
https://www.linkedin.com/in/mollykilduff,Molly Kilduff,Molly,Kilduff,"Vice President, Brand Marketing Ops (Creative, Media, Digital & Trade Shows)",3,US,2025-09-01,https://www.linkedin.com/company/fortune-brands-innovations,Fortune Brands Innovations,us_wide_B_othertag,US
https://www.linkedin.com/in/joseph-tyrrell,Joseph Tyrrell,Joseph,Tyrrell,Senior Channel Marketing Manager,1,US,2025-12-01,https://www.linkedin.com/company/fortune-brands-innovations,Fortune Brands Innovations,us_wide_B_othertag,US
https://www.linkedin.com/in/karolina-treanor-16a07734,Karolina Treanor,Karolina,Treanor,Channel Marketing Manager,1,US,2025-06-01,https://www.linkedin.com/company/fortune-brands-innovations,Fortune Brands Innovations,us_wide_B_othertag,US
https://www.linkedin.com/in/richard-fleming-0586763,Richard Fleming,Richard,Fleming,Vice President Sales & Marketing / General Manager,3,US,2015-07-01,https://www.linkedin.com/company/framfilters,FRAM®,us_wide_B_othertag,US
https://www.linkedin.com/in/waters-rebecca,Rebecca Waters,Rebecca,Waters,Sr Director of Marketing and Sales Enablement,3,US,2026-04-01,https://www.linkedin.com/company/freedom-boat-club,Freedom Boat Club,us_wide_B_othertag,US
https://www.linkedin.com/in/ryan-craig-sales-professional,Ryan Craig,Ryan,Craig,Senior Channel Marketing Manager,1,US,2025-09-01,https://www.linkedin.com/company/fortune-brands-innovations,Fortune Brands Innovations,us_wide_B_othertag,US
https://www.linkedin.com/in/mensiv,Vanessa Mensie,Vanessa,Mensie,Channel Marketing Manager,1,US,2025-01-01,https://www.linkedin.com/company/fortune-brands-innovations,Fortune Brands Innovations,us_wide_B_othertag,US
https://www.linkedin.com/in/tammiescadden,Tammie Scadden,Tammie,Scadden,"Vice President, Global Marketing",3,US,2022-11-01,https://www.linkedin.com/company/franklin-electric,Franklin Electric,us_wide_A_vertical,US
https://www.linkedin.com/in/pauljspitale,Paul Spitale,Paul,Spitale,Vice President Sales & Marketing,3,US,2025-01-01,https://www.linkedin.com/company/fres-co-system-usa-inc-,"Fres-co System USA, Inc.",us_wide_A_vertical,US
https://www.linkedin.com/in/terry-baker-9104521b5,Terry Baker,Terry,Baker,Vice President of Sales and Marketing,3,US,2008-12-01,https://www.linkedin.com/company/fres-co-system-usa-inc-,"Fres-co System USA, Inc.",us_wide_A_vertical,US
https://www.linkedin.com/in/tj-wheeler-b8069040,TJ Wheeler,TJ,Wheeler,Senior Vice President of Sales and Marketing,3,US,2000-03-01,https://www.linkedin.com/company/friedrich-air-conditioning,Friedrich Air Conditioning,us_wide_A_vertical,US
https://www.linkedin.com/in/hollyvnukbeck,Holly Beck,Holly,Beck,Director of Marketing,3,US,2016-11-01,https://www.linkedin.com/company/friedrich-air-conditioning,Friedrich Air Conditioning,us_wide_A_vertical,US
https://www.linkedin.com/in/gerald-reid-659394,Gerald Reid,Gerald,Reid,Director of Sales & Marketing,3,US,-,https://www.linkedin.com/company/foxconn,Foxconn,us_wide_B_othertag,US
https://www.linkedin.com/in/alexander-daniel-719b3757,Alexander Daniel,Alexander,Daniel,"Vice President, Sales and Marketing",3,US,-,https://www.linkedin.com/company/fujikura-automotive-america-llc,Fujikura Automotive America,us_wide_B_othertag,US
https://www.linkedin.com/in/angie-jarvis-454aa012,Angie Jarvis,Angie,Jarvis,Partner Marketing Manager,1,US,2025-02-01,https://www.linkedin.com/company/functional-devices-inc,"Functional Devices, Inc.",us_wide_A_vertical,US
https://www.linkedin.com/in/eric-lee-strickler,"Eric Strickler, MBA",Eric,"Strickler, MBA",Head of Marketing,3,US,2024-02-01,https://www.linkedin.com/company/functional-devices-inc,"Functional Devices, Inc.",us_wide_A_vertical,US
https://www.linkedin.com/in/kellie-de-pooter-profile,Kellie De Pooter,Kellie,De Pooter,Director Global Marketing & Internal Communications,3,US,2023-10-01,https://www.linkedin.com/company/g&w-electric-co-,G&W Electric Co.,us_wide_B_othertag,US
https://www.linkedin.com/in/john-gounaris-52808a4,John Gounaris,John,Gounaris,Vice President Global Marketing,3,US,2018-01-01,https://www.linkedin.com/company/g&w-electric-co-,G&W Electric Co.,us_wide_B_othertag,US
https://www.linkedin.com/in/carol-magosky,Carol Magosky,Carol,Magosky,"Manager, Global Marketing  Communications",2,US,2022-01-01,https://www.linkedin.com/company/g&w-electric-co-,G&W Electric Co.,us_wide_B_othertag,US
https://www.linkedin.com/in/johnprimmer,John Primmer,John,Primmer,Vice President of Sales and Marketing,3,US,2025-02-01,https://www.linkedin.com/company/gw-berkheimer,G.W. Berkheimer,us_wide_A_vertical,US
https://www.linkedin.com/in/cathy-moabery-999b881a,Cathy Moabery,Cathy,Moabery,Head Of Marketing,3,US,2002-04-01,https://www.linkedin.com/company/gatelesis,GA Telesis,us_wide_B_othertag,US
https://www.linkedin.com/in/john-ticer,John Ticer,John,Ticer,Director of Marketing,3,US,2023-08-01,https://www.linkedin.com/company/galco-industrial-electronics,Galco,us_wide_A_vertical,US
https://www.linkedin.com/in/pete-svendgard-81021b7,Pete Svendgard,Pete,Svendgard,Director of Marketing,3,US,2002-06-01,https://www.linkedin.com/company/gamco,GAMCO,us_wide_B_othertag,US
https://www.linkedin.com/in/darrell-martin-sales-marketing-professional,Darrell Martin,Darrell,Martin,"Marketing Director (Strategy, Partner Relations, SEO, Brand Management, Omnichannel Leader)",1,US,2021-10-01,https://www.linkedin.com/company/gamber-johnson-llc,Gamber-Johnson LLC,us_wide_A_vertical,US
https://www.linkedin.com/in/bill-wierda-65766722,Bill Wierda,Bill,Wierda,VP Sales & Marketing,3,US,-,https://www.linkedin.com/company/gatelesis,GA Telesis,us_wide_B_othertag,US
https://www.linkedin.com/in/stacey-dawkins-9a32a011,Stacey Dawkins,Stacey,Dawkins,Director of Sales and Marketing,3,US,2025-08-01,https://www.linkedin.com/company/garden-of-the-gods-resort-and-club,Garden of the Gods Resort and Club,us_wide_B_othertag,US
https://www.linkedin.com/in/kayla-wiesemann,Kayla Wiesemann,Kayla,Wiesemann,Director of Marketing,3,US,2026-01-01,https://www.linkedin.com/company/garlock-flexibles,Garlock Flexibles,us_wide_A_vertical,US
https://www.linkedin.com/in/ben-gasbarre-51ab5790,Ben Gasbarre,Ben,Gasbarre,Executive Vice President Sales Marketing,3,US,2022-03-01,https://www.linkedin.com/company/gasbarre-products-inc,GASBARRE,us_wide_A_vertical,US
https://www.linkedin.com/in/seanslater32,Sean Slater,Sean,Slater,VP - Brand Marketing & Product Innovation,3,US,2024-01-01,https://www.linkedin.com/company/gathroutdoors,Gathr Outdoors,us_wide_A_vertical,US
https://www.linkedin.com/in/ron-glisk-19a85a3,Ron Glisk,Ron,Glisk,"Sr. VP, Sales and Marketing",3,US,-,https://www.linkedin.com/company/gca-services-group,GCA Services Group,us_wide_A_vertical,US
https://www.linkedin.com/in/lindsaymbechtel,Lindsay Bechtel,Lindsay,Bechtel,Director of Marketing & Communications,2,US,2024-02-01,https://www.linkedin.com/company/gdenergyproducts,GD Energy Products,us_wide_A_vertical,US
https://www.linkedin.com/in/carlos-scott-03158619,Carlos Scott,Carlos,Scott,Head Of Marketing,3,US,2025-04-01,https://www.linkedin.com/company/geadditive,GE Additive,us_wide_B_othertag,US
https://www.linkedin.com/in/ivanhuttergeaviation,Iván Hutter,Iván,Hutter,Director Marketing - Europe and Africa,3,GB,2015-01-01,https://www.linkedin.com/company/geaerospace,GE Aerospace,us_wide_B_othertag,US
https://www.linkedin.com/in/richard-block-b717b121,richard block,richard,block,VP Marketing,3,US,2006-06-01,https://www.linkedin.com/company/geappliancesairandwater,GE Appliances Air & Water Solutions,us_wide_A_vertical,US
https://www.linkedin.com/in/jaredgraening,Jared Graening,Jared,Graening,Vice President of Sales and Marketing,3,US,2024-09-01,https://www.linkedin.com/company/geater-machining-&-mfg,"Geater Machining and Manufacturing, Co.",us_wide_B_othertag,US
https://www.linkedin.com/in/karinburns,Karin Burns,Karin,Burns,"Head of Marketing, Commercial Engines & Services",3,US,2022-07-01,https://www.linkedin.com/company/geaerospace,GE Aerospace,us_wide_B_othertag,US
https://www.linkedin.com/in/gianna-solis-ab00a819,Gianna Solis,Gianna,Solis,"Vice President, Sales & Marketing",3,US,2020-01-01,https://www.linkedin.com/company/gemaire-distributors,Gemaire Distributors,us_wide_A_vertical,US
https://www.linkedin.com/in/corrynpatane,Corryn Patane (Henry),Corryn,Patane (Henry),"Director, Marketing",3,US,2023-06-01,https://www.linkedin.com/company/gems-setra,Gems Setra,us_wide_A_vertical,US
https://www.linkedin.com/in/patrick-mcgee-b3483542,Patrick McGee,Patrick,McGee,Head of Global Sales Operations & Marketing,3,US,2024-12-01,https://www.linkedin.com/company/gems-setra,Gems Setra,us_wide_A_vertical,US
https://www.linkedin.com/in/deeyabhandari,Deeya Bhandari,Deeya,Bhandari,Channel Marketing Manager,1,US,2022-01-01,https://www.linkedin.com/company/getgenea,Genea,us_wide_A_vertical,US
https://www.linkedin.com/in/monique-mann,Monique Mann,Monique,Mann,Partner Marketing Manager,1,US,2026-01-01,https://www.linkedin.com/company/getgenea,Genea,us_wide_A_vertical,US
https://www.linkedin.com/in/wendy-cox-b371094,Wendy Cox,Wendy,Cox,Director of Marketing Programs,3,US,1997-01-01,https://www.linkedin.com/company/gemaire-distributors,Gemaire Distributors,us_wide_A_vertical,US
https://www.linkedin.com/in/chris-frankland-54015280,Chris Frankland,Chris,Frankland,"Director of Sales and Marketing, Nuclear Fuels Corporation",3,US,2016-10-01,https://www.linkedin.com/company/general-atomics,General Atomics,us_wide_B_othertag,US
https://www.linkedin.com/in/angsauceda,Angela Sauceda,Angela,Sauceda,Global Marketing Communications Manager,2,US,2004-09-01,https://www.linkedin.com/company/general-monitors,General Monitors,us_wide_B_othertag,US
https://www.linkedin.com/in/asauceda,Angela April Sauceda,Angela,April Sauceda,Marketing Communications Manager,2,US,1997-12-01,https://www.linkedin.com/company/general-monitors,General Monitors,us_wide_B_othertag,US
https://www.linkedin.com/in/erin-m-curtis,Erin Curtis,Erin,Curtis,"VP, Marketing and Development",3,US,2022-10-01,https://www.linkedin.com/company/genesis-products-inc-,Genesis Products,us_wide_B_othertag,US
https://www.linkedin.com/in/leeanne-bauer-46a03215,LeeAnne Bauer,LeeAnne,Bauer,Director of Marketing & Communications - Interim,2,US,-,https://www.linkedin.com/company/ga-asi,General Atomics Aeronautical Systems,us_wide_B_othertag,US
https://www.linkedin.com/in/logan-steinhauer-34344061,Logan Steinhauer,Logan,Steinhauer,Vice President of Marketing,3,US,2015-04-01,https://www.linkedin.com/company/gensco-inc,Gensco Inc,us_wide_A_vertical,US
https://www.linkedin.com/in/hugo-xavier-ramos-16b03620,Hugo Xavier Ramos,Hugo Xavier,Ramos,VP of Sales and Marketing,3,US,2023-07-01,https://www.linkedin.com/company/georg-utz-inc.,"Georg Utz, Inc. USA",us_wide_B_othertag,US
https://www.linkedin.com/in/carolinekempf,Caroline Kempf,Caroline,Kempf,Vice President of Global Marketing,3,US,2024-12-01,https://www.linkedin.com/company/geospace-technologies,Geospace Technologies,us_wide_B_othertag,US
https://www.linkedin.com/in/benjamin-henneberger-8460981b2,Benjamin Henneberger,Benjamin,Henneberger,Head of Marketing,3,US,2024-01-01,https://www.linkedin.com/company/gerarddanielworldwide,Gerard Daniel Worldwide,us_wide_A_vertical,US
https://www.linkedin.com/in/shelby-banks,Shelby Banks,Shelby,Banks,Channel Marketing Manager,1,US,2026-01-01,https://www.linkedin.com/company/gerber-plumbing-fixtures,Gerber Plumbing Fixtures,us_wide_A_vertical,US
https://www.linkedin.com/in/maureenetierney,Maureen Tierney Premak,Maureen,Tierney Premak,Director of Marketing,3,US,2024-01-01,https://www.linkedin.com/company/gerber-plumbing-fixtures,Gerber Plumbing Fixtures,us_wide_A_vertical,US
https://www.linkedin.com/in/cindy-meyer60134,Cindy Meyer,Cindy,Meyer,Channel Marketing Manager - Retail,1,US,2024-01-01,https://www.linkedin.com/company/gerber-plumbing-fixtures,Gerber Plumbing Fixtures,us_wide_A_vertical,US
https://www.linkedin.com/in/emily-farns-a9127b120,Emily Farns,Emily,Farns,Associate Channel Marketing Manager - Wholesale,1,US,2024-08-01,https://www.linkedin.com/company/gerber-plumbing-fixtures,Gerber Plumbing Fixtures,us_wide_A_vertical,US
https://www.linkedin.com/in/ashleywilliams123,Ashley Williams,Ashley,Williams,Head of Global Marketing and Product,3,US,2023-12-01,https://www.linkedin.com/company/gerber,GERBER,us_wide_A_vertical,US
https://www.linkedin.com/in/fernao-a-o-cesar,Fernao A. O. Cesar,Fernao,A. O. Cesar,Director of Marketing,3,US,2022-11-01,https://www.linkedin.com/company/gerdau-north-america,Gerdau North America,us_wide_A_vertical,US
https://www.linkedin.com/in/scott-meaney-6500a222,Scott Meaney,Scott,Meaney,Vice President Sales & Marketing,3,US,2022-06-01,https://www.linkedin.com/company/gerdau-north-america,Gerdau North America,us_wide_A_vertical,US
https://www.linkedin.com/in/melanie-auen-21956b101,Melanie Auen,Melanie,Auen,Director of Marketing,3,US,2026-01-01,https://www.linkedin.com/company/ghphipps,GH Phipps Construction Companies,us_wide_B_othertag,US
https://www.linkedin.com/in/briana-mcclendon-910a8366,Briana McClendon,Briana,McClendon,"Director, Brand & Marketing",3,US,2025-01-01,https://www.linkedin.com/company/georgiapower,Georgia Power Company,us_wide_A_vertical,US
https://www.linkedin.com/in/david-rothacker-364b385,David Rothacker,David,Rothacker,vp marketing,3,US,-,https://www.linkedin.com/company/gexpro,Gexpro,us_wide_B_othertag,US
https://www.linkedin.com/in/kimberly-weiss-56b93944,Kimberly Weiss,Kimberly,Weiss,Director of Sales and Marketing,3,US,2024-08-01,https://www.linkedin.com/company/glenroy-inc-,"Glenroy, Inc.",us_wide_B_othertag,US
https://www.linkedin.com/in/linda-marshall-severin,Linda Marshall Severin,Linda,Marshall Severin,Senior Vice President Marketing,3,US,2022-10-01,https://www.linkedin.com/company/global-harvest-foods,Global Harvest Foods,us_wide_A_vertical,US
https://www.linkedin.com/in/ramsay-hawfield,Ramsay Hawfield,Ramsay,Hawfield,Vice President Marketing,3,US,2021-12-01,https://www.linkedin.com/company/global-leisure,Global Leisure,us_wide_A_vertical,US
https://www.linkedin.com/in/timothy-j-vetta-8b194847,Timothy J Vetta,Timothy J,Vetta,Vice President Sales and Marketing,3,US,2024-10-01,https://www.linkedin.com/company/tridentmotiontechnology,Global Point Technology Group,us_wide_A_vertical,US
https://www.linkedin.com/in/tamar-doss-she-hers-18300092,Tamar Doss (She/Hers),Tamar,Doss (She/Hers),"Associate, Director of Marketing, Business Development",3,US,2024-04-01,https://www.linkedin.com/company/glumac,Glumac,us_wide_A_vertical,US
https://www.linkedin.com/in/larry-krief-84430953,Larry Krief,Larry,Krief,directeur marketing,3,FR,-,https://www.linkedin.com/company/gnb-corporation,GNB KL Group,us_wide_A_vertical,US
https://www.linkedin.com/in/michaeljgoff,Michael Goff,Michael,Goff,VP of Marketing,3,US,2025-06-01,https://www.linkedin.com/company/goettl,Goettl Air Conditioning & Plumbing,us_wide_A_vertical,US
https://www.linkedin.com/in/lauren-bylsma-94407373,Lauren Bylsma,Lauren,Bylsma,Dealer Development Manager,1,US,2017-10-01,https://www.linkedin.com/company/goodin-company,Goodin Company,us_wide_A_vertical,US
https://www.linkedin.com/in/j-kelly-hearnsberger-19a9aa25,J Kelly Hearnsberger,J,Kelly Hearnsberger,"Director, Product Marketing",3,US,2008-11-01,https://www.linkedin.com/company/goodman-manufacturing,Goodman Air Conditioning & Heating,us_wide_A_vertical,US
https://www.linkedin.com/in/melissa-becker-7778a779,Melissa Becker,Melissa,Becker,Director of Marketing and Communications,3,US,2016-07-01,https://www.linkedin.com/company/goodwillmn,Goodwill-Easter Seals Minnesota,us_wide_A_vertical,US
https://www.linkedin.com/in/mike-hatton-41789a3,Mike Hatton,Mike,Hatton,Network Manager,1,US,2022-04-01,https://www.linkedin.com/company/gore-nitrogen-pumping-service-llc,"Gore Nitrogen Pumping Service, LLC",us_wide_A_vertical,US
https://www.linkedin.com/in/jim-thalhuber-7475771a,Jim Thalhuber,Jim,Thalhuber,Vice President of Development and Marketing,3,US,-,https://www.linkedin.com/company/goodwillmn,Goodwill-Easter Seals Minnesota,us_wide_A_vertical,US
https://www.linkedin.com/in/michael-norman-21211912,Michael Norman,Michael,Norman,Director Sales and Marketing,3,US,1993-01-01,https://www.linkedin.com/company/gradall-industries-inc-,"Gradall Industries, Inc.",us_wide_A_vertical,US
https://www.linkedin.com/in/devikavarsani,Devika V.,Devika,V.,Director of Marketing,3,US,2026-01-01,https://www.linkedin.com/company/graver-technologies,"Graver Technologies, LLC",us_wide_A_vertical,US
https://www.linkedin.com/in/andrew-sweress,Andrew Sweress,Andrew,Sweress,"Director of Marketing, Regional Brands",3,US,2025-10-01,https://www.linkedin.com/company/great-day-improvements,Great Day Improvements,us_wide_B_othertag,US
https://www.linkedin.com/in/kristyhowe,"Kristy Howe, MBA",Kristy,"Howe, MBA",Chief Marketing Officer,3,US,2026-01-01,https://www.linkedin.com/company/great-day-improvements,Great Day Improvements,us_wide_B_othertag,US
https://www.linkedin.com/in/erinlanderson,"Erin Anderson, CDE",Erin,"Anderson, CDE",Vice President of Digital Marketing,3,US,2026-07-01,https://www.linkedin.com/company/great-day-improvements,Great Day Improvements,us_wide_B_othertag,US
https://www.linkedin.com/in/brian-triano,Brian Triano,Brian,Triano,Director of Performance & Digital Marketing,3,US,2024-05-01,https://www.linkedin.com/company/great-day-improvements,Great Day Improvements,us_wide_B_othertag,US
https://www.linkedin.com/in/clayton-stackpole-b7553a114,Clayton Stackpole,Clayton,Stackpole,VP Enterprise Field Marketing,3,US,2025-05-01,https://www.linkedin.com/company/great-day-improvements,Great Day Improvements,us_wide_B_othertag,US
https://www.linkedin.com/in/sjk17,Stephen Kelley,Stephen,Kelley,Business Development Director - Partnerships & Channel Growth,1,US,2025-09-01,https://www.linkedin.com/company/great-day-improvements,Great Day Improvements,us_wide_B_othertag,US
https://www.linkedin.com/in/melissa-l-skinner,Melissa L. Skinner,Melissa L.,Skinner,Vice President of Marketing,3,US,2016-05-01,https://www.linkedin.com/company/great-day-improvements,Great Day Improvements,us_wide_B_othertag,US
https://www.linkedin.com/in/marriette,Marriette Ahlstrom,Marriette,Ahlstrom,Director of Marketing,3,US,2024-06-01,https://www.linkedin.com/company/great-day-improvements,Great Day Improvements,us_wide_B_othertag,US
https://www.linkedin.com/in/jeffrey-miller-034b704,Jeffrey Miller,Jeffrey,Miller,Director of Sales and Marketing,3,US,2024-04-01,https://www.linkedin.com/company/great-lakes-castings-llc,"Great Lakes Castings, LLC",us_wide_B_othertag,US
https://www.linkedin.com/in/tracilouvier,"Traci Louvier, M.A.",Traci,"Louvier, M.A.","Director of Marketing, Great Plains Industries - FLOMEC, GPI, GPRO",3,US,2023-01-01,https://www.linkedin.com/company/great-plains-industries,"Great Plains Industries, Inc.",us_wide_A_vertical,US
https://www.linkedin.com/in/roxannemcspadden,Roxanne McSpadden,Roxanne,McSpadden,"Director, Marketing and Beverage New Product Development",3,US,-,https://www.linkedin.com/company/graphic-packaging-international,Graphic Packaging International,us_wide_B_othertag,US
https://www.linkedin.com/in/robinsarahtichy,Robin Sarah Schneider,Robin Sarah,Schneider,Director of Marketing,3,US,2020-01-01,https://www.linkedin.com/company/green-cubes-technology-corporation,Green Cubes Technology Corporation,us_wide_A_vertical,US
https://www.linkedin.com/in/chadwick-bischoff-b122b91ba,Chadwick Bischoff,Chadwick,Bischoff,Senior Vice President Marketing,3,US,2026-04-01,https://www.linkedin.com/company/great-day-improvements,Great Day Improvements,us_wide_B_othertag,US
https://www.linkedin.com/in/marcie-banks-95365b201,Marcie Banks,Marcie,Banks,Director of Retail Marketing,3,US,2025-10-01,https://www.linkedin.com/company/great-day-improvements,Great Day Improvements,us_wide_B_othertag,US
https://www.linkedin.com/in/carlos-soto-9153159a,Carlos Soto,Carlos,Soto,Network Operations Manager,1,US,2011-10-01,https://www.linkedin.com/company/greenpoint-technologies,"Greenpoint Technologies, Inc.",us_wide_B_othertag,US
https://www.linkedin.com/in/carlos-soto-4a84488a,Carlos Soto,Carlos,Soto,Senior Network Operations Manager,1,US,2019-09-01,https://www.linkedin.com/company/greenpoint-technologies,"Greenpoint Technologies, Inc.",us_wide_B_othertag,US
https://www.linkedin.com/in/anthony-tavella-76322a95,Anthony Tavella,Anthony,Tavella,"Manager, Branch Network",1,US,2024-01-01,https://www.linkedin.com/company/w.w.-grainger,Grainger,us_wide_A_vertical,US
https://www.linkedin.com/in/emilyroberts09,Emily Roberts,Emily,Roberts,Director of Marketing,3,US,2021-11-01,https://www.linkedin.com/company/grt-rubber,GRT Rubber,us_wide_A_vertical,US
https://www.linkedin.com/in/dianeurso,Diane Urso,Diane,Urso,Vice President Marketing & Design,3,US,2024-05-01,https://www.linkedin.com/company/growscape-official,Growscape,us_wide_B_othertag,US
https://www.linkedin.com/in/susanspalding,Susan Spalding,Susan,Spalding,"Sr Director, Marketing",3,US,2024-07-01,https://www.linkedin.com/company/greenworkstools,Greenworks,us_wide_A_vertical,US
https://www.linkedin.com/in/autumn-lamb-mba-9a642357,"Autumn Lamb, MBA",Autumn,"Lamb, MBA",Director of Marketing and Brand Strategy,3,US,2025-01-01,https://www.linkedin.com/company/gsp-americas,GSP - THE AMERICAS,us_wide_B_othertag,US
https://www.linkedin.com/in/jeannine-haas-45297612,Jeannine Haas,Jeannine,Haas,Chief Marketing Officer,3,US,2016-01-01,https://www.linkedin.com/company/gulfstreamaero,Gulfstream Aerospace,us_wide_B_othertag,US
https://www.linkedin.com/in/jenna-hanneman-abb0a34a,Jenna Hanneman,Jenna,Hanneman,Director of Marketing,3,US,2022-01-01,https://www.linkedin.com/company/gusmer-enterprises,Gusmer Enterprises,us_wide_B_othertag,US
https://www.linkedin.com/in/krista-davis-98691042,Krista Davis,Krista,Davis,Chief Marketing Officer,3,US,2025-10-01,https://www.linkedin.com/company/gvec,GVEC,us_wide_A_vertical,US
https://www.linkedin.com/in/tammy-thompson-192a3b24,Tammy Thompson,Tammy,Thompson,Senior Marketing & Communications Manager,2,US,2008-11-01,https://www.linkedin.com/company/gvec,GVEC,us_wide_A_vertical,US
https://www.linkedin.com/in/liz-andert,Liz Andert,Liz,Andert,"Director, Corporate Digital Marketing and Website Operations",3,US,2024-05-01,https://www.linkedin.com/company/hb-fuller,H.B. Fuller,us_wide_A_vertical,US
https://www.linkedin.com/in/cheryl-thomas-ab842b6,Cheryl Thomas,Cheryl,Thomas,Global VP Marketing and Business Development- Building Adhesives Solutions,3,US,2024-01-01,https://www.linkedin.com/company/hb-fuller,H.B. Fuller,us_wide_A_vertical,US
https://www.linkedin.com/in/scott-gasich-344b9b25,Scott Gasich,Scott,Gasich,VP of Sales and Marketing,3,US,2016-08-01,https://www.linkedin.com/company/haas-automation,"Haas Automation, Inc.",us_wide_B_othertag,US
https://www.linkedin.com/in/denisetripamer,Denise Tripamer,Denise,Tripamer,"Director of Global Marketing, Construction Adhesives",3,US,2022-05-01,https://www.linkedin.com/company/hb-fuller,H.B. Fuller,us_wide_A_vertical,US
https://www.linkedin.com/in/james-butler-5419b95,James Butler,James,Butler,Vice President of Marketing,3,US,2023-12-01,https://www.linkedin.com/company/hamamatsu,Hamamatsu Corporation,us_wide_B_othertag,US
https://www.linkedin.com/in/atlelarsen,Atle Larsen,Atle,Larsen,"Vice President, Product Marketing",3,US,2017-01-01,https://www.linkedin.com/company/hamilton-beach-brands-inc,Hamilton Beach Brands Inc.,us_wide_B_othertag,US
https://www.linkedin.com/in/seth-lichtman-6b14ba2,Seth Lichtman,Seth,Lichtman,Senior Director of Marketing,3,US,2011-10-01,https://www.linkedin.com/company/hamilton-beach-brands-inc,Hamilton Beach Brands Inc.,us_wide_B_othertag,US
https://www.linkedin.com/in/dave-kerr-75459b27,Dave Kerr,Dave,Kerr,"Senior Director, Product Marketing",3,US,-,https://www.linkedin.com/company/hamilton-beach-brands-inc,Hamilton Beach Brands Inc.,us_wide_B_othertag,US
https://www.linkedin.com/in/geoff-newman-25a28630,Geoff Newman,Geoff,Newman,director Marketing India and Asia Pacific,3,US,1985-07-01,https://www.linkedin.com/company/hamilton-sundstrand,Hamilton Sundstrand,us_wide_A_vertical,US
https://www.linkedin.com/in/kaykwok,Kay Kwok,Kay,Kwok,Vice President of Product Marketing,3,US,2026-02-01,https://www.linkedin.com/company/hampton-products,Hampton Products,us_wide_B_othertag,US
https://www.linkedin.com/in/julieernest,Julie Ernest,Julie,Ernest,"VP Marketing, Connected Home and Commercial Door Hardware",3,US,2021-02-01,https://www.linkedin.com/company/hampton-products,Hampton Products,us_wide_B_othertag,US
https://www.linkedin.com/in/steven-bobrofsky,Steven Bobrofsky,Steven,Bobrofsky,Senior Channel Marketing Manager,1,US,2026-01-01,https://www.linkedin.com/company/hampton-products,Hampton Products,us_wide_B_othertag,US
https://www.linkedin.com/in/leslie-gilleo-b3048b3,Leslie Gilleo,Leslie,Gilleo,"VP, Growth Marketing and Media",3,US,2024-12-01,https://www.linkedin.com/company/hand-stone-massage-and-facial-spa,Hand & Stone Massage and Facial Spa,us_wide_B_othertag,US
https://www.linkedin.com/in/kristi-harmon-silvis-9228458,Kristi Harmon Silvis,Kristi,Harmon Silvis,Director of Product Marketing,3,US,2026-08-01,https://www.linkedin.com/company/hamilton-beach-brands-inc,Hamilton Beach Brands Inc.,us_wide_B_othertag,US
https://www.linkedin.com/in/matt-ragland-8a66752,Matt Ragland,Matt,Ragland,Director of Marketing,3,US,-,https://www.linkedin.com/company/hamilton-beach-brands-inc,Hamilton Beach Brands Inc.,us_wide_B_othertag,US
https://www.linkedin.com/in/elizabeth-mcmahon-9380072,Elizabeth McMahon,Elizabeth,McMahon,"Director, Marketing Industrial Companies",3,US,-,https://www.linkedin.com/company/hamilton-sundstrand,Hamilton Sundstrand,us_wide_A_vertical,US
https://www.linkedin.com/in/sissy-kephart,Sissy Kephart,Sissy,Kephart,Marketing Communications Manager,2,US,2022-11-01,https://www.linkedin.com/company/hamilton-company,Hamilton Company,us_wide_A_vertical,US
https://www.linkedin.com/in/connormichaelbarr,Connor Michael B.,Connor Michael,B.,Marketing & Partnerships Manager,1,US,2025-01-01,https://www.linkedin.com/company/harley-davidson-motor-company,Harley-Davidson Motor Company,us_wide_B_othertag,US
https://www.linkedin.com/in/baileyjd,Justin Bailey,Justin,Bailey,Director - Global Consumer & Partnership Marketing,1,US,2022-08-01,https://www.linkedin.com/company/harley-davidson-motor-company,Harley-Davidson Motor Company,us_wide_B_othertag,US
https://www.linkedin.com/in/matt-swedlund,Matt Swedlund,Matt,Swedlund,"Manager, Brand Partners and Ambassadors",1,US,2024-01-01,https://www.linkedin.com/company/harley-davidson-motor-company,Harley-Davidson Motor Company,us_wide_B_othertag,US
https://www.linkedin.com/in/angelamork,Angela Mork,Angela,Mork,"Senior Director, Marketing + Communications",3,US,2024-01-01,https://www.linkedin.com/company/harriscompany,Harris,us_wide_A_vertical,US
https://www.linkedin.com/in/grant-kirkpatrick-67202639,Grant Kirkpatrick,Grant,Kirkpatrick,Vice President of Sales and Marketing,3,US,-,https://www.linkedin.com/company/hartwell-corporation,Hartwell Corporation,us_wide_B_othertag,US
https://www.linkedin.com/in/mitch-heaton,Mitch Heaton,Mitch,Heaton,Director of Sales & Marketing Strategy,3,US,2024-01-01,https://www.linkedin.com/company/hartzell-propeller,Hartzell Propeller,us_wide_B_othertag,US
https://www.linkedin.com/in/cagallentine,Chad Gallentine,Chad,Gallentine,Vice President Sales & Marketing,3,US,2026-02-01,https://www.linkedin.com/company/hartzell-propeller,Hartzell Propeller,us_wide_B_othertag,US
https://www.linkedin.com/in/alexander-krauskopf-91286b1a5,Alexander Krauskopf,Alexander,Krauskopf,"Director, Network & Aftermarket Sales",1,US,2023-01-01,https://www.linkedin.com/company/hartzell-propeller,Hartzell Propeller,us_wide_B_othertag,US
https://www.linkedin.com/in/nielskleinlooh,Niels Kleinlooh,Niels,Kleinlooh,Head Of Marketing Benelux & Nordics,3,NL,-,https://www.linkedin.com/company/harley-davidson-motor-company,Harley-Davidson Motor Company,us_wide_B_othertag,US
https://www.linkedin.com/in/jeff-schuessler-13486a14,Jeff Schuessler,Jeff,Schuessler,Global Director - Marketing + Partnerships - Racing Programs,1,US,2023-11-01,https://www.linkedin.com/company/harley-davidson-motor-company,Harley-Davidson Motor Company,us_wide_B_othertag,US
https://www.linkedin.com/in/matthew-mountain-49865124,Matthew Mountain,Matthew,Mountain,Vice President of Sales and Marketing,3,US,2014-02-01,https://www.linkedin.com/company/harvey-vogel-manufacturing-co,Harvey Vogel Manufacturing Co,us_wide_B_othertag,US
https://www.linkedin.com/in/jay-kedia-43219841,Jay Kedia,Jay,Kedia,Senior Vice President Sales/Marketing/Product/Strategy,3,US,2016-01-01,https://www.linkedin.com/company/hastings-manufacturing,Hastings Manufacturing,us_wide_A_vertical,US
https://www.linkedin.com/in/jenna-wakefield-b6b6b51a,Jenna Wakefield,Jenna,Wakefield,Global Director of Experiential Marketing,3,US,-,https://www.linkedin.com/company/harley-davidson-motor-company,Harley-Davidson Motor Company,us_wide_B_othertag,US
https://www.linkedin.com/in/kasey-heidecker-baumgartner-77bb5826,Kasey Heidecker-Baumgartner,Kasey,Heidecker-Baumgartner,Dealer Programs Marketing Manager,1,US,2025-04-01,https://www.linkedin.com/company/harley-davidson-motor-company,Harley-Davidson Motor Company,us_wide_B_othertag,US
https://www.linkedin.com/in/kristinhines,Kristin Hines,Kristin,Hines,"Dealer Marketing Manager, Retail Marketing",1,US,2025-06-01,https://www.linkedin.com/company/harley-davidson-motor-company,Harley-Davidson Motor Company,us_wide_B_othertag,US
https://www.linkedin.com/in/deniseairdo,Denise Airdo,Denise,Airdo,Marketing Insights Partner,1,US,2021-09-01,https://www.linkedin.com/company/harley-davidson-motor-company,Harley-Davidson Motor Company,us_wide_B_othertag,US
https://www.linkedin.com/in/mattetaylor1,Matt Taylor,Matt,Taylor,"Senior Vice President, Marketing",3,US,2022-03-01,https://www.linkedin.com/company/hawk-ridge-systems,Hawk Ridge Systems,us_wide_B_othertag,US
https://www.linkedin.com/in/lynnmakris,Lynn Makris,Lynn,Makris,Partner Marketing Manager,1,US,2026-06-01,https://www.linkedin.com/company/hawk-ridge-systems,Hawk Ridge Systems,us_wide_B_othertag,US
https://www.linkedin.com/in/tracy-amador-140aa09,Tracy Amador,Tracy,Amador,"VP, Performance Marketing",3,US,2022-10-01,https://www.linkedin.com/company/hawk-ridge-systems,Hawk Ridge Systems,us_wide_B_othertag,US
https://www.linkedin.com/in/christopher-clark-71a9a33,Christopher Clark,Christopher,Clark,Vice President of Marketing,3,US,2024-08-01,https://www.linkedin.com/company/havtech,Havtech,us_wide_A_vertical,US
https://www.linkedin.com/in/stephen-clark-9397b920,Stephen Clark,Stephen,Clark,Business Development Leader - Air Distribution,1,US,2012-03-01,https://www.linkedin.com/company/havtech,Havtech,us_wide_A_vertical,US
https://www.linkedin.com/in/jean-perry,Jean Perry,Jean,Perry,Marketing Communications Manager,2,US,2025-03-01,https://www.linkedin.com/company/havtech,Havtech,us_wide_A_vertical,US
https://www.linkedin.com/in/amy-radka,Amy Radka,Amy,Radka,"Senior Director, Marketing",3,US,2025-11-01,https://www.linkedin.com/company/haydon-corporation-inc.,Haydon Corporation,us_wide_A_vertical,US
https://www.linkedin.com/in/manuela-tosarello-m%c3%bcller-a318407,Manuela Tosarello Müller,Manuela,Tosarello Müller,Director of global sales and marketing,3,DE,-,https://www.linkedin.com/company/hayesperformancesystems,Hayes Performance Systems,us_wide_A_vertical,US
https://www.linkedin.com/in/jane-rodriguez-a92820170,Jane Rodriguez,Jane,Rodriguez,Marketing communications Manager,2,US,-,https://www.linkedin.com/company/harriscompany,Harris,us_wide_A_vertical,US
https://www.linkedin.com/in/aaron-martin-02b6877,Aaron Martin,Aaron,Martin,Vice President Marketing,3,US,2024-01-01,https://www.linkedin.com/company/hayward-holdings-inc,"Hayward Holdings, Inc.",us_wide_A_vertical,US
https://www.linkedin.com/in/carlossanchezsierra,Carlos Sanchez Sierra,Carlos,Sanchez Sierra,"Head of Product & Marketing, Europe",3,ES,2024-01-01,https://www.linkedin.com/company/hayward-holdings-inc,"Hayward Holdings, Inc.",us_wide_A_vertical,US
https://www.linkedin.com/in/alexis-blaugh-0072305,Alexis Blaugh,Alexis,Blaugh,"Director, Marketing Operations & Planning",3,US,2023-01-01,https://www.linkedin.com/company/harley-davidson-motor-company,Harley-Davidson Motor Company,us_wide_B_othertag,US
https://www.linkedin.com/in/matt-hannon-mba-3630526b,"Matt Hannon, MBA",Matt,"Hannon, MBA",Director of Network Development - North America,1,US,2026-04-01,https://www.linkedin.com/company/harley-davidson-motor-company,Harley-Davidson Motor Company,us_wide_B_othertag,US
https://www.linkedin.com/in/kevin-hannagan,Kevin Hannagan,Kevin,Hannagan,Head of Performance Marketing,3,GB,2020-09-01,https://www.linkedin.com/company/harley-davidson-motor-company,Harley-Davidson Motor Company,us_wide_B_othertag,US
https://www.linkedin.com/in/dan-major-7339851,Dan Major,Dan,Major,Program Manager – Enterprise Lead Management & Dealer Digital Marketing,1,US,-,https://www.linkedin.com/company/harley-davidson-motor-company,Harley-Davidson Motor Company,us_wide_B_othertag,US
https://www.linkedin.com/in/mark-kuzminski-889778b1,Mark Kuzminski,Mark,Kuzminski,"Network Development Manager (Europe, Middle East & Africa)",1,GB,2020-04-01,https://www.linkedin.com/company/harley-davidson-motor-company,Harley-Davidson Motor Company,us_wide_B_othertag,US
https://www.linkedin.com/in/am%c3%a9lie-afonso-poncin-26a07183,Amélie Afonso Poncin,Amélie,Afonso Poncin,Responsable Marketing Opérationnel,3,FR,2016-02-01,https://www.linkedin.com/company/hayward-holdings-inc,"Hayward Holdings, Inc.",us_wide_A_vertical,US
https://www.linkedin.com/in/emilie-chavet-0317a710,Emilie Chavet,Emilie,Chavet,"Marketing & Communication Manager, Europe",2,FR,2020-06-01,https://www.linkedin.com/company/hayward-holdings-inc,"Hayward Holdings, Inc.",us_wide_A_vertical,US
https://www.linkedin.com/in/andrew-brunson-9a050088,Andrew Brunson,Andrew,Brunson,"Vice President, Program Management & Marketing",3,US,2026-01-01,https://www.linkedin.com/company/heads-up-technologies,Heads Up Technologies,us_wide_B_othertag,US
https://www.linkedin.com/in/sarahlien,Sarah Lien,Sarah,Lien,Vice President Marketing,3,US,2024-12-01,https://www.linkedin.com/company/hearth-&-home-technologies,Hearth & Home Technologies,us_wide_A_vertical,US
https://www.linkedin.com/in/bradjacksonmn,Brad Jackson,Brad,Jackson,Channel Marketing Manager,1,US,2022-01-01,https://www.linkedin.com/company/hearth-&-home-technologies,Hearth & Home Technologies,us_wide_A_vertical,US
https://www.linkedin.com/in/allison-schoeneck-1972906,Allison Schoeneck,Allison,Schoeneck,Director of Marketing - Brand & Creative,3,US,2026-01-01,https://www.linkedin.com/company/hearth-&-home-technologies,Hearth & Home Technologies,us_wide_A_vertical,US
https://www.linkedin.com/in/emily-poshka-8ba42343,Emily Poshka,Emily,Poshka,"Manager, Channel Marketing",1,US,2025-10-01,https://www.linkedin.com/company/hearth-&-home-technologies,Hearth & Home Technologies,us_wide_A_vertical,US
https://www.linkedin.com/in/briankcoates,Brian C.,Brian,C.,"Vice President of Sales, Marketing & IT",3,US,2022-02-01,https://www.linkedin.com/company/heatron,Heatron,us_wide_A_vertical,US
https://www.linkedin.com/in/davis-sithideth-229a0a37,Davis Sithideth,Davis,Sithideth,Director Digital Marketing,3,US,2025-10-01,https://www.linkedin.com/company/hayward-holdings-inc,"Hayward Holdings, Inc.",us_wide_A_vertical,US
https://www.linkedin.com/in/dustin-leonard-4a46356,Dustin Leonard,Dustin,Leonard,Network Technology Manager,1,US,2016-01-01,https://www.linkedin.com/company/hayward-holdings-inc,"Hayward Holdings, Inc.",us_wide_A_vertical,US
https://www.linkedin.com/in/kim-barmoha-328268106,Kim Barmoha,Kim,Barmoha,Senior Director Of Marketing,3,US,2018-06-01,https://www.linkedin.com/company/heico-aerospace,HEICO,us_wide_B_othertag,US
https://www.linkedin.com/in/jean-christophe-jc-nayard-58109a11,Jean-Christophe (JC) Nayard,Jean-Christophe (JC),Nayard,Head of Sales & Marketing,3,US,2022-01-01,https://www.linkedin.com/company/heico-aerospace,HEICO,us_wide_B_othertag,US
https://www.linkedin.com/in/gisbertledvon,Gisbert Ledvon,Gisbert,Ledvon,Vice President of Marketing,3,US,2022-12-01,https://www.linkedin.com/company/heidenhain-corporation,HEIDENHAIN North America,us_wide_B_othertag,US
https://www.linkedin.com/in/mark-normyle-407b835,Mark Normyle,Mark,Normyle,Director of Marketing,3,US,-,https://www.linkedin.com/company/hayward-holdings-inc,"Hayward Holdings, Inc.",us_wide_A_vertical,US
https://www.linkedin.com/in/jeremy-jones-a09472173,jeremy jones,jeremy,jones,Director of Marketing,3,US,-,https://www.linkedin.com/company/hayward-holdings-inc,"Hayward Holdings, Inc.",us_wide_A_vertical,US
https://www.linkedin.com/in/jeff-maurer-9432ab10,Jeff Maurer,Jeff,Maurer,Director of Product Marketing - Americas Region,3,US,2023-02-01,https://www.linkedin.com/company/heilind-electronics,Heilind Electronics,us_wide_A_vertical,US
https://www.linkedin.com/in/stephen-pollard-73a541b,Stephen Pollard,Stephen,Pollard,Director of Marketing,3,US,-,https://www.linkedin.com/company/helicomb-international,Helicomb International,us_wide_B_othertag,US
https://www.linkedin.com/in/heidi-bontempo-mba-bb501111,Heidi Bontempo,Heidi,Bontempo,Channel Marketing Manager,1,US,2024-01-01,https://www.linkedin.com/company/hellermanntyton,HellermannTyton North America,us_wide_A_vertical,US
https://www.linkedin.com/in/melissa-piwaron-6b60174,Melissa Piwaron,Melissa,Piwaron,Director of Marketing and Communications,3,US,2026-01-01,https://www.linkedin.com/company/hellermanntyton,HellermannTyton North America,us_wide_A_vertical,US
https://www.linkedin.com/in/ron-kovac-13158715,Ron Kovac,Ron,Kovac,Vice President - Marketing,3,US,2017-05-01,https://www.linkedin.com/company/hellermanntyton,HellermannTyton North America,us_wide_A_vertical,US
https://www.linkedin.com/in/katiesklein,Katie K.,Katie,K.,Chief Marketing Officer,3,US,2024-01-01,https://www.linkedin.com/company/helm-group,Helm Group,us_wide_A_vertical,US
https://www.linkedin.com/in/mike-emmer-96992b11,Mike Emmer,Mike,Emmer,Director of Marketing Communications,2,US,2007-08-01,https://www.linkedin.com/company/hellermanntyton,HellermannTyton North America,us_wide_A_vertical,US
https://www.linkedin.com/in/mike-emmer-6810037,Mike Emmer,Mike,Emmer,Director of Marketing Communications,2,US,2007-01-01,https://www.linkedin.com/company/hellermanntyton,HellermannTyton North America,us_wide_A_vertical,US
https://www.linkedin.com/in/gemma-artesona-perez-03909130,Gemma Artesona Perez,Gemma,Artesona Perez,Marketing & Distribution Manager,1,ES,2009-05-01,https://www.linkedin.com/company/hellermanntyton,HellermannTyton North America,us_wide_A_vertical,US
https://www.linkedin.com/in/nicole-thompson-b178ba32,Nicole Thompson,Nicole,Thompson,Director of Marketing,3,US,2023-08-01,https://www.linkedin.com/company/hercules-industries,Hercules Industries,us_wide_A_vertical,US
https://www.linkedin.com/in/farshadshadloo,Farshad Shadloo,Farshad,Shadloo,"VP, Marketing & Communications",2,US,2026-01-01,https://www.linkedin.com/company/hermeus,Hermeus,us_wide_B_othertag,US
https://www.linkedin.com/in/jelena-bagitsch,Jelena Bagitsch,Jelena,Bagitsch,Marketing Communications Manager,2,DE,2025-09-01,https://www.linkedin.com/company/hesaitechnology,Hesai Technology,us_wide_A_vertical,US
https://www.linkedin.com/in/sophiemeyniel,Sophie Meyniel,Sophie,Meyniel,Senior Manager Marketing Communications Aerospace Europe/ MEA/ AP and Industrial.,2,FR,2023-08-01,https://www.linkedin.com/company/hexcel-corporation,Hexcel Corporation,us_wide_B_othertag,US
https://www.linkedin.com/in/chuckcadena,Chuck Cadena,Chuck,Cadena,"Vice President, Global Corporate & Marketing Communications",2,US,2024-12-01,https://www.linkedin.com/company/hexcel-corporation,Hexcel Corporation,us_wide_B_othertag,US
https://www.linkedin.com/in/matthewcbates,Matthew Bates,Matthew,Bates,"Director, Marketing Communications",2,US,2022-09-01,https://www.linkedin.com/company/hexcel-corporation,Hexcel Corporation,us_wide_B_othertag,US
https://www.linkedin.com/in/jason-strange-49a72959,Jason Strange,Jason,Strange,VP of Digital Marketing,3,US,2023-10-01,https://www.linkedin.com/company/hi-line,Hi-Line Inc.,us_wide_A_vertical,US
https://www.linkedin.com/in/achim-fischereder-5795a42a,Achim Fischereder,Achim,Fischereder,"Director Sales & Marketing, Global Industrial",3,AT,2025-07-01,https://www.linkedin.com/company/hexcel-corporation,Hexcel Corporation,us_wide_B_othertag,US
https://www.linkedin.com/in/vincent-chiodo-5670917,Vincent Chiodo,Vincent,Chiodo,"Vice President, Sales, Marketing & Application Engineering",3,US,2022-11-01,https://www.linkedin.com/company/hico-america-inc,HICO America,us_wide_B_othertag,US
https://www.linkedin.com/in/aaron-evans-41b09813,Aaron Evans,Aaron,Evans,Director of Sales and Marketing,3,US,2018-09-01,https://www.linkedin.com/company/hico-america-inc,HICO America,us_wide_B_othertag,US
https://www.linkedin.com/in/steve-flaig-22616b2,steve flaig,steve,flaig,"vp, marketing",3,US,-,https://www.linkedin.com/company/hi-line,Hi-Line Inc.,us_wide_A_vertical,US
https://www.linkedin.com/in/michelletrautman,Michelle Trautman,Michelle,Trautman,"Vice President, Marketing & Communications",2,US,2026-06-01,https://www.linkedin.com/company/hillenbrand-inc,Hillenbrand,us_wide_B_othertag,US
https://www.linkedin.com/in/kimcamp,Kim Camp,Kim,Camp,"Manager, Marketing Communications and Learning Center Programs",2,US,2015-01-01,https://www.linkedin.com/company/hillphoenix,Hillphoenix,us_wide_A_vertical,US
https://www.linkedin.com/in/janet-clarke-94393313,Janet Clarke,Janet,Clarke,Industrial- Dealer Development Manager,1,US,2016-04-01,https://www.linkedin.com/company/hillphoenix,Hillphoenix,us_wide_A_vertical,US
https://www.linkedin.com/in/brad-roche-33837a26,Brad Roche,Brad,Roche,Vice President of Marketing,3,US,-,https://www.linkedin.com/company/hillphoenix,Hillphoenix,us_wide_A_vertical,US
https://www.linkedin.com/in/john-borzych-87226065,John Borzych,John,Borzych,VP Sales & Marketing,3,US,2006-01-01,https://www.linkedin.com/company/hirel-systems-llc,HiRel Systems LLC,us_wide_B_othertag,US
https://www.linkedin.com/in/manoj-mml,Manoj Malhotra,Manoj,Malhotra,Global Business Development Director - Mission Critical Networks,1,US,2023-01-01,https://www.linkedin.com/company/hilti-usa,Hilti North America,us_wide_B_othertag,US
https://www.linkedin.com/in/muthu-manohar,Muthu Manohar,Muthu,Manohar,Chief Marketing Officer and Senior Vice President of Engineering,3,US,2024-01-01,https://www.linkedin.com/company/hilti-usa,Hilti North America,us_wide_B_othertag,US
https://www.linkedin.com/in/aliciajones,Alicia Jones,Alicia,Jones,Senior Director of Brand & Digital Marketing,3,US,2018-07-01,https://www.linkedin.com/company/hilti-usa,Hilti North America,us_wide_B_othertag,US
https://www.linkedin.com/in/mhubert,Michael Hubert,Michael,Hubert,"Director of Strategic Marketing, Hilti North America",3,US,2023-05-01,https://www.linkedin.com/company/hilti-usa,Hilti North America,us_wide_B_othertag,US
https://www.linkedin.com/in/rafael-lorenzo-santos-1573a22,Rafael Lorenzo Santos,Rafael,Lorenzo Santos,Senior Director Of Marketing,3,US,2021-01-01,https://www.linkedin.com/company/hilti-usa,Hilti North America,us_wide_B_othertag,US
https://www.linkedin.com/in/davidandrewsgurnee,David Andrews,David,Andrews,"Vice President, Global Marketing and Communications",3,US,2023-04-01,https://www.linkedin.com/company/hitachi-global-air-power,Hitachi Global Air Power,us_wide_A_vertical,US
https://www.linkedin.com/in/leslie-cohen-2078b2118,leslie cohen,leslie,cohen,Senior Vice President Marketing,3,US,-,https://www.linkedin.com/company/hitco-carbon-composites,HITCO Carbon Composites,us_wide_B_othertag,US
https://www.linkedin.com/in/samantha-smow-50a575165,Samantha Smow,Samantha,Smow,VP Sales Marketing,3,US,-,https://www.linkedin.com/company/hitachi-power-tools,Hitachi Koki USA (Hitachi Power Tools),us_wide_B_othertag,US
https://www.linkedin.com/in/amanda-b-b13b67a3,Mandy B.,Mandy,B.,Director of Marketing & Communications,2,US,2025-11-01,https://www.linkedin.com/company/hitchiner-manufacturing,Hitchiner Manufacturing,us_wide_B_othertag,US
https://www.linkedin.com/in/laurelmorris07,Laurel Morris,Laurel,Morris,Marketing Communications Manager,2,US,2025-01-01,https://www.linkedin.com/company/hmiglass,HMI Glass,us_wide_B_othertag,US
https://www.linkedin.com/in/jasonsmith1836,Jason Smith,Jason,Smith,"Vice President, Marketing",3,US,2022-02-01,https://www.linkedin.com/company/holt-cat,HOLT CAT,us_wide_A_vertical,US
https://www.linkedin.com/in/stephanie-thompson-779a949a,Stephanie Thompson,Stephanie,Thompson,Channels Marketing Manager,1,US,2022-08-01,https://www.linkedin.com/company/hilti-usa,Hilti North America,us_wide_B_othertag,US
https://www.linkedin.com/in/peter-s%c3%bcmeghy-79370434,Peter Sümeghy,Peter,Sümeghy,"Director, Digital & Channels Marketing",1,US,2022-02-01,https://www.linkedin.com/company/hilti-usa,Hilti North America,us_wide_B_othertag,US
https://www.linkedin.com/in/chitomanansala,Chito Manansala,Chito,Manansala,Director Marketing Technology,3,US,2016-12-01,https://www.linkedin.com/company/hilti-usa,Hilti North America,us_wide_B_othertag,US
https://www.linkedin.com/in/lchase,Leslie McCrary,Leslie,McCrary,Manager - Marketing Communications,2,US,2023-01-01,https://www.linkedin.com/company/hilti-usa,Hilti North America,us_wide_B_othertag,US
https://www.linkedin.com/in/todd-keefe-49724b,Todd Keefe,Todd,Keefe,Head of Global Marketing,3,US,2015-03-01,https://www.linkedin.com/company/sundyne-corporation,Honeywell Sundyne,us_wide_A_vertical,US
https://www.linkedin.com/in/vanessajimenez2,Vanessa Shapiro,Vanessa,Shapiro,"Sr. Director of Global Marketing | Defense, Space, UAM/UAS",3,US,2026-06-01,https://www.linkedin.com/company/honeywell-aerospace-technologies,Honeywell Aerospace Technologies,us_wide_B_othertag,US
https://www.linkedin.com/in/tommurray673,"Thomas Murray, MBA",Thomas,"Murray, MBA",Director of Product Marketing,3,US,2026-01-01,https://www.linkedin.com/company/honeywell-aerospace-technologies,Honeywell Aerospace Technologies,us_wide_B_othertag,US
https://www.linkedin.com/in/lana-belmokadem-07b5995,Lana Belmokadem,Lana,Belmokadem,"Vice President, Marketing",3,US,2020-07-01,https://www.linkedin.com/company/hoovercs,Hoover CS,us_wide_A_vertical,US
https://www.linkedin.com/in/petergreene,Peter Greene,Peter,Greene,Senior Vice President Sales Marketing,3,US,-,https://www.linkedin.com/company/hop-energy,HOP Energy LLC,us_wide_A_vertical,US
https://www.linkedin.com/in/kristopher-masilamani-b8b8311,Kristopher Masilamani,Kristopher,Masilamani,Director Network Operations,1,US,2013-10-01,https://www.linkedin.com/company/hop-energy,HOP Energy LLC,us_wide_A_vertical,US
https://www.linkedin.com/in/yafah-johnson-193ab65,Yafah Johnson,Yafah,Johnson,Director of Product Marketing - Soft & Hard Goods Vehicle Accessories,3,US,2014-02-01,https://www.linkedin.com/company/hopkins-manufacturing-corp,Hopkins Manufacturing Corporation,us_wide_A_vertical,US
https://www.linkedin.com/in/marcus-gooden-9066a340,Marcus Gooden,Marcus,Gooden,Director of Product Marketing,3,US,2005-09-01,https://www.linkedin.com/company/hopkins-manufacturing-corp,Hopkins Manufacturing Corporation,us_wide_A_vertical,US
https://www.linkedin.com/in/mareikemueller,Mareike Mueller,Mareike,Mueller,Head of eCommerce and Marketing Marketing Europe & Africa,3,GB,-,https://www.linkedin.com/company/horizon-global,Horizon Global,us_wide_A_vertical,US
https://www.linkedin.com/in/jeffmcash,Jeff Cash,Jeff,Cash,Vice President of DTC Sales & Marketing,3,US,2026-03-01,https://www.linkedin.com/company/horizon-hobby,Horizon Hobby,us_wide_B_othertag,US
https://www.linkedin.com/in/gregsopa,Greg Sopa,Greg,Sopa,Director of Brand Marketing - ARRMA,3,US,-,https://www.linkedin.com/company/horizon-hobby,Horizon Hobby,us_wide_B_othertag,US
https://www.linkedin.com/in/spetrotto,Steven Petrotto,Steven,Petrotto,Director of Brand Marketing - Air and Events,3,US,-,https://www.linkedin.com/company/horizon-hobby,Horizon Hobby,us_wide_B_othertag,US
https://www.linkedin.com/in/kevin-kelly-14762b5,Kevin Kelly,Kevin,Kelly,Network Systems Manager,1,US,-,https://www.linkedin.com/company/horizon-hobby,Horizon Hobby,us_wide_B_othertag,US
https://www.linkedin.com/in/randy-thiessen-b485a1233,Randy Thiessen,Randy,Thiessen,Chief Marketing Officer,3,US,2023-08-01,https://www.linkedin.com/company/horizontrailers,Horizon Trailers LLC,us_wide_A_vertical,US
https://www.linkedin.com/in/allihartman,Allison Hartman,Allison,Hartman,"Sr. Director of Info. Technology - Business Ops for Network, Infrastructure, Computing, & Support",1,US,2026-04-01,https://www.linkedin.com/company/honeywell-aerospace-technologies,Honeywell Aerospace Technologies,us_wide_B_othertag,US
https://www.linkedin.com/in/adamroneill,Adam O'Neill,Adam,O'Neill,Vice President - Marketing,3,US,2022-01-01,https://www.linkedin.com/company/honeywell-aerospace-technologies,Honeywell Aerospace Technologies,us_wide_B_othertag,US
https://www.linkedin.com/in/tom-mcgann-69209a24,Tom McGann,Tom,McGann,Director of Marketing,3,US,2020-06-01,https://www.linkedin.com/company/hose-master-llc,Hose Master LLC,us_wide_A_vertical,US
https://www.linkedin.com/in/mike-attaway-9a650049,Mike Attaway,Mike,Attaway,"Asst. VP, Marketing",3,US,-,https://www.linkedin.com/company/howard-industries,Howard Industries,us_wide_A_vertical,US
https://www.linkedin.com/in/r-stephens-453261209,R. stephens,R.,stephens,Director Of Sales Marketing,3,US,2017-01-01,https://www.linkedin.com/company/hotsy-corp,Hotsy Cleaning Systems,us_wide_A_vertical,US
https://www.linkedin.com/in/westonpersons,Weston Persons,Weston,Persons,Director of Marketing,3,US,2025-11-01,https://www.linkedin.com/company/howmet-aerospace,Howmet Aerospace,us_wide_B_othertag,US
https://www.linkedin.com/in/dale-holloway-15b33656,Dale Holloway,Dale,Holloway,Director S&C Operations - Airtime Networks,1,US,2022-11-01,https://www.linkedin.com/company/honeywell-aerospace-technologies,Honeywell Aerospace Technologies,us_wide_B_othertag,US
https://www.linkedin.com/in/jack-xu-62514320,Jack Xu,Jack,Xu,VP of Global Marketing,3,US,2024-01-01,https://www.linkedin.com/company/hsglaser,HSG LASER,us_wide_B_othertag,US
https://www.linkedin.com/in/denmarkreed,Denmark Reed,Denmark,Reed,"Business Development Manager, Strategic Partnerships",1,US,2025-11-01,https://www.linkedin.com/company/hubbellincorporated,Hubbell Incorporated,us_wide_A_vertical,US
https://www.linkedin.com/in/brian-fox-12bb5586,Brian Fox,Brian,Fox,Senior Director Of Marketing,3,US,2022-01-01,https://www.linkedin.com/company/hub-group,Hub Group,us_wide_A_vertical,US
https://www.linkedin.com/in/nancytalley,Nancy Talley,Nancy,Talley,"Manager, Marketing Communications",2,US,2021-01-01,https://www.linkedin.com/company/hubbellincorporated,Hubbell Incorporated,us_wide_A_vertical,US
https://www.linkedin.com/in/warrenckatz,Warren K.,Warren,K.,VP of Enterprise Marketing,3,US,2020-09-01,https://www.linkedin.com/company/hubbellincorporated,Hubbell Incorporated,us_wide_A_vertical,US
https://www.linkedin.com/in/michael-coppola-ba083b7,Michael Coppola,Michael,Coppola,Sr. Director Corporate Marketing,3,US,2021-01-01,https://www.linkedin.com/company/hubbellincorporated,Hubbell Incorporated,us_wide_A_vertical,US
https://www.linkedin.com/in/brady-mills-022217b5,Brady Mills,Brady,Mills,Director of Sales & Marketing,3,US,2023-07-01,https://www.linkedin.com/company/hultec,Hultec,us_wide_A_vertical,US
https://www.linkedin.com/in/dschoolxlt,David Schoolcraft,David,Schoolcraft,Senior Manager – Enterprise Network & Architect,1,US,2025-10-01,https://www.linkedin.com/company/howmet-aerospace,Howmet Aerospace,us_wide_B_othertag,US
https://www.linkedin.com/in/marcos-silva-baa24b127,Marcos Silva,Marcos,Silva,Network Operations Manager,1,US,2024-06-01,https://www.linkedin.com/company/hub-group,Hub Group,us_wide_A_vertical,US
https://www.linkedin.com/in/joseph-majchrowski-77393524,Joseph Majchrowski,Joseph,Majchrowski,Senior Director; Network Optimization,1,US,2026-01-01,https://www.linkedin.com/company/hub-group,Hub Group,us_wide_A_vertical,US
https://www.linkedin.com/in/annelaureleroyer,Anne-Laure Leroyer,Anne-Laure,Leroyer,Senior Director of Marketing Communications,2,US,2021-01-01,https://www.linkedin.com/company/hubbellincorporated,Hubbell Incorporated,us_wide_A_vertical,US
https://www.linkedin.com/in/simon-robinson-1386974,Simon Robinson,Simon,Robinson,Vice President of Sales & Marketing/Airport Operations,3,US,2026-02-01,https://www.linkedin.com/company/huntleighusa,Huntleigh USA,us_wide_B_othertag,US
https://www.linkedin.com/in/mitzicoil,Mitzi Coil,Mitzi,Coil,VP of Marketing,3,US,2024-01-01,https://www.linkedin.com/company/huntongroup,Hunton Group,us_wide_A_vertical,US
https://www.linkedin.com/in/james-mundschau-2b15842,James Mundschau,James,Mundschau,Vice President Sales & Marketing,3,US,2000-05-01,https://www.linkedin.com/company/husco,Husco,us_wide_A_vertical,US
https://www.linkedin.com/in/jeff-hurst-0a6a09a,Jeff Hurst,Jeff,Hurst,Director of Marketing,3,US,1980-01-01,https://www.linkedin.com/company/hurst-boiler-&-welding-company-inc.,"Hurst Boiler & Welding Company, Inc.",us_wide_A_vertical,US
https://www.linkedin.com/in/romain-bresler-7650b324,Romain BRESLER,Romain,BRESLER,Vice President Sales & Marketing EMEA / India,3,FR,2025-01-01,https://www.linkedin.com/company/hutchinson-aerospace-and-industry,Hutchinson Aerospace and Industry,us_wide_B_othertag,US
https://www.linkedin.com/in/haim-kats,Haim Kats,Haim,Kats,"Executive Vice President Marketing, Business Development & Sales, Americas",3,US,2022-01-01,https://www.linkedin.com/company/hutchinson-aerospace-and-industry,Hutchinson Aerospace and Industry,us_wide_B_othertag,US
https://www.linkedin.com/in/sashaayloush,Sasha Ayloush,Sasha,Ayloush,Director of Sales and Marketing,3,US,2010-09-01,https://www.linkedin.com/company/hydraflow,Hydraflow,us_wide_B_othertag,US
https://www.linkedin.com/in/ken-best-0433a410,Ken Best,Ken,Best,Executive Vice President - Sales and Marketing,3,US,2011-09-01,https://www.linkedin.com/company/hydraulex-global,Hydraulex,us_wide_A_vertical,US
https://www.linkedin.com/in/michel-sohrabi-b905561b,Michel Sohrabi,Michel,Sohrabi,"VP & GM of Scandinavia, Benelux and VP of Marketing NEMEA",3,FR,-,https://www.linkedin.com/company/hypercom,Hypercom,us_wide_A_vertical,US
https://www.linkedin.com/in/tony-fernandez-4965a24,Tony Fernandez,Tony,Fernandez,"VP Global Product Marketing, Multi-Lane Products",3,US,-,https://www.linkedin.com/company/hypercom,Hypercom,us_wide_A_vertical,US
https://www.linkedin.com/in/hugo-bola%c3%b1os-8054a0,Hugo Bolaños,Hugo,Bolaños,SVP Sales Marketing,3,GB,-,https://www.linkedin.com/company/hypercom,Hypercom,us_wide_A_vertical,US
https://www.linkedin.com/in/andrerombouts,André Rombouts,André,Rombouts,"Vice President, EMEIA Sales, Marketing & Service",3,NL,2026-06-01,https://www.linkedin.com/company/hyperthermassociates,Hypertherm Associates,us_wide_B_othertag,US
https://www.linkedin.com/in/olga-manzano,Olga Manzano,Olga,Manzano,Channel Marketing Manager,1,NL,2023-04-01,https://www.linkedin.com/company/hyperthermassociates,Hypertherm Associates,us_wide_B_othertag,US
https://www.linkedin.com/in/jake-c-brown,Jake Brown,Jake,Brown,Executive Vice President of Global Sales and Marketing,3,US,2025-04-01,https://www.linkedin.com/company/hyperthermassociates,Hypertherm Associates,us_wide_B_othertag,US
https://www.linkedin.com/in/tom-huffman-3b865054,Tom Huffman,Tom,Huffman,Senior Network Manager,1,US,2020-09-01,https://www.linkedin.com/company/hypower-inc-,Hypower,us_wide_A_vertical,US
https://www.linkedin.com/in/tony-geyman-b0b2819,Tony Geyman,Tony,Geyman,Director of Sales and Marketing,3,US,2023-09-01,https://www.linkedin.com/company/hypro-inc-,HyPro Inc.,us_wide_A_vertical,US
https://www.linkedin.com/in/martin-marty-dunn-0722034,"Martin ""Marty"" Dunn","Martin ""Marty""",Dunn,Vice President of Sales and Marketing,3,US,2017-07-01,https://www.linkedin.com/company/hytek-finishes-co,Hytek Finishes Co.,us_wide_B_othertag,US
https://www.linkedin.com/in/timothy-park-64aa2455,Timothy Park,Timothy,Park,Senior Director of Enterprise Strategy & Marketing Group,3,US,2025-12-01,https://www.linkedin.com/company/hyundai-translead,Hyundai Translead,us_wide_A_vertical,US
https://www.linkedin.com/in/james-cottingham-0a7937a,James Cottingham,James,Cottingham,Lead Business Development Partner,1,US,2024-01-01,https://www.linkedin.com/company/hyundai-translead,Hyundai Translead,us_wide_A_vertical,US
https://www.linkedin.com/in/allison-seol-3a730317,Allison Seol,Allison,Seol,Sr. Channel Development Partner,1,US,2021-02-01,https://www.linkedin.com/company/hyundai-translead,Hyundai Translead,us_wide_A_vertical,US
https://www.linkedin.com/in/kathleen-hoh-258a5b149,Kathleen Hoh,Kathleen,Hoh,Associate Marketing Partner,1,US,2025-03-01,https://www.linkedin.com/company/hyundai-translead,Hyundai Translead,us_wide_A_vertical,US
https://www.linkedin.com/in/jae-bum-brian-jung-a3895882,Jae Bum(Brian) Jung,Jae Bum(Brian),Jung,Sr. Director of Enterprise Strategy & Marketing Group,3,US,2024-01-01,https://www.linkedin.com/company/hyundai-translead,Hyundai Translead,us_wide_A_vertical,US
https://www.linkedin.com/in/sharon-k-535b4466,Sharon K.,Sharon,K.,Director of Marketing,3,US,2010-11-01,https://www.linkedin.com/company/hyundai-translead,Hyundai Translead,us_wide_A_vertical,US
https://www.linkedin.com/in/jeffosullivan,Jeff O'Sullivan,Jeff,O'Sullivan,Director of Marketing,3,US,2024-01-01,https://www.linkedin.com/company/hafele-america,Häfele America Co.,us_wide_B_othertag,US
https://www.linkedin.com/in/michael-mcconnell-1ab46037,Michael McConnell,Michael,McConnell,Channel Sales & Marketing Manager,1,US,2007-10-01,https://www.linkedin.com/company/hafele-america,Häfele America Co.,us_wide_B_othertag,US
https://www.linkedin.com/in/stephenbruner,Stephen Bruner,Stephen,Bruner,"Director, Regional Marketing & Revenue Operations – Americas",3,US,2022-01-01,https://www.linkedin.com/company/hyperthermassociates,Hypertherm Associates,us_wide_B_othertag,US
https://www.linkedin.com/in/pablo-hern%c3%a1ndez-arthur-43301412,Pablo Hernández-Arthur,Pablo,Hernández-Arthur,"Director, Revenue Enablement & Partner Programs",1,US,-,https://www.linkedin.com/company/hyperthermassociates,Hypertherm Associates,us_wide_B_othertag,US
https://www.linkedin.com/in/john-macrae-861606216,John MacRae,John,MacRae,EMEIA Distribution Development Manager,1,GB,2018-01-01,https://www.linkedin.com/company/hyperthermassociates,Hypertherm Associates,us_wide_B_othertag,US
https://www.linkedin.com/in/caatjevanwalraven,Caatje van Walraven-Driel,Caatje,van Walraven-Driel,Director Regional Marketing and Revenue Operations EMEIA,3,NL,2024-03-01,https://www.linkedin.com/company/hyperthermassociates,Hypertherm Associates,us_wide_B_othertag,US
https://www.linkedin.com/in/tomhennessey2,Tom Hennessey,Tom,Hennessey,Chief Marketing Officer,3,US,2021-01-01,https://www.linkedin.com/company/ibaset,iBase-t,us_wide_B_othertag,US
https://www.linkedin.com/in/ryan-schweppe-57644571,Ryan Schweppe,Ryan,Schweppe,Director of Digital Marketing & Operations,3,US,2024-01-01,https://www.linkedin.com/company/ibaset,iBase-t,us_wide_B_othertag,US
https://www.linkedin.com/in/jennifer-titus-johnson-0b89323,Jennifer Titus Johnson,Jennifer,Titus Johnson,National Distribution Development Manager,1,US,2026-05-01,https://www.linkedin.com/company/hyperthermassociates,Hypertherm Associates,us_wide_B_othertag,US
https://www.linkedin.com/in/kerri-weeks-39b4807,Kerri Weeks,Kerri,Weeks,Regional Channel Marketing Program Manager,1,US,2023-02-01,https://www.linkedin.com/company/hyperthermassociates,Hypertherm Associates,us_wide_B_othertag,US
https://www.linkedin.com/in/olegdratsch,Oleg Dratsch,Oleg,Dratsch,Director of Product Management & Marketing,3,US,2025-05-01,https://www.linkedin.com/company/icm-controls,ICM Controls,us_wide_A_vertical,US
https://www.linkedin.com/in/jmcgrathidc,Jenny McGrath,Jenny,McGrath,Director of Sales and Marketing,3,US,2009-02-01,https://www.linkedin.com/company/idcspring,Idc Spring,us_wide_B_othertag,US
https://www.linkedin.com/in/pamelamcmeen,Pamela McMeen,Pamela,McMeen,Chief Marketing Officer,3,US,2024-04-01,https://www.linkedin.com/company/ideal-industries,IDEAL Industries,us_wide_A_vertical,US
https://www.linkedin.com/in/samuelbpeterson,Sam Peterson,Sam,Peterson,Vice President of Marketing and Product,3,US,2019-06-01,https://www.linkedin.com/company/ideal-industries,IDEAL Industries,us_wide_A_vertical,US
https://www.linkedin.com/in/krisgianninikelly,Kris Giannini Kelly,Kris,Giannini Kelly,"Senior Manager, Marketing Communications and Online Growth, Campaigns snd Strategic Planning",2,US,2017-06-01,https://www.linkedin.com/company/integrated-device-technology-inc,"IDT - Integrated Device Technology, Inc.(acquired by Renesas)",us_wide_B_othertag,US
https://www.linkedin.com/in/koichi-murata-994208110,Koichi Murata,Koichi,Murata,Director of Marketing Optical Products,3,US,2017-06-01,https://www.linkedin.com/company/integrated-device-technology-inc,"IDT - Integrated Device Technology, Inc.(acquired by Renesas)",us_wide_B_othertag,US
https://www.linkedin.com/in/anita-faggianelli-8008447,Anita Faggianelli,Anita,Faggianelli,EMEA Marketing Communication Manager,2,IT,-,https://www.linkedin.com/company/integrated-device-technology-inc,"IDT - Integrated Device Technology, Inc.(acquired by Renesas)",us_wide_B_othertag,US
https://www.linkedin.com/in/scott-hills-b54a9b22,scott Hills,scott,Hills,Director of Marketing,3,US,-,https://www.linkedin.com/company/integrated-device-technology-inc,"IDT - Integrated Device Technology, Inc.(acquired by Renesas)",us_wide_B_othertag,US
https://www.linkedin.com/in/justin-johnson-b72a2047,Justin Johnson,Justin,Johnson,Senior Vice President of Sales and Marketing,3,US,2022-10-01,https://www.linkedin.com/company/ihmvcu,IHMVCU,us_wide_A_vertical,US
https://www.linkedin.com/in/dougdurney,Doug Durney,Doug,Durney,"Director, Marketing and New Business Development",3,US,1983-01-01,https://www.linkedin.com/company/ilc-dover,ILC Dover,us_wide_B_othertag,US
https://www.linkedin.com/in/jane-hagert-b0932a32,jane hagert,jane,hagert,vice president of marketing,3,US,-,https://www.linkedin.com/company/impact-innovations-inc.,Impact Innovations by Design Group,us_wide_A_vertical,US
https://www.linkedin.com/in/jane-hagert-49b97b54,Jane Hagert,Jane,Hagert,Vice President of Marketing,3,US,-,https://www.linkedin.com/company/impact-innovations-inc.,Impact Innovations by Design Group,us_wide_A_vertical,US
https://www.linkedin.com/in/ianrlippert,-,-,-,Associate Marketing Manager - Channel,1,US,2026-02-01,https://www.linkedin.com/company/indian-motorcycle-company,Indian Motorcycle Company,us_wide_B_othertag,US
https://www.linkedin.com/in/gennaro-dellla-corte-99416a19,Gennaro Dellla Corte,Gennaro,Dellla Corte,Director of Dealer Development,1,US,-,https://www.linkedin.com/company/indian-motorcycle-company,Indian Motorcycle Company,us_wide_B_othertag,US
https://www.linkedin.com/in/udit-budhia-4078151,Udit Budhia,Udit,Budhia,Vice President of Product Marketing,3,US,2025-09-01,https://www.linkedin.com/company/indieinc,indie.inc,us_wide_B_othertag,US
https://www.linkedin.com/in/martyagan,Marty Agan,Marty,Agan,Director of Marketing,3,US,2024-06-01,https://www.linkedin.com/company/indieinc,indie.inc,us_wide_B_othertag,US
https://www.linkedin.com/in/vincent-w-14877737,Vincent W.,Vincent,W.,EVP APAC Sales and Marketing,3,US,2015-10-01,https://www.linkedin.com/company/indieinc,indie.inc,us_wide_B_othertag,US
https://www.linkedin.com/in/dineshb,Dinesh Balasubramaniam,Dinesh,Balasubramaniam,Director of Product Marketing,3,US,2024-08-01,https://www.linkedin.com/company/indieinc,indie.inc,us_wide_B_othertag,US
https://www.linkedin.com/in/cara-lynch-b5b925134,Cara Lynch,Cara,Lynch,"Senior Director of Marketing, Engagement, and Furnace Division Communications",3,US,-,https://www.linkedin.com/company/inductothermcorp.,Inductotherm Corp.,us_wide_A_vertical,US
https://www.linkedin.com/in/katiekim1,Katie K.,Katie,K.,Director of Marketing,3,US,2024-09-01,https://www.linkedin.com/company/industrial-electric-mfg,Industrial Electric Mfg. (IEM),us_wide_B_othertag,US
https://www.linkedin.com/in/christianuremovic,Christian Uremovic,Christian,Uremovic,Senior Director Solution Marketing,3,DE,2023-04-01,https://www.linkedin.com/company/infinera,Infinera,us_wide_B_othertag,US
https://www.linkedin.com/in/daniel-peterson-jr-ph-d-p-e-606380,"Daniel Peterson Jr., Ph.D., P.E.",Daniel,"Peterson Jr., Ph.D., P.E.",Director of Network Technology,1,US,2024-09-01,https://www.linkedin.com/company/infinera,Infinera,us_wide_B_othertag,US
https://www.linkedin.com/in/harshad-sardesai-20a0bb4,Harshad Sardesai,Harshad,Sardesai,Vice President  - Regional  Product Management & Network Solutions,1,US,2023-09-01,https://www.linkedin.com/company/infinera,Infinera,us_wide_B_othertag,US
https://www.linkedin.com/in/curt-allen-8a302062,Curt Allen,Curt,Allen,Director Technical Marketing,3,US,2016-12-01,https://www.linkedin.com/company/infinera,Infinera,us_wide_B_othertag,US
https://www.linkedin.com/in/nick-dagiantis-439a154,Nick Dagiantis,Nick,Dagiantis,Global Channel Program Manager,1,US,2018-09-01,https://www.linkedin.com/company/infinera,Infinera,us_wide_B_othertag,US
https://www.linkedin.com/in/philipp-harlov-1b155227,Philipp Harlov,Philipp,Harlov,Vice President of Sales and Marketing,3,US,2024-02-01,https://www.linkedin.com/company/infinite-herbs,Infinite Herbs,us_wide_A_vertical,US
https://www.linkedin.com/in/erin-keys-79ab4b9,Erin Keys,Erin,Keys,Director of Product Marketing,3,US,2025-02-01,https://www.linkedin.com/company/infravisioninc,Infravision,us_wide_A_vertical,US
https://www.linkedin.com/in/imdanielalvarez,Daniel Alvarez,Daniel,Alvarez,Director of Brand Marketing,3,US,2025-09-01,https://www.linkedin.com/company/infravisioninc,Infravision,us_wide_A_vertical,US
https://www.linkedin.com/in/willstoner,William Stoner,William,Stoner,Director of Marketing and Business Development,3,US,2015-10-01,https://www.linkedin.com/company/infra-metals-co.,Infra-Metals Co.,us_wide_B_othertag,US
https://www.linkedin.com/in/1pamelaokopny,Pamela Marino,Pamela,Marino,VP of Marketing and Communications,3,US,2011-05-01,https://www.linkedin.com/company/infusystem-inc-,InfuSystem,us_wide_A_vertical,US
https://www.linkedin.com/in/benjamin-wiegel-32147854,Benjamin Wiegel,Benjamin,Wiegel,Marketing Communications Manager,2,US,2022-04-01,https://www.linkedin.com/company/ingersollcuttingtools,Ingersoll Cutting Tools,us_wide_B_othertag,US
https://www.linkedin.com/in/michaelsabovik,Michael Sabovik,Michael,Sabovik,"Director, Marketing Communications and Creative Services",2,US,2018-10-01,https://www.linkedin.com/company/infinera,Infinera,us_wide_B_othertag,US
https://www.linkedin.com/in/fernando-hernandez-bbb09b9,Fernando Hernandez,Fernando,Hernandez,Vice President Sales Marketing,3,US,2022-01-01,https://www.linkedin.com/company/inova-geophysical,INOVA Geophysical,us_wide_A_vertical,US
https://www.linkedin.com/in/robert-eslick-213a82222,Robert Eslick,Robert,Eslick,Director of Marketing and Sales - Americas,3,US,2025-09-01,https://www.linkedin.com/company/inova-geophysical,INOVA Geophysical,us_wide_A_vertical,US
https://www.linkedin.com/in/ashley-stewart-ba83a71b,Ashley Stewart,Ashley,Stewart,Director of Marketing,3,US,2022-03-01,https://www.linkedin.com/company/inovar-packaging,Inovar Packaging Group,us_wide_A_vertical,US
https://www.linkedin.com/in/ethanforbesanderson,Ethan Anderson,Ethan,Anderson,VP of Marketing,3,US,2023-02-01,https://www.linkedin.com/company/myinsa,Insa,us_wide_B_othertag,US
https://www.linkedin.com/in/nicolemjudd,Nicole Judd,Nicole,Judd,Head of Digital Marketing,3,US,2024-09-01,https://www.linkedin.com/company/myinsa,Insa,us_wide_B_othertag,US
https://www.linkedin.com/in/darioadamesq,Dario Adames,Dario,Adames,Director de marketing,3,US,2026-04-01,https://www.linkedin.com/company/integ-ingenieria,Integ,us_wide_A_vertical,US
https://www.linkedin.com/in/leigh-munsell-444a9018,Leigh Munsell,Leigh,Munsell,Vice President Sales & Marketing,3,US,2019-07-01,https://www.linkedin.com/company/integrated-polymer-solutions-ips,Integrated Polymer Solutions (IPS),us_wide_B_othertag,US
https://www.linkedin.com/in/kimgillis,Kim Gillis,Kim,Gillis,"Vice President, Marketing",3,US,2026-02-01,https://www.linkedin.com/company/integrated-power-services,Integrated Power Services,us_wide_A_vertical,US
https://www.linkedin.com/in/lisa-rosengard-b13a1a1,Lisa Rosengard,Lisa,Rosengard,Director of Marketing,3,US,-,https://www.linkedin.com/company/interep,INTEREP,us_wide_A_vertical,US
https://www.linkedin.com/in/jamie-aronow-4106411,Jamie Aronow,Jamie,Aronow,SVP/Promotion Marketing,3,US,-,https://www.linkedin.com/company/interep,INTEREP,us_wide_A_vertical,US
https://www.linkedin.com/in/george-campbell-b2a768,george campbell,george,campbell,Director of Marketing,3,US,-,https://www.linkedin.com/company/interep,INTEREP,us_wide_A_vertical,US
https://www.linkedin.com/in/stacey-snyder-014829a,Stacey Snyder,Stacey,Snyder,Director of Marketing,3,US,-,https://www.linkedin.com/company/intellitec-college,IntelliTec College,us_wide_B_othertag,US
https://www.linkedin.com/in/jeanne-stark-mba-58738710,"Jeanne Stark, MBA",Jeanne,"Stark, MBA",VP Marketing,3,US,2017-01-01,https://www.linkedin.com/company/intermatic,Intermatic,us_wide_A_vertical,US
https://www.linkedin.com/in/angela-fourdyce-1882168,Angela Fourdyce,Angela,Fourdyce,Director of Marketing,3,US,2024-08-01,https://www.linkedin.com/company/intermatic,Intermatic,us_wide_A_vertical,US
https://www.linkedin.com/in/cristy-landrey-2515a923,Cristy Landrey,Cristy,Landrey,Channel Marketing Manager,1,US,2014-02-01,https://www.linkedin.com/company/intermatic,Intermatic,us_wide_A_vertical,US
https://www.linkedin.com/in/gustavo-andrade-19106259,Gustavo Andrade,Gustavo,Andrade,Director of Network Development & Operations,1,US,2023-08-01,https://www.linkedin.com/company/theinternationalmotors,International,us_wide_A_vertical,US
https://www.linkedin.com/in/ashley-r-rush,Ashley Rush,Ashley,Rush,Senior Manager - Network Development,1,US,2025-01-01,https://www.linkedin.com/company/theinternationalmotors,International,us_wide_A_vertical,US
https://www.linkedin.com/in/jill-singleton-a5269315,Jill Singleton,Jill,Singleton,Director of General Marketing and Public Relations,3,US,2024-12-01,https://www.linkedin.com/company/intermountain-farmers-association,Intermountain Farmers Association (IFA),us_wide_A_vertical,US
https://www.linkedin.com/in/a-khatibi-50138319,A. Khatibi,A.,Khatibi,"SVP, Marketing",3,US,1995-01-01,https://www.linkedin.com/company/ilfc,International Lease Finance Corporation,us_wide_B_othertag,US
https://www.linkedin.com/in/anthony-balkonis-7708b67,Anthony Balkonis,Anthony,Balkonis,Vice President Network Development & Operations,1,US,2025-01-01,https://www.linkedin.com/company/theinternationalmotors,International,us_wide_A_vertical,US
https://www.linkedin.com/in/michaeldoeden,Michael Doeden,Michael,Doeden,"Vice President, Product Marketing",3,US,2025-01-01,https://www.linkedin.com/company/theinternationalmotors,International,us_wide_A_vertical,US
https://www.linkedin.com/in/aaron-schmissrauter-6661706a,Aaron Schmissrauter,Aaron,Schmissrauter,Director of Sales Marketing,3,US,2023-02-01,https://www.linkedin.com/company/interpak-llc,"Interpak, LLC",us_wide_B_othertag,US
https://www.linkedin.com/in/brookemaynard,Brooke Maynard,Brooke,Maynard,Vice President Marketing,3,US,2026-03-01,https://www.linkedin.com/company/interplaylearning,Interplay Learning,us_wide_A_vertical,US
https://www.linkedin.com/in/powersla,Laura Powers,Laura,Powers,Senior Director of Product Marketing,3,US,2021-12-01,https://www.linkedin.com/company/interplaylearning,Interplay Learning,us_wide_A_vertical,US
https://www.linkedin.com/in/heatherstreetmarketingleader,Heather Street,Heather,Street,"Vice President, Brand & Marketing Activation",3,US,2020-10-01,https://www.linkedin.com/company/theinternationalmotors,International,us_wide_A_vertical,US
https://www.linkedin.com/in/andrewrhanson,Andrew Hanson,Andrew,Hanson,"Director, Marketing",3,US,2022-06-01,https://www.linkedin.com/company/theinternationalmotors,International,us_wide_A_vertical,US
https://www.linkedin.com/in/adamruxton1,Adam Ruxton,Adam,Ruxton,"Director of Marketing & Comms at Intrinsic, a Google AI robotics group",3,US,2021-07-01,https://www.linkedin.com/company/intrinsic,Intrinsic Innovation LLC,us_wide_B_othertag,US
https://www.linkedin.com/in/silviaddv,Silvia de Denaro Vieira,Silvia,de Denaro Vieira,Partner & Product Marketing Manager,1,US,2025-10-01,https://www.linkedin.com/company/intrinsic,Intrinsic Innovation LLC,us_wide_B_othertag,US
https://www.linkedin.com/in/damien-keena-59119836,Damien Keena,Damien,Keena,Director of Product Marketing - On-Highway Trucks,3,US,2026-02-01,https://www.linkedin.com/company/theinternationalmotors,International,us_wide_A_vertical,US
https://www.linkedin.com/in/kurt-covine-17406515,Kurt Covine,Kurt,Covine,Chief Marketing Officer and Divisional President,3,US,2025-02-01,https://www.linkedin.com/company/invioautomation,Invio Automation,us_wide_B_othertag,US
https://www.linkedin.com/in/helenhofmann,Helen Hofmann,Helen,Hofmann,Head of Marketing & Communications,2,FI,2024-10-01,https://www.linkedin.com/company/ioncor,IONCOR,us_wide_A_vertical,US
https://www.linkedin.com/in/jasonfisherthefishtank,Jason F.,Jason,F.,Vice President of Marketing & Client Service,3,US,2022-01-01,https://www.linkedin.com/company/intertape-polymer-group,IPG,us_wide_B_othertag,US
https://www.linkedin.com/in/shawnnelsonipg,Shawn P. Nelson,Shawn P.,Nelson,SVP Sales & Marketing,3,US,1995-08-01,https://www.linkedin.com/company/intertape-polymer-group,IPG,us_wide_B_othertag,US
https://www.linkedin.com/in/tinacesnik,Tina Cesnik,Tina,Cesnik,Director of E-Commerce and Marketing,3,US,2021-01-01,https://www.linkedin.com/company/iragreen,Ira Green Inc.,us_wide_A_vertical,US
https://www.linkedin.com/in/emily-barnes-a1812510,Emily Barnes,Emily,Barnes,Director of Marketing,3,US,2002-01-01,https://www.linkedin.com/company/irbyco,Irby Co.,us_wide_A_vertical,US
https://www.linkedin.com/in/danny-yanosko-509047154,Danny Yanosko,Danny,Yanosko,Director of Marketing,3,US,2025-01-01,https://www.linkedin.com/company/imibuilds,"Irving Materials, Inc.",us_wide_A_vertical,US
https://www.linkedin.com/in/heathermleber,Heather L.,Heather,L.,Vice President Marketing,3,US,2024-04-01,https://www.linkedin.com/company/isco-industries,"ISCO Industries, Inc.",us_wide_A_vertical,US
https://www.linkedin.com/in/stephen-boggess,Stephen Boggess,Stephen,Boggess,Business Development Leader - Market Expansion and Key Partnerships,1,US,2025-01-01,https://www.linkedin.com/company/isco-industries,"ISCO Industries, Inc.",us_wide_A_vertical,US
https://www.linkedin.com/in/cynthia-wong-mogford-32013a2,Cynthia Wong Mogford,Cynthia,Wong Mogford,Director of Marketing Communications,2,US,2005-01-01,https://www.linkedin.com/company/intertape-polymer-group,IPG,us_wide_B_othertag,US
https://www.linkedin.com/in/alexander-mueller-1382938,Alexander Mueller,Alexander,Mueller,VP Brand Marketing,3,US,2018-01-01,https://www.linkedin.com/company/itg-brands,ITG Brands,us_wide_B_othertag,US
https://www.linkedin.com/in/adamreiter,Adam Reiter,Adam,Reiter,"Senior Director Brand Marketing, MMC",3,US,2023-11-01,https://www.linkedin.com/company/itg-brands,ITG Brands,us_wide_B_othertag,US
https://www.linkedin.com/in/angela-r-bradley-454ab111,Angela R. Bradley,Angela R.,Bradley,Director of Trade Marketing,3,US,2026-04-01,https://www.linkedin.com/company/itg-brands,ITG Brands,us_wide_B_othertag,US
https://www.linkedin.com/in/tibbits-glen-0098415,glen tibbits,glen,tibbits,"SVP Marketing, Performance Marketing, Digital and E-Commerce",3,US,2018-10-01,https://www.linkedin.com/company/itg-brands,ITG Brands,us_wide_B_othertag,US
https://www.linkedin.com/in/laurencrichmond,Lauren Richmond,Lauren,Richmond,Director of Brand Marketing | General Manager,3,US,2024-01-01,https://www.linkedin.com/company/itg-brands,ITG Brands,us_wide_B_othertag,US
https://www.linkedin.com/in/mimiqzhang,Mimi Zhang,Mimi,Zhang,"Director, Product Management, Networked Solutions",1,US,2019-03-01,https://www.linkedin.com/company/itroninc,"Itron, Inc.",us_wide_B_othertag,US
https://www.linkedin.com/in/robmcmahon,Rob McMahon,Rob,McMahon,Director of Product Management - Networking Technologies,1,US,2014-11-01,https://www.linkedin.com/company/itroninc,"Itron, Inc.",us_wide_B_othertag,US
https://www.linkedin.com/in/marinadonovan,Marina Donovan,Marina,Donovan,"Vice President Global Marketing, ESG and Public Affairs",3,US,2018-01-01,https://www.linkedin.com/company/itroninc,"Itron, Inc.",us_wide_B_othertag,US
https://www.linkedin.com/in/rjmiles,Richard Miles,Richard,Miles,Senior Marketing & Communications Manager,2,GB,2014-02-01,https://www.linkedin.com/company/itt-cannon,ITT Cannon,us_wide_B_othertag,US
https://www.linkedin.com/in/cath%c3%a9rine-caroline-h-35435619,Cathérine-Caroline H.,Cathérine-Caroline,H.,Distribution Marketing Manager North America & EMEA,1,DE,2025-01-01,https://www.linkedin.com/company/itt-cannon,ITT Cannon,us_wide_B_othertag,US
https://www.linkedin.com/in/toddblair,Todd Blair,Todd,Blair,Senior Director of Marketing,3,US,2016-09-01,https://www.linkedin.com/company/itw-food-equipment-group,ITW Food Equipment Group,us_wide_A_vertical,US
https://www.linkedin.com/in/ray-peden-88680134,Ray Peden,Ray,Peden,"Vice President, Dealer Sales – U.S. FEG Sales & Marketing",1,US,2025-09-01,https://www.linkedin.com/company/itw-food-equipment-group,ITW Food Equipment Group,us_wide_A_vertical,US
https://www.linkedin.com/in/rafaelgreyes,Rafael Reyes,Rafael,Reyes,Director of Sales & Marketing - Global Weigh Wrap Division,3,US,2026-01-01,https://www.linkedin.com/company/itw-food-equipment-group,ITW Food Equipment Group,us_wide_A_vertical,US
https://www.linkedin.com/in/lauren-davies18,Lauren Davies,Lauren,Davies,"Director, Digital Marketing & Trade Shows",3,US,2022-09-01,https://www.linkedin.com/company/itw-food-equipment-group,ITW Food Equipment Group,us_wide_A_vertical,US
https://www.linkedin.com/in/martin-gilchrist-7095343,Martin Gilchrist,Martin,Gilchrist,Director of Strategic Marketing,3,US,2023-04-01,https://www.linkedin.com/company/itw-hartness,ITW Hartness,us_wide_B_othertag,US
https://www.linkedin.com/in/donna-spicer-273aab41,Donna Spicer,Donna,Spicer,Director of Marketing 2016 to Present/ Marketing Manager 2014-2016,3,US,2016-02-01,https://www.linkedin.com/company/itw-paslode,ITW Paslode,us_wide_B_othertag,US
https://www.linkedin.com/in/katie-mcshane-84741b10b,Katie McShane,Katie,McShane,Senior Services Partner Manager / Sr. Program Manager- EMEA,1,GB,2024-05-01,https://www.linkedin.com/company/itroninc,"Itron, Inc.",us_wide_B_othertag,US
https://www.linkedin.com/in/art-anderson-538768,Art Anderson,Art,Anderson,Network Program Manager,1,US,2018-03-01,https://www.linkedin.com/company/itroninc,"Itron, Inc.",us_wide_B_othertag,US
https://www.linkedin.com/in/nathalie-viallix,Nathalie Viallix,Nathalie,Viallix,Senior Marketing & Communications EMEA Director at Itron,2,FR,2019-09-01,https://www.linkedin.com/company/itroninc,"Itron, Inc.",us_wide_B_othertag,US
https://www.linkedin.com/in/marla-millikin-blackwell-ba12259,Marla Millikin Blackwell,Marla,Millikin Blackwell,"Director of Brand Marketing, Winston",3,US,2022-05-01,https://www.linkedin.com/company/itg-brands,ITG Brands,us_wide_B_othertag,US
https://www.linkedin.com/in/laura-clerkin-41b89a19,Laura Clerkin,Laura,Clerkin,"Director, Product Marketing & Sales Enablement, Networked Solutions",1,US,2023-12-01,https://www.linkedin.com/company/itroninc,"Itron, Inc.",us_wide_B_othertag,US
https://www.linkedin.com/in/svo1905,Drew Davis,Drew,Davis,Global Channel Partner Marketing Manager,1,US,2023-01-01,https://www.linkedin.com/company/itroninc,"Itron, Inc.",us_wide_B_othertag,US
https://www.linkedin.com/in/ty-roberts-13b5ab6,Ty Roberts,Ty,Roberts,"Vice President of Marketing, Networked Solutions",1,US,2017-08-01,https://www.linkedin.com/company/itroninc,"Itron, Inc.",us_wide_B_othertag,US
https://www.linkedin.com/in/fanilemken,Fani Lovett,Fani,Lovett,"Senior Manager, Marketing Communications & Sales Enablement",2,US,2026-05-01,https://www.linkedin.com/company/itroninc,"Itron, Inc.",us_wide_B_othertag,US
https://www.linkedin.com/in/becca-jones-marketing,Becca Jones,Becca,Jones,"Senior Marketing Communications Manager, Outcomes",2,US,2018-09-01,https://www.linkedin.com/company/itroninc,"Itron, Inc.",us_wide_B_othertag,US
https://www.linkedin.com/in/keith-sorrell-a9612a1,Keith Sorrell,Keith,Sorrell,Marketing Communications Manager,2,US,2007-03-01,https://www.linkedin.com/company/j.m.-huber-corporation,J.M. Huber Corporation,us_wide_A_vertical,US
https://www.linkedin.com/in/chris-marlin-6985b735,Chris Marlin,Chris,Marlin,Network Manager,1,US,2025-01-01,https://www.linkedin.com/company/jbpoindexterco,J.B. Poindexter & Co,us_wide_A_vertical,US
https://www.linkedin.com/in/dan-starishevsky-8553867,Dan Starishevsky,Dan,Starishevsky,"SVP, Marketing",3,US,2004-02-01,https://www.linkedin.com/company/jackson,Jackson,us_wide_A_vertical,US
https://www.linkedin.com/in/juan-alemany-6a59b51,Juan Alemany,Juan,Alemany,"Director, Network Analysis",1,US,2018-01-01,https://www.linkedin.com/company/itroninc,"Itron, Inc.",us_wide_B_othertag,US
https://www.linkedin.com/in/heonpark,Harold Park,Harold,Park,Senior Network Architect/Manager,1,US,2020-07-01,https://www.linkedin.com/company/j.m.-huber-corporation,J.M. Huber Corporation,us_wide_A_vertical,US
https://www.linkedin.com/in/barbara-halverstadt-9307577,Barbara Halverstadt,Barbara,Halverstadt,Chief Marketing Officer,3,US,2006-01-01,https://www.linkedin.com/company/jacksonvilleaviationauthority,Jacksonville Aviation Authority,us_wide_B_othertag,US
https://www.linkedin.com/in/paulpare,Paul F. Pare',Paul F.,Pare',"Director, Marketing",3,US,2005-01-01,https://www.linkedin.com/company/jacobs-vehicle-systems,Jacobs Vehicle Systems,us_wide_A_vertical,US
https://www.linkedin.com/in/coreybonnette,Corey Bonnette,Corey,Bonnette,"AVP, Digital Marketing",3,US,2025-03-01,https://www.linkedin.com/company/jackson,Jackson,us_wide_A_vertical,US
https://www.linkedin.com/in/haileykphillips,"Hailey Phillips, MBA",Hailey,"Phillips, MBA",Distribution Marketing Portfolio & Process Manager,1,US,2025-05-01,https://www.linkedin.com/company/jackson,Jackson,us_wide_A_vertical,US
https://www.linkedin.com/in/jetaun-roland-msimc-1285106,"Jetaun Roland, MSIMC",Jetaun,"Roland, MSIMC","Director, Strategic Marketing Initiatives & Partnerships",1,US,-,https://www.linkedin.com/company/jackson,Jackson,us_wide_A_vertical,US
https://www.linkedin.com/in/sarastadtmiller,Sara Stadtmiller,Sara,Stadtmiller,"Manager, Portfolio & Process Management | Distribution Marketing",1,US,2023-05-01,https://www.linkedin.com/company/jackson,Jackson,us_wide_A_vertical,US
https://www.linkedin.com/in/nikki-ellis-ochab-29b25059,Nikki Ellis Ochab,Nikki Ellis,Ochab,"AVP, Channel and Event Marketing",1,US,2026-03-01,https://www.linkedin.com/company/jackson,Jackson,us_wide_A_vertical,US
https://www.linkedin.com/in/jason-hulsman-1ab7a114,Jason Hulsman,Jason,Hulsman,Director of Marketing,3,US,2017-07-01,https://www.linkedin.com/company/jasper-engines-&-transmissions,Jasper Engines & Transmissions,us_wide_A_vertical,US
https://www.linkedin.com/in/lisa-wessels-5145188,Lisa Wessels,Lisa,Wessels,"Director of Marketing, Global Fresh Group",3,US,2022-07-01,https://www.linkedin.com/company/jbt-corporation,JBT Corporation,us_wide_B_othertag,US
https://www.linkedin.com/in/mike-garlick-99893a25,Mike Garlick,Mike,Garlick,Director - Sales & Marketing,3,US,2009-01-01,https://www.linkedin.com/company/jbt-corporation,JBT Corporation,us_wide_B_othertag,US
https://www.linkedin.com/in/joelmathew,Joel Mathew,Joel,Mathew,"Director, Global Network and US Infrastructure",1,US,-,https://www.linkedin.com/company/jbt-corporation,JBT Corporation,us_wide_B_othertag,US
https://www.linkedin.com/in/eric-nolten-2ba1a065,Eric Nolten,Eric,Nolten,Vice President Sales & Marketing PNA,3,US,2023-01-01,https://www.linkedin.com/company/jbt-corporation,JBT Corporation,us_wide_B_othertag,US
https://www.linkedin.com/in/josemallmann,Jose Roberto Mallmann,Jose Roberto,Mallmann,Vice President Sales and Marketing - North and Central America,3,US,2024-02-01,https://www.linkedin.com/company/jbtmarel,JBT Marel,us_wide_B_othertag,US
https://www.linkedin.com/in/brooke-whitehurst,Brooke Whitehurst,Brooke,Whitehurst,Associate Manager Product & Channel Marketing,1,US,-,https://www.linkedin.com/company/jackson,Jackson,us_wide_A_vertical,US
https://www.linkedin.com/in/chloe-gunther,Chloe Gunther,Chloe,Gunther,Channel Marketing Associate Manager,1,US,2024-03-01,https://www.linkedin.com/company/jackson,Jackson,us_wide_A_vertical,US
https://www.linkedin.com/in/hana-shanaa-b937a93,Hana Shanaa,Hana,Shanaa,director of channel marketing,1,US,-,https://www.linkedin.com/company/jcs,JCS,us_wide_A_vertical,US
https://www.linkedin.com/in/bill-bayliss-2198971b8,Bill bayliss,Bill,bayliss,Director Of Sales Marketing,3,US,-,https://www.linkedin.com/company/jbt-corporation,JBT Corporation,us_wide_B_othertag,US
https://www.linkedin.com/in/traci-anelli,Traci Anelli,Traci,Anelli,Director of Marketing,3,US,2024-04-01,https://www.linkedin.com/company/jensenbraun,JENSEN Braun,us_wide_A_vertical,US
https://www.linkedin.com/in/pamela-simonetti,Pamela Simonetti,Pamela,Simonetti,Director of Marketing,3,US,1998-03-01,https://www.linkedin.com/company/jensenbraun,JENSEN Braun,us_wide_A_vertical,US
https://www.linkedin.com/in/felicia-larsson-b2953950,Felicia Larsson,Felicia,Larsson,Global Brand & Communications Director - Interim,2,DK,2026-05-01,https://www.linkedin.com/company/jbtmarel,JBT Marel,us_wide_B_othertag,US
https://www.linkedin.com/in/robert-nicholson-524b0894,Robert Nicholson,Robert,Nicholson,Marketing & Communications Manager,2,US,2020-01-01,https://www.linkedin.com/company/jet-edge-international,Jet Edge International,us_wide_B_othertag,US
https://www.linkedin.com/in/ryan-smrkovsky-076344a0,Ryan Smrkovsky,Ryan,Smrkovsky,Vice President of Sales and Marketing,3,US,2026-01-01,https://www.linkedin.com/company/jet-specialty-inc,Jet Specialty Inc,us_wide_A_vertical,US
https://www.linkedin.com/in/isabella-rimton,Isabella Rimton,Isabella,Rimton,"Vice President, Marketing",3,US,2024-10-01,https://www.linkedin.com/company/jetsupportservices,"Jet Support Services, Inc. (JSSI)",us_wide_B_othertag,US
https://www.linkedin.com/in/lizapugh,-,-,-,"Senior Manager, Growth Marketing & Communications",2,US,2026-03-01,https://www.linkedin.com/company/jetsupportservices,"Jet Support Services, Inc. (JSSI)",us_wide_B_othertag,US
https://www.linkedin.com/in/susy-uribe,Susy Uribe,Susy,Uribe,"Sr., Director of Marketing",3,US,2008-09-01,https://www.linkedin.com/company/jetsupportservices,"Jet Support Services, Inc. (JSSI)",us_wide_B_othertag,US
https://www.linkedin.com/in/tkoleary,Terrence Kevin Oleary,Terrence Kevin,Oleary,Head Of Marketing,3,US,2021-01-01,https://www.linkedin.com/company/jetzero,JetZero,us_wide_B_othertag,US
https://www.linkedin.com/in/abe-ott,Abe Ott,Abe,Ott,Director of Marketing & Proposals,3,US,2024-12-01,https://www.linkedin.com/company/jhkelly-llc,"JH Kelly, LLC",us_wide_A_vertical,US
https://www.linkedin.com/in/april-schatte-50350236,April SCHATTE,April,SCHATTE,Senior Vice President Sales Marketing,3,US,2020-01-01,https://www.linkedin.com/company/jindal-pipe-usa-inc,"Jindal Pipe USA, Inc.",us_wide_A_vertical,US
https://www.linkedin.com/in/neal-gordon-b44453b6,Neal Gordon,Neal,Gordon,Vice President of Sales and Marketing,3,US,2008-05-01,https://www.linkedin.com/company/jm-eagle,JM Eagle,us_wide_A_vertical,US
https://www.linkedin.com/in/patel325,Hardik Patel,Hardik,Patel,Director of Marketing/Sales Support,3,US,2013-10-01,https://www.linkedin.com/company/jm-eagle,JM Eagle,us_wide_A_vertical,US
https://www.linkedin.com/in/diana-k-4bb156,Diana K.,Diana,K.,Senior Vice President Marketing,3,US,2023-07-01,https://www.linkedin.com/company/jmawireless,JMA Wireless,us_wide_B_othertag,US
https://www.linkedin.com/in/taniapatrone,"Tania Patrone, MBA",Tania,"Patrone, MBA","Director, Account Based Marketing",3,US,2024-06-01,https://www.linkedin.com/company/jmawireless,JMA Wireless,us_wide_B_othertag,US
https://www.linkedin.com/in/peggy-mahler-414566,Peggy Mahler,Peggy,Mahler,"Director, Marketing & Communications",2,US,2026-02-01,https://www.linkedin.com/company/johnson-barrow-inc-,Johnson Barrow Inc.,us_wide_A_vertical,US
https://www.linkedin.com/in/matthew-neuschafer-219710b9,Matthew Neuschafer,Matthew,Neuschafer,Director of Marketing,3,US,2025-01-01,https://www.linkedin.com/company/jonathan-engineered-solutions,Jonathan Engineered Solutions,us_wide_A_vertical,US
https://www.linkedin.com/in/lauragordonmyers,Laura Myers,Laura,Myers,Director of Marketing - Jones Sports,3,US,2021-06-01,https://www.linkedin.com/company/jones-sports-venues,Jones Sports,us_wide_A_vertical,US
https://www.linkedin.com/in/brucembailey,Bruce Bailey,Bruce,Bailey,"Director, Marketing Ops, Campaigns & Events",3,US,2023-01-01,https://www.linkedin.com/company/jmawireless,JMA Wireless,us_wide_B_othertag,US
https://www.linkedin.com/in/matthewhornick,Matthew Hornick,Matthew,Hornick,Vice President - Sales and Marketing,3,US,2023-08-01,https://www.linkedin.com/company/judd-wire-inc-,"Judd Wire, Inc.",us_wide_B_othertag,US
https://www.linkedin.com/in/mansurtokmouline,Mansur Tokmouline,Mansur,Tokmouline,VP Marketing & Digital,3,US,2026-07-01,https://www.linkedin.com/company/justrite-safety,Justrite Safety Group,us_wide_A_vertical,US
https://www.linkedin.com/in/dan-hacker,Dan Hacker,Dan,Hacker,Director of Channel Development,1,US,2024-01-01,https://www.linkedin.com/company/justrite-safety,Justrite Safety Group,us_wide_A_vertical,US
https://www.linkedin.com/in/kevinzcasey,Kevin Casey,Kevin,Casey,"Director, Channel Marketing and Merchandising",1,US,2025-02-01,https://www.linkedin.com/company/justrite-safety,Justrite Safety Group,us_wide_A_vertical,US
https://www.linkedin.com/in/giselledirckx,Giselle Dirckx,Giselle,Dirckx,Vice President of Strategic Marketing,3,NL,2023-05-01,https://www.linkedin.com/company/justrite-safety,Justrite Safety Group,us_wide_A_vertical,US
https://www.linkedin.com/in/mary-mcgill-89512836,Mary McGill,Mary,McGill,Channel Development Director,1,US,2024-11-01,https://www.linkedin.com/company/justrite-safety,Justrite Safety Group,us_wide_A_vertical,US
https://www.linkedin.com/in/shleegeered,Ashley G.,Ashley,G.,Channel Marketing Manager,1,US,2026-01-01,https://www.linkedin.com/company/justrite-safety,Justrite Safety Group,us_wide_A_vertical,US
https://www.linkedin.com/in/daniellemcfadden,Danielle McFadden,Danielle,McFadden,Director of Marketing & Creative Strategy,3,US,2026-04-01,https://www.linkedin.com/company/jvisusallc,JVIS USA,us_wide_B_othertag,US
https://www.linkedin.com/in/jordan-b-678015302,Jordan B.,Jordan,B.,eCommerce Channel Marketing Manager,1,US,2026-05-01,https://www.linkedin.com/company/justrite-safety,Justrite Safety Group,us_wide_A_vertical,US
https://www.linkedin.com/in/vpatel360,Vaishali Patel,Vaishali,Patel,Director of Marketing and Sales Strategy,3,US,2025-02-01,https://www.linkedin.com/company/kaman-corporation,Kaman Corporation,us_wide_A_vertical,US
https://www.linkedin.com/in/jameswrand,Jamie Rand,Jamie,Rand,Director of Product Marketing,3,US,2024-12-01,https://www.linkedin.com/company/kanaflex-corporation-usa,Kanaflex Corporation - USA,us_wide_A_vertical,US
https://www.linkedin.com/in/bob-o-brien-b2b7152,Bob O'Brien,Bob,O'Brien,Sr. Director of Global & Domestic Marketing,3,US,2024-04-01,https://www.linkedin.com/company/kawasaki-motors-corp.-u.s.a.,"Kawasaki Motors Corp., U.S.A.",us_wide_B_othertag,US
https://www.linkedin.com/in/scott-dallavo-39871816,Scott Dallavo,Scott,Dallavo,Senior Director Of Marketing,3,US,2022-05-01,https://www.linkedin.com/company/kcrw,KCRW,us_wide_B_othertag,US
https://www.linkedin.com/in/alexandra-castle-bb329196,Alexandra Castle,Alexandra,Castle,"Director, Marketing & Member Growth",3,US,2025-01-01,https://www.linkedin.com/company/kcrw,KCRW,us_wide_B_othertag,US
https://www.linkedin.com/in/sarahpokorney,Sarah Pokorney,Sarah,Pokorney,Marketing Communications Manager,2,US,2024-06-01,https://www.linkedin.com/company/kearfott-corporation,Kearfott Corporation,us_wide_B_othertag,US
https://www.linkedin.com/in/gary-jet-johnson-a7850311,"Gary ""Jet"" Johnson","Gary ""Jet""",Johnson,VP Sales/Marketing,3,US,1973-09-01,https://www.linkedin.com/company/kawasaki-motors-corp.-u.s.a.,"Kawasaki Motors Corp., U.S.A.",us_wide_B_othertag,US
https://www.linkedin.com/in/nick-kovacic-3b10999,Nick Kovacic,Nick,Kovacic,Vice President Sales and Marketing,3,US,2025-01-01,https://www.linkedin.com/company/keltecinc,KELTEC Industrial Filtration,us_wide_A_vertical,US
https://www.linkedin.com/in/saraahenning,Sara Henning,Sara,Henning,Channel Marketing Manager,1,US,2026-07-01,https://www.linkedin.com/company/keltecinc,KELTEC Industrial Filtration,us_wide_A_vertical,US
https://www.linkedin.com/in/dan-walter7,Dan Walter,Dan,Walter,Director of Product Management and Marketing,3,US,2025-11-01,https://www.linkedin.com/company/kenall-lighting,Kenall Lighting,us_wide_B_othertag,US
https://www.linkedin.com/in/bill-blackley-63155217,Bill Blackley,Bill,Blackley,Director of Product Marketing,3,US,2013-03-01,https://www.linkedin.com/company/kenall-lighting,Kenall Lighting,us_wide_B_othertag,US
https://www.linkedin.com/in/joanne-cummins-ab692220,Joanne Cummins,Joanne,Cummins,Director of Marketing Communications,2,US,2011-03-01,https://www.linkedin.com/company/kenall-lighting,Kenall Lighting,us_wide_B_othertag,US
https://www.linkedin.com/in/tom-harper-b181548,Tom Harper,Tom,Harper,"Vice President, Sales, Marketing & Business Development",3,US,1998-10-01,https://www.linkedin.com/company/kentucky-trailer,Kentucky Trailer,us_wide_A_vertical,US
https://www.linkedin.com/in/tom-harper-a248199,Tom Harper,Tom,Harper,"Director, Sales & Marketing",3,US,-,https://www.linkedin.com/company/kentucky-trailer,Kentucky Trailer,us_wide_A_vertical,US
https://www.linkedin.com/in/jalali,Jalali Hartman,Jalali,Hartman,Director of AI & Marketing,3,US,2026-04-01,https://www.linkedin.com/company/kept-companies,Kept Companies,us_wide_A_vertical,US
https://www.linkedin.com/in/aidan-smith-8659a312,Aidan Smith,Aidan,Smith,Head of Product Marketing,3,US,2025-10-01,https://www.linkedin.com/company/kern-liebers-usa,KERN-LIEBERS USA,us_wide_B_othertag,US
https://www.linkedin.com/in/cvanbuchem,Carel van Buchem,Carel,van Buchem,Director of Sales and Marketing,3,NL,2023-01-01,https://www.linkedin.com/company/key-technology-incorporated,Key Technology,us_wide_A_vertical,US
https://www.linkedin.com/in/andy-morgan-a31bab11,Andy Morgan,Andy,Morgan,Senior Director of Marketing & Director of Specialty Products Group,3,US,2025-03-01,https://www.linkedin.com/company/keystone-automotive-operations,Keystone Automotive Operations,us_wide_B_othertag,US
https://www.linkedin.com/in/joseph-dimattio-b081322b,Joseph DiMattio,Joseph,DiMattio,Network Manager,1,US,2010-01-01,https://www.linkedin.com/company/keystone-automotive-operations,Keystone Automotive Operations,us_wide_B_othertag,US
https://www.linkedin.com/in/kaschak,David Kaschak,David,Kaschak,Vice President Sales Marketing,3,US,2024-06-01,https://www.linkedin.com/company/keystone-powdered-metal-company,Keystone Powdered Metal Company,us_wide_A_vertical,US
https://www.linkedin.com/in/michael-stauffer-15603556,Michael Stauffer,Michael,Stauffer,VP Sales and Marketing,3,US,1985-01-01,https://www.linkedin.com/company/keystone-powdered-metal-company,Keystone Powdered Metal Company,us_wide_A_vertical,US
https://www.linkedin.com/in/michael-werner-a67107b4,Michael Werner,Michael,Werner,Vice President Sales and Marketing,3,US,2015-07-01,https://www.linkedin.com/company/keystone-powdered-metal-company,Keystone Powdered Metal Company,us_wide_A_vertical,US
https://www.linkedin.com/in/nick-johnson-a675b220,Nick Johnson,Nick,Johnson,Vice President Marketing,3,US,2024-10-01,https://www.linkedin.com/company/keystone-rv,Keystone RV,us_wide_A_vertical,US
https://www.linkedin.com/in/ana-carolina-almeida-8665b129,Ana Carolina Almeida,Ana Carolina,Almeida,Executive Director Sales and Marketing,3,US,2024-11-01,https://www.linkedin.com/company/ki-industries,"KI Industries, Inc.",us_wide_B_othertag,US
https://www.linkedin.com/in/dan-woods-55b4791b,Dan Woods,Dan,Woods,Executive Vice President Sales and Marketing,3,US,2015-01-01,https://www.linkedin.com/company/ki-industries,"KI Industries, Inc.",us_wide_B_othertag,US
https://www.linkedin.com/in/henry-faller-0a3b7034,Henry Faller,Henry,Faller,VP Marketing and Sales,3,US,-,https://www.linkedin.com/company/ki-industries,"KI Industries, Inc.",us_wide_B_othertag,US
https://www.linkedin.com/in/cktopalli,Cigdem Topalli,Cigdem,Topalli,Senior Vice President of Global Marketing,3,US,2026-06-01,https://www.linkedin.com/company/kids-ii,Kids2,us_wide_A_vertical,US
https://www.linkedin.com/in/jamie-smyth-234a00b8,Jamie Smyth,Jamie,Smyth,Director of Sales & Marketing - UK & Europe,3,GB,2025-08-01,https://www.linkedin.com/company/killick-aerospace,Killick Aerospace,us_wide_B_othertag,US
https://www.linkedin.com/in/andrew-orben-4b884b,Andrew Orben,Andrew,Orben,SVP- Business Development and Marketing,3,US,2024-06-01,https://www.linkedin.com/company/kinetic-engine-systems,Kinetic Engine Systems,us_wide_B_othertag,US
https://www.linkedin.com/in/mark-mccrory-34b5aa1a,Mark McCrory,Mark,McCrory,Network Manager,1,US,-,https://www.linkedin.com/company/kirby-building-systems-a-nucor-company,"Kirby Building Systems, A Nucor Company",us_wide_A_vertical,US
https://www.linkedin.com/in/dimitra-balafoutis-3a465961,Dimitra Balafoutis,Dimitra,Balafoutis,Director of Marketing,3,US,2025-11-01,https://www.linkedin.com/company/kirby-smith-machinery,"Kirby-Smith Machinery, Inc.",us_wide_A_vertical,US
https://www.linkedin.com/in/davewootton,Dave Wootton,Dave,Wootton,Director - Global Aftermarket Sales & Marketing,3,US,-,https://www.linkedin.com/company/kmt-waterjet-systems,KMT Waterjet,us_wide_A_vertical,US
https://www.linkedin.com/in/chrisdraegerlovesmarketing,Chris Draeger,Chris,Draeger,Director of Marketing,3,US,2024-07-01,https://www.linkedin.com/company/knapp-north-america,KNAPP North America,us_wide_A_vertical,US
https://www.linkedin.com/in/brittneylutjen,Brittney Lutjen,Brittney,Lutjen,Director of Marketing,3,US,2026-06-01,https://www.linkedin.com/company/knobelsdorff-enterprises,Knobelsdorff,us_wide_A_vertical,US
https://www.linkedin.com/in/mehul-kochar-9155632,Mehul Kochar,Mehul,Kochar,"Head of Asia Sales, Marketing & Business Development Specialty Audio BU at Knowles",3,US,2025-01-01,https://www.linkedin.com/company/knowles-electronics,Knowles Corporation,us_wide_B_othertag,US
https://www.linkedin.com/in/jennifer-daprato-2754558,Jennifer Daprato,Jennifer,Daprato,Distribution Marketing Manager,1,US,2018-02-01,https://www.linkedin.com/company/knowles-electronics,Knowles Corporation,us_wide_B_othertag,US
https://www.linkedin.com/in/jason-prior-34a2589,Jason Prior,Jason,Prior,Vice President Marketing,3,US,2026-01-01,https://www.linkedin.com/company/klein-tools,Klein Tools,us_wide_A_vertical,US
https://www.linkedin.com/in/abby-ceppos-2771a02,Abby Ceppos,Abby,Ceppos,Associate Director Marketing,3,US,2005-01-01,https://www.linkedin.com/company/klein-tools,Klein Tools,us_wide_A_vertical,US
https://www.linkedin.com/in/ab-ceppos-80951896,Ab Ceppos,Ab,Ceppos,"Associate Director, Marketing",3,US,2005-06-01,https://www.linkedin.com/company/klein-tools,Klein Tools,us_wide_A_vertical,US
https://www.linkedin.com/in/lcifuentesldr,Luis Cifuentes,Luis,Cifuentes,Vice President of Sales and Marketing,3,US,2023-01-01,https://www.linkedin.com/company/komline,Komline,us_wide_A_vertical,US
https://www.linkedin.com/in/crawfordkris,Kris Crawford,Kris,Crawford,Director of Marketing,3,US,2025-01-01,https://www.linkedin.com/company/komline,Komline,us_wide_A_vertical,US
https://www.linkedin.com/in/delphinecornic,Delphine Cornic,Delphine,Cornic,RESPONSABLE MARKETING COMMUNICATION,2,FR,2020-09-01,https://www.linkedin.com/company/kpm-analytics,KPM Analytics,us_wide_A_vertical,US
https://www.linkedin.com/in/ashleigh-martin-mba,Ashleigh Martin,Ashleigh,Martin,Director of Marketing,3,US,2019-10-01,https://www.linkedin.com/company/kps-global-llc,KPS Global LLC,us_wide_B_othertag,US
https://www.linkedin.com/in/holly-shadel-10582912a,Holly Shadel,Holly,Shadel,Associate Director of Marketing,3,US,2026-04-01,https://www.linkedin.com/company/kps-global-llc,KPS Global LLC,us_wide_B_othertag,US
https://www.linkedin.com/in/pedro-morales-059989232,Pedro Morales,Pedro,Morales,Director of Sales and Marketing,3,US,-,https://www.linkedin.com/company/kwplastics,KW Plastics,us_wide_A_vertical,US
https://www.linkedin.com/in/paul-carlsen-3561537,Paul Carlsen,Paul,Carlsen,Vice President - Corporate Marketing,3,US,2019-06-01,https://www.linkedin.com/company/kurt-manufacturing,Kurt Manufacturing,us_wide_A_vertical,US
https://www.linkedin.com/in/courtneybesier,Courtney Besier,Courtney,Besier,"Director, Marketing & Communications",2,US,2026-01-01,https://www.linkedin.com/company/kymera-international,Kymera International,us_wide_B_othertag,US
https://www.linkedin.com/in/kendralippincott,Kendra Lippincott,Kendra,Lippincott,"Vice President, Strategic Marketing",3,US,2023-01-01,https://www.linkedin.com/company/kymera-international,Kymera International,us_wide_B_othertag,US
https://www.linkedin.com/in/mark-gardiner-6b797320,Mark Gardiner,Mark,Gardiner,Vice President of Marketing,3,US,2022-02-01,https://www.linkedin.com/company/kyocera-sgs-precision-tools,KYOCERA SGS Precision Tools,us_wide_B_othertag,US
https://www.linkedin.com/in/soroush-adib-8398b428,Soroush Adib,Soroush,Adib,Vice President of Sales and Marketing,3,US,2023-06-01,https://www.linkedin.com/company/l-s-electric-inc,"L & S Electric, Inc.",us_wide_A_vertical,US
https://www.linkedin.com/in/tom-w-819b3162,Tom W.,Tom,W.,Vice President of Sales and Marketing,3,US,2022-02-01,https://www.linkedin.com/company/kysorwarren,Kysor Warren,us_wide_A_vertical,US
https://www.linkedin.com/in/dustin-roush-85b986207,Dustin Roush,Dustin,Roush,Vice President Sales Marketing,3,US,2007-12-01,https://www.linkedin.com/company/l&h-industrial-inc-,"L&H Industrial, Inc.",us_wide_B_othertag,US
https://www.linkedin.com/in/andreadewildesmith,Andrea Smith,Andrea,Smith,Global Marketing Communications Manager,2,US,2019-06-01,https://www.linkedin.com/company/l&l-products,L&L Products,us_wide_A_vertical,US
https://www.linkedin.com/in/mary-ann-kleinfelter-52b96b5,Mary Ann Kleinfelter,Mary Ann,Kleinfelter,Director of Marketing,3,US,-,https://www.linkedin.com/company/l-com,L-com Global Connectivity,us_wide_B_othertag,US
https://www.linkedin.com/in/daniel-e-ward,Daniel Ward,Daniel,Ward,Executive Vice President of Sales & Marketing,3,US,2012-01-01,https://www.linkedin.com/company/l-e-jones,L.E. Jones Company,us_wide_A_vertical,US
https://www.linkedin.com/in/olivier-bayard-4a35a82,Olivier Bayard,Olivier,Bayard,Network Manager,1,FR,2000-01-01,https://www.linkedin.com/company/lacie,LaCie,us_wide_B_othertag,US
https://www.linkedin.com/in/jeffmadden,Jeff Madden,Jeff,Madden,Director of Marketing,3,US,2025-01-01,https://www.linkedin.com/company/labconco,Labconco Corporation,us_wide_A_vertical,US
https://www.linkedin.com/in/tony-radoszewski-26502713,Tony Radoszewski,Tony,Radoszewski,Senior Vice President Marketing and Communications,3,US,2024-09-01,https://www.linkedin.com/company/lane-enterprises-inc.,"Lane Enterprises, LLC",us_wide_A_vertical,US
https://www.linkedin.com/in/quy-doan-454b7b57,Quy Doan,Quy,Doan,Network Operations Manager,1,US,2023-10-01,https://www.linkedin.com/company/lane-enterprises-inc.,"Lane Enterprises, LLC",us_wide_A_vertical,US
https://www.linkedin.com/in/christineneal,Christine Neal,Christine,Neal,"Senior Director, Integrated Marketing Communications",2,US,2025-04-01,https://www.linkedin.com/company/lansinoh,Lansinoh Laboratories,us_wide_A_vertical,US
https://www.linkedin.com/in/katherine-lindsey-14a21427,Katherine Lindsey,Katherine,Lindsey,"Sr. Director, Marketing Strategy & Creative",3,US,2024-08-01,https://www.linkedin.com/company/lansinoh,Lansinoh Laboratories,us_wide_A_vertical,US
https://www.linkedin.com/in/nathanreel,Nathan Reel,Nathan,Reel,Senior Director of eCommerce and Growth Marketing,3,US,2024-11-01,https://www.linkedin.com/company/lansinoh,Lansinoh Laboratories,us_wide_A_vertical,US
https://www.linkedin.com/in/robert-j-tack-1b65732,Robert J. Tack,Robert J.,Tack,"Vice President, Marketing & E-Commerce",3,US,2025-12-01,https://www.linkedin.com/company/lawson-products,Lawson Products,us_wide_A_vertical,US
https://www.linkedin.com/in/jim-oday-423753a,Jim ODay,Jim,ODay,Executive VP Sales Marketing and Business Development Le Seuer and Craft pattern and Mold,3,US,2025-02-01,https://www.linkedin.com/company/lesueur-incorporated,Le Sueur Incorporated,us_wide_A_vertical,US
https://www.linkedin.com/in/rick-fleck-240a5a1b,Rick Fleck,Rick,Fleck,Director of Sales and Marketing,3,US,1993-10-01,https://www.linkedin.com/company/lesueur-incorporated,Le Sueur Incorporated,us_wide_A_vertical,US
https://www.linkedin.com/in/sariwinick,Sari Winick,Sari,Winick,"Chief Marketing Officer, Learning Resources and hand2mind",3,US,2021-07-01,https://www.linkedin.com/company/learning-resources,Learning Resources,us_wide_B_othertag,US
https://www.linkedin.com/in/davidwpalmer,David Palmer,David,Palmer,Head of Marketing Services,3,US,2021-01-01,https://www.linkedin.com/company/lebanon-seaboard,Lebanon Seaboard,us_wide_A_vertical,US
https://www.linkedin.com/in/christophergraysr,Christopher Gray,Christopher,Gray,"Director of Marketing, Professional Products",3,US,2024-10-01,https://www.linkedin.com/company/lebanon-seaboard,Lebanon Seaboard,us_wide_A_vertical,US
https://www.linkedin.com/in/ann-usinger-aa3107ba,Ann Usinger,Ann,Usinger,Director of Marketing,3,US,2026-05-01,https://www.linkedin.com/company/lebanon-seaboard,Lebanon Seaboard,us_wide_A_vertical,US
https://www.linkedin.com/in/meetdaheimbecker,Dave Heimbecker,Dave,Heimbecker,Sr. VP Sales and Marketing,3,US,2023-11-01,https://www.linkedin.com/company/lebanon-seaboard,Lebanon Seaboard,us_wide_A_vertical,US
https://www.linkedin.com/in/jpoague,Janet Poague,Janet,Poague,Manager Network Services,1,US,2002-03-01,https://www.linkedin.com/company/lbfoster,LB Foster,us_wide_A_vertical,US
https://www.linkedin.com/in/kirillforin,Kirill Forin,Kirill,Forin,Director of Networking and System Integration,1,US,2022-03-01,https://www.linkedin.com/company/lee-spring,Lee Spring,us_wide_B_othertag,US
https://www.linkedin.com/in/bethdiffley,Beth Diffley,Beth,Diffley,Vice President Sales Marketing,3,US,2023-10-01,https://www.linkedin.com/company/leerinc,Leer Inc.,us_wide_A_vertical,US
https://www.linkedin.com/in/karenlgragg,Karen Gragg,Karen,Gragg,EVP of Marketing,3,US,2022-01-01,https://www.linkedin.com/company/legitscript-com,LegitScript,us_wide_A_vertical,US
https://www.linkedin.com/in/wendyhbaker,Wendy Baker,Wendy,Baker,Head of Corporate and Field Marketing Events,3,US,2025-12-01,https://www.linkedin.com/company/legitscript-com,LegitScript,us_wide_A_vertical,US
https://www.linkedin.com/in/rick-coffee-mktg,Rick Coffee,Rick,Coffee,Head of Marketing,3,US,2025-09-01,https://www.linkedin.com/company/leonard-buildings-and-truck-accessories,Leonard Truck Outfitters,us_wide_A_vertical,US
https://www.linkedin.com/in/dianne-dickey-a1076b68,Dianne Dickey,Dianne,Dickey,Vice President Sales Marketing,3,US,-,https://www.linkedin.com/company/leoch-battery-corporation,Leoch Battery Corporation,us_wide_A_vertical,US
https://www.linkedin.com/in/michelle-hauck-b334099,Michelle Hauck,Michelle,Hauck,Marketing communications Manager,2,US,-,https://www.linkedin.com/company/lawson-products,Lawson Products,us_wide_A_vertical,US
https://www.linkedin.com/in/tim-lesser-3ba7773,Tim Lesser,Tim,Lesser,Vice President of Product Development & Marketing,3,US,2022-03-01,https://www.linkedin.com/company/leupold-&-stevens-inc-,"Leupold + Stevens, Inc.",us_wide_A_vertical,US
https://www.linkedin.com/in/holmjeff,Jeff Holm,Jeff,Holm,"Manager, Marketing Communications",2,US,2022-01-01,https://www.linkedin.com/company/lg-air-conditioning-systems,LG HVAC Solutions USA,us_wide_A_vertical,US
https://www.linkedin.com/in/wesley-mcdaniel-4731167,Wesley McDaniel,Wesley,McDaniel,Senior Vice President of Sales and Marketing,3,US,2026-07-01,https://www.linkedin.com/company/liberty-lift-solutions-llc,"Liberty Lift Solutions, LLC",us_wide_A_vertical,US
https://www.linkedin.com/in/andy-hatcher-14915013b,Andy Hatcher,Andy,Hatcher,Director of Business Development and Marketing,3,US,2023-10-01,https://www.linkedin.com/company/lighthouse-electric-company-inc-,"Lighthouse Electric Company, Inc.",us_wide_A_vertical,US
https://www.linkedin.com/in/douglasschoen,Douglas Schoen,Douglas,Schoen,"SVP, Global Sales and Marketing",3,US,2026-04-01,https://www.linkedin.com/company/lightpath-technologies,LightPath Technologies,us_wide_B_othertag,US
https://www.linkedin.com/in/jimgallman,James E. Gallman,James,E. Gallman,Vice President of Marketing and General Manager,3,US,2024-01-01,https://www.linkedin.com/company/lignetics,Lignetics,us_wide_A_vertical,US
https://www.linkedin.com/in/joy-schmidt-86906022,Joy Schmidt,Joy,Schmidt,Director of Marketing Operations,3,US,2025-07-01,https://www.linkedin.com/company/lignetics,Lignetics,us_wide_A_vertical,US
https://www.linkedin.com/in/mweincouff,Maureen Weincouff,Maureen,Weincouff,Channel Business Development Manager-Packaging Equipment and Materials,1,US,2021-01-01,https://www.linkedin.com/company/linc-systems_2,LINC Systems,us_wide_B_othertag,US
https://www.linkedin.com/in/michael-butler-5935446,Michael Butler,Michael,Butler,Sr. Director of Product Management & Channel Marketing,1,US,2018-01-01,https://www.linkedin.com/company/linc-systems_2,LINC Systems,us_wide_B_othertag,US
https://www.linkedin.com/in/scott-shelton-85b9852b,Scott Shelton,Scott,Shelton,Channel Marketing Manager,1,US,2022-07-01,https://www.linkedin.com/company/linc-systems_2,LINC Systems,us_wide_B_othertag,US
https://www.linkedin.com/in/bill-andreson-8a1055154,Bill Andreson,Bill,Andreson,Vice President of Sales and Marketing,3,US,2008-08-01,https://www.linkedin.com/company/linc-systems_2,LINC Systems,us_wide_B_othertag,US
https://www.linkedin.com/in/jennifer-morris-0a558713,Jennifer Morris,Jennifer,Morris,Director of Marketing,3,US,-,https://www.linkedin.com/company/linc-facility-services,Linc Facility Services,us_wide_A_vertical,US
https://www.linkedin.com/in/jacobnmotley,Jacob Motley,Jacob,Motley,Director of Marketing,3,US,2026-01-01,https://www.linkedin.com/company/line-x-north-america,LINE-X,us_wide_A_vertical,US
https://www.linkedin.com/in/chris-beckman-858b90271,Chris Beckman,Chris,Beckman,Networks & Systems Manager,1,US,-,https://www.linkedin.com/company/linc-systems_2,LINC Systems,us_wide_B_othertag,US
https://www.linkedin.com/in/jennifer-greene-79356349,Jennifer Greene,Jennifer,Greene,Chief Marketing Officer,3,US,2021-07-01,https://www.linkedin.com/company/lippes-mathias,Lippes Mathias LLP,us_wide_B_othertag,US
https://www.linkedin.com/in/michelle-parinello-85b67447,Michelle Parinello,Michelle,Parinello,Director of Marketing,3,US,2020-02-01,https://www.linkedin.com/company/lippolis-electric-inc,"Lippolis Electric, Inc.",us_wide_A_vertical,US
https://www.linkedin.com/in/pieter-hogeveen-b257036,Pieter Hogeveen,Pieter,Hogeveen,Vice President Marketing Operations,3,US,2025-05-01,https://www.linkedin.com/company/lithiadriveway,Lithia & Driveway,us_wide_B_othertag,US
https://www.linkedin.com/in/max-h-winemiller-68260529,Max H. Winemiller,Max H.,Winemiller,Vice President Marketing Strategy & Solutions,3,US,2025-10-01,https://www.linkedin.com/company/littelfuse,Littelfuse,us_wide_A_vertical,US
https://www.linkedin.com/in/janinegrandsart,Janine Grandsart,Janine,Grandsart,Senior Marketing Communication Lead,2,US,2025-07-01,https://www.linkedin.com/company/littelfuse,Littelfuse,us_wide_A_vertical,US
https://www.linkedin.com/in/sbaroi,Simon Baroi,Simon,Baroi,Vice President of Global Sales and Marketing,3,US,2025-04-01,https://www.linkedin.com/company/littelfuse,Littelfuse,us_wide_A_vertical,US
https://www.linkedin.com/in/zhihong-yu-21600a6,Zhihong Yu,Zhihong,Yu,Senior Director of Technical Marketing and System Engineering,3,US,2026-01-01,https://www.linkedin.com/company/littelfuse,Littelfuse,us_wide_A_vertical,US
https://www.linkedin.com/in/gregoryfridner,Greg Fridner,Greg,Fridner,Director of Corporate Digital Marketing & Information Technology,3,US,2022-10-01,https://www.linkedin.com/company/littelfuse,Littelfuse,us_wide_A_vertical,US
https://www.linkedin.com/in/jewelia,Jewelia Dakin,Jewelia,Dakin,Marketing Communications Manager North America,2,US,2026-04-01,https://www.linkedin.com/company/littelfuse,Littelfuse,us_wide_A_vertical,US
https://www.linkedin.com/in/kristinahodgson,Kristina Hodgson,Kristina,Hodgson,"Director, Digital Marketing & Communications, Electronics Segment",2,US,2023-01-01,https://www.linkedin.com/company/littelfuse,Littelfuse,us_wide_A_vertical,US
https://www.linkedin.com/in/brian-kirkendall-7226241,Brian Kirkendall,Brian,Kirkendall,Vice president of Marketing and Design,3,US,-,https://www.linkedin.com/company/the-little-tikes-company,Little Tikes,us_wide_B_othertag,US
https://www.linkedin.com/in/jose-westin-61a6129,Jose Westin,Jose,Westin,Director of Dealer Development,1,US,2023-02-01,https://www.linkedin.com/company/liugong-north-america,LiuGong North America,us_wide_A_vertical,US
https://www.linkedin.com/in/patrickmcdonnell1986,Patrick McDonnell,Patrick,McDonnell,Head Of Marketing - B2B,3,GB,2021-01-01,https://www.linkedin.com/company/lkq-uk-and-ireland,LKQ UK and Ireland,us_wide_A_vertical,US
https://www.linkedin.com/in/natasha-emmott-834957205,Natasha Emmott,Natasha,Emmott,Head of Marketing LKQ Electriq,3,GB,2026-03-01,https://www.linkedin.com/company/lkq-uk-and-ireland,LKQ UK and Ireland,us_wide_A_vertical,US
https://www.linkedin.com/in/sal-bibi-3449833,Sal Bibi,Sal,Bibi,Dealer Trade Network Manager,1,US,2021-02-01,https://www.linkedin.com/company/lithiadriveway,Lithia & Driveway,us_wide_B_othertag,US
https://www.linkedin.com/in/michael-wallace-a01b5530,Michael Wallace,Michael,Wallace,Vice President of Sales and Marketing,3,US,1998-06-01,https://www.linkedin.com/company/loos-&-co.-inc.,"Loos & Co., Inc.",us_wide_B_othertag,US
https://www.linkedin.com/in/james-pierro-83673849,James Pierro,James,Pierro,Director of Sales Marketing,3,US,2012-01-01,https://www.linkedin.com/company/loos-&-co.-inc.,"Loos & Co., Inc.",us_wide_B_othertag,US
https://www.linkedin.com/in/irisweeden,Iris Weeden,Iris,Weeden,Director of Marketing and Branding,3,US,2025-02-01,https://www.linkedin.com/company/lpwgroup,LPW Group,us_wide_A_vertical,US
https://www.linkedin.com/in/anne-rendon-b3365b14,Anne Rendon,Anne,Rendon,"Senior Vice President, Marketing, Industrial Chemicals",3,US,2006-01-01,https://www.linkedin.com/company/lsb-industries-inc.,"LSB Industries, Inc.",us_wide_A_vertical,US
https://www.linkedin.com/in/paul-hayden-0b4349225,Paul Hayden,Paul,Hayden,Director Of Sales Marketing,3,US,2018-06-01,https://www.linkedin.com/company/lsb-industries-inc.,"LSB Industries, Inc.",us_wide_A_vertical,US
https://www.linkedin.com/in/jamie-devney-ab5b319,Jamie Devney,Jamie,Devney,Director of Sales and Marketing - Team Lucas,3,US,2006-01-01,https://www.linkedin.com/company/lucasoil,Lucas Oil,us_wide_B_othertag,US
https://www.linkedin.com/in/melissawonser,Melissa Wonser,Melissa,Wonser,Vice President Marketing,3,US,2020-10-01,https://www.linkedin.com/company/lucasoil,Lucas Oil,us_wide_B_othertag,US
https://www.linkedin.com/in/richardsilley,Rich Silley,Rich,Silley,VP Sales & Marketing,3,GB,2026-03-01,https://www.linkedin.com/company/luna-innovations,LUNA Innovations,us_wide_B_othertag,US
https://www.linkedin.com/in/mary-kay-45a490151,Mary Kay,Mary,Kay,Director of Marketing,3,PL,-,https://www.linkedin.com/company/luna-innovations,LUNA Innovations,us_wide_B_othertag,US
https://www.linkedin.com/in/salvan-farooqui-7040b21b9,Salvan Farooqui,Salvan,Farooqui,Senior Vice President - Head of Global Sales & Marketing,3,US,2021-04-01,https://www.linkedin.com/company/luna-innovations,LUNA Innovations,us_wide_B_othertag,US
https://www.linkedin.com/in/katrinapruittandrews,"Katrina Pruitt-Andrews, MBA",Katrina,"Pruitt-Andrews, MBA",Fractional CMO | Global Head of Marketing,3,US,2025-10-01,https://www.linkedin.com/company/luminator,Luminator Technology Group,us_wide_B_othertag,US
https://www.linkedin.com/in/fabien-courtellemont-896b981,Fabien Courtellemont,Fabien,Courtellemont,"Sales Director, MEA-APAC (Business Development & Strategic Partnerships)",1,PL,2024-08-01,https://www.linkedin.com/company/luminator,Luminator Technology Group,us_wide_B_othertag,US
https://www.linkedin.com/in/april-johnson-8a8a8811,April Johnson,April,Johnson,Director of MarCom and Sales Operations,2,US,-,https://www.linkedin.com/company/luminator,Luminator Technology Group,us_wide_B_othertag,US
https://www.linkedin.com/in/scott-anderson-a1b1081a,Scott Anderson,Scott,Anderson,"Vice President, Sales and Marketing",3,US,2023-10-01,https://www.linkedin.com/company/luxfer,Luxfer Gas Cylinders,us_wide_A_vertical,US
https://www.linkedin.com/in/emiharnden,Emi Harnden,Emi,Harnden,Head of Marketing,3,US,2026-08-01,https://www.linkedin.com/company/luxfer,Luxfer Gas Cylinders,us_wide_A_vertical,US
https://www.linkedin.com/in/robert-dupuis-23bbab143,Robert DuPuis,Robert,DuPuis,Vice President of Sales & Marketing,3,US,1997-03-01,https://www.linkedin.com/company/luxfer,Luxfer Gas Cylinders,us_wide_A_vertical,US
https://www.linkedin.com/in/victorvuphan,Victor Vu Phan,Victor Vu,Phan,Sales Director -  Networking & Silicon Accounts,1,US,2026-03-01,https://www.linkedin.com/company/luxshare-tech,Luxshare-Tech,us_wide_B_othertag,US
https://www.linkedin.com/in/kristensamson,Kristen Samson,Kristen,Samson,Director of Marketing,3,US,-,https://www.linkedin.com/company/lycomingengines,Lycoming Engines,us_wide_B_othertag,US
https://www.linkedin.com/in/brock-trunzo-85a2b6124,Brock Trunzo,Brock,Trunzo,"Sr. Marketing & Communications Specialist, Gear Store Manager",2,US,2023-08-01,https://www.linkedin.com/company/lycomingengines,Lycoming Engines,us_wide_B_othertag,US
https://www.linkedin.com/in/keith-norman-8611b5132,Keith Norman,Keith,Norman,"Chief Marketing Officer, Chief Sustainability Officer",3,US,2023-01-01,https://www.linkedin.com/company/lyten-inc,Lyten,us_wide_B_othertag,US
https://www.linkedin.com/in/ianathanward,Ian Ward,Ian,Ward,Senior Channel Marketing Manager,1,US,2021-07-01,https://www.linkedin.com/company/mac-tools,Mac Tools,us_wide_B_othertag,US
https://www.linkedin.com/in/trevor-lorton-4688223,Trevor Lorton,Trevor,Lorton,"Director, Event Marketing & Communications",2,US,2025-10-01,https://www.linkedin.com/company/mac-tools,Mac Tools,us_wide_B_othertag,US
https://www.linkedin.com/in/lucas-orsborn-a7043a13,Lucas Orsborn,Lucas,Orsborn,Sr.Channel Marketing Manager,1,US,2021-01-01,https://www.linkedin.com/company/mac-tools,Mac Tools,us_wide_B_othertag,US
https://www.linkedin.com/in/jasonmwalter,Jason M. Walter,Jason M.,Walter,Director of Corporate Marketing,3,US,2026-03-01,https://www.linkedin.com/company/macallister-machinery-co--inc-,"MacAllister Machinery Co., Inc.",us_wide_A_vertical,US
https://www.linkedin.com/in/bryan-pepper-a3b49a7a,Bryan Pepper,Bryan,Pepper,Channel Marketing Manager,1,US,2024-04-01,https://www.linkedin.com/company/mac-tools,Mac Tools,us_wide_B_othertag,US
https://www.linkedin.com/in/barbara-king-2643a216,Barbara King,Barbara,King,Director of Sales and Marketing,3,US,2024-09-01,https://www.linkedin.com/company/magnetic-metals,Magnetic Metals,us_wide_B_othertag,US
https://www.linkedin.com/in/grant-comarato-65667941,Grant Comarato,Grant,Comarato,Director of Sales and Marketing,3,US,2025-11-01,https://www.linkedin.com/company/magnetic-metals,Magnetic Metals,us_wide_B_othertag,US
https://www.linkedin.com/in/rebeccarobinson4marketing,Rebecca R.,Rebecca,R.,MARKETING MANAGER | PARTNERSHIP ENGAGEMENT,1,US,2008-01-01,https://www.linkedin.com/company/magtek,MagTek,us_wide_A_vertical,US
https://www.linkedin.com/in/ckramp,Cheryl Kramp,Cheryl,Kramp,"Senior Manager, Channel Marketing | Retail, E-Com, Industrial & Commercial Construction",1,US,2025-05-01,https://www.linkedin.com/company/makita-usa,"Makita U.S.A., Inc.",us_wide_B_othertag,US
https://www.linkedin.com/in/brent-withey-20a5b4a,Brent Withey,Brent,Withey,Vice President Marketing Brand,3,US,2019-03-01,https://www.linkedin.com/company/makita-usa,"Makita U.S.A., Inc.",us_wide_B_othertag,US
https://www.linkedin.com/in/melissa-banuelos-b27962117,Melissa Banuelos,Melissa,Banuelos,Channel Marketing Manager,1,US,2018-08-01,https://www.linkedin.com/company/makita-usa,"Makita U.S.A., Inc.",us_wide_B_othertag,US
https://www.linkedin.com/in/chrisloomismalibuboats,Chris Loomis,Chris,Loomis,Director of Sales and Dealer Development,1,US,2024-03-01,https://www.linkedin.com/company/malibu-boats,Malibu Boats,us_wide_B_othertag,US
https://www.linkedin.com/in/christinwam,Christin Wam,Christin,Wam,"Director of Marketing, Freshwater",3,US,2026-05-01,https://www.linkedin.com/company/malibu-boats-inc,"Malibu Boats, Inc.",us_wide_B_othertag,US
https://www.linkedin.com/in/joe-marcolina,Joe Marcolina,Joe,Marcolina,Vice President of Dealer Development,1,US,2026-08-01,https://www.linkedin.com/company/malibu-boats-inc,"Malibu Boats, Inc.",us_wide_B_othertag,US
https://www.linkedin.com/in/colin-bretsch-mba-23577691,"Colin Bretsch, MBA",Colin,"Bretsch, MBA","Vice President - Sales, Marketing, Manufacturing",3,US,2024-06-01,https://www.linkedin.com/company/malloy-electric,Malloy Electric,us_wide_A_vertical,US
https://www.linkedin.com/in/carl-lee-tolbert-phd-cmrp-7a325632,"Carl Lee Tolbert, PhD, CMRP",Carl Lee,"Tolbert, PhD, CMRP",Director of Marketing & Sr. Application Engineer,3,US,2023-11-01,https://www.linkedin.com/company/malloy-electric,Malloy Electric,us_wide_A_vertical,US
https://www.linkedin.com/in/don-scott-2a584025,Don Scott,Don,Scott,Vice President of Marketing and Business Development,3,US,-,https://www.linkedin.com/company/malnove,Malnove Packaging Solutions,us_wide_A_vertical,US
https://www.linkedin.com/in/jun-takemoto,Jun Takemoto,Jun,Takemoto,Lead Network Administrator,1,US,-,https://www.linkedin.com/company/makita-usa,"Makita U.S.A., Inc.",us_wide_B_othertag,US
https://www.linkedin.com/in/rmichaelcirone,Michael Cirone,Michael,Cirone,Chief Marketing Officer,3,US,2025-05-01,https://www.linkedin.com/company/manarinc,"Manar, Inc.",us_wide_A_vertical,US
https://www.linkedin.com/in/larawinter,Lara W.,Lara,W.,Director of Marketing,3,US,2025-09-01,https://www.linkedin.com/company/manufacturing-technology-inc,"Manufacturing Technology, INC. (MTI)",us_wide_A_vertical,US
https://www.linkedin.com/in/connieeberry,Connie Berry,Connie,Berry,"Director, Marketing & Creative",3,US,2022-10-01,https://www.linkedin.com/company/marketing-alliance-group,Marketing Alliance Group,us_wide_B_othertag,US
https://www.linkedin.com/in/andrew-martin-cpsc-bb21b546,"Andrew Martin, CPSC",Andrew,"Martin, CPSC",Director of Strategic Marketing,3,US,2025-01-01,https://www.linkedin.com/company/marley-engineered-products,Marley Engineered Products,us_wide_A_vertical,US
https://www.linkedin.com/in/chris-hahn-9a568211b,Chris Hahn,Chris,Hahn,Director of Marketing & eCommerce,3,US,2024-01-01,https://www.linkedin.com/company/martin-sprocket-&-gear,Martin Sprocket & Gear,us_wide_A_vertical,US
https://www.linkedin.com/in/bill-wilson-202a0123,Bill Wilson,Bill,Wilson,"VP Sales & Marketing, North America",3,US,1998-01-01,https://www.linkedin.com/company/marvair,MARVAIR,us_wide_A_vertical,US
https://www.linkedin.com/in/david-shuford-55818625,David Shuford,David,Shuford,VP Marketing,3,US,-,https://www.linkedin.com/company/marvair,MARVAIR,us_wide_A_vertical,US
https://www.linkedin.com/in/phileldridge,Phil Eldridge,Phil,Eldridge,"Vice President, Sales and Marketing",3,US,-,https://www.linkedin.com/company/mason-controls,Mason Controls,us_wide_B_othertag,US
https://www.linkedin.com/in/stephaniebethune,Stephanie Bethune,Stephanie,Bethune,VP of Sales & Marketing,3,US,2026-07-01,https://www.linkedin.com/company/mason-controls,Mason Controls,us_wide_B_othertag,US
https://www.linkedin.com/in/ross-gencheff-937b8b13,Ross Gencheff,Ross,Gencheff,Sr Director of Marketing,3,US,2021-08-01,https://www.linkedin.com/company/the-massman-companies,Massman Companies,us_wide_B_othertag,US
https://www.linkedin.com/in/justin-geach-57450888,Justin Geach,Justin,Geach,Global Director of Marketing,3,US,2022-12-01,https://www.linkedin.com/company/master-fluid-solutions,Master Fluid Solutions,us_wide_B_othertag,US
https://www.linkedin.com/in/zulfiqartahir,Zulfiqar Tahir,Zulfiqar,Tahir,Global VP - Strategy and Marketing,3,US,2018-06-01,https://www.linkedin.com/company/master-fluid-solutions,Master Fluid Solutions,us_wide_B_othertag,US
https://www.linkedin.com/in/themarkwscherer,Mark W. Scherer,Mark W.,Scherer,Global Director of Digital Marketing & Channel Communications,1,DE,2021-04-01,https://www.linkedin.com/company/master-fluid-solutions,Master Fluid Solutions,us_wide_B_othertag,US
https://www.linkedin.com/in/garysaletrik,Gary Saletrik,Gary,Saletrik,Director of Marketing,3,US,2018-01-01,https://www.linkedin.com/company/master-halco-inc,Master Halco,us_wide_A_vertical,US
https://www.linkedin.com/in/timothy-obrien-1b140620,Timothy OBrien,Timothy,OBrien,Vice President of Sales and Marketing,3,US,2011-01-01,https://www.linkedin.com/company/master-halco-inc,Master Halco,us_wide_A_vertical,US
https://www.linkedin.com/in/kristamrogers,Krista Schipner,Krista,Schipner,Vice President Marketing,3,US,2022-11-01,https://www.linkedin.com/company/mastercraft-boat-co-,MasterCraft Boat Company,us_wide_B_othertag,US
https://www.linkedin.com/in/mike-mercer-a64abb75,Mike Mercer,Mike,Mercer,Vice President of Sales and Marketing - Crest & Balise Pontoons,3,US,2025-10-01,https://www.linkedin.com/company/mastercraft-boat-co-,MasterCraft Boat Company,us_wide_B_othertag,US
https://www.linkedin.com/in/jorge-silveira-6436658,Jorge Silveira,Jorge,Silveira,Vice President of Marketing And Product Management,3,US,2022-05-01,https://www.linkedin.com/company/mat-holdings-inc-,"MAT Holdings, Inc.",us_wide_A_vertical,US
https://www.linkedin.com/in/robertbcraig,Robert Craig,Robert,Craig,"Director, Corporate Marketing and Marketing Shared Services",3,US,2011-08-01,https://www.linkedin.com/company/mat-holdings-inc-,"MAT Holdings, Inc.",us_wide_A_vertical,US
https://www.linkedin.com/in/mike-werner-a93612,Mike Werner,Mike,Werner,Director of Sales & Marketing,3,US,-,https://www.linkedin.com/company/material-sciences-corporation,Material Sciences Corporation (MSC),us_wide_A_vertical,US
https://www.linkedin.com/in/ginger-conrad-560aab5,Ginger Conrad,Ginger,Conrad,Director of Retail Marketing,3,US,2008-03-01,https://www.linkedin.com/company/master-halco-inc,Master Halco,us_wide_A_vertical,US
https://www.linkedin.com/in/keith-mauck,Keith Mauck,Keith,Mauck,"Vice President - Sales and Marketing, Americas & Asia",3,US,2025-05-01,https://www.linkedin.com/company/matthews-marking-systems,Matthews Marking Systems,us_wide_B_othertag,US
https://www.linkedin.com/in/john-mathias-02281a6,John Mathias,John,Mathias,Vice President Sales Marketing,3,US,-,https://www.linkedin.com/company/matrix-metals,Matrix Metals,us_wide_A_vertical,US
https://www.linkedin.com/in/stacey-belser,Stacey Belser,Stacey,Belser,Director of Marketing,3,US,2024-11-01,https://www.linkedin.com/company/maurice-electrical-supply-usesi,Maurice Electrical Supply USESI,us_wide_A_vertical,US
https://www.linkedin.com/in/nicholas-oldfield-mba-63713911,"Nicholas Oldfield, MBA",Nicholas,"Oldfield, MBA",Vice President of Digital and Marketing,3,US,2023-01-01,https://www.linkedin.com/company/maxim-crane-works-lp,"Maxim Crane Works, LP",us_wide_A_vertical,US
https://www.linkedin.com/in/anton-griessner-884ab110,Anton Griessner,Anton,Griessner,VP Marketing and Business Development,3,US,2006-01-01,https://www.linkedin.com/company/maxon-lift-corp,MAXON Lift Corp,us_wide_A_vertical,US
https://www.linkedin.com/in/courtneys-nagle,Courtney Nagle,Courtney,Nagle,"Head of Marketing, North America",3,US,2026-01-01,https://www.linkedin.com/company/maxongroupus,maxon USA,us_wide_A_vertical,US
https://www.linkedin.com/in/randy-rice-08871217,Randy Rice,Randy,Rice,Senior Vice President Sales and Marketing,3,US,2022-10-01,https://www.linkedin.com/company/mauser-packaging-solutions,Mauser Packaging Solutions,us_wide_B_othertag,US
https://www.linkedin.com/in/vincent-raucoules-844ab99,Vincent Raucoules,Vincent,Raucoules,"Manager, Distribution & Business Development, Small Pack Division",1,US,2023-08-01,https://www.linkedin.com/company/mauser-packaging-solutions,Mauser Packaging Solutions,us_wide_B_othertag,US
https://www.linkedin.com/in/dan-carmichael-068920b,Dan Carmichael,Dan,Carmichael,Executive Vice President of Sales & Marketing,3,US,2026-08-01,https://www.linkedin.com/company/mazzella-companies,Mazzella,us_wide_A_vertical,US
https://www.linkedin.com/in/bill-franz-b7b3963,Bill Franz,Bill,Franz,Vice President of Marketing,3,US,1981-09-01,https://www.linkedin.com/company/mazzella-companies,Mazzella,us_wide_A_vertical,US
https://www.linkedin.com/in/thad-b-18631886,Thad B.,Thad,B.,"Marketing & Communications Manager, Metals Division",2,US,-,https://www.linkedin.com/company/mazzella-companies,Mazzella,us_wide_A_vertical,US
https://www.linkedin.com/in/rhegan-cervenka-4a2476170,Rhegan Maynard,Rhegan,Maynard,Marketing Communications Manager,2,US,2019-04-01,https://www.linkedin.com/company/mccorvey-sheet-metal-works-lp,McCorvey Sheet Metal Works LP.,us_wide_A_vertical,US
https://www.linkedin.com/in/brianjcedeno,Brian Cedeno,Brian,Cedeno,"Manager, Marketing Communications",2,US,2024-05-01,https://www.linkedin.com/company/mccrometer-inc-,"McCrometer, Inc.",us_wide_A_vertical,US
https://www.linkedin.com/in/meghanpedroza,Meghan Phillips,Meghan,Phillips,"Vice President, Marketing and Strategy",3,US,2025-04-01,https://www.linkedin.com/company/mccrometer-inc-,"McCrometer, Inc.",us_wide_A_vertical,US
https://www.linkedin.com/in/faye-bonomo,Faye Bonomo,Faye,Bonomo,Director of Marketing,3,US,-,https://www.linkedin.com/company/mccrometer-inc-,"McCrometer, Inc.",us_wide_A_vertical,US
https://www.linkedin.com/in/mikeclose,Mike Close,Mike,Close,Director of Marketing,3,US,2026-01-01,https://www.linkedin.com/company/mazzella-companies,Mazzella,us_wide_A_vertical,US
https://www.linkedin.com/in/heather-lindsey-daniel,Heather Daniel,Heather,Daniel,Director of Marketing & Communications,2,US,2023-01-01,https://www.linkedin.com/company/mckenney's-inc-,"McKenney's, Inc.",us_wide_A_vertical,US
https://www.linkedin.com/in/andrearitchey,Andrea Ritchey,Andrea,Ritchey,Director of Global Marketing & Communications,2,US,2024-02-01,https://www.linkedin.com/company/mclanahan-corporation,McLanahan Corporation,us_wide_A_vertical,US
https://www.linkedin.com/in/randy-langefeld-1207067,Randy Langefeld,Randy,Langefeld,"Manager, Service Center Network",1,US,2023-01-01,https://www.linkedin.com/company/md-helicopters,MD Helicopters,us_wide_B_othertag,US
https://www.linkedin.com/in/george-martinez-aa7670154,George Martinez,George,Martinez,"Manager, Service Center Network Worldwide",1,US,-,https://www.linkedin.com/company/md-helicopters,MD Helicopters,us_wide_B_othertag,US
https://www.linkedin.com/in/kellylplunkett,"Kelly Plunkett, MBA",Kelly,"Plunkett, MBA",Senior Global Marketing Manager / Director-Level Marketing Leader | Previously: Marketing Manager,3,US,2013-07-01,https://www.linkedin.com/company/md&a,MD&A,us_wide_A_vertical,US
https://www.linkedin.com/in/jay-eldridge-b632841a,Jay Eldridge,Jay,Eldridge,Vice President Sales & Marketing,3,US,2017-04-01,https://www.linkedin.com/company/md&a,MD&A,us_wide_A_vertical,US
https://www.linkedin.com/in/caitlinborger,-,-,-,Marketing Communications & Events Manager,2,US,2025-08-01,https://www.linkedin.com/company/md&a,MD&A,us_wide_A_vertical,US
https://www.linkedin.com/in/mikedodgemcwane,Mike Dodge,Mike,Dodge,Vice President of Sales & Marketing,3,US,2013-03-01,https://www.linkedin.com/company/mcwaneductile,McWane Ductile,us_wide_A_vertical,US
https://www.linkedin.com/in/james-allen-43337320,James Allen,James,Allen,VP Sales & Marketing,3,US,2016-07-01,https://www.linkedin.com/company/meadville-forging-company,Meadville Forging Company,us_wide_B_othertag,US
https://www.linkedin.com/in/krisztinatoth1,Krisztina Toth,Krisztina,Toth,Director of Integrated Marketing,3,US,2019-02-01,https://www.linkedin.com/company/mears-transportation-group,Mears Transportation,us_wide_B_othertag,US
https://www.linkedin.com/in/rick-garcia-18080517,Rick Garcia,Rick,Garcia,Director Marketing Business Development,3,US,2006-03-01,https://www.linkedin.com/company/mechanical-systems-and-solutions,"Mechanical Service & Systems, Inc.",us_wide_A_vertical,US
https://www.linkedin.com/in/karisa-koenig-2a213a13,Karisa Koenig,Karisa,Koenig,Director of Marketing,3,US,1996-02-01,https://www.linkedin.com/company/meissner,Meissner,us_wide_A_vertical,US
https://www.linkedin.com/in/dan-taylor-ba807211,Dan Taylor,Dan,Taylor,"Sr. Vice President, Sales & Marketing",3,US,-,https://www.linkedin.com/company/melton-truck-lines,Melton Truck Lines,us_wide_A_vertical,US
https://www.linkedin.com/in/brice-peters-2b01246,Brice Peters,Brice,Peters,VP Sales and Marketing,3,US,-,https://www.linkedin.com/company/melton-truck-lines,Melton Truck Lines,us_wide_A_vertical,US
https://www.linkedin.com/in/kennedy-alvarez,Kennedy Alvarez,Kennedy,Alvarez,Director of Digital Marketing,3,US,2024-01-01,https://www.linkedin.com/company/melton-truck-lines,Melton Truck Lines,us_wide_A_vertical,US
https://www.linkedin.com/in/spence-slaymaker-a9442a54,Spence Slaymaker,Spence,Slaymaker,Vice President of Sales and Marketing,3,US,-,https://www.linkedin.com/company/melton-truck-lines,Melton Truck Lines,us_wide_A_vertical,US
https://www.linkedin.com/in/scottmaynard,Scott Maynard,Scott,Maynard,Director of Marketing,3,US,2026-08-01,https://www.linkedin.com/company/melling-engine-parts,Melling Engine Parts,us_wide_A_vertical,US
https://www.linkedin.com/in/brendan-melling-29b23a221,Brendan Melling,Brendan,Melling,Director of Innovation and Marketing,3,US,2026-01-01,https://www.linkedin.com/company/melling-engine-parts,Melling Engine Parts,us_wide_A_vertical,US
https://www.linkedin.com/in/justin-yarrington-11215855,Justin Yarrington,Justin,Yarrington,IS Manager of Infrastructure Networking,1,US,2014-01-01,https://www.linkedin.com/company/menards,Menards,us_wide_A_vertical,US
https://www.linkedin.com/in/globalsalesmarketingproductleader,Neelam Dua Kumar,Neelam,Dua Kumar,"Senior Director, Marketing Strategy",3,US,-,https://www.linkedin.com/company/meridian-adhesives-group,Meridian Adhesives Group,us_wide_B_othertag,US
https://www.linkedin.com/in/melindahjobe12,Melinda Jobe,Melinda,Jobe,Director of Marketing,3,US,2025-11-01,https://www.linkedin.com/company/meriton,Meriton,us_wide_A_vertical,US
https://www.linkedin.com/in/danaturet,Dana Dowdy,Dana,Dowdy,Chief Marketing Officer,3,US,2024-11-01,https://www.linkedin.com/company/meriton,Meriton,us_wide_A_vertical,US
https://www.linkedin.com/in/raycolameta,Ray Colameta,Ray,Colameta,"Senior Director, Marketing",3,US,2021-12-01,https://www.linkedin.com/company/mercury-systems,Mercury Systems,us_wide_B_othertag,US
https://www.linkedin.com/in/christinahillner,-,-,-,Marketing Communications Manager III,2,US,-,https://www.linkedin.com/company/mercury-systems,Mercury Systems,us_wide_B_othertag,US
https://www.linkedin.com/in/matt-kleszczynski-b00012b,Matt Kleszczynski,Matt,Kleszczynski,Director of Marketing,3,US,2001-01-01,https://www.linkedin.com/company/mestek,"Mestek, Inc.",us_wide_A_vertical,US
https://www.linkedin.com/in/christiannolte,Christian Nolte,Christian,Nolte,Vice President Sales and Marketing,3,US,-,https://www.linkedin.com/company/metal-sales-manufacturing,Metal Sales Manufacturing Corporation,us_wide_A_vertical,US
https://www.linkedin.com/in/ashley-lukowicz-90480715,Ashley Lukowicz,Ashley,Lukowicz,Director - Sales and Marketing,3,US,2026-01-01,https://www.linkedin.com/company/metallus-inc,Metallus Inc.,us_wide_B_othertag,US
https://www.linkedin.com/in/edwardsrobb,Robb Edwards,Robb,Edwards,Director of Marketing,3,US,2018-01-01,https://www.linkedin.com/company/metaltek-international,MetalTek International,us_wide_B_othertag,US
https://www.linkedin.com/in/rod-anderson-83b57815,Rod Anderson,Rod,Anderson,VP of Sales & Marketing,3,US,2017-01-01,https://www.linkedin.com/company/metaltek-international,MetalTek International,us_wide_B_othertag,US
https://www.linkedin.com/in/connie-bates-19b8a1,Connie Bates,Connie,Bates,Director of Business Development and Marketing,3,US,2016-01-01,https://www.linkedin.com/company/metalfx,METALfx,us_wide_B_othertag,US
https://www.linkedin.com/in/tosia-mcbride-2ab75a15,Tosia McBride,Tosia,McBride,"Sr Director, Programs - Displays and Networking Product Line Leader",1,US,2024-08-01,https://www.linkedin.com/company/mercury-systems,Mercury Systems,us_wide_B_othertag,US
https://www.linkedin.com/in/india-loudon-tarry-07791b1a6,India Loudon Tarry,India,Loudon Tarry,Head of UK Marketing,3,GB,2025-11-01,https://www.linkedin.com/company/micro-precision-calibration,Micro Precision Calibration,us_wide_B_othertag,US
https://www.linkedin.com/in/diane-tosetti-a47a962,Diane Wilson-Tosetti,Diane,Wilson-Tosetti,Assoc. Director of Marketing,3,US,2025-09-01,https://www.linkedin.com/company/microchip-technology,Microchip Technology Inc.,us_wide_B_othertag,US
https://www.linkedin.com/in/erichniklas,Erich Niklas,Erich,Niklas,Senior Channel Manager Technical Marketing SiC,1,AT,2022-07-01,https://www.linkedin.com/company/microchip-technology,Microchip Technology Inc.,us_wide_B_othertag,US
https://www.linkedin.com/in/tim-morin-2695493,Tim Morin,Tim,Morin,Senior Director Marketing and Applications,3,US,2026-01-01,https://www.linkedin.com/company/microchip-technology,Microchip Technology Inc.,us_wide_B_othertag,US
https://www.linkedin.com/in/dan-klepacz-2474b75,Dan Klepacz,Dan,Klepacz,Director of Sales and Marketing,3,US,2025-08-01,https://www.linkedin.com/company/microbest-inc,"Microbest, Inc.",us_wide_B_othertag,US
https://www.linkedin.com/in/nullo-madella-9762921a,Nullo Madella,Nullo,Madella,Vice President of Sales and Marketing,3,AT,2026-01-01,https://www.linkedin.com/company/microporous-llc,"Microporous, LLC",us_wide_A_vertical,US
https://www.linkedin.com/in/john-mahoney-099a4814,John Mahoney,John,Mahoney,Director of Sales Marketing,3,US,2025-01-01,https://www.linkedin.com/company/microporous-llc,"Microporous, LLC",us_wide_A_vertical,US
https://www.linkedin.com/in/jay-denslow,Jay Denslow,Jay,Denslow,Director of Marketing,3,US,2026-06-01,https://www.linkedin.com/company/microwave-products-group,Microwave Products Group,us_wide_B_othertag,US
https://www.linkedin.com/in/todd-boyer-258ba2b,Todd Boyer,Todd,Boyer,Director of Sales & Marketing,3,US,2005-10-01,https://www.linkedin.com/company/mid-states-aluminum-corp.,Mid-States Aluminum Corp.,us_wide_B_othertag,US
https://www.linkedin.com/in/doug-a-70a5221,Doug A.,Doug,A.,Associate Director – Business Development & Marketing | High-Power Solutions Business Unit,3,US,2025-09-01,https://www.linkedin.com/company/microchip-technology,Microchip Technology Inc.,us_wide_B_othertag,US
https://www.linkedin.com/in/jason-wellman-44981b1,Jason Wellman,Jason,Wellman,"Strategic Partner Manager, Development Tools",1,US,2013-01-01,https://www.linkedin.com/company/microchip-technology,Microchip Technology Inc.,us_wide_B_othertag,US
https://www.linkedin.com/in/shaun-pope-837510248,Shaun Pope,Shaun,Pope,Director of Marketing,3,US,2026-07-01,https://www.linkedin.com/company/midwest-automotive-designs,Midwest Automotive Designs,us_wide_B_othertag,US
https://www.linkedin.com/in/eric-rohrschneider,Eric Rohrschneider,Eric,Rohrschneider,Vice President Marketing & Product Management,3,US,2022-01-01,https://www.linkedin.com/company/midwest-fastener-corp,Midwest Fastener Corporation,us_wide_B_othertag,US
https://www.linkedin.com/in/stephanie-harvey-a48ab627b,Stephanie Harvey,Stephanie,Harvey,VP of Marketing,3,US,-,https://www.linkedin.com/company/midwest-fastener-corp,Midwest Fastener Corporation,us_wide_B_othertag,US
https://www.linkedin.com/in/evan-sparkman-5208aa22,Evan Sparkman,Evan,Sparkman,Director of Sales & Marketing,3,US,2003-06-01,https://www.linkedin.com/company/midwest-hose-and-specialty,Midwest Hose & Specialty,us_wide_A_vertical,US
https://www.linkedin.com/in/santy-hogg-0686a22b6,Santy Hogg,Santy,Hogg,Vice President Sales Marketing,3,DK,-,https://www.linkedin.com/company/midwest-hose-and-specialty,Midwest Hose & Specialty,us_wide_A_vertical,US
https://www.linkedin.com/in/ross-ayotte-428989,Ross Ayotte,Ross,Ayotte,"Senior Director, Corporate Marketing and Marketing Communications",2,US,2022-05-01,https://www.linkedin.com/company/microchip-technology,Microchip Technology Inc.,us_wide_B_othertag,US
https://www.linkedin.com/in/susan-zobott,Susan Zobott,Susan,Zobott,Marketing Communications Program Manager,2,US,2022-08-01,https://www.linkedin.com/company/microchip-technology,Microchip Technology Inc.,us_wide_B_othertag,US
https://www.linkedin.com/in/marcyhatch,Marcy H.,Marcy,H.,Global Marketing Communications Manager,2,US,2024-01-01,https://www.linkedin.com/company/microchip-technology,Microchip Technology Inc.,us_wide_B_othertag,US
https://www.linkedin.com/in/minh-uyen-nguyen-b08510b,Minh Uyen Nguyen,Minh Uyen,Nguyen,Head of Aerospace & Defense Marketing - FPGA Business Unit,3,US,2026-04-01,https://www.linkedin.com/company/microchip-technology,Microchip Technology Inc.,us_wide_B_othertag,US
https://www.linkedin.com/in/chad-dodson-a7a84a12,Chad Dodson,Chad,Dodson,Vice President - Sales & Marketing,3,US,2023-10-01,https://www.linkedin.com/company/mills-products,Mills Products,us_wide_B_othertag,US
https://www.linkedin.com/in/michael-leander-a6949360,Michael Leander,Michael,Leander,Vice President Marine Sales & Marketing,3,US,2024-03-01,https://www.linkedin.com/company/milwaukee-valve,"Milwaukee Valve Company, LLC.",us_wide_A_vertical,US
https://www.linkedin.com/in/tom-laguardia-2b393448,Tom LaGuardia,Tom,LaGuardia,VP Marketing,3,US,-,https://www.linkedin.com/company/milwaukee-valve,"Milwaukee Valve Company, LLC.",us_wide_A_vertical,US
https://www.linkedin.com/in/chris-tarantello-379bb022,Chris Tarantello,Chris,Tarantello,Vice President Sales & Marketing - Commercial & Industrial,3,US,2024-01-01,https://www.linkedin.com/company/milwaukee-valve,"Milwaukee Valve Company, LLC.",us_wide_A_vertical,US
https://www.linkedin.com/in/nick-cannon-12805a12,Nick Cannon,Nick,Cannon,Vice President - Sales and Marketing NA,3,US,2026-01-01,https://www.linkedin.com/company/minerals-technologies,Minerals Technologies Inc.,us_wide_B_othertag,US
https://www.linkedin.com/in/theo-stathakis-541b6125,Theo Stathakis,Theo,Stathakis,Director of Marketing,3,US,2023-09-01,https://www.linkedin.com/company/mingledorff's,Mingledorff's,us_wide_A_vertical,US
https://www.linkedin.com/in/jack-hill-435389b7,Jack Hill,Jack,Hill,VP of Sales & Marketing,3,US,-,https://www.linkedin.com/company/minutemaninternational,Minuteman International,us_wide_A_vertical,US
https://www.linkedin.com/in/bethezar,"Elizabeth Ezar, MBA",Elizabeth,"Ezar, MBA",Director Corporate Marketing,3,US,2026-01-01,https://www.linkedin.com/company/mitsubishi-electric-power-products-inc.,"Mitsubishi Electric Power Products, Inc.",us_wide_A_vertical,US
https://www.linkedin.com/in/timothyjmccain,Tim McCain,Tim,McCain,"Director, Americas Channel & Industry Development",1,US,2024-08-01,https://www.linkedin.com/company/mitsubishi-electric-iconics-digital-solutions,Mitsubishi Electric Iconics Digital Solutions,us_wide_B_othertag,US
https://www.linkedin.com/in/melissatopp,Melissa Topp,Melissa,Topp,Senior Director of Global Marketing,3,US,2025-01-01,https://www.linkedin.com/company/mitsubishi-electric-iconics-digital-solutions,Mitsubishi Electric Iconics Digital Solutions,us_wide_B_othertag,US
https://www.linkedin.com/in/johnmponte,John Ponte,John,Ponte,Senior Director of Global Marketing,3,US,2025-10-01,https://www.linkedin.com/company/mitsubishi-electric-iconics-digital-solutions,Mitsubishi Electric Iconics Digital Solutions,us_wide_B_othertag,US
https://www.linkedin.com/in/pattygillette1,Patty Gillette,Patty,Gillette,Senior Director Marketing,3,US,2023-10-01,https://www.linkedin.com/company/metushvac,Mitsubishi Electric Trane US,us_wide_A_vertical,US
https://www.linkedin.com/in/jasonrosenthal,Jason Rosenthal,Jason,Rosenthal,Vice President of Marketing,3,US,2021-09-01,https://www.linkedin.com/company/metushvac,Mitsubishi Electric Trane US,us_wide_A_vertical,US
https://www.linkedin.com/in/brandon-jamerson-12229610,Brandon Jamerson,Brandon,Jamerson,"Manager, Contractor Programs, Partnerships & Local Marketing",1,US,2024-07-01,https://www.linkedin.com/company/metushvac,Mitsubishi Electric Trane US,us_wide_A_vertical,US
https://www.linkedin.com/in/srigdon,Suzanne Roshto Rigdon,Suzanne,Roshto Rigdon,Director of Integrated Marketing,3,US,-,https://www.linkedin.com/company/metushvac,Mitsubishi Electric Trane US,us_wide_A_vertical,US
https://www.linkedin.com/in/kylearichards,Kyle Richards,Kyle,Richards,Vice President of Sales and Marketing,3,US,2025-11-01,https://www.linkedin.com/company/miura-boiler,"MIURA AMERICA CO., LTD.",us_wide_A_vertical,US
https://www.linkedin.com/in/ron-rosol-2b234431,Ron Rosol,Ron,Rosol,Region Manager - Channel Development,1,US,2010-01-01,https://www.linkedin.com/company/metushvac,Mitsubishi Electric Trane US,us_wide_A_vertical,US
https://www.linkedin.com/in/leah-montgomery-9072a48,Leah Montgomery,Leah,Montgomery,Director of Field Marketing,3,US,2025-01-01,https://www.linkedin.com/company/metushvac,Mitsubishi Electric Trane US,us_wide_A_vertical,US
https://www.linkedin.com/in/dan-lagamba-69160517,Dan Lagamba,Dan,Lagamba,Network Operations Manager,1,US,2024-01-01,https://www.linkedin.com/company/mitsubishi-electric-power-products-inc.,"Mitsubishi Electric Power Products, Inc.",us_wide_A_vertical,US
https://www.linkedin.com/in/leahadavidson,Leah Davidson,Leah,Davidson,Senior Director of Corporate Marketing,3,US,2025-01-01,https://www.linkedin.com/company/mmt-medical-device-manufacturing,MMT,us_wide_B_othertag,US
https://www.linkedin.com/in/ryan-boyle-5b4b296,Ryan Boyle,Ryan,Boyle,Vice President Sales & Marketing | North America,3,US,2024-01-01,https://www.linkedin.com/company/mobile-air,Mobile Air & Power Rentals,us_wide_A_vertical,US
https://www.linkedin.com/in/boyd-howell-636894226,Boyd Howell,Boyd,Howell,Director Of Sales & Marketing,3,US,-,https://www.linkedin.com/company/modec-international-incorporated,Modec International Inc.,us_wide_A_vertical,US
https://www.linkedin.com/in/jkellywilson,Kelly Wilson,Kelly,Wilson,Director of Sales and Marketing,3,US,2025-05-01,https://www.linkedin.com/company/modern-mold-and-tool,Modern Mold and Tool,us_wide_B_othertag,US
https://www.linkedin.com/in/mjelizabeth,Michelle James,Michelle,James,Brand & Communications Manager,2,US,2026-02-01,https://www.linkedin.com/company/modulausa,Modula USA,us_wide_A_vertical,US
https://www.linkedin.com/in/sarah-davis-5a1b3a7,Sarah Davis,Sarah,Davis,Senior Director of Global Marketing,3,US,2003-05-01,https://www.linkedin.com/company/mogas-industries-inc-,"MOGAS, A Flowserve Company",us_wide_A_vertical,US
https://www.linkedin.com/in/jessicawoodside1,Jessica Woodside,Jessica,Woodside,Chief Marketing Officer,3,US,2026-03-01,https://www.linkedin.com/company/momar-inc.,"Momar, Inc.",us_wide_A_vertical,US
https://www.linkedin.com/in/david-gonzales-0a86002a,David Gonzales,David,Gonzales,Sr. VP Sales & Marketing,3,US,2012-11-01,https://www.linkedin.com/company/momentumusainc,"Momentum USA, Inc.",us_wide_B_othertag,US
https://www.linkedin.com/in/tobias-fuchs-613b88169,Tobias Fuchs,Tobias,Fuchs,Director of Global Marketing,3,DE,2025-08-01,https://www.linkedin.com/company/monosol-llc,"MonoSol, A Kuraray Company",us_wide_A_vertical,US
https://www.linkedin.com/in/peter-wolffgang-2894099,Peter Wolffgang,Peter,Wolffgang,Head of Global Marketing / Global Key Accoun,3,DE,2020-10-01,https://www.linkedin.com/company/monosol-llc,"MonoSol, A Kuraray Company",us_wide_A_vertical,US
https://www.linkedin.com/in/lou-vazquez-19454913,Lou Vazquez,Lou,Vazquez,Director Marketing,3,US,-,https://www.linkedin.com/company/monterey-boats,Monterey Boats,us_wide_B_othertag,US
https://www.linkedin.com/in/gordon-narburgh-a9767514,Gordon Narburgh,Gordon,Narburgh,VP of Sales & Marketing,3,US,2015-05-01,https://www.linkedin.com/company/monti-inc-,"Monti, Inc.",us_wide_B_othertag,US
https://www.linkedin.com/in/christoph-daun-22a850179,Christoph Daun,Christoph,Daun,Leiter Vertrieb und Marketing Moog Rekofa GmbH,3,DE,2017-01-01,https://www.linkedin.com/company/moog-industrial,Moog Industrial,us_wide_A_vertical,US
https://www.linkedin.com/in/k-scott-saunders-9779957,K. Scott Saunders,K. Scott,Saunders,"VP, Sales and Marketing",3,US,2012-06-01,https://www.linkedin.com/company/moore-industries-international-inc,"Moore Industries-International, Inc.",us_wide_B_othertag,US
https://www.linkedin.com/in/briandbradley,Brian Bradley,Brian,Bradley,Director of Marketing And Product Management,3,US,2023-12-01,https://www.linkedin.com/company/morgan-truck-body,Morgan Truck Body,us_wide_A_vertical,US
https://www.linkedin.com/in/dschwartz1972,Dave Schwartz,Dave,Schwartz,Executive Vice President of Sales and Marketing,3,US,2024-01-01,https://www.linkedin.com/company/gotomorris,Morris,us_wide_B_othertag,US
https://www.linkedin.com/in/amy-schildwaster,Amy Schildwaster,Amy,Schildwaster,Associate Director – Corporate Marketing & Communication,2,US,2026-05-01,https://www.linkedin.com/company/gotomorris,Morris,us_wide_B_othertag,US
https://www.linkedin.com/in/millertj42,Travis Miller,Travis,Miller,Chief Marketing Officer,3,US,2025-12-01,https://www.linkedin.com/company/morrison-industries,Morrison Industries,us_wide_A_vertical,US
https://www.linkedin.com/in/scotttimmer,Scott Timmer,Scott,Timmer,Vice-President Sales and Marketing,3,US,2014-01-01,https://www.linkedin.com/company/morrison-industrial-equipment,Morrison Industrial Equipment,us_wide_A_vertical,US
https://www.linkedin.com/in/andrew-rommann-a8454596,Andrew Rommann,Andrew,Rommann,"Vice President, Sales and Marketing",3,US,2026-04-01,https://www.linkedin.com/company/morton-industries-llc,Morton Industries,us_wide_A_vertical,US
https://www.linkedin.com/in/john-wilson-a6028210b,John Wilson,John,Wilson,Head of Business Development & Marketing,3,GB,2017-01-01,https://www.linkedin.com/company/motiontech-uk,MotionTech UK,us_wide_A_vertical,US
https://www.linkedin.com/in/cristhian-soto,Cristhian Soto,Cristhian,Soto,Business Development Partner,1,GB,2024-01-01,https://www.linkedin.com/company/motiontech-uk,MotionTech UK,us_wide_A_vertical,US
https://www.linkedin.com/in/jasmin-walsh-1a47611a2,Jasmin Walsh,Jasmin,Walsh,Business Development Partner,1,GB,2024-11-01,https://www.linkedin.com/company/motiontech-uk,MotionTech UK,us_wide_A_vertical,US
https://www.linkedin.com/in/jim-utterback-bb9366133,Jim Utterback,Jim,Utterback,Director of Marketing,3,US,2015-07-01,https://www.linkedin.com/company/motor-city-wash-works,Motor City Wash Works,us_wide_A_vertical,US
https://www.linkedin.com/in/remzi-fritscher,Remzi Fritscher,Remzi,Fritscher,Senior Manager of Product Networking,1,US,2026-01-01,https://www.linkedin.com/company/motor-city-wash-works,Motor City Wash Works,us_wide_A_vertical,US
https://www.linkedin.com/in/jenniferparrishcannon,Jennifer C.,Jennifer,C.,Director of Marketing & Communications,2,US,2025-06-01,https://www.linkedin.com/company/motor-controls-inc,Motor Controls Inc. (MCI),us_wide_B_othertag,US
https://www.linkedin.com/in/mike-jensen-8a200214,Mike Jensen,Mike,Jensen,Director Of HVAC Sales & Marketing,3,US,2018-08-01,https://www.linkedin.com/company/mountainland-supply-company,MOUNTAINLAND SUPPLY COMPANY,us_wide_A_vertical,US
https://www.linkedin.com/in/distribution-director-niko-lamminmaki,Niko Lamminmäki,Niko,Lamminmäki,"Director, Distribution Operations & Marketing",1,FI,2023-09-01,https://www.linkedin.com/company/mpp-global,MPP Global,us_wide_B_othertag,US
https://www.linkedin.com/in/mary-o-gorman-15103447,Mary O'Gorman,Mary,O'Gorman,Head of Marketing,3,IE,2023-09-01,https://www.linkedin.com/company/mpp-global,MPP Global,us_wide_B_othertag,US
https://www.linkedin.com/in/kellyblickle,Kelly Blickle,Kelly,Blickle,"Head of Marketing - MPP Global, McCloskey International, and Lippmann",3,US,2023-09-01,https://www.linkedin.com/company/mpp-global,MPP Global,us_wide_B_othertag,US
https://www.linkedin.com/in/bret-ralston-713b8331,Bret Ralston,Bret,Ralston,Senior Director Of Marketing,3,US,2019-01-01,https://www.linkedin.com/company/mrc-global,MRC Global,us_wide_A_vertical,US
https://www.linkedin.com/in/ericemley,Eric Emley,Eric,Emley,Executive Vice President Sales & Marketing,3,US,2024-08-01,https://www.linkedin.com/company/mppinnovation,MPP,us_wide_A_vertical,US
https://www.linkedin.com/in/lester-lauzardo-007,Lester Lauzardo,Lester,Lauzardo,Director of Sales and Marketing,3,US,2026-04-01,https://www.linkedin.com/company/mro-holdings,MRO Holdings Inc.,us_wide_B_othertag,US
https://www.linkedin.com/in/jimmy-hill-a220b6233,Jimmy Hill,Jimmy,Hill,Vice President of Sales and Marketing,3,US,2022-02-01,https://www.linkedin.com/company/mro-holdings,MRO Holdings Inc.,us_wide_B_othertag,US
https://www.linkedin.com/in/dawn-nowicki-a4654613,Dawn Nowicki,Dawn,Nowicki,VP of Marketing,3,US,2014-09-01,https://www.linkedin.com/company/mrp-solutions,MRP Solutions,us_wide_B_othertag,US
https://www.linkedin.com/in/aimee-weber-3583265,Aimee Weber,Aimee,Weber,Marketing Communications Manager,2,US,2012-01-01,https://www.linkedin.com/company/mrp-solutions,MRP Solutions,us_wide_B_othertag,US
https://www.linkedin.com/in/irving-wang-990485,Irving Wang,Irving,Wang,Director of Marketing,3,US,2023-01-01,https://www.linkedin.com/company/mrsi-systems,MRSI SYSTEMS,us_wide_B_othertag,US
https://www.linkedin.com/in/mike-joiner-2439b469,Mike Joiner,Mike,Joiner,Network Systems Manager,1,US,-,https://www.linkedin.com/company/diw-msi,MSI,us_wide_A_vertical,US
https://www.linkedin.com/in/vivien-chao-65b684b,Vivien Chao,Vivien,Chao,VP of Marketing,3,US,2024-01-01,https://www.linkedin.com/company/msi-computer-corp-,MSI Computer Corp. (MSI USA),us_wide_B_othertag,US
https://www.linkedin.com/in/evelane,Eve Austin,Eve,Austin,Director of Marketing and Communications,3,US,2021-09-01,https://www.linkedin.com/company/mechanical-systems-services-inc-,"MSS Solutions, LLC",us_wide_A_vertical,US
https://www.linkedin.com/in/duane-utterback-586b739,Duane Utterback,Duane,Utterback,Director Channel Marketing,1,US,2014-01-01,https://www.linkedin.com/company/mtd-products,MTD Products,us_wide_A_vertical,US
https://www.linkedin.com/in/clay-collins3167,Clay Collins,Clay,Collins,Vice President of Sales and Marketing,3,US,2024-10-01,https://www.linkedin.com/company/mtimotion,MTI Motion,us_wide_A_vertical,US
https://www.linkedin.com/in/roscoe-bufkin-7a1a2120,Roscoe Bufkin,Roscoe,Bufkin,"Vice President, Marketing Communications",2,US,1997-03-01,https://www.linkedin.com/company/mueller-industries,"Mueller Industries, Inc.",us_wide_B_othertag,US
https://www.linkedin.com/in/jonathan-wantz-58709111,Jonathan Wantz,Jonathan,Wantz,Channel Marketing Manager,1,US,2017-01-01,https://www.linkedin.com/company/mueller-industries,"Mueller Industries, Inc.",us_wide_B_othertag,US
https://www.linkedin.com/in/chris-claycomb-443251b9,Chris Claycomb,Chris,Claycomb,Director Marketing and Sales Development,3,US,2008-07-01,https://www.linkedin.com/company/mueller-industries,"Mueller Industries, Inc.",us_wide_B_othertag,US
https://www.linkedin.com/in/tim-keck-b991b721,Tim Keck,Tim,Keck,Vice President Marketing for Industrial Division,3,US,-,https://www.linkedin.com/company/mueller-industries,"Mueller Industries, Inc.",us_wide_B_othertag,US
https://www.linkedin.com/in/harry-mayes-95659794,Harry Mayes,Harry,Mayes,Dealer Development Manager,1,US,1995-09-01,https://www.linkedin.com/company/mtd-products,MTD Products,us_wide_A_vertical,US
https://www.linkedin.com/in/kevin-case-01043745,Kevin Case,Kevin,Case,Dealer Development manager,1,US,2010-03-01,https://www.linkedin.com/company/mtd-products,MTD Products,us_wide_A_vertical,US
https://www.linkedin.com/in/gkirksey1,Greg Kirksey,Greg,Kirksey,"Vice President, Brand and Marketing",3,US,2025-01-01,https://www.linkedin.com/company/mueller-water-products,Mueller Water Products,us_wide_A_vertical,US
https://www.linkedin.com/in/elizabethsims,Elizabeth Crown,Elizabeth,Crown,Director of Product Marketing,3,US,2025-12-01,https://www.linkedin.com/company/mueller-water-products,Mueller Water Products,us_wide_A_vertical,US
https://www.linkedin.com/in/tom-velkovich-8b41062,Tom Velkovich,Tom,Velkovich,"Vice President, OEM, Contractor, Rep Network Sales",1,US,2024-01-01,https://www.linkedin.com/company/mueller-water-products,Mueller Water Products,us_wide_A_vertical,US
https://www.linkedin.com/in/jon-williamson-1667b4,Jon Williamson,Jon,Williamson,Director of Marketing,3,US,2010-09-01,https://www.linkedin.com/company/multiquip-inc.,Multiquip Inc.,us_wide_A_vertical,US
https://www.linkedin.com/in/meredith-ransom-82772210,Meredith Ransom,Meredith,Ransom,Director of Strategic Marketing,3,US,2023-09-01,https://www.linkedin.com/company/murrelektronik-north-america,Murrelektronik North America,us_wide_B_othertag,US
https://www.linkedin.com/in/souphy-chansirik-66972210,Souphy Chansirik,Souphy,Chansirik,Sales / Distribution Development Manager,1,US,2005-01-01,https://www.linkedin.com/company/multiquip-inc.,Multiquip Inc.,us_wide_A_vertical,US
https://www.linkedin.com/in/eric-stover-aa93761,Eric Stover,Eric,Stover,Global Network Manager,1,US,-,https://www.linkedin.com/company/murata-power-solutions,Murata Power Solutions,us_wide_B_othertag,US
https://www.linkedin.com/in/cory-birch-3b83a811,Cory Birch,Cory,Birch,Vice President Marketing,3,US,2025-10-01,https://www.linkedin.com/company/mustang-cat,Mustang Cat,us_wide_A_vertical,US
https://www.linkedin.com/in/ckulhanek,-,-,-,Marketing Communications Manager,2,US,2023-01-01,https://www.linkedin.com/company/mustang-cat,Mustang Cat,us_wide_A_vertical,US
https://www.linkedin.com/in/scott-szweda-8a76782b6,Scott Szweda,Scott,Szweda,"Director, Remarketing/Used Equipment",3,US,-,https://www.linkedin.com/company/murphytractor,"Murphy Tractor & Equipment Co., Inc.",us_wide_A_vertical,US
https://www.linkedin.com/in/lauren-singleton-994a183a,Lauren Singleton,Lauren,Singleton,Marketing Communications Manager,2,US,2023-08-01,https://www.linkedin.com/company/myers-industries,Myers Industries,us_wide_B_othertag,US
https://www.linkedin.com/in/greg-plunkett-67502533,Greg Plunkett,Greg,Plunkett,Director Marketing - B2C,3,US,2024-07-01,https://www.linkedin.com/company/myers-industries,Myers Industries,us_wide_B_othertag,US
https://www.linkedin.com/in/kevin-case-5519a992,Kevin Case,Kevin,Case,Dealer Development Manager,1,US,-,https://www.linkedin.com/company/mtd-products,MTD Products,us_wide_A_vertical,US
https://www.linkedin.com/in/becky-kay-3820773,Becky Kay,Becky,Kay,Marketing Communications Manager,2,US,-,https://www.linkedin.com/company/mtd-products,MTD Products,us_wide_A_vertical,US
https://www.linkedin.com/in/hollomandave,Dave Holloman,Dave,Holloman,Vice President Sales and Marketing,3,US,2023-01-01,https://www.linkedin.com/company/napco-bag-&-film-lp,"NAPCO Bag & Film, LP",us_wide_A_vertical,US
https://www.linkedin.com/in/juneleblanc,-,-,-,Strategic Partnerships Program Manager,1,US,2024-12-01,https://www.linkedin.com/company/naic,National Association of Insurance Commissioners (NAIC),us_wide_A_vertical,US
https://www.linkedin.com/in/tim-wiersma-2890853a,Tim Wiersma,Tim,Wiersma,"Director, Marketing & Business Development",3,US,2014-01-01,https://www.linkedin.com/company/nationalbulkequipment,"National Bulk Equipment, Inc.",us_wide_A_vertical,US
https://www.linkedin.com/in/scottbarley,Scott M. Barley,Scott M.,Barley,Director of Sales & Marketing,3,US,2010-06-01,https://www.linkedin.com/company/national-construction-rentals,National Construction Rentals,us_wide_A_vertical,US
https://www.linkedin.com/in/adam-cook-964635a2,Adam Cook,Adam,Cook,Executive Vice President & Marketing Director,3,US,2016-01-01,https://www.linkedin.com/company/necanet,National Electrical Contractors Association (NECA),us_wide_A_vertical,US
https://www.linkedin.com/in/prasad-mahadev-648bbb8,Prasad Mahadev,Prasad,Mahadev,"Vice President, Sales and Marketing",3,US,2000-08-01,https://www.linkedin.com/company/national-manufacturing-co.-inc.,"National Manufacturing Co., Inc.",us_wide_B_othertag,US
https://www.linkedin.com/in/tamarakullback,Tamara Kullback,Tamara,Kullback,CMO / GM,3,US,2026-03-01,https://www.linkedin.com/company/national-tree-company,National Tree Company,us_wide_A_vertical,US
https://www.linkedin.com/in/josephgrayttu,Joe Gray,Joe,Gray,Partner + Sales & Business Development,1,US,2023-01-01,https://www.linkedin.com/company/national-wholesale-supply-inc.,"NATIONAL WHOLESALE SUPPLY, INC.",us_wide_A_vertical,US
https://www.linkedin.com/in/paty-escobedo-93b641181,Paty Escobedo,Paty,Escobedo,"Senior Executive Asisstant to CEO, CFO, CLO & CMO",3,US,2016-08-01,https://www.linkedin.com/company/naturesweet,NatureSweet,us_wide_A_vertical,US
https://www.linkedin.com/in/brucemccorkle,Bruce McCorkle,Bruce,McCorkle,Marketing Manager - Wholesale / Dealers (a divison of the Brunswick Corporation),1,US,2018-04-01,https://www.linkedin.com/company/navico,Navico Group,us_wide_B_othertag,US
https://www.linkedin.com/in/brettanthonybutler,Brett Butler,Brett,Butler,Marketing Communications Manager,2,US,2023-01-01,https://www.linkedin.com/company/navieninc,"Navien, Inc.",us_wide_A_vertical,US
https://www.linkedin.com/in/brett-bormann-8621237,Brett Bormann,Brett,Bormann,Director Of Business Development and Marketing,3,US,2018-04-01,https://www.linkedin.com/company/navmar-applied-sciences,Navmar Applied Sciences Corporation,us_wide_B_othertag,US
https://www.linkedin.com/in/dan-fenerty-3a061562,Dan Fenerty,Dan,Fenerty,Director of Marketing/Director of Laboratories,3,US,2001-05-01,https://www.linkedin.com/company/navmar-applied-sciences,Navmar Applied Sciences Corporation,us_wide_B_othertag,US
https://www.linkedin.com/in/polly-loneman-mpa-57967364,"Polly Loneman, MPA",Polly,"Loneman, MPA",Vice President of Marketing,3,US,2024-03-01,https://www.linkedin.com/company/ncmic,NCMIC,us_wide_A_vertical,US
https://www.linkedin.com/in/tim-goode-59491b14,Tim Goode,Tim,Goode,Vice President Aftermarket Sales & Marketing,3,US,2018-07-01,https://www.linkedin.com/company/neapco,Neapco,us_wide_A_vertical,US
https://www.linkedin.com/in/lindsayobal,"Lindsay (Woracek) Obal, MBA",Lindsay,"(Woracek) Obal, MBA",Head of Marketing,3,US,-,https://www.linkedin.com/company/nmc-cat,Nebraska Machinery Company,us_wide_A_vertical,US
https://www.linkedin.com/in/danny-vaughan,Danny Vaughan,Danny,Vaughan,Sr. Channel Marketing Manager - AMERS,1,US,2023-10-01,https://www.linkedin.com/company/navico,Navico Group,us_wide_B_othertag,US
https://www.linkedin.com/in/scott-collins-85b1aa12,Scott Collins,Scott,Collins,Director of Marketing,3,US,2022-09-01,https://www.linkedin.com/company/nefco-corporation,NEFCO,us_wide_A_vertical,US
https://www.linkedin.com/in/floramasellis,"Flora Masellis (Choy), MBA",Flora,"Masellis (Choy), MBA",Director of Marketing and Communications,3,US,2025-08-01,https://www.linkedin.com/company/charlotte-pipe-and-foundry-company-infrastructure,Neenah Foundry,us_wide_B_othertag,US
https://www.linkedin.com/in/aur%c3%a9lie-teyssier-8282a442,Aurélie Teyssier,Aurélie,Teyssier,Responsable marketing,3,FR,2018-02-01,https://www.linkedin.com/company/navico,Navico Group,us_wide_B_othertag,US
https://www.linkedin.com/in/denise-chiuccariello-960b7350,Denise Chiuccariello,Denise,Chiuccariello,Director Of Sales And Marketing,3,US,2019-11-01,https://www.linkedin.com/company/gonep,NEP | Custom Cable Assembly Manufacturer,us_wide_B_othertag,US
https://www.linkedin.com/in/thomasmcchesney,Thomas McChesney,Thomas,McChesney,Director of Business Development and Marketing,3,US,2025-02-01,https://www.linkedin.com/company/nera-economic-consulting,NERA,us_wide_A_vertical,US
https://www.linkedin.com/in/michaelflanghoff,Michael Langhoff,Michael,Langhoff,Associate Director Marketing Technology,3,US,2026-07-01,https://www.linkedin.com/company/nera-economic-consulting,NERA,us_wide_A_vertical,US
https://www.linkedin.com/in/leigh-leventhal,Leigh Leventhal,Leigh,Leventhal,Director of Marketing And Business Development,3,US,2026-02-01,https://www.linkedin.com/company/nera-economic-consulting,NERA,us_wide_A_vertical,US
https://www.linkedin.com/in/benjaminseggerson,Benjamin Seggerson,Benjamin,Seggerson,Director of Business Development and Marketing,3,US,2025-02-01,https://www.linkedin.com/company/nera-economic-consulting,NERA,us_wide_A_vertical,US
https://www.linkedin.com/in/jason-maddox-3426b45a,Jason Maddox,Jason,Maddox,Network Infrastructure Manager,1,US,2013-06-01,https://www.linkedin.com/company/netshape-technologies-inc-,"NetShape Technologies, Inc.",us_wide_A_vertical,US
https://www.linkedin.com/in/jeanaedubois,Jeanae DuBois,Jeanae,DuBois,Head of Marketing Communications,2,US,2024-01-01,https://www.linkedin.com/company/netafimusa,Netafim USA,us_wide_A_vertical,US
https://www.linkedin.com/in/rebecca-hall-480a6014,Rebecca Hall,Rebecca,Hall,Marketing Communications Manager,2,US,-,https://www.linkedin.com/company/netafimusa,Netafim USA,us_wide_A_vertical,US
https://www.linkedin.com/in/elliot-kemp-09a758321,Elliot Kemp,Elliot,Kemp,Head of Digital Marketing,3,GB,-,https://www.linkedin.com/company/navico,Navico Group,us_wide_B_othertag,US
https://www.linkedin.com/in/chris-kyle-507b3470,Chris Kyle,Chris,Kyle,2nd Vice President -  Marketing,3,US,2025-01-01,https://www.linkedin.com/company/new-era-life-insurance-companies,New Era Life Insurance Companies,us_wide_A_vertical,US
https://www.linkedin.com/in/dave-collett-10869b178,Dave Collett,Dave,Collett,Sr. VP of Marketing,3,US,2010-07-01,https://www.linkedin.com/company/new-era-life-insurance-companies,New Era Life Insurance Companies,us_wide_A_vertical,US
https://www.linkedin.com/in/fernandez-ricardo-6b015b52,Fernandez Ricardo,Fernandez,Ricardo,Director Marketing,3,ES,-,https://www.linkedin.com/company/new-holland-ce---cnh---fiat-industrial,New Holland CE - CNH - Fiat Industrial,us_wide_A_vertical,US
https://www.linkedin.com/in/katherinelipski,Katherine Lipski,Katherine,Lipski,Marketing Communications Manager,2,US,2022-04-01,https://www.linkedin.com/company/new-hudson-facades,New Hudson Facades,us_wide_A_vertical,US
https://www.linkedin.com/in/theandyjames,Andy James,Andy,James,Vice President and CMO,3,US,2024-03-01,https://www.linkedin.com/company/new-pig,New Pig,us_wide_A_vertical,US
https://www.linkedin.com/in/john-kelley-662a3325,John Kelley,John,Kelley,Vice President Sales & Marketing,3,US,-,https://www.linkedin.com/company/new-penn-motor-express,New Penn Motor Express,us_wide_A_vertical,US
https://www.linkedin.com/in/dave-iannone-328969a,Dave Iannone,Dave,Iannone,Vice President - Sales & Marketing,3,US,-,https://www.linkedin.com/company/new-penn-motor-express,New Penn Motor Express,us_wide_A_vertical,US
https://www.linkedin.com/in/dave-porter-b142722,Dave Porter,Dave,Porter,Executive Vice President Sales Marketing,3,US,2020-02-01,https://www.linkedin.com/company/new-standard-corporation,New Standard Corporation,us_wide_B_othertag,US
https://www.linkedin.com/in/gary-ames-,Gary Ames,Gary,Ames,Vice President of Sales and Marketing,3,US,2024-03-01,https://www.linkedin.com/company/new-standard-corporation,New Standard Corporation,us_wide_B_othertag,US
https://www.linkedin.com/in/ben-zastrow,Ben Zastrow,Ben,Zastrow,Director of Marketing,3,US,-,https://www.linkedin.com/company/new-york-blower-company,New York Blower Company,us_wide_A_vertical,US
https://www.linkedin.com/in/laurenguerra,"Lauren Guerra, M.F.A.",Lauren,"Guerra, M.F.A.",Marketing Communication Manager,2,US,2025-01-01,https://www.linkedin.com/company/newage-industries-advantapure,"NewAge Industries, Inc.",us_wide_A_vertical,US
https://www.linkedin.com/in/donnaaverell,Donna M. Averell,Donna M.,Averell,"Director of Marketing, Owner ~ NewAge Industries, Inc./AdvantaPure/NewAge Performance Products",3,US,2024-01-01,https://www.linkedin.com/company/newage-industries-advantapure,"NewAge Industries, Inc.",us_wide_A_vertical,US
https://www.linkedin.com/in/mariafridy,Maria Fridy,Maria,Fridy,Director of Marketing and Communications,3,US,2025-07-01,https://www.linkedin.com/company/nexairllc,"nexAir, LLC",us_wide_B_othertag,US
https://www.linkedin.com/in/howard-curtis-99a0794,Howard Curtis,Howard,Curtis,EVP Marketing & Brand,3,US,2025-07-01,https://www.linkedin.com/company/nextech-hvacr,Nextech,us_wide_A_vertical,US
https://www.linkedin.com/in/sally-a-boyer-79846a12,Sally A. Boyer,Sally A.,Boyer,Director - Marketing Communications,2,US,2022-01-01,https://www.linkedin.com/company/nibco,NIBCO INC.,us_wide_A_vertical,US
https://www.linkedin.com/in/cherylcoburn,Cheryl Coburn,Cheryl,Coburn,Director of Marketing,3,US,-,https://www.linkedin.com/company/nic-industries-inc,"NIC Industries, Inc.",us_wide_B_othertag,US
https://www.linkedin.com/in/jason-brunelle-193187253,Jason Brunelle,Jason,Brunelle,Certified Network Manager,1,US,2024-01-01,https://www.linkedin.com/company/nic-industries-inc,"NIC Industries, Inc.",us_wide_B_othertag,US
https://www.linkedin.com/in/john-hanson-b9a77b121,John Hanson,John,Hanson,Director of Sales Marketing,3,US,-,https://www.linkedin.com/company/nic-industries-inc,"NIC Industries, Inc.",us_wide_B_othertag,US
https://www.linkedin.com/in/glennfratangelo,Glenn F.,Glenn,F.,Director of Product Marketing,3,US,2026-03-01,https://www.linkedin.com/company/actimize,NICE Actimize,us_wide_A_vertical,US
https://www.linkedin.com/in/anuragmohapatra,Anurag Mohapatra,Anurag,Mohapatra,Director Product Marketing and Fraud Strategy,3,US,2025-01-01,https://www.linkedin.com/company/actimize,NICE Actimize,us_wide_A_vertical,US
https://www.linkedin.com/in/caroline-murphy-b4247865,Caroline Murphy,Caroline,Murphy,"Director of Product Marketing, AML",3,US,2026-05-01,https://www.linkedin.com/company/actimize,NICE Actimize,us_wide_A_vertical,US
https://www.linkedin.com/in/doweiss,Donna Weiss,Donna,Weiss,"VP, Product Strategy and Marketing",3,US,2023-12-01,https://www.linkedin.com/company/actimize,NICE Actimize,us_wide_A_vertical,US
https://www.linkedin.com/in/stephen-madill-34887760,Stephen Madill,Stephen,Madill,Executive Vice President of Sales & Marketing,3,US,2022-03-01,https://www.linkedin.com/company/nichols-portland,Nichols Portland Incorporated,us_wide_A_vertical,US
https://www.linkedin.com/in/thebradlucas,Brad Lucas,Brad,Lucas,"Director, Digital and Marketing Operations",3,US,2025-11-01,https://www.linkedin.com/company/nidec-motor-corporation,Nidec Motor Corporation,us_wide_A_vertical,US
https://www.linkedin.com/in/anna-szczesniak,Anna Szczesniak,Anna,Szczesniak,Global Marketing Communications Director,2,US,2026-01-01,https://www.linkedin.com/company/nidec-motor-corporation,Nidec Motor Corporation,us_wide_A_vertical,US
https://www.linkedin.com/in/alex-wiegmann-70131666,Alex Wiegmann,Alex,Wiegmann,Director of Marketing,3,US,2023-09-01,https://www.linkedin.com/company/nidec-motor-corporation,Nidec Motor Corporation,us_wide_A_vertical,US
https://www.linkedin.com/in/felicia-mutdhastira-23a84024,Felicia Mutdhastira,Felicia,Mutdhastira,"Director, Global Field Marketing",3,US,2018-04-01,https://www.linkedin.com/company/actimize,NICE Actimize,us_wide_A_vertical,US
https://www.linkedin.com/in/vbradford,Valerie Bradford,Valerie,Bradford,Director of Product Marketing,3,US,2025-12-01,https://www.linkedin.com/company/actimize,NICE Actimize,us_wide_A_vertical,US
https://www.linkedin.com/in/laure-pajot-1b58326,Laure Pajot,Laure,Pajot,EMEA Marketing Communications Manager @ Nidec Power/Leroy-Somer,2,FR,2024-04-01,https://www.linkedin.com/company/nidecpower,Nidec Power,us_wide_A_vertical,US
https://www.linkedin.com/in/saravana-cadirvelou-5b5a8b46,Saravana CADIRVELOU,Saravana,CADIRVELOU,Global Product Marketing & Communication Manager _ Smart Power & Connected Solutions,2,FR,2024-11-01,https://www.linkedin.com/company/nidecpower,Nidec Power,us_wide_A_vertical,US
https://www.linkedin.com/in/colinmckissick,Colin McKissick,Colin,McKissick,"Senior Director, Marketing",3,US,2025-06-01,https://www.linkedin.com/company/nidecpower,Nidec Power,us_wide_A_vertical,US
https://www.linkedin.com/in/andrew-garry-36137bb5,Andrew Garry,Andrew,Garry,Vice President Sales and Marketing - EPG Americas,3,US,2023-09-01,https://www.linkedin.com/company/nidecpower,Nidec Power,us_wide_A_vertical,US
https://www.linkedin.com/in/mike-crehan-8ab93a3,Mike Crehan,Mike,Crehan,Network Manager,1,US,2000-03-01,https://www.linkedin.com/company/nidecsvprobe,Nidec SV Probe,us_wide_B_othertag,US
https://www.linkedin.com/in/doug-young-8915071,Doug Young,Doug,Young,VP Sales & Marketing,3,US,-,https://www.linkedin.com/company/nidecsvprobe,Nidec SV Probe,us_wide_B_othertag,US
https://www.linkedin.com/in/melania-charles-a89b20,Melania Charles,Melania,Charles,Vice President Sales and Marketing,3,US,2022-01-01,https://www.linkedin.com/company/nikkiso-ceig,Nikkiso Clean Energy & Industrial Gases,us_wide_A_vertical,US
https://www.linkedin.com/in/cheryl-marcum-2285bb3,Cheryl Marcum,Cheryl,Marcum,Vice President Marketing,3,US,-,https://www.linkedin.com/company/nidec-motor-corporation,Nidec Motor Corporation,us_wide_A_vertical,US
https://www.linkedin.com/in/christy-townsley-5b4a4a12,Christy Townsley,Christy,Townsley,Marketing Director - Distribution,1,US,2022-01-01,https://www.linkedin.com/company/nidec-motor-corporation,Nidec Motor Corporation,us_wide_A_vertical,US
https://www.linkedin.com/in/jim-ellis-33660136,Jim Ellis,Jim,Ellis,"Director, Marketing",3,US,-,https://www.linkedin.com/company/nidec-motor-corporation,Nidec Motor Corporation,us_wide_A_vertical,US
https://www.linkedin.com/in/rich-bardgett-19a10a40,Rich Bardgett,Rich,Bardgett,"Director of Marketing, HVACR OEM",3,US,2020-08-01,https://www.linkedin.com/company/nidec-motor-corporation,Nidec Motor Corporation,us_wide_A_vertical,US
https://www.linkedin.com/in/ghislain-boiteau-4235328,Ghislain Boiteau,Ghislain,Boiteau,VP Sales & Marketing,3,FR,2023-01-01,https://www.linkedin.com/company/nidecpower,Nidec Power,us_wide_A_vertical,US
https://www.linkedin.com/in/romuald-nebout-9a6528239,Romuald NEBOUT,Romuald,NEBOUT,Responsable marketing produit,3,FR,2024-10-01,https://www.linkedin.com/company/nidecpower,Nidec Power,us_wide_A_vertical,US
https://www.linkedin.com/in/holly-hakey-magoon-33745a10,Holly (Hakey) Magoon,Holly,(Hakey) Magoon,Associate Director of Marketing,3,US,2023-10-01,https://www.linkedin.com/company/nikon-advanced-manufacturing,Nikon Advanced Manufacturing,us_wide_B_othertag,US
https://www.linkedin.com/in/anthony-cresswell-71021541,Anthony Cresswell,Anthony,Cresswell,Network Services Manager,1,US,2025-04-01,https://www.linkedin.com/company/nidec-motor-corporation,Nidec Motor Corporation,us_wide_A_vertical,US
https://www.linkedin.com/in/john-mcdevitt-p-e-5034814,"John McDevitt, P.E.",John,"McDevitt, P.E.",Director of Sales and Marketing,3,US,2025-08-01,https://www.linkedin.com/company/nikkiso-ceig,Nikkiso Clean Energy & Industrial Gases,us_wide_A_vertical,US
https://www.linkedin.com/in/cory-greene,Cory Greene,Cory,Greene,"Manager, Network Services",1,US,2022-09-01,https://www.linkedin.com/company/nidec-motor-corporation,Nidec Motor Corporation,us_wide_A_vertical,US
https://www.linkedin.com/in/dennis-sobieck-a8770b12,Dennis Sobieck,Dennis,Sobieck,Director Sales & Marketing,3,US,2000-01-01,https://www.linkedin.com/company/nidec-motor-corporation,Nidec Motor Corporation,us_wide_A_vertical,US
https://www.linkedin.com/in/oscar-olivos-03a70035,Oscar Olivos,Oscar,Olivos,Vice President International Sales & Marketing,3,US,1986-12-01,https://www.linkedin.com/company/nidec-motor-corporation,Nidec Motor Corporation,us_wide_A_vertical,US
https://www.linkedin.com/in/jonathan-f-86165b2a,Jonathan F.,Jonathan,F.,Vice President of Marketing,3,US,2024-01-01,https://www.linkedin.com/company/nivel-parts-and-manufacturing,Nivel Parts and Manufacturing,us_wide_A_vertical,US
https://www.linkedin.com/in/david-deyoung-,David DeYoung,David,DeYoung,Distribution Marketing Manager,1,US,2024-09-01,https://www.linkedin.com/company/nmb-technologies,NMB Technologies Corporation,us_wide_A_vertical,US
https://www.linkedin.com/in/kbastian,Kevin Bastian,Kevin,Bastian,"Marketing Communications Manager, Americas",2,US,2022-01-01,https://www.linkedin.com/company/nook-industries,Nook Industries (A Regal Rexnord Brand),us_wide_A_vertical,US
https://www.linkedin.com/in/buckner80,Rashad Buckner,Rashad,Buckner,Senior Director of Global Marketing,3,US,2023-09-01,https://www.linkedin.com/company/noninmedical,"Nonin Medical, Inc.",us_wide_B_othertag,US
https://www.linkedin.com/in/elizabethreddall,Elizabeth R.,Elizabeth,R.,Director Marketing and Communications/ Marketing Excellence,3,US,2023-06-01,https://www.linkedin.com/company/noninmedical,"Nonin Medical, Inc.",us_wide_B_othertag,US
https://www.linkedin.com/in/arthur-de-ruiter-a156b56,Arthur de Ruiter,Arthur,de Ruiter,Director of Marketing,3,FR,-,https://www.linkedin.com/company/nordam,NORDAM,us_wide_B_othertag,US
https://www.linkedin.com/in/jim-sweedyk-40348912,Jim Sweedyk,Jim,Sweedyk,"Senior Director, Sales & Marketing",3,US,1978-04-01,https://www.linkedin.com/company/nordam,NORDAM,us_wide_B_othertag,US
https://www.linkedin.com/in/steve-einig,"Steve Einig, MBA",Steve,"Einig, MBA","Vice President Marketing, Product Management and Training",3,US,2022-04-01,https://www.linkedin.com/company/nordynellc,"Nordyne, a Rheem Company",us_wide_A_vertical,US
https://www.linkedin.com/in/michaelrollinsglobalexec,Michael Rollins,Michael,Rollins,Vice President - Global Sales and Marketing,3,US,2015-05-01,https://www.linkedin.com/company/norriscylinder,Norris Cylinder Company,us_wide_A_vertical,US
https://www.linkedin.com/in/joyschmelzer,Joy Schmelzer,Joy,Schmelzer,Senior Director of Marketing and Branding,3,US,2023-06-01,https://www.linkedin.com/company/nortech-systems,"Nortech Systems, Inc.",us_wide_B_othertag,US
https://www.linkedin.com/in/cathy-vold,Cathy Vold,Cathy,Vold,Vice President Marketing and Engineering Services,3,US,-,https://www.linkedin.com/company/nortech-systems,"Nortech Systems, Inc.",us_wide_B_othertag,US
https://www.linkedin.com/in/doug-jones-a4887310,Doug Jones,Doug,Jones,Vice President Marketing and Sales,3,US,-,https://www.linkedin.com/company/nordyne,Nortek Global HVAC,us_wide_A_vertical,US
https://www.linkedin.com/in/bob-brooks-4333026,Bob Brooks,Bob,Brooks,Director of Marketing,3,US,1983-01-01,https://www.linkedin.com/company/nordam,NORDAM,us_wide_B_othertag,US
https://www.linkedin.com/in/bob-brooks-535b8111,Bob Brooks,Bob,Brooks,Director of Marketing,3,US,-,https://www.linkedin.com/company/nordam,NORDAM,us_wide_B_othertag,US
https://www.linkedin.com/in/lisa-domec-052890133,Lisa Domec,Lisa,Domec,Director of Business Development & Marketing,3,US,2026-01-01,https://www.linkedin.com/company/northshoresteel,North Shore Steel,us_wide_B_othertag,US
https://www.linkedin.com/in/rick-bolibruch-58a66611,Rick Bolibruch,Rick,Bolibruch,Vice President Sales and Marketing,3,US,2012-10-01,https://www.linkedin.com/company/novum-usa-inc-,Novum USA Inc.,us_wide_A_vertical,US
https://www.linkedin.com/in/danamichaelgardner,Dana Gardner,Dana,Gardner,Director of Marketing,3,US,2024-05-01,https://www.linkedin.com/company/novatec,Novatec,us_wide_B_othertag,US
https://www.linkedin.com/in/lauren-allen-cpm-mba-6992b51b,"Lauren Allen, CPM, MBA",Lauren,"Allen, CPM, MBA",Channel Marketing Manager,1,US,2024-03-01,https://www.linkedin.com/company/nsi-industries-llc,NSI Industries,us_wide_A_vertical,US
https://www.linkedin.com/in/paulhurd1,Paul Hurd,Paul,Hurd,Marketing Communications Manager,2,US,2026-01-01,https://www.linkedin.com/company/ntn-bearing-corporation,NTN Bearing Corporation,us_wide_A_vertical,US
https://www.linkedin.com/in/georgianne-dickey-38136046,Georgianne Dickey,Georgianne,Dickey,Director of Marketing,3,US,2022-01-01,https://www.linkedin.com/company/ntn-bearing-corporation,NTN Bearing Corporation,us_wide_A_vertical,US
https://www.linkedin.com/in/richard-rosenbarger-42a07939,Richard Rosenbarger,Richard,Rosenbarger,Director - Marketing & Technical Services,3,US,-,https://www.linkedin.com/company/ntn-bearing-corporation,NTN Bearing Corporation,us_wide_A_vertical,US
https://www.linkedin.com/in/johnbieb,John Biebelhausen,John,Biebelhausen,"Director, OEM Marketing",3,US,2020-04-01,https://www.linkedin.com/company/nvidia,NVIDIA,us_wide_B_othertag,US
https://www.linkedin.com/in/linwoodriddick,Linwood Riddick,Linwood,Riddick,"Vice President, US Marketing, Home Hemodialysis business",3,US,-,https://www.linkedin.com/company/nxstage-medical,NxStage Home Hemodialysis,us_wide_A_vertical,US
https://www.linkedin.com/in/colin-strain-3248ba53,colin strain,colin,strain,VP Sales and Marketing,3,US,-,https://www.linkedin.com/company/nwi-aerostructures,NWI Aerostructures,us_wide_B_othertag,US
https://www.linkedin.com/in/philip-allen-8494546,Philip Allen,Philip,Allen,VP Sales and Marketing,3,US,-,https://www.linkedin.com/company/nwi-aerostructures,NWI Aerostructures,us_wide_B_othertag,US
https://www.linkedin.com/in/rick-miller-5b53b4231,Rick Miller,Rick,Miller,Director Of Sales Marketing,3,US,-,https://www.linkedin.com/company/ntn-bearing-corporation,NTN Bearing Corporation,us_wide_A_vertical,US
https://www.linkedin.com/in/lasandrabrill,LaSandra Brill,LaSandra,Brill,"Vice President, Global Digital Marketing & Growth",3,US,2023-03-01,https://www.linkedin.com/company/nvidia,NVIDIA,us_wide_B_othertag,US
https://www.linkedin.com/in/andrewallenkemp,Andrew Kemp,Andrew,Kemp,Enterprise Partner Marketing Manager,1,US,2025-10-01,https://www.linkedin.com/company/nvidia,NVIDIA,us_wide_B_othertag,US
https://www.linkedin.com/in/sandeepbrahmarouthu,Sandeep Brahmarouthu,Sandeep,Brahmarouthu,Business Development & Partner GTM Leader,1,US,2024-12-01,https://www.linkedin.com/company/nvidia,NVIDIA,us_wide_B_othertag,US
https://www.linkedin.com/in/jake-robben-84762a33,Jake Robben,Jake,Robben,Vice President of Sales and Marketing,3,US,2024-01-01,https://www.linkedin.com/company/o'fallon-casting,O'Fallon Casting,us_wide_A_vertical,US
https://www.linkedin.com/in/michael-richey-32b17040,Michael Richey,Michael,Richey,Director of Sales and Marketing,3,US,-,https://www.linkedin.com/company/o'neal-manufacturing-services,O'Neal Manufacturing Services,us_wide_A_vertical,US
https://www.linkedin.com/in/amandastorer,Amanda Storer,Amanda,Storer,Director of Marketing - Nucor Insulated Panel Group,3,US,2021-08-01,https://www.linkedin.com/company/nucor-corporation,Nucor Corporation,us_wide_B_othertag,US
https://www.linkedin.com/in/eran-grabiner-98760587,Eran Grabiner,Eran,Grabiner,"Director of Product Management, AI Networking",1,US,2025-01-01,https://www.linkedin.com/company/nvidia,NVIDIA,us_wide_B_othertag,US
https://www.linkedin.com/in/xanderuyleman,Xander Uyleman,Xander,Uyleman,Partner Marketing,1,US,2026-01-01,https://www.linkedin.com/company/nvidia,NVIDIA,us_wide_B_othertag,US
https://www.linkedin.com/in/minesm,Melissa Mines,Melissa,Mines,"Director, Global Marketing Campaigns | EMEA",3,DE,-,https://www.linkedin.com/company/nvidia,NVIDIA,us_wide_B_othertag,US
https://www.linkedin.com/in/aricapo,Aristomenis Capogeannis,Aristomenis,Capogeannis,"Sr. Director, Enterprise Revenue Marketing",3,US,2022-06-01,https://www.linkedin.com/company/nvidia,NVIDIA,us_wide_B_othertag,US
https://www.linkedin.com/in/alisonwagonfeld,Alison Wagonfeld,Alison,Wagonfeld,Chief Marketing Officer,3,US,2026-02-01,https://www.linkedin.com/company/nvidia,NVIDIA,us_wide_B_othertag,US
https://www.linkedin.com/in/katherinelehtinen,Katherine Lehtinen,Katherine,Lehtinen,Senior Vice President Marketing,3,US,2020-01-01,https://www.linkedin.com/company/oatey-company,Oatey Company,us_wide_A_vertical,US
https://www.linkedin.com/in/amandazechiel,Amanda Keiber,Amanda,Keiber,"Senior Director, Marketing Communications",2,US,2023-10-01,https://www.linkedin.com/company/oatey-company,Oatey Company,us_wide_A_vertical,US
https://www.linkedin.com/in/mason-oatey-97a8865,Mason Oatey,Mason,Oatey,"Director, Retail Channel Marketing",1,US,2023-12-01,https://www.linkedin.com/company/oatey-company,Oatey Company,us_wide_A_vertical,US
https://www.linkedin.com/in/kylie-schoppe,Kylie Pachol Schoppe,Kylie,Pachol Schoppe,"Director, Wholesale Channel Marketing",1,US,2025-03-01,https://www.linkedin.com/company/oatey-company,Oatey Company,us_wide_A_vertical,US
https://www.linkedin.com/in/nicole-fournier-0397674,Nicole Fournier,Nicole,Fournier,"Vice President, Global & Retail Marketing",3,US,2025-07-01,https://www.linkedin.com/company/oatey-company,Oatey Company,us_wide_A_vertical,US
https://www.linkedin.com/in/beth-sanger-b2b0b646,Beth Sanger,Beth,Sanger,Marketing Retail Channel Manager,1,US,2025-04-01,https://www.linkedin.com/company/oatey-company,Oatey Company,us_wide_A_vertical,US
https://www.linkedin.com/in/alyssa-carlozzi,Alyssa Carlozzi,Alyssa,Carlozzi,Marketing Communications Manager,2,US,2023-12-01,https://www.linkedin.com/company/oatey-company,Oatey Company,us_wide_A_vertical,US
https://www.linkedin.com/in/cjbcreighton,Chris Brown,Chris,Brown,Inception Program Partner Manager,1,US,2021-10-01,https://www.linkedin.com/company/nvidia,NVIDIA,us_wide_B_othertag,US
https://www.linkedin.com/in/ssneddon,Scott Sneddon,Scott,Sneddon,AI Networking Segment Sales Lead,1,US,2024-05-01,https://www.linkedin.com/company/nvidia,NVIDIA,us_wide_B_othertag,US
https://www.linkedin.com/in/hamsikashetty,Hamsika Shetty,Hamsika,Shetty,OEM Partner Development Manager (Americas & Canada),1,US,2024-10-01,https://www.linkedin.com/company/nvidia,NVIDIA,us_wide_B_othertag,US
https://www.linkedin.com/in/chris-h-b1a4046,Chris H.,Chris,H.,Vice President of Business Development and Marketing,3,US,2025-05-01,https://www.linkedin.com/company/ocean-infinity-llc,Ocean Infinity,us_wide_B_othertag,US
https://www.linkedin.com/in/kenseyedwards,Kensey Edwards,Kensey,Edwards,Director of Marketing,3,US,2025-12-01,https://www.linkedin.com/company/octane-lending,Octane®,us_wide_A_vertical,US
https://www.linkedin.com/in/billmallin,Bill Mallin,Bill,Mallin,"Vice President, Global Marketing and Communications",3,US,-,https://www.linkedin.com/company/oceaneering,Oceaneering,us_wide_B_othertag,US
https://www.linkedin.com/in/philip-d-2467a45,Philip D.,Philip,D.,"Vice President Global Marketing, Communications and Brand",3,US,2024-02-01,https://www.linkedin.com/company/octillion-power-systems,Octillion Power Systems,us_wide_A_vertical,US
https://www.linkedin.com/in/sethlowerymktg,Seth Lowery,Seth,Lowery,Vice President of Marketing,3,US,2024-07-01,https://www.linkedin.com/company/octane-lending,Octane®,us_wide_A_vertical,US
https://www.linkedin.com/in/dave-f-a1786118b,Dave F.,Dave,F.,"Vice-President, Americas Sales and Global Marketing",3,US,2019-09-01,https://www.linkedin.com/company/ohmite-manufacturing,Ohmite Manufacturing,us_wide_B_othertag,US
https://www.linkedin.com/in/jlcoren,Jonathan Coren,Jonathan,Coren,"Director, eCommerce & Digital Marketing, Pet Care",3,US,2022-01-01,https://www.linkedin.com/company/oil-dri-corporation-of-america,Oil-Dri Corporation of America,us_wide_A_vertical,US
https://www.linkedin.com/in/lisa-mak-804b701,Lisa Mak,Lisa,Mak,Vice President of Marketing,3,US,2015-12-01,https://www.linkedin.com/company/oil-dri-corporation-of-america,Oil-Dri Corporation of America,us_wide_A_vertical,US
https://www.linkedin.com/in/reagan-culbertson-71954436,Reagan Culbertson,Reagan,Culbertson,"Vice President of Strategic Marketing, B2B",3,US,2022-12-01,https://www.linkedin.com/company/oil-dri-corporation-of-america,Oil-Dri Corporation of America,us_wide_A_vertical,US
https://www.linkedin.com/in/timothythiessenokuma,Timothy Thiessen,Timothy,Thiessen,Senior Vice President of Sales and Marketing,3,US,2011-04-01,https://www.linkedin.com/company/okuma-america-corporation,Okuma America Corporation,us_wide_B_othertag,US
https://www.linkedin.com/in/annettecarroll,Annette Carroll,Annette,Carroll,Director of Marketing,3,US,2017-01-01,https://www.linkedin.com/company/okuma-america-corporation,Okuma America Corporation,us_wide_B_othertag,US
https://www.linkedin.com/in/mpearsoncasey,Michelle Pearson-Casey,Michelle,Pearson-Casey,Vice President of Corporate Communications & Marketing,2,US,2019-01-01,https://www.linkedin.com/company/olympic-steel,Olympic Steel,us_wide_A_vertical,US
https://www.linkedin.com/in/bill-michaels-12933b157,Bill Michaels,Bill,Michaels,Director of Business Development & Marketing,3,US,2024-08-01,https://www.linkedin.com/company/omco,OMCO,us_wide_A_vertical,US
https://www.linkedin.com/in/coline-pourtier,Coline Pourtier,Coline,Pourtier,Global Marketing Communications Manager,2,US,2023-01-01,https://www.linkedin.com/company/omnetics-connector-corporation,Omnetics Connector Corporation,us_wide_B_othertag,US
https://www.linkedin.com/in/alesandra-blakeston,Alesandra Blakeston,Alesandra,Blakeston,Marketing Communications Manager,2,FR,2020-01-01,https://www.linkedin.com/company/omniseal-solutions,Omniseal Solutions,us_wide_A_vertical,US
https://www.linkedin.com/in/myl%c3%a8ne-tourigny-628ba739,Mylène Tourigny,Mylène,Tourigny,Global Business Development Manager - Industry & Distribution,1,US,2025-09-01,https://www.linkedin.com/company/omniseal-solutions,Omniseal Solutions,us_wide_A_vertical,US
https://www.linkedin.com/in/kasper-ehlert-147a5a42,Kasper Ehlert,Kasper,Ehlert,"Global Director, Sales, Product Management & Marketing",3,DK,2026-06-01,https://www.linkedin.com/company/omniseal-solutions,Omniseal Solutions,us_wide_A_vertical,US
https://www.linkedin.com/in/tashahicks,Tasha Hicks,Tasha,Hicks,Director of Marketing,3,US,2018-04-01,https://www.linkedin.com/company/onesource-distributors,OneSource Distributors,us_wide_B_othertag,US
https://www.linkedin.com/in/michelrosa,Mike Rosa,Mike,Rosa,Chief Marketing Officer (CMO) & SVP of Strategy,3,US,2022-01-01,https://www.linkedin.com/company/onto-innovation,Onto Innovation,us_wide_B_othertag,US
https://www.linkedin.com/in/mary-wu-%e5%90%b4%e6%83%a0%e8%90%8c-phd-4922a715,"Mary Wu, 吴惠萌, PhD",Mary,"Wu, 吴惠萌, PhD",Sr Director of Product Marketing,3,US,2024-10-01,https://www.linkedin.com/company/onto-innovation,Onto Innovation,us_wide_B_othertag,US
https://www.linkedin.com/in/vamsivelidandla,Vamsi Velidandla,Vamsi,Velidandla,"Sr. Director, Marketing",3,US,2019-10-01,https://www.linkedin.com/company/onto-innovation,Onto Innovation,us_wide_B_othertag,US
https://www.linkedin.com/in/al-gamble-722a817,Al Gamble,Al,Gamble,Vice President Marketing,3,US,-,https://www.linkedin.com/company/onto-innovation,Onto Innovation,us_wide_B_othertag,US
https://www.linkedin.com/in/jennyreed,Jenny Reed,Jenny,Reed,Director of Marketing,3,US,2023-07-01,https://www.linkedin.com/company/opointgroup,"OnPoint Group, LLC",us_wide_A_vertical,US
https://www.linkedin.com/in/charlie-betau-40625b14,Charlie Betau,Charlie,Betau,Partner Development Manager,1,US,2020-08-01,https://www.linkedin.com/company/opex-corporation,OPEX Corporation,us_wide_A_vertical,US
https://www.linkedin.com/in/bill-kohler,Bill Kohler,Bill,Kohler,Business Development Manager-Channel,1,US,2026-01-01,https://www.linkedin.com/company/opex-corporation,OPEX Corporation,us_wide_A_vertical,US
https://www.linkedin.com/in/laura-evans-28b4665,Laura Evans,Laura,Evans,Senior Director of Global Marketing,3,US,2026-07-01,https://www.linkedin.com/company/opex-corporation,OPEX Corporation,us_wide_A_vertical,US
https://www.linkedin.com/in/lou-milano-techsales,Lou Milano,Lou,Milano,"Manager, Partner Development",1,US,2019-05-01,https://www.linkedin.com/company/opex-corporation,OPEX Corporation,us_wide_A_vertical,US
https://www.linkedin.com/in/dianamasterson,Diana Masterson,Diana,Masterson,"Manager, Marketing Communications & Campaigns",2,US,2023-05-01,https://www.linkedin.com/company/opex-corporation,OPEX Corporation,us_wide_A_vertical,US
https://www.linkedin.com/in/ben-norris-06a5ab69,Ben Norris,Ben,Norris,Vice President of Sales and Marketing,3,US,2021-05-01,https://www.linkedin.com/company/optex,Optex,us_wide_B_othertag,US
https://www.linkedin.com/in/jeremy-hayes-160b8577,Jeremy Hayes,Jeremy,Hayes,Vice President of Sales and Marketing,3,US,2021-07-01,https://www.linkedin.com/company/optex,Optex,us_wide_B_othertag,US
https://www.linkedin.com/in/gordon-lang-5a6a09,Gordon Lang,Gordon,Lang,Vice President Sales & Marketing,3,US,-,https://www.linkedin.com/company/optex,Optex,us_wide_B_othertag,US
https://www.linkedin.com/in/jindalmehul,Mehul Jindal,Mehul,Jindal,Senior Marketing Communications Manager - Americas,2,US,2025-04-01,https://www.linkedin.com/company/optimas-solutions,Optimas Solutions,us_wide_B_othertag,US
https://www.linkedin.com/in/buriali,Burhan Ali,Burhan,Ali,Director of Product Marketing,3,US,2025-06-01,https://www.linkedin.com/company/onto-innovation,Onto Innovation,us_wide_B_othertag,US
https://www.linkedin.com/in/priya-mukundhan-0961755,Priya Mukundhan,Priya,Mukundhan,"Sr. Director, Product Marketing",3,US,2021-03-01,https://www.linkedin.com/company/onto-innovation,Onto Innovation,us_wide_B_othertag,US
https://www.linkedin.com/in/yu-hsien-jason-lin-12628b2b,Yu-Hsien (Jason) Lin,Yu-Hsien (Jason),Lin,Director of Product Marketing,3,US,2025-05-01,https://www.linkedin.com/company/onto-innovation,Onto Innovation,us_wide_B_othertag,US
https://www.linkedin.com/in/amyshay,Amy Shay,Amy,Shay,"Director, Marketing Communications",2,US,2023-04-01,https://www.linkedin.com/company/onto-innovation,Onto Innovation,us_wide_B_othertag,US
https://www.linkedin.com/in/scott-friedman-33890b2,Scott Friedman,Scott,Friedman,Director of Marketing,3,US,2021-12-01,https://www.linkedin.com/company/opw-vehicle-wash-solutions,OPW Vehicle Wash Solutions,us_wide_B_othertag,US
https://www.linkedin.com/in/sheryl-turner-86234319,Sheryl Turner,Sheryl,Turner,Director of Marketing,3,US,2019-08-01,https://www.linkedin.com/company/opw-vehicle-wash-solutions,OPW Vehicle Wash Solutions,us_wide_B_othertag,US
https://www.linkedin.com/in/lei-zhong,Lei Zhong,Lei,Zhong,Sr. Director of Strategic Marketing,3,US,2023-10-01,https://www.linkedin.com/company/onto-innovation,Onto Innovation,us_wide_B_othertag,US
https://www.linkedin.com/in/destinyskipper,Destiny Skipper,Destiny,Skipper,Channel Marketing Manager - Retail,1,US,2024-09-01,https://www.linkedin.com/company/oregon-tool,Oregon Tool,us_wide_A_vertical,US
https://www.linkedin.com/in/didemtutar,Didem Karpuzcu Tutar,Didem,Karpuzcu Tutar,Retail Channel Marketing Manager,1,US,-,https://www.linkedin.com/company/oregon-tool,Oregon Tool,us_wide_A_vertical,US
https://www.linkedin.com/in/nicolas-de-lannoy,Nicolas de Lannoy,Nicolas,de Lannoy,Brand & Communications Manager - European Zone,2,BE,2023-01-01,https://www.linkedin.com/company/oregon-tool,Oregon Tool,us_wide_A_vertical,US
https://www.linkedin.com/in/kristinfritts,Kristin Fritts,Kristin,Fritts,Vice President Global Marketing,3,US,2025-06-01,https://www.linkedin.com/company/oregon-tool,Oregon Tool,us_wide_A_vertical,US
https://www.linkedin.com/in/stephane-faucher-3ab5209,Stephane Faucher,Stephane,Faucher,"Vice President, Global OEM Sales and Marketing",3,US,2024-06-01,https://www.linkedin.com/company/oregon-tool,Oregon Tool,us_wide_A_vertical,US
https://www.linkedin.com/in/christopherskinner,Chris Skinner,Chris,Skinner,Vice-President Strategic Marketing and R&D,3,BE,2026-05-01,https://www.linkedin.com/company/original-composites-and-fiberglass,Original Composites & Fiberglass,us_wide_B_othertag,US
https://www.linkedin.com/in/suzana-gusa-mam-8a836317,"Suzana Gusa, MAM",Suzana,"Gusa, MAM","Director, Sales Operations & Marketing",3,US,2026-03-01,https://www.linkedin.com/company/orion-energy-systems-inc-,"Orion Energy Systems, Inc.",us_wide_A_vertical,US
https://www.linkedin.com/in/chelsealmeiller,Chelsea Meiller,Chelsea,Meiller,Director of Marketing and Content,3,US,2025-08-01,https://www.linkedin.com/company/ors-nasco,ORS Nasco,us_wide_A_vertical,US
https://www.linkedin.com/in/ron-vivian-77416964,Ron Vivian,Ron,Vivian,Vice President of Sales and Marketing,3,US,1983-07-01,https://www.linkedin.com/company/orora-packaging-solutions,Orora Packaging Solutions,us_wide_A_vertical,US
https://www.linkedin.com/in/dan-legor-99a08b9,Dan Legor,Dan,Legor,Global Director of Marketing,3,US,2016-10-01,https://www.linkedin.com/company/ortholite,OrthoLite,us_wide_A_vertical,US
https://www.linkedin.com/in/jennifer-fritz-19a1b713,Jennifer Fritz,Jennifer,Fritz,"Sr. Director, Program Management & Marketing Operations",3,US,2026-03-01,https://www.linkedin.com/company/oregon-tool,Oregon Tool,us_wide_A_vertical,US
https://www.linkedin.com/in/jessica-gowdy-demars-4b12517,Jessica Gowdy DeMars,Jessica,Gowdy DeMars,Director of Marketing,3,US,2024-10-01,https://www.linkedin.com/company/oregon-tool,Oregon Tool,us_wide_A_vertical,US
https://www.linkedin.com/in/james-oliver-28025611b,James Oliver,James,Oliver,Marketing Manager UK & EMEA Distributors,1,GB,2025-03-01,https://www.linkedin.com/company/oregon-tool,Oregon Tool,us_wide_A_vertical,US
https://www.linkedin.com/in/donna-g-21a4118,Donna G.,Donna,G.,Vice President- Marketing & Operations,3,US,2024-01-01,https://www.linkedin.com/company/osg-usa-inc,"OSG USA, INC.",us_wide_B_othertag,US
https://www.linkedin.com/in/josefinaromano,Josefina Romano,Josefina,Romano,Director Global Marketing,3,US,2023-08-01,https://www.linkedin.com/company/pac,PAC,us_wide_B_othertag,US
https://www.linkedin.com/in/scottashlock4567,Scott Ashlock,Scott,Ashlock,Network Solutions Manager,1,US,2024-04-01,https://www.linkedin.com/company/paccar,PACCAR,us_wide_A_vertical,US
https://www.linkedin.com/in/jeroen-paijmans-04b0885,Jeroen Paijmans,Jeroen,Paijmans,Director Of Marketing And Business Development,3,NL,2016-11-01,https://www.linkedin.com/company/paccar,PACCAR,us_wide_A_vertical,US
https://www.linkedin.com/in/adam-fray-marketing-professional,Adam Fray,Adam,Fray,Vice President of Global Marketing,3,US,2025-04-01,https://www.linkedin.com/company/packsize,Packsize,us_wide_B_othertag,US
https://www.linkedin.com/in/cameron-stout1,Cameron Stout,Cameron,Stout,"Vice President, Partnership Development",1,US,2026-01-01,https://www.linkedin.com/company/packsize,Packsize,us_wide_B_othertag,US
https://www.linkedin.com/in/bas-van-steenoven-8219523,Bas van Steenoven,Bas,van Steenoven,"Director of Marketing, Europe",3,NL,2025-10-01,https://www.linkedin.com/company/packsize,Packsize,us_wide_B_othertag,US
https://www.linkedin.com/in/matthew-heitmeier-39910033,Matthew Heitmeier,Matthew,Heitmeier,Director of Non-Ferrous Marketing and International Trade,3,US,-,https://www.linkedin.com/company/padnos,PADNOS,us_wide_B_othertag,US
https://www.linkedin.com/in/heatherpoulin,Heather Poulin,Heather,Poulin,Senior Director of Marketing,3,US,2024-08-01,https://www.linkedin.com/company/paigeconnected,Paige,us_wide_A_vertical,US
https://www.linkedin.com/in/lucas-rodriguez-de-los-santos-4083912a,Lucas Rodriguez de los Santos,Lucas,Rodriguez de los Santos,"Business Development Partner, UK & EU | PakTech",1,GB,2025-03-01,https://www.linkedin.com/company/paktech,PakTech,us_wide_B_othertag,US
https://www.linkedin.com/in/rik-hendriks-,Rik Hendriks,Rik,Hendriks,Business Development Partner,1,NL,2026-04-01,https://www.linkedin.com/company/paktech,PakTech,us_wide_B_othertag,US
https://www.linkedin.com/in/paul-roy-32241212,Paul Roy,Paul,Roy,Senior Vice President of Global Partnerships and Business Development,1,US,2025-04-01,https://www.linkedin.com/company/packsize,Packsize,us_wide_B_othertag,US
https://www.linkedin.com/in/gregharbinson,Greg Harbinson,Greg,Harbinson,"Director, Marketing",3,US,2025-03-01,https://www.linkedin.com/company/packsize,Packsize,us_wide_B_othertag,US
https://www.linkedin.com/in/hollybusalacki,Holly Busalacki,Holly,Busalacki,Director of Marketing,3,US,2026-03-01,https://www.linkedin.com/company/packsize,Packsize,us_wide_B_othertag,US
https://www.linkedin.com/in/miguel-canizalez-iii-46444a183,Miguel Canizalez III,Miguel,Canizalez III,Global Lead Development & Channel Partner Management,1,US,2026-01-01,https://www.linkedin.com/company/panametricscompany,Panametrics,us_wide_A_vertical,US
https://www.linkedin.com/in/annabel-mcelfresh-68670a1b5,Annabel McElfresh,Annabel,McElfresh,Learning Partner- Onboarding & Career Development,1,US,2025-06-01,https://www.linkedin.com/company/packsize,Packsize,us_wide_B_othertag,US
https://www.linkedin.com/in/lesleykantor,Lesley Kantor,Lesley,Kantor,Chief Marketing Officer,3,US,2018-09-01,https://www.linkedin.com/company/panavision,Panavision,us_wide_B_othertag,US
https://www.linkedin.com/in/jim-roudebush-0467726,Jim Roudebush,Jim,Roudebush,Vice President Marketing,3,US,1990-01-01,https://www.linkedin.com/company/panavision,Panavision,us_wide_B_othertag,US
https://www.linkedin.com/in/catherineaconroy,"Catherine Conroy, MBA","Catherine Conroy,",MBA,Director of Marketing,3,US,-,https://www.linkedin.com/company/panduit,Panduit,us_wide_B_othertag,US
https://www.linkedin.com/in/bradwittenkeller,Brad Wittenkeller,Brad,Wittenkeller,Global Channel Program Manager,1,US,2015-07-01,https://www.linkedin.com/company/panduit,Panduit,us_wide_B_othertag,US
https://www.linkedin.com/in/julio-juarez-b2503810,Julio Juarez,Julio,Juarez,Network & Infrastructure Manager,1,US,-,https://www.linkedin.com/company/panavision,Panavision,us_wide_B_othertag,US
https://www.linkedin.com/in/gail-savarese-3a980236,Gail Savarese,Gail,Savarese,Director of Marketing/Lighting,3,US,-,https://www.linkedin.com/company/panavision,Panavision,us_wide_B_othertag,US
https://www.linkedin.com/in/tracysherk,Tracy Sherk,Tracy,Sherk,Senior Director of Marketing,3,US,2025-06-01,https://www.linkedin.com/company/par-systems,PAR Systems,us_wide_A_vertical,US
https://www.linkedin.com/in/umar-syed,Umar Syed,Umar,Syed,Product Line Manager - Inflight Connectivity & Ground Networks,1,US,2022-09-01,https://www.linkedin.com/company/panasonic-avionics-corporation,Panasonic Avionics Corporation,us_wide_B_othertag,US
https://www.linkedin.com/in/ntmiranda,Nuno Trigo de Miranda,Nuno,Trigo de Miranda,"Account Director, Sales and Marketing",3,ES,2019-01-01,https://www.linkedin.com/company/panasonic-avionics-corporation,Panasonic Avionics Corporation,us_wide_B_othertag,US
https://www.linkedin.com/in/tombrooks24,Tom Brooks,Tom,Brooks,Manager - Inside Sales - Network Infrastructure,1,US,2023-01-01,https://www.linkedin.com/company/panduit,Panduit,us_wide_B_othertag,US
https://www.linkedin.com/in/fmazzuca,Frank Mazzuca,Frank,Mazzuca,Channel Program Manager,1,US,2026-02-01,https://www.linkedin.com/company/panduit,Panduit,us_wide_B_othertag,US
https://www.linkedin.com/in/sarah-chavez-80540b24,Sarah Chavez,Sarah,Chavez,Channel Marketing Manager,1,US,-,https://www.linkedin.com/company/panduit,Panduit,us_wide_B_othertag,US
https://www.linkedin.com/in/meaganhegland,Meagan Hegland,Meagan,Hegland,Vice President of Sales & Marketing,3,US,2024-08-01,https://www.linkedin.com/company/park-industries,Park Industries,us_wide_B_othertag,US
https://www.linkedin.com/in/mollykhauer,Molly Hauer,Molly,Hauer,Director of Marketing,3,US,2024-05-01,https://www.linkedin.com/company/park-industries,Park Industries,us_wide_B_othertag,US
https://www.linkedin.com/in/fima-koreban-49ab443,Fima Koreban,Fima,Koreban,Sr. Manager in Global Network Operation Engineering,1,US,2018-08-01,https://www.linkedin.com/company/panasonic-avionics-corporation,Panasonic Avionics Corporation,us_wide_B_othertag,US
https://www.linkedin.com/in/tronytigno,Trony Tigno,Trony,Tigno,"Network Operations Engineer IV / Manager, Change Management",1,US,2023-07-01,https://www.linkedin.com/company/panasonic-avionics-corporation,Panasonic Avionics Corporation,us_wide_B_othertag,US
https://www.linkedin.com/in/justine-uyemura-b403aa6,Justine Uyemura,Justine,Uyemura,Vice President Marketing,3,US,2014-01-01,https://www.linkedin.com/company/parpro,"PARPRO, Inc. - Partners in Production",us_wide_B_othertag,US
https://www.linkedin.com/in/nicole-hart-25833a1b,Nicole Hart,Nicole,Hart,Director of Strategic Marketing,3,US,2026-04-01,https://www.linkedin.com/company/particle-measuring-systems,Particle Measuring Systems,us_wide_A_vertical,US
https://www.linkedin.com/in/nina-morton-8aba763,Nina Morton,Nina,Morton,Head of Global Marketing and Communications,3,US,2015-09-01,https://www.linkedin.com/company/particle-measuring-systems,Particle Measuring Systems,us_wide_A_vertical,US
https://www.linkedin.com/in/dawnmjacobs,Dawn Jacobs,Dawn,Jacobs,Vice President of Marketing & eCommerce,3,US,2025-10-01,https://www.linkedin.com/company/parts-asap,Parts ASAP (formerly All States Ag Parts),us_wide_A_vertical,US
https://www.linkedin.com/in/neil-broccardo-013ba767,Neil Broccardo,Neil,Broccardo,Channel Program Manager,1,US,-,https://www.linkedin.com/company/panduit,Panduit,us_wide_B_othertag,US
https://www.linkedin.com/in/chris-meadows-90064613,Chris Meadows,Chris,Meadows,"Manager, Partner Programs and Operations",1,US,-,https://www.linkedin.com/company/panduit,Panduit,us_wide_B_othertag,US
https://www.linkedin.com/in/ana-a-5b5842b,Ana A.,Ana,A.,"Vice President, Marketing",3,US,2022-02-01,https://www.linkedin.com/company/panduit,Panduit,us_wide_B_othertag,US
https://www.linkedin.com/in/nicole-murray-aa07b2143,Nicole Murray,Nicole,Murray,Channel Program Manager,1,US,2017-01-01,https://www.linkedin.com/company/panduit,Panduit,us_wide_B_othertag,US
https://www.linkedin.com/in/dave-dunnigan-6b64bb4,Dave Dunnigan,Dave,Dunnigan,Marketing Communication Manager,2,US,2011-08-01,https://www.linkedin.com/company/panduit,Panduit,us_wide_B_othertag,US
https://www.linkedin.com/in/gary-hochman-214ab61b,GARY HOCHMAN,GARY,HOCHMAN,Vice President Marketing & Business Development,3,US,-,https://www.linkedin.com/company/partsbase-com,PartsBase Inc.,us_wide_B_othertag,US
https://www.linkedin.com/in/ethan-rejto,Ethan Rejto,Ethan,Rejto,Head of Marketing,3,US,2025-09-01,https://www.linkedin.com/company/path-robotics,Path Robotics,us_wide_B_othertag,US
https://www.linkedin.com/in/annacn,Anna Parker,Anna,Parker,VP of Marketing,3,US,2022-10-01,https://www.linkedin.com/company/patrickindustries,"Patrick Industries, Inc.",us_wide_B_othertag,US
https://www.linkedin.com/in/patrick-mccoy-38847969,Patrick McCoy,Patrick,McCoy,Director of Sales & Marketing,3,US,2016-02-01,https://www.linkedin.com/company/paulson-manufacturing-corp.,Paulson Manufacturing Corp.,us_wide_A_vertical,US
https://www.linkedin.com/in/nikki-e-kapilevich-mba-4637933,"Nikki E. Kapilevich, MBA",Nikki E.,"Kapilevich, MBA","Director, Global Marketing",3,US,2015-07-01,https://www.linkedin.com/company/pcb-piezotronics,"PCB Piezotronics, Inc.",us_wide_B_othertag,US
https://www.linkedin.com/in/ericyax,Eric Yax,Eric,Yax,Director Sales & Marketing,3,US,2008-01-01,https://www.linkedin.com/company/pcb-piezotronics,"PCB Piezotronics, Inc.",us_wide_B_othertag,US
https://www.linkedin.com/in/john-eby-a3605841,John Eby,John,Eby,Director of Sales and Marketing,3,US,2017-12-01,https://www.linkedin.com/company/pce-inc-,PCE Inc.,us_wide_A_vertical,US
https://www.linkedin.com/in/robert-bob-mangiaforte-9b0250a,Robert (Bob) Mangiaforte,Robert (Bob),Mangiaforte,Senior Director of Sales and Marketing,3,US,2023-03-01,https://www.linkedin.com/company/pcigases,PCI Gases,us_wide_A_vertical,US
https://www.linkedin.com/in/tom-berchulc-,Tom Berchulc,Tom,Berchulc,Vice President of Sales and Marketing,3,US,2024-08-01,https://www.linkedin.com/company/peaktoolworks,Peak Toolworks,us_wide_B_othertag,US
https://www.linkedin.com/in/shawn-zeilenga-2b8ab512,Shawn Zeilenga,Shawn,Zeilenga,Director of Marketing,3,US,2020-01-01,https://www.linkedin.com/company/peddinghaus-corporation,Peddinghaus Corporation,us_wide_B_othertag,US
https://www.linkedin.com/in/stuartrawling,Stuart Rawling,Stuart,Rawling,Director of Segment Marketing,3,US,-,https://www.linkedin.com/company/pelco,Pelco,us_wide_B_othertag,US
https://www.linkedin.com/in/katiemcelroy3211,Katie McElroy,Katie,McElroy,VP of Marketing,3,US,2025-01-01,https://www.linkedin.com/company/pelican-products-inc-,"Pelican Products, Inc.",us_wide_A_vertical,US
https://www.linkedin.com/in/francesco-della-mora-3bb59,Francesco Della Mora,Francesco,Della Mora,Vice President of Sales and Marketing EMEAI,3,ES,2022-04-01,https://www.linkedin.com/company/pelican-products-inc-,"Pelican Products, Inc.",us_wide_A_vertical,US
https://www.linkedin.com/in/matt-monday-3a06164,Matt Monday,Matt,Monday,Network Manager,1,US,2007-01-01,https://www.linkedin.com/company/pemco-conversions,Pemco Conversions,us_wide_B_othertag,US
https://www.linkedin.com/in/blake-gardner-2a0439a6,Blake Gardner,Blake,Gardner,Director of Marketing,3,US,2014-07-01,https://www.linkedin.com/company/pencomsf,PENCOM,us_wide_B_othertag,US
https://www.linkedin.com/in/sarena-krueger,Sarena Krueger,Sarena,Krueger,Vice President Marketing,3,US,2020-06-01,https://www.linkedin.com/company/penda-corporation,Penda,us_wide_A_vertical,US
https://www.linkedin.com/in/michael-deckard-6115615,Michael Deckard,Michael,Deckard,"Vice President, Marketing & Sales",3,US,2005-11-01,https://www.linkedin.com/company/penda-corporation,Penda,us_wide_A_vertical,US
https://www.linkedin.com/in/mike-freye-116a3253,Mike Freye,Mike,Freye,Director of Marketing & Sales Operations,3,US,-,https://www.linkedin.com/company/penda-corporation,Penda,us_wide_A_vertical,US
https://www.linkedin.com/in/nicolas-rivollet-5285b72,Nicolas Rivollet,Nicolas,Rivollet,Vice President of Marketing,3,US,2020-12-01,https://www.linkedin.com/company/penn-color-inc,"Penn Color, Inc.",us_wide_B_othertag,US
https://www.linkedin.com/in/mcgarrity-dave-b3623932,McGarrity Dave,McGarrity,Dave,vp sales and marketing,3,US,-,https://www.linkedin.com/company/penn-color-inc,"Penn Color, Inc.",us_wide_B_othertag,US
https://www.linkedin.com/in/christopher-hurtle,Christopher Hurtle,Christopher,Hurtle,"Manager, End User Services & Network Infrastructure",1,US,2025-10-01,https://www.linkedin.com/company/pei-genesis,PEI-Genesis,us_wide_B_othertag,US
https://www.linkedin.com/in/fran-orobono-jr,Fran Orobono Jr,Fran,Orobono Jr,"Senior Vice President, Sales and Marketing",3,US,2024-04-01,https://www.linkedin.com/company/penn-power-group,Penn Power Group,us_wide_A_vertical,US
https://www.linkedin.com/in/stephanielanzilotta,"Stephanie Lanzilotta, MBA",Stephanie,"Lanzilotta, MBA",Director of Marketing,3,US,2021-05-01,https://www.linkedin.com/company/penn-power-group,Penn Power Group,us_wide_A_vertical,US
https://www.linkedin.com/in/derek-pugh-mba-12640957,"Derek Pugh, MBA",Derek,"Pugh, MBA",Director of Sales & Marketing-Engineered Products/Structures Group,3,US,2026-03-01,https://www.linkedin.com/company/penn-aero,PennAero,us_wide_A_vertical,US
https://www.linkedin.com/in/kristen-emigh,"Kristen Emigh, MSPM",Kristen,"Emigh, MSPM","Vice President, Sales & Marketing",3,US,2025-08-01,https://www.linkedin.com/company/penn-aero,PennAero,us_wide_A_vertical,US
https://www.linkedin.com/in/brian-c-3b41a99,Brian C.,Brian,C.,Vice President of Sales & Marketing,3,US,2024-11-01,https://www.linkedin.com/company/pennant-moldings,"Pennant Moldings, Inc.",us_wide_A_vertical,US
https://www.linkedin.com/in/suzannelawton,Suzanne Lawton,Suzanne,Lawton,Vice President Marketing & Communications,2,US,2018-10-01,https://www.linkedin.com/company/pennengineering,PennEngineering®,us_wide_B_othertag,US
https://www.linkedin.com/in/richard-dell-5227513,Richard Dell,Richard,Dell,"Vice President of Sales, Marketing and Project Management",3,US,2015-01-01,https://www.linkedin.com/company/pennsylvania-transformer-technology-inc-,Pennsylvania Transformer Technology LLC (PTT),us_wide_A_vertical,US
https://www.linkedin.com/in/tmorrismarketing,Tara Morris,Tara,Morris,Vice President of Brand Marketing,3,US,2025-10-01,https://www.linkedin.com/company/perfectiongrouphvac,Perfection Group,us_wide_A_vertical,US
https://www.linkedin.com/in/meg-e-taylor,Meg Taylor,Meg,Taylor,"Director, Internal Marketing + Communications",3,US,2025-09-01,https://www.linkedin.com/company/perfectiongrouphvac,Perfection Group,us_wide_A_vertical,US
https://www.linkedin.com/in/ryanchristopherthompson,Ryan Thompson,Ryan,Thompson,Director of Marketing Operations,3,US,2025-10-01,https://www.linkedin.com/company/perfectiongrouphvac,Perfection Group,us_wide_A_vertical,US
https://www.linkedin.com/in/chris-rizen-62399a16,Chris Rizen,Chris,Rizen,Executive Vice President of Sales and Marketing,3,US,2023-06-01,https://www.linkedin.com/company/performairinternational,Perform Air International Inc.,us_wide_A_vertical,US
https://www.linkedin.com/in/gustavo-olano,Gustavo Olano,Gustavo,Olano,Senior Director of Marketing,3,US,2024-10-01,https://www.linkedin.com/company/permag,Permag,us_wide_B_othertag,US
https://www.linkedin.com/in/rogermountford,Roger Mountford,Roger,Mountford,Vice President Sales Marketing,3,US,2024-05-01,https://www.linkedin.com/company/permag,Permag,us_wide_B_othertag,US
https://www.linkedin.com/in/george-teets-2a7965a,George Teets,George,Teets,Director of Sales & Marketing,3,US,2014-01-01,https://www.linkedin.com/company/permaswage,Permaswage,us_wide_A_vertical,US
https://www.linkedin.com/in/mark-assenmacher-4641126,Mark Assenmacher,Mark,Assenmacher,Director of Marketing,3,US,1997-09-01,https://www.linkedin.com/company/peterson-manufacturing-co,Peterson Manufacturing Co,us_wide_A_vertical,US
https://www.linkedin.com/in/missy-pinksaw-60605380,Missy Pinksaw,Missy,Pinksaw,Director of Marketing,3,US,2022-07-01,https://www.linkedin.com/company/peterson-manufacturing-co,Peterson Manufacturing Co,us_wide_A_vertical,US
https://www.linkedin.com/in/al-anderson-55a36010,Al Anderson,Al,Anderson,Vice President of Sales and Marketing,3,US,2020-03-01,https://www.linkedin.com/company/peterson-manufacturing-co,Peterson Manufacturing Co,us_wide_A_vertical,US
https://www.linkedin.com/in/lauren-ramsey-ms,"Lauren Ramsey, MS",Lauren,"Ramsey, MS",Vice President of US Marketing,3,US,2024-04-01,https://www.linkedin.com/company/phillips-corporation,Phillips Corporation,us_wide_B_othertag,US
https://www.linkedin.com/in/shannon-stanley-a9698a31,Shannon Stanley,Shannon,Stanley,Partner Development and Safety Specialist,1,US,2026-01-01,https://www.linkedin.com/company/phillips-corporation,Phillips Corporation,us_wide_B_othertag,US
https://www.linkedin.com/in/jeannet-trott-6411ba149,Jeannet Trott,Jeannet,Trott,Vice President - Partner Development,1,US,2025-10-01,https://www.linkedin.com/company/phillips-corporation,Phillips Corporation,us_wide_B_othertag,US
https://www.linkedin.com/in/ambervinson333,-,-,-,Global Vice President of Marketing,3,US,2023-08-01,https://www.linkedin.com/company/phillips-industries,Phillips Industries,us_wide_A_vertical,US
https://www.linkedin.com/in/thomas-bravek-57037b102,Thomas Bravek,Thomas,Bravek,Senior Network Manager,1,US,2025-01-01,https://www.linkedin.com/company/phillips-industries,Phillips Industries,us_wide_A_vertical,US
https://www.linkedin.com/in/catherine-martin-5535626,Catherine Martin,Catherine,Martin,Vice President of Marketing & Communications,2,US,2021-01-01,https://www.linkedin.com/company/phillips-tube-group,"Phillips Tube Group, Inc.",us_wide_A_vertical,US
https://www.linkedin.com/in/joyce-kilmer-4b368b49,joyce kilmer,joyce,kilmer,Director of Marketing,3,US,2005-11-01,https://www.linkedin.com/company/photonics-industries-inc,Photonics Industries Inc,us_wide_A_vertical,US
https://www.linkedin.com/in/glenn-king-20835b2,Glenn King,Glenn,King,Director of Marketing,3,US,2016-01-01,https://www.linkedin.com/company/piedmont-plastics,Piedmont Plastics,us_wide_A_vertical,US
https://www.linkedin.com/in/amy-woodard-684b543a,Amy Woodard,Amy,Woodard,Marketing & Communications Manager,2,US,2018-12-01,https://www.linkedin.com/company/piedmont-plastics,Piedmont Plastics,us_wide_A_vertical,US
https://www.linkedin.com/in/tyler-ista-37b42522,Tyler Ista,Tyler,Ista,Product Development Specialist / Partner,1,US,2018-03-01,https://www.linkedin.com/company/pinjack-international,PinJack International,us_wide_B_othertag,US
https://www.linkedin.com/in/rubenlugo,Ruben Lugo,Ruben,Lugo,Director of Sales and Marketing,3,US,2025-03-01,https://www.linkedin.com/company/pioneer-circuits-inc,"Pioneer Circuits, Inc.",us_wide_B_othertag,US
https://www.linkedin.com/in/scott-b-91051b153,Scott B.,Scott,B.,Network Manager,1,US,1997-04-01,https://www.linkedin.com/company/piovangroup-na,PiovanGroup North America,us_wide_B_othertag,US
https://www.linkedin.com/in/jon-beere-2915947,Jon Beere,Jon,Beere,Director of Sales and Marketing,3,US,1991-10-01,https://www.linkedin.com/company/pioneer-products-inc.,Pioneer Products Inc.,us_wide_B_othertag,US
https://www.linkedin.com/in/ron-gunnarson-07a678114,Ron Gunnarson,Ron,Gunnarson,"Vice President - Sales, Marketing and Customer Support",3,US,2017-01-01,https://www.linkedin.com/company/piper-aircraft,Piper Aircraft,us_wide_B_othertag,US
https://www.linkedin.com/in/danni-argu-52148aba,Danni argu,Danni,argu,Head of Marketing,3,US,-,https://www.linkedin.com/company/piper-aircraft,Piper Aircraft,us_wide_B_othertag,US
https://www.linkedin.com/in/jennherman,Jenn Herman,Jenn,Herman,Director of Marketing & Communications,2,US,2012-03-01,https://www.linkedin.com/company/pkl-services,PKL Services,us_wide_B_othertag,US
https://www.linkedin.com/in/janetmegdadi,Janet Megdadi,Janet,Megdadi,SVP Sales and Marketing at Plansense,3,US,2026-01-01,https://www.linkedin.com/company/planesense-inc-,"PlaneSense, Inc.",us_wide_B_othertag,US
https://www.linkedin.com/in/tiffnelson,Tiffany Nelson,Tiffany,Nelson,"Director, Marketing & Communications",2,US,2023-03-01,https://www.linkedin.com/company/planesense-inc-,"PlaneSense, Inc.",us_wide_B_othertag,US
https://www.linkedin.com/in/joel-sawyer-1252382,Joel Sawyer,Joel,Sawyer,Director of Marketing and Sustainability,3,US,2023-10-01,https://www.linkedin.com/company/placon-corporation,Placon Corporation,us_wide_B_othertag,US
https://www.linkedin.com/in/mariammktg,Maria K.,Maria,K.,"Director, Marketing",3,US,2024-01-01,https://www.linkedin.com/company/plasma-computing-group-inc-,Plasma,us_wide_A_vertical,US
https://www.linkedin.com/in/kurt-wolschleger-4755a74b,Kurt Wolschleger,Kurt,Wolschleger,VP of Global Categories and Marketing,3,US,2024-08-01,https://www.linkedin.com/company/plastipak,Plastipak,us_wide_A_vertical,US
https://www.linkedin.com/in/donna-kelner-62baba50,Donna Kelner,Donna,Kelner,Director of Marketing,3,US,2007-11-01,https://www.linkedin.com/company/plasticade,Plasticade,us_wide_B_othertag,US
https://www.linkedin.com/in/hollyboth,Holly Both,Holly,Both,Vice President of Sales & Marketing,3,US,2024-05-01,https://www.linkedin.com/company/plymouth-tube-company,Plymouth Tube Company,us_wide_A_vertical,US
https://www.linkedin.com/in/bhavisha-patel-a94250,Bhavisha Patel,Bhavisha,Patel,Director of Marketing,3,US,2024-10-01,https://www.linkedin.com/company/plymouth-tube-company,Plymouth Tube Company,us_wide_A_vertical,US
https://www.linkedin.com/in/steve-bohnenkamp-03b08a9,Steve Bohnenkamp,Steve,Bohnenkamp,"Vice President, Sales & Marketing",3,US,-,https://www.linkedin.com/company/plymouth-tube-company,Plymouth Tube Company,us_wide_A_vertical,US
https://www.linkedin.com/in/doug-drummond-0189aab,Doug Drummond,Doug,Drummond,Vice President of Sales & Marketing,3,US,2025-01-01,https://www.linkedin.com/company/polygon-composites,Polygon Composites Technology,us_wide_A_vertical,US
https://www.linkedin.com/in/danieljcoelho,Daniel Coelho,Daniel,Coelho,Director of Marketing & Graphic Design,3,US,2009-07-01,https://www.linkedin.com/company/polylok-inc-,"Polylok, Inc.",us_wide_B_othertag,US
https://www.linkedin.com/in/stephanieporter2,Stephanie Porter-Bodziach,Stephanie,Porter-Bodziach,Executive Director of Marketing & Sales Enablement,3,US,2026-01-01,https://www.linkedin.com/company/porterpipesupply,Porter Pipe & Supply,us_wide_A_vertical,US
https://www.linkedin.com/in/tracy-guilford-1b210a8,Tracy Guilford,Tracy,Guilford,Head of Marketing,3,US,2026-04-01,https://www.linkedin.com/company/positecusa,PositecUSA,us_wide_A_vertical,US
https://www.linkedin.com/in/stefaniagarzon,Stefania Garzon,Stefania,Garzon,Director of Brand Marketing,3,US,2025-06-01,https://www.linkedin.com/company/positecusa,PositecUSA,us_wide_A_vertical,US
https://www.linkedin.com/in/joedebicella,Joe Debicella,Joe,Debicella,"VP of Ecommerce, Digital Marketing & IT",3,US,2023-09-01,https://www.linkedin.com/company/positecusa,PositecUSA,us_wide_A_vertical,US
https://www.linkedin.com/in/corinna-foley-3b804088,Corinna Foley,Corinna,Foley,Director of Sales & Marketing,3,US,-,https://www.linkedin.com/company/positronic-industries,Positronic Amphenol,us_wide_B_othertag,US
https://www.linkedin.com/in/tyler-barnes-mba,Tyler Barnes,Tyler,Barnes,Global Vice President - Marketing and Sales,3,US,2023-03-01,https://www.linkedin.com/company/powdr-corp,POWDR,us_wide_B_othertag,US
https://www.linkedin.com/in/casey-scherer-9b503a25,Casey Scherer,Casey,Scherer,"Director, Portfolio Marketing Strategy & Innovation",3,US,2021-10-01,https://www.linkedin.com/company/powdr-corp,POWDR,us_wide_B_othertag,US
https://www.linkedin.com/in/john-barrington-9113796,John Barrington,John,Barrington,Vice President of Marketing,3,US,2012-03-01,https://www.linkedin.com/company/powell-electronics,Powell Electronics,us_wide_B_othertag,US
https://www.linkedin.com/in/matt-minerd-a9129a4,Matt Minerd,Matt,Minerd,"Director, Marketing",3,US,2017-10-01,https://www.linkedin.com/company/power-distributors,Power Distributors,us_wide_A_vertical,US
https://www.linkedin.com/in/darold-dunham-790a3569,Darold Dunham,Darold,Dunham,Vice President Marketing,3,US,2014-02-01,https://www.linkedin.com/company/power-distributors,Power Distributors,us_wide_A_vertical,US
https://www.linkedin.com/in/george-burgos-8237231b,George Burgos,George,Burgos,Lead Network Administrator,1,US,1999-07-01,https://www.linkedin.com/company/powell,Powell,us_wide_B_othertag,US
https://www.linkedin.com/in/alexey-shapovalov-b769a8133,Alexey Shapovalov,Alexey,Shapovalov,Head Of Marketing,3,DE,-,https://www.linkedin.com/company/powell,Powell,us_wide_B_othertag,US
https://www.linkedin.com/in/rudypramana,Rudy Pramana,Rudy,Pramana,Digital Channel Marketing Manager,1,US,2021-11-01,https://www.linkedin.com/company/ppg-aerospace-store,PPG Aerospace Store,us_wide_B_othertag,US
https://www.linkedin.com/in/rudy-pramana,Rudy Pramana,Rudy,Pramana,Digital Channel Marketing Manager,1,US,2021-11-01,https://www.linkedin.com/company/ppg-aerospace-store,PPG Aerospace Store,us_wide_B_othertag,US
https://www.linkedin.com/in/kevin-thomas-55bb213b,Kevin Thomas,Kevin,Thomas,"Senior Director, Network Execution",1,US,2026-04-01,https://www.linkedin.com/company/pratt-&-whitney,Pratt & Whitney,us_wide_B_othertag,US
https://www.linkedin.com/in/shakira-ramos-crespo-8114544,Shakira Ramos,Shakira,Ramos,"Associate Director, Product Marketing",3,US,2021-01-01,https://www.linkedin.com/company/pratt-&-whitney,Pratt & Whitney,us_wide_B_othertag,US
https://www.linkedin.com/in/caleb-schleder,Caleb Schleder,Caleb,Schleder,Sr. Director - Marketing NA,3,US,2025-07-01,https://www.linkedin.com/company/precision-planting,Precision Planting,us_wide_A_vertical,US
https://www.linkedin.com/in/kevin-copsey-55b7309,Kevin Copsey,Kevin,Copsey,Director of Sales and Marketing,3,US,2015-07-01,https://www.linkedin.com/company/precisionproductsgroupinc-,"Precision Products Group, Inc.",us_wide_B_othertag,US
https://www.linkedin.com/in/dario-caddeo,Dario C.,Dario,C.,"Partner Program Manager, F135 ECU - Collins Partnership Program",1,US,2024-10-01,https://www.linkedin.com/company/pratt-&-whitney,Pratt & Whitney,us_wide_B_othertag,US
https://www.linkedin.com/in/mary-prettyman-72bb2a3,Mary Prettyman,Mary,Prettyman,Head Of Marketing,3,US,2018-04-01,https://www.linkedin.com/company/pratt-&-whitney,Pratt & Whitney,us_wide_B_othertag,US
https://www.linkedin.com/in/eric-derouin-7b7045193,Eric Derouin,Eric,Derouin,Executive Vice President Sales Marketing,3,FR,2019-07-01,https://www.linkedin.com/company/precision-valve-corporation,Precision Valve Corporation,us_wide_A_vertical,US
https://www.linkedin.com/in/kevin-walsh-a099325,Kevin Walsh,Kevin,Walsh,Vice President Sales Marketing,3,US,2024-05-01,https://www.linkedin.com/company/premier-forge-group-llc,Premier Forge Group LLC,us_wide_B_othertag,US
https://www.linkedin.com/in/lindatietje,Linda Tietje 🤩,Linda,Tietje 🤩,Vice President - Marketing,3,US,2024-01-01,https://www.linkedin.com/company/premier-trailer-leasing,Premier Trailer Leasing,us_wide_A_vertical,US
https://www.linkedin.com/in/jim-warner-0b523420,Jim Warner,Jim,Warner,Director Of Sales And Marketing,3,US,1997-08-01,https://www.linkedin.com/company/premier-technology-inc.,Premier Technology Inc.,us_wide_B_othertag,US
https://www.linkedin.com/in/sbtummala,Srikanth Babu Tummala,Srikanth Babu,Tummala,Associate Director - Global Network Development,1,US,-,https://www.linkedin.com/company/pratt-&-whitney,Pratt & Whitney,us_wide_B_othertag,US
https://www.linkedin.com/in/tishawn-gaynor-32865752,Tishawn Gaynor,Tishawn,Gaynor,"Network Strategy & Op Systems Manager, Commercial Engines Operations",1,US,2024-04-01,https://www.linkedin.com/company/pratt-&-whitney,Pratt & Whitney,us_wide_B_othertag,US
https://www.linkedin.com/in/dillonsp,Spencer Dillon,Spencer,Dillon,"Senior Manager, GTF Network Support & Assurance",1,US,2024-09-01,https://www.linkedin.com/company/pratt-&-whitney,Pratt & Whitney,us_wide_B_othertag,US
https://www.linkedin.com/in/jamiebudy,Jamie Budy,Jamie,Budy,Director of Marketing,3,US,2020-04-01,https://www.linkedin.com/company/premistarus,PremiStar,us_wide_A_vertical,US
https://www.linkedin.com/in/gina-vincent-25795551,Gina Vincent,Gina,Vincent,Regional Director of Sales And Marketing,3,US,2026-06-01,https://www.linkedin.com/company/premium-oilfield-supply,Premium Oilfield Technologies,us_wide_A_vertical,US
https://www.linkedin.com/in/jacindaadams,Jacinda D. Adams,Jacinda D.,Adams,"System Director, Marketing & Communications, Suburban Region",2,US,2016-04-01,https://www.linkedin.com/company/presence-health,Presence Health,us_wide_B_othertag,US
https://www.linkedin.com/in/eric-dinicola-7b69777,Eric DiNicola,Eric,DiNicola,"Associate Director, Partnership Program Office",1,US,2022-01-01,https://www.linkedin.com/company/pratt-&-whitney,Pratt & Whitney,us_wide_B_othertag,US
https://www.linkedin.com/in/maria-salemi-s-235291305,Maria Salemi S.,Maria Salemi,S.,Director of Marketing And Public Relations,3,US,-,https://www.linkedin.com/company/presence-health,Presence Health,us_wide_B_othertag,US
https://www.linkedin.com/in/courtney-dyer-80761196,Courtney Dyer,Courtney,Dyer,Director of Marketing,3,US,2016-01-01,https://www.linkedin.com/company/priefert,Priefert,us_wide_B_othertag,US
https://www.linkedin.com/in/markdwooten,Mark Wooten,Mark,Wooten,VP - Sales and Marketing,3,US,2015-01-01,https://www.linkedin.com/company/prince-industries,Prince Industries,us_wide_B_othertag,US
https://www.linkedin.com/in/bill-emberson-96b8161a2,Bill Emberson,Bill,Emberson,"Vice President, Sales & Marketing",3,US,2023-11-01,https://www.linkedin.com/company/prince-manufacturing,"Prince Manufacturing, Inc.",us_wide_B_othertag,US
https://www.linkedin.com/in/paul-woody-phd-a115052,"Paul Woody, PhD",Paul,"Woody, PhD",Chief Marketing Officer,3,US,2024-01-01,https://www.linkedin.com/company/prcaprorodeo,Professional Rodeo Cowboys Association,us_wide_B_othertag,US
https://www.linkedin.com/in/scott-smith-739b9a4,Scott Smith,Scott,Smith,"SVP, Global Marketing & Commercial Operations",3,US,2023-12-01,https://www.linkedin.com/company/pro-mach-inc,ProMach,us_wide_B_othertag,US
https://www.linkedin.com/in/adam-rosenthal-3537a55,Adam Rosenthal,Adam,Rosenthal,"Director, Marketing - Pharma & Director of Sales - WLS",3,US,2024-03-01,https://www.linkedin.com/company/pro-mach-inc,ProMach,us_wide_B_othertag,US
https://www.linkedin.com/in/amanda-dahlby-marketing-director,Amanda Dahlby,Amanda,Dahlby,Sr. Director of Marketing Strategy,3,US,2026-04-01,https://www.linkedin.com/company/pro-mach-inc,ProMach,us_wide_B_othertag,US
https://www.linkedin.com/in/jason-stover-0297196,Jason Stover,Jason,Stover,"Director of Marketing, Secondary Packaging",3,US,2024-02-01,https://www.linkedin.com/company/pro-mach-inc,ProMach,us_wide_B_othertag,US
https://www.linkedin.com/in/naomiholdvogt,Naomi Holdvogt,Naomi,Holdvogt,"Senior Director, Growth Marketing",3,US,2023-01-01,https://www.linkedin.com/company/pro-mach-inc,ProMach,us_wide_B_othertag,US
https://www.linkedin.com/in/david-starck,David Starck,David,Starck,Vice President of Corporate Marketing,3,US,2026-03-01,https://www.linkedin.com/company/pro-mach-inc,ProMach,us_wide_B_othertag,US
https://www.linkedin.com/in/dzubaeric,Eric Dzuba,Eric,Dzuba,Sr. Director of Strategic Marketing - North America,3,US,2023-07-01,https://www.linkedin.com/company/prominent-fluid-controls-inc-,ProMinent North America,us_wide_A_vertical,US
https://www.linkedin.com/in/brandon-bettencourt,Brandon Bettencourt,Brandon,Bettencourt,Senior Director of Marketing,3,US,2023-12-01,https://www.linkedin.com/company/pro-mach-inc,ProMach,us_wide_B_othertag,US
https://www.linkedin.com/in/brian-powers-75456429b,Brian Powers,Brian,Powers,VP of Sales and Marketing,3,US,-,https://www.linkedin.com/company/pro-mach-inc,ProMach,us_wide_B_othertag,US
https://www.linkedin.com/in/michaelmarcroft,Michael M.,Michael,M.,"Vice President, Sales & Marketing",3,US,-,https://www.linkedin.com/company/proterialcableamerica,Proterial Cable America,us_wide_B_othertag,US
https://www.linkedin.com/in/brianpeters000,Brian Peters,Brian,Peters,Chief Marketing Officer,3,US,2018-03-01,https://www.linkedin.com/company/proto-labs,Protolabs,us_wide_B_othertag,US
https://www.linkedin.com/in/karin-kamphuis-25210179,Karin Kamphuis,Karin,Kamphuis,Marketing Communications Manager,2,NL,2024-11-01,https://www.linkedin.com/company/proto-labs,Protolabs,us_wide_B_othertag,US
https://www.linkedin.com/in/marissa-keisler,"Marissa Keisler, MBA",Marissa,"Keisler, MBA","Head of Marketing, Communications & Brand Development",3,US,2025-11-01,https://www.linkedin.com/company/powered-by-proterra,Proterra,us_wide_A_vertical,US
https://www.linkedin.com/in/payman-shanjani-628787,Payman shanjani,Payman,shanjani,Director of Product Marketing,3,US,2024-07-01,https://www.linkedin.com/company/psemi,"pSemi, A Murata Company",us_wide_B_othertag,US
https://www.linkedin.com/in/ethan-prevost-9800151b,Ethan Prevost,Ethan,Prevost,Director of Product Marketing,3,US,2024-10-01,https://www.linkedin.com/company/psemi,"pSemi, A Murata Company",us_wide_B_othertag,US
https://www.linkedin.com/in/nicholas-giatrelis,Nicholas Giatrelis,Nicholas,Giatrelis,Marketing Communications Manager,2,US,2025-08-01,https://www.linkedin.com/company/psemi,"pSemi, A Murata Company",us_wide_B_othertag,US
https://www.linkedin.com/in/jim-martin-26280bb2,Jim Martin,Jim,Martin,"VP, Sales and Marketing",3,US,2011-09-01,https://www.linkedin.com/company/pti-technologies,PTI Technologies,us_wide_A_vertical,US
https://www.linkedin.com/in/mike-corpuz-2b63101,Mike Corpuz,Mike,Corpuz,Director of Sales & Marketing,3,US,-,https://www.linkedin.com/company/pti-technologies,PTI Technologies,us_wide_A_vertical,US
https://www.linkedin.com/in/amy-l-maxwell,Amy Maxwell,Amy,Maxwell,Vice President Marketing,3,US,2026-05-01,https://www.linkedin.com/company/premier-truck-rental,PTR Premier Truck Rental,us_wide_A_vertical,US
https://www.linkedin.com/in/zuheir-alderwish-57019628,Zuheir Alderwish,Zuheir,Alderwish,"Senior Director, EME, Sales and Marketing, PTx",3,GB,2026-05-01,https://www.linkedin.com/company/ptx-trimble,PTx Trimble,us_wide_A_vertical,US
https://www.linkedin.com/in/matteo-zucchelli-33b99235,Matteo Zucchelli,Matteo,Zucchelli,Channel Development Manager EMEA,1,IT,2025-04-01,https://www.linkedin.com/company/ptx-trimble,PTx Trimble,us_wide_A_vertical,US
https://www.linkedin.com/in/brandonjhunt,Brandon Hunt,Brandon,Hunt,Vice President of Sales & Marketing,3,US,2012-01-01,https://www.linkedin.com/company/pueblomechanical,Pueblo,us_wide_A_vertical,US
https://www.linkedin.com/in/eddy-garcia-a937894,Eddy Garcia,Eddy,Garcia,Director Marketing Communications,2,US,2026-04-01,https://www.linkedin.com/company/pulmonx,Pulmonx Corporation,us_wide_A_vertical,US
https://www.linkedin.com/in/william-long-7520003,William Long,William,Long,Sr. Director of Product Marketing,3,US,2023-04-01,https://www.linkedin.com/company/pulmonx,Pulmonx Corporation,us_wide_A_vertical,US
https://www.linkedin.com/in/gaelleflammang,Gaelle Flammang- Dorie,Gaelle,Flammang- Dorie,"Sr Director, International Marketing & Emerging Markets",3,BE,2024-09-01,https://www.linkedin.com/company/pulmonx,Pulmonx Corporation,us_wide_A_vertical,US
https://www.linkedin.com/in/ntulsyan,Neeti Tulsyan,Neeti,Tulsyan,Senior Marketing Communications Manager,2,US,2023-09-01,https://www.linkedin.com/company/pulmonx,Pulmonx Corporation,us_wide_A_vertical,US
https://www.linkedin.com/in/vicki-mallonee-81028213,Vicki Mallonee,Vicki,Mallonee,Marketing Communications Manager,2,US,-,https://www.linkedin.com/company/yageo-group-pulse-electronics,Pulse Electronics Corporation,us_wide_B_othertag,US
https://www.linkedin.com/in/nicole-young-9b11772b9,Nicole Young,Nicole,Young,Director Marketing Communications,2,US,2023-01-01,https://www.linkedin.com/company/pulmonx,Pulmonx Corporation,us_wide_A_vertical,US
https://www.linkedin.com/in/brianradichel,Brian Radichel,Brian,Radichel,Vice President of Marketing & Business Development,3,US,2020-01-01,https://www.linkedin.com/company/purvis-industries,Purvis Industries,us_wide_A_vertical,US
https://www.linkedin.com/in/brandon-hershberger-8b94b31bb,Brandon Hershberger,Brandon,Hershberger,Chief Marketing Officer,3,US,2025-02-01,https://www.linkedin.com/company/pwiworks,PWI,us_wide_A_vertical,US
https://www.linkedin.com/in/joepelej,Joe Pelej,Joe,Pelej,Director of Marketing,3,US,2018-10-01,https://www.linkedin.com/company/pyramid-software-duravant,"Pyramid, a Duravant Company",us_wide_A_vertical,US
https://www.linkedin.com/in/david-price-4b6b964,David Price,David,Price,Vice President of Sales and Marketing,3,US,2024-10-01,https://www.linkedin.com/company/qcc-llc-,"QCC, LLC",us_wide_A_vertical,US
https://www.linkedin.com/in/husrav-ozzie-billimoria,Husrav (Ozzie) Billimoria,Husrav (Ozzie),Billimoria,"Vice President, Sales Operations & Marketing",3,US,2024-03-01,https://www.linkedin.com/company/qnnectnow,"Qnnect (🔈 ""Connect"")",us_wide_B_othertag,US
https://www.linkedin.com/in/pete-simon,Pete Simon,Pete,Simon,"Director, Digital Marketing & Customer Experience",3,US,2023-06-01,https://www.linkedin.com/company/quakerhoughton,Quaker Houghton,us_wide_B_othertag,US
https://www.linkedin.com/in/david-rossi-6a617314,David Rossi,David,Rossi,Vice President of Sales and Marketing,3,US,2024-07-01,https://www.linkedin.com/company/quality-liaison-services-of-north-america,Quality Liaison Services of North America,us_wide_B_othertag,US
https://www.linkedin.com/in/theresecorriganbastuk,Therese Corrigan-Bastuk,Therese,Corrigan-Bastuk,"Director, Marketing at Optical Gaging Products (OGP)",3,US,2018-10-01,https://www.linkedin.com/company/qviinc,Quality Vision International (QVI®),us_wide_B_othertag,US
https://www.linkedin.com/in/colby-finn-63734613,Colby Finn,Colby,Finn,"Vice President, Marketing",3,US,-,https://www.linkedin.com/company/qviinc,Quality Vision International (QVI®),us_wide_B_othertag,US
https://www.linkedin.com/in/michael-a-mallon-582537,Michael A. Mallon,Michael A.,Mallon,VP Marketing,3,US,-,https://www.linkedin.com/company/quickie-cleaning,Quickie,us_wide_A_vertical,US
https://www.linkedin.com/in/vincent-cella-341804240,vincent cella,vincent,cella,Chief Marketing Officer,3,US,-,https://www.linkedin.com/company/quickie-cleaning,Quickie,us_wide_A_vertical,US
https://www.linkedin.com/in/sara-schreur-86a54924,Sara Schreur,Sara,Schreur,"Senior Director, Global Marketing",3,US,2026-02-01,https://www.linkedin.com/company/quickparts-com,Quickparts,us_wide_B_othertag,US
https://www.linkedin.com/in/ashley-gates-3854b013,Ashley Gates,Ashley,Gates,"Vice President Marketing and Communications, Brand Portfolio",3,US,2023-04-01,https://www.linkedin.com/company/quincy-compressor,Quincy Compressor,us_wide_A_vertical,US
https://www.linkedin.com/in/andreamariepace,Andrea Coleman,Andrea,Coleman,Marketing Communications Manager,2,US,2023-05-01,https://www.linkedin.com/company/quincy-compressor,Quincy Compressor,us_wide_A_vertical,US
https://www.linkedin.com/in/jessica-sabedra-518b292a,Jessica Sabedra,Jessica,Sabedra,Director Global Marketing Communications,2,US,2019-08-01,https://www.linkedin.com/company/quakerhoughton,Quaker Houghton,us_wide_B_othertag,US
https://www.linkedin.com/in/jamiepetersen,Jamie Petersen,Jamie,Petersen,Marketing Director | Brand and Communications,2,US,2023-10-01,https://www.linkedin.com/company/r-s--hughes,"R.S. Hughes Co., Inc.",us_wide_B_othertag,US
https://www.linkedin.com/in/jessicasardina,Jessica Sardina,Jessica,Sardina,Vice President of Marketing,3,US,2024-12-01,https://www.linkedin.com/company/r-s--hughes,"R.S. Hughes Co., Inc.",us_wide_B_othertag,US
https://www.linkedin.com/in/athenamekis,-,-,-,Marketing Communications Manager,2,US,2021-01-01,https://www.linkedin.com/company/rfmacdonaldco,R.F. MacDonald Co.,us_wide_A_vertical,US
https://www.linkedin.com/in/joe-loesing-b00b77196,Joe Loesing,Joe,Loesing,Regional Director Of Sales And Marketing,3,US,2016-01-01,https://www.linkedin.com/company/quincy-compressor,Quincy Compressor,us_wide_A_vertical,US
https://www.linkedin.com/in/miranda-phillips-6a998811,Miranda Phillips,Miranda,Phillips,Network Operations Manager,1,US,2006-04-01,https://www.linkedin.com/company/radiac-abrasives,"Radiac Abrasives, A TYROLIT Company",us_wide_A_vertical,US
https://www.linkedin.com/in/billymwilson,Billy Wilson,Billy,Wilson,Director of Marketing,3,US,-,https://www.linkedin.com/company/radians-inc,Radians,us_wide_A_vertical,US
https://www.linkedin.com/in/moran-sacagiu,Moran Sacagiu,Moran,Sacagiu,Stratigic Marketing Partner,1,MT,2020-01-01,https://www.linkedin.com/company/quakerhoughton,Quaker Houghton,us_wide_B_othertag,US
https://www.linkedin.com/in/sara-mcwherter-586b1a13b,Sara McWherter,Sara,McWherter,Director of Field Marketing,3,US,2025-03-01,https://www.linkedin.com/company/r-s--hughes,"R.S. Hughes Co., Inc.",us_wide_B_othertag,US
https://www.linkedin.com/in/scott-mcleod-product-marketing,Scott McLeod,Scott,McLeod,Director of Marketing,3,US,2019-04-01,https://www.linkedin.com/company/radiant-vision-systems,Radiant Vision Systems,us_wide_B_othertag,US
https://www.linkedin.com/in/dan-brogan-90553a21,Dan Brogan,Dan,Brogan,"Vice President, Brand Marketing & Communications",2,US,2026-01-01,https://www.linkedin.com/company/radwell-international,Radwell International,us_wide_B_othertag,US
https://www.linkedin.com/in/larry-robertson-6193145,Larry Robertson,Larry,Robertson,Director of Marketing,3,US,2022-09-01,https://www.linkedin.com/company/rae-corporation,RAE Corporation,us_wide_A_vertical,US
https://www.linkedin.com/in/matthew-mcnamee-6817779,Matthew McNamee,Matthew,McNamee,Vice President Sales & Marketing,3,US,2017-12-01,https://www.linkedin.com/company/rain-for-rent,Rain For Rent,us_wide_A_vertical,US
https://www.linkedin.com/in/aaron-scheele-1235571,Aaron Scheele,Aaron,Scheele,Distribution Sales and Marketing Manager,1,US,2019-10-01,https://www.linkedin.com/company/rainbirdcorp,Rain Bird Corporation,us_wide_A_vertical,US
https://www.linkedin.com/in/ginamehmert,Gina Mehmert,Gina,Mehmert,Head of Corporate Marketing,3,US,2026-04-01,https://www.linkedin.com/company/rainbirdcorp,Rain Bird Corporation,us_wide_A_vertical,US
https://www.linkedin.com/in/todd-radwell-8bbb3258,Todd Radwell,Todd,Radwell,Executive VP Sales and Marketing,3,US,1990-01-01,https://www.linkedin.com/company/radwell-international,Radwell International,us_wide_B_othertag,US
https://www.linkedin.com/in/todd-radwell-02823835,Todd Radwell,Todd,Radwell,VP Sales and Marketing,3,US,-,https://www.linkedin.com/company/radwell-international,Radwell International,us_wide_B_othertag,US
https://www.linkedin.com/in/jerry-spinuzza-840a7368,Jerry Spinuzza,Jerry,Spinuzza,Senior VP of Sales & Marketing,3,US,-,https://www.linkedin.com/company/radwell-international,Radwell International,us_wide_B_othertag,US
https://www.linkedin.com/in/dedonker,Andrew DeDonker,Andrew,DeDonker,Director of Marketing,3,US,2019-02-01,https://www.linkedin.com/company/ram-mounts,RAM Mounts,us_wide_B_othertag,US
https://www.linkedin.com/in/autumnhxu,Autumn X.,Autumn,X.,Social Media and Marketing Communications Manager,2,US,2021-09-01,https://www.linkedin.com/company/randysworldwide,RANDYS Worldwide,us_wide_A_vertical,US
https://www.linkedin.com/in/thomas-brown-6910452,Thomas Brown,Thomas,Brown,VP of Sales/Marketing,3,US,-,https://www.linkedin.com/company/randysworldwide,RANDYS Worldwide,us_wide_A_vertical,US
https://www.linkedin.com/in/katie-d-catalogna,Katie Catalogna,Katie,Catalogna,Director of Marketing Communications,2,US,2015-06-01,https://www.linkedin.com/company/rapiscan-ase,Rapiscan,us_wide_B_othertag,US
https://www.linkedin.com/in/edwin-de-boer-3847132,Edwin De Boer,Edwin,De Boer,Director of Marketing - Europe,3,NL,-,https://www.linkedin.com/company/raritan,"Raritan, a brand of Legrand",us_wide_B_othertag,US
https://www.linkedin.com/in/benasmar,Ben Asmar,Ben,Asmar,"Vice President, Products, Strategy and Marketing",3,US,2018-10-01,https://www.linkedin.com/company/rave-aerospace,RAVE Aerospace,us_wide_B_othertag,US
https://www.linkedin.com/in/j%c3%a9r%c3%b4me-marquet-bb036563,Jérôme Marquet,Jérôme,Marquet,"Senior Director, Connectivity Programs & Partners Mangement",1,FR,2026-02-01,https://www.linkedin.com/company/rave-aerospace,RAVE Aerospace,us_wide_B_othertag,US
https://www.linkedin.com/in/tiffanyzamora,Tiffany Zamora,Tiffany,Zamora,Channel Marketing Manager,1,US,2022-03-01,https://www.linkedin.com/company/rainbirdcorp,Rain Bird Corporation,us_wide_A_vertical,US
https://www.linkedin.com/in/shanelearymba,"Shane Leary, MBA",Shane,"Leary, MBA",Director of Sales and Marketing,3,US,2025-10-01,https://www.linkedin.com/company/rcd-components,RCD Components,us_wide_B_othertag,US
https://www.linkedin.com/in/alison-schwebach,Alison Schwebach,Alison,Schwebach,Corporate Marketing Communications Manager,2,US,2023-02-01,https://www.linkedin.com/company/rainbirdcorp,Rain Bird Corporation,us_wide_A_vertical,US
https://www.linkedin.com/in/clisby-jarrard-iii-868515153,Clisby Jarrard III,Clisby,Jarrard III,Director of Sales and Marketing,3,US,2026-05-01,https://www.linkedin.com/company/rco-engineering,RCO Engineering,us_wide_B_othertag,US
https://www.linkedin.com/in/theohoran,Ted Horan,Ted,Horan,Vice President of Marketing and E-Commerce,3,US,-,https://www.linkedin.com/company/rdo-equipment-co-,RDO Equipment Co.,us_wide_A_vertical,US
https://www.linkedin.com/in/scott-kay-1b57b85,Scott Kay,Scott,Kay,"Senior Vice President, Marketing & Technology",3,US,2024-05-01,https://www.linkedin.com/company/rectorseal,RectorSeal,us_wide_A_vertical,US
https://www.linkedin.com/in/jschnitzler,John Schnitzler,John,Schnitzler,"Director, Inside Sales & Channel Marketing",1,US,2024-09-01,https://www.linkedin.com/company/rectorseal,RectorSeal,us_wide_A_vertical,US
https://www.linkedin.com/in/victoria-davidyock-133b62,Victoria Davidyock,Victoria,Davidyock,Sr. Director Marketing,3,US,2024-11-01,https://www.linkedin.com/company/rectorseal,RectorSeal,us_wide_A_vertical,US
https://www.linkedin.com/in/ryan-m-ender-6066b629,Ryan M. Ender,Ryan M.,Ender,"Vice President - Sales, Marketing & Customer Service",3,US,2026-06-01,https://www.linkedin.com/company/red-dot-corporation,Red Dot Corporation,us_wide_A_vertical,US
https://www.linkedin.com/in/brett-dingo-obrien-08123949,Brett (Dingo) OBrien,Brett (Dingo),OBrien,Director of UTV Sales & Marketing,3,US,2017-07-01,https://www.linkedin.com/company/red-dot-corporation,Red Dot Corporation,us_wide_A_vertical,US
https://www.linkedin.com/in/bobalmo,"Bob Almo, MBA",Bob,"Almo, MBA","Vice President of Marketing,  Advertising and Player Development",3,US,2013-05-01,https://www.linkedin.com/company/red-hawk-casino,Red Hawk Casino,us_wide_B_othertag,US
https://www.linkedin.com/in/emily-cady-3a55b165,Emily Cady,Emily,Cady,Vice President Marketing,3,US,2024-04-01,https://www.linkedin.com/company/red-hawk-casino,Red Hawk Casino,us_wide_B_othertag,US
https://www.linkedin.com/in/heidi-hamers-892070a,Heidi Hamers,Heidi,Hamers,VP Marketing,3,US,-,https://www.linkedin.com/company/red-hawk-casino,Red Hawk Casino,us_wide_B_othertag,US
https://www.linkedin.com/in/tere-riley32940,Tere Riley,Tere,Riley,"Director, Marketing and Communications",3,US,2023-01-01,https://www.linkedin.com/company/redwire,Redwire,us_wide_B_othertag,US
https://www.linkedin.com/in/susanhoffman76,Susan Ewing Hoffman,Susan,Ewing Hoffman,Senior Director Marketing Communications,2,US,2023-05-01,https://www.linkedin.com/company/redwire,Redwire,us_wide_B_othertag,US
https://www.linkedin.com/in/austinjjordan,Austin Jordan,Austin,Jordan,"Executive Vice President, Strategic Communications and Chief Marketing Officer",3,US,2026-01-01,https://www.linkedin.com/company/redwire,Redwire,us_wide_B_othertag,US
https://www.linkedin.com/in/katherine-sutton-69945246,Katherine Sutton,Katherine,Sutton,"Director, Collaboration Marketing",3,US,2022-02-01,https://www.linkedin.com/company/reebok,Reebok,us_wide_A_vertical,US
https://www.linkedin.com/in/hannahmoore,Hannah Bundy,Hannah,Bundy,"Director, Global Marketing - Reebok Classics",3,US,2022-01-01,https://www.linkedin.com/company/reebok,Reebok,us_wide_A_vertical,US
https://www.linkedin.com/in/aidonidis,Anthony Aidonidis,Anthony,Aidonidis,Senior Manager - Global Sports Marketing & Partnerships,1,US,2023-11-01,https://www.linkedin.com/company/reebok,Reebok,us_wide_A_vertical,US
https://www.linkedin.com/in/mattobrien31,Matt O'Brien,Matt,O'Brien,"Director, Head of US Marketing",3,US,2026-06-01,https://www.linkedin.com/company/reebok,Reebok,us_wide_A_vertical,US
https://www.linkedin.com/in/richdilando,Rich DiLando,Rich,DiLando,"Senior Director-Product Marketing (Performance Footwear, Collaborations and SMUs)",3,US,2025-02-01,https://www.linkedin.com/company/reebok,Reebok,us_wide_A_vertical,US
https://www.linkedin.com/in/allen-brown-7b8303b5,Allen Brown,Allen,Brown,SR Manager -Brand Marketing & Partnerships,1,US,-,https://www.linkedin.com/company/reebok,Reebok,us_wide_A_vertical,US
https://www.linkedin.com/in/gabriella-weiser,Gabriella Weiser Mclaughlin,Gabriella,Weiser Mclaughlin,Chief Marketing Officer,3,US,2025-01-01,https://www.linkedin.com/company/reebok,Reebok,us_wide_A_vertical,US
https://www.linkedin.com/in/ashley-machina-21b30319,Ashley Machina,Ashley,Machina,Director of Marketing,3,US,2026-02-01,https://www.linkedin.com/company/reeceusa,Reece USA,us_wide_A_vertical,US
https://www.linkedin.com/in/jacob-kuck-4321265a,Jacob Kuck,Jacob,Kuck,Vice President of North American Sales & Marketing,3,US,2021-01-01,https://www.linkedin.com/company/regal-marine-industries-inc-,Regal Boats,us_wide_B_othertag,US
https://www.linkedin.com/in/sean-jones-094376b2,Sean Jones,Sean,Jones,Lead Network Administrator,1,US,2024-01-01,https://www.linkedin.com/company/redwire,Redwire,us_wide_B_othertag,US
https://www.linkedin.com/in/gregkorbas,Greg Korbas,Greg,Korbas,"Director of Product Marketing, Performance Footwear + Advanced Concepts",3,US,2024-02-01,https://www.linkedin.com/company/reebok,Reebok,us_wide_A_vertical,US
https://www.linkedin.com/in/ellen-terron-4713727,Ellen Terron,Ellen,Terron,Director of Sales and Co Chair of the Reebok Women’s Network,1,US,-,https://www.linkedin.com/company/reebok,Reebok,us_wide_A_vertical,US
https://www.linkedin.com/in/brianna-ezerins,"Brianna Ezerins, MS",Brianna,"Ezerins, MS","Global Brand Marketing Manager, Fashion Partnerships",1,US,-,https://www.linkedin.com/company/reebok,Reebok,us_wide_A_vertical,US
https://www.linkedin.com/in/kristinabayton,"Kristina Bayton, M.S",Kristina,"Bayton, M.S",Senior Manager of Partnership Marketing,1,US,2026-01-01,https://www.linkedin.com/company/reebok,Reebok,us_wide_A_vertical,US
https://www.linkedin.com/in/colleen-moran-ab664929,Colleen Moran,Colleen,Moran,"Sr. Director, Head of US Marketing",3,US,2024-01-01,https://www.linkedin.com/company/reebok,Reebok,us_wide_A_vertical,US
https://www.linkedin.com/in/clementseric,Eric Clements,Eric,Clements,Chief Marketing Officer,3,US,-,https://www.linkedin.com/company/reged,RegEd,us_wide_A_vertical,US
https://www.linkedin.com/in/shawn-grant-413392,Shawn Grant,Shawn,Grant,VP Sales and Marketing,3,US,2016-05-01,https://www.linkedin.com/company/arrowhead-systems,Regal Rexnord Automation Solutions,us_wide_A_vertical,US
https://www.linkedin.com/in/miles-bohannan,Miles Bohannan,Miles,Bohannan,Senior Vice President Marketing,3,US,2023-01-01,https://www.linkedin.com/company/rehrig-pacific-company,Rehrig Pacific Company,us_wide_A_vertical,US
https://www.linkedin.com/in/kirstensalyer,Kirsten Salyer,Kirsten,Salyer,Director of Marketing and Communications,3,US,2025-03-01,https://www.linkedin.com/company/regentcraft,REGENT,us_wide_B_othertag,US
https://www.linkedin.com/in/kevin-king-b8b8134,Kevin King,Kevin,King,"Partner, Program Management & Investment Analysis",1,US,2014-12-01,https://www.linkedin.com/company/regulus-group,Regulus Group,us_wide_B_othertag,US
https://www.linkedin.com/in/jessica-fitzpatrick-88b98aa,Jessica Fitzpatrick,Jessica,Fitzpatrick,"Director, Global Product Marketing",3,US,-,https://www.linkedin.com/company/reebok,Reebok,us_wide_A_vertical,US
https://www.linkedin.com/in/james-hardaway-b290114,James Hardaway,James,Hardaway,"Director, Product Marketing",3,US,-,https://www.linkedin.com/company/reebok,Reebok,us_wide_A_vertical,US
https://www.linkedin.com/in/emily-joy-montgomery-43918220b,Emily Joy Montgomery,Emily,Joy Montgomery,Director of Marketing - All Brands,3,US,2025-09-01,https://www.linkedin.com/company/reliant-realty,Reliant Realty,us_wide_B_othertag,US
https://www.linkedin.com/in/tom-pickavance-2a90899,Tom Pickavance,Tom,Pickavance,Marketing Communications Manager,2,US,-,https://www.linkedin.com/company/remy-international,Remy International,us_wide_B_othertag,US
https://www.linkedin.com/in/al-rowley-5b68854,Al Rowley,Al,Rowley,VP Marketing,3,US,-,https://www.linkedin.com/company/remy-international,Remy International,us_wide_B_othertag,US
https://www.linkedin.com/in/julie-nuernberg,Julie Nuernberg,Julie,Nuernberg,Senior Director of Marketing and Communications,3,US,2023-09-01,https://www.linkedin.com/company/rev-group-inc,"REV Group, Inc",us_wide_A_vertical,US
https://www.linkedin.com/in/amy-o-shaughnessy-9085786,Amy O'Shaughnessy,Amy,O'Shaughnessy,Vice President Sales and Marketing,3,US,2020-11-01,https://www.linkedin.com/company/revere-copper-products-inc-,"Revere Copper Products, Inc.",us_wide_A_vertical,US
https://www.linkedin.com/in/bohdan-steve-tersh-mba-60a4847,"Bohdan Steve Tersh, MBA",Bohdan Steve,"Tersh, MBA",Vice President Sales and Marketing,3,US,2022-07-01,https://www.linkedin.com/company/revcor,Revcor,us_wide_A_vertical,US
https://www.linkedin.com/in/bert-acanfora-217a8a6,Bert Acanfora,Bert,Acanfora,Director - Strategic Marketing and Enablement,3,US,2024-10-01,https://www.linkedin.com/company/revereelectric,Revere Electric Supply,us_wide_A_vertical,US
https://www.linkedin.com/in/robin-reid-marcom,Robin Reid,Robin,Reid,Director of Marketing and Communications,3,US,1999-11-01,https://www.linkedin.com/company/revereelectric,Revere Electric Supply,us_wide_A_vertical,US
https://www.linkedin.com/in/robin-reid-2a21a061,Robin Reid,Robin,Reid,Director of Marketing,3,US,-,https://www.linkedin.com/company/revereelectric,Revere Electric Supply,us_wide_A_vertical,US
https://www.linkedin.com/in/claytoncardinalli,Clayton Cardinalli,Clayton,Cardinalli,"Director, Marketing, Automotive Strategy & State Expansion",3,US,2024-01-01,https://www.linkedin.com/company/reviverauto,Reviver,us_wide_A_vertical,US
https://www.linkedin.com/in/robthomsen,Rob Thomsen,Rob,Thomsen,"Director of Channel Marketing/Sales Enablement – Bearings, Couplings and Gear Division",1,US,-,https://www.linkedin.com/company/rexnord,Rexnord,us_wide_A_vertical,US
https://www.linkedin.com/in/gerrardcroberts,Gerrard Roberts,Gerrard,Roberts,Director HRBP - Marketing,3,US,2026-05-01,https://www.linkedin.com/company/reynoldsamericaninc,Reynolds American Inc.,us_wide_B_othertag,US
https://www.linkedin.com/in/miczavarella,Mic Zavarella,Mic,Zavarella,VP Marketing - Camel,3,US,2024-03-01,https://www.linkedin.com/company/reynoldsamericaninc,Reynolds American Inc.,us_wide_B_othertag,US
https://www.linkedin.com/in/cory-mcdade-4285b4117,Cory McDade,Cory,McDade,Vice President Trade Marketing Development,3,US,2023-01-01,https://www.linkedin.com/company/reynoldsamericaninc,Reynolds American Inc.,us_wide_B_othertag,US
https://www.linkedin.com/in/amyharp,Amy Harp,Amy,Harp,VP Consumer Marketing,3,US,-,https://www.linkedin.com/company/reynoldsamericaninc,Reynolds American Inc.,us_wide_B_othertag,US
https://www.linkedin.com/in/bob-thayer,Bob Thayer,Bob,Thayer,"Sr. Director, Program Management - Global Network Optimization",1,US,2025-06-01,https://www.linkedin.com/company/rheem-manufacturing,Rheem Manufacturing Company,us_wide_A_vertical,US
https://www.linkedin.com/in/stacey-gearhart-b701233,Stacey Gearhart,Stacey,Gearhart,"Senior Vice President, Product Strategy & Marketing",3,US,2026-06-01,https://www.linkedin.com/company/rheem-manufacturing,Rheem Manufacturing Company,us_wide_A_vertical,US
https://www.linkedin.com/in/christopherbday,Chris Day,Chris,Day,"Vice President, Product Strategy, Marketing and Training",3,US,2023-01-01,https://www.linkedin.com/company/rheem-manufacturing,Rheem Manufacturing Company,us_wide_A_vertical,US
https://www.linkedin.com/in/patrick-ranfranz-3486545,Patrick Ranfranz,Patrick,Ranfranz,Vice President of Global Marketing at Rice Lake Weighing Systems,3,US,2019-11-01,https://www.linkedin.com/company/rice-lake-weighing-systems,Rice Lake Weighing Systems,us_wide_B_othertag,US
https://www.linkedin.com/in/michelle-nelson-marketing,Michelle Nelson,Michelle,Nelson,Marketing Communications Manager,2,US,-,https://www.linkedin.com/company/rice-lake-weighing-systems,Rice Lake Weighing Systems,us_wide_B_othertag,US
https://www.linkedin.com/in/shennendoahhollsten,-,-,-,Marketing Communications Manager,2,US,2026-01-01,https://www.linkedin.com/company/rhombus-systems,Rhombus,us_wide_B_othertag,US
https://www.linkedin.com/in/thomas-connor-mba-ab2aa71b,"Thomas Connor, MBA",Thomas,"Connor, MBA",Senior Director: HRBP’s- Trade Marketing,3,US,-,https://www.linkedin.com/company/reynoldsamericaninc,Reynolds American Inc.,us_wide_B_othertag,US
https://www.linkedin.com/in/suzannaroemer,Suzanna Roemer,Suzanna,Roemer,"Director - Brand Marketing, Newport",3,US,2024-04-01,https://www.linkedin.com/company/reynoldsamericaninc,Reynolds American Inc.,us_wide_B_othertag,US
https://www.linkedin.com/in/christy-canary-garner-b0ba4a4,Christy Canary-Garner,Christy,Canary-Garner,Senior Vice President Marketing,3,US,2024-02-01,https://www.linkedin.com/company/reynoldsamericaninc,Reynolds American Inc.,us_wide_B_othertag,US
https://www.linkedin.com/in/lincanderson,Lincoln (Linc) Anderson,Lincoln (Linc),Anderson,"Senior Director, Consumer Marketing Technology",3,US,2024-12-01,https://www.linkedin.com/company/reynoldsamericaninc,Reynolds American Inc.,us_wide_B_othertag,US
https://www.linkedin.com/in/boyd-miller-0681bb5,Boyd Miller,Boyd,Miller,Director of Marketing,3,US,-,https://www.linkedin.com/company/rexnord,Rexnord,us_wide_A_vertical,US
https://www.linkedin.com/in/pricetina,"Tina Price, CSM",Tina,"Price, CSM","Manager, Marketing & Communications, HTPG",2,US,2024-06-01,https://www.linkedin.com/company/rheem-manufacturing,Rheem Manufacturing Company,us_wide_A_vertical,US
https://www.linkedin.com/in/cohenscott,Scott Cohen,Scott,Cohen,"Director, Marketing & Training",3,US,2021-07-01,https://www.linkedin.com/company/rheem-manufacturing,Rheem Manufacturing Company,us_wide_A_vertical,US
https://www.linkedin.com/in/steven-paulus-36987a42,Steven Paulus,Steven,Paulus,Director of Marketing & Product Strategy,3,US,2026-03-01,https://www.linkedin.com/company/rheem-manufacturing,Rheem Manufacturing Company,us_wide_A_vertical,US
https://www.linkedin.com/in/michelle-hains-ba0933a4,Michelle Hains,Michelle,Hains,VP of Marketing,3,US,2023-11-01,https://www.linkedin.com/company/ridenow-powersports,RideNow Powersports,us_wide_B_othertag,US
https://www.linkedin.com/in/moe-ezzat,Moe Ezzat H.,Moe Ezzat,H.,Director of Marketing Operations | RideNow Group,3,US,2023-01-01,https://www.linkedin.com/company/ridenow-powersports,RideNow Powersports,us_wide_B_othertag,US
https://www.linkedin.com/in/scott-carrigan-0b098a46,Scott Carrigan,Scott,Carrigan,Chief Marketing Officer,3,US,2025-07-01,https://www.linkedin.com/company/ridenow-powersports,RideNow Powersports,us_wide_B_othertag,US
https://www.linkedin.com/in/matt-petrovich-a2842b96,Matt Petrovich,Matt,Petrovich,Director of Marketing,3,US,-,https://www.linkedin.com/company/ridenow-powersports,RideNow Powersports,us_wide_B_othertag,US
https://www.linkedin.com/in/karina-macholz-b983b12,Karina Macholz,Karina,Macholz,Director of Global Marketing & Communications,2,US,2023-01-01,https://www.linkedin.com/company/richardson-electronics,"Richardson Electronics, Ltd.",us_wide_B_othertag,US
https://www.linkedin.com/in/drew-lyons-68b22824,Drew Lyons,Drew,Lyons,Director - Marketing Materials Management,3,US,2026-03-01,https://www.linkedin.com/company/reynoldsamericaninc,Reynolds American Inc.,us_wide_B_othertag,US
https://www.linkedin.com/in/valerie-escobedo-mras,Valerie Mras,Valerie,Mras,Senior Vice President Brand Marketing,3,US,2026-07-01,https://www.linkedin.com/company/reynoldsamericaninc,Reynolds American Inc.,us_wide_B_othertag,US
https://www.linkedin.com/in/jose-alex-aparicio-barboza,Jose Alex Aparicio Barboza,Jose,Alex Aparicio Barboza,Director Integrated Marketing Planning,3,US,2022-05-01,https://www.linkedin.com/company/reynoldsamericaninc,Reynolds American Inc.,us_wide_B_othertag,US
https://www.linkedin.com/in/vincentduhem,Vincent Duhem,Vincent,Duhem,EVP Marketing and CCO,3,US,2024-01-01,https://www.linkedin.com/company/reynoldsamericaninc,Reynolds American Inc.,us_wide_B_othertag,US
https://www.linkedin.com/in/millerhandly,Miller Handly,Miller,Handly,"Sales Enablement & Strategy,  Agency Partner Success Management",1,US,2023-09-01,https://www.linkedin.com/company/rheem-manufacturing,Rheem Manufacturing Company,us_wide_A_vertical,US
https://www.linkedin.com/in/sue-miller-4210a414,Sue Miller,Sue,Miller,"SVP, Marketing and Public Relations Director",3,US,1980-01-01,https://www.linkedin.com/company/ringpowercat,Ring Power Cat,us_wide_A_vertical,US
https://www.linkedin.com/in/paul-nick-6836692a,Paul Nick,Paul,Nick,Vice President of Product & Marketing,3,US,2024-07-01,https://www.linkedin.com/company/rinnai,Rinnai America Corporation,us_wide_A_vertical,US
https://www.linkedin.com/in/david-federico-61a9895,David Federico,David,Federico,Senior Director Of Marketing,3,US,2021-09-01,https://www.linkedin.com/company/rinnai,Rinnai America Corporation,us_wide_A_vertical,US
https://www.linkedin.com/in/matthew-walz-304a553,Matthew Walz,Matthew,Walz,Director of Marketing,3,US,2026-06-01,https://www.linkedin.com/company/ritalka,"RITALKA, INC",us_wide_A_vertical,US
https://www.linkedin.com/in/david-gelhar-504aa445,David Gelhar,David,Gelhar,Director of Sales and Marketing,3,US,1999-01-01,https://www.linkedin.com/company/ritalka,"RITALKA, INC",us_wide_A_vertical,US
https://www.linkedin.com/in/allanswystun,Allan Swystun,Allan,Swystun,Director of Marketing Transformation and Technology,3,US,2024-12-01,https://www.linkedin.com/company/reynoldsamericaninc,Reynolds American Inc.,us_wide_B_othertag,US
https://www.linkedin.com/in/andre-denischuck-08669520,Andre Denischuck,Andre,Denischuck,Senior Director - Channel(s) Development/Consumer Activation,1,US,-,https://www.linkedin.com/company/reynoldsamericaninc,Reynolds American Inc.,us_wide_B_othertag,US
https://www.linkedin.com/in/reynoldstyler,Tyler Reynolds,Tyler,Reynolds,Senior Director Trade Marketing,3,US,2023-01-01,https://www.linkedin.com/company/reynoldsamericaninc,Reynolds American Inc.,us_wide_B_othertag,US
https://www.linkedin.com/in/ngilley,Nick Gilley,Nick,Gilley,Vice President Marketing Strategy,3,US,-,https://www.linkedin.com/company/reynoldsamericaninc,Reynolds American Inc.,us_wide_B_othertag,US
https://www.linkedin.com/in/wimmerdb,Daniel Wimmer,Daniel,Wimmer,"Director, Brand Marketing",3,US,2021-10-01,https://www.linkedin.com/company/reynoldsamericaninc,Reynolds American Inc.,us_wide_B_othertag,US
https://www.linkedin.com/in/mhfinn,Michael Finn,Michael,Finn,"Sr. Manager, Channel Marketing",1,US,2016-10-01,https://www.linkedin.com/company/rheem-manufacturing,Rheem Manufacturing Company,us_wide_A_vertical,US
https://www.linkedin.com/in/maixthao,Mai T.,Mai,T.,Marketing Communications Manager,2,US,2023-03-01,https://www.linkedin.com/company/rivulis-north-america,Rivulis North America,us_wide_A_vertical,US
https://www.linkedin.com/in/jeff-johnson-90323b82,Jeff Johnson,Jeff,Johnson,"Senior Manager, Network Operations and and Security",1,US,2020-06-01,https://www.linkedin.com/company/rinnai,Rinnai America Corporation,us_wide_A_vertical,US
https://www.linkedin.com/in/adam-pollack-a71909,Adam Pollack,Adam,Pollack,Vice President Sales & Marketing,3,US,-,https://www.linkedin.com/company/rmo,RMO,us_wide_B_othertag,US
https://www.linkedin.com/in/jason-bourque-b70535,Jason Bourque,Jason,Bourque,Director of Marketing,3,US,2023-09-01,https://www.linkedin.com/company/rmo,RMO,us_wide_B_othertag,US
https://www.linkedin.com/in/jzasiebida,Jon Michael Zasiebida,Jon Michael,Zasiebida,"Global Brand Head of Marketing, Strategy, Digital and Operations",3,US,2021-11-01,https://www.linkedin.com/company/robert-bosch-tool-corporation,Robert Bosch Tool Corporation NA,us_wide_B_othertag,US
https://www.linkedin.com/in/kalia-h-169455122,Kalia H.,Kalia,H.,Marketing Associate – B2B Partner Onboarding & Customer Success,1,US,2021-03-01,https://www.linkedin.com/company/rinnai,Rinnai America Corporation,us_wide_A_vertical,US
https://www.linkedin.com/in/troyoscar1996,Troy O.,Troy,O.,Vice President of Sales and Marketing,3,US,2024-09-01,https://www.linkedin.com/company/robin-industries-inc-,"Robin Industries, Inc.",us_wide_A_vertical,US
https://www.linkedin.com/in/robyneckard,Robyn Eagles,Robyn,Eagles,"Vice President, Global Marketing & Communications",2,US,2023-11-01,https://www.linkedin.com/company/robinson-helicopter-company,Robinson Helicopter Company,us_wide_B_othertag,US
https://www.linkedin.com/in/shannon-o-bryan-cerza-b250584,Shannon O'Bryan Cerza,Shannon,O'Bryan Cerza,"Head of Channel Sales and Retail Marketing, Dremel Brand",1,US,2023-03-01,https://www.linkedin.com/company/robert-bosch-tool-corporation,Robert Bosch Tool Corporation NA,us_wide_B_othertag,US
https://www.linkedin.com/in/nathanhamilton,Nathan Hamilton,Nathan,Hamilton,Senior Channel Marketing Manager,1,US,2020-08-01,https://www.linkedin.com/company/robert-bosch-tool-corporation,Robert Bosch Tool Corporation NA,us_wide_B_othertag,US
https://www.linkedin.com/in/paulashikany,Paula Shikany,Paula,Shikany,"Director, Brand Marketing",3,US,2015-01-01,https://www.linkedin.com/company/robert-bosch-tool-corporation,Robert Bosch Tool Corporation NA,us_wide_B_othertag,US
https://www.linkedin.com/in/marketing-guru-derek-jones,Derek Jones,Derek,Jones,Vice President Marketing,3,US,2024-06-01,https://www.linkedin.com/company/robopacusa,ROBOPAC USA,us_wide_A_vertical,US
https://www.linkedin.com/in/glenmacgibbon,Glen MacGibbon,Glen,MacGibbon,"Sr. Vice President Global Sales & Marketing,",3,US,2022-04-01,https://www.linkedin.com/company/rochestersensorsllc,Rochester Sensors,us_wide_B_othertag,US
https://www.linkedin.com/in/jluissanchez,Jose Luis Sanchez,Jose Luis,Sanchez,Director of Ecommerce and Digital Marketing,3,US,2019-03-01,https://www.linkedin.com/company/rock-west-composites,Rock West Composites,us_wide_B_othertag,US
https://www.linkedin.com/in/jamesdjohnson0286,James Johnson,James,Johnson,Chief Marketing Officer,3,US,2021-08-01,https://www.linkedin.com/company/rock-west-composites,Rock West Composites,us_wide_B_othertag,US
https://www.linkedin.com/in/julia-willis-9062b74a,Julia Willis,Julia,Willis,Director of Marketing Communications,2,US,2014-01-01,https://www.linkedin.com/company/rock-west-composites,Rock West Composites,us_wide_B_othertag,US
https://www.linkedin.com/in/chrisdresselhuys,Christopher Dresselhuys,Christopher,Dresselhuys,Vice President of Marketing & Product Management,3,US,2025-06-01,https://www.linkedin.com/company/rockline-industries,"Rockline Industries, people who make it right",us_wide_B_othertag,US
https://www.linkedin.com/in/nikki-rider,Nicola Rider,Nicola,Rider,Head of Sales and Marketing,3,GB,-,https://www.linkedin.com/company/rockline-industries,"Rockline Industries, people who make it right",us_wide_B_othertag,US
https://www.linkedin.com/in/tracy-pagel-160082136,Tracy Pagel,Tracy,Pagel,Director of Sales and Marketing,3,US,2015-04-01,https://www.linkedin.com/company/rockymountaintwist,Rocky Mountain Twist,us_wide_B_othertag,US
https://www.linkedin.com/in/nathan-nowlen-194632304,Nathan Nowlen,Nathan,Nowlen,Director of Sales and Marketing,3,US,2024-12-01,https://www.linkedin.com/company/rockymountaintwist,Rocky Mountain Twist,us_wide_B_othertag,US
https://www.linkedin.com/in/mike-sims-20932749,Mike Sims,Mike,Sims,"Director, Sales & Marketing",3,US,2025-01-01,https://www.linkedin.com/company/rogers-manufacturing-corporation,Rogers Manufacturing Corporation,us_wide_A_vertical,US
https://www.linkedin.com/in/gregory-john-78911b4,Gregory John,Gregory,John,Internetworking Manager,1,US,2000-01-01,https://www.linkedin.com/company/rock-tenn-company,Rock-Tenn Company,us_wide_A_vertical,US
https://www.linkedin.com/in/keylee-fletcher,Keylee Fletcher,Keylee,Fletcher,Director of Conversion Marketing | Roland Americas,3,US,2024-01-01,https://www.linkedin.com/company/roland,Roland Corporation U.S.,us_wide_A_vertical,US
https://www.linkedin.com/in/katherinewing,Katherine Wing,Katherine,Wing,Vice President Marketing,3,US,2022-04-01,https://www.linkedin.com/company/roland,Roland Corporation U.S.,us_wide_A_vertical,US
https://www.linkedin.com/in/abiolchino,Andy Biolchino,Andy,Biolchino,Network Systems Manager,1,US,1995-12-01,https://www.linkedin.com/company/roland,Roland Corporation U.S.,us_wide_A_vertical,US
https://www.linkedin.com/in/jeremy-felix-2951a621,Jeremy Felix,Jeremy,Felix,Director of Marketing & eCommerce,3,US,2021-01-01,https://www.linkedin.com/company/rolled-alloys,Rolled Alloys,us_wide_B_othertag,US
https://www.linkedin.com/in/aaron-maurer-95296a15,Aaron Maurer,Aaron,Maurer,VP Sales & Marketing,3,US,2025-05-01,https://www.linkedin.com/company/romac-industries-inc-,"Romac Industries, Inc.",us_wide_A_vertical,US
https://www.linkedin.com/in/hunter-waldron,HUNTER WALDRON,HUNTER,WALDRON,Director of Marketing,3,US,2023-09-01,https://www.linkedin.com/company/romac-industries-inc-,"Romac Industries, Inc.",us_wide_A_vertical,US
https://www.linkedin.com/in/jean-louis-lair-762b536b,Jean-Louis LAIR,Jean-Louis,LAIR,"Director Marketing & Business Development, Europe Middle East and Africa",3,FR,2011-11-01,https://www.linkedin.com/company/rockwell-collins,Rockwell Collins,us_wide_B_othertag,US
https://www.linkedin.com/in/luann-jensen-079a8a2b,LuAnn Jensen,LuAnn,Jensen,Principal Marketing Communications Manager,2,US,1996-09-01,https://www.linkedin.com/company/rockwell-collins,Rockwell Collins,us_wide_B_othertag,US
https://www.linkedin.com/in/keith-groenewold-25a08235,Keith Groenewold,Keith,Groenewold,Director of Sales & Marketing,3,US,-,https://www.linkedin.com/company/rock-tenn-company,Rock-Tenn Company,us_wide_A_vertical,US
https://www.linkedin.com/in/casey-j-oneill,Casey O'Neill,Casey,O'Neill,Vice President of Sales & Marketing,3,US,2023-07-01,https://www.linkedin.com/company/roman-manufacturing-inc,RoMan Manufacturing,us_wide_A_vertical,US
https://www.linkedin.com/in/douglasasano,Douglas Asano,Douglas,Asano,Senior Vice President of Sales & Marketing,3,US,2021-01-01,https://www.linkedin.com/company/roseburg,Roseburg Forest Products,us_wide_A_vertical,US
https://www.linkedin.com/in/scottwlong,Scott Long,Scott,Long,"Director, Marketing and Communications",3,US,2025-01-01,https://www.linkedin.com/company/roseburg,Roseburg Forest Products,us_wide_A_vertical,US
https://www.linkedin.com/in/dawn-garcia-95b1351b,Dawn Garcia,Dawn,Garcia,Marketing Communications Manager,2,US,2021-10-01,https://www.linkedin.com/company/roseburg,Roseburg Forest Products,us_wide_A_vertical,US
https://www.linkedin.com/in/jordan-m-farmer-11290964,Jordan M. Farmer,Jordan M.,Farmer,OT Network Operations Manager,1,US,2022-08-01,https://www.linkedin.com/company/roseburg,Roseburg Forest Products,us_wide_A_vertical,US
https://www.linkedin.com/in/laurenproud,Lauren Proud,Lauren,Proud,Vice President of Marketing and Products,3,US,2022-11-01,https://www.linkedin.com/company/rosco,Rosco,us_wide_B_othertag,US
https://www.linkedin.com/in/nick-parker-a61415a2,Nick Parker,Nick,Parker,"VP, Sales & Marketing",3,US,2022-01-01,https://www.linkedin.com/company/rosenberger,Rosenberger North America,us_wide_B_othertag,US
https://www.linkedin.com/in/lane-persky,Lane Persky,Lane,Persky,Chief Marketing Officer,3,US,2021-09-01,https://www.linkedin.com/company/rotor-clip,Rotor Clip,us_wide_A_vertical,US
https://www.linkedin.com/in/mark-mclean-a245a139,Mark McLean,Mark,McLean,Director of Marketing,3,US,2009-01-01,https://www.linkedin.com/company/roseburg,Roseburg Forest Products,us_wide_A_vertical,US
https://www.linkedin.com/in/robert-wood-69b1331a,Robert Wood,Robert,Wood,Director of Marketing,3,US,-,https://www.linkedin.com/company/siglercommercial,RUSSELL SIGLER INC,us_wide_A_vertical,US
https://www.linkedin.com/in/michael-sardina-770219133,Michael Sardina,Michael,Sardina,California Dealer Development Manager,1,US,2022-06-01,https://www.linkedin.com/company/siglercommercial,RUSSELL SIGLER INC,us_wide_A_vertical,US
https://www.linkedin.com/in/christelle-mateo-michaud-27a13638,Christelle MATEO MICHAUD,Christelle,MATEO MICHAUD,"Director, France Technical Marketing and Research & Developement",3,FR,2026-01-01,https://www.linkedin.com/company/ryamglobal,RYAM,us_wide_B_othertag,US
https://www.linkedin.com/in/kathryn-authier-9007756a,Kathryn Authier,Kathryn,Authier,"Manager, Corporate Communications & Marketing Resources",2,US,2021-06-01,https://www.linkedin.com/company/ryamglobal,RYAM,us_wide_B_othertag,US
https://www.linkedin.com/in/ben-brumfield,Ben Brumfield,Ben,Brumfield,Vice President of Sales & Marketing,3,US,2025-09-01,https://www.linkedin.com/company/ryan-herco-flow-solutions,Ryan Herco Flow Solutions,us_wide_A_vertical,US
https://www.linkedin.com/in/bentley-collins-94a4356,Bentley Collins,Bentley,Collins,VP Marketing and Sales,3,US,1993-11-01,https://www.linkedin.com/company/sabre-yachts,Sabre Yachts,us_wide_B_othertag,US
https://www.linkedin.com/in/bill-gilbert-1983633b,Bill Gilbert,Bill,Gilbert,Director of Preconstruction/Marketing,3,US,2010-01-01,https://www.linkedin.com/company/scm-inc-,Sack Company,us_wide_A_vertical,US
https://www.linkedin.com/in/antonella-cavalieri-manasse-a131707,Antonella Cavalieri Manasse,Antonella,Cavalieri Manasse,Marketing & Communication Manager,2,IT,2012-12-01,https://www.linkedin.com/company/sacmipackagingchocolate,SACMI Packaging & Chocolate S.p.A.,us_wide_B_othertag,US
https://www.linkedin.com/in/laura-hord-b2895538,Laura Hord,Laura,Hord,Director of marketing and e-commerce,3,US,2010-04-01,https://www.linkedin.com/company/safe-industries,Safe Industries,us_wide_A_vertical,US
https://www.linkedin.com/in/smithscottm,Scott Smith,Scott,Smith,Chief Marketing Officer,3,US,2022-09-01,https://www.linkedin.com/company/safe-guard-products,Safe-Guard Products International,us_wide_B_othertag,US
https://www.linkedin.com/in/markdheller,Mark Heller,Mark,Heller,Marketing Communications Manager,2,US,2019-08-01,https://www.linkedin.com/company/safeworks-llc,SafeWorks LLC,us_wide_A_vertical,US
https://www.linkedin.com/in/heidi-krueger-07a66213,Heidi Krueger,Heidi,Krueger,Marketing Communications Manager,2,US,2004-01-01,https://www.linkedin.com/company/safeworks-llc,SafeWorks LLC,us_wide_A_vertical,US
https://www.linkedin.com/in/maryellenstack,Maryellen Stack,Maryellen,Stack,"Vice President, Marketing Communications & eCommerce",2,US,2026-01-01,https://www.linkedin.com/company/sager-electronics,Sager Electronics,us_wide_B_othertag,US
https://www.linkedin.com/in/hollysmyers,Holly Myers,Holly,Myers,"Director, Supplier Marketing and Product Management",3,US,2023-04-01,https://www.linkedin.com/company/sager-electronics,Sager Electronics,us_wide_B_othertag,US
https://www.linkedin.com/in/kathy-bordeleau-278862,Kathy Bordeleau,Kathy,Bordeleau,"Director, Marketing Operations",3,US,2017-08-01,https://www.linkedin.com/company/sager-electronics,Sager Electronics,us_wide_B_othertag,US
https://www.linkedin.com/in/pam-berigan-433b7b5,Pam Berigan,Pam,Berigan,Director of Supplier Marketing & Product Management,3,US,2023-10-01,https://www.linkedin.com/company/sager-electronics,Sager Electronics,us_wide_B_othertag,US
https://www.linkedin.com/in/david-smith-1360635,David Smith,David,Smith,"Director, Supplier Marketing & Product Management",3,US,1997-04-01,https://www.linkedin.com/company/sager-electronics,Sager Electronics,us_wide_B_othertag,US
https://www.linkedin.com/in/michael-isbell-7ba8336,Michael Isbell,Michael,Isbell,Vice President of Marketing and E-Commerce,3,US,2025-09-01,https://www.linkedin.com/company/sage-parts,Sage Parts,us_wide_A_vertical,US
https://www.linkedin.com/in/davidcgrenier,David Grenier,David,Grenier,Director of Infrastructure & Networks,1,US,2012-11-01,https://www.linkedin.com/company/sage-parts,Sage Parts,us_wide_A_vertical,US
https://www.linkedin.com/in/scott-b-b867a126,Scott B.,Scott,B.,Vice President Sales and Marketing,3,US,2006-06-01,https://www.linkedin.com/company/saginaw-control-and-engineering,Saginaw Control and Engineering,us_wide_B_othertag,US
https://www.linkedin.com/in/jennvirskus,Jenn Virskus,Jenn,Virskus,Director of Marketing,3,US,2023-02-01,https://www.linkedin.com/company/saildrone-inc,Saildrone,us_wide_B_othertag,US
https://www.linkedin.com/in/derek-ollerhead-1869131,Derek Ollerhead,Derek,Ollerhead,Director Marketing Operations,3,US,2015-10-01,https://www.linkedin.com/company/sager-electronics,Sager Electronics,us_wide_B_othertag,US
https://www.linkedin.com/in/aldo-guarino-5a98182b2,Aldo Guarino,Aldo,Guarino,Director Supplier Marketing,3,US,-,https://www.linkedin.com/company/sager-electronics,Sager Electronics,us_wide_B_othertag,US
https://www.linkedin.com/in/anita-spearman-9084b056,Anita Spearman,Anita,Spearman,Key Partner Manager Brand Support,1,US,2024-11-01,https://www.linkedin.com/company/safe-guard-products,Safe-Guard Products International,us_wide_B_othertag,US
https://www.linkedin.com/in/matt-klopfenstein-a39b5917,Matt Klopfenstein,Matt,Klopfenstein,VP of Sales and Marketing,3,US,1992-02-01,https://www.linkedin.com/company/salvagniniamerica,Salvagnini America,us_wide_B_othertag,US
https://www.linkedin.com/in/sara-lozano-90390020,Sara Lozano,Sara,Lozano,Director of Marketing and Product Development,3,US,2024-01-01,https://www.linkedin.com/company/sambrailo-packaging,Sambrailo Packaging,us_wide_B_othertag,US
https://www.linkedin.com/in/katydunning,Katy Oroszi,Katy,Oroszi,Marketing Communications Manager,2,US,2017-07-01,https://www.linkedin.com/company/saint-gobain-performance-polymer-solutions,Saint-Gobain Performance Polymer Solutions,us_wide_A_vertical,US
https://www.linkedin.com/in/huangyafen,-,-,-,"Vice President, Marketing and Communications",3,US,2024-01-01,https://www.linkedin.com/company/samsunghvacamerica,Samsung HVAC America,us_wide_A_vertical,US
https://www.linkedin.com/in/erin-king-4226bb49,Erin King,Erin,King,Head of Sales Marketing,3,US,2006-01-01,https://www.linkedin.com/company/samtec-inc,Samtec Inc,us_wide_B_othertag,US
https://www.linkedin.com/in/whitney-beckley-mba-7783258b,"Whitney Beckley, MBA",Whitney,"Beckley, MBA",Director of Digital Marketing,3,US,2024-01-01,https://www.linkedin.com/company/samtec-inc,Samtec Inc,us_wide_B_othertag,US
https://www.linkedin.com/in/anthony-niemann-a0533820a,Anthony Niemann,Anthony,Niemann,Director of Distribution Marketing,1,US,2024-08-01,https://www.linkedin.com/company/samtec-inc,Samtec Inc,us_wide_B_othertag,US
https://www.linkedin.com/in/tom-rice-4b9990b,Tom Rice,Tom,Rice,Vice President-Sales & Marketing,3,US,2000-01-01,https://www.linkedin.com/company/sankyo-oilless-industries,Sankyo Oilless Industries,us_wide_B_othertag,US
https://www.linkedin.com/in/mikovacs,Michael Kovacs,Michael,Kovacs,"Senior Director, Worldwide Marketing & Public Relations",3,US,-,https://www.linkedin.com/company/sanmina,Sanmina,us_wide_B_othertag,US
https://www.linkedin.com/in/peterjcrane,Peter J. Crane,Peter J.,Crane,Regional Director | Development Partner,1,US,2019-05-01,https://www.linkedin.com/company/sansone-group,Sansone Group,us_wide_A_vertical,US
https://www.linkedin.com/in/chloe-heiligenstein,Chloe Heiligenstein,Chloe,Heiligenstein,Development Partner,1,US,2026-01-01,https://www.linkedin.com/company/sansone-group,Sansone Group,us_wide_A_vertical,US
https://www.linkedin.com/in/donniebrainard,Donnie Brainard,Donnie,Brainard,Development Partner,1,US,2021-09-01,https://www.linkedin.com/company/sansone-group,Sansone Group,us_wide_A_vertical,US
https://www.linkedin.com/in/christian-greenwalt,Christian Greenwalt,Christian,Greenwalt,Development Partner,1,US,2023-01-01,https://www.linkedin.com/company/sansone-group,Sansone Group,us_wide_A_vertical,US
https://www.linkedin.com/in/laura-boren-23762683,Laura Boren,Laura,Boren,Director of Marketing & Communications,2,US,2025-02-01,https://www.linkedin.com/company/sansone-group,Sansone Group,us_wide_A_vertical,US
https://www.linkedin.com/in/franciscosegurablanca,Francisco S.,Francisco,S.,Director internacional de ventas y marketing,3,ES,2025-09-01,https://www.linkedin.com/company/sany-forklift,SANY Forklift,us_wide_A_vertical,US
https://www.linkedin.com/in/tom-van-voy-7851bb1,Tom Van Voy,Tom,Van Voy,"Vice President and General Manager, Marketing and Sales",3,US,2004-09-01,https://www.linkedin.com/company/sanyo,Sanyo,us_wide_A_vertical,US
https://www.linkedin.com/in/ahmet-kabaktepe-97b545102,Ahmet Kabaktepe,Ahmet,Kabaktepe,Vice President of Sales & Marketing,3,US,-,https://www.linkedin.com/company/sark-wire,Sark Wire Corp,us_wide_B_othertag,US
https://www.linkedin.com/in/kellyvelander,Kelly Resch Velander,Kelly,Resch Velander,"Executive Vice President, Sales & Marketing",3,US,2024-11-01,https://www.linkedin.com/company/satellite-shelters-inc,Satellite Shelters Inc.,us_wide_A_vertical,US
https://www.linkedin.com/in/tommcmurdo,Tom McMurdo,Tom,McMurdo,"Vice President, Sales and Marketing",3,US,2008-06-01,https://www.linkedin.com/company/satellite-shelters-inc,Satellite Shelters Inc.,us_wide_A_vertical,US
https://www.linkedin.com/in/jbrentonphillips,"Brent Phillips MBA, MsCS",Brent,"Phillips MBA, MsCS",Senior Vice President Marketing,3,US,2026-01-01,https://www.linkedin.com/company/sayarilabs,Sayari,us_wide_A_vertical,US
https://www.linkedin.com/in/lizconn,Elizabeth (Liz) Conn,Elizabeth (Liz),Conn,Senior Vice President Marketing,3,US,2025-04-01,https://www.linkedin.com/company/sayarilabs,Sayari,us_wide_A_vertical,US
https://www.linkedin.com/in/romugaboriau,Romu Gaboriau 🇺🇸 🇫🇷,Romu,Gaboriau 🇺🇸 🇫🇷,VP of Revenue Marketing (Performance Marketing),3,US,2026-03-01,https://www.linkedin.com/company/sayarilabs,Sayari,us_wide_A_vertical,US
https://www.linkedin.com/in/maritorrescasana,Mariana Torrescasana,Mariana,Torrescasana,Director of Marketing Operations,3,US,2024-01-01,https://www.linkedin.com/company/sayarilabs,Sayari,us_wide_A_vertical,US
https://www.linkedin.com/in/tara-clemens-daly-4b767857,Tara (Clemens) Daly,Tara,(Clemens) Daly,Director of Product Marketing,3,US,2026-01-01,https://www.linkedin.com/company/sayarilabs,Sayari,us_wide_A_vertical,US
https://www.linkedin.com/in/kmr613,Kristin Robinson,Kristin,Robinson,"VP, Marketing & Communications",2,US,2022-09-01,https://www.linkedin.com/company/scalehealthcare,SCALE Healthcare,us_wide_A_vertical,US
https://www.linkedin.com/in/kellimcconahey,"Kelli McConahey, MBA",Kelli,"McConahey, MBA",Director of Marketing,3,US,2026-03-01,https://www.linkedin.com/company/schaefer-plastics-north-america,"Schaefer Plastics North America, LLC.",us_wide_A_vertical,US
https://www.linkedin.com/in/matt-anderson-379931130,Matt Anderson,Matt,Anderson,Vice President of Marketing & Product Development,3,US,2025-01-01,https://www.linkedin.com/company/schebler-co,Schebler Company,us_wide_A_vertical,US
https://www.linkedin.com/in/bernard-brown-18aa2686,Bernard Brown,Bernard,Brown,Vice President of Sales and Marketing,3,US,2025-10-01,https://www.linkedin.com/company/schroeder-industries-llc,Schroeder Industries LLC,us_wide_A_vertical,US
https://www.linkedin.com/in/tom-o-malley-7944717,Tom O'Malley,Tom,O'Malley,Division Director / Marketing Manager,3,US,-,https://www.linkedin.com/company/schwingusa,SCHWING America Inc.,us_wide_A_vertical,US
https://www.linkedin.com/in/lauradiedrich,Laura Diedrich,Laura,Diedrich,Marketing & Communications Manager,2,US,2020-10-01,https://www.linkedin.com/company/scot-forge,Scot Forge,us_wide_B_othertag,US
https://www.linkedin.com/in/james-merkel-74410116,James Merkel,James,Merkel,"Executive Director - Corporate Sales, Marketing / President - Ringmasters Joint Venture",3,US,2011-06-01,https://www.linkedin.com/company/scot-forge,Scot Forge,us_wide_B_othertag,US
https://www.linkedin.com/in/riley-schmucker-b35804152,Riley Schmucker,Riley,Schmucker,Marketing Communications & Event Lead,2,US,2024-06-01,https://www.linkedin.com/company/scot-forge,Scot Forge,us_wide_B_othertag,US
https://www.linkedin.com/in/kirstencorssen,Kirsten Corssen,Kirsten,Corssen,Director of Marketing and Dealer Relations,1,US,2023-08-01,https://www.linkedin.com/company/sea-pro-boats-llc,Sea Pro Boats,us_wide_B_othertag,US
https://www.linkedin.com/in/jeff-c-b27940185,Jeff C.,Jeff,C.,VP of Marketing,3,US,-,https://www.linkedin.com/company/sea-ray-boats,Sea Ray Boats,us_wide_B_othertag,US
https://www.linkedin.com/in/mariobehr,Mario Behr,Mario,Behr,VP of Marketing,3,US,2025-01-01,https://www.linkedin.com/company/seaveeboats,Sea Vee Boats,us_wide_B_othertag,US
https://www.linkedin.com/in/lindsey-biondo,Lindsey Biondo,Lindsey,Biondo,Strategic Marketing & Partnerships Manager,1,US,2023-01-01,https://www.linkedin.com/company/seabirdscientific,Sea-Bird Scientific,us_wide_B_othertag,US
https://www.linkedin.com/in/phamtan,Tan Pham,Tan,Pham,Head of Performance Marketing,3,US,2024-03-01,https://www.linkedin.com/company/sears-home-services,Sears Home Services,us_wide_A_vertical,US
https://www.linkedin.com/in/johnzigament,John Zigament,John,Zigament,Director of Marketing And Product Management,3,US,2022-01-01,https://www.linkedin.com/company/searsseating,Sears Seating,us_wide_A_vertical,US
https://www.linkedin.com/in/gretchen-churkey-a4109391,Gretchen Churkey,Gretchen,Churkey,Director of Marketing,3,US,2018-05-01,https://www.linkedin.com/company/seats-inc.,Seats Inc.,us_wide_A_vertical,US
https://www.linkedin.com/in/greg-losey-4076717,Greg Losey,Greg,Losey,VP of Sales and Marketing,3,US,2026-04-01,https://www.linkedin.com/company/seaway-plastics-engineering,Seaway Plastics Engineering,us_wide_B_othertag,US
https://www.linkedin.com/in/bernieallen,Bernie Allen,Bernie,Allen,Vice President of Marketing,3,US,2019-08-01,https://www.linkedin.com/company/sekisui-kydex,SEKISUI KYDEX,us_wide_A_vertical,US
https://www.linkedin.com/in/maryellen-hurtado-942a9a12b,MaryEllen Hurtado,MaryEllen,Hurtado,Global Marketing Communications & Brand Manager,2,US,2022-06-01,https://www.linkedin.com/company/selig-group,Selig Group,us_wide_A_vertical,US
https://www.linkedin.com/in/jim-schuler-6a243212,Jim Schuler,Jim,Schuler,Vice President of Sales & Marketing,3,US,-,https://www.linkedin.com/company/semblex-corporation,Semblex Corporation,us_wide_B_othertag,US
https://www.linkedin.com/in/carlos-d-63682754,Carlos D.,Carlos,D.,Network Manager,1,US,2023-03-01,https://www.linkedin.com/company/semblex-corporation,Semblex Corporation,us_wide_B_othertag,US
https://www.linkedin.com/in/al-houde-0811a613,Al Houde,Al,Houde,"Director, Marketing and Business Development",3,US,-,https://www.linkedin.com/company/senior-aerospace-ssp,Senior Aerospace SSP,us_wide_B_othertag,US
https://www.linkedin.com/in/phil-ward-1866a829,Phil Ward,Phil,Ward,Director of Strategic Marketing,3,GB,2023-11-01,https://www.linkedin.com/company/senko-advanced-components,"SENKO Advanced Components, Inc.",us_wide_B_othertag,US
https://www.linkedin.com/in/yoheisato2020,Yohei Sato,Yohei,Sato,Sr. Vice President of Sales & Marketing / General Manager,3,US,2024-11-01,https://www.linkedin.com/company/senko-advanced-components,"SENKO Advanced Components, Inc.",us_wide_B_othertag,US
https://www.linkedin.com/in/franciscotizonaeroengines,Francisco T.,Francisco,T.,"Director, Marketing & Sales",3,US,2023-07-01,https://www.linkedin.com/company/servotronics-inc.,"Servotronics, Inc.",us_wide_A_vertical,US
https://www.linkedin.com/in/jonathon-gondek-075299104,Jonathon Gondek,Jonathon,Gondek,Vice President of Sales & Marketing,3,US,2025-09-01,https://www.linkedin.com/company/servotronics-inc.,"Servotronics, Inc.",us_wide_A_vertical,US
https://www.linkedin.com/in/sam-sanfilippo-8951801,Sam SanFilippo,Sam,SanFilippo,"Senior Vice President, Marketing and Sales",3,US,2010-07-01,https://www.linkedin.com/company/servotronics-inc.,"Servotronics, Inc.",us_wide_A_vertical,US
https://www.linkedin.com/in/travisarnesen,Travis Arnesen,Travis,Arnesen,Vice President of Marketing,3,US,2025-01-01,https://www.linkedin.com/company/service-experts,Service Experts,us_wide_A_vertical,US
https://www.linkedin.com/in/laurenmariedavenport,Lauren Davenport,Lauren,Davenport,Senior Director of Marketing,3,US,2026-02-01,https://www.linkedin.com/company/service-experts,Service Experts,us_wide_A_vertical,US
https://www.linkedin.com/in/jayson-camacho-296b8120,Jayson Camacho,Jayson,Camacho,Director - Field Marketing,3,US,2026-02-01,https://www.linkedin.com/company/service-experts,Service Experts,us_wide_A_vertical,US
https://www.linkedin.com/in/mary-brown-01753143,Mary Brown,Mary,Brown,Director of Marketing,3,US,-,https://www.linkedin.com/company/servicewirecompany,Service Wire Company,us_wide_A_vertical,US
https://www.linkedin.com/in/mark-gatewood-211a7245,Mark Gatewood,Mark,Gatewood,Vice President of Sales and Marketing,3,US,2023-01-01,https://www.linkedin.com/company/servicewirecompany,Service Wire Company,us_wide_A_vertical,US
https://www.linkedin.com/in/alexandria-gil,Alexandria Gil,Alexandria,Gil,"AVP, Celebrity & Influencer Marketing",3,US,2023-02-01,https://www.linkedin.com/company/shadow-pr,SHADOW,us_wide_B_othertag,US
https://www.linkedin.com/in/jimljimenez,Jim Jimenez,Jim,Jimenez,Head of Brand & Marketing (Senior Brand Manager),3,US,2025-07-01,https://www.linkedin.com/company/shaw-development-llc,"Shaw Development, LLC",us_wide_B_othertag,US
https://www.linkedin.com/in/ralph-anderson-185ba0141,Ralph Anderson,Ralph,Anderson,Sr Director of Sales and Marketing,3,US,2015-10-01,https://www.linkedin.com/company/shaw-development-llc,"Shaw Development, LLC",us_wide_B_othertag,US
https://www.linkedin.com/in/manda-snow-b2a29423,Manda Snow,Manda,Snow,Vice President / Dealer Development Manager - Powersports,1,US,2025-09-01,https://www.linkedin.com/company/sheffield-fiancial,"Sheffield Financial, a division of Truist Bank. Member FDIC.",us_wide_A_vertical,US
https://www.linkedin.com/in/kathy-snow-90010122,Kathy Snow,Kathy,Snow,VP Inside Sales & Marketing,3,US,2004-05-01,https://www.linkedin.com/company/sheffield-fiancial,"Sheffield Financial, a division of Truist Bank. Member FDIC.",us_wide_A_vertical,US
https://www.linkedin.com/in/connor-fichtner-b3222986,Connor Fichtner,Connor,Fichtner,Director of Marketing,3,US,2023-01-01,https://www.linkedin.com/company/sheltair,Sheltair,us_wide_B_othertag,US
https://www.linkedin.com/in/jill-durrett-mba-2a933964,"Jill Durrett, MBA",Jill,"Durrett, MBA","Vice President, Sales Operations & Marketing",3,US,2024-06-01,https://www.linkedin.com/company/shermco-industries,Shermco Industries,us_wide_A_vertical,US
https://www.linkedin.com/in/laura-greenholt-tasto,Laura Greenholt-Tasto,Laura,Greenholt-Tasto,Vice President of Marketing,3,US,-,https://www.linkedin.com/company/shipley-energy,Shipley Energy,us_wide_A_vertical,US
https://www.linkedin.com/in/jondavidcarroll,Jonathan Carroll,Jonathan,Carroll,Director of Marketing,3,US,2025-09-01,https://www.linkedin.com/company/shoppa-s-material-handling,Shoppa's Material Handling,us_wide_A_vertical,US
https://www.linkedin.com/in/neville-kharas-b3950b5,Neville Kharas,Neville,Kharas,"EVP Sales, Business Development & Global CMO",3,US,2017-01-01,https://www.linkedin.com/company/sigma-engineered-solutions,Sigma Engineered Solutions,us_wide_B_othertag,US
https://www.linkedin.com/in/kendra-forrer-16870653,Kendra Forrer,Kendra,Forrer,Marketing Communications Manager,2,US,2015-06-01,https://www.linkedin.com/company/sigma-engineered-solutions,Sigma Engineered Solutions,us_wide_B_othertag,US
https://www.linkedin.com/in/kandace-francois-a2946235,Kandace Francois,Kandace,Francois,"Director, Marketing Strategy and Brand Activation",3,US,-,https://www.linkedin.com/company/signature-brands-llc,"Signature Brands, LLC",us_wide_A_vertical,US
https://www.linkedin.com/in/lauren-mcdonald-018a5867,Lauren McDonald,Lauren,McDonald,Vice President Marketing,3,US,2025-11-01,https://www.linkedin.com/company/signature-brands-llc,"Signature Brands, LLC",us_wide_A_vertical,US
https://www.linkedin.com/in/mike-fox-2820b321,Mike Fox,Mike,Fox,Vice President Sales & Marketing,3,US,2023-11-01,https://www.linkedin.com/company/signia-aerospace,Signia Aerospace,us_wide_B_othertag,US
https://www.linkedin.com/in/david-popelka-0604038,David Popelka,David,Popelka,"Vice President, Sales and Marketing",3,US,2023-01-01,https://www.linkedin.com/company/signia-aerospace,Signia Aerospace,us_wide_B_othertag,US
https://www.linkedin.com/in/brian-fernald,Brian Fernald,Brian,Fernald,"Vice President, Marketing and Customer Experience",3,US,2023-01-01,https://www.linkedin.com/company/sika-usa,Sika USA,us_wide_B_othertag,US
https://www.linkedin.com/in/aamer-syed-6b919196,Aamer Syed,Aamer,Syed,Vice President Marketing RSB and DOT Business,3,US,2018-01-01,https://www.linkedin.com/company/sika-usa,Sika USA,us_wide_B_othertag,US
https://www.linkedin.com/in/johannes-eickhoff-56808852,Johannes Eickhoff,Johannes,Eickhoff,Director of Marketing Liquid Applied Membranes,3,DE,-,https://www.linkedin.com/company/sika-usa,Sika USA,us_wide_B_othertag,US
https://www.linkedin.com/in/suzanne-lianopoulos,"Suzanne Lianopoulos, LEED Green Associate",Suzanne,"Lianopoulos, LEED Green Associate",Senior Director of Marketing- Concrete,3,US,2026-01-01,https://www.linkedin.com/company/sika-usa,Sika USA,us_wide_B_othertag,US
https://www.linkedin.com/in/nick-van-houten-a5031ba,Nick Van Houten,Nick,Van Houten,Canadian Maritime Helicopter Project CMO Manager,3,US,2016-04-01,https://www.linkedin.com/company/sikorsky,Sikorsky,us_wide_B_othertag,US
https://www.linkedin.com/in/larisadrake,Lara Drake,Lara,Drake,Chief Marketing Officer,3,US,2026-06-01,https://www.linkedin.com/company/silaservices,Sila Services,us_wide_A_vertical,US
https://www.linkedin.com/in/dantediaz,Dante Díaz,Dante,Díaz,"Sr. Vice President, Marketing",3,US,2025-07-01,https://www.linkedin.com/company/silaservices,Sila Services,us_wide_A_vertical,US
https://www.linkedin.com/in/christinaschmidt1,Christina Schmidt,Christina,Schmidt,Vice President Marketing,3,US,2026-08-01,https://www.linkedin.com/company/silaservices,Sila Services,us_wide_A_vertical,US
https://www.linkedin.com/in/rainman-rui-975b4667,rainman rui,rainman,rui,Director Technical Marketing,3,US,2025-09-01,https://www.linkedin.com/company/silergy-corp,Silergy,us_wide_B_othertag,US
https://www.linkedin.com/in/rich-majka-0328728b,Rich Majka,Rich,Majka,Vice President of Sales and Marketing,3,US,2022-03-01,https://www.linkedin.com/company/silgan-specialty-packaging,Silgan Specialty Packaging,us_wide_B_othertag,US
https://www.linkedin.com/in/billbellico,"Bill Bellico, LEED AP BD+C",Bill,"Bellico, LEED AP BD+C",Vice President of Marketing & Inside Sales,3,US,2021-01-01,https://www.linkedin.com/company/sika-usa,Sika USA,us_wide_B_othertag,US
https://www.linkedin.com/in/brian-blaquiere-boston,Brian Blaquiere,Brian,Blaquiere,Marketing Communications Director,2,US,2017-07-01,https://www.linkedin.com/company/sika-usa,Sika USA,us_wide_B_othertag,US
https://www.linkedin.com/in/kimberlysurico,Kimberly Surico,Kimberly,Surico,Senior Director of Growth Marketing,3,US,2024-01-01,https://www.linkedin.com/company/simco-electronics,SIMCO Electronics,us_wide_B_othertag,US
https://www.linkedin.com/in/yanbanducci,Yan Banducci,Yan,Banducci,Sr. Director of Marketing,3,US,2021-01-01,https://www.linkedin.com/company/simco-electronics,SIMCO Electronics,us_wide_B_othertag,US
https://www.linkedin.com/in/mollymellen,Molly Mellen,Molly,Mellen,Vice President of Marketing,3,US,-,https://www.linkedin.com/company/simonaamericagroup,SIMONA AMERICA Group,us_wide_B_othertag,US
https://www.linkedin.com/in/randy-blanchette-53214212,Randy Blanchette,Randy,Blanchette,Vice President Sales and Marketing,3,US,2025-10-01,https://www.linkedin.com/company/simmonds-precision,Simmonds Precision Products,us_wide_B_othertag,US
https://www.linkedin.com/in/jacquelinetruongporter,Jacqueline Porter (she/her),Jacqueline,Porter (she/her),"Director, Retail Marketing and Media",3,US,-,https://www.linkedin.com/company/simplisafe,SimpliSafe,us_wide_B_othertag,US
https://www.linkedin.com/in/kaitlin-m-bonner,Kaitlin Bonner,Kaitlin,Bonner,"Senior Director, Brand & Product Marketing",3,US,2021-12-01,https://www.linkedin.com/company/simplisafe,SimpliSafe,us_wide_B_othertag,US
https://www.linkedin.com/in/lindsaycdougherty,Lindsay Dougherty,Lindsay,Dougherty,Director of Marketing,3,US,2022-12-01,https://www.linkedin.com/company/simplisafe,SimpliSafe,us_wide_B_othertag,US
https://www.linkedin.com/in/nicolemsparks,Nicole Sparks,Nicole,Sparks,"Vice President, Marketing",3,US,2015-03-01,https://www.linkedin.com/company/sghengineering,Simpson Gumpertz & Heger (SGH),us_wide_B_othertag,US
https://www.linkedin.com/in/jeremydlandry,Jeremy Landry,Jeremy,Landry,Marketing Communications Manager,2,US,2022-10-01,https://www.linkedin.com/company/sghengineering,Simpson Gumpertz & Heger (SGH),us_wide_B_othertag,US
https://www.linkedin.com/in/jeff-b-3575499,Jeff B.,Jeff,B.,Director of Sales & Marketing,3,US,-,https://www.linkedin.com/company/sinclair-rush,"Sinclair & Rush, Inc.",us_wide_B_othertag,US
https://www.linkedin.com/in/jeff-barket-6750a0258,Jeff Barket,Jeff,Barket,Director of Sales Marketing,3,US,-,https://www.linkedin.com/company/sinclair-rush,"Sinclair & Rush, Inc.",us_wide_B_othertag,US
https://www.linkedin.com/in/phillipchall,Phillip Hall,Phillip,Hall,Marketing Communications Manager,2,US,2021-10-01,https://www.linkedin.com/company/sika-usa,Sika USA,us_wide_B_othertag,US
https://www.linkedin.com/in/liz-shen-93483823,Liz Shen,Liz,Shen,Director Of Marketing And Business Development,3,US,2022-01-01,https://www.linkedin.com/company/sinomimtech,Sino-MIM Technology Group,us_wide_B_othertag,US
https://www.linkedin.com/in/steve-wang-68841114,Steve Wang,Steve,Wang,"Director, Technical Marketing",3,US,2018-07-01,https://www.linkedin.com/company/skhynix-america-inc,SK hynix America,us_wide_B_othertag,US
https://www.linkedin.com/in/sungsup-ss-kim-28489075,SungSup(SS) Kim,SungSup(SS),Kim,"Senior Vice President sales, marketing & operation",3,US,-,https://www.linkedin.com/company/skhynix-america-inc,SK hynix America,us_wide_B_othertag,US
https://www.linkedin.com/in/sarah-lewis-45a770199,Sarah Lewis,Sarah,Lewis,Channel Experience Specialist (Technical Program Manager) - CX Chatbot & Voicebot AI Insights,1,US,2026-06-01,https://www.linkedin.com/company/simplisafe,SimpliSafe,us_wide_B_othertag,US
https://www.linkedin.com/in/shane-watson-6a6a06218,Shane Watson,Shane,Watson,Partner Marketing Specialist,1,US,-,https://www.linkedin.com/company/simplisafe,SimpliSafe,us_wide_B_othertag,US
https://www.linkedin.com/in/dennis-piretra,Dennis Piretra,Dennis,Piretra,Vice President Marketing,3,US,2025-01-01,https://www.linkedin.com/company/skb-cases,SKB Cases,us_wide_A_vertical,US
https://www.linkedin.com/in/cvandy,CeeCee Vandiver,CeeCee,Vandiver,Director of Marketing,3,US,2016-06-01,https://www.linkedin.com/company/skb-cases,SKB Cases,us_wide_A_vertical,US
https://www.linkedin.com/in/terry-decio-7639a744,terry decio,terry,decio,vice president of sales and marketing,3,US,1973-06-01,https://www.linkedin.com/company/skylinehomes,Skyline Homes,us_wide_A_vertical,US
https://www.linkedin.com/in/terry-bodenbender-26742a31,Terry Bodenbender,Terry,Bodenbender,VP Sales and Marketing,3,US,-,https://www.linkedin.com/company/skylinehomes,Skyline Homes,us_wide_A_vertical,US
https://www.linkedin.com/in/eid-alsabbagh-4939402,Eid Alsabbagh,Eid,Alsabbagh,Senior Director of Product Marketing,3,US,2023-01-01,https://www.linkedin.com/company/skyworks-solutions-inc,"Skyworks Solutions, Inc.",us_wide_B_othertag,US
https://www.linkedin.com/in/todd-lepinski-ababaa9,Todd Lepinski,Todd,Lepinski,Senior Vice President Global Sales and Marketing,3,US,2025-06-01,https://www.linkedin.com/company/skyworks-solutions-inc,"Skyworks Solutions, Inc.",us_wide_B_othertag,US
https://www.linkedin.com/in/peggygilmore,Peggy Gilmore,Peggy,Gilmore,Vice President of Experiential Marketing,3,US,2022-09-01,https://www.linkedin.com/company/sloan-valve-company,Sloan,us_wide_A_vertical,US
https://www.linkedin.com/in/morgankish,Morgan (Butts) Kish,Morgan,(Butts) Kish,Sr. Director of Product Management and Marketing,3,US,2026-05-01,https://www.linkedin.com/company/sloan-valve-company,Sloan,us_wide_A_vertical,US
https://www.linkedin.com/in/tim-schiffbauer-55750123,Tim Schiffbauer,Tim,Schiffbauer,Channel Marketing Manager,1,US,-,https://www.linkedin.com/company/sloan-valve-company,Sloan,us_wide_A_vertical,US
https://www.linkedin.com/in/doug-azbell,Doug Azbell,Doug,Azbell,"Executive Vice President, Sales & Marketing",3,US,2021-10-01,https://www.linkedin.com/company/small-parts-inc.,"Small Parts, Inc.",us_wide_B_othertag,US
https://www.linkedin.com/in/mark-richey-456780b,Mark Richey,Mark,Richey,Director of Product Marketing,3,US,2014-12-01,https://www.linkedin.com/company/skyworks-solutions-inc,"Skyworks Solutions, Inc.",us_wide_B_othertag,US
https://www.linkedin.com/in/kevinfwalsh,Kevin Walsh,Kevin,Walsh,"Director, Mobile Product Marketing",3,US,2014-01-01,https://www.linkedin.com/company/skyworks-solutions-inc,"Skyworks Solutions, Inc.",us_wide_B_othertag,US
https://www.linkedin.com/in/nishant-neekhra-94598719,Nishant Neekhra,Nishant,Neekhra,Senior Director Mobile Marketing,3,US,2024-03-01,https://www.linkedin.com/company/skyworks-solutions-inc,"Skyworks Solutions, Inc.",us_wide_B_othertag,US
https://www.linkedin.com/in/rtmkteng,Robert Thompson,Robert,Thompson,"Vice President, Marketing and Sales Engineering",3,US,2026-01-01,https://www.linkedin.com/company/smalley-steel-ring-co,Smalley,us_wide_B_othertag,US
https://www.linkedin.com/in/laurenknagys,Lauren Nagys ☁️,Lauren,Nagys ☁️,Director of Marketing,3,US,2022-09-01,https://www.linkedin.com/company/smalley-steel-ring-co,Smalley,us_wide_B_othertag,US
https://www.linkedin.com/in/carrie-toth-847b542,Carrie Toth,Carrie,Toth,Chief Marketing Officer,3,US,2026-04-01,https://www.linkedin.com/company/smartcaresolutions,Smart Care,us_wide_A_vertical,US
https://www.linkedin.com/in/alison-heitman,Alison Heitman,Alison,Heitman,Director of Global Marketing Communications,2,US,2019-09-01,https://www.linkedin.com/company/sloan-valve-company,Sloan,us_wide_A_vertical,US
https://www.linkedin.com/in/christiewanderer,-,-,-,Director Brand and Marketing Communications,2,US,2008-04-01,https://www.linkedin.com/company/smc-ltd,SMC Ltd,us_wide_B_othertag,US
https://www.linkedin.com/in/ho-suk-harry-lee-2851551,"HO SUK ""HARRY"" LEE","HO SUK ""HARRY""",LEE,Vice President of Mobile Marketing & Samsung Sales,3,US,2024-01-01,https://www.linkedin.com/company/skyworks-solutions-inc,"Skyworks Solutions, Inc.",us_wide_B_othertag,US
https://www.linkedin.com/in/patrick-fleury-3306335b,Patrick FLEURY,Patrick,FLEURY,Responsable Marketing & vente,3,FR,-,https://www.linkedin.com/company/smithers-oasis,Smithers-Oasis,us_wide_A_vertical,US
https://www.linkedin.com/in/irisschaefer,Iris Schäfer,Iris,Schäfer,"Marketing Communications Manager EMEA, APAC, ANZ",2,DE,2019-09-01,https://www.linkedin.com/company/l-sm-icu,Smiths Medical,us_wide_A_vertical,US
https://www.linkedin.com/in/carlos-bori-3450247b,Carlos Bori,Carlos,Bori,"Senior Vice President, Sales and Marketing",3,US,2017-11-01,https://www.linkedin.com/company/skyworks-solutions-inc,"Skyworks Solutions, Inc.",us_wide_B_othertag,US
https://www.linkedin.com/in/chad-donovan-718535285,Chad Donovan,Chad,Donovan,Vice President of Central Sales and Marketing,3,US,2017-09-01,https://www.linkedin.com/company/sms-group-inc,SMS group USA,us_wide_B_othertag,US
https://www.linkedin.com/in/mike-hassinger-844b5b17,Mike Hassinger,Mike,Hassinger,Vice President of Sales and Marketing,3,US,2019-01-01,https://www.linkedin.com/company/engineeredsolutions,SMP Engineered Solutions,us_wide_A_vertical,US
https://www.linkedin.com/in/clint-browning,Clint Browning,Clint,Browning,Vice President of Sales and Marketing,3,US,1999-01-01,https://www.linkedin.com/company/solberg-manufacturing-inc.,"Solberg Manufacturing, Inc.",us_wide_A_vertical,US
https://www.linkedin.com/in/vicente-amoros-7b390224,Vicente Amoros,Vicente,Amoros,Director Marketing,3,ES,-,https://www.linkedin.com/company/l-sm-icu,Smiths Medical,us_wide_A_vertical,US
https://www.linkedin.com/in/maria-cartier-63a3683,Maria Cartier,Maria,Cartier,Director of Marketing,3,US,1991-01-01,https://www.linkedin.com/company/l-sm-icu,Smiths Medical,us_wide_A_vertical,US
https://www.linkedin.com/in/deborahahern,Debbie Ahern,Debbie,Ahern,Network Manager/Network Champion,1,US,-,https://www.linkedin.com/company/sepg1969,"Southeastern Paper Group, Proudly Part of BradyPLUS",us_wide_B_othertag,US
https://www.linkedin.com/in/mauriziomerli,Maurizio Merli,Maurizio,Merli,"Director, Product and Marketing",3,IT,2023-12-01,https://www.linkedin.com/company/sp-industries,SP Industries Inc.,us_wide_B_othertag,US
https://www.linkedin.com/in/eva-decardenas-1835a85,Eva Decardenas,Eva,Decardenas,"Director, Marketing and Communications",3,US,-,https://www.linkedin.com/company/spacehab-inc.,"SPACEHAB, Inc.",us_wide_B_othertag,US
https://www.linkedin.com/in/kevin-duffy-85ba8b4,Kevin Duffy,Kevin,Duffy,Executive Vice President of Sales and Marketing,3,US,2026-01-01,https://www.linkedin.com/company/spartech,Spartech LLC,us_wide_B_othertag,US
https://www.linkedin.com/in/jaaronjac,Jeffrey Aaron Jacobson,Jeffrey Aaron,Jacobson,Head of B2B Growth Marketing at X,3,US,2026-02-01,https://www.linkedin.com/company/spacex,SpaceX,us_wide_B_othertag,US
https://www.linkedin.com/in/carlagillespie,Carla Gillespie,Carla,Gillespie,Director of Marketing Communications,2,US,2020-01-01,https://www.linkedin.com/company/specialty-coating-systems-inc.,"Specialty Coating Systems, Inc.",us_wide_B_othertag,US
https://www.linkedin.com/in/calisartor,Cali Sartor,Cali,Sartor,Director of Marketing,3,US,2012-10-01,https://www.linkedin.com/company/spartan-chemical-company,Spartan Chemical Company,us_wide_A_vertical,US
https://www.linkedin.com/in/brady-richman,Brady Richman,Brady,Richman,Regional Marketing Communications Manager - Americas,2,US,2024-05-01,https://www.linkedin.com/company/spectrix-molding-solutions,SPECTRIX,us_wide_B_othertag,US
https://www.linkedin.com/in/oliver-lindenberg-3b654942,Oliver Lindenberg,Oliver,Lindenberg,VP Global Commercial & Marketing,3,DE,2025-11-01,https://www.linkedin.com/company/spectrix-molding-solutions,SPECTRIX,us_wide_B_othertag,US
https://www.linkedin.com/in/lena-sophie-haack-7b4355138,Lena-Sophie Haack,Lena-Sophie,Haack,"Regional Marketing Communications Manager EMEA, Barnes Molding Solutions",2,DE,2022-04-01,https://www.linkedin.com/company/spectrix-molding-solutions,SPECTRIX,us_wide_B_othertag,US
https://www.linkedin.com/in/brijgreen,Brian Green,Brian,Green,EVP Global Marketing & National Sales,3,US,2021-01-01,https://www.linkedin.com/company/spectronics,Spectronics Corporation,us_wide_A_vertical,US
https://www.linkedin.com/in/bob-savasta-914a4b19,Bob Savasta,Bob,Savasta,Marketing Communications Manager,2,US,-,https://www.linkedin.com/company/spectronics,Spectronics Corporation,us_wide_A_vertical,US
https://www.linkedin.com/in/davidburgess2,David Burgess,David,Burgess,Chief Marketing Officer,3,US,2013-09-01,https://www.linkedin.com/company/spellman-high-voltage,Spellman High Voltage Electronics Corporation,us_wide_A_vertical,US
https://www.linkedin.com/in/oscar-gonzalez-63a114101,Oscar Gonzalez,Oscar,Gonzalez,Manager of Network Operations,1,US,2016-07-01,https://www.linkedin.com/company/spellman-high-voltage,Spellman High Voltage Electronics Corporation,us_wide_A_vertical,US
https://www.linkedin.com/in/david-little-a2082116,David Little,David,Little,"Director, Marketing and Business Development",3,US,2000-05-01,https://www.linkedin.com/company/spectrolab,Spectrolab,us_wide_B_othertag,US
https://www.linkedin.com/in/melanie-klein-66221016,Melanie Klein,Melanie,Klein,"Director, Marketing and Business Development",3,US,-,https://www.linkedin.com/company/spectrolab,Spectrolab,us_wide_B_othertag,US
https://www.linkedin.com/in/christie-jones-441a165,Christie Jones,Christie,Jones,Vice President of Marketing,3,US,2018-02-01,https://www.linkedin.com/company/spirol,SPIROL,us_wide_B_othertag,US
https://www.linkedin.com/in/sarakuzma,Sara Kuzma Stump,Sara,Kuzma Stump,Director of Marketing Operations,3,US,2024-11-01,https://www.linkedin.com/company/spl-inc.,SPL,us_wide_B_othertag,US
https://www.linkedin.com/in/robert-bienvenu-31b97215,Robert Bienvenu,Robert,Bienvenu,Vice President Sales & Marketing,3,US,1998-05-01,https://www.linkedin.com/company/spl-inc.,SPL,us_wide_B_othertag,US
https://www.linkedin.com/in/victor-m-gonzalez-ab876793,Victor M. Gonzalez,Victor M.,Gonzalez,Chief Marketing Officer,3,US,2023-12-01,https://www.linkedin.com/company/sportsman-boats,Sportsman Boats,us_wide_B_othertag,US
https://www.linkedin.com/in/alex-joseph-9775b811,Alex Joseph,Alex,Joseph,Director of Marketing,3,US,2018-11-01,https://www.linkedin.com/company/springfield-armory-inc.,Springfield Armory,us_wide_B_othertag,US
https://www.linkedin.com/in/laskoski,Shawn Laskoski,Shawn,Laskoski,"SVP, Product & Marketing",3,US,2026-03-01,https://www.linkedin.com/company/springs-window-fashions,Springs Window Fashions,us_wide_B_othertag,US
https://www.linkedin.com/in/elizabeth-purcell-greeneway-54956039,Elizabeth Purcell Greeneway,Elizabeth,Purcell Greeneway,Director of Channel Marketing,1,US,2025-09-01,https://www.linkedin.com/company/springs-window-fashions,Springs Window Fashions,us_wide_B_othertag,US
https://www.linkedin.com/in/ian-smercina-49942b28,Ian Smercina,Ian,Smercina,VP Sales and Marketing,3,US,2024-08-01,https://www.linkedin.com/company/spyderproducts,SPYDER,us_wide_A_vertical,US
https://www.linkedin.com/in/allison-macauley,Allison Macauley,Allison,Macauley,Retail Channel Marketing Manager,1,US,2026-01-01,https://www.linkedin.com/company/springs-window-fashions,Springs Window Fashions,us_wide_B_othertag,US
https://www.linkedin.com/in/tyler-congemi-320388185,Tyler Congemi,Tyler,Congemi,Director of Commercial Marketing,3,US,2025-04-01,https://www.linkedin.com/company/springs-window-fashions,Springs Window Fashions,us_wide_B_othertag,US
https://www.linkedin.com/in/matt-ollila-26219a64,Matt Ollila,Matt,Ollila,Director of Sales & Marketing,3,US,2025-12-01,https://www.linkedin.com/company/springfield-remanufacturing-corp,SRC Heavy Duty,us_wide_A_vertical,US
https://www.linkedin.com/in/spencer-cunningham-289a2b165,Spencer Cunningham,Spencer,Cunningham,Vice President Sales and Marketing,3,US,2022-09-01,https://www.linkedin.com/company/springfield-remanufacturing-corp,SRC Heavy Duty,us_wide_A_vertical,US
https://www.linkedin.com/in/blake-griggs-96817450,Blake Griggs,Blake,Griggs,National Program Manager of Distributor Led Business,1,US,2018-10-01,https://www.linkedin.com/company/square-d-company,Square D by Schneider Electric,us_wide_B_othertag,US
https://www.linkedin.com/in/pascal-alexandre-81468138,Pascal Alexandre,Pascal,Alexandre,Marketing & Channel VP,1,FR,-,https://www.linkedin.com/company/square-d-company,Square D by Schneider Electric,us_wide_B_othertag,US
https://www.linkedin.com/in/kristin-l-evans,Kristin Evans,Kristin,Evans,VP of Marketing,3,US,2022-12-01,https://www.linkedin.com/company/ssp-corp-,SSP,us_wide_A_vertical,US
https://www.linkedin.com/in/lmesquita,Lucas Mesquita,Lucas,Mesquita,"Director, Marketing and Sales",3,US,2022-03-01,https://www.linkedin.com/company/st-engineering-san-antonio-aerospace,ST Engineering - San Antonio Aerospace (SAA),us_wide_B_othertag,US
https://www.linkedin.com/in/chad-faith-m-ed-93a80168,"Chad Faith, M.Ed.",Chad,"Faith, M.Ed.",Director of Dealer Development at Standard Supply,1,US,2025-07-01,https://www.linkedin.com/company/standard-supply-and-distributing-company-inc-,Standard Supply and Distributing Company Inc.,us_wide_A_vertical,US
https://www.linkedin.com/in/rebecca-bach-lane-executive,Rebecca (Bach) Lane,Rebecca (Bach),Lane,"Senior Vice President, Global Sales & Marketing for Commercial Engine Services",3,US,2026-01-01,https://www.linkedin.com/company/standardaero,StandardAero,us_wide_B_othertag,US
https://www.linkedin.com/in/duane-noel-53020815b,Duane Noel,Duane,Noel,Director of Sales and Marketing,3,US,2016-06-01,https://www.linkedin.com/company/standardaero,StandardAero,us_wide_B_othertag,US
https://www.linkedin.com/in/rjacobsaylor,Jake Saylor,Jake,Saylor,"Vice President, Global Communications and Marketing",3,US,2025-08-01,https://www.linkedin.com/company/standardaero,StandardAero,us_wide_B_othertag,US
https://www.linkedin.com/in/kalynortizkvapil,Kalyn Kvapil,Kalyn,Kvapil,Director of Marketing & Communications,2,US,2024-07-01,https://www.linkedin.com/company/standardaero,StandardAero,us_wide_B_othertag,US
https://www.linkedin.com/in/marko-n-7296123,Marko N.,Marko,N.,Director Marketing & Sales EMEA & Asia,3,DE,2024-01-01,https://www.linkedin.com/company/standardaero,StandardAero,us_wide_B_othertag,US
https://www.linkedin.com/in/henk-smeulders-0601b44,Henk Smeulders,Henk,Smeulders,VP Marketing & Sales and Customer Service,3,NL,2019-01-01,https://www.linkedin.com/company/standardaero,StandardAero,us_wide_B_othertag,US
https://www.linkedin.com/in/chiragsheth27,Chirag Sheth,Chirag,Sheth,"Vice President of Business Development, Marketing, and Strategy",3,US,2024-01-01,https://www.linkedin.com/company/standex-meder-electronics,Standex Electronics,us_wide_B_othertag,US
https://www.linkedin.com/in/ludes-werner-b21b218a,Ludes Werner,Ludes,Werner,Head of Marketing EMEA,3,DE,2012-07-01,https://www.linkedin.com/company/standex-meder-electronics,Standex Electronics,us_wide_B_othertag,US
https://www.linkedin.com/in/jeff-callahan-07104212,Jeff Callahan,Jeff,Callahan,Director Of Sales And Marketing,3,US,2015-03-01,https://www.linkedin.com/company/standex-international,Standex International,us_wide_A_vertical,US
https://www.linkedin.com/in/john-bailey-07343b15,John Bailey,John,Bailey,Vice President Sales and Marketing,3,US,2008-01-01,https://www.linkedin.com/company/standex-international,Standex International,us_wide_A_vertical,US
https://www.linkedin.com/in/amanda-mongiovi-61091b23,Amanda Mongiovi,Amanda,Mongiovi,"Manager, Corporate Marketing & Communications",2,US,2010-06-01,https://www.linkedin.com/company/standardaero,StandardAero,us_wide_B_othertag,US
https://www.linkedin.com/in/robb-robinson-22701911,Robb Robinson,Robb,Robinson,Vice President Of Business Development / Partner,1,US,2021-12-01,https://www.linkedin.com/company/star-service-a-fidelity-company,Star Service – A Fidelity Company,us_wide_A_vertical,US
https://www.linkedin.com/in/charles-hollway-0355b21a5,Charles Hollway,Charles,Hollway,"Senior Partner Marketing, EMEA",1,GB,2025-01-01,https://www.linkedin.com/company/starshiptechnologies,Starship Technologies,us_wide_B_othertag,US
https://www.linkedin.com/in/ron-gillette-6317b577,Ron Gillette,Ron,Gillette,"Sr. Vice President Global Sales,  Marketing & Customer Service",3,US,2026-04-01,https://www.linkedin.com/company/standardaero,StandardAero,us_wide_B_othertag,US
https://www.linkedin.com/in/johnclarkgr,John Clark,John,Clark,Director of Marketing,3,US,2022-02-01,https://www.linkedin.com/company/steel-king-industries-inc-,"Steel King Industries, Inc.",us_wide_A_vertical,US
https://www.linkedin.com/in/stefanieyin,Stefanie Yin,Stefanie,Yin,"Director of Marketing, Digital Experiences",3,FR,2021-10-01,https://www.linkedin.com/company/steelseries,SteelSeries,us_wide_A_vertical,US
https://www.linkedin.com/in/martinezkathryn,Kathryn Martinez,Kathryn,Martinez,Global Chief Marketing Officer,3,US,2020-01-01,https://www.linkedin.com/company/steelseries,SteelSeries,us_wide_A_vertical,US
https://www.linkedin.com/in/melissa-tomlinson-720b224,Melissa Tomlinson,Melissa,Tomlinson,"Head of Americas, VP of Sales and Marketing",3,US,2016-01-01,https://www.linkedin.com/company/steelseries,SteelSeries,us_wide_A_vertical,US
https://www.linkedin.com/in/hargreavesbrian,Brian Hargreaves,Brian,Hargreaves,Global Director of Marketing,3,US,2025-08-01,https://www.linkedin.com/company/steelseries,SteelSeries,us_wide_A_vertical,US
https://www.linkedin.com/in/roselbarhoumeh,Rosel Barhoumeh,Rosel,Barhoumeh,Channel Marketing Manager,1,US,2022-12-01,https://www.linkedin.com/company/steelseries,SteelSeries,us_wide_A_vertical,US
https://www.linkedin.com/in/joe-anderson-38049218,Joe Anderson,Joe,Anderson,Director of Marketing,3,US,2022-03-01,https://www.linkedin.com/company/steele-solutions-inc,"Steele Solutions, Inc",us_wide_A_vertical,US
https://www.linkedin.com/in/eric-simonelli,Eric Simonelli,Eric,Simonelli,Channel Marketing Manager,1,US,2024-01-01,https://www.linkedin.com/company/steelseries,SteelSeries,us_wide_A_vertical,US
https://www.linkedin.com/in/daniisaacs,Erika Isaacs,Erika,Isaacs,Director of Lifecycle Marketing,3,US,2026-01-01,https://www.linkedin.com/company/steelseries,SteelSeries,us_wide_A_vertical,US
https://www.linkedin.com/in/marina-nina-gaston-0b510453,Marina (Nina) Gaston,Marina (Nina),Gaston,"Director, Dealer Development",1,US,2022-11-01,https://www.linkedin.com/company/stewart-&-stevenson,Stewart & Stevenson,us_wide_A_vertical,US
https://www.linkedin.com/in/marty-cohen-0bbba1b2,Marty Cohen,Marty,Cohen,Director of Sales and Marketing,3,US,2024-05-01,https://www.linkedin.com/company/stewart-efi-llc,"Stewart EFI, LLC",us_wide_B_othertag,US
https://www.linkedin.com/in/keith-gentilin,Keith Gentilin,Keith,Gentilin,Vice President of Sales and Marketing,3,US,2025-04-01,https://www.linkedin.com/company/stimpson-company,Stimpson,us_wide_B_othertag,US
https://www.linkedin.com/in/kelly-roberts-21432b221,Kelly Roberts,Kelly,Roberts,Marketing Communications Manager,2,US,-,https://www.linkedin.com/company/stemcoproducts,STEMCO Products,us_wide_A_vertical,US
https://www.linkedin.com/in/lindsay-sweeney,Lindsay Sweeney,Lindsay,Sweeney,"Associate Vice President, Marketing & Communications",2,US,2026-04-01,https://www.linkedin.com/company/stoneturn-group-llp,StoneTurn,us_wide_A_vertical,US
https://www.linkedin.com/in/andrew-hoffman-7bb30440,Andrew Hoffman,Andrew,Hoffman,"Senior Director, Head of Marketing",3,US,2024-01-01,https://www.linkedin.com/company/stoneturn-group-llp,StoneTurn,us_wide_A_vertical,US
https://www.linkedin.com/in/madigan-lubold513456,Madigan Lubold,Madigan,Lubold,Marketing & Communications Manager,2,US,2026-07-01,https://www.linkedin.com/company/stratolaunch,Stratolaunch,us_wide_B_othertag,US
https://www.linkedin.com/in/kimberly-palisin-89607636,Kimberly Palisin,Kimberly,Palisin,Director of Marketing and events,3,US,2025-03-01,https://www.linkedin.com/company/sts-aviation-group,STS Aviation Group,us_wide_B_othertag,US
https://www.linkedin.com/in/melissaenos,Melissa Enos,Melissa,Enos,"Vice President, Marketing",3,US,2022-10-01,https://www.linkedin.com/company/sub-zero-group-inc-,"Sub-Zero Group, Inc.",us_wide_A_vertical,US
https://www.linkedin.com/in/christopher-emery-9ab87310,Christopher Emery,Christopher,Emery,Vice President of Sales and Marketing,3,US,1998-11-01,https://www.linkedin.com/company/sturgis-molded-products,Sturgis Molded Products,us_wide_B_othertag,US
https://www.linkedin.com/in/dsfpg,Lysa Goodman,Lysa,Goodman,Director of Marketing,3,US,2026-01-01,https://www.linkedin.com/company/suginocorp,Sugino Corp.,us_wide_B_othertag,US
https://www.linkedin.com/in/matt-koch-9639a3173,Matt Koch,Matt,Koch,Chief Marketing Officer,3,US,2022-06-01,https://www.linkedin.com/company/sukup-manufacturing-co-,Sukup Manufacturing Co.,us_wide_A_vertical,US
https://www.linkedin.com/in/chad-shellenbarger-19120074,Chad Shellenbarger,Chad,Shellenbarger,Network Manager,1,US,2025-04-01,https://www.linkedin.com/company/sumiriko-ohio,"SumiRiko Ohio, Inc.",us_wide_A_vertical,US
https://www.linkedin.com/in/sheila-hernandez-96a88b5,Sheila Hernandez,Sheila,Hernandez,"Vice President, Marketing and Supplier Relations",3,US,2022-03-01,https://www.linkedin.com/company/summit-electric-supply,Summit Electric Supply,us_wide_A_vertical,US
https://www.linkedin.com/in/steven-holdsworth-64a48aa,Steven Holdsworth,Steven,Holdsworth,Vice President of Sales & Marketing,3,US,2023-07-01,https://www.linkedin.com/company/summit-electric-supply,Summit Electric Supply,us_wide_A_vertical,US
https://www.linkedin.com/in/chapmanconnect,David Chapman,David,Chapman,DIRECTOR OF MARKETING,3,US,2018-11-01,https://www.linkedin.com/company/summit-electric-supply,Summit Electric Supply,us_wide_A_vertical,US
https://www.linkedin.com/in/clay-swain-86225152,Clay Swain,Clay,Swain,SVP Sales & Marketing,3,US,2015-03-01,https://www.linkedin.com/company/summit-interconnect,Summit Interconnect,us_wide_B_othertag,US
https://www.linkedin.com/in/patrick-macpherson-829b2a103,Patrick MacPherson,Patrick,MacPherson,Senior Vice President of Sales & Marketing,3,US,2024-11-01,https://www.linkedin.com/company/summit-interconnect,Summit Interconnect,us_wide_B_othertag,US
https://www.linkedin.com/in/michele-rast-567b741,Michele Rast,Michele,Rast,Vice President of Marketing,3,US,2024-01-01,https://www.linkedin.com/company/sunbeltsolomon,Sunbelt Solomon,us_wide_A_vertical,US
https://www.linkedin.com/in/greg-barrett,Greg Barrett,Greg,Barrett,Director of Amazon Sales and Marketing,3,US,2025-09-01,https://www.linkedin.com/company/sunextools,SUNEX Tools,us_wide_A_vertical,US
https://www.linkedin.com/in/richard-pirozzolo-053b9113,Richard Pirozzolo,Richard,Pirozzolo,Director of Marketing and Channel Sales,1,US,2010-01-01,https://www.linkedin.com/company/suntron-corporation,Suntron Corporation,us_wide_B_othertag,US
https://www.linkedin.com/in/pirozzolo-richard-433ab41a,Pirozzolo Richard,Pirozzolo,Richard,Director - Marketing and Sales Development,3,US,-,https://www.linkedin.com/company/suntron-corporation,Suntron Corporation,us_wide_B_othertag,US
https://www.linkedin.com/in/martin-smith-529228a,Martin Smith,Martin,Smith,Director of Marketing,3,US,-,https://www.linkedin.com/company/suntron-corporation,Suntron Corporation,us_wide_B_othertag,US
https://www.linkedin.com/in/jake-weber-82589581,Jake Weber,Jake,Weber,Director of Sales and Marketing,3,US,-,https://www.linkedin.com/company/supersteelmke,"Super Steel, LLC",us_wide_A_vertical,US
https://www.linkedin.com/in/jim-stricker-51732452,Jim Stricker,Jim,Stricker,Vice President of Sales and Marketing,3,US,2024-04-01,https://www.linkedin.com/company/supersteelmke,"Super Steel, LLC",us_wide_A_vertical,US
https://www.linkedin.com/in/kimberlyderry,"Kimberly Derry, MBA",Kimberly,"Derry, MBA",Corporate Director of Marketing and Information Technology,3,US,2019-01-01,https://www.linkedin.com/company/superior-plant-rentals,SUPERIOR,us_wide_A_vertical,US
https://www.linkedin.com/in/wendellwenjen,Wendell Wenjen,Wendell,Wenjen,"Sr. Director of Marketing and Development, Storage Solutions",3,US,2023-11-01,https://www.linkedin.com/company/supermicro,Supermicro,us_wide_B_othertag,US
https://www.linkedin.com/in/erniekwan,Ernie Kwan,Ernie,Kwan,"General Manager, Sales and Strategic Partner Development",1,US,2025-06-01,https://www.linkedin.com/company/supermicro,Supermicro,us_wide_B_othertag,US
https://www.linkedin.com/in/kaylindurham,Kaylin S.,Kaylin,S.,Chief Marketing Officer,3,US,2025-01-01,https://www.linkedin.com/company/supplyhouse,SupplyHouse,us_wide_A_vertical,US
https://www.linkedin.com/in/laurieefman,Laurie Efman,Laurie,Efman,Head of Loyalty & Lifecycle Marketing,3,US,2025-09-01,https://www.linkedin.com/company/supplyhouse,SupplyHouse,us_wide_A_vertical,US
https://www.linkedin.com/in/nick-haertel-b6a11821,Nick Haertel,Nick,Haertel,Director of Growth Marketing,3,US,2023-10-01,https://www.linkedin.com/company/supplyhouse,SupplyHouse,us_wide_A_vertical,US
https://www.linkedin.com/in/christine-boehm-a29738141,Christine Boehm,Christine,Boehm,Marketing Communications and Events Lead,2,US,2024-02-01,https://www.linkedin.com/company/supplyhouse,SupplyHouse,us_wide_A_vertical,US
https://www.linkedin.com/in/allison-sternad,Allison Sternad,Allison,Sternad,Director of Digital Marketing & Ecommerce,3,US,2025-09-01,https://www.linkedin.com/company/surfaceprep,SurfacePrep,us_wide_B_othertag,US
https://www.linkedin.com/in/aaron-wimmer-a18770147,Aaron Wimmer,Aaron,Wimmer,Vice President of Marketing,3,US,2025-09-01,https://www.linkedin.com/company/surfaceprep,SurfacePrep,us_wide_B_othertag,US
https://www.linkedin.com/in/jim-naatz,Jim Naatz,Jim,Naatz,Vice President Sales & Marketing,3,US,2024-11-01,https://www.linkedin.com/company/sussex-im,Sussex IM,us_wide_B_othertag,US
https://www.linkedin.com/in/ktsao,Kris Tsao,Kris,Tsao,"Director, Partner Solution Marketing",1,US,-,https://www.linkedin.com/company/supermicro,Supermicro,us_wide_B_othertag,US
https://www.linkedin.com/in/dannyhanson,Danny Hanson,Danny,Hanson,"Senior Director, AI Network Products",1,US,2023-10-01,https://www.linkedin.com/company/supermicro,Supermicro,us_wide_B_othertag,US
https://www.linkedin.com/in/chris-dulin-5554366b,Chris Dulin,Chris,Dulin,Vice President Sales & Marketing,3,US,2022-11-01,https://www.linkedin.com/company/swanson-industries-inc-,"Swanson Industries, Inc.",us_wide_A_vertical,US
https://www.linkedin.com/in/tom-bowen-a8437331,Tom Bowen,Tom,Bowen,Global VP Sales & Marketing,3,US,2010-11-01,https://www.linkedin.com/company/sweco_2,SWECO,us_wide_B_othertag,US
https://www.linkedin.com/in/dan-sima,Dan Sima,Dan,Sima,Senior Director of Product Management and Marketing,3,US,2025-05-01,https://www.linkedin.com/company/switchcraft-inc.,Switchcraft Conxall,us_wide_B_othertag,US
https://www.linkedin.com/in/jakematulewicz,Jake Matulewicz,Jake,Matulewicz,Senior Director of Marketing,3,US,2023-07-01,https://www.linkedin.com/company/symmons-industries,Symmons Industries,us_wide_A_vertical,US
https://www.linkedin.com/in/tracy-bass-wilson-7209205,Tracy Bass Wilson,Tracy,Bass Wilson,Director of Product Marketing,3,US,2021-03-01,https://www.linkedin.com/company/symmons-industries,Symmons Industries,us_wide_A_vertical,US
https://www.linkedin.com/in/gary-turner-b0a1b68,Gary Turner,Gary,Turner,Director of Sales and Marketing,3,US,-,https://www.linkedin.com/company/sypris-electronics-llc,"Sypris Electronics, LLC",us_wide_B_othertag,US
https://www.linkedin.com/in/jmichaelsutherland,Michael Sutherland,Michael,Sutherland,Head of Marketing And Business Development,3,US,2026-03-01,https://www.linkedin.com/company/system-logistics-%e2%80%93-vertique-krones-group,System Logistics Corporation - Vertique (Krones Group),us_wide_A_vertical,US
https://www.linkedin.com/in/jared-rusch-a4615113,Jared Rusch,Jared,Rusch,Vice President of Sales & Marketing,3,US,2022-03-01,https://www.linkedin.com/company/toplastics,T.O. Plastics,us_wide_A_vertical,US
https://www.linkedin.com/in/ken-scannell-6475467,Ken Scannell,Ken,Scannell,Director of Marketing -- The Americas,3,US,2017-07-01,https://www.linkedin.com/company/taco-inc-,"Taco, Inc.",us_wide_A_vertical,US
https://www.linkedin.com/in/andrew-lynch-34633925,Andrew Lynch,Andrew,Lynch,"Director, U.S. Marketing",3,US,2025-05-01,https://www.linkedin.com/company/tactical-air-support-inc-,Tactical Air Support,us_wide_B_othertag,US
https://www.linkedin.com/in/sybilrhodes,Sybil Rhodes,Sybil,Rhodes,"Group Director, Marketing",3,US,2024-01-01,https://www.linkedin.com/company/tat-technologies-group,TAT Technologies Ltd.,us_wide_A_vertical,US
https://www.linkedin.com/in/jeffreysommer,Jeffrey Sommer,Jeffrey,Sommer,"Director of Marketing, Flooring",3,US,2025-01-01,https://www.linkedin.com/company/tate-access-floors,Tate,us_wide_A_vertical,US
https://www.linkedin.com/in/arnomas,Aaron Massey,Aaron,Massey,Director of Marketing Cloud Solutions & Innovation,3,GB,2024-07-01,https://www.linkedin.com/company/tate-access-floors,Tate,us_wide_A_vertical,US
https://www.linkedin.com/in/kristy-foushee,Kristy Foushee,Kristy,Foushee,Director of Marketing Operations,3,US,2025-03-01,https://www.linkedin.com/company/tavoron,Tavoron,us_wide_B_othertag,US
https://www.linkedin.com/in/eldon-johnson-5825814,Eldon Johnson,Eldon,Johnson,Director of Sales & Marketing,3,US,2023-02-01,https://www.linkedin.com/company/tc-industries,"TC Industries, Inc.",us_wide_B_othertag,US
https://www.linkedin.com/in/lauren-reilly-matthews,Lauren Reilly,Lauren,Reilly,Head of Marketing UK,3,IE,2025-09-01,https://www.linkedin.com/company/tate-access-floors,Tate,us_wide_A_vertical,US
https://www.linkedin.com/in/tammy-harstad-9a3a0025,Tammy Harstad,Tammy,Harstad,Marketing Communications Manager,2,US,2010-02-01,https://www.linkedin.com/company/team-industries,TEAM Industries,us_wide_B_othertag,US
https://www.linkedin.com/in/steve-fagerlie-9b799012,Steve Fagerlie,Steve,Fagerlie,"Director, Marketing & Product Dev.",3,US,-,https://www.linkedin.com/company/team-industries,TEAM Industries,us_wide_B_othertag,US
https://www.linkedin.com/in/steve-jesnek-90969119,Steve Jesnek,Steve,Jesnek,"Director, Sales & Marketing",3,US,-,https://www.linkedin.com/company/team-industries,TEAM Industries,us_wide_B_othertag,US
https://www.linkedin.com/in/tim-pearson-ma-mba,"Tim Pearson, MA, MBA",Tim,"Pearson, MA, MBA",Director - Marketing,3,US,2026-05-01,https://www.linkedin.com/company/team-inc1,"TEAM, Inc.",us_wide_A_vertical,US
https://www.linkedin.com/in/mark-strangie-0183717,Mark Strangie,Mark,Strangie,Vice President of Sales and Marketing,3,US,2018-12-01,https://www.linkedin.com/company/techetch,Tech Etch,us_wide_B_othertag,US
https://www.linkedin.com/in/minh-medeiros-b573114,Minh Medeiros,Minh,Medeiros,Director of Marketing,3,US,2020-02-01,https://www.linkedin.com/company/techetch,Tech Etch,us_wide_B_othertag,US
https://www.linkedin.com/in/c%c3%a9line-de-la-rochefordiere-80573825,Céline de La Rochefordiere,Céline,de La Rochefordiere,"Global Director, Marketing and Strategic Communications",3,FR,2025-04-01,https://www.linkedin.com/company/technetics-group,Technetics Group,us_wide_A_vertical,US
https://www.linkedin.com/in/tinglead,Trent Ingle,Trent,Ingle,Director of Marketing and Communications,3,US,2014-01-01,https://www.linkedin.com/company/technimark,Technimark LLC,us_wide_B_othertag,US
https://www.linkedin.com/in/matthew-mccartin-402a771,Matthew McCartin,Matthew,McCartin,SVP Brand Marketing,3,US,2026-08-01,https://www.linkedin.com/company/techtronic-industries,Techtronic Industries - TTI,us_wide_A_vertical,US
https://www.linkedin.com/in/francisco-martin-7a1b47152,Francisco Martin,Francisco,Martin,Associate Channel Marketing Manager,1,US,2023-06-01,https://www.linkedin.com/company/techtronic-industries,Techtronic Industries - TTI,us_wide_A_vertical,US
https://www.linkedin.com/in/michael-senerius-94b9682a,Michael Senerius,Michael,Senerius,Chief Marketing Officer,3,US,2014-01-01,https://www.linkedin.com/company/teijin-automotive,Teijin Automotive Technologies,us_wide_B_othertag,US
https://www.linkedin.com/in/david-stearns-00115265,David Stearns,David,Stearns,"Sr. Vice President of Channel Marketing, Customer Experience, and DTFO",1,US,2025-01-01,https://www.linkedin.com/company/techtronic-industries,Techtronic Industries - TTI,us_wide_A_vertical,US
https://www.linkedin.com/in/andrew-mieczkowski-06ba0038,Andrew Mieczkowski,Andrew,Mieczkowski,Director of Channel Marketing,1,US,2025-04-01,https://www.linkedin.com/company/techtronic-industries,Techtronic Industries - TTI,us_wide_A_vertical,US
https://www.linkedin.com/in/perlmhernandez,Perla Hernandez,Perla,Hernandez,Associate Channel Marketing Manager - THD Mexico,1,US,2026-03-01,https://www.linkedin.com/company/techtronic-industries,Techtronic Industries - TTI,us_wide_A_vertical,US
https://www.linkedin.com/in/francemeder,France Meder,France,Meder,VP of Sales & Marketing,3,US,2024-05-01,https://www.linkedin.com/company/tapi,Teledyne API,us_wide_A_vertical,US
https://www.linkedin.com/in/ally-gantner,Ally Gantner,Ally,Gantner,Channel Marketing Manager,1,US,2026-03-01,https://www.linkedin.com/company/techtronic-industries,Techtronic Industries - TTI,us_wide_A_vertical,US
https://www.linkedin.com/in/thomas-leather,Thomas Leather,Thomas,Leather,Director Of Marketing (Consumer Brands),3,GB,2025-03-01,https://www.linkedin.com/company/techtronic-industries,Techtronic Industries - TTI,us_wide_A_vertical,US
https://www.linkedin.com/in/jessica-m-broom,Jessica Broom,Jessica,Broom,Senior Global Marketing Communications Manager,2,GB,2019-07-01,https://www.linkedin.com/company/teledyne-vision-solutions-industrial,Teledyne Vision Solutions - Industrial,us_wide_B_othertag,US
https://www.linkedin.com/in/erikburckle,Erik B.,Erik,B.,Head of Marketing,3,US,2025-07-01,https://www.linkedin.com/company/tempco-electric-heater-corporation,Tempco Electric Heater Corporation,us_wide_A_vertical,US
https://www.linkedin.com/in/kariejohnson1,Karie Johnson,Karie,Johnson,Corporate Director of Marketing,3,US,2025-03-01,https://www.linkedin.com/company/temperature-equipment-corporation,Temperature Equipment Corporation,us_wide_A_vertical,US
https://www.linkedin.com/in/nate-hill-b1a887a6,Nate Hill,Nate,Hill,Group Channel Marketing Manager,1,US,2025-11-01,https://www.linkedin.com/company/techtronic-industries,Techtronic Industries - TTI,us_wide_A_vertical,US
https://www.linkedin.com/in/oskytico,Oscar Carrillo,Oscar,Carrillo,VP of Marketing,3,US,2025-09-01,https://www.linkedin.com/company/tendharvestcultivatewithus,Tend.Harvest.Cultivate.,us_wide_A_vertical,US
https://www.linkedin.com/in/matt-burtin-3bb518a,Matt Burtin,Matt,Burtin,Vice President Sales Marketing,3,US,2023-08-01,https://www.linkedin.com/company/terrepowerllc,TERREPOWER (formerly BBB Industries),us_wide_A_vertical,US
https://www.linkedin.com/in/samuelcarrascoortega,Samuel Carrasco Ortega,Samuel,Carrasco Ortega,Responsable de Marketing y Comunicación,2,ES,2018-12-01,https://www.linkedin.com/company/terrepowerllc,TERREPOWER (formerly BBB Industries),us_wide_A_vertical,US
https://www.linkedin.com/in/caradmitchell,Cara D. Mitchell,Cara D.,Mitchell,Director of Brand and Product Marketing Strategy,3,US,2025-01-01,https://www.linkedin.com/company/terrepowerllc,TERREPOWER (formerly BBB Industries),us_wide_A_vertical,US
https://www.linkedin.com/in/cherilarue,Cheri Larue,Cheri,Larue,Network and Telemetry Manager,1,US,2024-08-01,https://www.linkedin.com/company/tesco-controls-inc-,Tesco Controls,us_wide_B_othertag,US
https://www.linkedin.com/in/brendon-horn-00414441,Brendon Horn,Brendon,Horn,Networking & Telemetry Manager,1,US,-,https://www.linkedin.com/company/tesco-controls-inc-,Tesco Controls,us_wide_B_othertag,US
https://www.linkedin.com/in/patrickbousquel,Patrick Bousquel,Patrick,Bousquel,Director of Sales and Marketing,3,FR,2023-11-01,https://www.linkedin.com/company/tesem-s.a.,TESEM Group,us_wide_B_othertag,US
https://www.linkedin.com/in/judson-h-vann-iii-1971431,Judson H. Vann III,Judson H.,Vann III,Vice President of Sales & Marketing,3,US,2017-12-01,https://www.linkedin.com/company/tessy-plastics,Tessy Plastics Corp.,us_wide_B_othertag,US
https://www.linkedin.com/in/todd-meredith-22605812,Todd Meredith,Todd,Meredith,Senior Vice President Sales and Marketing,3,US,2026-01-01,https://www.linkedin.com/company/testek-solutions,Testek Solutions,us_wide_A_vertical,US
https://www.linkedin.com/in/arunkandasamy,Arun Kandasamy,Arun,Kandasamy,Director - Classified Systems and Networks,1,US,2024-07-01,https://www.linkedin.com/company/textron-systems,Textron Systems,us_wide_B_othertag,US
https://www.linkedin.com/in/hannabandeira,Hanna Bandeira,Hanna,Bandeira,"Global Director, Marketing Strategy & Field Operations",3,US,2024-07-01,https://www.linkedin.com/company/aes,The AES Corporation,us_wide_A_vertical,US
https://www.linkedin.com/in/adanna-l-b9b04586,Adanna L.,Adanna,L.,"Director, Marketing and Communications",3,US,2022-01-01,https://www.linkedin.com/company/the-air-conditioning-heating-and-refrigeration-institute,"The Air-Conditioning, Heating, and Refrigeration Institute (AHRI)",us_wide_A_vertical,US
https://www.linkedin.com/in/stephen-king-8200109,Stephen King,Stephen,King,Network Manager,1,US,2002-08-01,https://www.linkedin.com/company/the-bergquist-company,The Bergquist Company,us_wide_A_vertical,US
https://www.linkedin.com/in/kathymadzey,Kathy Madzey,Kathy,Madzey,Vice President Marketing,3,US,2019-03-01,https://www.linkedin.com/company/textron-aviation,Textron Aviation,us_wide_B_othertag,US
https://www.linkedin.com/in/betania-m-65abb6122,Betania M.,Betania,M.,Executive Director Marketing & Communications,2,US,2025-05-01,https://www.linkedin.com/company/textron-systems,Textron Systems,us_wide_B_othertag,US
https://www.linkedin.com/in/scott-flexman-42b0521b,Scott Flexman,Scott,Flexman,Vice President of Sales and Marketing,3,US,2021-01-01,https://www.linkedin.com/company/the-broadmoor,The Broadmoor,us_wide_B_othertag,US
https://www.linkedin.com/in/sarajscott,Sara O'Brien,Sara,O'Brien,Director of Marketing,3,US,2021-11-01,https://www.linkedin.com/company/the-broadmoor,The Broadmoor,us_wide_B_othertag,US
https://www.linkedin.com/in/alexandrahrehus,Alexandra Hrehus,Alexandra,Hrehus,"Manager, Global Marketing Communications",2,HU,2023-04-01,https://www.linkedin.com/company/the-carlstar-group,The Carlstar Group,us_wide_A_vertical,US
https://www.linkedin.com/in/mike-caggiano-b70aba17,Mike Caggiano,Mike,Caggiano,Director Sales and Marketing,3,US,-,https://www.linkedin.com/company/the-carlstar-group,The Carlstar Group,us_wide_A_vertical,US
https://www.linkedin.com/in/kmkeefe,Kevin Keefe,Kevin,Keefe,Fractional Director of Marketing,3,US,2024-09-01,https://www.linkedin.com/company/coats-company,The COATS Company,us_wide_A_vertical,US
https://www.linkedin.com/in/ben-pryor-6675306a,Ben Pryor,Ben,Pryor,Vice President - Strategic Marketing,3,US,2021-06-01,https://www.linkedin.com/company/coats-company,The COATS Company,us_wide_A_vertical,US
https://www.linkedin.com/in/steveszak,Stephen Szakelyhidi,Stephen,Szakelyhidi,Director of Marketing,3,US,2022-07-01,https://www.linkedin.com/company/the-conair-group,The Conair Group,us_wide_A_vertical,US
https://www.linkedin.com/in/dori-raybuck-27b56217,Dori Raybuck,Dori,Raybuck,Vice President of Marketing,3,US,2026-03-01,https://www.linkedin.com/company/the-conair-group,The Conair Group,us_wide_A_vertical,US
https://www.linkedin.com/in/davebaker26,Dave Baker,Dave,Baker,Senior Vice President of Sales & Marketing,3,US,2025-10-01,https://www.linkedin.com/company/the-crest-groupllc,THE CREST GROUP,us_wide_B_othertag,US
https://www.linkedin.com/in/dennis-lesko-0118514a,dennis lesko,dennis,lesko,vice president of sales and marketing,3,US,2011-09-01,https://www.linkedin.com/company/the-broadmoor,The Broadmoor,us_wide_B_othertag,US
https://www.linkedin.com/in/steven-grainger-6b96442,Steven Grainger,Steven,Grainger,Director Secure Systems & Networks,1,US,-,https://www.linkedin.com/company/textron-systems,Textron Systems,us_wide_B_othertag,US
https://www.linkedin.com/in/jennifer-gill-2426374,Jennifer Gill,Jennifer,Gill,VP of Marketing,3,US,2022-01-01,https://www.linkedin.com/company/thegillcorporation,The Gill Corporation,us_wide_B_othertag,US
https://www.linkedin.com/in/julie-rogers-6475464,Julie Rogers,Julie,Rogers,Director of Marketing,3,US,2021-08-01,https://www.linkedin.com/company/thehighlands,The Highlands,us_wide_B_othertag,US
https://www.linkedin.com/in/scott-bryant-0230584,Scott Bryant,Scott,Bryant,Vice President of Sales and Marketing,3,US,2020-04-01,https://www.linkedin.com/company/the-hinckley-company,The Hinckley Company,us_wide_B_othertag,US
https://www.linkedin.com/in/tim-dallmann,Tim Dallmann,Tim,Dallmann,Director International Partnerships Program,1,US,2023-05-01,https://www.linkedin.com/company/the-international-council-on-clean-transportation,The International Council on Clean Transportation,us_wide_A_vertical,US
https://www.linkedin.com/in/michael-connor-3185715,Michael Connor,Michael,Connor,Director Sales & Marketing - North America,3,US,2023-02-01,https://www.linkedin.com/company/starretttools,The L.S. Starrett Company,us_wide_B_othertag,US
https://www.linkedin.com/in/eleanorcoleman,Eleanor Felten,Eleanor,Felten,Marketing Communications Content Manager,2,US,-,https://www.linkedin.com/company/the-lee-company,The Lee Company,us_wide_A_vertical,US
https://www.linkedin.com/in/gillian-russo-09152b7,Gillian Russo,Gillian,Russo,Manager - Marketing Communications & Events,2,US,2021-07-01,https://www.linkedin.com/company/the-lee-company,The Lee Company,us_wide_A_vertical,US
https://www.linkedin.com/in/roberts-ed-2263436,"Roberts, Ed","Roberts,",Ed,VP Marketing - Prod. Development,3,US,-,https://www.linkedin.com/company/the-hinckley-company,The Hinckley Company,us_wide_B_othertag,US
https://www.linkedin.com/in/john-wofford-547b8317,John Wofford,John,Wofford,Director of Marketing,3,US,2015-02-01,https://www.linkedin.com/company/lillyforklifts,The Lilly Company,us_wide_A_vertical,US
https://www.linkedin.com/in/kaley-wichman-84748924,Kaley Wichman,Kaley,Wichman,Director of Marketing,3,US,2014-04-01,https://www.linkedin.com/company/the-mcalear-group,The McAlear Group,us_wide_B_othertag,US
https://www.linkedin.com/in/breanna-welke-4a10206,Breanna Welke,Breanna,Welke,Vice President Marketing,3,US,2025-09-01,https://www.linkedin.com/company/the-malco-group,The Malco Group,us_wide_A_vertical,US
https://www.linkedin.com/in/gillian-russo-662884229,Gillian Russo,Gillian,Russo,Marketing Communications Manager,2,US,-,https://www.linkedin.com/company/the-lee-company,The Lee Company,us_wide_A_vertical,US
https://www.linkedin.com/in/lynnrswann,Lynn Swann,Lynn,Swann,Director of Marketing and Communications,3,US,2012-03-01,https://www.linkedin.com/company/theomnihomestead,The Omni Homestead Resort & Spa,us_wide_B_othertag,US
https://www.linkedin.com/in/kadennison,Kelly Dennison,Kelly,Dennison,Vice President of Marketing & Government Relations - Pasha Hawaii,3,US,2017-07-01,https://www.linkedin.com/company/the-pasha-group,The Pasha Group,us_wide_A_vertical,US
https://www.linkedin.com/in/danielle-adams-40565b65,Danielle Adams,Danielle,Adams,Director-Sales & Marketing,3,US,2025-01-01,https://www.linkedin.com/company/the-pasha-group,The Pasha Group,us_wide_A_vertical,US
https://www.linkedin.com/in/kristen-hastings-mba-b4b0916,"Kristen Hastings, MBA",Kristen,"Hastings, MBA",Director -  Corporate Marketing,3,US,2018-09-01,https://www.linkedin.com/company/the-original-mattress-factory,The Original Mattress Factory,us_wide_B_othertag,US
https://www.linkedin.com/in/kfurman,Kevin Furman,Kevin,Furman,Sales And Marketing Partner,1,US,2023-07-01,https://www.linkedin.com/company/the-original-mattress-factory,The Original Mattress Factory,us_wide_B_othertag,US
https://www.linkedin.com/in/gary-kirchner-0698663,Gary Kirchner,Gary,Kirchner,Director - Distribution Network Strategy,1,US,2020-03-01,https://www.linkedin.com/company/the-raymond-corporation,The Raymond Corporation,us_wide_A_vertical,US
https://www.linkedin.com/in/ammcdermott,Amy McDermott,Amy,McDermott,Director Marketing Communications,2,US,2010-03-01,https://www.linkedin.com/company/the-raymond-corporation,The Raymond Corporation,us_wide_A_vertical,US
https://www.linkedin.com/in/jodi-lee,Jodi Lee,Jodi,Lee,"Vice President, Brand Marketing Controls",3,US,-,https://www.linkedin.com/company/scottsmiraclegro,The Scotts Miracle-Gro Company,us_wide_A_vertical,US
https://www.linkedin.com/in/jimmy-drake-2271a055,Jimmy Drake,Jimmy,Drake,"Manager, Omnichannel Marketing & Strategy",1,US,2024-01-01,https://www.linkedin.com/company/scottsmiraclegro,The Scotts Miracle-Gro Company,us_wide_A_vertical,US
https://www.linkedin.com/in/james-hix,James Hix,James,Hix,Director Network Equipment Operations,1,US,2024-11-01,https://www.linkedin.com/company/the-pasha-group,The Pasha Group,us_wide_A_vertical,US
https://www.linkedin.com/in/ziqian-tong-91163a71,ZIQIAN TONG,ZIQIAN,TONG,"Manager, Vessel Network",1,US,2022-08-01,https://www.linkedin.com/company/the-pasha-group,The Pasha Group,us_wide_A_vertical,US
https://www.linkedin.com/in/dh35,Disree Hewitson,Disree,Hewitson,Director of Sales Marketing,3,US,2026-01-01,https://www.linkedin.com/company/thespringsliving,"The Springs Living, LLC",us_wide_B_othertag,US
https://www.linkedin.com/in/james-eastwood-32116522,James Eastwood,James,Eastwood,Vice President of Marketing and Communications,3,US,2024-09-01,https://www.linkedin.com/company/thespringsliving,"The Springs Living, LLC",us_wide_B_othertag,US
https://www.linkedin.com/in/jr-bolen,JR Bolen,JR,Bolen,Director of Marketing Operations,3,US,2025-12-01,https://www.linkedin.com/company/thespringsliving,"The Springs Living, LLC",us_wide_B_othertag,US
https://www.linkedin.com/in/michaelbonczak,Michael Bonczak,Michael,Bonczak,"Director of Sales & Marketing at The Superior Die, Tool & Machine Co.",3,US,-,https://www.linkedin.com/company/the-superior-die-tool-&-machine-co-,"The Superior Die, Tool & Machine Co.",us_wide_A_vertical,US
https://www.linkedin.com/in/james-britt-58b555109,james britt,james,britt,Director of Sales and Marketing,3,US,-,https://www.linkedin.com/company/the-superior-die-tool-&-machine-co-,"The Superior Die, Tool & Machine Co.",us_wide_A_vertical,US
https://www.linkedin.com/in/lisa-shea-475131124,Lisa Shea,Lisa,Shea,Director of Marketing and Community Relations,3,US,-,https://www.linkedin.com/company/thespringsliving,"The Springs Living, LLC",us_wide_B_othertag,US
https://www.linkedin.com/in/danielle-paye-5a2b3613,Danielle Paye,Danielle,Paye,Director of Business Development and Marketing,3,US,2018-06-01,https://www.linkedin.com/company/therma,Therma,us_wide_A_vertical,US
https://www.linkedin.com/in/john-homenik-20794398,John Homenik,John,Homenik,Vice President of Sales and Marketing,3,US,2025-07-01,https://www.linkedin.com/company/therma-stor,Therma-Stor,us_wide_A_vertical,US
https://www.linkedin.com/in/esjohnson71,Eric Johnson,Eric,Johnson,Director of Sales and Marketing,3,US,2021-01-01,https://www.linkedin.com/company/thermoid,Thermoid,us_wide_A_vertical,US
https://www.linkedin.com/in/alyshamashchak,Alysha M.,Alysha,M.,Lead Omnichannel Marketing Project Manager,1,US,-,https://www.linkedin.com/company/scottsmiraclegro,The Scotts Miracle-Gro Company,us_wide_A_vertical,US
https://www.linkedin.com/in/adelaide-de-saint-etienne,Adelaide de Saint Etienne,Adelaide,de Saint Etienne,"Head of Marketing, North America",3,GB,2026-05-01,https://www.linkedin.com/company/thetaray,ThetaRay,us_wide_A_vertical,US
https://www.linkedin.com/in/belindacaspari,Belinda Caspari,Belinda,Caspari,Program Manager - Dealer Development,1,US,2024-01-01,https://www.linkedin.com/company/thermo-king,Thermo King,us_wide_A_vertical,US
https://www.linkedin.com/in/cathy-bishop-b4453489,Cathy Bishop,Cathy,Bishop,Director of Marketing,3,US,2021-11-01,https://www.linkedin.com/company/thompson-construction-group-inc-,"Thompson Construction Group, Inc.",us_wide_B_othertag,US
https://www.linkedin.com/in/craig-fisher-a6bb2311,Craig Fisher,Craig,Fisher,Director of Marketing and Business Development,3,US,2005-01-01,https://www.linkedin.com/company/thermo-king,Thermo King,us_wide_A_vertical,US
https://www.linkedin.com/in/pat-howard-1351195,Pat Howard,Pat,Howard,Director Dealer Development Climate Control ESA,1,IE,-,https://www.linkedin.com/company/thermo-king,Thermo King,us_wide_A_vertical,US
https://www.linkedin.com/in/renee-jones-343ab21,Renee Jones,Renee,Jones,Vice President of Marketing,3,US,2022-01-01,https://www.linkedin.com/company/thor-industries,"THOR Industries, Inc.",us_wide_B_othertag,US
https://www.linkedin.com/in/jon-krider-marketing,Jon Krider,Jon,Krider,Vice President of Product Development/Marketing,3,US,2005-01-01,https://www.linkedin.com/company/thor-motor-coach,Thor Motor Coach,us_wide_B_othertag,US
https://www.linkedin.com/in/adam-auffart-903aa150,Adam Auffart,Adam,Auffart,Director of Sales and Marketing,3,US,2026-07-01,https://www.linkedin.com/company/thunderbirdmolding,Thunderbird Molding,us_wide_B_othertag,US
https://www.linkedin.com/in/sarah-bolinger-44396219,Sarah Bolinger,Sarah,Bolinger,Director of Marketing Promotions,3,US,2007-04-01,https://www.linkedin.com/company/thunderbird-products,Thunderbird Products,us_wide_B_othertag,US
https://www.linkedin.com/in/mallery-pindar-b8685a66,Mallery Pindar,Mallery,Pindar,"Senior Director, Sales & Marketing",3,US,2023-11-01,https://www.linkedin.com/company/tico-terminal-services-terminal-investment-corporation-,TICO (Terminal Investment Corporation),us_wide_A_vertical,US
https://www.linkedin.com/in/adamtav,Adam Tavangaran,Adam,Tavangaran,VP of Marketing,3,US,2025-06-01,https://www.linkedin.com/company/time-manufacturing-company-inc-,"TIME Manufacturing Company, Inc.",us_wide_A_vertical,US
https://www.linkedin.com/in/norasteffen,Nora Steffen,Nora,Steffen,Head of Marketing & Communications,2,DE,2026-02-01,https://www.linkedin.com/company/time-manufacturing-company-inc-,"TIME Manufacturing Company, Inc.",us_wide_A_vertical,US
https://www.linkedin.com/in/michael-ford,Michael Ford,Michael,Ford,Global Director - Commercial Sales and Marketing,3,US,2025-10-01,https://www.linkedin.com/company/times-microwave-systems,Times Microwave Systems,us_wide_B_othertag,US
https://www.linkedin.com/in/david-kiesling-75ba462,David Kiesling,David,Kiesling,"Director, Sales & Marketing",3,US,2017-01-01,https://www.linkedin.com/company/times-microwave-systems,Times Microwave Systems,us_wide_B_othertag,US
https://www.linkedin.com/in/christianperezwaldo,Christian P.,Christian,P.,Network Infrastructure Manager,1,US,2023-04-01,https://www.linkedin.com/company/times-microwave-systems,Times Microwave Systems,us_wide_B_othertag,US
https://www.linkedin.com/in/aaron-kassing-226920134,Aaron Kassing,Aaron,Kassing,VP Marketing,3,US,-,https://www.linkedin.com/company/timewell-drainage-products,Timewell Drainage Products,us_wide_A_vertical,US
https://www.linkedin.com/in/matt-ondrejko-5841a04a,Matt Ondrejko,Matt,Ondrejko,Director of Marketing,3,US,2026-04-01,https://www.linkedin.com/company/timpte-industries-inc,"Timpte, Inc.",us_wide_A_vertical,US
https://www.linkedin.com/in/greghimstead,Greg Himstead,Greg,Himstead,Vice President Sales Marketing Operations,3,US,2014-12-01,https://www.linkedin.com/company/titanium-industries-inc-,"Titanium Industries, Inc. (T.I.)",us_wide_B_othertag,US
https://www.linkedin.com/in/nick-cantine-0b8339155,Nick Cantine,Nick,Cantine,Director of Marketing,3,US,-,https://www.linkedin.com/company/tnt-crane-and-rigging-inc-,"TNT Crane & Rigging, Inc.",us_wide_A_vertical,US
https://www.linkedin.com/in/maqueba-javois,Maqueba Javois,Maqueba,Javois,Marketing Communications Lead,2,US,2024-09-01,https://www.linkedin.com/company/toa-electronics-inc-,"TOA Electronics, Inc.",us_wide_B_othertag,US
https://www.linkedin.com/in/dan-jennings-20446033,Dan Jennings,Dan,Jennings,Vice President Sales and Marketing,3,US,2018-01-01,https://www.linkedin.com/company/tooling-systems-group-inc.,"Tooling Systems Group, Inc.",us_wide_B_othertag,US
https://www.linkedin.com/in/paulbonnette,Paul Bonnette,Paul,Bonnette,Vice President of Marketing,3,US,-,https://www.linkedin.com/company/topaz-lighting,Topaz: A Southwire Company,us_wide_A_vertical,US
https://www.linkedin.com/in/robin-sustainable-ag-marketing,Robin Sustainable Ag Marketing,Robin,Sustainable Ag Marketing,Agriculture Marketing Communications Manager-NALA,2,US,2016-10-01,https://www.linkedin.com/company/topcon-agriculture,Topcon Agriculture,us_wide_A_vertical,US
https://www.linkedin.com/in/diane-audrey-charmoillaux-68a82737,Diane-Audrey Charmoillaux,Diane-Audrey,Charmoillaux,Responsable Marketing,3,FR,2019-01-01,https://www.linkedin.com/company/topcon-construction,Topcon Positioning Systems,us_wide_A_vertical,US
https://www.linkedin.com/in/bradsherrard,Brad Sherrard,Brad,Sherrard,Head of Network Sales,1,US,2025-11-01,https://www.linkedin.com/company/topcon-construction,Topcon Positioning Systems,us_wide_A_vertical,US
https://www.linkedin.com/in/jessicastudley,Jessica Peterson,Jessica,Peterson,"Director, Americas Marketing",3,US,2019-09-01,https://www.linkedin.com/company/topcon-construction,Topcon Positioning Systems,us_wide_A_vertical,US
https://www.linkedin.com/in/ulrich-hermanski-a4b3bb76,Ulrich Hermanski,Ulrich,Hermanski,"CMO & Executive Vice President, General Manager Positioning Solutions, EMEA",3,DE,2021-07-01,https://www.linkedin.com/company/topcon-construction,Topcon Positioning Systems,us_wide_A_vertical,US
https://www.linkedin.com/in/stefan-naumann-278ba814,Stefan Naumann,Stefan,Naumann,Director Marketing EMEA,3,DE,2019-11-01,https://www.linkedin.com/company/topcon-construction,Topcon Positioning Systems,us_wide_A_vertical,US
https://www.linkedin.com/in/julia-kirchner-from-topcon,Julia Kirchner,Julia,Kirchner,Channel Marketing Manager EMEA,1,DE,2022-07-01,https://www.linkedin.com/company/topcon-construction,Topcon Positioning Systems,us_wide_A_vertical,US
https://www.linkedin.com/in/shaundetmer,Shaun Detmer,Shaun,Detmer,Director of Marketing,3,US,-,https://www.linkedin.com/company/touch-international,Touch International,us_wide_B_othertag,US
https://www.linkedin.com/in/cassie-hack-1a82577,Cassie Hack,Cassie,Hack,Director Of Communications And Marketing,3,US,2019-08-01,https://www.linkedin.com/company/town-of-holly-springs,Town of Holly Springs,us_wide_B_othertag,US
https://www.linkedin.com/in/achielsturm,Achiel Sturm,Achiel,Sturm,Vice President Marketing,3,NL,2021-06-01,https://www.linkedin.com/company/topcon-construction,Topcon Positioning Systems,us_wide_A_vertical,US
https://www.linkedin.com/in/daniel-hand-54a583b,Daniel Hand,Daniel,Hand,Sr. Manager Dealer & Retail Marketing,1,US,1995-02-01,https://www.linkedin.com/company/topcon-construction,Topcon Positioning Systems,us_wide_A_vertical,US
https://www.linkedin.com/in/david-cordts-45088b1,David Cordts,David,Cordts,"Director of Sales, Sales Support and Marketing",3,US,2025-01-01,https://www.linkedin.com/company/toyota-commercial-finance,Toyota Industries Commercial Finance,us_wide_A_vertical,US
https://www.linkedin.com/in/michael-roe-b53baa11,Michael Roe,Michael,Roe,Vice President of Sales and Marketing for the West Coast Region,3,US,2022-03-01,https://www.linkedin.com/company/tpi-corporation,TPI Corporation,us_wide_A_vertical,US
https://www.linkedin.com/in/mark-abell-b1a32540,Mark Abell,Mark,Abell,"VP. of Marketing, National Accounts",3,US,1991-07-01,https://www.linkedin.com/company/tpi-corporation,TPI Corporation,us_wide_A_vertical,US
https://www.linkedin.com/in/david-berry-56a62a17,David Berry,David,Berry,VP Marketing Project Development,3,US,-,https://www.linkedin.com/company/tpi-corporation,TPI Corporation,us_wide_A_vertical,US
https://www.linkedin.com/in/tim-koceski-4b07924a,Tim Koceski,Tim,Koceski,Western Regional Distribution Development Manager,1,US,2016-06-01,https://www.linkedin.com/company/topcon-construction,Topcon Positioning Systems,us_wide_A_vertical,US
https://www.linkedin.com/in/kexin-lin1,Ke Xin Liu,Ke Xin,Liu,"Vice President, Sales and Marketing - Champion Aerospace",3,US,2022-09-01,https://www.linkedin.com/company/transdigmgrp,TransDigm Group Inc.,us_wide_A_vertical,US
https://www.linkedin.com/in/jason-wiseman-57a28952,Jason Wiseman,Jason,Wiseman,Network Manager,1,US,1999-02-01,https://www.linkedin.com/company/transilwrap-company-inc.,"Transilwrap Company, Inc.",us_wide_B_othertag,US
https://www.linkedin.com/in/jerry-klisiewicz-83832113,Jerry Klisiewicz,Jerry,Klisiewicz,Vice President of Sale/Marketing,3,US,-,https://www.linkedin.com/company/transilwrap-company-inc.,"Transilwrap Company, Inc.",us_wide_B_othertag,US
https://www.linkedin.com/in/thomas-cassirer-9647a113,Thomas Cassirer,Thomas,Cassirer,Vice President Segment & Marketing,3,SE,2025-07-01,https://www.linkedin.com/company/tranter,Tranter,us_wide_A_vertical,US
https://www.linkedin.com/in/troyraszka,-,-,-,"Director, Strategic Account Marketing",3,US,2024-05-01,https://www.linkedin.com/company/tremco-cpg,Tremco CPG Inc.,us_wide_B_othertag,US
https://www.linkedin.com/in/tonykadysewski,Tony Kadysewski,Tony,Kadysewski,Director of Marketing Communications,2,US,1997-01-01,https://www.linkedin.com/company/trion-industries-inc,"Trion Industries, Inc",us_wide_B_othertag,US
https://www.linkedin.com/in/craig-l-weiskerger-023369a5,Craig L. Weiskerger,Craig L.,Weiskerger,Director Of Sales Marketing,3,US,2019-01-01,https://www.linkedin.com/company/trion-industries-inc,"Trion Industries, Inc",us_wide_B_othertag,US
https://www.linkedin.com/in/anthonypaulanderson,Anthony P Anderson,Anthony P,Anderson,Partner Development Specialist,1,US,-,https://www.linkedin.com/company/tripp-lite,Tripp Lite,us_wide_B_othertag,US
https://www.linkedin.com/in/lori-henderson-b581897,Lori Henderson,Lori,Henderson,Marketing Communications Manager,2,US,2019-01-01,https://www.linkedin.com/company/tripp-lite,Tripp Lite,us_wide_B_othertag,US
https://www.linkedin.com/in/karenann-brow-8695545,Karenann Brow,Karenann,Brow,Director of Product Marketing,3,US,2002-06-01,https://www.linkedin.com/company/tripp-lite,Tripp Lite,us_wide_B_othertag,US
https://www.linkedin.com/in/billy-martin-8b4a0b11,Billy Martin,Billy,Martin,Vice President of Sales and Marketing,3,US,-,https://www.linkedin.com/company/triumph-group,TRIUMPH,us_wide_B_othertag,US
https://www.linkedin.com/in/rich-otto,Rich Otto,Rich,Otto,Director of Marketing and Communications,3,US,2024-11-01,https://www.linkedin.com/company/true-anomaly,True Anomaly,us_wide_B_othertag,US
https://www.linkedin.com/in/jesseimse,Jesse Imse,Jesse,Imse,"Head of Marketing, North America",3,US,2024-10-01,https://www.linkedin.com/company/trumpf-north-america,TRUMPF North America,us_wide_B_othertag,US
https://www.linkedin.com/in/richard-davis-618a52b,Richard Davis,Richard,Davis,Head of Strategic Marketing,3,US,2025-01-01,https://www.linkedin.com/company/trumpf-north-america,TRUMPF North America,us_wide_B_othertag,US
https://www.linkedin.com/in/marc-takken-754b05101,Marc Takken,Marc,Takken,Vice President of Sales and Marketing,3,US,2025-01-01,https://www.linkedin.com/company/trust-automation,"Trust Automation, Inc.",us_wide_B_othertag,US
https://www.linkedin.com/in/doug-williford-3a09b331,Doug Williford,Doug,Williford,Vice President of Sales and Marketing: Hydraulic Power & Actuation,3,US,2025-10-01,https://www.linkedin.com/company/triumph-group,TRIUMPH,us_wide_B_othertag,US
https://www.linkedin.com/in/brittanygdoyle,-,-,-,VP Marketing & E-Commerce,3,US,2022-01-01,https://www.linkedin.com/company/tti-floor-care-north-america,TTI Floor Care North America,us_wide_A_vertical,US
https://www.linkedin.com/in/tom-sullivan-8a189047,Tom Sullivan,Tom,Sullivan,Director of Product Marketing,3,US,-,https://www.linkedin.com/company/tti-floor-care-north-america,TTI Floor Care North America,us_wide_A_vertical,US
https://www.linkedin.com/in/lew-lafornara-9282957,Lew LaFornara,Lew,LaFornara,VP Supplier Marketing and Product Management,3,US,2005-04-01,https://www.linkedin.com/company/tti-inc-,"TTI, Inc.",us_wide_A_vertical,US
https://www.linkedin.com/in/plrenfrow,Paula Renfrow,Paula,Renfrow,"Vice President, Americas Marketing",3,US,2015-04-01,https://www.linkedin.com/company/tti-inc-,"TTI, Inc.",us_wide_A_vertical,US
https://www.linkedin.com/in/al-schmidt-7357a12b,Al Schmidt,Al,Schmidt,Sr. Vice President Sales and Marketing,3,US,-,https://www.linkedin.com/company/tulip-corporation,Tulip Richardson Manufacturing,us_wide_B_othertag,US
https://www.linkedin.com/in/daryl-sampson-b33833b,Daryl Sampson,Daryl,Sampson,Vice President of Marketing,3,US,-,https://www.linkedin.com/company/turn-14-distribution-inc-,"Turn 14 Distribution, Inc.",us_wide_B_othertag,US
https://www.linkedin.com/in/magalitranie,"Magali Tranié, MBA",Magali,"Tranié, MBA",Vice President of Marketing,3,US,2024-01-01,https://www.linkedin.com/company/turn-14-distribution-inc-,"Turn 14 Distribution, Inc.",us_wide_B_othertag,US
https://www.linkedin.com/in/brandon-pruett-505b204b,Brandon Pruett,Brandon,Pruett,Director of Sales & Marketing,3,US,2024-09-01,https://www.linkedin.com/company/tutco,Tutco,us_wide_A_vertical,US
https://www.linkedin.com/in/ronald-velda-5b1a77,Ronald Velda,Ronald,Velda,Director Supplier Marketing Europe - Connectors & Emech,3,NL,2012-08-01,https://www.linkedin.com/company/tti-inc-,"TTI, Inc.",us_wide_A_vertical,US
https://www.linkedin.com/in/gabriel-osorio-b91674168,Gabriel Osorio,Gabriel,Osorio,"Director, TBU Marketing, Americas",3,US,2021-10-01,https://www.linkedin.com/company/tti-inc-,"TTI, Inc.",us_wide_A_vertical,US
https://www.linkedin.com/in/jillianmchilds,Jillian Childs,Jillian,Childs,VP of Marketing,3,US,2023-12-01,https://www.linkedin.com/company/turntide,Turntide Technologies,us_wide_A_vertical,US
https://www.linkedin.com/in/ugadoug,Doug Benson,Doug,Benson,Global Head of Growth Marketing,3,US,2024-07-01,https://www.linkedin.com/company/turntide,Turntide Technologies,us_wide_A_vertical,US
https://www.linkedin.com/in/chantell-stanek-73a3251b,Chantell Stanek,Chantell,Stanek,Vice President Marketing,3,US,2025-09-01,https://www.linkedin.com/company/tutor-perini-corporation,Tutor Perini Corporation,us_wide_A_vertical,US
https://www.linkedin.com/in/bob-m-631a67a,Bob M.,Bob,M.,VP Sales & Marketing,3,US,1998-01-01,https://www.linkedin.com/company/tw-metals,TW Metals LLC,us_wide_A_vertical,US
https://www.linkedin.com/in/chris-cook-a1095a8,Chris Cook,Chris,Cook,"Sr Vice President, Sales and Marketing",3,US,2025-07-01,https://www.linkedin.com/company/tw-metals,TW Metals LLC,us_wide_A_vertical,US
https://www.linkedin.com/in/tony-amabile-68362b15,Tony Amabile,Tony,Amabile,Director of Marketing,3,US,1995-01-01,https://www.linkedin.com/company/tw-metals,TW Metals LLC,us_wide_A_vertical,US
https://www.linkedin.com/in/bfaraone,Brandi F.,Brandi,F.,Marketing Communications Manager,2,US,2024-10-01,https://www.linkedin.com/company/tw-metals,TW Metals LLC,us_wide_A_vertical,US
https://www.linkedin.com/in/mausi-mcdaniel-9923057,Mausi McDaniel,Mausi,McDaniel,Chief Marketing Officer,3,US,2020-06-01,https://www.linkedin.com/company/tuuci,Tuuci,us_wide_B_othertag,US
https://www.linkedin.com/in/jochem-borremans,Jochem Borremans,Jochem,Borremans,EMEA Director of Marketing & Business Intelligence,3,NL,2026-01-01,https://www.linkedin.com/company/tuuci,Tuuci,us_wide_B_othertag,US
https://www.linkedin.com/in/michael-wallace-882615152,Michael Wallace,Michael,Wallace,Vice President Marketing,3,US,2023-03-01,https://www.linkedin.com/company/u-s-battery-mfg-co-,U.S. Battery Mfg. Co.,us_wide_A_vertical,US
https://www.linkedin.com/in/seancfarley,Sean Farley,Sean,Farley,Director Sales & Marketing,3,US,2013-03-01,https://www.linkedin.com/company/us-pipe-and-foundry,U.S. Pipe,us_wide_A_vertical,US
https://www.linkedin.com/in/bob-wesson-06492013,Bob Wesson,Bob,Wesson,"VP - Marketing, Field Operations Support",3,US,2014-01-01,https://www.linkedin.com/company/u-haul-international-inc-,U-Haul,us_wide_A_vertical,US
https://www.linkedin.com/in/bob-waggoner-945ba141,Bob Waggoner,Bob,Waggoner,Vice President of Marketing & Sales,3,US,-,https://www.linkedin.com/company/us-pipe-and-foundry,U.S. Pipe,us_wide_A_vertical,US
https://www.linkedin.com/in/jaytrose,Jason Rose,Jason,Rose,Director of Marketing,3,US,2025-12-01,https://www.linkedin.com/company/ulbrich-stainless-steels-&-special-metals,"Ulbrich Stainless Steels & Special Metals, Inc.",us_wide_B_othertag,US
https://www.linkedin.com/in/jeffrey-luke-5471585,Jeffrey Luke,Jeffrey,Luke,Chief Marketing Officer,3,US,2025-01-01,https://www.linkedin.com/company/ultralife-corporation,Ultralife Corporation,us_wide_A_vertical,US
https://www.linkedin.com/in/andrewroberthughes,Andrew Hughes,Andrew,Hughes,Director of Marketing,3,US,2026-05-01,https://www.linkedin.com/company/umbraspace,Umbra,us_wide_B_othertag,US
https://www.linkedin.com/in/johnstone,John Stone,John,Stone,"Vice President of Sales, Marketing, and Product Management",3,US,2012-09-01,https://www.linkedin.com/company/ultramain,"Ultramain Systems, Inc.",us_wide_B_othertag,US
https://www.linkedin.com/in/melissa-martinez-mba-789ba168,"Melissa Martinez, MBA",Melissa,"Martinez, MBA",Manager Proposals & Marketing Communications,2,US,2014-03-01,https://www.linkedin.com/company/ultramain,"Ultramain Systems, Inc.",us_wide_B_othertag,US
https://www.linkedin.com/in/kellie-w-3904b25b,Kellie W.,Kellie,W.,Director of Marketing,3,US,2020-01-01,https://www.linkedin.com/company/unified-brands,Unified Brands,us_wide_A_vertical,US
https://www.linkedin.com/in/michael-williams-1b36b811,Michael Williams,Michael,Williams,Director of Culinary Marketing,3,US,-,https://www.linkedin.com/company/unified-brands,Unified Brands,us_wide_A_vertical,US
https://www.linkedin.com/in/ryantnolan,Ryan Nolan,Ryan,Nolan,Senior Vice President of Sales and Marketing,3,US,2025-01-01,https://www.linkedin.com/company/unirac-inc-,UNIRAC,us_wide_B_othertag,US
https://www.linkedin.com/in/christine-m-silverman,Christine Silverman,Christine,Silverman,Director of Marketing,3,US,2024-10-01,https://www.linkedin.com/company/unirac-inc-,UNIRAC,us_wide_B_othertag,US
https://www.linkedin.com/in/raypiontek01,Ray Piontek,Ray,Piontek,VP of Worldwide Sales & Marketing,3,US,2007-07-01,https://www.linkedin.com/company/unirac-inc-,UNIRAC,us_wide_B_othertag,US
https://www.linkedin.com/in/marcelopretti,Marcelo Pretti,Marcelo,Pretti,Director of Marketing,3,US,2023-12-01,https://www.linkedin.com/company/unison-aerospace,Unison,us_wide_B_othertag,US
https://www.linkedin.com/in/amy-m-cottongim,Amy Cottongim,Amy,Cottongim,Director of Marketing & Communications,2,US,2025-03-01,https://www.linkedin.com/company/united-alloy,United Alloy,us_wide_A_vertical,US
https://www.linkedin.com/in/davidbcain,David Cain,David,Cain,"VP of Marketing, Communications and Product Management",3,US,2017-01-01,https://www.linkedin.com/company/unitedanh,United Animal Health,us_wide_A_vertical,US
https://www.linkedin.com/in/michael-shingler-b324673,Michael Shingler,Michael,Shingler,Director of Marketing,3,US,-,https://www.linkedin.com/company/unitedanh,United Animal Health,us_wide_A_vertical,US
https://www.linkedin.com/in/donato-lopez-28102615,Donato Lopez,Donato,Lopez,VP Sales & Marketing,3,US,2020-11-01,https://www.linkedin.com/company/united-industries,United Industries,us_wide_B_othertag,US
https://www.linkedin.com/in/bob-sedon-4223367,Bob Sedon,Bob,Sedon,Vice President - Asphalt Marketing,3,US,2011-05-01,https://www.linkedin.com/company/united-refining-company,United Refining Company,us_wide_A_vertical,US
https://www.linkedin.com/in/bill-massa-1a312793,Bill Massa,Bill,Massa,Vice President - Wholesale Marketing,3,US,2015-12-01,https://www.linkedin.com/company/united-refining-company,United Refining Company,us_wide_A_vertical,US
https://www.linkedin.com/in/michael-mcanulty-8a80a14b,Michael McAnulty,Michael,McAnulty,Director of Marketing,3,US,2022-10-01,https://www.linkedin.com/company/united-refrigeration-inc.,"United Refrigeration, Inc.",us_wide_A_vertical,US
https://www.linkedin.com/in/john-mahalis-319a3ab6,John Mahalis,John,Mahalis,Channel Marketing Manager,1,US,2025-08-01,https://www.linkedin.com/company/united-refrigeration-inc.,"United Refrigeration, Inc.",us_wide_A_vertical,US
https://www.linkedin.com/in/steve-emmert-bba76725,Steve Emmert,Steve,Emmert,Vice President of Sales & Marketing,3,US,2025-06-01,https://www.linkedin.com/company/ubllc,Universal Bearings,us_wide_A_vertical,US
https://www.linkedin.com/in/roy-williams-460982325,Roy Williams,Roy,Williams,Sr Vice President - Marketing,3,US,-,https://www.linkedin.com/company/united-refining-company,United Refining Company,us_wide_A_vertical,US
https://www.linkedin.com/in/yoerigeutskens,Yoeri Geutskens,Yoeri,Geutskens,"Channel Marketing Manager, Home Entertainment",1,BE,2022-06-01,https://www.linkedin.com/company/universal-electronics,Universal Electronics,us_wide_A_vertical,US
https://www.linkedin.com/in/ymkilgariff,Yvonne Kilgariff,Yvonne,Kilgariff,Channel Marketing Manager,1,US,2021-02-01,https://www.linkedin.com/company/universal-electronics,Universal Electronics,us_wide_A_vertical,US
https://www.linkedin.com/in/tom-yuan-76110b1,Tom Yuan,Tom,Yuan,Network Manager,1,US,-,https://www.linkedin.com/company/universal-electronics,Universal Electronics,us_wide_A_vertical,US
https://www.linkedin.com/in/thenatrix,Nathaniel Kennedy,Nathaniel,Kennedy,Vice President Marketing,3,US,2025-09-01,https://www.linkedin.com/company/unusual-machines,Unusual Machines,us_wide_B_othertag,US
https://www.linkedin.com/in/alexander-graf-15897834,Alexander Graf,Alexander,Graf,Executive Director - Sales & Marketing,3,US,2025-01-01,https://www.linkedin.com/company/us-air-conditioning-distributors,US Air Conditioning Distributors,us_wide_A_vertical,US
https://www.linkedin.com/in/robertrenfro,Robert R.,Robert,R.,Vice President Marketing,3,US,2026-03-01,https://www.linkedin.com/company/us-aviation,US Aviation Group,us_wide_B_othertag,US
https://www.linkedin.com/in/mark-taylor-87b71418,Mark Taylor,Mark,Taylor,Co-owner & Executive VP Marketing Business Development,3,US,2007-10-01,https://www.linkedin.com/company/us-aviation,US Aviation Group,us_wide_B_othertag,US
https://www.linkedin.com/in/youayangxiong,Youa Yang-Xiong,Youa,Yang-Xiong,Marketing Communications Manager,2,US,2014-03-01,https://www.linkedin.com/company/usconec,US Conec,us_wide_B_othertag,US
https://www.linkedin.com/in/timothy-lynch-41364819,Timothy Lynch,Timothy,Lynch,Senior Vice President of Sales & Marketing - Americas,3,US,2024-01-01,https://www.linkedin.com/company/utron-solutions,Utron,us_wide_B_othertag,US
https://www.linkedin.com/in/orit-buzin,Orit Buzin,Orit,Buzin,Head of Marketing (Fractional),3,US,2024-08-01,https://www.linkedin.com/company/utron-solutions,Utron,us_wide_B_othertag,US
https://www.linkedin.com/in/steve-springer-b6163174,Steve Springer,Steve,Springer,Director Of Sales Marketing,3,US,2009-05-01,https://www.linkedin.com/company/vaf-filtration-systems,VAF™ Filtration Systems,us_wide_B_othertag,US
https://www.linkedin.com/in/steven-gatcomb-03b1bb18,Steven Gatcomb,Steven,Gatcomb,Director of Sales and Marketing - Nuclear,3,US,2005-01-01,https://www.linkedin.com/company/valcor-engineering-corp-,Valcor Engineering Corporation,us_wide_A_vertical,US
https://www.linkedin.com/in/thien-nguyen-55a2935,Thien Nguyen,Thien,Nguyen,Director of Sales and Marketing,3,US,2023-01-01,https://www.linkedin.com/company/valcor-engineering-corp-,Valcor Engineering Corporation,us_wide_A_vertical,US
https://www.linkedin.com/in/kim-bedard,Kim Bedard,Kim,Bedard,Director Strategic Marketing / Portfolio Management,3,US,2023-01-01,https://www.linkedin.com/company/valent-biosciences,Valent BioSciences,us_wide_A_vertical,US
https://www.linkedin.com/in/matteo-sclocchi-282a7b4,Matteo Sclocchi,Matteo,Sclocchi,VP Global Marketing,3,US,2025-05-01,https://www.linkedin.com/company/valent-biosciences,Valent BioSciences,us_wide_A_vertical,US
https://www.linkedin.com/in/michelle-fischer,Michelle Fischer,Michelle,Fischer,Marketing Communications Director,2,US,2015-01-01,https://www.linkedin.com/company/valin-corporation,Valin Corporation,us_wide_A_vertical,US
https://www.linkedin.com/in/camil-aliman-a7167211,Camil Aliman,Camil,Aliman,Marketing Director Eurasia & Global Product Marketing,3,RO,2025-10-01,https://www.linkedin.com/company/valmontindustriesinc,"Valmont Industries, Inc.",us_wide_A_vertical,US
https://www.linkedin.com/in/theresa110,Theresa Stultz,Theresa,Stultz,Marketing Communications Manager,2,US,2021-01-01,https://www.linkedin.com/company/valtir-llc,Valtir,us_wide_A_vertical,US
https://www.linkedin.com/in/theresa-stultz-0007b61a6,Theresa Stultz,Theresa,Stultz,Marketing Communications Manager,2,US,2011-03-01,https://www.linkedin.com/company/valtir-llc,Valtir,us_wide_A_vertical,US
https://www.linkedin.com/in/jeff-driver-22a0b822,Jeff Driver,Jeff,Driver,Director of Sales & Marketing,3,US,2004-01-01,https://www.linkedin.com/company/vanguard-national-trailer,Vanguard National Trailer,us_wide_A_vertical,US
https://www.linkedin.com/in/katherine-fiore-murray-620bb025,Katherine Fiore-Murray,Katherine,Fiore-Murray,Director of Marketing & Agent Services,3,US,2025-02-01,https://www.linkedin.com/company/vanguard-properties,Vanguard Properties,us_wide_B_othertag,US
https://www.linkedin.com/in/james-verona-1aba7a4a,James Verona,James,Verona,Director of Sales & Marketing,3,US,2026-04-01,https://www.linkedin.com/company/vantageplastics,Vantage Plastics,us_wide_A_vertical,US
https://www.linkedin.com/in/massard,Sebastien Massard,Sebastien,Massard,Global Director of Strategic Marketing,3,US,2018-10-01,https://www.linkedin.com/company/vantage-specialty-chemicals,Vantage Specialty Chemicals,us_wide_A_vertical,US
https://www.linkedin.com/in/jocelyne-g%c3%b6ring,Jocelyne Göring,Jocelyne,Göring,Marketing Communications Manager EMEA,2,DE,2025-04-01,https://www.linkedin.com/company/vantage-specialty-chemicals,Vantage Specialty Chemicals,us_wide_A_vertical,US
https://www.linkedin.com/in/dan-walsh-8b229514,Dan Walsh,Dan,Walsh,Director of Marketing And Communications,3,US,2023-09-01,https://www.linkedin.com/company/vantage-elevator-solutions,Vantage Elevator Solutions,us_wide_A_vertical,US
https://www.linkedin.com/in/kimberly-b-464110189,Kimberly B.,Kimberly,B.,"Senior Manager, Marketing Communications",2,US,2018-09-01,https://www.linkedin.com/company/vantage-elevator-solutions,Vantage Elevator Solutions,us_wide_A_vertical,US
https://www.linkedin.com/in/syd-darlington-7b20755,Syd Darlington,Syd,Darlington,VP of Marketing,3,US,-,https://www.linkedin.com/company/vaupell,Vaupell,us_wide_B_othertag,US
https://www.linkedin.com/in/jason-palumbis-1a55ba13a,Jason Palumbis,Jason,Palumbis,General Manager / VP Sales & Marketing,3,US,2009-09-01,https://www.linkedin.com/company/valmontindustriesinc,"Valmont Industries, Inc.",us_wide_A_vertical,US
https://www.linkedin.com/in/amanda-swanberg-66634252,Amanda Swanberg,Amanda,Swanberg,"Director of Sales & Marketing, North America Coatings",3,US,2023-04-01,https://www.linkedin.com/company/valmontindustriesinc,"Valmont Industries, Inc.",us_wide_A_vertical,US
https://www.linkedin.com/in/joshua-w-0b22484,Joshua W.,Joshua,W.,"Head of Marketing & Technology for North, Central, and South Americas.",3,US,2012-05-01,https://www.linkedin.com/company/vc999,VC999 Packaging Systems,us_wide_A_vertical,US
https://www.linkedin.com/in/david-fischmer-842b086,David Fischmer,David,Fischmer,"Director of Marketing, NSA",3,US,2014-01-01,https://www.linkedin.com/company/vsg-a-dover-company,"Vehicle Service Group, A Dover Company",us_wide_B_othertag,US
https://www.linkedin.com/in/jimwjacoby,James Jacoby,James,Jacoby,Vice President Sales & Marketing,3,US,2025-08-01,https://www.linkedin.com/company/vsg-a-dover-company,"Vehicle Service Group, A Dover Company",us_wide_B_othertag,US
https://www.linkedin.com/in/irene-papini,Irene Papini,Irene,Papini,Marketing Communication Manager,2,IT,2022-01-01,https://www.linkedin.com/company/vsg-a-dover-company,"Vehicle Service Group, A Dover Company",us_wide_B_othertag,US
https://www.linkedin.com/in/mike-savidakis-391a868,Mike Savidakis,Mike,Savidakis,"Vice President, Technical Marketing & Innovation - Food & Surface Treatment Technologies",3,US,-,https://www.linkedin.com/company/vantage-specialty-chemicals,Vantage Specialty Chemicals,us_wide_A_vertical,US
https://www.linkedin.com/in/eric-roth-37bb2254,Eric Roth,Eric,Roth,Vice President of Sales and Marketing,3,US,2023-08-01,https://www.linkedin.com/company/vektek-llc,"Vektek, LLC",us_wide_A_vertical,US
https://www.linkedin.com/in/eric-montoy-76736426,Eric Montoy,Eric,Montoy,Director of Corporate Marketing,3,US,2026-02-01,https://www.linkedin.com/company/velocity-flow-technologies,Velocity Flow Technologies,us_wide_A_vertical,US
https://www.linkedin.com/in/justine-grimm-47236974,Justine Grimm,Justine,Grimm,Senior Director of Marketing - Infrastructure,3,US,2022-12-01,https://www.linkedin.com/company/valmontindustriesinc,"Valmont Industries, Inc.",us_wide_A_vertical,US
https://www.linkedin.com/in/johnolley123,John Olley,John,Olley,Director of Sales and Marketing,3,US,2024-05-01,https://www.linkedin.com/company/venture-plastics-inc.,"Venture Plastics, Inc.",us_wide_B_othertag,US
https://www.linkedin.com/in/hankhagedoorn,Hendrik Adam Hagedoorn,Hendrik Adam,Hagedoorn,"Director, Business Development & Marketing",3,US,2018-10-01,https://www.linkedin.com/company/verifyglobal,"Verify, Inc.",us_wide_B_othertag,US
https://www.linkedin.com/in/vsteverson,V Steverson,V,Steverson,Director of Marketing,3,US,2019-03-01,https://www.linkedin.com/company/cgtech,Vericut,us_wide_B_othertag,US
https://www.linkedin.com/in/idankoren,Idan Koren,Idan,Koren,Chief Marketing Officer,3,US,-,https://www.linkedin.com/company/verkada,Verkada,us_wide_B_othertag,US
https://www.linkedin.com/in/andy-woodward-76b9a610,Andy Woodward,Andy,Woodward,Global Vice President Sales and Marketing,3,US,2010-06-01,https://www.linkedin.com/company/vernay,Vernay,us_wide_A_vertical,US
https://www.linkedin.com/in/annalisabluhm,"Annalisa Esposito Bluhm, MA (She/Her)",Annalisa,"Esposito Bluhm, MA (She/Her)",Vice President Marketing and Communications,3,US,2026-01-01,https://www.linkedin.com/company/versigent,Versigent,us_wide_B_othertag,US
https://www.linkedin.com/in/katehrabovsky,Kate Jacobs Hrabovsky,Kate,Jacobs Hrabovsky,"Director, Global Marketing & Communications Strategy",2,US,2026-03-01,https://www.linkedin.com/company/versigent,Versigent,us_wide_B_othertag,US
https://www.linkedin.com/in/mjgallagher10,Matt Gallagher,Matt,Gallagher,Director of Sales And Marketing,3,US,2025-01-01,https://www.linkedin.com/company/vertech-industrial-systems-llc,Vertech,us_wide_A_vertical,US
https://www.linkedin.com/in/priyanka-srinivasan-7348905,Priyanka Srinivasan,Priyanka,Srinivasan,"VP, Product Marketing",3,US,2023-08-01,https://www.linkedin.com/company/verkada,Verkada,us_wide_B_othertag,US
https://www.linkedin.com/in/charli-keuning-24b2118,Charli Keuning,Charli,Keuning,Dealer Brand Experience Lead,1,US,2024-11-01,https://www.linkedin.com/company/vermeer-corporation,Vermeer Corporation,us_wide_A_vertical,US
https://www.linkedin.com/in/crowemelissa,Melissa Crowe,Melissa,Crowe,Vice President of Marketing and Communications,3,US,2025-06-01,https://www.linkedin.com/company/vicinity-energy,Vicinity Energy,us_wide_A_vertical,US
https://www.linkedin.com/in/maurywood,Maury Wood,Maury,Wood,VP Strategic Marketing,3,US,2022-10-01,https://www.linkedin.com/company/vicor-corporation,Vicor,us_wide_B_othertag,US
https://www.linkedin.com/in/gregsgreen,Greg Green,Greg,Green,Director of Automotive Marketing,3,US,2023-01-01,https://www.linkedin.com/company/vicor-corporation,Vicor,us_wide_B_othertag,US
https://www.linkedin.com/in/davidkrakauer,David Krakauer,David,Krakauer,"VP Industrial Business Unit, Corporate Marketing, and Channel",1,US,2020-10-01,https://www.linkedin.com/company/vicor-corporation,Vicor,us_wide_B_othertag,US
https://www.linkedin.com/in/greg-kulicki-1437499,Greg Kulicki,Greg,Kulicki,Channel Business Development Manager,1,US,2026-02-01,https://www.linkedin.com/company/vicor-corporation,Vicor,us_wide_B_othertag,US
https://www.linkedin.com/in/robert-russell-4a3ba21,Robert Russell,Robert,Russell,"Vice President of Product Marketing, BBU",3,US,2012-02-01,https://www.linkedin.com/company/vicor-corporation,Vicor,us_wide_B_othertag,US
https://www.linkedin.com/in/robderobertis,Rob De Robertis,Rob,De Robertis,"Director, Global Marketing and Communications",3,US,2011-03-01,https://www.linkedin.com/company/vicor-corporation,Vicor,us_wide_B_othertag,US
https://www.linkedin.com/in/siegel-adam,Adam Siegel,Adam,Siegel,Channel Business Development Manager,1,US,2025-05-01,https://www.linkedin.com/company/vicor-corporation,Vicor,us_wide_B_othertag,US
https://www.linkedin.com/in/robertgendron,"Robert Gendron, P.E.",Robert,"Gendron, P.E.","Corporate Vice President, Product Marketing & Technical Resources",3,US,-,https://www.linkedin.com/company/vicor-corporation,Vicor,us_wide_B_othertag,US
https://www.linkedin.com/in/rileyastone,Riley Stone,Riley,Stone,"Sr. Manager, Partner Development",1,US,2026-05-01,https://www.linkedin.com/company/verkada,Verkada,us_wide_B_othertag,US
https://www.linkedin.com/in/jchermantempest,John Herman,John,Herman,Chief Marketing Officer,3,US,2025-01-01,https://www.linkedin.com/company/victor-sierra-aviation-holdings-llc,Victor Sierra,us_wide_B_othertag,US
https://www.linkedin.com/in/vince-bechtel-70a38934,Vince Bechtel,Vince,Bechtel,Vice President of Marketing & Distribution,1,US,2025-09-01,https://www.linkedin.com/company/victor-sierra-aviation-holdings-llc,Victor Sierra,us_wide_B_othertag,US
https://www.linkedin.com/in/adeemcaninch,Adee McAninch,Adee,McAninch,Head of Global Channel Marketing,1,US,2023-10-01,https://www.linkedin.com/company/verkada,Verkada,us_wide_B_othertag,US
https://www.linkedin.com/in/jennifer-reed-36948b,Jennifer Reed,Jennifer,Reed,"Director, Product Marketing",3,US,-,https://www.linkedin.com/company/vicor-corporation,Vicor,us_wide_B_othertag,US
https://www.linkedin.com/in/christopher-landry-82837317,Christopher Landry,Christopher,Landry,Director of Marketing and Communications,3,US,2017-04-01,https://www.linkedin.com/company/viking-yacht-company,Viking Yacht Company,us_wide_B_othertag,US
https://www.linkedin.com/in/winnie-baell-marketingandcommunication,Winnie Baell,Winnie,Baell,Marketing Communications Lead,2,US,2021-08-01,https://www.linkedin.com/company/vinson-process-controls,Vinson Process Controls,us_wide_A_vertical,US
https://www.linkedin.com/in/dcatonsmith,Debbie Caton Smith,Debbie,Caton Smith,Vice President of Marketing,3,US,2018-01-01,https://www.linkedin.com/company/virco,Virco,us_wide_A_vertical,US
https://www.linkedin.com/in/missy-french-6678778,Missy French,Missy,French,Corporate Director of Marketing Services,3,US,1997-01-01,https://www.linkedin.com/company/virco,Virco,us_wide_A_vertical,US
https://www.linkedin.com/in/ashley-cochrane1,Ashley Cochrane,Ashley,Cochrane,Associate Channel Marketing Manager,1,US,2025-10-01,https://www.linkedin.com/company/viega-llc,Viega LLC,us_wide_B_othertag,US
https://www.linkedin.com/in/donsknr,Donald Skinner,Donald,Skinner,Director of Marketing,3,US,2024-02-01,https://www.linkedin.com/company/visionairelighting,"Visionaire Lighting, LLC.",us_wide_B_othertag,US
https://www.linkedin.com/in/tom-westray-96a2aa126,Tom Westray,Tom,Westray,"Director, Brand Marketing & Creative",3,GB,-,https://www.linkedin.com/company/virgin-galactic,Virgin Galactic,us_wide_B_othertag,US
https://www.linkedin.com/in/susan-alveshere-93820ba9,Susan Alveshere,Susan,Alveshere,Senior Business Development Executive and Senior Managing Partner,1,US,2018-06-01,https://www.linkedin.com/company/vista-springs,Vista Springs,us_wide_B_othertag,US
https://www.linkedin.com/in/amwyrwicz,Allison Wyrwicz,Allison,Wyrwicz,Vice President Product Marketing,3,US,2025-06-01,https://www.linkedin.com/company/visual-comfort-&-co,Visual Comfort & Co.,us_wide_A_vertical,US
https://www.linkedin.com/in/jonathanubri,Jonathan Ubri,Jonathan,Ubri,"Vice President, Digital Marketing",3,US,2021-01-01,https://www.linkedin.com/company/vivint,Vivint,us_wide_B_othertag,US
https://www.linkedin.com/in/holly-mero-84695b38,Holly Mero,Holly,Mero,"Sr. Director, Marketing Operations & Product Marketing",3,US,2026-03-01,https://www.linkedin.com/company/vivint,Vivint,us_wide_B_othertag,US
https://www.linkedin.com/in/kyleaugustchristensen,Kyle Christensen,Kyle,Christensen,Director of Product Marketing,3,US,2025-10-01,https://www.linkedin.com/company/vivint,Vivint,us_wide_B_othertag,US
https://www.linkedin.com/in/cassidy-d-6380b6b,Cassidy D.,Cassidy,D.,Director of Channel Development,1,US,2026-07-01,https://www.linkedin.com/company/vivint,Vivint,us_wide_B_othertag,US
https://www.linkedin.com/in/joseph-zhou-751a1ba,Joseph Zhou,Joseph,Zhou,"Vice President, Sales and Marketing",3,US,2026-04-01,https://www.linkedin.com/company/vj-x-ray,VJ X-Ray,us_wide_A_vertical,US
https://www.linkedin.com/in/jamison-fitt-8bba2b110,Jamison Fitt,Jamison,Fitt,"Director, Dealer Program | DTH Strategic Initiatives",1,US,2023-05-01,https://www.linkedin.com/company/vivint,Vivint,us_wide_B_othertag,US
https://www.linkedin.com/in/marsha-pozza-b5a05776,Marsha Pozza,Marsha,Pozza,Director of Marketing & Communications,2,US,2019-07-01,https://www.linkedin.com/company/volm-companies,Volm Companies Inc.,us_wide_B_othertag,US
https://www.linkedin.com/in/edward-nelson-40884235,Edward Nelson,Edward,Nelson,Network Ops & Portfolio Perf Manager,1,US,2026-01-01,https://www.linkedin.com/company/volvo-trucks-north-america,Volvo Trucks North America,us_wide_A_vertical,US
https://www.linkedin.com/in/kathleen-duckworth-reynolds-4a126988,Kathleen Duckworth Reynolds,Kathleen,Duckworth Reynolds,Marketing Communications & Exhibitions Manager,2,US,2022-08-01,https://www.linkedin.com/company/volvo-trucks-north-america,Volvo Trucks North America,us_wide_A_vertical,US
https://www.linkedin.com/in/david-thomasma-66a37926,David Thomasma,David,Thomasma,Dealer Development Manager,1,US,2019-11-01,https://www.linkedin.com/company/volvo-trucks-north-america,Volvo Trucks North America,us_wide_A_vertical,US
https://www.linkedin.com/in/johan-agebrand-b3628ab8,Johan Agebrand,Johan,Agebrand,"Director, Product Marketing",3,US,2018-01-01,https://www.linkedin.com/company/volvo-trucks-north-america,Volvo Trucks North America,us_wide_A_vertical,US
https://www.linkedin.com/in/prateek-gopisetty-2016818b,Prateek Gopisetty,Prateek,Gopisetty,Supply Partner Development - Crisis & Risk Leader,1,US,2024-01-01,https://www.linkedin.com/company/volvo-trucks-north-america,Volvo Trucks North America,us_wide_A_vertical,US
https://www.linkedin.com/in/tyler-hoosier-a8010171,Tyler Hoosier,Tyler,Hoosier,Vice President of Sales & Marketing,3,US,2024-01-01,https://www.linkedin.com/company/vp-supply-corp,VP Supply Corp,us_wide_A_vertical,US
https://www.linkedin.com/in/daniel-rueckert,Daniel Rueckert,Daniel,Rueckert,Director of Brand Marketing,3,US,2025-01-01,https://www.linkedin.com/company/vivint,Vivint,us_wide_B_othertag,US
https://www.linkedin.com/in/ken-faire-40573a26,Ken Faire,Ken,Faire,Director-Business Development & Marketing,3,US,1997-06-01,https://www.linkedin.com/company/vse-aviation-inc,VSE Aviation,us_wide_B_othertag,US
https://www.linkedin.com/in/malcolm-campbell-3803471,Malcolm Campbell,Malcolm,Campbell,"Vice President, International Sales and Marketing",3,US,2004-01-01,https://www.linkedin.com/company/vpt-inc-,"VPT, Inc.",us_wide_B_othertag,US
https://www.linkedin.com/in/waynebraun,Wayne Braun,Wayne,Braun,"Vice President, Sales & Marketing",3,US,1998-06-01,https://www.linkedin.com/company/vulcanmetalscorp,Vulcan Metals Corp.,us_wide_B_othertag,US
https://www.linkedin.com/in/dallin-anderson,Dallin Anderson,Dallin,Anderson,EVP Chief Marketing Officer & General Manager of Inside Sales,3,US,2021-01-01,https://www.linkedin.com/company/vivint,Vivint,us_wide_B_othertag,US
https://www.linkedin.com/in/designeralexfishman,Alex Fishman,Alex,Fishman,Head of Marketing,3,US,2025-01-01,https://www.linkedin.com/company/vulcanforms-inc,VulcanForms Inc.,us_wide_B_othertag,US
https://www.linkedin.com/in/camryn-lee-37726520a,Camryn Lee,Camryn,Lee,Marketing Communications Manager,2,US,2023-03-01,https://www.linkedin.com/company/wbservice,W&B Service Company,us_wide_A_vertical,US
https://www.linkedin.com/in/samuel-entriken-73169246,Samuel Entriken,Samuel,Entriken,"Vice President, Sales and Marketing",3,US,-,https://www.linkedin.com/company/w&o-supply,"W&O, a Vytl Company",us_wide_A_vertical,US
https://www.linkedin.com/in/francesca-dal-bosco-7372812,Francesca Dal Bosco,Francesca,Dal Bosco,Marketing communications manager,2,IT,2020-01-01,https://www.linkedin.com/company/gore,W. L. Gore & Associates,us_wide_B_othertag,US
https://www.linkedin.com/in/clairebrown2,Claire Brown,Claire,Brown,Senior Director Strategic Marketing & New Business Development - Clean Energy,3,US,2024-01-01,https://www.linkedin.com/company/gore,W. L. Gore & Associates,us_wide_B_othertag,US
https://www.linkedin.com/in/madelen-salter-93055a75,Madelen Salter,Madelen,Salter,"Senior Vice President, External Affairs, Marketing",3,US,2026-02-01,https://www.linkedin.com/company/wwgaymechanicalcontractorinc,"W. W. Gay Mechanical Contractor, Inc.",us_wide_A_vertical,US
https://www.linkedin.com/in/emilyandrews86,Emily Andrews,Emily,Andrews,"VP, Marketing & Community Relations",3,US,2023-01-01,https://www.linkedin.com/company/wwgaymechanicalcontractorinc,"W. W. Gay Mechanical Contractor, Inc.",us_wide_A_vertical,US
https://www.linkedin.com/in/rhondazielinski,Rhonda Zielinski,Rhonda,Zielinski,Sr. Director Marketing and Communications,3,US,2024-03-01,https://www.linkedin.com/company/wabash,Wabash,us_wide_A_vertical,US
https://www.linkedin.com/in/allanchara,Allan Chara,Allan,Chara,Vice President Marketing,3,US,2022-05-01,https://www.linkedin.com/company/gore,W. L. Gore & Associates,us_wide_B_othertag,US
https://www.linkedin.com/in/cmc123a,"Cole Cameron, MBA",Cole,"Cameron, MBA","Peripheral Artery Disease (PAD) Category Leader, Americas | Vice President of Marketing",3,US,2024-01-01,https://www.linkedin.com/company/gore,W. L. Gore & Associates,us_wide_B_othertag,US
https://www.linkedin.com/in/amanda-mccormick-327358117,amanda mccormick,amanda,mccormick,Head of Marketing,3,US,-,https://www.linkedin.com/company/gore,W. L. Gore & Associates,us_wide_B_othertag,US
https://www.linkedin.com/in/hillarylowles,Hillary Lowles,Hillary,Lowles,Account Based Marketing & Social Media Channel Manager,1,US,2024-05-01,https://www.linkedin.com/company/gore,W. L. Gore & Associates,us_wide_B_othertag,US
https://www.linkedin.com/in/nancy-heaton-2911a01,Nancy Heaton,Nancy,Heaton,Global Vice President of Product Marketing,3,US,2026-06-01,https://www.linkedin.com/company/wahl-clipper-corporation,Wahl Clipper Corporation,us_wide_A_vertical,US
https://www.linkedin.com/in/aristo-tapias,Aristo Tapias,Aristo,Tapias,Head Of Marketing Latin America,3,US,2022-03-01,https://www.linkedin.com/company/wahl-clipper-corporation,Wahl Clipper Corporation,us_wide_A_vertical,US
https://www.linkedin.com/in/brad-bagherian-certified-lean-six-sigma-gb-bb64a82,"Brad Bagherian, Certified Lean Six Sigma GB",Brad,"Bagherian, Certified Lean Six Sigma GB","Head of Ecommerce Marketing, EMEA",3,GB,2026-01-01,https://www.linkedin.com/company/wahl-clipper-corporation,Wahl Clipper Corporation,us_wide_A_vertical,US
https://www.linkedin.com/in/garrett-mcguire001,Garrett Mcguire001,Garrett,Mcguire001,Head of Global Brand Marketing,3,US,2026-01-01,https://www.linkedin.com/company/wahl-clipper-corporation,Wahl Clipper Corporation,us_wide_A_vertical,US
https://www.linkedin.com/in/zach-wyer,Zach Wyer,Zach,Wyer,"Senior Director, US Marketing",3,US,2025-08-01,https://www.linkedin.com/company/wahl-clipper-corporation,Wahl Clipper Corporation,us_wide_A_vertical,US
https://www.linkedin.com/in/lee-swartling-457152a1,Lee Swartling,Lee,Swartling,"Vice-President, Sales & Marketing",3,US,2011-05-01,https://www.linkedin.com/company/wagstaff-incorporated,"Wagstaff, Inc.",us_wide_B_othertag,US
https://www.linkedin.com/in/jamestalbott,James Talbott,James,Talbott,Senior Manager Network Operations,1,US,2007-12-01,https://www.linkedin.com/company/wabash,Wabash,us_wide_A_vertical,US
https://www.linkedin.com/in/andrew-kamai-4185123,Andrew Kamai,Andrew,Kamai,Director - Provider Marketing,3,US,2019-05-01,https://www.linkedin.com/company/gore,W. L. Gore & Associates,us_wide_B_othertag,US
https://www.linkedin.com/in/theresayeoh,Theresa Yeoh,Theresa,Yeoh,Global Marketing Communications Strategy | Director,2,US,2019-01-01,https://www.linkedin.com/company/gore,W. L. Gore & Associates,us_wide_B_othertag,US
https://www.linkedin.com/in/tricia-bell-htx,Tricia Bell,Tricia,Bell,Chief Marketing Officer,3,US,2025-01-01,https://www.linkedin.com/company/waites-wireless,Waites,us_wide_B_othertag,US
https://www.linkedin.com/in/nancy-agin-dunnahoe,Nancy Dunnahoe,Nancy,Dunnahoe,"Director, Brand and Communications",2,US,2026-07-01,https://www.linkedin.com/company/waites-wireless,Waites,us_wide_B_othertag,US
https://www.linkedin.com/in/damaris-h%c3%b6ld-597b07292,Damaris Höld,Damaris,Höld,Head of Brand Management EMEA / Marketing DACH,3,DE,-,https://www.linkedin.com/company/wahl-clipper-corporation,Wahl Clipper Corporation,us_wide_A_vertical,US
https://www.linkedin.com/in/bradleyczernejewski,Bradley Czernejewski,Bradley,Czernejewski,Vice President of Sales and Marketing,3,US,2021-06-01,https://www.linkedin.com/company/walkerforge,Walker Forge Inc.,us_wide_A_vertical,US
https://www.linkedin.com/in/emily-maser,Emily Maser,Emily,Maser,Marketing Communications Account Director,2,US,2024-10-01,https://www.linkedin.com/company/gore,W. L. Gore & Associates,us_wide_B_othertag,US
https://www.linkedin.com/in/alex-forsyth-pga-3313a611,"Alex Forsyth, PGA",Alex,"Forsyth, PGA",Director of Sales and Marketing,3,US,2015-06-01,https://www.linkedin.com/company/walt-disney-world,Walt Disney World,us_wide_B_othertag,US
https://www.linkedin.com/in/patrick-anello-35428412,Patrick Anello,Patrick,Anello,Director of Marketing,3,US,-,https://www.linkedin.com/company/wahl-clipper-corporation,Wahl Clipper Corporation,us_wide_A_vertical,US
https://www.linkedin.com/in/marie-christine-kreibich-714695289,Marie-Christine Kreibich,Marie-Christine,Kreibich,Head of Marketing Business Development,3,DE,-,https://www.linkedin.com/company/wahl-clipper-corporation,Wahl Clipper Corporation,us_wide_A_vertical,US
https://www.linkedin.com/in/patrick-anello-27a7911,Patrick Anello,Patrick,Anello,Director Of Marketing,3,US,-,https://www.linkedin.com/company/wahl-clipper-corporation,Wahl Clipper Corporation,us_wide_A_vertical,US
https://www.linkedin.com/in/shaynebrill,Shayne Brill,Shayne,Brill,Director of Marketing,3,US,2024-01-01,https://www.linkedin.com/company/ware-inc,WARE,us_wide_A_vertical,US
https://www.linkedin.com/in/jacobtache,Jacob Tache,Jacob,Tache,"Director of Marketing, Recurring Revenue",3,US,2024-05-01,https://www.linkedin.com/company/wabash,Wabash,us_wide_A_vertical,US
https://www.linkedin.com/in/sivonne-d-4500014,Sivonne D.,Sivonne,D.,Vice President & Head of Commercial Marketing Strategy,3,US,2022-07-01,https://www.linkedin.com/company/walt-disney-world,Walt Disney World,us_wide_B_othertag,US
https://www.linkedin.com/in/sarah-sinoff-8721894,Sarah Sinoff,Sarah,Sinoff,Director Marketing Strategy,3,US,2013-01-01,https://www.linkedin.com/company/walt-disney-world,Walt Disney World,us_wide_B_othertag,US
https://www.linkedin.com/in/rob-handkammer,Rob Handkammer,Rob,Handkammer,Director Marketing Communications,2,US,2026-04-01,https://www.linkedin.com/company/wastequip,Wastequip,us_wide_A_vertical,US
https://www.linkedin.com/in/alliecrandall,"Allison Crandall, CSM",Allison,"Crandall, CSM",Head of Corporate Marketing,3,US,2025-04-01,https://www.linkedin.com/company/washingtonmills,Washington Mills,us_wide_B_othertag,US
https://www.linkedin.com/in/alysonmoses,Alyson Moses,Alyson,Moses,"Managing Director, Marketing & Communications",2,US,2025-05-01,https://www.linkedin.com/company/water-environment-federation,Water Environment Federation,us_wide_A_vertical,US
https://www.linkedin.com/in/heidibragg-marketing,Heidi Bragg,Heidi,Bragg,"Senior Director, Marketing",3,US,2026-02-01,https://www.linkedin.com/company/water-environment-federation,Water Environment Federation,us_wide_A_vertical,US
https://www.linkedin.com/in/charissewinecki,Charisse Winecki,Charisse,Winecki,Head of Oral Health Marketing,3,US,2021-09-01,https://www.linkedin.com/company/water-pik-inc,"Water Pik, Inc.",us_wide_A_vertical,US
https://www.linkedin.com/in/michaelwakeman,-,-,-,"VP, Marketing",3,US,2004-01-01,https://www.linkedin.com/company/water-pik-inc,"Water Pik, Inc.",us_wide_A_vertical,US
https://www.linkedin.com/in/bruce-cole-58b39913,Bruce Cole,Bruce,Cole,Vice President Sales Marketing,3,US,2018-01-01,https://www.linkedin.com/company/waterfurnace-international,WaterFurnace International,us_wide_A_vertical,US
https://www.linkedin.com/in/timlitton,Tim Litton,Tim,Litton,Director of Marketing Communications,2,US,2012-04-01,https://www.linkedin.com/company/waterfurnace-international,WaterFurnace International,us_wide_A_vertical,US
https://www.linkedin.com/in/randy-kabat-77455a26,Randy Kabat,Randy,Kabat,VP Brand Strategy & Marketing,3,US,2025-12-01,https://www.linkedin.com/company/waterworks,Waterworks,us_wide_A_vertical,US
https://www.linkedin.com/in/kdamici,Kate Damici,Kate,Damici,"Director, Brand Marketing",3,US,2017-04-01,https://www.linkedin.com/company/waterworks,Waterworks,us_wide_A_vertical,US
https://www.linkedin.com/in/wilmarimunoz,Wilmari Munoz Aristy,Wilmari,Munoz Aristy,"Marketing Manager, Content Communications & Channel",1,US,2026-01-01,https://www.linkedin.com/company/waterworks,Waterworks,us_wide_A_vertical,US
https://www.linkedin.com/in/gregg-geske-1518571b,Gregg Geske,Gregg,Geske,Director - Sales and Marketing,3,US,1990-06-01,https://www.linkedin.com/company/waterous-company,Waterous,us_wide_A_vertical,US
https://www.linkedin.com/in/krista-hydar-b71ba232,Krista Hydar,Krista,Hydar,"Director, Marketing Services",3,US,2023-08-01,https://www.linkedin.com/company/watkins-wellness,Watkins Wellness,us_wide_B_othertag,US
https://www.linkedin.com/in/mario-m-1329b39,Mario M.,Mario,M.,Dealer Development Manager,1,US,2018-01-01,https://www.linkedin.com/company/watkins-wellness,Watkins Wellness,us_wide_B_othertag,US
https://www.linkedin.com/in/laurenbrammell,Lauren Brammell,Lauren,Brammell,Director of Brand and Channel Strategy - Omnichannel,1,US,2026-04-01,https://www.linkedin.com/company/watkins-wellness,Watkins Wellness,us_wide_B_othertag,US
https://www.linkedin.com/in/maria-miller-14883214,Maria Miller,Maria,Miller,Director of Marketing,3,US,2022-03-01,https://www.linkedin.com/company/watsco,"Watsco, Inc.",us_wide_A_vertical,US
https://www.linkedin.com/in/james-newsome-718a2714,James Newsome,James,Newsome,Vice President Sales Marketing,3,US,2022-08-01,https://www.linkedin.com/company/waupaca-foundry,Waupaca Foundry,us_wide_B_othertag,US
https://www.linkedin.com/in/deena-rudden,Deena Rudden,Deena,Rudden,"Marketing Manager, Omni-Channel",1,US,2023-11-01,https://www.linkedin.com/company/watkins-wellness,Watkins Wellness,us_wide_B_othertag,US
https://www.linkedin.com/in/caitlin-woelfel-668918106,Caitlin Woelfel,Caitlin,Woelfel,Director of Brand & Channel Marketing,1,US,2023-08-01,https://www.linkedin.com/company/watkins-wellness,Watkins Wellness,us_wide_B_othertag,US
https://www.linkedin.com/in/david-fernandez-75683114,David Fernandez,David,Fernandez,"Marketing Strategy Manager, Distribution Marketing",1,US,2024-09-01,https://www.linkedin.com/company/walt-disney-world,Walt Disney World,us_wide_B_othertag,US
https://www.linkedin.com/in/stacybenedict,Stacy (Gross) Benedict,Stacy,(Gross) Benedict,"VP, eCommerce and Marketing, Real Estate Services",3,US,2003-01-01,https://www.linkedin.com/company/wci-communities,WCI Communities,us_wide_B_othertag,US
https://www.linkedin.com/in/stevedanco,Steve Danco,Steve,Danco,VP Marketing,3,US,1994-01-01,https://www.linkedin.com/company/wci-communities,WCI Communities,us_wide_B_othertag,US
https://www.linkedin.com/in/gabe-pasquale-0b49833,Gabe Pasquale,Gabe,Pasquale,"Vice President, Chief Marketing Officer",3,US,-,https://www.linkedin.com/company/wci-communities,WCI Communities,us_wide_B_othertag,US
https://www.linkedin.com/in/catherine-armstrong-0566062,Catherine Armstrong,Catherine,Armstrong,Director of Marketing,3,US,-,https://www.linkedin.com/company/wci-communities,WCI Communities,us_wide_B_othertag,US
https://www.linkedin.com/in/dennis-a-jensen,Dennis A. Jensen,Dennis,A. Jensen,Vice President Marketing,3,US,2023-04-01,https://www.linkedin.com/company/weaverbrands,Weaver Brands,us_wide_A_vertical,US
https://www.linkedin.com/in/craig-case-45805848,Craig Case,Craig,Case,Network Manager,1,US,1994-01-01,https://www.linkedin.com/company/webcotube,Webco Industries,us_wide_A_vertical,US
https://www.linkedin.com/in/jadielee,Jadie Lee,Jadie,Lee,Marketing Communications Brand Manager,2,US,2023-05-01,https://www.linkedin.com/company/weil-mclain,Weil-McLain,us_wide_A_vertical,US
https://www.linkedin.com/in/dan-vassar-72749b7,Dan Vassar,Dan,Vassar,Marketing Communications Manager,2,US,-,https://www.linkedin.com/company/weil-mclain,Weil-McLain,us_wide_A_vertical,US
https://www.linkedin.com/in/april-johnson-7731b910,April Johnson,April,Johnson,Director of Marketing,3,US,-,https://www.linkedin.com/company/weil-mclain,Weil-McLain,us_wide_A_vertical,US
https://www.linkedin.com/in/nathan-schmid-0bb3652,Nathan Schmid,Nathan,Schmid,"Director, Global Marketing",3,US,2021-12-01,https://www.linkedin.com/company/weiler-abrasives,Weiler Abrasives Group,us_wide_B_othertag,US
https://www.linkedin.com/in/hectorgonzalez02921,Hector Gonzalez,Hector,Gonzalez,Sr. Director of Sales & Marketing,3,US,2025-08-01,https://www.linkedin.com/company/weissaug,Weiss-Aug,us_wide_B_othertag,US
https://www.linkedin.com/in/keith-fine-85315a8a,Keith Fine,Keith,Fine,Director Of Remarketing,3,US,2025-11-01,https://www.linkedin.com/company/welch-equipment-company,Welch Equipment Company,us_wide_A_vertical,US
https://www.linkedin.com/in/jeffjasuta,Jeff Jasuta,Jeff,Jasuta,Senior Channel Marketing Manager,1,US,2024-11-01,https://www.linkedin.com/company/weller-soldering-tools,Weller Tools,us_wide_B_othertag,US
https://www.linkedin.com/in/anke-schneewolf-813509107,Anke Schneewolf,Anke,Schneewolf,Senior Global Marketing Communication Manager,2,DE,-,https://www.linkedin.com/company/weller-soldering-tools,Weller Tools,us_wide_B_othertag,US
https://www.linkedin.com/in/amelia-alvares-3b11a4241,Amelia Alvares,Amelia,Alvares,Director Channel Marketing,1,GB,2018-05-01,https://www.linkedin.com/company/weller-soldering-tools,Weller Tools,us_wide_B_othertag,US
https://www.linkedin.com/in/stevehildebrand1,Steve Hildebrand,Steve,Hildebrand,Director of Marketing,3,US,2006-01-01,https://www.linkedin.com/company/wells-vehicle-electronics,Wells Vehicle Electronics,us_wide_B_othertag,US
https://www.linkedin.com/in/lauren-benck-coffaro-5356b96,Lauren Benck Coffaro,Lauren,Benck Coffaro,Senior Vice President of Marketing and Technology,3,US,2012-02-01,https://www.linkedin.com/company/west-side-tractor-sales-co-,West Side Tractor,us_wide_A_vertical,US
https://www.linkedin.com/in/john-mcgee-0b7b20a,John McGee,John,McGee,Manager of Network Operations,1,US,-,https://www.linkedin.com/company/wesco-aircraft-corp,Wesco Aircraft,us_wide_B_othertag,US
https://www.linkedin.com/in/kirsti-timms-34779339,Kirsti Timms,Kirsti,Timms,VP of Marketing & Driver Experience,3,US,2022-10-01,https://www.linkedin.com/company/westernflyerxpress,Western Flyer Xpress,us_wide_A_vertical,US
https://www.linkedin.com/in/curties-sneed,CURTIES SNEED,CURTIES,SNEED,Network Balance Manager,1,US,2021-01-01,https://www.linkedin.com/company/westernflyerxpress,Western Flyer Xpress,us_wide_A_vertical,US
https://www.linkedin.com/in/chad-david-17768769,Chad David,Chad,David,Director of Network Control Center,1,US,-,https://www.linkedin.com/company/western-global-airlines,Western Global Airlines,us_wide_B_othertag,US
https://www.linkedin.com/in/patrick-amrine-50019734,Patrick Amrine,Patrick,Amrine,Director - Sales & Marketing,3,US,2021-09-01,https://www.linkedin.com/company/westlake-dimex,Westlake Dimex,us_wide_B_othertag,US
https://www.linkedin.com/in/shirley-richardson-11ba8345,Shirley Richardson,Shirley,Richardson,Secretary to vice president of marketing,3,US,-,https://www.linkedin.com/company/westinghouse-electric,Westinghouse Electric Corporation,us_wide_A_vertical,US
https://www.linkedin.com/in/joshua-clapper-3571337,Joshua Clapper,Joshua,Clapper,"Director - New Product Development, Product Marketing & Marketing Communications",2,US,-,https://www.linkedin.com/company/westlakepipe,Westlake Pipe & Fittings,us_wide_A_vertical,US
https://www.linkedin.com/in/matt-cloward-6519069,Matt Cloward,Matt,Cloward,VP of Marketing,3,US,2026-01-01,https://www.linkedin.com/company/wheelercat,Wheeler Machinery Co.,us_wide_A_vertical,US
https://www.linkedin.com/in/acabernathy,Adam C. Abernathy,Adam C.,Abernathy,Director of Strategic Marketing,3,US,2026-07-01,https://www.linkedin.com/company/wheelercat,Wheeler Machinery Co.,us_wide_A_vertical,US
https://www.linkedin.com/in/sarahguertin,Sarah Guertin,Sarah,Guertin,Director of Marketing,3,US,2023-07-01,https://www.linkedin.com/company/whelen-engineering,Whelen Engineering,us_wide_B_othertag,US
https://www.linkedin.com/in/gary-wilkins-6b24a4a9,Gary Wilkins,Gary,Wilkins,Dealer development manager,1,US,2024-05-01,https://www.linkedin.com/company/whelen-engineering,Whelen Engineering,us_wide_B_othertag,US
https://www.linkedin.com/in/kathrinemowrey,Kathrine Mowrey,Kathrine,Mowrey,Director of Marketing,3,US,2025-10-01,https://www.linkedin.com/company/whirlwind-steel-buildings-inc,Whirlwind Steel Buildings and Components,us_wide_A_vertical,US
https://www.linkedin.com/in/hewloyd,Matthew (Hew) Loyd,Matthew (Hew),Loyd,Chief Marketing Officer,3,US,2025-09-01,https://www.linkedin.com/company/whisker,Whisker,us_wide_B_othertag,US
https://www.linkedin.com/in/andrew-pickert-721a3b2b6,Andrew Pickert,Andrew,Pickert,Dealer Development Manager,1,US,2024-06-01,https://www.linkedin.com/company/whelen-engineering,Whelen Engineering,us_wide_B_othertag,US
https://www.linkedin.com/in/jessica-hazelrigg,Jessie Hazelrigg,Jessie,Hazelrigg,Marketing Communications Manager,2,US,-,https://www.linkedin.com/company/wiliot,Wiliot,us_wide_B_othertag,US
https://www.linkedin.com/in/zacharylowman,Zach Lowman,Zach,Lowman,Head of Channel Marketing,1,US,2026-02-01,https://www.linkedin.com/company/wiliot,Wiliot,us_wide_B_othertag,US
https://www.linkedin.com/in/aubreymartik,Aubrey (Cornwell) Martik,Aubrey,(Cornwell) Martik,Marketing Communications Manager,2,US,2025-06-01,https://www.linkedin.com/company/wiliot,Wiliot,us_wide_B_othertag,US
https://www.linkedin.com/in/william-hancock-44a77117,William Hancock,William,Hancock,Lead Network Administrator,1,US,2024-07-01,https://www.linkedin.com/company/williams-international,Williams International,us_wide_B_othertag,US
https://www.linkedin.com/in/jerome-schroeder-97168399,Jerome Schroeder,Jerome,Schroeder,Lead Network Administrator,1,US,2024-08-01,https://www.linkedin.com/company/williams-international,Williams International,us_wide_B_othertag,US
https://www.linkedin.com/in/daniel-smith-38436610,Daniel Smith,Daniel,Smith,EVP - Marketing and Building Products Support,3,US,2024-01-01,https://www.linkedin.com/company/williams-distributing,Williams Distributing,us_wide_A_vertical,US
https://www.linkedin.com/in/erik-barber-9b535512,Erik Barber,Erik,Barber,Network Manager,1,US,1996-01-01,https://www.linkedin.com/company/williams-distributing,Williams Distributing,us_wide_A_vertical,US
https://www.linkedin.com/in/candace-dimassimo,Candace DiMassimo,Candace,DiMassimo,"Director, Global Marketing & Events",3,US,2025-04-01,https://www.linkedin.com/company/willis-lease-finance-corporation,Willis Lease Finance Corporation,us_wide_B_othertag,US
https://www.linkedin.com/in/mario-miron-218a9b4b,Mario Miron,Mario,Miron,Network Operations Manager,1,US,2023-04-01,https://www.linkedin.com/company/willis-lease-finance-corporation,Willis Lease Finance Corporation,us_wide_B_othertag,US
https://www.linkedin.com/in/frankcacciabeve,Frank Cacciabeve,Frank,Cacciabeve,"VP Sales and Marketing, EZRED Division",3,US,2025-08-01,https://www.linkedin.com/company/wilmar,Wilmar,us_wide_B_othertag,US
https://www.linkedin.com/in/mike-cantalini-3299489,Mike Cantalini,Mike,Cantalini,EVP Sales and Marketing,3,US,1995-11-01,https://www.linkedin.com/company/wilmar,Wilmar,us_wide_B_othertag,US
https://www.linkedin.com/in/michelledreyer,Michelle Dreyer,Michelle,Dreyer,VP Sales and Marketing,3,US,2025-03-01,https://www.linkedin.com/company/winchester-interconnect,Winchester Interconnect,us_wide_B_othertag,US
https://www.linkedin.com/in/dnscarlson,Dennis Carlson,Dennis,Carlson,Director of Marketing & Sales - Rail Mass Transit,3,US,2012-08-01,https://www.linkedin.com/company/winchester-interconnect,Winchester Interconnect,us_wide_B_othertag,US
https://www.linkedin.com/in/chris-pierce-680a802a,Chris Pierce,Chris,Pierce,Director of Sales and Marketing,3,US,2020-01-01,https://www.linkedin.com/company/winchester-interconnect,Winchester Interconnect,us_wide_B_othertag,US
https://www.linkedin.com/in/lauryn-toczylowski-36546933,Lauryn Toczylowski,Lauryn,Toczylowski,Director of Marketing,3,US,2006-02-01,https://www.linkedin.com/company/windy-city-wire,Windy City Wire,us_wide_B_othertag,US
https://www.linkedin.com/in/amberholm,Amber Holm,Amber,Holm,"SVP, Chief Marketing & Experience Officer",3,US,-,https://www.linkedin.com/company/winnebago-industries,Winnebago Industries,us_wide_A_vertical,US
https://www.linkedin.com/in/emily-benson-05636017,Emily Benson,Emily,Benson,"Strategic Partner to Amber Holm SVP, CMO & Steve Speich SVP, Enterprise Ops & Product Technology",3,US,-,https://www.linkedin.com/company/winnebago-industries,Winnebago Industries,us_wide_A_vertical,US
https://www.linkedin.com/in/bentley-brunsvold-23a83a155,Bentley Brunsvold,Bentley,Brunsvold,"Senior Manager, Infrastructure and Network Operations",1,US,2021-04-01,https://www.linkedin.com/company/winnebago-industries,Winnebago Industries,us_wide_A_vertical,US
https://www.linkedin.com/in/matt-weadley,Matt Weadley,Matt,Weadley,Vice President of Sales and Marketing,3,US,2025-01-01,https://www.linkedin.com/company/winn-marion-companies,Winn-Marion Companies,us_wide_A_vertical,US
https://www.linkedin.com/in/eiko-reinhardt-09a510a7,Eiko Reinhardt,Eiko,Reinhardt,Vice President of Sales & Marketing,3,DE,2025-01-01,https://www.linkedin.com/company/winsert,Winsert,us_wide_B_othertag,US
https://www.linkedin.com/in/steve-erickson-0b6b356,Steve Erickson,Steve,Erickson,Director of Sales & Marketing,3,US,-,https://www.linkedin.com/company/winsert,Winsert,us_wide_B_othertag,US
https://www.linkedin.com/in/aaron-eubank-727650103,Aaron Eubank,Aaron,Eubank,Vice President of Sales & Marketing,3,US,2026-01-01,https://www.linkedin.com/company/wirecrafters-llc,WireCrafters,us_wide_A_vertical,US
https://www.linkedin.com/in/david-fishburn,David Fishburn,David,Fishburn,Director of Marketing,3,US,2026-01-01,https://www.linkedin.com/company/wirecrafters-llc,WireCrafters,us_wide_A_vertical,US
https://www.linkedin.com/in/roger-martin-abbb018,Roger Martin,Roger,Martin,VP Sales & Marketing,3,US,-,https://www.linkedin.com/company/winnebago-industries,Winnebago Industries,us_wide_A_vertical,US
https://www.linkedin.com/in/michael-kilgore-aa2830191,Michael Kilgore,Michael,Kilgore,VP of Marketing & Sales,3,US,2000-08-01,https://www.linkedin.com/company/wisconsinplastics,"Wisconsin Plastics, Inc.",us_wide_B_othertag,US
https://www.linkedin.com/in/matt-schwab-641b9a10,Matt Schwab,Matt,Schwab,Director of Sales and Marketing,3,US,2022-07-01,https://www.linkedin.com/company/worldwidefittings,World Wide Fittings Inc.,us_wide_A_vertical,US
https://www.linkedin.com/in/tom-mcloughlin-763a063,Tom McLoughlin,Tom,McLoughlin,Director Marketing,3,US,2023-06-01,https://www.linkedin.com/company/worthingtonenterprises,Worthington Enterprises,us_wide_A_vertical,US
https://www.linkedin.com/in/marty-and-tami-comes-ab94066a,Marty and Tami Comes,Marty and Tami,Comes,Vice President of Sales and Marketing,3,US,1990-01-01,https://www.linkedin.com/company/worthington-industries,Worthington Industries,us_wide_A_vertical,US
https://www.linkedin.com/in/david-cummings-46678172,David Cummings,David,Cummings,Director Of Marketing -Cold Rolled Strip Products,3,US,-,https://www.linkedin.com/company/worthington-industries,Worthington Industries,us_wide_A_vertical,US
https://www.linkedin.com/in/david-murdock-mba-b560344b,"David Murdock, MBA",David,"Murdock, MBA",Segment Vice President Global Sales and Marketing,3,US,2024-04-01,https://www.linkedin.com/company/xaloy,Xaloy LLC,us_wide_B_othertag,US
https://www.linkedin.com/in/graham-cable-54220014,Graham Cable,Graham,Cable,"Vice President, Strategic Marketing",3,US,2022-11-01,https://www.linkedin.com/company/x-energy,X-energy,us_wide_A_vertical,US
https://www.linkedin.com/in/mark-copley-214a513b,Mark Copley,Mark,Copley,Director of Marketing,3,US,2024-07-01,https://www.linkedin.com/company/xpress-boats,Xpress Boats,us_wide_B_othertag,US
https://www.linkedin.com/in/christine-sloan,Christine Sloan,Christine,Sloan,Director of Marketing,3,US,2023-09-01,https://www.linkedin.com/company/xnrgy-climate-systems,XNRGY Climate Systems,us_wide_A_vertical,US
https://www.linkedin.com/in/christopher-prazak-b93b75a,Christopher Prazak,Christopher,Prazak,"Vice President Sales & Marketing, North America",3,US,2024-10-01,https://www.linkedin.com/company/yaskawa-motoman-robotics,Yaskawa Motoman Robotics,us_wide_B_othertag,US
https://www.linkedin.com/in/doug-kirkendoll-28846017,Doug Kirkendoll,Doug,Kirkendoll,Network Services Manager,1,US,-,https://www.linkedin.com/company/xtra-lease-llc-11410,XTRA Lease LLC,us_wide_A_vertical,US
https://www.linkedin.com/in/chris-williams-69b27752,Chris Williams,Chris,Williams,Director of Product Management And Marketing,3,US,2025-10-01,https://www.linkedin.com/company/ytl-international-inc,YTL International Inc.,us_wide_A_vertical,US
https://www.linkedin.com/in/tccprofile,Thomas Charno,Thomas,Charno,Vice President of Sales & Marketing,3,US,2025-07-01,https://www.linkedin.com/company/yuasa-battery,"Yuasa Battery, Inc. - USA",us_wide_B_othertag,US
https://www.linkedin.com/in/kazuhi-yoshioka-115367247,KAZUHI YOSHIOKA,KAZUHI,YOSHIOKA,Vice President of Sales and Marketing,3,US,2022-07-01,https://www.linkedin.com/company/yuasa-battery,"Yuasa Battery, Inc. - USA",us_wide_B_othertag,US
https://www.linkedin.com/in/ashleyranguelov,Ashley Ranguelov,Ashley,Ranguelov,Senior Director of Marketing and Communications,3,US,2024-04-01,https://www.linkedin.com/company/yulista-holding-llc,Yulista Holding LLC,us_wide_B_othertag,US
https://www.linkedin.com/in/jaredahl,Jared Dahl,Jared,Dahl,Senior Director of Brand Marketing,3,US,2026-07-01,https://www.linkedin.com/company/zagg-inc-,"ZAGG, Inc.",us_wide_A_vertical,US
https://www.linkedin.com/in/thomasaustinlerner,Tom Lerner,Tom,Lerner,Director of Business Development - Carrier Partnerships,1,US,2024-12-01,https://www.linkedin.com/company/zagg-inc-,"ZAGG, Inc.",us_wide_A_vertical,US
https://www.linkedin.com/in/max-joda,Max Joda,Max,Joda,Vice President of Product and Channel Marketing,1,US,2025-09-01,https://www.linkedin.com/company/zagg-inc-,"ZAGG, Inc.",us_wide_A_vertical,US
https://www.linkedin.com/in/brad-bell-457b063,Brad Bell,Brad,Bell,"Senior Vice President, Global Marketing",3,US,2019-08-01,https://www.linkedin.com/company/zagg-inc-,"ZAGG, Inc.",us_wide_A_vertical,US
https://www.linkedin.com/in/john-kushnerick-1860938,John Kushnerick,John,Kushnerick,Director of Marketing Services,3,US,1997-01-01,https://www.linkedin.com/company/zebco,Zebco Brands,us_wide_A_vertical,US
https://www.linkedin.com/in/ray-more-13487113,Ray More,Ray,More,Director of Marketing Avid Brands,3,US,-,https://www.linkedin.com/company/zebco,Zebco Brands,us_wide_A_vertical,US
https://www.linkedin.com/in/sabrinaaced,Sabrina Aced,Sabrina,Aced,Channel Marketing Manager,1,US,2024-01-01,https://www.linkedin.com/company/zagg-inc-,"ZAGG, Inc.",us_wide_A_vertical,US
https://www.linkedin.com/in/johnathancooper22,Johnathan Cooper,Johnathan,Cooper,Head of Field Marketing,3,US,2023-07-01,https://www.linkedin.com/company/zagg-inc-,"ZAGG, Inc.",us_wide_A_vertical,US
https://www.linkedin.com/in/augustswenson,August Swenson,August,Swenson,Channel Marketing Manager,1,US,-,https://www.linkedin.com/company/zagg-inc-,"ZAGG, Inc.",us_wide_A_vertical,US
https://www.linkedin.com/in/dan-ehlert,Dan Ehlert,Dan,Ehlert,Senior Channel Marketing Manager,1,US,2024-04-01,https://www.linkedin.com/company/zagg-inc-,"ZAGG, Inc.",us_wide_A_vertical,US
https://www.linkedin.com/in/cassandra-palor-210016184,Cassandra Palor,Cassandra,Palor,Senior Channel Marketing Manager,1,US,2026-06-01,https://www.linkedin.com/company/zagg-inc-,"ZAGG, Inc.",us_wide_A_vertical,US
https://www.linkedin.com/in/sarah-wahl-0a996510,Sarah Wahl,Sarah,Wahl,Vice President Marketing,3,US,2020-08-01,https://www.linkedin.com/company/zephyr,Zephyr,us_wide_A_vertical,US
https://www.linkedin.com/in/ty-shannon,Tyler Shannon,Tyler,Shannon,Head of CRM & Retention Marketing,3,US,2026-07-01,https://www.linkedin.com/company/zepp-health,Zepp Health,us_wide_B_othertag,US
https://www.linkedin.com/in/jecsidavid,David Jecsi,David,Jecsi,"Head of Omnichannel Marketing I Europe, Middle-East and Africa (EMEA)",1,HU,2026-05-01,https://www.linkedin.com/company/zepp-health,Zepp Health,us_wide_B_othertag,US
https://www.linkedin.com/in/angelaqt,Angela T.,Angela,T.,Head Of Marketing,3,US,2021-08-01,https://www.linkedin.com/company/zepp-health,Zepp Health,us_wide_B_othertag,US
https://www.linkedin.com/in/arturocarrero,Arturo (Arthur) Carrero,Arturo (Arthur),Carrero,Director of Marketing and Communications EMEA & APAC,3,NL,2019-01-01,https://www.linkedin.com/company/zeromotorcycles,Zero Motorcycles Inc.,us_wide_B_othertag,US
https://www.linkedin.com/in/jarnomiddelbosch,Jarno Middelbosch,Jarno,Middelbosch,Senior Director Global Marketing,3,NL,2026-04-01,https://www.linkedin.com/company/zeromotorcycles,Zero Motorcycles Inc.,us_wide_B_othertag,US
https://www.linkedin.com/in/maddie-mecklenburg,Maddie Hysjulien Mecklenburg,Maddie,Hysjulien Mecklenburg,Dealer Development and Sales Operations Manager,1,US,2023-09-01,https://www.linkedin.com/company/zeromotorcycles,Zero Motorcycles Inc.,us_wide_B_othertag,US
https://www.linkedin.com/in/hiltonhammond,Hilton Hammond,Hilton,Hammond,Director of Marketing And Product Management,3,US,2025-01-01,https://www.linkedin.com/company/zetec,Zetec,us_wide_B_othertag,US
https://www.linkedin.com/in/jmcquesten,Jennifer McQuesten,Jennifer,McQuesten,VP of Global Brand & Communications,2,US,2025-05-01,https://www.linkedin.com/company/zeus,Zeus,us_wide_B_othertag,US
https://www.linkedin.com/in/michael-evers-8151345,Michael Evers,Michael,Evers,Director Commercial Marketing,3,US,2025-01-01,https://www.linkedin.com/company/zeus,Zeus,us_wide_B_othertag,US
https://www.linkedin.com/in/emmamarielyons,Emma Lyons,Emma,Lyons,"Marketing Communications Manager, Programs and Activation",2,IE,2022-09-01,https://www.linkedin.com/company/zeus,Zeus,us_wide_B_othertag,US
https://www.linkedin.com/in/sarahrydland,Sarah (Rydland) Blanchard,Sarah (Rydland),Blanchard,Marketing Communications Manager,2,US,-,https://www.linkedin.com/company/ziegler-caterpillar,Ziegler Caterpillar,us_wide_A_vertical,US
https://www.linkedin.com/in/shawn-st-pierre-aa70662a,Shawn St. Pierre,Shawn,St. Pierre,Vice President of Global Marketing -- Robotics Portfolio,3,US,2026-08-01,https://www.linkedin.com/company/zimmerbiomet,Zimmer Biomet,us_wide_B_othertag,US
https://www.linkedin.com/in/brandon-svendsen-5a87b374,Brandon Svendsen,Brandon,Svendsen,"Vice President, Marketing Foot & Ankle, Medical Education and Sales Operations",3,US,2025-01-01,https://www.linkedin.com/company/zimmerbiomet,Zimmer Biomet,us_wide_B_othertag,US
https://www.linkedin.com/in/david-walter-b3034019,David Walter,David,Walter,Vice President Sales and Marketing,3,US,-,https://www.linkedin.com/company/ziegler-caterpillar,Ziegler Caterpillar,us_wide_A_vertical,US
https://www.linkedin.com/in/carissa-kennison-a4ab3532,Carissa Kennison,Carissa,Kennison,Director of Marketing - Patient Specific,3,US,2021-01-01,https://www.linkedin.com/company/zimmerbiomet,Zimmer Biomet,us_wide_B_othertag,US
https://www.linkedin.com/in/jackiejjwerner,Jackie (J.J.) Werner,Jackie (J.J.),Werner,Branded Distribution Manager,1,US,2024-09-01,https://www.linkedin.com/company/zxp-technologies,ZXP Technologies,us_wide_A_vertical,US
https://www.linkedin.com/in/jeff-delong-56a34823,Jeff DeLong,Jeff,DeLong,"Vice President, Marketing- Recon",3,US,2026-02-01,https://www.linkedin.com/company/zimmerbiomet,Zimmer Biomet,us_wide_B_othertag,US
https://www.linkedin.com/in/brittany-hale-72660947,Brittany Hale,Brittany,Hale,"Senior Director, Marketing",3,US,2011-08-01,https://www.linkedin.com/company/zimmerbiomet,Zimmer Biomet,us_wide_B_othertag,US
https://www.linkedin.com/in/ivanalessi,Ivan Alessi,Ivan,Alessi,Director Product Marketing - Western Europe,3,IT,2026-05-01,https://www.linkedin.com/company/zimmerbiomet,Zimmer Biomet,us_wide_B_othertag,US
https://www.linkedin.com/in/kristenkmiec,Kristen Kmiec,Kristen,Kmiec,"Director, Global Strategic Marketing & Marketing Excellence",3,US,2024-02-01,https://www.linkedin.com/company/zimmerbiomet,Zimmer Biomet,us_wide_B_othertag,US
https://www.linkedin.com/in/jie-ren-umich,Jie (Gia) Ren,Jie (Gia),Ren,"Director of Strategy, Marketing & Business Dev. – Global Automotive & CE business",3,US,2025-04-01,https://www.linkedin.com/company/sensata-technologies,森萨塔科技,us_wide_A_vertical,US
https://www.linkedin.com/in/paula-neagu,Paula Neagu,Paula,Neagu,Global Industrial Marketing Communications Manager,2,RO,2022-03-01,https://www.linkedin.com/company/sensata-technologies,森萨塔科技,us_wide_A_vertical,US
https://www.linkedin.com/in/timothymgriffin,Timothy Griffin,Timothy,Griffin,Marketing Communications Manager - Industrial,2,US,2022-02-01,https://www.linkedin.com/company/sensata-technologies,森萨塔科技,us_wide_A_vertical,US
https://www.linkedin.com/in/harry-wykes,Harry Wykes,Harry,Wykes,Director of Digital Marketing,3,GB,2025-08-01,https://www.linkedin.com/company/molex,莫仕股份有限公司,us_wide_B_othertag,US
https://www.linkedin.com/in/veswara,Venkat Eswara,Venkat,Eswara,"Head of Product Management, Strategic Partnerships and Product Marketing",1,US,2021-01-01,https://www.linkedin.com/company/molex,莫仕股份有限公司,us_wide_B_othertag,US
https://www.linkedin.com/in/murat-dogansoysal-3490b424,Murat Dogansoysal,Murat,Dogansoysal,"SVP & President, Global Sales & Marketing",3,US,2023-06-01,https://www.linkedin.com/company/molex,莫仕股份有限公司,us_wide_B_othertag,US
https://www.linkedin.com/in/giovannifrezza,Giovanni Frezza,Giovanni,Frezza,Director - Network Connected Solutions,1,US,2018-01-01,https://www.linkedin.com/company/molex,莫仕股份有限公司,us_wide_B_othertag,US
https://www.linkedin.com/in/greg-everly-a69a46b,Greg Everly,Greg,Everly,VP of Sales and Marketing,3,US,2025-01-01,https://www.linkedin.com/company/molex,莫仕股份有限公司,us_wide_B_othertag,US
https://www.linkedin.com/in/dankuzniewski,Dan Kuzniewski,Dan,Kuzniewski,"Director, Divisional Marketing (Aerospace & Defense Systems)",3,US,2026-03-01,https://www.linkedin.com/company/molex,莫仕股份有限公司,us_wide_B_othertag,US
https://www.linkedin.com/in/daviaazauhar,Davia Dwinelle,Davia,Dwinelle,Director Industry Marketing,3,US,2025-01-01,https://www.linkedin.com/company/molex,莫仕股份有限公司,us_wide_B_othertag,US
https://www.linkedin.com/in/timingold,Tim Ingold,Tim,Ingold,Director of Marketing Enablement & Operations,3,US,2020-12-01,https://www.linkedin.com/company/molex,莫仕股份有限公司,us_wide_B_othertag,US
https://www.linkedin.com/in/melissa-gamboa-8119305,Melissa Gamboa,Melissa,Gamboa,Distribution Strategic Marketing Manager -  AME,1,US,2024-08-01,https://www.linkedin.com/company/molex,莫仕股份有限公司,us_wide_B_othertag,US
https://www.linkedin.com/in/cory-gross-52b01b6,Cory Gross,Cory,Gross,Director of Sales and Marketing - Aerospace,3,US,2023-01-01,https://www.linkedin.com/company/sensata-technologies,森萨塔科技,us_wide_A_vertical,US
https://www.linkedin.com/in/leila-beardsmore,Leila (Briem) Beardsmore,Leila,(Briem) Beardsmore,Senior Marketing Communications Manager,2,US,2024-03-01,https://www.linkedin.com/company/sensata-technologies,森萨塔科技,us_wide_A_vertical,US
https://www.linkedin.com/in/adithi-murthy-b72a0baa,Adithi Murthy,Adithi,Murthy,"Director, Segment Marketing and Pricing",3,US,2025-08-01,https://www.linkedin.com/company/sensata-technologies,森萨塔科技,us_wide_A_vertical,US
https://www.linkedin.com/in/bkiezunpmp,-,-,-,Group Manager Networking Program Team,1,US,2025-08-01,https://www.linkedin.com/company/molex,莫仕股份有限公司,us_wide_B_othertag,US
https://www.linkedin.com/in/chad-jameson-27606210,Chad Jameson,Chad,Jameson,Director of Product Marketing,3,US,2010-06-01,https://www.linkedin.com/company/molex,莫仕股份有限公司,us_wide_B_othertag,US
https://www.linkedin.com/in/ashley-quinlan,Ashley Quinlan,Ashley,Quinlan,VP Global Marketing,3,US,2026-01-01,https://www.linkedin.com/company/molex,莫仕股份有限公司,us_wide_B_othertag,US
https://www.linkedin.com/in/jlintner,Jen Corba,Jen,Corba,"Strategic Marketing Manager, Global Distribution & AME Sales",1,US,-,https://www.linkedin.com/company/molex,莫仕股份有限公司,us_wide_B_othertag,US
https://www.linkedin.com/in/jens-waldm%c3%bcller-045b09156,Jens Waldmüller,Jens,Waldmüller,Senior Manager – Business Development Europe | In-Vehicle Networking,1,DE,2026-01-01,https://www.linkedin.com/company/molex,莫仕股份有限公司,us_wide_B_othertag,US
https://www.linkedin.com/in/zach-r-bradford,Zach Bradford,Zach,Bradford,VP of Sales and Marketing for the Americas,3,US,2023-01-01,https://www.linkedin.com/company/molex,莫仕股份有限公司,us_wide_B_othertag,US
