linkedin_url,full_name,first_name,last_name,current_title,persona_tier,person_country,role_start_date,company_name,company_linkedin_url,company_domain,company_tier,vertical,source
https://www.linkedin.com/in/scott-maurer-2ab74318,Scott Maurer,Scott,Maurer,Regional Channel Sales Manager,T2_marketing_communications,US,-,"SPX Cooling Tech, LLC",https://www.linkedin.com/company/spx-cooling-technologies,spxcooling.com,A_verified_50plus,hvac,2026-09-28-leads.csv (Blitz)
https://www.linkedin.com/in/lopezrl,Richard Lopez,Richard,Lopez,Network Manager,T1_channel_dealer_owner,US,-,"PSG, a Dover company",https://www.linkedin.com/company/the-pump-solutions-group,ow.ly,B_dealer_channel_size_unconfirmed,flow_hydraulics,Blitz employee-finder UK/EU+US pull 2026-10-02
https://www.linkedin.com/in/jeremyjohnsonmba,Jeremy Johnson,Jeremy,Johnson,Marketing & Communications Manager,T2_marketing_communications,US,2025-03-01,"PSG, a Dover company",https://www.linkedin.com/company/the-pump-solutions-group,ow.ly,B_dealer_channel_size_unconfirmed,flow_hydraulics,Blitz employee-finder UK/EU+US pull 2026-10-02
https://www.linkedin.com/in/tarynkamita,Taryn Kamita,Taryn,Kamita,Marketing Communications Manager,T2_marketing_communications,US,2025-03-01,"PSG, a Dover company",https://www.linkedin.com/company/the-pump-solutions-group,ow.ly,B_dealer_channel_size_unconfirmed,flow_hydraulics,Blitz employee-finder UK/EU+US pull 2026-10-02
https://www.linkedin.com/in/diegovicentin,Diego Vicentin,Diego,Vicentin,National Accounts & Vertical Segment Manager – Data Center Customers & Channel Development,T1_channel_dealer_owner,US,-,Daikin Applied Americas,https://www.linkedin.com/company/daikin-applied,daikinapplied.com,B_dealer_channel_size_unconfirmed,hvac,2026-09-28-leads.csv (Blitz)
https://www.linkedin.com/in/s-t-chin-a5b6b246,S.T. Chin,S.T.,Chin,"COO / VP, AP Business Unit (Daikin Taiwan Distributor)",T2_marketing_communications,US,-,Daikin Applied Americas,https://www.linkedin.com/company/daikin-applied,daikinapplied.com,B_dealer_channel_size_unconfirmed,hvac,2026-09-28-leads.csv (Blitz)
https://www.linkedin.com/in/danehenderson,Dane Henderson,Dane,Henderson,Channel Marketing Specialist,T2_marketing_communications,US,-,Daikin Applied Americas,https://www.linkedin.com/company/daikin-applied,daikinapplied.com,B_dealer_channel_size_unconfirmed,hvac,2026-09-28-leads.csv (Blitz)
https://www.linkedin.com/in/neilparkertx,Neil Parker,Neil,Parker,Director Channel Marketing,T1_channel_dealer_owner,US,2025-10-01,ATW,https://www.linkedin.com/company/atw1,atw.com,A_verified_50plus,trailers,Blitz employee-finder US-wide pull 2026-10-02
https://www.linkedin.com/in/mark-sawicki-165238b,Mark Sawicki,Mark,Sawicki,Sr. Director of Product Management and Channel Marketing,T1_channel_dealer_owner,US,2025-05-01,ATW,https://www.linkedin.com/company/atw1,atw.com,A_verified_50plus,trailers,Blitz employee-finder US-wide pull 2026-10-02
https://www.linkedin.com/in/c%c3%a9cile-rousseau-9668391a,Cécile Rousseau,Cécile,Rousseau,Responsable marketing et communication,T2_marketing_communications,FR,2014-09-01,Groupe Nadia,https://www.linkedin.com/company/groupe-nadia-fr,groupe-nadia.com,B_dealer_channel_size_unconfirmed,construction_ag,Blitz employee-finder UK/EU+US pull 2026-10-02
https://www.linkedin.com/in/kayleelapp,Kaylee Lapp,Kaylee,Lapp,Director of Marketing & Communications,T2_marketing_communications,US,2026-01-01,Steffes,https://www.linkedin.com/company/steffes-corporation,steffes.com,B_dealer_channel_size_unconfirmed,hvac,Blitz employee-finder UK/EU+US pull 2026-10-02
https://www.linkedin.com/in/olivier-bayard-4a35a82,Olivier Bayard,Olivier,Bayard,Network Manager,T1_channel_dealer_owner,FR,2000-01-01,LaCie,https://www.linkedin.com/company/lacie,lacie.com,B_dealer_channel_size_unconfirmed,none,Blitz employee-finder US-wide pull 2026-10-02
https://www.linkedin.com/in/katie-weiler-81837211,Katie Weiler,Katie,Weiler,Channel Marketing Specialist,T2_marketing_communications,US,-,Hydraforce Inc,https://www.linkedin.com/company/hydraforce-inc-,hydraforce.com,B_dealer_channel_size_unconfirmed,flow_hydraulics,2026-09-28-leads.csv (Blitz)
https://www.linkedin.com/in/daniel-cristo-66031843,Daniel Cristo,Daniel,Cristo,Region Channel Sales Manager,T2_marketing_communications,-,-,Hydraforce Inc,https://www.linkedin.com/company/hydraforce-inc-,hydraforce.com,B_dealer_channel_size_unconfirmed,flow_hydraulics,2026-09-28-leads.csv (Blitz)
https://www.linkedin.com/in/austin-kelley-593611126,Austin Kelley,Austin,Kelley,Director of Marketing,T3_marketing_leader_fallback,US,2025-01-01,Tiffin Motorhomes,https://www.linkedin.com/company/tiffin-motorhomes,tiffinmotorhomes.com,A_verified_50plus,rv,Blitz employee-finder UK/EU+US pull 2026-10-02
https://www.linkedin.com/in/rosa-guy,Guy ROSA,Guy,ROSA,Sales Planning Manager for EMEA Service Network,T1_channel_dealer_owner,BE,2022-03-01,Daikin Europe,https://www.linkedin.com/company/daikin-europe-nv,daikin.eu,A_verified_50plus,hvac,Blitz employee-finder UK/EU+US pull 2026-10-02
https://www.linkedin.com/in/don-sharp,Don Sharp,Don,Sharp,Channel Business Development Manager,T1_channel_dealer_owner,US,2024-07-01,80/20 LLC,https://www.linkedin.com/company/80-20-llc,8020.net,B_dealer_channel_size_unconfirmed,material_handling,Blitz employee-finder UK/EU+US pull 2026-10-02
https://www.linkedin.com/in/burt-coats-6aa18315,Burt Coats,Burt,Coats,Channel Sales Manager,T2_marketing_communications,US,-,80/20 LLC,https://www.linkedin.com/company/80-20-llc,8020.net,B_dealer_channel_size_unconfirmed,material_handling,2026-09-28-leads.csv (Blitz)
https://www.linkedin.com/in/katiemariehart,Katie Hart,Katie,Hart,Channel Marketing Manager,T1_channel_dealer_owner,US,2025-08-01,Fortune Brands Innovations,https://www.linkedin.com/company/fortune-brands-innovations,fbin.com,B_dealer_channel_size_unconfirmed,none,Blitz employee-finder US-wide pull 2026-10-02
https://www.linkedin.com/in/kyle-huff,Kyle H.,Kyle,H.,"Moen - Channel Marketing Manager, Strategic Accounts & Buying Groups",T1_channel_dealer_owner,US,2025-09-01,Fortune Brands Innovations,https://www.linkedin.com/company/fortune-brands-innovations,fbin.com,B_dealer_channel_size_unconfirmed,none,Blitz employee-finder US-wide pull 2026-10-02
https://www.linkedin.com/in/veronica-michelle-storozhev-mba,"Veronica Michelle Storozhev, MBA",Veronica Michelle,"Storozhev, MBA",Channel Marketing Manager,T1_channel_dealer_owner,US,2025-09-01,Fortune Brands Innovations,https://www.linkedin.com/company/fortune-brands-innovations,fbin.com,B_dealer_channel_size_unconfirmed,none,Blitz employee-finder US-wide pull 2026-10-02
https://www.linkedin.com/in/kirstencorssen,Kirsten Corssen,Kirsten,Corssen,Director of Marketing and Dealer Relations,T1_channel_dealer_owner,US,2023-08-01,Sea Pro Boats,https://www.linkedin.com/company/sea-pro-boats-llc,seapromfg.com,A_verified_50plus,none,Blitz employee-finder US-wide pull 2026-10-02
https://www.linkedin.com/in/andrew-christopher-4516151,Andrew Christopher,Andrew,Christopher,"Vice President, Dealer Development",T1_channel_dealer_owner,US,2023-06-01,WIRTGEN GROUP,https://www.linkedin.com/company/wirtgen-group,wirtgen-group.com,A_verified_50plus,construction_ag,Blitz employee-finder UK/EU+US pull 2026-10-02
https://www.linkedin.com/in/kanan-samadov-6225a121,Kanan Samadov,Kanan,Samadov,Manager Regional Business and Dealer Development,T1_channel_dealer_owner,DE,2026-01-01,WIRTGEN GROUP,https://www.linkedin.com/company/wirtgen-group,wirtgen-group.com,A_verified_50plus,construction_ag,Blitz employee-finder UK/EU+US pull 2026-10-02
https://www.linkedin.com/in/matthew-graves-860a04102,Matthew Graves,Matthew,Graves,Director Of Marketing Communications,T2_marketing_communications,US,2017-11-01,WIRTGEN GROUP,https://www.linkedin.com/company/wirtgen-group,wirtgen-group.com,A_verified_50plus,construction_ag,Blitz employee-finder UK/EU+US pull 2026-10-02
https://www.linkedin.com/in/john-rylee-3695503,John Rylee,John,Rylee,Director of Global Marketing,T3_marketing_leader_fallback,US,-,Rotary By Rotary Solutions,https://www.linkedin.com/company/rotaryshopequipment,rotarysolutions.com,B_dealer_channel_size_unconfirmed,flow_hydraulics,Blitz employee-finder UK/EU+US pull 2026-10-02
https://www.linkedin.com/in/kristi-harris-5013a192,Kristi Harris,Kristi,Harris,Director of Marketing,T3_marketing_leader_fallback,US,2016-02-01,LeeBoy,https://www.linkedin.com/company/leeboy,leeboy.com,B_dealer_channel_size_unconfirmed,construction_ag,Blitz employee-finder UK/EU+US pull 2026-10-02
https://www.linkedin.com/in/alexandrahrehus,Alexandra Hrehus,Alexandra,Hrehus,"Manager, Global Marketing Communications",T2_marketing_communications,HU,2023-04-01,The Carlstar Group,https://www.linkedin.com/company/the-carlstar-group,carlstargroup.com,B_dealer_channel_size_unconfirmed,trailers,Blitz employee-finder US-wide pull 2026-10-02
https://www.linkedin.com/in/mike-caggiano-b70aba17,Mike Caggiano,Mike,Caggiano,Director Sales and Marketing,T3_marketing_leader_fallback,US,-,The Carlstar Group,https://www.linkedin.com/company/the-carlstar-group,carlstargroup.com,B_dealer_channel_size_unconfirmed,trailers,Blitz employee-finder US-wide pull 2026-10-02
https://www.linkedin.com/in/marccoudeyre,"Marc Coudeyre, MBA, CSPO (Agile)",Marc,"Coudeyre, MBA, CSPO (Agile)",Senior Marketing Communications Manager,T2_marketing_communications,US,2022-10-01,AMETEK MOCON,https://www.linkedin.com/company/mocon,ametekmocon.com,B_dealer_channel_size_unconfirmed,none,Blitz employee-finder US-wide pull 2026-10-02
https://www.linkedin.com/in/tim-schiffbauer-55750123,Tim Schiffbauer,Tim,Schiffbauer,Channel Marketing Manager,T1_channel_dealer_owner,US,-,Sloan,https://www.linkedin.com/company/sloan-valve-company,sloan.com,A_verified_50plus,none,Blitz employee-finder US-wide pull 2026-10-02
https://www.linkedin.com/in/alison-heitman,Alison Heitman,Alison,Heitman,Director of Global Marketing Communications,T2_marketing_communications,US,2019-09-01,Sloan,https://www.linkedin.com/company/sloan-valve-company,sloan.com,A_verified_50plus,none,Blitz employee-finder US-wide pull 2026-10-02
https://www.linkedin.com/in/stephenshock,-,-,-,Dealer Sales and Marketing Enablement Leader,T1_channel_dealer_owner,US,2025-08-01,Toyota Material Handling North America,https://www.linkedin.com/company/toyota-material-handling-north-america,-,A_verified_50plus,material_handling,Blitz employee-finder UK/EU+US pull 2026-10-02
https://www.linkedin.com/in/tim-ballard66,Tim Ballard,Tim,Ballard,Dealer Development Manager,T1_channel_dealer_owner,-,-,Toyota Material Handling North America,https://www.linkedin.com/company/toyota-material-handling-north-america,-,A_verified_50plus,material_handling,2026-09-28-leads.csv (Blitz)
https://www.linkedin.com/in/avidrosenberg,Stephen Rosenberg,Stephen,Rosenberg,Director of Marketing & Communications,T2_marketing_communications,US,2025-08-01,Toyota Material Handling North America,https://www.linkedin.com/company/toyota-material-handling-north-america,-,A_verified_50plus,material_handling,Blitz employee-finder UK/EU+US pull 2026-10-02
https://www.linkedin.com/in/sam-fedewa-535a593,Sam Fedewa,Sam,Fedewa,Sr Director Channel Marketing,T1_channel_dealer_owner,US,2025-09-01,"Apex Tool Group, LLC",https://www.linkedin.com/company/apex-tool-group-llc,apextoolgroup.com,B_dealer_channel_size_unconfirmed,power_equipment,Blitz employee-finder US-wide pull 2026-10-02
https://www.linkedin.com/in/jacob-oehler-33bb55130,Jacob Oehler,Jacob,Oehler,Channel Marketing Manager,T1_channel_dealer_owner,US,2023-07-01,"Apex Tool Group, LLC",https://www.linkedin.com/company/apex-tool-group-llc,apextoolgroup.com,B_dealer_channel_size_unconfirmed,power_equipment,Blitz employee-finder US-wide pull 2026-10-02
https://www.linkedin.com/in/khnola,Kyle Herndon,Kyle,Herndon,"Manager, Network and Telecom Infrastructure",T1_channel_dealer_owner,US,2022-09-01,"Apex Tool Group, LLC",https://www.linkedin.com/company/apex-tool-group-llc,apextoolgroup.com,B_dealer_channel_size_unconfirmed,power_equipment,Blitz employee-finder US-wide pull 2026-10-02
https://www.linkedin.com/in/denmarkreed,Denmark Reed,Denmark,Reed,"Business Development Manager, Strategic Partnerships",T1_channel_dealer_owner,US,2025-11-01,Hubbell Incorporated,https://www.linkedin.com/company/hubbellincorporated,hubbell.com,B_dealer_channel_size_unconfirmed,none,Blitz employee-finder US-wide pull 2026-10-02
https://www.linkedin.com/in/nancytalley,Nancy Talley,Nancy,Talley,"Manager, Marketing Communications",T2_marketing_communications,US,2021-01-01,Hubbell Incorporated,https://www.linkedin.com/company/hubbellincorporated,hubbell.com,B_dealer_channel_size_unconfirmed,none,Blitz employee-finder US-wide pull 2026-10-02
https://www.linkedin.com/in/annelaureleroyer,Anne-Laure Leroyer,Anne-Laure,Leroyer,Senior Director of Marketing Communications,T2_marketing_communications,US,2021-01-01,Hubbell Incorporated,https://www.linkedin.com/company/hubbellincorporated,hubbell.com,B_dealer_channel_size_unconfirmed,none,Blitz employee-finder US-wide pull 2026-10-02
https://www.linkedin.com/in/andrew-h-a24222ab,Andrew H.,Andrew,H.,Director of Growth and Marketing,T3_marketing_leader_fallback,US,2022-06-01,"Etnyre International, Ltd",https://www.linkedin.com/company/etnyre-international-ltd,etnyreinternational.com,B_dealer_channel_size_unconfirmed,construction_ag,Blitz employee-finder UK/EU+US pull 2026-10-02
https://www.linkedin.com/in/juliemeckley,Julie Meckley,Julie,Meckley,"Director, Channel Marketing",T1_channel_dealer_owner,US,2026-03-01,"Chervon North America, Inc",https://www.linkedin.com/company/chervon-north-america,chervongroup.com,B_dealer_channel_size_unconfirmed,power_equipment,Blitz employee-finder US-wide pull 2026-10-02
https://www.linkedin.com/in/gina-vaskovsky-69039ba0,Gina Vaskovsky,Gina,Vaskovsky,Channel Marketing Manager,T1_channel_dealer_owner,US,2026-02-01,"Chervon North America, Inc",https://www.linkedin.com/company/chervon-north-america,chervongroup.com,B_dealer_channel_size_unconfirmed,power_equipment,Blitz employee-finder US-wide pull 2026-10-02
https://www.linkedin.com/in/jason-kiefer-29717654,Jason Kiefer,Jason,Kiefer,Channel Marketing Manager,T1_channel_dealer_owner,US,2023-07-01,"Chervon North America, Inc",https://www.linkedin.com/company/chervon-north-america,chervongroup.com,B_dealer_channel_size_unconfirmed,power_equipment,Blitz employee-finder US-wide pull 2026-10-02
https://www.linkedin.com/in/mario-m-1329b39,Mario M.,Mario,M.,Dealer Development Manager,T1_channel_dealer_owner,US,2018-01-01,Watkins Wellness,https://www.linkedin.com/company/watkins-wellness,watkinswellness.com,A_verified_50plus,none,Blitz employee-finder US-wide pull 2026-10-02
https://www.linkedin.com/in/laurenbrammell,Lauren Brammell,Lauren,Brammell,Director of Brand and Channel Strategy - Omnichannel,T1_channel_dealer_owner,US,2026-04-01,Watkins Wellness,https://www.linkedin.com/company/watkins-wellness,watkinswellness.com,A_verified_50plus,none,Blitz employee-finder US-wide pull 2026-10-02
https://www.linkedin.com/in/deena-rudden,Deena Rudden,Deena,Rudden,"Marketing Manager, Omni-Channel",T1_channel_dealer_owner,US,2023-11-01,Watkins Wellness,https://www.linkedin.com/company/watkins-wellness,watkinswellness.com,A_verified_50plus,none,Blitz employee-finder US-wide pull 2026-10-02
https://www.linkedin.com/in/cynthia-wong-mogford-32013a2,Cynthia Wong Mogford,Cynthia,Wong Mogford,Director of Marketing Communications,T2_marketing_communications,US,2005-01-01,IPG,https://www.linkedin.com/company/intertape-polymer-group,itape.com,B_dealer_channel_size_unconfirmed,none,Blitz employee-finder US-wide pull 2026-10-02
https://www.linkedin.com/in/jasonfisherthefishtank,Jason F.,Jason,F.,Vice President of Marketing & Client Service,T3_marketing_leader_fallback,US,2022-01-01,IPG,https://www.linkedin.com/company/intertape-polymer-group,itape.com,B_dealer_channel_size_unconfirmed,none,Blitz employee-finder US-wide pull 2026-10-02
https://www.linkedin.com/in/shawnnelsonipg,Shawn P. Nelson,Shawn P.,Nelson,SVP Sales & Marketing,T3_marketing_leader_fallback,US,1995-08-01,IPG,https://www.linkedin.com/company/intertape-polymer-group,itape.com,B_dealer_channel_size_unconfirmed,none,Blitz employee-finder US-wide pull 2026-10-02
https://www.linkedin.com/in/jessica-liu0111a,Jessica Liu,Jessica,Liu,AI Development Co-op,T2_marketing_communications,CA,-,"Hurco Companies, Inc.",https://www.linkedin.com/company/hurco-companies-inc-,hurco.com,B_dealer_channel_size_unconfirmed,construction_ag,2026-09-28-leads.csv (Blitz)
https://www.linkedin.com/in/clarissa-goffinski-3bb9838,Clarissa Goffinski,Clarissa,Goffinski,"Director, Strategic Marketing & Business Development",T3_marketing_leader_fallback,US,2025-02-01,"Hurco Companies, Inc.",https://www.linkedin.com/company/hurco-companies-inc-,hurco.com,B_dealer_channel_size_unconfirmed,construction_ag,Blitz employee-finder UK/EU+US pull 2026-10-02
https://www.linkedin.com/in/cory-mahn-1972a67,Cory Mahn,Cory,Mahn,Channel Partner Program Manager,T1_channel_dealer_owner,US,2025-09-01,TMEIC,https://www.linkedin.com/company/tmeic,tmeic.com,B_dealer_channel_size_unconfirmed,power_equipment,Blitz employee-finder UK/EU+US pull 2026-10-02
https://www.linkedin.com/in/scott-baker-3bb6262,Scott Baker,Scott,Baker,Sales Manager - Channel Partners,T2_marketing_communications,US,-,TMEIC,https://www.linkedin.com/company/tmeic,tmeic.com,B_dealer_channel_size_unconfirmed,power_equipment,2026-09-28-leads.csv (Blitz)
https://www.linkedin.com/in/joe-crilly-741079a,Joe Crilly,Joe,Crilly,Sales Manager- Channel Partners- Eastern US,T2_marketing_communications,US,-,TMEIC,https://www.linkedin.com/company/tmeic,tmeic.com,B_dealer_channel_size_unconfirmed,power_equipment,2026-09-28-leads.csv (Blitz)
https://www.linkedin.com/in/marcallocca,Marc Allocca,Marc,Allocca,"Global Marketing & Communications Director, BU Nord-Lock",T2_marketing_communications,DE,2023-02-01,Nord-Lock Group,https://www.linkedin.com/company/nordlockgroup,nord-lock.com,B_dealer_channel_size_unconfirmed,none,Blitz employee-finder UK/EU+US pull 2026-10-02
https://www.linkedin.com/in/malin-ringvall,Malin Ringvall,Malin,Ringvall,Group Marketing & Communications Director,T2_marketing_communications,SE,2025-04-01,Nord-Lock Group,https://www.linkedin.com/company/nordlockgroup,nord-lock.com,B_dealer_channel_size_unconfirmed,none,Blitz employee-finder UK/EU+US pull 2026-10-02
https://www.linkedin.com/in/karabayer,Kara Bayer,Kara,Bayer,Marketing & Communications Manager,T2_marketing_communications,US,2022-03-01,Nord-Lock Group,https://www.linkedin.com/company/nordlockgroup,nord-lock.com,B_dealer_channel_size_unconfirmed,none,Blitz employee-finder UK/EU+US pull 2026-10-02
https://www.linkedin.com/in/mimiqzhang,Mimi Zhang,Mimi,Zhang,"Director, Product Management, Networked Solutions",T1_channel_dealer_owner,US,2019-03-01,"Itron, Inc.",https://www.linkedin.com/company/itroninc,itron.com,A_verified_50plus,power_equipment,Blitz employee-finder US-wide pull 2026-10-02
https://www.linkedin.com/in/robmcmahon,Rob McMahon,Rob,McMahon,Director of Product Management - Networking Technologies,T1_channel_dealer_owner,US,2014-11-01,"Itron, Inc.",https://www.linkedin.com/company/itroninc,itron.com,A_verified_50plus,power_equipment,Blitz employee-finder US-wide pull 2026-10-02
https://www.linkedin.com/in/katie-mcshane-84741b10b,Katie McShane,Katie,McShane,Senior Services Partner Manager / Sr. Program Manager- EMEA,T1_channel_dealer_owner,GB,2024-05-01,"Itron, Inc.",https://www.linkedin.com/company/itroninc,itron.com,A_verified_50plus,power_equipment,Blitz employee-finder US-wide pull 2026-10-02
https://www.linkedin.com/in/ben-smith-8868b676,Ben Smith,Ben,Smith,Senior Channel Marketing Manager - Specification,T1_channel_dealer_owner,GB,2025-01-01,Kohler Mira Ltd.,https://www.linkedin.com/company/kohler-mira-ltd,mirashowers.co.uk,B_dealer_channel_size_unconfirmed,flow_hydraulics,Blitz employee-finder UK/EU+US pull 2026-10-02
https://www.linkedin.com/in/barry-scanlon-672366b8,Barry Scanlon,Barry,Scanlon,Senior Channel Marketing Manager - Specification,T1_channel_dealer_owner,GB,-,Kohler Mira Ltd.,https://www.linkedin.com/company/kohler-mira-ltd,mirashowers.co.uk,B_dealer_channel_size_unconfirmed,flow_hydraulics,Blitz employee-finder UK/EU+US pull 2026-10-02
https://www.linkedin.com/in/ben-smith-0bab46281,Ben Smith,Ben,Smith,Channel Marketing Manager,T1_channel_dealer_owner,GB,-,Kohler Mira Ltd.,https://www.linkedin.com/company/kohler-mira-ltd,mirashowers.co.uk,B_dealer_channel_size_unconfirmed,flow_hydraulics,Blitz employee-finder UK/EU+US pull 2026-10-02
https://www.linkedin.com/in/kristie-carino-99461641,Kristie Carino,Kristie,Carino,Dealer & Distributor Program Manager Webasto Americas,T1_channel_dealer_owner,US,2024-01-01,Webasto Americas,https://www.linkedin.com/company/webastoamericas,webasto.com,A_verified_50plus,hvac,Blitz employee-finder UK/EU+US pull 2026-10-02
https://www.linkedin.com/in/marc-kirsten-9158134,Marc Kirsten,Marc,Kirsten,Senior Marketing Communications Manager,T2_marketing_communications,US,2020-07-01,Webasto Americas,https://www.linkedin.com/company/webastoamericas,webasto.com,A_verified_50plus,hvac,Blitz employee-finder UK/EU+US pull 2026-10-02
https://www.linkedin.com/in/kevin-o-brien-154a78,Kevin O'Brien,Kevin,O'Brien,"Program Manager, Europe Distribution",T1_channel_dealer_owner,US,2012-01-01,Swagelok,https://www.linkedin.com/company/swagelok,swagelok.com,B_dealer_channel_size_unconfirmed,flow_hydraulics,Blitz employee-finder UK/EU+US pull 2026-10-02
https://www.linkedin.com/in/amy-e-johns,Amy Johns,Amy,Johns,"Senior Manager, Marketing Communications and Global Brand",T2_marketing_communications,US,2025-10-01,Swagelok,https://www.linkedin.com/company/swagelok,swagelok.com,B_dealer_channel_size_unconfirmed,flow_hydraulics,Blitz employee-finder UK/EU+US pull 2026-10-02
https://www.linkedin.com/in/darcy-tizzano-25446532,Darcy Tizzano,Darcy,Tizzano,Integrated Marketing Communications Manager,T2_marketing_communications,US,2023-01-01,Swagelok,https://www.linkedin.com/company/swagelok,swagelok.com,B_dealer_channel_size_unconfirmed,flow_hydraulics,Blitz employee-finder UK/EU+US pull 2026-10-02
https://www.linkedin.com/in/haley-adams-batchelor-b9a71915,Haley Adams Batchelor,Haley,Adams Batchelor,"Manager, Aftersales Marketing and Dealer Engagement",T1_channel_dealer_owner,US,2025-12-01,Hyster-Yale Materials Handling,https://www.linkedin.com/company/hyster-yale-group,hyster-yale.com,B_dealer_channel_size_unconfirmed,material_handling,Blitz employee-finder UK/EU+US pull 2026-10-02
https://www.linkedin.com/in/joseph-jay-costello-8125211,Joseph (Jay) Costello,Joseph (Jay),Costello,"Director, Dealer Marketing",T1_channel_dealer_owner,US,1973-08-01,Hyster-Yale Materials Handling,https://www.linkedin.com/company/hyster-yale-group,hyster-yale.com,B_dealer_channel_size_unconfirmed,material_handling,Blitz employee-finder UK/EU+US pull 2026-10-02
https://www.linkedin.com/in/josie-fox-45133642,Josie Fox,Josie,Fox,Dealer Marketing Manager  - EMEA,T1_channel_dealer_owner,GB,2022-01-01,Hyster-Yale Materials Handling,https://www.linkedin.com/company/hyster-yale-group,hyster-yale.com,B_dealer_channel_size_unconfirmed,material_handling,Blitz employee-finder UK/EU+US pull 2026-10-02
https://www.linkedin.com/in/cindy-shi-87632326,Cindy Shi,Cindy,Shi,"Marketing Manager, BU Port Services, Global (Head of Business Unit Marketing & Communications)",T2_marketing_communications,FI,2018-05-01,Konecranes,https://www.linkedin.com/company/konecranes,konecranes.com,A_verified_50plus,material_handling,Blitz employee-finder UK/EU+US pull 2026-10-02
https://www.linkedin.com/in/tamaraordieres,Tamara Viña Ordieres,Tamara,Viña Ordieres,"Marketing & Communication Manager, EMEA South",T2_marketing_communications,ES,2024-10-01,Konecranes,https://www.linkedin.com/company/konecranes,konecranes.com,A_verified_50plus,material_handling,Blitz employee-finder UK/EU+US pull 2026-10-02
https://www.linkedin.com/in/suhonenniina,Niina Suhonen,Niina,Suhonen,"Vice President, Brand & Communications",T2_marketing_communications,FI,2020-09-01,Konecranes,https://www.linkedin.com/company/konecranes,konecranes.com,A_verified_50plus,material_handling,Blitz employee-finder UK/EU+US pull 2026-10-02
https://www.linkedin.com/in/shelly-boyd-fairless-b27a4274,Shelly Boyd-Fairless,Shelly,Boyd-Fairless,Marketing Communications Manager,T2_marketing_communications,US,2022-08-01,Addison HVAC,https://www.linkedin.com/company/addison-hvac,addison-hvac.com,B_dealer_channel_size_unconfirmed,hvac,Blitz employee-finder UK/EU+US pull 2026-10-02
https://www.linkedin.com/in/evie-sibert,Evie Sibert,Evie,Sibert,Director of Marketing,T3_marketing_leader_fallback,US,2022-01-01,Addison HVAC,https://www.linkedin.com/company/addison-hvac,addison-hvac.com,B_dealer_channel_size_unconfirmed,hvac,Blitz employee-finder UK/EU+US pull 2026-10-02
https://www.linkedin.com/in/sophie-biraud-pcm,Sophie BIRAUD (GRUET),Sophie,BIRAUD (GRUET),Head of Marketing & Communications - PCM Group - Comex,T2_marketing_communications,FR,-,PCM,https://www.linkedin.com/company/pcm_6,pcm.eu,B_dealer_channel_size_unconfirmed,flow_hydraulics,Blitz employee-finder UK/EU+US pull 2026-10-02
https://www.linkedin.com/in/bernd-dieter-walter,Bernd Walter,Bernd,Walter,Department Manager Marketing & Communications,T2_marketing_communications,AT,2023-01-01,KOMPTECH GmbH,https://www.linkedin.com/company/komptech-gmbh,komptech.com,B_dealer_channel_size_unconfirmed,none,Blitz employee-finder UK/EU+US pull 2026-10-02
https://www.linkedin.com/in/emmanueletienne1,Emmanuel ETIENNE,Emmanuel,ETIENNE,DISTRIBUTION NETWORK REGIONAL MANAGER – CENTRAL EUROPE,T1_channel_dealer_owner,FR,2020-01-01,Logisnext Europe,https://www.linkedin.com/company/logisnext-europe,logisnext.eu,B_dealer_channel_size_unconfirmed,material_handling,Blitz employee-finder UK/EU+US pull 2026-10-02
https://www.linkedin.com/in/monicaescutia,Monica Escutia,Monica,Escutia,Director Corporate and Marketing Communications,T2_marketing_communications,NL,2020-10-01,Logisnext Europe,https://www.linkedin.com/company/logisnext-europe,logisnext.eu,B_dealer_channel_size_unconfirmed,material_handling,Blitz employee-finder UK/EU+US pull 2026-10-02
https://www.linkedin.com/in/marijn-nijhof-4492133,Marijn Nijhof,Marijn,Nijhof,Senior Marketing Communications Manager EU AME/CIS,T2_marketing_communications,NL,2023-01-01,Logisnext Europe,https://www.linkedin.com/company/logisnext-europe,logisnext.eu,B_dealer_channel_size_unconfirmed,material_handling,Blitz employee-finder UK/EU+US pull 2026-10-02
https://www.linkedin.com/in/andresbarrenechea,Andres (Andy) Barrenechea,Andres (Andy),Barrenechea,"Senior Director, Channel Marketing & Sales Operations",T1_channel_dealer_owner,US,2024-09-01,CSW Industrials Inc.,https://www.linkedin.com/company/cswindustrials,cswindustrials.com,B_dealer_channel_size_unconfirmed,hvac,Blitz employee-finder US-wide pull 2026-10-02
https://www.linkedin.com/in/david-minor-b7a4b38,David Minor,David,Minor,VP - National Retail & Marketing,T3_marketing_leader_fallback,US,2015-06-01,Basalite Concrete Products,https://www.linkedin.com/company/basalite,basalite.com,B_dealer_channel_size_unconfirmed,construction_ag,Blitz employee-finder UK/EU+US pull 2026-10-02
https://www.linkedin.com/in/zachcaudle,Zach Caudle,Zach,Caudle,"Senior Manager, Head of Channel and Trade Marketing",T1_channel_dealer_owner,US,2024-04-01,Beretta USA,https://www.linkedin.com/company/beretta-usa,beretta.com,B_dealer_channel_size_unconfirmed,none,Blitz employee-finder US-wide pull 2026-10-02
https://www.linkedin.com/in/enricomaso,Enrico Maso,Enrico,Maso,VP Marketing & Customer Success,T3_marketing_leader_fallback,US,2025-08-01,Beretta USA,https://www.linkedin.com/company/beretta-usa,beretta.com,B_dealer_channel_size_unconfirmed,none,Blitz employee-finder US-wide pull 2026-10-02
https://www.linkedin.com/in/gfmonticello,George Monticello,George,Monticello,Channel Marketing Manager,T1_channel_dealer_owner,US,2025-09-01,Bullard,https://www.linkedin.com/company/bullard,bullard.com,B_dealer_channel_size_unconfirmed,power_equipment,Blitz employee-finder US-wide pull 2026-10-02
https://www.linkedin.com/in/toddlloyd99,Todd Lloyd,Todd,Lloyd,Director of Americas Marketing & Sales,T3_marketing_leader_fallback,US,2025-11-01,Bullard,https://www.linkedin.com/company/bullard,bullard.com,B_dealer_channel_size_unconfirmed,power_equipment,Blitz employee-finder US-wide pull 2026-10-02
https://www.linkedin.com/in/rojorosingana,Sergio Rojo Rosingana,Sergio,Rojo Rosingana,Responsable de marketing y comunicación en España,T2_marketing_communications,ES,2018-06-01,Emak S.p.A.,https://www.linkedin.com/company/emak-s-p-a-,emak.it,B_dealer_channel_size_unconfirmed,power_equipment,Blitz employee-finder UK/EU+US pull 2026-10-02
https://www.linkedin.com/in/belma-tabak-h%c3%b6rnkvist,Belma Tabak Hörnkvist,Belma,Tabak Hörnkvist,Marketing Communication Manager,T2_marketing_communications,SE,2026-03-01,Kanthal,https://www.linkedin.com/company/kanthal,kanthal.com,A_verified_50plus,power_equipment,Blitz employee-finder UK/EU+US pull 2026-10-02
https://www.linkedin.com/in/jessica-boyer-b7b77138b,Jessica Boyer,Jessica,Boyer,Senior Brand Partnerships ManagerWhite Bear Lake,T1_channel_dealer_owner,US,-,Wilson Tool International,https://www.linkedin.com/company/wilson-tool-international,wilsontool.com,B_dealer_channel_size_unconfirmed,power_equipment,Prospeo /search-person 2026-10-07
https://www.linkedin.com/in/aaron-whitney-3076131a,Aaron Whitney,Aaron,Whitney,Dealer Development Specialist,T2_marketing_communications,US,-,"S&s Cycle, Inc",https://www.linkedin.com/company/sscycle,sscycle.com,B_dealer_channel_size_unconfirmed,power_equipment,2026-09-28-leads.csv (Blitz)
https://www.linkedin.com/in/jake-niehaus-057bb12a4,Jake Niehaus,Jake,Niehaus,S&S Cycle Product Development Co-op,T2_marketing_communications,US,-,"S&s Cycle, Inc",https://www.linkedin.com/company/sscycle,sscycle.com,B_dealer_channel_size_unconfirmed,power_equipment,2026-09-28-leads.csv (Blitz)
https://www.linkedin.com/in/giorgia-santinello-8a8a8a13b,Giorgia Santinello,Giorgia,Santinello,Product Marketing & Communication Manager,T2_marketing_communications,IT,2026-01-01,Enex Technologies,https://www.linkedin.com/company/enextechnologies,enextechnologies.com,B_dealer_channel_size_unconfirmed,hvac,Blitz employee-finder UK/EU+US pull 2026-10-02
https://www.linkedin.com/in/aixmarprato,Aixmar Prato,Aixmar,Prato,Corporate Marketing Communication & ESG Manager,T2_marketing_communications,IT,2026-01-01,Enex Technologies,https://www.linkedin.com/company/enextechnologies,enextechnologies.com,B_dealer_channel_size_unconfirmed,hvac,Blitz employee-finder UK/EU+US pull 2026-10-02
https://www.linkedin.com/in/szilardkelenfoldi,Szilard Kelenfoldi,Szilard,Kelenfoldi,Global IS - Network and Unified Communications Lead Engineer,T1_channel_dealer_owner,HU,2022-01-01,"Howden, A Chart Industries Company",https://www.linkedin.com/company/howden,howden.com,B_dealer_channel_size_unconfirmed,hvac,Blitz employee-finder UK/EU+US pull 2026-10-02
https://www.linkedin.com/in/j%c3%b6rg-k%c3%b6ster-6895a9205,Jörg Köster,Jörg,Köster,Business Development Manager EMEA materials + material handling; intrm. Leader Distribution DACH,T1_channel_dealer_owner,DE,2023-12-01,IMI Industrial Automation,https://www.linkedin.com/company/norgren,norgren.com,A_verified_50plus,flow_hydraulics,Blitz employee-finder UK/EU+US pull 2026-10-02
https://www.linkedin.com/in/jezashton,Jez Ashton,Jez,Ashton,Director of Digital & Marketing,T3_marketing_leader_fallback,GB,2024-01-01,IMI Industrial Automation,https://www.linkedin.com/company/norgren,norgren.com,A_verified_50plus,flow_hydraulics,Blitz employee-finder UK/EU+US pull 2026-10-02
https://www.linkedin.com/in/john-anderson-ba20536,John Anderson,John,Anderson,"Vice President of Sales, Marketing and Product Development",T3_marketing_leader_fallback,US,2023-10-01,IMI Industrial Automation,https://www.linkedin.com/company/norgren,norgren.com,A_verified_50plus,flow_hydraulics,Blitz employee-finder UK/EU+US pull 2026-10-02
https://www.linkedin.com/in/maciej-grabowski-501513129,Maciej Grabowski,Maciej,Grabowski,Bussiness Development Manager / Dealer Network Development Manager,T1_channel_dealer_owner,PL,2017-10-01,Dieci Official,https://www.linkedin.com/company/dieci-official,dieci.com,B_dealer_channel_size_unconfirmed,material_handling,Blitz employee-finder UK/EU+US pull 2026-10-02
https://www.linkedin.com/in/ryan-protter-a0130334,Ryan Protter,Ryan,Protter,National Distributor Development Manager,T1_channel_dealer_owner,US,-,Straightflo Valves From Atlas Copco,https://www.linkedin.com/company/zahroof-valves-inc-,atlascopco.com,B_dealer_channel_size_unconfirmed,flow_hydraulics,Prospeo /search-person 2026-10-07
https://www.linkedin.com/in/luigi-savastano-bb297131,Luigi Savastano,Luigi,Savastano,Business Development Manager Brand Portfolio Indirect Channel,T1_channel_dealer_owner,IT,-,Straightflo Valves From Atlas Copco,https://www.linkedin.com/company/zahroof-valves-inc-,atlascopco.com,B_dealer_channel_size_unconfirmed,flow_hydraulics,Prospeo /search-person 2026-10-07
https://www.linkedin.com/in/rob-countiss-b5393913,Rob Countiss,Rob,Countiss,"Director, Marketing & Business Development Americas",T3_marketing_leader_fallback,US,2021-01-01,AKG of America,https://www.linkedin.com/company/akgofamerica,akg-america.com,B_dealer_channel_size_unconfirmed,flow_hydraulics,Blitz employee-finder UK/EU+US pull 2026-10-02
https://www.linkedin.com/in/dianegeisler,Diane Geisler,Diane,Geisler,Director Strategic Product Marketing,T3_marketing_leader_fallback,US,2025-11-01,Clark-Reliance®,https://www.linkedin.com/company/clark-reliance-corporation,clarkreliance.com,B_dealer_channel_size_unconfirmed,flow_hydraulics,Blitz employee-finder UK/EU+US pull 2026-10-02
https://www.linkedin.com/in/mark-reitz-8b52987,Mark Reitz,Mark,Reitz,VP of Strategic Marketing and Product Management,T3_marketing_leader_fallback,US,2022-09-01,Clark-Reliance®,https://www.linkedin.com/company/clark-reliance-corporation,clarkreliance.com,B_dealer_channel_size_unconfirmed,flow_hydraulics,Blitz employee-finder UK/EU+US pull 2026-10-02
https://www.linkedin.com/in/joshua-clapper-3571337,Joshua Clapper,Joshua,Clapper,"Director - New Product Development, Product Marketing & Marketing Communications",T2_marketing_communications,US,-,Westlake Pipe & Fittings,https://www.linkedin.com/company/westlakepipe,westlakepipe.com,B_dealer_channel_size_unconfirmed,flow_hydraulics,Blitz employee-finder US-wide pull 2026-10-02
https://www.linkedin.com/in/jan-theulen-89116410,Jan Theulen,Jan,Theulen,Director CCUS Business Development & Partnerships,T1_channel_dealer_owner,NL,2025-04-01,Heidelberg Materials,https://www.linkedin.com/company/heidelbergmaterials,heidelbergmaterials.com,A_verified_50plus,construction_ag,Blitz employee-finder UK/EU+US pull 2026-10-02
https://www.linkedin.com/in/toby-knott-14697b5,Toby Knott,Toby,Knott,"Vice President, Sales and Marketing",T3_marketing_leader_fallback,US,2023-01-01,Heidelberg Materials,https://www.linkedin.com/company/heidelbergmaterials,heidelbergmaterials.com,A_verified_50plus,construction_ag,Blitz employee-finder UK/EU+US pull 2026-10-02
https://www.linkedin.com/in/koenraadstaels,Koenraad Staels,Koenraad,Staels,Head of Product & Marketing,T3_marketing_leader_fallback,BE,2025-01-01,Heidelberg Materials,https://www.linkedin.com/company/heidelbergmaterials,heidelbergmaterials.com,A_verified_50plus,construction_ag,Blitz employee-finder UK/EU+US pull 2026-10-02
https://www.linkedin.com/in/jaredmiller17,Jared Miller,Jared,Miller,Director of Marketing,T3_marketing_leader_fallback,US,2024-01-01,Cleaver-Brooks,https://www.linkedin.com/company/cleaver-brooks,cleaverbrooks.com,A_verified_50plus,hvac,Blitz employee-finder UK/EU+US pull 2026-10-02
https://www.linkedin.com/in/steve-connor-38aa1638,Steve Connor,Steve,Connor,Director Marketing Services,T3_marketing_leader_fallback,US,-,Cleaver-Brooks,https://www.linkedin.com/company/cleaver-brooks,cleaverbrooks.com,A_verified_50plus,hvac,Blitz employee-finder UK/EU+US pull 2026-10-02
https://www.linkedin.com/in/ronald-v-woods,Ronald Woods,Ronald,Woods,Channel Sales Manager- Farm/Ag & Hardware,T2_marketing_communications,US,-,Milton Industries,https://www.linkedin.com/company/milton-industries-inc-,miltonindustries.com,B_dealer_channel_size_unconfirmed,flow_hydraulics,2026-09-28-leads.csv (Blitz)
https://www.linkedin.com/in/dr-ing-thomas-jordan-60bb78180,Dr.-Ing. Thomas Jordan,Dr.-Ing. Thomas,Jordan,Senior Manager Marketing Communications,T2_marketing_communications,DE,2025-01-01,Komatsu Germany GmbH - Mining Division,https://www.linkedin.com/company/komatsu-germany-gmbh-mining-division,komatsu.eu,A_verified_50plus,construction_ag,Blitz employee-finder UK/EU+US pull 2026-10-02
https://www.linkedin.com/in/jpweber1994,"Joe Weber, MBA",Joe,"Weber, MBA",Channel Marketing Manager,T1_channel_dealer_owner,US,2019-12-01,Osborn,https://www.linkedin.com/company/osborn-international,osborn.com,B_dealer_channel_size_unconfirmed,construction_ag,Blitz employee-finder UK/EU+US pull 2026-10-02
https://www.linkedin.com/in/jschnitzler,John Schnitzler,John,Schnitzler,"Director, Inside Sales & Channel Marketing",T1_channel_dealer_owner,US,2024-09-01,RectorSeal,https://www.linkedin.com/company/rectorseal,rectorseal.com,A_verified_50plus,hvac,Blitz employee-finder US-wide pull 2026-10-02
https://www.linkedin.com/in/scott-kay-1b57b85,Scott Kay,Scott,Kay,"Senior Vice President, Marketing & Technology",T3_marketing_leader_fallback,US,2024-05-01,RectorSeal,https://www.linkedin.com/company/rectorseal,rectorseal.com,A_verified_50plus,hvac,Blitz employee-finder US-wide pull 2026-10-02
https://www.linkedin.com/in/victoria-davidyock-133b62,Victoria Davidyock,Victoria,Davidyock,Sr. Director Marketing,T3_marketing_leader_fallback,US,2024-11-01,RectorSeal,https://www.linkedin.com/company/rectorseal,rectorseal.com,A_verified_50plus,hvac,Blitz employee-finder US-wide pull 2026-10-02
https://www.linkedin.com/in/thomas-bravek-57037b102,Thomas Bravek,Thomas,Bravek,Senior Network Manager,T1_channel_dealer_owner,US,2025-01-01,Phillips Industries,https://www.linkedin.com/company/phillips-industries,phillipsind.com,B_dealer_channel_size_unconfirmed,trucks_bodies,Blitz employee-finder US-wide pull 2026-10-02
https://www.linkedin.com/in/ambervinson333,-,-,-,Global Vice President of Marketing,T3_marketing_leader_fallback,US,2023-08-01,Phillips Industries,https://www.linkedin.com/company/phillips-industries,phillipsind.com,B_dealer_channel_size_unconfirmed,trucks_bodies,Blitz employee-finder US-wide pull 2026-10-02
https://www.linkedin.com/in/framatho,Frank Thomas,Frank,Thomas,Head of Brand & Communication,T2_marketing_communications,DE,2025-03-01,robatherm,https://www.linkedin.com/company/robatherm,robatherm.com,B_dealer_channel_size_unconfirmed,hvac,Blitz employee-finder UK/EU+US pull 2026-10-02
https://www.linkedin.com/in/mjelizabeth,Michelle James,Michelle,James,Brand & Communications Manager,T2_marketing_communications,US,2026-02-01,Modula USA,https://www.linkedin.com/company/modulausa,modula.us,A_verified_50plus,material_handling,Blitz employee-finder US-wide pull 2026-10-02
https://www.linkedin.com/in/david-jacobs-2b65391b,David Jacobs,David,Jacobs,National Dealer Programme Manager,T1_channel_dealer_owner,GB,2016-02-01,Honda Motor Europe Ltd,https://www.linkedin.com/company/honda-motor-europe-ltd,global.honda,A_verified_50plus,power_equipment,Blitz employee-finder UK/EU+US pull 2026-10-02
https://www.linkedin.com/in/joe-froome-8a609741,Joe Froome,Joe,Froome,Honda Motor Europe Network & Commercial Department Manager,T1_channel_dealer_owner,GB,2021-04-01,Honda Motor Europe Ltd,https://www.linkedin.com/company/honda-motor-europe-ltd,global.honda,A_verified_50plus,power_equipment,Blitz employee-finder UK/EU+US pull 2026-10-02
https://www.linkedin.com/in/david-warr-77832426,David Warr,David,Warr,Head of European Network Operations,T1_channel_dealer_owner,GB,2021-06-01,Honda Motor Europe Ltd,https://www.linkedin.com/company/honda-motor-europe-ltd,global.honda,A_verified_50plus,power_equipment,Blitz employee-finder UK/EU+US pull 2026-10-02
https://www.linkedin.com/in/elizabeth-bedussi-b6aa66aa,Elizabeth Bedussi,Elizabeth,Bedussi,Business Development Manager Distribution - Italy & NAFTA,T1_channel_dealer_owner,IT,2024-06-01,Camozzi Automation,https://www.linkedin.com/company/camozziautomationspa,camozzi.com,B_dealer_channel_size_unconfirmed,flow_hydraulics,Blitz employee-finder UK/EU+US pull 2026-10-02
https://www.linkedin.com/in/rachellesanders1,Rachelle Sanders,Rachelle,Sanders,Sr. Marketing Communications Manager,T2_marketing_communications,US,2024-07-01,"Energy Recovery, Inc.",https://www.linkedin.com/company/energyrecovery,energyrecovery.com,B_dealer_channel_size_unconfirmed,flow_hydraulics,Blitz employee-finder US-wide pull 2026-10-02
https://www.linkedin.com/in/kvendeland,Kelley Vendeland,Kelley,Vendeland,"Vice President, Marketing and Sustainability / Senior Director, Corporate Communications",T3_marketing_leader_fallback,US,2019-01-01,"Energy Recovery, Inc.",https://www.linkedin.com/company/energyrecovery,energyrecovery.com,B_dealer_channel_size_unconfirmed,flow_hydraulics,Blitz employee-finder US-wide pull 2026-10-02
https://www.linkedin.com/in/amy-davis-mba-733bb9a,"Amy Davis, MBA",Amy,"Davis, MBA",Director of Marketing,T3_marketing_leader_fallback,US,2025-01-01,"Energy Recovery, Inc.",https://www.linkedin.com/company/energyrecovery,energyrecovery.com,B_dealer_channel_size_unconfirmed,flow_hydraulics,Blitz employee-finder US-wide pull 2026-10-02
https://www.linkedin.com/in/amin-monfared-9969a930,Amin Monfared,Amin,Monfared,"Director Sales & Marketing, Pool (GTM B2B Leader)",T3_marketing_leader_fallback,US,2023-08-01,Raypak,https://www.linkedin.com/company/officialraypak,raypak.com,B_dealer_channel_size_unconfirmed,hvac,Blitz employee-finder UK/EU+US pull 2026-10-02
https://www.linkedin.com/in/peter-reynolds-2026071,Peter Reynolds,Peter,Reynolds,VP Marketing,T3_marketing_leader_fallback,US,-,Raypak,https://www.linkedin.com/company/officialraypak,raypak.com,B_dealer_channel_size_unconfirmed,hvac,Blitz employee-finder UK/EU+US pull 2026-10-02
https://www.linkedin.com/in/robinvodenlic,Robin Vodenlic,Robin,Vodenlic,Global Marketing Communications Manager,T2_marketing_communications,US,2022-01-01,Dover Precision Components,https://www.linkedin.com/company/dover-precision-components,doverprecision.com,B_dealer_channel_size_unconfirmed,flow_hydraulics,Blitz employee-finder US-wide pull 2026-10-02
https://www.linkedin.com/in/paulhurd1,Paul Hurd,Paul,Hurd,Marketing Communications Manager,T2_marketing_communications,US,2026-01-01,NTN Bearing Corporation,https://www.linkedin.com/company/ntn-bearing-corporation,ntnamericas.com,B_dealer_channel_size_unconfirmed,flow_hydraulics,Blitz employee-finder US-wide pull 2026-10-02
https://www.linkedin.com/in/georgianne-dickey-38136046,Georgianne Dickey,Georgianne,Dickey,Director of Marketing,T3_marketing_leader_fallback,US,2022-01-01,NTN Bearing Corporation,https://www.linkedin.com/company/ntn-bearing-corporation,ntnamericas.com,B_dealer_channel_size_unconfirmed,flow_hydraulics,Blitz employee-finder US-wide pull 2026-10-02
https://www.linkedin.com/in/richard-rosenbarger-42a07939,Richard Rosenbarger,Richard,Rosenbarger,Director - Marketing & Technical Services,T3_marketing_leader_fallback,US,-,NTN Bearing Corporation,https://www.linkedin.com/company/ntn-bearing-corporation,ntnamericas.com,B_dealer_channel_size_unconfirmed,flow_hydraulics,Blitz employee-finder US-wide pull 2026-10-02
https://www.linkedin.com/in/fred-ligouri-mba-b180b323,"Fred Ligouri, MBA",Fred,"Ligouri, MBA","Brand Marketing Communications Manager, Freightliner & Detroit",T2_marketing_communications,US,2024-04-01,Daimler Truck North America,https://www.linkedin.com/company/daimlertrucknorthamerica,empli.fi,A_verified_50plus,trucks_bodies,Blitz employee-finder US-wide pull 2026-10-02
https://www.linkedin.com/in/david-carson-55138a5,David Carson,David,Carson,"Senior Vice President, Sales & Marketing",T3_marketing_leader_fallback,US,2021-06-01,Daimler Truck North America,https://www.linkedin.com/company/daimlertrucknorthamerica,empli.fi,A_verified_50plus,trucks_bodies,Blitz employee-finder US-wide pull 2026-10-02
https://www.linkedin.com/in/brad-williamson-620502b,Brad Williamson,Brad,Williamson,"Director, DTNA Parts Marketing and Strategy",T3_marketing_leader_fallback,US,2021-12-01,Daimler Truck North America,https://www.linkedin.com/company/daimlertrucknorthamerica,empli.fi,A_verified_50plus,trucks_bodies,Blitz employee-finder US-wide pull 2026-10-02
https://www.linkedin.com/in/kirk-gibson-68b79210,Kirk Gibson,Kirk,Gibson,Manager of Dealer Development,T1_channel_dealer_owner,US,2025-11-01,"Kobelco Construction Machinery Usa, Inc",https://www.linkedin.com/company/kobelco-construction-machinery-usa-inc-,kobelco-usa.com,B_dealer_channel_size_unconfirmed,construction_ag,Blitz employee-finder UK/EU+US pull 2026-10-02
https://www.linkedin.com/in/dan-collins-51722920,Dan Collins,Dan,Collins,Director - Product Development & Marketing,T3_marketing_leader_fallback,US,2019-01-01,"Kobelco Construction Machinery Usa, Inc",https://www.linkedin.com/company/kobelco-construction-machinery-usa-inc-,kobelco-usa.com,B_dealer_channel_size_unconfirmed,construction_ag,Blitz employee-finder UK/EU+US pull 2026-10-02
https://www.linkedin.com/in/martin-levy-402a52292,Martin Levy,Martin,Levy,Senior Director Sales and Dealer Development,T1_channel_dealer_owner,US,-,Environmental Solutions Group,https://www.linkedin.com/company/environmental-solutions-group,terexesg.com,A_verified_50plus,trucks_bodies,Blitz employee-finder UK/EU+US pull 2026-10-02
https://www.linkedin.com/in/mikesimmon,Michael Simmon,Michael,Simmon,Marketing Communications Manager,T2_marketing_communications,US,2011-11-01,The Grasshopper Company,https://www.linkedin.com/company/the-grasshopper-company,grasshoppermower.com,B_dealer_channel_size_unconfirmed,power_equipment,Blitz employee-finder UK/EU+US pull 2026-10-02
https://www.linkedin.com/in/mike-brown-14aab647,Mike Brown,Mike,Brown,Dealer Development,T2_marketing_communications,US,-,The Grasshopper Company,https://www.linkedin.com/company/the-grasshopper-company,grasshoppermower.com,B_dealer_channel_size_unconfirmed,power_equipment,2026-09-28-leads.csv (Blitz)
https://www.linkedin.com/in/jaumefreixenet,Jaume Freixenet,Jaume,Freixenet,Distribution Program Manager Sampla EMEA in Ammega,T1_channel_dealer_owner,ES,2025-03-01,AMMEGA,https://www.linkedin.com/company/ammega,ammega.com,A_verified_50plus,material_handling,Blitz employee-finder UK/EU+US pull 2026-10-02
https://www.linkedin.com/in/arjen-van-den-broek-a4b488,Arjen van den Broek,Arjen,van den Broek,Director of Global Marketing Communications,T2_marketing_communications,IT,2021-01-01,AMMEGA,https://www.linkedin.com/company/ammega,ammega.com,A_verified_50plus,material_handling,Blitz employee-finder UK/EU+US pull 2026-10-02
https://www.linkedin.com/in/andreamariepace,Andrea Coleman,Andrea,Coleman,Marketing Communications Manager,T2_marketing_communications,US,2023-05-01,Quincy Compressor,https://www.linkedin.com/company/quincy-compressor,quincycompressor.com,B_dealer_channel_size_unconfirmed,power_equipment,Blitz employee-finder US-wide pull 2026-10-02
https://www.linkedin.com/in/ashley-gates-3854b013,Ashley Gates,Ashley,Gates,"Vice President Marketing and Communications, Brand Portfolio",T3_marketing_leader_fallback,US,2023-04-01,Quincy Compressor,https://www.linkedin.com/company/quincy-compressor,quincycompressor.com,B_dealer_channel_size_unconfirmed,power_equipment,Blitz employee-finder US-wide pull 2026-10-02
https://www.linkedin.com/in/joe-loesing-b00b77196,Joe Loesing,Joe,Loesing,Regional Director Of Sales And Marketing,T3_marketing_leader_fallback,US,2016-01-01,Quincy Compressor,https://www.linkedin.com/company/quincy-compressor,quincycompressor.com,B_dealer_channel_size_unconfirmed,power_equipment,Blitz employee-finder US-wide pull 2026-10-02
https://www.linkedin.com/in/alex-stokman,Alexandra Stokman,Alexandra,Stokman,Dealer Development Manager - Caterpillar Defense,T1_channel_dealer_owner,US,-,Caterpillar Inc.,https://www.linkedin.com/company/caterpillar-inc,caterpillar.com,A_verified_50plus,construction_ag,2026-09-28-leads.csv (Blitz)
https://www.linkedin.com/in/tstuarthall,Tyler Hall,Tyler,Hall,Global Authorized Marine Dealer (AMD) Program Manager,T1_channel_dealer_owner,US,-,Caterpillar Inc.,https://www.linkedin.com/company/caterpillar-inc,caterpillar.com,A_verified_50plus,construction_ag,2026-09-28-leads.csv (Blitz)
https://www.linkedin.com/in/danie-park-antonelli-2b9b092a,Danie (Park) Antonelli,Danie,(Park) Antonelli,Vice President Marketing,T3_marketing_leader_fallback,US,2023-07-01,Grand Design RV,https://www.linkedin.com/company/grand-design-rv-llc,granddesignrv.com,B_dealer_channel_size_unconfirmed,rv,Blitz employee-finder UK/EU+US pull 2026-10-02
https://www.linkedin.com/in/andreajsmith11,Andrea Smith,Andrea,Smith,Director of Marketing,T3_marketing_leader_fallback,US,2024-07-01,Grand Design RV,https://www.linkedin.com/company/grand-design-rv-llc,granddesignrv.com,B_dealer_channel_size_unconfirmed,rv,Blitz employee-finder UK/EU+US pull 2026-10-02
https://www.linkedin.com/in/kurt-kizewski-6650b7b,Kurt Kizewski,Kurt,Kizewski,Dealer Sales Office Manager,T2_marketing_communications,US,-,Trane,https://www.linkedin.com/company/trane,trane.com,B_dealer_channel_size_unconfirmed,hvac,2026-09-28-leads.csv (Blitz)
https://www.linkedin.com/in/chuck-defrancisco-3368108,Chuck DeFrancisco,Chuck,DeFrancisco,Dealer Sales Office Manager,T2_marketing_communications,US,-,Trane,https://www.linkedin.com/company/trane,trane.com,B_dealer_channel_size_unconfirmed,hvac,2026-09-28-leads.csv (Blitz)
https://www.linkedin.com/in/angel-trujillo-zatarain-790180146,Angel Trujillo,Angel,Trujillo,Account Manager Dealer Channel,T2_marketing_communications,-,-,Trane,https://www.linkedin.com/company/trane,trane.com,B_dealer_channel_size_unconfirmed,hvac,2026-09-28-leads.csv (Blitz)
https://www.linkedin.com/in/moira-strag%c3%a0-548817b7,Moira Stragà,Moira,Stragà,Responsabile comunicazione marketing,T2_marketing_communications,IT,2001-11-01,Clivet SpA,https://www.linkedin.com/company/clivet-spa,clivet.com,A_verified_50plus,hvac,Blitz employee-finder UK/EU+US pull 2026-10-02
https://www.linkedin.com/in/silvia-boccato-8a68a840,Silvia Boccato,Silvia,Boccato,Marketing Communication Manager,T2_marketing_communications,IT,2006-04-01,Lafert Group,https://www.linkedin.com/company/lafert-group,lafert.com,B_dealer_channel_size_unconfirmed,power_equipment,Blitz employee-finder UK/EU+US pull 2026-10-02
https://www.linkedin.com/in/john-turnbach-1223892a,John Turnbach,John,Turnbach,Global Network & Collaboration Manager,T1_channel_dealer_owner,US,1993-11-01,Victaulic,https://www.linkedin.com/company/victaulic,victaulic.com,B_dealer_channel_size_unconfirmed,flow_hydraulics,Blitz employee-finder UK/EU+US pull 2026-10-02
https://www.linkedin.com/in/stephane-ledru-05674420,Stephane Ledru,Stephane,Ledru,Director Partnerships Development,T1_channel_dealer_owner,FR,2023-08-01,Zealux Europe,https://www.linkedin.com/company/zealuxeurope,zealux-europe.com,A_verified_50plus,hvac,Blitz employee-finder UK/EU+US pull 2026-10-02
https://www.linkedin.com/in/themarkwscherer,Mark W. Scherer,Mark W.,Scherer,Global Director of Digital Marketing & Channel Communications,T1_channel_dealer_owner,DE,2021-04-01,Master Fluid Solutions,https://www.linkedin.com/company/master-fluid-solutions,masterfluids.com,B_dealer_channel_size_unconfirmed,material_handling,Blitz employee-finder US-wide pull 2026-10-02
https://www.linkedin.com/in/justin-geach-57450888,Justin Geach,Justin,Geach,Global Director of Marketing,T3_marketing_leader_fallback,US,2022-12-01,Master Fluid Solutions,https://www.linkedin.com/company/master-fluid-solutions,masterfluids.com,B_dealer_channel_size_unconfirmed,material_handling,Blitz employee-finder US-wide pull 2026-10-02
https://www.linkedin.com/in/zulfiqartahir,Zulfiqar Tahir,Zulfiqar,Tahir,Global VP - Strategy and Marketing,T3_marketing_leader_fallback,US,2018-06-01,Master Fluid Solutions,https://www.linkedin.com/company/master-fluid-solutions,masterfluids.com,B_dealer_channel_size_unconfirmed,material_handling,Blitz employee-finder US-wide pull 2026-10-02
https://www.linkedin.com/in/anthonypaulanderson,Anthony P Anderson,Anthony P,Anderson,Partner Development Specialist,T1_channel_dealer_owner,US,-,Tripp Lite,https://www.linkedin.com/company/tripp-lite,tripplite.com,B_dealer_channel_size_unconfirmed,power_equipment,Blitz employee-finder US-wide pull 2026-10-02
https://www.linkedin.com/in/lori-henderson-b581897,Lori Henderson,Lori,Henderson,Marketing Communications Manager,T2_marketing_communications,US,2019-01-01,Tripp Lite,https://www.linkedin.com/company/tripp-lite,tripplite.com,B_dealer_channel_size_unconfirmed,power_equipment,Blitz employee-finder US-wide pull 2026-10-02
https://www.linkedin.com/in/barryrmyers,"Barry Myers, MBA",Barry,"Myers, MBA","Corporate Director, Marketing and Communications",T3_marketing_leader_fallback,US,2022-01-01,Strongwell,https://www.linkedin.com/company/strongwell,strongwell.com,B_dealer_channel_size_unconfirmed,construction_ag,Blitz employee-finder UK/EU+US pull 2026-10-02
https://www.linkedin.com/in/scottashlock4567,Scott Ashlock,Scott,Ashlock,Network Solutions Manager,T1_channel_dealer_owner,US,2024-04-01,PACCAR,https://www.linkedin.com/company/paccar,paccar.com,A_verified_50plus,trucks_bodies,Blitz employee-finder US-wide pull 2026-10-02
https://www.linkedin.com/in/jeroen-paijmans-04b0885,Jeroen Paijmans,Jeroen,Paijmans,Director Of Marketing And Business Development,T3_marketing_leader_fallback,NL,2016-11-01,PACCAR,https://www.linkedin.com/company/paccar,paccar.com,A_verified_50plus,trucks_bodies,Blitz employee-finder US-wide pull 2026-10-02
https://www.linkedin.com/in/sdmoyer,Scott Moyer,Scott,Moyer,Director of Marketing,T3_marketing_leader_fallback,US,-,"Dee Zee, Inc",https://www.linkedin.com/company/dee-zee-inc,deezee.com,B_dealer_channel_size_unconfirmed,trucks_bodies,Prospeo /search-person 2026-10-07
https://www.linkedin.com/in/james-clements-200a081,James Clements,James,Clements,Director of Channel Management & Strategic Marketing,T1_channel_dealer_owner,US,2021-01-01,Excelitas Technologies Corp.,https://www.linkedin.com/company/excelitas-technologies,excelitas.com,B_dealer_channel_size_unconfirmed,none,Blitz employee-finder US-wide pull 2026-10-02
https://www.linkedin.com/in/ashleybruggeman,Ashley Bruggeman,Ashley,Bruggeman,"Vice President, Marketing and Customer Support",T3_marketing_leader_fallback,US,2021-01-01,Waterfront Brands,https://www.linkedin.com/company/waterfront-brands,waterfrontbrands.com,B_dealer_channel_size_unconfirmed,material_handling,Blitz employee-finder UK/EU+US pull 2026-10-02
https://www.linkedin.com/in/victorvuphan,Victor Vu Phan,Victor Vu,Phan,Sales Director -  Networking & Silicon Accounts,T1_channel_dealer_owner,US,2026-03-01,Luxshare-Tech,https://www.linkedin.com/company/luxshare-tech,luxshare-tech.com,B_dealer_channel_size_unconfirmed,none,Blitz employee-finder US-wide pull 2026-10-02
https://www.linkedin.com/in/sebastian-busch-voithturbo,Sebastian Busch,Sebastian,Busch,Vice President Brand & Communications,T2_marketing_communications,DE,2025-11-01,Driventic,https://www.linkedin.com/company/driventic,driventic.com,B_dealer_channel_size_unconfirmed,trucks_bodies,Blitz employee-finder UK/EU+US pull 2026-10-02
https://www.linkedin.com/in/susannespeiser,Susanne Speiser,Susanne,Speiser,Manager Brand & Communications,T2_marketing_communications,DE,2025-11-01,Driventic,https://www.linkedin.com/company/driventic,driventic.com,B_dealer_channel_size_unconfirmed,trucks_bodies,Blitz employee-finder UK/EU+US pull 2026-10-02
https://www.linkedin.com/in/danny-baker-9b33063a,Danny Baker,Danny,Baker,Business Development Manager - Global Trading Partners,T1_channel_dealer_owner,GB,2018-01-01,POLIFILM,https://www.linkedin.com/company/polifilm-gmbh,polifilm.de,B_dealer_channel_size_unconfirmed,none,Blitz employee-finder UK/EU+US pull 2026-10-02
https://www.linkedin.com/in/hugolamberg,Hugo Lamberg Mendonça,Hugo,Lamberg Mendonça,Head of Marketing,T3_marketing_leader_fallback,ES,2024-12-01,SKF Lubrication,https://www.linkedin.com/company/skf-lubrication,jsgindustrial.com,A_verified_50plus,flow_hydraulics,Blitz employee-finder UK/EU+US pull 2026-10-02
https://www.linkedin.com/in/enricodelgobbo,Enrico 😸'Del Gobbo,Enrico,😸'Del Gobbo,Corporate Marketing Communication Manager,T2_marketing_communications,IT,2020-02-01,ONIS VISA® Generating Sets - Visa SpA,https://www.linkedin.com/company/visaspa,visa.it,B_dealer_channel_size_unconfirmed,power_equipment,Blitz employee-finder UK/EU+US pull 2026-10-02
https://www.linkedin.com/in/joan-carles-p%c3%a9rez,Joan Carles Pérez,Joan Carles,Pérez,Social Media & Influencer Marketing Partnerships Manager,T1_channel_dealer_owner,NL,2023-08-01,"BISSELL Homecare, Inc.",https://www.linkedin.com/company/bissell-homecare-inc-,bissell.com,B_dealer_channel_size_unconfirmed,none,Blitz employee-finder US-wide pull 2026-10-02
https://www.linkedin.com/in/marketingexeclaurabretz,Laura Bretz,Laura,Bretz,Global Head of Brand and Communication Strategy,T2_marketing_communications,US,2025-04-01,"BISSELL Homecare, Inc.",https://www.linkedin.com/company/bissell-homecare-inc-,bissell.com,B_dealer_channel_size_unconfirmed,none,Blitz employee-finder US-wide pull 2026-10-02
https://www.linkedin.com/in/buhl-ina-66893a3b,Buhl Ina,Buhl,Ina,Sr. Manager Marketing Communications Fendt EME bei Agco GmbH,T2_marketing_communications,DE,2015-07-01,Fendt,https://www.linkedin.com/company/fendt,fendt.com,A_verified_50plus,construction_ag,Blitz employee-finder UK/EU+US pull 2026-10-02
https://www.linkedin.com/in/juliaelisamartin,Julia Martin,Julia,Martin,Marketing Communications & Campaign Manager,T2_marketing_communications,DE,2023-01-01,Fendt,https://www.linkedin.com/company/fendt,fendt.com,A_verified_50plus,construction_ag,Blitz employee-finder UK/EU+US pull 2026-10-02
https://www.linkedin.com/in/cristy-landrey-2515a923,Cristy Landrey,Cristy,Landrey,Channel Marketing Manager,T1_channel_dealer_owner,US,2014-02-01,Intermatic,https://www.linkedin.com/company/intermatic,intermatic.com,B_dealer_channel_size_unconfirmed,hvac,Blitz employee-finder US-wide pull 2026-10-02
https://www.linkedin.com/in/jeanne-stark-mba-58738710,"Jeanne Stark, MBA",Jeanne,"Stark, MBA",VP Marketing,T3_marketing_leader_fallback,US,2017-01-01,Intermatic,https://www.linkedin.com/company/intermatic,intermatic.com,B_dealer_channel_size_unconfirmed,hvac,Blitz employee-finder US-wide pull 2026-10-02
https://www.linkedin.com/in/angela-fourdyce-1882168,Angela Fourdyce,Angela,Fourdyce,Director of Marketing,T3_marketing_leader_fallback,US,2024-08-01,Intermatic,https://www.linkedin.com/company/intermatic,intermatic.com,B_dealer_channel_size_unconfirmed,hvac,Blitz employee-finder US-wide pull 2026-10-02
https://www.linkedin.com/in/stefaniemachauf,Stefanie Machauf,Stefanie,Machauf,Country Marketing & Communications Manager,T2_marketing_communications,DE,2023-01-01,Carrier HVAC Europe,https://www.linkedin.com/company/carrier-hvac-europe,carrier.com,B_dealer_channel_size_unconfirmed,hvac,Blitz employee-finder US-wide pull 2026-10-02
https://www.linkedin.com/in/antonia-jimenez,Antonia JIMÉNEZ,Antonia,JIMÉNEZ,Marketing & Communication Director I Iberica,T2_marketing_communications,ES,2025-10-01,Carrier HVAC Europe,https://www.linkedin.com/company/carrier-hvac-europe,carrier.com,B_dealer_channel_size_unconfirmed,hvac,Blitz employee-finder US-wide pull 2026-10-02
https://www.linkedin.com/in/jeffreyjsandrock,Jeffrey J. Sandrock,Jeffrey,J. Sandrock,OE/Dealer Accessories Business Manager,T2_marketing_communications,US,-,"Bestop, Inc.",https://www.linkedin.com/company/bestop-inc,bestop.com,B_dealer_channel_size_unconfirmed,trucks_bodies,2026-09-28-leads.csv (Blitz)
https://www.linkedin.com/in/bradbricker,Brad Bricker,Brad,Bricker,Director of Sales & Marketing,T3_marketing_leader_fallback,US,-,"Bestop, Inc.",https://www.linkedin.com/company/bestop-inc,bestop.com,B_dealer_channel_size_unconfirmed,trucks_bodies,Blitz employee-finder UK/EU+US pull 2026-10-02
https://www.linkedin.com/in/allihartman,Allison Hartman,Allison,Hartman,"Sr. Director of Info. Technology - Business Ops for Network, Infrastructure, Computing, & Support",T1_channel_dealer_owner,US,2026-04-01,Honeywell Aerospace Technologies,https://www.linkedin.com/company/honeywell-aerospace-technologies,http://aerospace.honeywell.com,B_dealer_channel_size_unconfirmed,none,Blitz employee-finder US-wide pull 2026-10-02
https://www.linkedin.com/in/dale-holloway-15b33656,Dale Holloway,Dale,Holloway,Director S&C Operations - Airtime Networks,T1_channel_dealer_owner,US,2022-11-01,Honeywell Aerospace Technologies,https://www.linkedin.com/company/honeywell-aerospace-technologies,http://aerospace.honeywell.com,B_dealer_channel_size_unconfirmed,none,Blitz employee-finder US-wide pull 2026-10-02
https://www.linkedin.com/in/james-ted-curtis-75420a18,James 'Ted' Curtis,James 'Ted',Curtis,Vice President of Sales & Marketing,T3_marketing_leader_fallback,US,2025-12-01,Williams Comfort Products,https://www.linkedin.com/company/williams,williamscomfort.com,B_dealer_channel_size_unconfirmed,hvac,Blitz employee-finder UK/EU+US pull 2026-10-02
https://www.linkedin.com/in/maryjoegentry,"Mary Jo Gentry, MBA",Mary Jo,"Gentry, MBA","Director, Sales and Marketing",T3_marketing_leader_fallback,US,2020-03-01,Williams Comfort Products,https://www.linkedin.com/company/williams,williamscomfort.com,B_dealer_channel_size_unconfirmed,hvac,Blitz employee-finder UK/EU+US pull 2026-10-02
https://www.linkedin.com/in/bob-savasta-914a4b19,Bob Savasta,Bob,Savasta,Marketing Communications Manager,T2_marketing_communications,US,-,Spectronics Corporation,https://www.linkedin.com/company/spectronics,spectroline.com,A_verified_50plus,hvac,Blitz employee-finder US-wide pull 2026-10-02
https://www.linkedin.com/in/brijgreen,Brian Green,Brian,Green,EVP Global Marketing & National Sales,T3_marketing_leader_fallback,US,2021-01-01,Spectronics Corporation,https://www.linkedin.com/company/spectronics,spectroline.com,A_verified_50plus,hvac,Blitz employee-finder US-wide pull 2026-10-02
https://www.linkedin.com/in/samuelcarrascoortega,Samuel Carrasco Ortega,Samuel,Carrasco Ortega,Responsable de Marketing y Comunicación,T2_marketing_communications,ES,2018-12-01,TERREPOWER (formerly BBB Industries),https://www.linkedin.com/company/terrepowerllc,terrepower.com,B_dealer_channel_size_unconfirmed,flow_hydraulics,Blitz employee-finder US-wide pull 2026-10-02
https://www.linkedin.com/in/matt-burtin-3bb518a,Matt Burtin,Matt,Burtin,Vice President Sales Marketing,T3_marketing_leader_fallback,US,2023-08-01,TERREPOWER (formerly BBB Industries),https://www.linkedin.com/company/terrepowerllc,terrepower.com,B_dealer_channel_size_unconfirmed,flow_hydraulics,Blitz employee-finder US-wide pull 2026-10-02
https://www.linkedin.com/in/caradmitchell,Cara D. Mitchell,Cara D.,Mitchell,Director of Brand and Product Marketing Strategy,T3_marketing_leader_fallback,US,2025-01-01,TERREPOWER (formerly BBB Industries),https://www.linkedin.com/company/terrepowerllc,terrepower.com,B_dealer_channel_size_unconfirmed,flow_hydraulics,Blitz employee-finder US-wide pull 2026-10-02
https://www.linkedin.com/in/francisco-martin-7a1b47152,Francisco Martin,Francisco,Martin,Associate Channel Marketing Manager,T1_channel_dealer_owner,US,2023-06-01,Techtronic Industries - TTI,https://www.linkedin.com/company/techtronic-industries,ttigroup.com,B_dealer_channel_size_unconfirmed,power_equipment,Blitz employee-finder US-wide pull 2026-10-02
https://www.linkedin.com/in/david-stearns-00115265,David Stearns,David,Stearns,"Sr. Vice President of Channel Marketing, Customer Experience, and DTFO",T1_channel_dealer_owner,US,2025-01-01,Techtronic Industries - TTI,https://www.linkedin.com/company/techtronic-industries,ttigroup.com,B_dealer_channel_size_unconfirmed,power_equipment,Blitz employee-finder US-wide pull 2026-10-02
https://www.linkedin.com/in/andrew-mieczkowski-06ba0038,Andrew Mieczkowski,Andrew,Mieczkowski,Director of Channel Marketing,T1_channel_dealer_owner,US,2025-04-01,Techtronic Industries - TTI,https://www.linkedin.com/company/techtronic-industries,ttigroup.com,B_dealer_channel_size_unconfirmed,power_equipment,Blitz employee-finder US-wide pull 2026-10-02
https://www.linkedin.com/in/john-kollasch-81530824,John Kollasch,John,Kollasch,Vice President of Industrial Refrigeration Marketing,T3_marketing_leader_fallback,US,1991-04-01,"EVAPCO, Inc.",https://www.linkedin.com/company/evapco,evapco.com,A_verified_50plus,hvac,Blitz employee-finder UK/EU+US pull 2026-10-02
https://www.linkedin.com/in/chadnagle,Chad Nagle,Chad,Nagle,Senior Vice President HVAC IP Sales & Marketing,T3_marketing_leader_fallback,US,2021-06-01,"EVAPCO, Inc.",https://www.linkedin.com/company/evapco,evapco.com,A_verified_50plus,hvac,Blitz employee-finder UK/EU+US pull 2026-10-02
https://www.linkedin.com/in/jim-nesbitt-00294335,Jim Nesbitt,Jim,Nesbitt,"Sr. Director, Evapcold Marketing",T3_marketing_leader_fallback,US,2021-07-01,"EVAPCO, Inc.",https://www.linkedin.com/company/evapco,evapco.com,A_verified_50plus,hvac,Blitz employee-finder UK/EU+US pull 2026-10-02
https://www.linkedin.com/in/guidokuenzel,Guido Künzel,Guido,Künzel,Senior Manager Distribution Network,T1_channel_dealer_owner,DE,2021-01-01,TMD Friction,https://www.linkedin.com/company/tmd-friction,tmdfriction.com,A_verified_50plus,trucks_bodies,Blitz employee-finder UK/EU+US pull 2026-10-02
https://www.linkedin.com/in/marcoloth,Marco Loth,Marco,Loth,Vice President Global Sales & Trade Marketing,T3_marketing_leader_fallback,DE,2024-02-01,TMD Friction,https://www.linkedin.com/company/tmd-friction,tmdfriction.com,A_verified_50plus,trucks_bodies,Blitz employee-finder UK/EU+US pull 2026-10-02
https://www.linkedin.com/in/cristina-militaru-ba79086,Cristina Militaru,Cristina,Militaru,Head of Regional Marketing,T3_marketing_leader_fallback,RO,2022-01-01,TMD Friction,https://www.linkedin.com/company/tmd-friction,tmdfriction.com,A_verified_50plus,trucks_bodies,Blitz employee-finder UK/EU+US pull 2026-10-02
https://www.linkedin.com/in/debra-lewis-4662a07,Debra Lewis,Debra,Lewis,Channel Marketing Manager - Wholesale,T1_channel_dealer_owner,US,2019-03-01,BrassCraft Manufacturing Company,https://www.linkedin.com/company/brasscraft,brasscraft.com,B_dealer_channel_size_unconfirmed,none,Blitz employee-finder US-wide pull 2026-10-02
https://www.linkedin.com/in/brian-leahy-37913916,Brian Leahy,Brian,Leahy,Vice President Sales and Marketing,T3_marketing_leader_fallback,US,2025-04-01,BrassCraft Manufacturing Company,https://www.linkedin.com/company/brasscraft,brasscraft.com,B_dealer_channel_size_unconfirmed,none,Blitz employee-finder US-wide pull 2026-10-02
https://www.linkedin.com/in/bomo4sho,Bob Moore,Bob,Moore,Director of Marketing Communications,T2_marketing_communications,US,2015-05-01,Watlow,https://www.linkedin.com/company/watlow,watlow.com,B_dealer_channel_size_unconfirmed,flow_hydraulics,Blitz employee-finder UK/EU+US pull 2026-10-02
https://www.linkedin.com/in/kate-merrick-50983181,Kate Merrick,Kate,Merrick,Global Marketing Communications Manager,T2_marketing_communications,GB,2022-11-01,Watlow,https://www.linkedin.com/company/watlow,watlow.com,B_dealer_channel_size_unconfirmed,flow_hydraulics,Blitz employee-finder UK/EU+US pull 2026-10-02
https://www.linkedin.com/in/christopher-seeley-cpsc-1b9a3122,"Christopher Seeley, CPSC",Christopher,"Seeley, CPSC",Senior Channel Sales Engineer - Industrials (Northeast Regional Sales Manager),T2_marketing_communications,US,-,Watlow,https://www.linkedin.com/company/watlow,watlow.com,B_dealer_channel_size_unconfirmed,flow_hydraulics,2026-09-28-leads.csv (Blitz)
https://www.linkedin.com/in/johannes-jaschke-243026164,Johannes Jaschke,Johannes,Jaschke,Global Channel Marketing Lead Water Infrastructure,T1_channel_dealer_owner,DE,-,Flygt,https://www.linkedin.com/company/flygt-us,xylem.com,B_dealer_channel_size_unconfirmed,flow_hydraulics,Prospeo /search-person 2026-10-07
https://www.linkedin.com/in/jenniferjasinski,Jennifer Jasinski,Jennifer,Jasinski,"Global Manager, Marketing Communications",T2_marketing_communications,US,-,Flygt,https://www.linkedin.com/company/flygt-us,xylem.com,B_dealer_channel_size_unconfirmed,flow_hydraulics,Prospeo /search-person 2026-10-07
https://www.linkedin.com/in/erin-powers-ninmer,Erin Ninmer,Erin,Ninmer,Sr. Marketing Communications Manager,T2_marketing_communications,US,-,Flygt,https://www.linkedin.com/company/flygt-us,xylem.com,B_dealer_channel_size_unconfirmed,flow_hydraulics,Prospeo /search-person 2026-10-07
https://www.linkedin.com/in/franklyn-quiteh-m-a-599b389b,"Franklyn Quiteh, M.A.",Franklyn,"Quiteh, M.A.","Manager, Dealer Development",T1_channel_dealer_owner,US,2024-01-01,Volvo Penta,https://www.linkedin.com/company/volvopenta,volvopenta.com,A_verified_50plus,power_equipment,Blitz employee-finder UK/EU+US pull 2026-10-02
https://www.linkedin.com/in/karin-frykholm-fd-eriksson-48a70a71,Karin Frykholm (fd Eriksson),Karin,Frykholm (fd Eriksson),Director Material Supply & Distribution Development,T1_channel_dealer_owner,SE,2025-05-01,Volvo Penta,https://www.linkedin.com/company/volvopenta,volvopenta.com,A_verified_50plus,power_equipment,Blitz employee-finder UK/EU+US pull 2026-10-02
https://www.linkedin.com/in/fran%c3%a7ois-fila-19a35a139,François FILA,François,FILA,Responsable Développement réseau Après-vente,T1_channel_dealer_owner,FR,2024-03-01,Volvo Penta,https://www.linkedin.com/company/volvopenta,volvopenta.com,A_verified_50plus,power_equipment,Blitz employee-finder UK/EU+US pull 2026-10-02
https://www.linkedin.com/in/maija-ekl%c3%b6f,Maija Eklöf,Maija,Eklöf,VP Dealer Management and Business Development,T1_channel_dealer_owner,FI,2025-04-01,Kalmar,https://www.linkedin.com/company/kalmar,kalmarglobal.com,B_dealer_channel_size_unconfirmed,material_handling,Blitz employee-finder UK/EU+US pull 2026-10-02
https://www.linkedin.com/in/anna-lyytik%c3%a4inen-13474b44,Anna Lyytikäinen,Anna,Lyytikäinen,"Senior Manager, Dealer Business Development",T1_channel_dealer_owner,FI,2023-08-01,Kalmar,https://www.linkedin.com/company/kalmar,kalmarglobal.com,B_dealer_channel_size_unconfirmed,material_handling,Blitz employee-finder UK/EU+US pull 2026-10-02
https://www.linkedin.com/in/james-bouldin,James Bouldin,James,Bouldin,VP Dealer Development,T1_channel_dealer_owner,US,2024-05-01,Kalmar,https://www.linkedin.com/company/kalmar,kalmarglobal.com,B_dealer_channel_size_unconfirmed,material_handling,Blitz employee-finder UK/EU+US pull 2026-10-02
https://www.linkedin.com/in/patrick-pat-miller-59437424,Patrick (Pat) Miller,Patrick (Pat),Miller,GM Distribution Development NA,T1_channel_dealer_owner,US,2022-02-01,LBX Company,https://www.linkedin.com/company/lbx-company,lbxco.com,B_dealer_channel_size_unconfirmed,material_handling,Blitz employee-finder UK/EU+US pull 2026-10-02
https://www.linkedin.com/in/chris-wise-477b1093,Chris Wise,Chris,Wise,Director of Marketing & Distribution Development,T1_channel_dealer_owner,US,-,LBX Company,https://www.linkedin.com/company/lbx-company,lbxco.com,B_dealer_channel_size_unconfirmed,material_handling,Blitz employee-finder UK/EU+US pull 2026-10-02
https://www.linkedin.com/in/pat-miller-8696ab293,Pat Miller,Pat,Miller,GM Distribution Development,T1_channel_dealer_owner,US,-,LBX Company,https://www.linkedin.com/company/lbx-company,lbxco.com,B_dealer_channel_size_unconfirmed,material_handling,Blitz employee-finder UK/EU+US pull 2026-10-02
https://www.linkedin.com/in/aaron-saylor-9400b841,Aaron Saylor,Aaron,Saylor,Dealer Development Manager,T1_channel_dealer_owner,US,-,DEUTZ Corporation,https://www.linkedin.com/company/deutz-corporation,deutzamericas.com,B_dealer_channel_size_unconfirmed,power_equipment,2026-09-28-leads.csv (Blitz)
https://www.linkedin.com/in/doyle-berger-6b00bb85,Doyle Berger,Doyle,Berger,Dealer Development Manager,T1_channel_dealer_owner,-,-,DEUTZ Corporation,https://www.linkedin.com/company/deutz-corporation,deutzamericas.com,B_dealer_channel_size_unconfirmed,power_equipment,2026-09-28-leads.csv (Blitz)
https://www.linkedin.com/in/sara-elkordy,Sara Elkordy,Sara,Elkordy,"Channel & Business Development Manager C&S, Middle East (KSA, Levant, Libya, Egypt, Bahrain & Iraq)",T1_channel_dealer_owner,-,-,Emerson,https://www.linkedin.com/company/emerson,emerson.com,B_dealer_channel_size_unconfirmed,hvac,2026-09-28-leads.csv (Blitz)
https://www.linkedin.com/in/bello-coutilien-344374113,Bello Coutilien,Bello,Coutilien,Sales Manager – Channel Development & Business Development,T1_channel_dealer_owner,US,-,Emerson,https://www.linkedin.com/company/emerson,emerson.com,B_dealer_channel_size_unconfirmed,hvac,2026-09-28-leads.csv (Blitz)
https://www.linkedin.com/in/christine-hong101,Christine Hong,Christine,Hong,Channel Marketing Manager,T1_channel_dealer_owner,-,-,Emerson,https://www.linkedin.com/company/emerson,emerson.com,B_dealer_channel_size_unconfirmed,hvac,2026-09-28-leads.csv (Blitz)
https://www.linkedin.com/in/aaron-eubank-727650103,Aaron Eubank,Aaron,Eubank,Vice President of Sales & Marketing,T3_marketing_leader_fallback,US,2026-01-01,WireCrafters,https://www.linkedin.com/company/wirecrafters-llc,wirecrafters.com,B_dealer_channel_size_unconfirmed,material_handling,Blitz employee-finder US-wide pull 2026-10-02
https://www.linkedin.com/in/david-fishburn,David Fishburn,David,Fishburn,Director of Marketing,T3_marketing_leader_fallback,US,2026-01-01,WireCrafters,https://www.linkedin.com/company/wirecrafters-llc,wirecrafters.com,B_dealer_channel_size_unconfirmed,material_handling,Blitz employee-finder US-wide pull 2026-10-02
https://www.linkedin.com/in/christianperezwaldo,Christian P.,Christian,P.,Network Infrastructure Manager,T1_channel_dealer_owner,US,2023-04-01,Times Microwave Systems,https://www.linkedin.com/company/times-microwave-systems,timesmicrowave.com,B_dealer_channel_size_unconfirmed,none,Blitz employee-finder US-wide pull 2026-10-02
https://www.linkedin.com/in/michael-ford,Michael Ford,Michael,Ford,Global Director - Commercial Sales and Marketing,T3_marketing_leader_fallback,US,2025-10-01,Times Microwave Systems,https://www.linkedin.com/company/times-microwave-systems,timesmicrowave.com,B_dealer_channel_size_unconfirmed,none,Blitz employee-finder US-wide pull 2026-10-02
https://www.linkedin.com/in/david-kiesling-75ba462,David Kiesling,David,Kiesling,"Director, Sales & Marketing",T3_marketing_leader_fallback,US,2017-01-01,Times Microwave Systems,https://www.linkedin.com/company/times-microwave-systems,timesmicrowave.com,B_dealer_channel_size_unconfirmed,none,Blitz employee-finder US-wide pull 2026-10-02
https://www.linkedin.com/in/maureenk,Maureen Siegfried,Maureen,Siegfried,Senior Marketing Communications Manager,T2_marketing_communications,US,-,Atkore,https://www.linkedin.com/company/atkore,atkore.com,B_dealer_channel_size_unconfirmed,none,Prospeo /search-person 2026-10-07
https://www.linkedin.com/in/madilyncarothers,Madilyn Carothers,Madilyn,Carothers,Marketing Communications Manager,T2_marketing_communications,US,-,Atkore,https://www.linkedin.com/company/atkore,atkore.com,B_dealer_channel_size_unconfirmed,none,Prospeo /search-person 2026-10-07
https://www.linkedin.com/in/lauren-hunt-pharmd-bcidp-3a454386,"Lauren Hunt, PharmD, BCIDP",Lauren,"Hunt, PharmD, BCIDP","Sr Marketing Manager, Strategic Partnerships & Value Based Healthcare (clinical)",T1_channel_dealer_owner,US,2024-08-01,bioMérieux,https://www.linkedin.com/company/biomerieux,biomerieux.com,B_dealer_channel_size_unconfirmed,none,Blitz employee-finder UK/EU+US pull 2026-10-02
https://www.linkedin.com/in/thomasjohn-forestier,Thomas-john FORESTIER,Thomas-john,FORESTIER,Global Marketing Communication & Digital Manager,T2_marketing_communications,US,2023-07-01,bioMérieux,https://www.linkedin.com/company/biomerieux,biomerieux.com,B_dealer_channel_size_unconfirmed,none,Blitz employee-finder UK/EU+US pull 2026-10-02
https://www.linkedin.com/in/margaretusa,Margaret DiSantis Jennings,Margaret,DiSantis Jennings,"Head of Marketing Communications & Digital Commerce l  Food l Pharma, NORAM",T2_marketing_communications,US,2022-03-01,bioMérieux,https://www.linkedin.com/company/biomerieux,biomerieux.com,B_dealer_channel_size_unconfirmed,none,Blitz employee-finder UK/EU+US pull 2026-10-02
https://www.linkedin.com/in/brettanthonybutler,Brett Butler,Brett,Butler,Marketing Communications Manager,T2_marketing_communications,US,2023-01-01,"Navien, Inc.",https://www.linkedin.com/company/navieninc,navieninc.com,A_verified_50plus,hvac,Blitz employee-finder US-wide pull 2026-10-02
https://www.linkedin.com/in/christophernbyron,Christopher Byron (ISdc),Christopher,Byron (ISdc),Marketing & Communications Manager,T2_marketing_communications,US,2026-01-01,Cablecraft Engineered Motion Controls,https://www.linkedin.com/company/cablecraft-engineered-motion-controls,cablecraft.com,B_dealer_channel_size_unconfirmed,trucks_bodies,Blitz employee-finder UK/EU+US pull 2026-10-02
https://www.linkedin.com/in/william-bill-griffiths-5a004b6,William (Bill) Griffiths,William (Bill),Griffiths,"Vice President, Sales & Marketing",T3_marketing_leader_fallback,US,-,Cablecraft Engineered Motion Controls,https://www.linkedin.com/company/cablecraft-engineered-motion-controls,cablecraft.com,B_dealer_channel_size_unconfirmed,trucks_bodies,Blitz employee-finder UK/EU+US pull 2026-10-02
https://www.linkedin.com/in/keith-l-68b11812,Keith L.,Keith,L.,Vice President - Sales / Marketing,T3_marketing_leader_fallback,US,2004-01-01,Cablecraft Engineered Motion Controls,https://www.linkedin.com/company/cablecraft-engineered-motion-controls,cablecraft.com,B_dealer_channel_size_unconfirmed,trucks_bodies,Blitz employee-finder UK/EU+US pull 2026-10-02
https://www.linkedin.com/in/jenniferdalessandro,Jennifer Dalessandro CAPM,Jennifer,Dalessandro CAPM,Marketing Communications Manager,T2_marketing_communications,US,2023-01-01,Gorbel Inc.,https://www.linkedin.com/company/gorbel,gorbel.com,B_dealer_channel_size_unconfirmed,material_handling,Blitz employee-finder UK/EU+US pull 2026-10-02
https://www.linkedin.com/in/michael-henley-fl,Michael Henley Fl,Michael,Henley Fl,Channel Sales Manager,T2_marketing_communications,US,-,Gorbel Inc.,https://www.linkedin.com/company/gorbel,gorbel.com,B_dealer_channel_size_unconfirmed,material_handling,2026-09-28-leads.csv (Blitz)
https://www.linkedin.com/in/andrea-bottini-664b158,Andrea Bottini,Andrea,Bottini,Fleet & Network Manager - Marketing HQ,T1_channel_dealer_owner,IT,2025-08-01,PROMETEON TYRE GROUP,https://www.linkedin.com/company/prometeontyregroup,prometeon.com,B_dealer_channel_size_unconfirmed,construction_ag,Blitz employee-finder UK/EU+US pull 2026-10-02
https://www.linkedin.com/in/giulia-lagorio-177511154,Giulia Lagorio,Giulia,Lagorio,Network Planning Replacement Manager,T1_channel_dealer_owner,IT,-,PROMETEON TYRE GROUP,https://www.linkedin.com/company/prometeontyregroup,prometeon.com,B_dealer_channel_size_unconfirmed,construction_ag,Blitz employee-finder UK/EU+US pull 2026-10-02
https://www.linkedin.com/in/elia-macario-5a5340168,Elia Macario,Elia,Macario,Italy Fleet & Network Solutions Manager,T1_channel_dealer_owner,IT,2025-04-01,PROMETEON TYRE GROUP,https://www.linkedin.com/company/prometeontyregroup,prometeon.com,B_dealer_channel_size_unconfirmed,construction_ag,Blitz employee-finder UK/EU+US pull 2026-10-02
https://www.linkedin.com/in/courtneywagley,Courtney Wagley,Courtney,Wagley,Director of Marketing,T3_marketing_leader_fallback,US,2019-05-01,"Tige Boats, Inc.",https://www.linkedin.com/company/tige-boats-inc.,tige.com,B_dealer_channel_size_unconfirmed,power_equipment,Blitz employee-finder UK/EU+US pull 2026-10-02
https://www.linkedin.com/in/tom-huffman-3b865054,Tom Huffman,Tom,Huffman,Senior Network Manager,T1_channel_dealer_owner,US,2020-09-01,Hypower,https://www.linkedin.com/company/hypower-inc-,hypowerinc.com,B_dealer_channel_size_unconfirmed,power_equipment,Blitz employee-finder US-wide pull 2026-10-02
https://www.linkedin.com/in/kevin-huesman-5431b038,Kevin Huesman,Kevin,Huesman,Dealer Development Manager,T1_channel_dealer_owner,US,1979-06-01,"Purina Mills, LLC",https://www.linkedin.com/company/purinamills,purinamills.com,B_dealer_channel_size_unconfirmed,construction_ag,Blitz employee-finder UK/EU+US pull 2026-10-02
https://www.linkedin.com/in/donald-vandermey-3ba8b32a1,Donald Vandermey,Donald,Vandermey,Chief Marketing Officer,T3_marketing_leader_fallback,US,-,Floe International,https://www.linkedin.com/company/floe-international,floeintl.com,B_dealer_channel_size_unconfirmed,trailers,Prospeo /search-person 2026-10-07
https://www.linkedin.com/in/phil-boehnlein-249a719,Phil Boehnlein,Phil,Boehnlein,Marketing Communications Manager,T2_marketing_communications,US,-,"S&s Superior Coach Company, Inc",https://www.linkedin.com/company/accubuilt,ss-superior.com,B_dealer_channel_size_unconfirmed,trucks_bodies,Blitz employee-finder UK/EU+US pull 2026-10-02
https://www.linkedin.com/in/don-crawford-6171331a2,Don Crawford,Don,Crawford,Vice President of Sales & Marketing,T3_marketing_leader_fallback,US,2010-09-01,Alliedlocke Industries,https://www.linkedin.com/company/alliedlocke-industries,alliedlocke.com,B_dealer_channel_size_unconfirmed,material_handling,Blitz employee-finder UK/EU+US pull 2026-10-02
https://www.linkedin.com/in/glen-ezell-333a1034,Glen Ezell,Glen,Ezell,Dealer Development Specialist,T2_marketing_communications,US,-,Bad Boy Mowers,https://www.linkedin.com/company/bad-boy-mowers,badboycountry.com,A_verified_50plus,power_equipment,2026-09-28-leads.csv (Blitz)
https://www.linkedin.com/in/andi-riem-35a1841b9,Andi Riem,Andi,Riem,Executive Vice President of Sales and Marketing,T3_marketing_leader_fallback,US,2026-01-01,New Leader Manufacturing,https://www.linkedin.com/company/new-leader-manufacturing,newleader.com,B_dealer_channel_size_unconfirmed,construction_ag,Blitz employee-finder UK/EU+US pull 2026-10-02
https://www.linkedin.com/in/david-dohm-238999204,David Dohm,David,Dohm,Distributor Services Manager,T2_marketing_communications,-,-,Knapheide,https://www.linkedin.com/company/knapheide-manufacturing,knapheide.com,A_verified_50plus,trucks_bodies,2026-09-28-leads.csv (Blitz)
https://www.linkedin.com/in/andrew-woods-3bb80010,Andrew Woods,Andrew,Woods,Network Manager,T1_channel_dealer_owner,GB,-,Renold Ltd.,https://www.linkedin.com/company/renold-plc,renold.com,A_verified_50plus,material_handling,Blitz employee-finder UK/EU+US pull 2026-10-02
https://www.linkedin.com/in/daniel-milam-1bb236158,Daniel Milam,Daniel,Milam,Director of Marketing And Product Management,T3_marketing_leader_fallback,US,2022-09-01,Renold Ltd.,https://www.linkedin.com/company/renold-plc,renold.com,A_verified_50plus,material_handling,Blitz employee-finder UK/EU+US pull 2026-10-02
https://www.linkedin.com/in/rainer-albes-8a847211b,Rainer Albes,Rainer,Albes,Director Produktmanagement & Marketing Renold Tooth Chain,T3_marketing_leader_fallback,DE,2019-09-01,Renold Ltd.,https://www.linkedin.com/company/renold-plc,renold.com,A_verified_50plus,material_handling,Blitz employee-finder UK/EU+US pull 2026-10-02
https://www.linkedin.com/in/christinepilbeam,Christine Pilbeam,Christine,Pilbeam,Channel Marketing Manager,T1_channel_dealer_owner,GB,2026-04-01,VADO,https://www.linkedin.com/company/vado,vado.com,B_dealer_channel_size_unconfirmed,flow_hydraulics,Blitz employee-finder UK/EU+US pull 2026-10-02
https://www.linkedin.com/in/jemma-coles-82a56bb0,Jemma Coles,Jemma,Coles,Marketing Communications Manager,T2_marketing_communications,GB,2017-03-01,VADO,https://www.linkedin.com/company/vado,vado.com,B_dealer_channel_size_unconfirmed,flow_hydraulics,Blitz employee-finder UK/EU+US pull 2026-10-02
https://www.linkedin.com/in/madison-tonge-7a8293125,Madison Tonge,Madison,Tonge,Marketing Communications Manager,T2_marketing_communications,GB,2025-12-01,VADO,https://www.linkedin.com/company/vado,vado.com,B_dealer_channel_size_unconfirmed,flow_hydraulics,Blitz employee-finder UK/EU+US pull 2026-10-02
https://www.linkedin.com/in/ulrike-veit-55a242180,Ulrike Veit,Ulrike,Veit,Director Marketing Communications,T2_marketing_communications,DE,2018-06-01,LIFTKET Hoffmann GmbH,https://www.linkedin.com/company/liftket,liftket.de,B_dealer_channel_size_unconfirmed,material_handling,Blitz employee-finder UK/EU+US pull 2026-10-02
https://www.linkedin.com/in/nick-moore-b009952,Nick Moore,Nick,Moore,VP of Sales and Marketing,T3_marketing_leader_fallback,US,2025-01-01,Milsco LLC,https://www.linkedin.com/company/milsco-manufacturing,milsco.com,B_dealer_channel_size_unconfirmed,construction_ag,Blitz employee-finder UK/EU+US pull 2026-10-02
https://www.linkedin.com/in/holmjeff,Jeff Holm,Jeff,Holm,"Manager, Marketing Communications",T2_marketing_communications,US,2022-01-01,LG HVAC Solutions USA,https://www.linkedin.com/company/lg-air-conditioning-systems,lghvac.com,A_verified_50plus,hvac,Blitz employee-finder US-wide pull 2026-10-02
https://www.linkedin.com/in/michaela-friemer-5633a125,Michaela Friemer,Michaela,Friemer,Head of Marketing & Communication,T2_marketing_communications,DE,2020-07-01,Temco – Rieter Components Germany GmbH,https://www.linkedin.com/company/temco,temco.de,B_dealer_channel_size_unconfirmed,flow_hydraulics,Blitz employee-finder UK/EU+US pull 2026-10-02
https://www.linkedin.com/in/sandrine-maneveau-a78b1a1,Sandrine Maneveau,Sandrine,Maneveau,Marketing Communication Manager,T2_marketing_communications,FR,2024-07-01,Metso,https://www.linkedin.com/company/metsoofficial,metso.com,B_dealer_channel_size_unconfirmed,construction_ag,Blitz employee-finder UK/EU+US pull 2026-10-02
https://www.linkedin.com/in/anthony-h-bouvie,Anthony Bouvié,Anthony,Bouvié,Vice President Global Sales and Marketing at MPP,T3_marketing_leader_fallback,SE,2024-01-01,Metso,https://www.linkedin.com/company/metsoofficial,metso.com,B_dealer_channel_size_unconfirmed,construction_ag,Blitz employee-finder UK/EU+US pull 2026-10-02
https://www.linkedin.com/in/polinabrachkov,Polina Brachkov,Polina,Brachkov,"Director, Marketing Enablers",T3_marketing_leader_fallback,FI,2026-01-01,Metso,https://www.linkedin.com/company/metsoofficial,metso.com,B_dealer_channel_size_unconfirmed,construction_ag,Blitz employee-finder UK/EU+US pull 2026-10-02
https://www.linkedin.com/in/moran-sacagiu,Moran Sacagiu,Moran,Sacagiu,Stratigic Marketing Partner,T1_channel_dealer_owner,MT,2020-01-01,Quaker Houghton,https://www.linkedin.com/company/quakerhoughton,quakerhoughton.com,B_dealer_channel_size_unconfirmed,none,Blitz employee-finder US-wide pull 2026-10-02
https://www.linkedin.com/in/jessica-sabedra-518b292a,Jessica Sabedra,Jessica,Sabedra,Director Global Marketing Communications,T2_marketing_communications,US,2019-08-01,Quaker Houghton,https://www.linkedin.com/company/quakerhoughton,quakerhoughton.com,B_dealer_channel_size_unconfirmed,none,Blitz employee-finder US-wide pull 2026-10-02
https://www.linkedin.com/in/mh-eva-40871179,Mh Eva,Mh,Eva,Head of marketing communications,T2_marketing_communications,AT,2006-01-01,KEBA Group,https://www.linkedin.com/company/keba-group,keba.com,B_dealer_channel_size_unconfirmed,hvac,Blitz employee-finder UK/EU+US pull 2026-10-02
https://www.linkedin.com/in/magdanion,Magdalena Nion Barabanova,Magdalena,Nion Barabanova,Responsable Marketing Régional - France,T3_marketing_leader_fallback,FR,2023-02-01,KEBA Group,https://www.linkedin.com/company/keba-group,keba.com,B_dealer_channel_size_unconfirmed,hvac,Blitz employee-finder UK/EU+US pull 2026-10-02
https://www.linkedin.com/in/lisa-weilharter-99202993,Lisa Weilharter,Lisa,Weilharter,Head of Marketing KEBA Energy Automation,T3_marketing_leader_fallback,AT,2025-03-01,KEBA Group,https://www.linkedin.com/company/keba-group,keba.com,B_dealer_channel_size_unconfirmed,hvac,Blitz employee-finder UK/EU+US pull 2026-10-02
https://www.linkedin.com/in/ray-peden-88680134,Ray Peden,Ray,Peden,"Vice President, Dealer Sales – U.S. FEG Sales & Marketing",T1_channel_dealer_owner,US,2025-09-01,ITW Food Equipment Group,https://www.linkedin.com/company/itw-food-equipment-group,itwfoodequipment.com,B_dealer_channel_size_unconfirmed,hvac,Blitz employee-finder US-wide pull 2026-10-02
https://www.linkedin.com/in/toddblair,Todd Blair,Todd,Blair,Senior Director of Marketing,T3_marketing_leader_fallback,US,2016-09-01,ITW Food Equipment Group,https://www.linkedin.com/company/itw-food-equipment-group,itwfoodequipment.com,B_dealer_channel_size_unconfirmed,hvac,Blitz employee-finder US-wide pull 2026-10-02
https://www.linkedin.com/in/rafaelgreyes,Rafael Reyes,Rafael,Reyes,Director of Sales & Marketing - Global Weigh Wrap Division,T3_marketing_leader_fallback,US,2026-01-01,ITW Food Equipment Group,https://www.linkedin.com/company/itw-food-equipment-group,itwfoodequipment.com,B_dealer_channel_size_unconfirmed,hvac,Blitz employee-finder US-wide pull 2026-10-02
https://www.linkedin.com/in/joelewisnxg,Joe Lewis,Joe,Lewis,Vice President Sales & Marketing,T3_marketing_leader_fallback,US,-,Big Tex Trailers,https://www.linkedin.com/company/big-tex-trailers,bigtextrailers.com,A_verified_50plus,trailers,Blitz employee-finder UK/EU+US pull 2026-10-02
https://www.linkedin.com/in/jodi-hess-9055604,Jodi Hess,Jodi,Hess,Director of Marketing,T3_marketing_leader_fallback,US,-,Big Tex Trailers,https://www.linkedin.com/company/big-tex-trailers,bigtextrailers.com,A_verified_50plus,trailers,Blitz employee-finder UK/EU+US pull 2026-10-02
https://www.linkedin.com/in/robert-todt-13294128,Robert Todt,Robert,Todt,Dealer Development Manager,T1_channel_dealer_owner,CZ,-,BYD North America,https://www.linkedin.com/company/byd-north-america,byd.com,B_dealer_channel_size_unconfirmed,material_handling,Prospeo /search-person 2026-10-07
https://www.linkedin.com/in/aris-xinyi-huang,Aris Huang,Aris,Huang,Dealer Marketing Specialist,T1_channel_dealer_owner,FR,-,BYD North America,https://www.linkedin.com/company/byd-north-america,byd.com,B_dealer_channel_size_unconfirmed,material_handling,Prospeo /search-person 2026-10-07
https://www.linkedin.com/in/francesca-cavicchioli,Francesca Cavicchioli,Francesca,Cavicchioli,Responsabile Marketing e comunicazione Italia,T2_marketing_communications,IT,-,Argo Tractors S.p.A.,https://www.linkedin.com/company/argotractors,argotractors.com,B_dealer_channel_size_unconfirmed,construction_ag,Blitz employee-finder UK/EU+US pull 2026-10-02
https://www.linkedin.com/in/alanveteto,Alan Veteto,Alan,Veteto,"VP-Sales & Marketing, USA/Canada",T3_marketing_leader_fallback,US,2023-01-01,DelVal Flow Controls,https://www.linkedin.com/company/delvalflow,delvalflow.com,A_verified_50plus,flow_hydraulics,Blitz employee-finder UK/EU+US pull 2026-10-02
https://www.linkedin.com/in/kenneth-shoff-ba48a5234,Kenneth Shoff,Kenneth,Shoff,Director of S.E. Asia Sales & Marketing,T3_marketing_leader_fallback,US,-,DelVal Flow Controls,https://www.linkedin.com/company/delvalflow,delvalflow.com,A_verified_50plus,flow_hydraulics,Blitz employee-finder UK/EU+US pull 2026-10-02
https://www.linkedin.com/in/robert-rossie-67b64a33,Robert Rossie,Robert,Rossie,Dealer Development Manager,T1_channel_dealer_owner,US,-,Manitou North America,https://www.linkedin.com/company/manitou-north-america,manitou.com,B_dealer_channel_size_unconfirmed,material_handling,Prospeo /search-person 2026-10-07
https://www.linkedin.com/in/dominique-cesar-296b2b160,Dominique Cesar,Dominique,Cesar,Business and Partnership development Mgr Sales Financing - Group Product Mgr Wholesale financing,T1_channel_dealer_owner,BE,-,Manitou North America,https://www.linkedin.com/company/manitou-north-america,manitou.com,B_dealer_channel_size_unconfirmed,material_handling,Prospeo /search-person 2026-10-07
https://www.linkedin.com/in/valérie-mougin-5b65b1119,Valérie Mougin,Valérie,Mougin,Global dealer network manager,T1_channel_dealer_owner,FR,-,Manitou North America,https://www.linkedin.com/company/manitou-north-america,manitou.com,B_dealer_channel_size_unconfirmed,material_handling,Prospeo /search-person 2026-10-07
https://www.linkedin.com/in/tony-wisker-94a93512,Tony Wisker,Tony,Wisker,"Vice President, Sales & Marketing",T3_marketing_leader_fallback,US,-,"Great Plains Manufacturing, Inc.",https://www.linkedin.com/company/great-plains-manufacturing-inc-,greatplainsmfg.com,B_dealer_channel_size_unconfirmed,construction_ag,Blitz employee-finder UK/EU+US pull 2026-10-02
https://www.linkedin.com/in/kevin-teakell-3b17141a5,Kevin Teakell,Kevin,Teakell,Director of Marketing and New Product Development,T3_marketing_leader_fallback,US,-,AAON,https://www.linkedin.com/company/aaon,aaon.com,B_dealer_channel_size_unconfirmed,hvac,Blitz employee-finder UK/EU+US pull 2026-10-02
https://www.linkedin.com/in/rob-teis-a06b28a5,Rob Teis,Rob,Teis,Vice President of Sales & Marketing,T3_marketing_leader_fallback,US,-,AAON,https://www.linkedin.com/company/aaon,aaon.com,B_dealer_channel_size_unconfirmed,hvac,Blitz employee-finder UK/EU+US pull 2026-10-02
https://www.linkedin.com/in/sebastianquijanorincon,Sebastian Quijano,Sebastian,Quijano,"Marketing, Ventas y Comunicación Manager",T2_marketing_communications,ES,2023-01-01,Valtra Inc.,https://www.linkedin.com/company/valtra-inc-,valtra.com,A_verified_50plus,construction_ag,Blitz employee-finder UK/EU+US pull 2026-10-02
https://www.linkedin.com/in/matti-tiitinen-74262ba7,Matti Tiitinen,Matti,Tiitinen,Vice President Sales and Marketing,T3_marketing_leader_fallback,FI,2024-01-01,Valtra Inc.,https://www.linkedin.com/company/valtra-inc-,valtra.com,A_verified_50plus,construction_ag,Blitz employee-finder UK/EU+US pull 2026-10-02
https://www.linkedin.com/in/christian-kemper-5b1210255,Christian Kemper,Christian,Kemper,Manager Marketing Communications,T2_marketing_communications,DE,-,Wavin GmbH,https://www.linkedin.com/company/wavin-gmbh,wavin.de,B_dealer_channel_size_unconfirmed,hvac,Blitz employee-finder UK/EU+US pull 2026-10-02
https://www.linkedin.com/in/efalcomer,Eva Falcomer,Eva,Falcomer,Channel Marketing Supervisor EMEA | Contractor Division,T1_channel_dealer_owner,BE,2026-01-01,Graco,https://www.linkedin.com/company/gracoinc,graco.com,B_dealer_channel_size_unconfirmed,flow_hydraulics,Blitz employee-finder UK/EU+US pull 2026-10-02
https://www.linkedin.com/in/teganmscott,-,-,-,Director Global Channel Marketing  - Industrial Division,T1_channel_dealer_owner,US,2026-01-01,Graco,https://www.linkedin.com/company/gracoinc,graco.com,B_dealer_channel_size_unconfirmed,flow_hydraulics,Blitz employee-finder UK/EU+US pull 2026-10-02
https://www.linkedin.com/in/paul-lemens-0a844a3,Paul Lemens,Paul,Lemens,Director Of Business Development | Global Manufacturing Partnerships,T1_channel_dealer_owner,US,2020-02-01,Graco,https://www.linkedin.com/company/gracoinc,graco.com,B_dealer_channel_size_unconfirmed,flow_hydraulics,Blitz employee-finder UK/EU+US pull 2026-10-02
https://www.linkedin.com/in/charlesclaughlin,Charlie Laughlin,Charlie,Laughlin,Head of Sales & Channel Development,T1_channel_dealer_owner,US,2025-12-01,ELGi North America,https://www.linkedin.com/company/elginorthamerica,elgi.us,B_dealer_channel_size_unconfirmed,power_equipment,Blitz employee-finder UK/EU+US pull 2026-10-02
https://www.linkedin.com/in/grayson-biggins-4b688134,Grayson Biggins,Grayson,Biggins,Director Of Channel Development and Logistics,T1_channel_dealer_owner,US,-,ELGi North America,https://www.linkedin.com/company/elginorthamerica,elgi.us,B_dealer_channel_size_unconfirmed,power_equipment,2026-09-28-leads.csv (Blitz)
https://www.linkedin.com/in/nue-xiong-22192987,Nue Xiong,Nue,Xiong,Channel Development Specialist,T2_marketing_communications,-,-,ELGi North America,https://www.linkedin.com/company/elginorthamerica,elgi.us,B_dealer_channel_size_unconfirmed,power_equipment,2026-09-28-leads.csv (Blitz)
https://www.linkedin.com/in/samuel-dean-2914963a,Samuel Dean,Samuel,Dean,Director of Sales and Marketing,T3_marketing_leader_fallback,US,2012-04-01,"Whitney Tool Company, Inc.",https://www.linkedin.com/company/whitney-tool-company-inc-,whitneytool.com,B_dealer_channel_size_unconfirmed,flow_hydraulics,Blitz employee-finder UK/EU+US pull 2026-10-02
https://www.linkedin.com/in/peter-koren-2b27a61ab,Peter Koren,Peter,Koren,Strategic Partner Development Manager,T1_channel_dealer_owner,AT,2023-09-01,PALFINGER,https://www.linkedin.com/company/palfingerag,palfinger.com,A_verified_50plus,material_handling,Blitz employee-finder UK/EU+US pull 2026-10-02
https://www.linkedin.com/in/pedro-jose-cavero-relancio-916735a2,Pedro Jose Cavero Relancio,Pedro Jose,Cavero Relancio,Network development Manager MEA Palfinger,T1_channel_dealer_owner,ES,2022-01-01,PALFINGER,https://www.linkedin.com/company/palfingerag,palfinger.com,A_verified_50plus,material_handling,Blitz employee-finder UK/EU+US pull 2026-10-02
https://www.linkedin.com/in/staffan-mathiasson-387b08a,Staffan Mathiasson,Staffan,Mathiasson,Network Development Manager,T1_channel_dealer_owner,SE,2022-07-01,PALFINGER,https://www.linkedin.com/company/palfingerag,palfinger.com,A_verified_50plus,material_handling,Blitz employee-finder UK/EU+US pull 2026-10-02
https://www.linkedin.com/in/anna-butiny%c3%a0-rami%c3%b3-04461411b,Anna Butinyà Ramió,Anna,Butinyà Ramió,Marketing Communications Manager,T2_marketing_communications,ES,2017-01-01,INOXPA,https://www.linkedin.com/company/inoxpa,inoxpa.com,B_dealer_channel_size_unconfirmed,flow_hydraulics,Blitz employee-finder UK/EU+US pull 2026-10-02
https://www.linkedin.com/in/matthias-oetting-83933019,Matthias Oetting,Matthias,Oetting,Global Marketing Director | Global Network Lead Marketing,T1_channel_dealer_owner,DE,2023-10-01,Hettich Group,https://www.linkedin.com/company/hettich-group,hettich.com,A_verified_50plus,none,Blitz employee-finder UK/EU+US pull 2026-10-02
https://www.linkedin.com/in/andrea-bergamo-617b64164,Andrea Bergamo,Andrea,Bergamo,Group Head of Marketing FGV /HIT Head of Marketing HETTICH,T3_marketing_leader_fallback,IT,2024-10-01,Hettich Group,https://www.linkedin.com/company/hettich-group,hettich.com,A_verified_50plus,none,Blitz employee-finder UK/EU+US pull 2026-10-02
https://www.linkedin.com/in/elke-meyer-72179ab8,Elke Meyer,Elke,Meyer,Head of Marketing Concepts,T3_marketing_leader_fallback,DE,2024-06-01,Hettich Group,https://www.linkedin.com/company/hettich-group,hettich.com,A_verified_50plus,none,Blitz employee-finder UK/EU+US pull 2026-10-02
https://www.linkedin.com/in/jeremy-brzycki,Jeremy Brzycki,Jeremy,Brzycki,Director of Channel Development,T1_channel_dealer_owner,US,2025-12-01,Autocar Trucks,https://www.linkedin.com/company/autocar,autocartruck.com,B_dealer_channel_size_unconfirmed,trucks_bodies,Blitz employee-finder UK/EU+US pull 2026-10-02
https://www.linkedin.com/in/juanmikesantoy,Juan Santoy,Juan,Santoy,National Dealer Sales Manager,T2_marketing_communications,US,-,Autocar Trucks,https://www.linkedin.com/company/autocar,autocartruck.com,B_dealer_channel_size_unconfirmed,trucks_bodies,2026-09-28-leads.csv (Blitz)
https://www.linkedin.com/in/lindsaysperling,Lindsay Sperling,Lindsay,Sperling,Manager of Marketing Communications,T2_marketing_communications,US,2026-03-01,Amphenol RF,https://www.linkedin.com/company/amphenol-rf,amphenolrf.com,B_dealer_channel_size_unconfirmed,none,Blitz employee-finder US-wide pull 2026-10-02
https://www.linkedin.com/in/danielle-mohr,Danielle M.,Danielle,M.,Channel Marketing Manager,T1_channel_dealer_owner,US,2024-01-01,Enerpac,https://www.linkedin.com/company/enerpac,enerpac.com,B_dealer_channel_size_unconfirmed,flow_hydraulics,Blitz employee-finder UK/EU+US pull 2026-10-02
https://www.linkedin.com/in/wpierce,Will Pierce,Will,Pierce,VP of Sales and Marketing,T3_marketing_leader_fallback,US,2023-03-01,"Flexaseal Engineered Seals and Systems, LLC",https://www.linkedin.com/company/flexaseal,flexaseal.com,B_dealer_channel_size_unconfirmed,flow_hydraulics,Blitz employee-finder UK/EU+US pull 2026-10-02
https://www.linkedin.com/in/jamestalbott,James Talbott,James,Talbott,Senior Manager Network Operations,T1_channel_dealer_owner,US,2007-12-01,Wabash,https://www.linkedin.com/company/wabash,onewabash.com,B_dealer_channel_size_unconfirmed,trucks_bodies,Blitz employee-finder US-wide pull 2026-10-02
https://www.linkedin.com/in/rhondazielinski,Rhonda Zielinski,Rhonda,Zielinski,Sr. Director Marketing and Communications,T3_marketing_leader_fallback,US,2024-03-01,Wabash,https://www.linkedin.com/company/wabash,onewabash.com,B_dealer_channel_size_unconfirmed,trucks_bodies,Blitz employee-finder US-wide pull 2026-10-02
https://www.linkedin.com/in/jacobtache,Jacob Tache,Jacob,Tache,"Director of Marketing, Recurring Revenue",T3_marketing_leader_fallback,US,2024-05-01,Wabash,https://www.linkedin.com/company/wabash,onewabash.com,B_dealer_channel_size_unconfirmed,trucks_bodies,Blitz employee-finder US-wide pull 2026-10-02
https://www.linkedin.com/in/erniekwan,Ernie Kwan,Ernie,Kwan,"General Manager, Sales and Strategic Partner Development",T1_channel_dealer_owner,US,2025-06-01,Supermicro,https://www.linkedin.com/company/supermicro,supermicro.com,B_dealer_channel_size_unconfirmed,none,Blitz employee-finder US-wide pull 2026-10-02
https://www.linkedin.com/in/ktsao,Kris Tsao,Kris,Tsao,"Director, Partner Solution Marketing",T1_channel_dealer_owner,US,-,Supermicro,https://www.linkedin.com/company/supermicro,supermicro.com,B_dealer_channel_size_unconfirmed,none,Blitz employee-finder US-wide pull 2026-10-02
https://www.linkedin.com/in/dannyhanson,Danny Hanson,Danny,Hanson,"Senior Director, AI Network Products",T1_channel_dealer_owner,US,2023-10-01,Supermicro,https://www.linkedin.com/company/supermicro,supermicro.com,B_dealer_channel_size_unconfirmed,none,Blitz employee-finder US-wide pull 2026-10-02
https://www.linkedin.com/in/craig-bennett-b2547b322,craig bennett,craig,bennett,Sr VP Sales and Marketing,T3_marketing_leader_fallback,US,-,Utility Trailer Manufacturing Company,https://www.linkedin.com/company/utility-trailer-manufacturing-company,utilitytrailer.com,B_dealer_channel_size_unconfirmed,trailers,Blitz employee-finder UK/EU+US pull 2026-10-02
https://www.linkedin.com/in/markus-hofstetter-999428142,Markus Hofstetter,Markus,Hofstetter,Marketing Communication Manager,T2_marketing_communications,DE,2018-06-01,Anderson-Negele,https://www.linkedin.com/company/anderson-negele,anderson-negele.com,B_dealer_channel_size_unconfirmed,none,Blitz employee-finder US-wide pull 2026-10-02
https://www.linkedin.com/in/anantaggarwal,Anant Aggarwal,Anant,Aggarwal,Global Head of Product & Marketing,T3_marketing_leader_fallback,US,2025-08-01,Anderson-Negele,https://www.linkedin.com/company/anderson-negele,anderson-negele.com,B_dealer_channel_size_unconfirmed,none,Blitz employee-finder US-wide pull 2026-10-02
https://www.linkedin.com/in/william-wilson-36b478162,William Wilson,William,Wilson,VP Marketing,T3_marketing_leader_fallback,US,-,Anderson-Negele,https://www.linkedin.com/company/anderson-negele,anderson-negele.com,B_dealer_channel_size_unconfirmed,none,Blitz employee-finder US-wide pull 2026-10-02
https://www.linkedin.com/in/patrick-heremans-4598255,Patrick Heremans,Patrick,Heremans,Market and Channel Development Manager,T1_channel_dealer_owner,BE,2016-10-01,BAC EMENA,https://www.linkedin.com/company/baltimore-aircoil-international-nv,baltimoreaircoil.eu,B_dealer_channel_size_unconfirmed,hvac,Blitz employee-finder UK/EU+US pull 2026-10-02
https://www.linkedin.com/in/tomverschuere,Tom Verschuere,Tom,Verschuere,Marketing & Communications Team Lead,T2_marketing_communications,BE,2026-01-01,stow Group,https://www.linkedin.com/company/stow-group,stow-group.com,B_dealer_channel_size_unconfirmed,material_handling,Blitz employee-finder UK/EU+US pull 2026-10-02
https://www.linkedin.com/in/marcelassmann,Marcel Aßmann,Marcel,Aßmann,VP Marketing & Communication,T2_marketing_communications,DE,-,Kelvion,https://www.linkedin.com/company/kelvionhx,kelvion.com,B_dealer_channel_size_unconfirmed,hvac,Blitz employee-finder UK/EU+US pull 2026-10-02
https://www.linkedin.com/in/benoit-louis,benoit LOUIS,benoit,LOUIS,Directeur commercial et marketing,T3_marketing_leader_fallback,FR,2020-03-01,Kelvion,https://www.linkedin.com/company/kelvionhx,kelvion.com,B_dealer_channel_size_unconfirmed,hvac,Blitz employee-finder UK/EU+US pull 2026-10-02
https://www.linkedin.com/in/chad-taylor-69062643,Chad Taylor,Chad,Taylor,"Director, Sales & Marketing",T3_marketing_leader_fallback,US,2014-04-01,OTR Engineered Solutions,https://www.linkedin.com/company/otrwheel,otrwheel.com,B_dealer_channel_size_unconfirmed,construction_ag,Blitz employee-finder UK/EU+US pull 2026-10-02
https://www.linkedin.com/in/clint-erickson-35669616,Clint Erickson,Clint,Erickson,Director of Strategy and Distribution Development,T1_channel_dealer_owner,US,-,AGCO Corporation,https://www.linkedin.com/company/agco-corporation,agcocorp.com,A_verified_50plus,construction_ag,Blitz employee-finder UK/EU+US pull 2026-10-02
https://www.linkedin.com/in/rppatel4,Ruchir Patel,Ruchir,Patel,Vice President Global Dealer Development,T1_channel_dealer_owner,US,2023-07-01,AGCO Corporation,https://www.linkedin.com/company/agco-corporation,agcocorp.com,A_verified_50plus,construction_ag,Blitz employee-finder UK/EU+US pull 2026-10-02
https://www.linkedin.com/in/adrianabrenner,Adriana Brenner,Adriana,Brenner,"Program, Transformation and Communication Manager, Global Dealer Success and Performance",T1_channel_dealer_owner,DE,2024-02-01,AGCO Corporation,https://www.linkedin.com/company/agco-corporation,agcocorp.com,A_verified_50plus,construction_ag,Blitz employee-finder UK/EU+US pull 2026-10-02
https://www.linkedin.com/in/ryan-jarzen-76aba862,Ryan Jarzen,Ryan,Jarzen,National Channel Sales Manager,T2_marketing_communications,US,-,Crane ChemPharma & Energy,https://www.linkedin.com/company/crane-chempharma-energy,cranecpe.com,A_verified_50plus,flow_hydraulics,2026-09-28-leads.csv (Blitz)
https://www.linkedin.com/in/yen-yoon,Yen Yoon,Yen,Yoon,"Director, Channel Sales and Marketing Programs",T1_channel_dealer_owner,US,2025-01-01,Bosch Home Comfort Group,https://www.linkedin.com/company/boschhomecomfortgroup,bosch-homecomfortgroup.com,B_dealer_channel_size_unconfirmed,hvac,Blitz employee-finder UK/EU+US pull 2026-10-02
https://www.linkedin.com/in/tom-morton-b477b71a4,Tom Morton,Tom,Morton,Direct Channel Manager Bosch Home Comfort Group - Hitachi Brand,T1_channel_dealer_owner,GB,2025-12-01,Bosch Home Comfort Group,https://www.linkedin.com/company/boschhomecomfortgroup,bosch-homecomfortgroup.com,B_dealer_channel_size_unconfirmed,hvac,Blitz employee-finder UK/EU+US pull 2026-10-02
https://www.linkedin.com/in/shannon-k-teiber-mba-pmp,"Shannon Teiber, MBA, PMP",Shannon,"Teiber, MBA, PMP",Marketing Communications Manager,T2_marketing_communications,US,2025-08-01,Bosch Home Comfort Group,https://www.linkedin.com/company/boschhomecomfortgroup,bosch-homecomfortgroup.com,B_dealer_channel_size_unconfirmed,hvac,Blitz employee-finder UK/EU+US pull 2026-10-02
https://www.linkedin.com/in/jimevangel,Dimitri (Jim) Evangelopoulos,Dimitri (Jim),Evangelopoulos,"Director of Sales, Technology Network – Europe, Middle East & Africa",T1_channel_dealer_owner,US,2026-01-01,CNH,https://www.linkedin.com/company/cnh,cnh.com,A_verified_50plus,construction_ag,Blitz employee-finder UK/EU+US pull 2026-10-02
https://www.linkedin.com/in/lieven-bonte-66b9832,Lieven Bonte,Lieven,Bonte,Network Development Manager Benelux,T1_channel_dealer_owner,BE,2013-07-01,CNH,https://www.linkedin.com/company/cnh,cnh.com,A_verified_50plus,construction_ag,Blitz employee-finder UK/EU+US pull 2026-10-02
https://www.linkedin.com/in/bethany-jopling-pcm-cdmp-8642ab173,"Bethany Jopling, PCM, CDMP",Bethany,"Jopling, PCM, CDMP",Marketing Communications Lead,T2_marketing_communications,US,2022-06-01,Bridon® Steel Wire Ropes by Bekaert,https://www.linkedin.com/company/bridon-bekaert,bridon-bekaert.com,B_dealer_channel_size_unconfirmed,flow_hydraulics,Blitz employee-finder UK/EU+US pull 2026-10-02
https://www.linkedin.com/in/marc-besson-gregoirebesson,Marc Besson 🇨🇵,Marc,Besson 🇨🇵,Responsable marketing et communication,T2_marketing_communications,FR,2020-09-01,Grégoire Besson,https://www.linkedin.com/company/gregoirebesson,gregoire-besson.com,B_dealer_channel_size_unconfirmed,construction_ag,Blitz employee-finder UK/EU+US pull 2026-10-02
https://www.linkedin.com/in/marley-flowers-3a780450,Marley Flowers,Marley,Flowers,Director of Sales & Marketing,T3_marketing_leader_fallback,US,-,Mahr Metering Systems,https://www.linkedin.com/company/mahr-metering-systems,mahrusa.com,A_verified_50plus,flow_hydraulics,Blitz employee-finder UK/EU+US pull 2026-10-02
https://www.linkedin.com/in/ilka-haase-48bba6236,Ilka Haase,Ilka,Haase,Head of Marketing & Produktmangement,T3_marketing_leader_fallback,DE,2013-01-01,Mahr Metering Systems,https://www.linkedin.com/company/mahr-metering-systems,mahrusa.com,A_verified_50plus,flow_hydraulics,Blitz employee-finder UK/EU+US pull 2026-10-02
https://www.linkedin.com/in/markdheller,Mark Heller,Mark,Heller,Marketing Communications Manager,T2_marketing_communications,US,2019-08-01,SafeWorks LLC,https://www.linkedin.com/company/safeworks-llc,safeworks.com,B_dealer_channel_size_unconfirmed,construction_ag,Blitz employee-finder US-wide pull 2026-10-02
https://www.linkedin.com/in/heidi-krueger-07a66213,Heidi Krueger,Heidi,Krueger,Marketing Communications Manager,T2_marketing_communications,US,2004-01-01,SafeWorks LLC,https://www.linkedin.com/company/safeworks-llc,safeworks.com,B_dealer_channel_size_unconfirmed,construction_ag,Blitz employee-finder US-wide pull 2026-10-02
https://www.linkedin.com/in/seth-devoe-b65654234,Seth DeVoe,Seth,DeVoe,Distributor Sales Manager,T2_marketing_communications,US,-,Aebi Schmidt USA,https://www.linkedin.com/company/aebi-schmidt-usa,aebi-schmidt.com,A_verified_50plus,trucks_bodies,2026-09-28-leads.csv (Blitz)
https://www.linkedin.com/in/scott-hanewall-a108b616,Scott Hanewall,Scott,Hanewall,VP Sales & Marketing,T3_marketing_leader_fallback,US,2019-02-01,Aebi Schmidt USA,https://www.linkedin.com/company/aebi-schmidt-usa,aebi-schmidt.com,A_verified_50plus,trucks_bodies,Blitz employee-finder UK/EU+US pull 2026-10-02
https://www.linkedin.com/in/amanda-pickett-75183268,Amanda Pickett,Amanda,Pickett,"Director of Marketing, North America",T3_marketing_leader_fallback,US,2024-10-01,Aebi Schmidt USA,https://www.linkedin.com/company/aebi-schmidt-usa,aebi-schmidt.com,A_verified_50plus,trucks_bodies,Blitz employee-finder UK/EU+US pull 2026-10-02
https://www.linkedin.com/in/andrew-grose-4727995,Andrew Grose,Andrew,Grose,Vice President & General Manager of Grote Networks,T1_channel_dealer_owner,US,2024-03-01,Grote Industries,https://www.linkedin.com/company/grote-industries-llc,grote.com,B_dealer_channel_size_unconfirmed,trucks_bodies,Blitz employee-finder UK/EU+US pull 2026-10-02
https://www.linkedin.com/in/cbiank,CJ Biank,CJ,Biank,"Director, Product & Business Development - Networks",T1_channel_dealer_owner,US,2026-02-01,Grote Industries,https://www.linkedin.com/company/grote-industries-llc,grote.com,B_dealer_channel_size_unconfirmed,trucks_bodies,Blitz employee-finder UK/EU+US pull 2026-10-02
https://www.linkedin.com/in/violetta-kohler-6515697a,Violetta Kohler,Violetta,Kohler,Internal Communications & Marketing Communications Manager,T2_marketing_communications,DE,2022-03-01,ProMinent Group,https://www.linkedin.com/company/prominentgroup,prominent.com,B_dealer_channel_size_unconfirmed,flow_hydraulics,Blitz employee-finder UK/EU+US pull 2026-10-02
https://www.linkedin.com/in/ulrike-reinhard,Ulrike Reinhard,Ulrike,Reinhard,"Director Global Marketing | Corporate Communications, Brand, Digital Sales, Learning & Academy",T3_marketing_leader_fallback,DE,2024-01-01,ProMinent Group,https://www.linkedin.com/company/prominentgroup,prominent.com,B_dealer_channel_size_unconfirmed,flow_hydraulics,Blitz employee-finder UK/EU+US pull 2026-10-02
https://www.linkedin.com/in/andreaszuehlcke,Andreas Zühlcke,Andreas,Zühlcke,VP Product Management and Marketing / Prokurist,T3_marketing_leader_fallback,DE,2022-09-01,ProMinent Group,https://www.linkedin.com/company/prominentgroup,prominent.com,B_dealer_channel_size_unconfirmed,flow_hydraulics,Blitz employee-finder UK/EU+US pull 2026-10-02
https://www.linkedin.com/in/gurtner,Barbara Gurtner,Barbara,Gurtner,Head of Corporate Marketing & Communications,T2_marketing_communications,AT,2026-04-01,Kässbohrer Transport Technik GmbH - Driven by professionals®,https://www.linkedin.com/company/k%c3%a4ssbohrer-transport-technik,kaessbohrer.at,B_dealer_channel_size_unconfirmed,trailers,Blitz employee-finder UK/EU+US pull 2026-10-02
https://www.linkedin.com/in/edward-nelson-40884235,Edward Nelson,Edward,Nelson,Network Ops & Portfolio Perf Manager,T1_channel_dealer_owner,US,2026-01-01,Volvo Trucks North America,https://www.linkedin.com/company/volvo-trucks-north-america,volvotrucks.us,A_verified_50plus,trucks_bodies,Blitz employee-finder US-wide pull 2026-10-02
https://www.linkedin.com/in/david-thomasma-66a37926,David Thomasma,David,Thomasma,Dealer Development Manager,T1_channel_dealer_owner,US,2019-11-01,Volvo Trucks North America,https://www.linkedin.com/company/volvo-trucks-north-america,volvotrucks.us,A_verified_50plus,trucks_bodies,Blitz employee-finder US-wide pull 2026-10-02
https://www.linkedin.com/in/prateek-gopisetty-2016818b,Prateek Gopisetty,Prateek,Gopisetty,Supply Partner Development - Crisis & Risk Leader,T1_channel_dealer_owner,US,2024-01-01,Volvo Trucks North America,https://www.linkedin.com/company/volvo-trucks-north-america,volvotrucks.us,A_verified_50plus,trucks_bodies,Blitz employee-finder US-wide pull 2026-10-02
https://www.linkedin.com/in/caroline-grant-mcipd-163977195,Caroline Grant MCIPD,Caroline,Grant MCIPD,Learning and Development Buisness Partner,T1_channel_dealer_owner,GB,2019-11-01,Routeco,https://www.linkedin.com/company/routeco,routeco.com,B_dealer_channel_size_unconfirmed,flow_hydraulics,Blitz employee-finder UK/EU+US pull 2026-10-02
https://www.linkedin.com/in/bruno-verhaeghe-45543323,Bruno Verhaeghe,Bruno,Verhaeghe,Regional Director - LMH Network Partner Management - BeNeLux,T1_channel_dealer_owner,BE,2026-01-01,Linde Material Handling,https://www.linkedin.com/company/linde-material-handling,linde-mh.com,B_dealer_channel_size_unconfirmed,material_handling,Blitz employee-finder UK/EU+US pull 2026-10-02
https://www.linkedin.com/in/sorin-plugariu-8020625,Sorin Plugariu,Sorin,Plugariu,Regional Director - LMH Network Partner Management - Region Central Eurasia,T1_channel_dealer_owner,RO,2026-01-01,Linde Material Handling,https://www.linkedin.com/company/linde-material-handling,linde-mh.com,B_dealer_channel_size_unconfirmed,material_handling,Blitz employee-finder UK/EU+US pull 2026-10-02
https://www.linkedin.com/in/daniel-bieker-443068230,Daniel Bieker,Daniel,Bieker,Business Development Manager Händlernetzwerk,T1_channel_dealer_owner,DE,-,Linde Material Handling,https://www.linkedin.com/company/linde-material-handling,linde-mh.com,B_dealer_channel_size_unconfirmed,material_handling,Blitz employee-finder UK/EU+US pull 2026-10-02
https://www.linkedin.com/in/mario-h%c3%b6rtenhuemer-b1251217a,Mario Hörtenhuemer,Mario,Hörtenhuemer,Strategic Global Channel Development Manager & Country Manager ITALY,T1_channel_dealer_owner,AT,2026-01-01,AGILOX,https://www.linkedin.com/company/agilox,agilox.net,B_dealer_channel_size_unconfirmed,material_handling,Blitz employee-finder UK/EU+US pull 2026-10-02
https://www.linkedin.com/in/chris-martin-441405194,Chris Martin,Chris,Martin,Vice President Marketing,T3_marketing_leader_fallback,US,2024-01-01,Elkhart Brass,https://www.linkedin.com/company/elkhartbrass,elkhartbrass.com,B_dealer_channel_size_unconfirmed,trucks_bodies,Blitz employee-finder UK/EU+US pull 2026-10-02
https://www.linkedin.com/in/carolinehayesmarketing,Caroline Hayes,Caroline,Hayes,Head of Marketing Communications,T2_marketing_communications,GB,2020-02-01,Midea Cooling and Heating UK & Ireland (Fortune Global 500 Company),https://www.linkedin.com/company/midea-uk,mideauk.co.uk,A_verified_50plus,hvac,Blitz employee-finder UK/EU+US pull 2026-10-02
https://www.linkedin.com/in/maria-antonyuk-karakhanyan-648a9a106,Maria Antonyuk Karakhanyan,Maria,Antonyuk Karakhanyan,"Director of Channel Partner Developmen, EMEA",T2_marketing_communications,-,-,TerraSource Global,https://www.linkedin.com/company/terrasource-global,terrasource.com,A_verified_50plus,construction_ag,2026-09-28-leads.csv (Blitz)
https://www.linkedin.com/in/raymondpietramale,Raymond Pietramale,Raymond,Pietramale,Director of Marketing and Brand Manager,T3_marketing_leader_fallback,US,2010-10-01,TerraSource Global,https://www.linkedin.com/company/terrasource-global,terrasource.com,A_verified_50plus,construction_ag,Blitz employee-finder UK/EU+US pull 2026-10-02
https://www.linkedin.com/in/dianecedarberg,Diane Cedarberg,Diane,Cedarberg,Marketing Communications Manager,T2_marketing_communications,US,2019-01-01,"Tolomatic, Inc.",https://www.linkedin.com/company/tolomatic,tolomatic.com,B_dealer_channel_size_unconfirmed,material_handling,Blitz employee-finder UK/EU+US pull 2026-10-02
https://www.linkedin.com/in/johnthomasfenske,John Fenske,John,Fenske,Director of Marketing,T3_marketing_leader_fallback,US,2023-01-01,"Tolomatic, Inc.",https://www.linkedin.com/company/tolomatic,tolomatic.com,B_dealer_channel_size_unconfirmed,material_handling,Blitz employee-finder UK/EU+US pull 2026-10-02
https://www.linkedin.com/in/sarampeters,Sara Peters,Sara,Peters,Marketing and Channel Manager,T1_channel_dealer_owner,US,2022-04-01,Miller Electric Mfg. LLC,https://www.linkedin.com/company/millerwelders,millerwelds.com,B_dealer_channel_size_unconfirmed,power_equipment,Blitz employee-finder UK/EU+US pull 2026-10-02
https://www.linkedin.com/in/scott-hilt-2bab9726,Scott Hilt,Scott,Hilt,Vice President Global Marketing,T3_marketing_leader_fallback,US,2023-07-01,ROSS CONTROLS,https://www.linkedin.com/company/ross-controls,rosscontrols.com,A_verified_50plus,flow_hydraulics,Blitz employee-finder UK/EU+US pull 2026-10-02
https://www.linkedin.com/in/sergio-marti-9a727b165,Sergio Marti,Sergio,Marti,Director Comercial & Marketing,T3_marketing_leader_fallback,ES,2006-01-01,AMC CYLINDER HEADS,https://www.linkedin.com/company/amc-cylinder-heads-culatas-premium-quality-calidad-premium,amc.es,B_dealer_channel_size_unconfirmed,none,Blitz employee-finder UK/EU+US pull 2026-10-02
https://www.linkedin.com/in/ckramp,Cheryl Kramp,Cheryl,Kramp,"Senior Manager, Channel Marketing | Retail, E-Com, Industrial & Commercial Construction",T1_channel_dealer_owner,US,2025-05-01,"Makita U.S.A., Inc.",https://www.linkedin.com/company/makita-usa,makitatools.com,A_verified_50plus,power_equipment,Blitz employee-finder US-wide pull 2026-10-02
https://www.linkedin.com/in/melissa-banuelos-b27962117,Melissa Banuelos,Melissa,Banuelos,Channel Marketing Manager,T1_channel_dealer_owner,US,2018-08-01,"Makita U.S.A., Inc.",https://www.linkedin.com/company/makita-usa,makitatools.com,A_verified_50plus,power_equipment,Blitz employee-finder US-wide pull 2026-10-02
https://www.linkedin.com/in/jun-takemoto,Jun Takemoto,Jun,Takemoto,Lead Network Administrator,T1_channel_dealer_owner,US,-,"Makita U.S.A., Inc.",https://www.linkedin.com/company/makita-usa,makitatools.com,A_verified_50plus,power_equipment,Blitz employee-finder US-wide pull 2026-10-02
https://www.linkedin.com/in/richard-pirozzolo-053b9113,Richard Pirozzolo,Richard,Pirozzolo,Director of Marketing and Channel Sales,T1_channel_dealer_owner,US,2010-01-01,Suntron Corporation,https://www.linkedin.com/company/suntron-corporation,suntroncorp.com,B_dealer_channel_size_unconfirmed,power_equipment,Blitz employee-finder US-wide pull 2026-10-02
https://www.linkedin.com/in/pirozzolo-richard-433ab41a,Pirozzolo Richard,Pirozzolo,Richard,Director - Marketing and Sales Development,T3_marketing_leader_fallback,US,-,Suntron Corporation,https://www.linkedin.com/company/suntron-corporation,suntroncorp.com,B_dealer_channel_size_unconfirmed,power_equipment,Blitz employee-finder US-wide pull 2026-10-02
https://www.linkedin.com/in/martin-smith-529228a,Martin Smith,Martin,Smith,Director of Marketing,T3_marketing_leader_fallback,US,-,Suntron Corporation,https://www.linkedin.com/company/suntron-corporation,suntroncorp.com,B_dealer_channel_size_unconfirmed,power_equipment,Blitz employee-finder US-wide pull 2026-10-02
https://www.linkedin.com/in/gary-wilkins-6b24a4a9,Gary Wilkins,Gary,Wilkins,Dealer development manager,T1_channel_dealer_owner,US,2024-05-01,Whelen Engineering,https://www.linkedin.com/company/whelen-engineering,whelen.com,B_dealer_channel_size_unconfirmed,none,Blitz employee-finder US-wide pull 2026-10-02
https://www.linkedin.com/in/andrew-pickert-721a3b2b6,Andrew Pickert,Andrew,Pickert,Dealer Development Manager,T1_channel_dealer_owner,US,2024-06-01,Whelen Engineering,https://www.linkedin.com/company/whelen-engineering,whelen.com,B_dealer_channel_size_unconfirmed,none,Blitz employee-finder US-wide pull 2026-10-02
https://www.linkedin.com/in/jonathan-west-65b3a4b,Jonathan West,Jonathan,West,Lead Network Administrator,T1_channel_dealer_owner,US,-,SEW-EURODRIVE - USA,https://www.linkedin.com/company/sew_eurodrive_us,seweurodrive.com,B_dealer_channel_size_unconfirmed,flow_hydraulics,Blitz employee-finder UK/EU+US pull 2026-10-02
https://www.linkedin.com/in/maryellenanastasio,Maryellen A.,Maryellen,A.,Global Marketing Communications Manager,T2_marketing_communications,US,2023-09-01,FMC Corporation,https://www.linkedin.com/company/fmc-corporation,fmc.com,B_dealer_channel_size_unconfirmed,none,Blitz employee-finder US-wide pull 2026-10-02
https://www.linkedin.com/in/leobastos,Leonardo Bastos,Leonardo,Bastos,Chief Marketing Officer,T3_marketing_leader_fallback,US,2025-09-01,FMC Corporation,https://www.linkedin.com/company/fmc-corporation,fmc.com,B_dealer_channel_size_unconfirmed,none,Blitz employee-finder US-wide pull 2026-10-02
https://www.linkedin.com/in/amytranzillo,Amy Tranzillo,Amy,Tranzillo,"Interim Director of Marketing & Portfolio Strategy, US Crop",T3_marketing_leader_fallback,US,2026-06-01,FMC Corporation,https://www.linkedin.com/company/fmc-corporation,fmc.com,B_dealer_channel_size_unconfirmed,none,Blitz employee-finder US-wide pull 2026-10-02
https://www.linkedin.com/in/sharonritchiesimmons,Sharon Ritchie-Simmons,Sharon,Ritchie-Simmons,Global Channel Marketing & Training Manager,T1_channel_dealer_owner,GB,-,Nidec Drives,https://www.linkedin.com/company/nidecdrives,controltechniques.com,A_verified_50plus,hvac,Blitz employee-finder UK/EU+US pull 2026-10-02
https://www.linkedin.com/in/rob-kelly-a1164612,Rob Kelly,Rob,Kelly,Marketing Communications Manager,T2_marketing_communications,US,2017-01-01,Nidec Drives,https://www.linkedin.com/company/nidecdrives,controltechniques.com,A_verified_50plus,hvac,Blitz employee-finder UK/EU+US pull 2026-10-02
https://www.linkedin.com/in/sue-clark-b96177183,Sue Clark,Sue,Clark,Global Marketing Communications Manager at Nidec Drives,T2_marketing_communications,GB,-,Nidec Drives,https://www.linkedin.com/company/nidecdrives,controltechniques.com,A_verified_50plus,hvac,Blitz employee-finder UK/EU+US pull 2026-10-02
https://www.linkedin.com/in/cristina-tudorascu-85471473,Cristina Tudorascu,Cristina,Tudorascu,Global B2B Marketing Communications & ABM Manager,T2_marketing_communications,GB,2026-03-01,Smiths Group plc,https://www.linkedin.com/company/smithsgroupplc,smiths.com,B_dealer_channel_size_unconfirmed,flow_hydraulics,Blitz employee-finder UK/EU+US pull 2026-10-02
https://www.linkedin.com/in/david-deyoung-,David DeYoung,David,DeYoung,Distribution Marketing Manager,T1_channel_dealer_owner,US,2024-09-01,NMB Technologies Corporation,https://www.linkedin.com/company/nmb-technologies,nmbtc.com,B_dealer_channel_size_unconfirmed,flow_hydraulics,Blitz employee-finder US-wide pull 2026-10-02
https://www.linkedin.com/in/razvanbarbulescu,"Razvan Barbulescu, PhD",Razvan,"Barbulescu, PhD","Director, Global Marketing Communications",T2_marketing_communications,RO,2018-10-01,Garrett - Advancing Motion,https://www.linkedin.com/company/garrettmotion,garrettmotion.com,A_verified_50plus,trucks_bodies,Blitz employee-finder UK/EU+US pull 2026-10-02
https://www.linkedin.com/in/elena-calin-13598848,Elena Calin,Elena,Calin,Events Lead - Global Marketing Communications,T2_marketing_communications,RO,2023-10-01,Garrett - Advancing Motion,https://www.linkedin.com/company/garrettmotion,garrettmotion.com,A_verified_50plus,trucks_bodies,Blitz employee-finder UK/EU+US pull 2026-10-02
https://www.linkedin.com/in/andreeamielu,Andreea Mielu,Andreea,Mielu,Global Marketing Communications Lead,T2_marketing_communications,RO,2022-12-01,Garrett - Advancing Motion,https://www.linkedin.com/company/garrettmotion,garrettmotion.com,A_verified_50plus,trucks_bodies,Blitz employee-finder UK/EU+US pull 2026-10-02
https://www.linkedin.com/in/bleypatrick,Patrick Bley,Patrick,Bley,Head of Marketing & Communications Germany,T2_marketing_communications,DE,2023-05-01,Belimo,https://www.linkedin.com/company/belimo,belimo.com,B_dealer_channel_size_unconfirmed,flow_hydraulics,Blitz employee-finder UK/EU+US pull 2026-10-02
https://www.linkedin.com/in/heather-wootton-96387aa4,Heather Wootton,Heather,Wootton,"Manager, Marketing Communications",T2_marketing_communications,US,2025-06-01,Belimo,https://www.linkedin.com/company/belimo,belimo.com,B_dealer_channel_size_unconfirmed,flow_hydraulics,Blitz employee-finder UK/EU+US pull 2026-10-02
https://www.linkedin.com/in/catrin-pomrehn-69816496,Catrin Pomrehn,Catrin,Pomrehn,Marketing Communication Manager,T2_marketing_communications,DE,2017-07-01,VOSS Fluid,https://www.linkedin.com/company/voss-fluid-gmbh,voss.net,A_verified_50plus,flow_hydraulics,Blitz employee-finder UK/EU+US pull 2026-10-02
https://www.linkedin.com/in/georg-rempel-309a90151,Georg Rempel,Georg,Rempel,Leiter Produktmarketing,T3_marketing_leader_fallback,DE,-,VOSS Fluid,https://www.linkedin.com/company/voss-fluid-gmbh,voss.net,A_verified_50plus,flow_hydraulics,Blitz employee-finder UK/EU+US pull 2026-10-02
https://www.linkedin.com/in/madeleine-schobel-9aa798189,Madeleine Schobel,Madeleine,Schobel,Head of Marketing,T3_marketing_leader_fallback,DE,2024-07-01,VOSS Fluid,https://www.linkedin.com/company/voss-fluid-gmbh,voss.net,A_verified_50plus,flow_hydraulics,Blitz employee-finder UK/EU+US pull 2026-10-02
https://www.linkedin.com/in/morgan-ledermann,Morgan Watchous,Morgan,Watchous,"Director, Homeowner Channel Marketing",T1_channel_dealer_owner,US,2025-11-01,Trane Technologies,https://www.linkedin.com/company/tranetechnologies,tranetechnologies.com,B_dealer_channel_size_unconfirmed,hvac,Blitz employee-finder UK/EU+US pull 2026-10-02
https://www.linkedin.com/in/lisa-stovel-076b005,Lisa Stovel,Lisa,Stovel,"E-commerce Merchandising & Channel Development Manager, Supply",T1_channel_dealer_owner,US,2025-03-01,Trane Technologies,https://www.linkedin.com/company/tranetechnologies,tranetechnologies.com,B_dealer_channel_size_unconfirmed,hvac,Blitz employee-finder UK/EU+US pull 2026-10-02
https://www.linkedin.com/in/andrewposlinski,Andrew J. P.,Andrew J.,P.,Director of Materials and Chemistry Network of Excellence,T1_channel_dealer_owner,US,2019-01-01,Trane Technologies,https://www.linkedin.com/company/tranetechnologies,tranetechnologies.com,B_dealer_channel_size_unconfirmed,hvac,Blitz employee-finder UK/EU+US pull 2026-10-02
https://www.linkedin.com/in/daniel-o-brien-cse-a30aa511,"Daniel O'Brien, CSE",Daniel,"O'Brien, CSE",General Manager - Commercial Equipment Division & Distributor Development,T1_channel_dealer_owner,US,2025-12-01,The Toro Company,https://www.linkedin.com/company/the-toro-company,thetorocompany.com,A_verified_50plus,power_equipment,Blitz employee-finder UK/EU+US pull 2026-10-02
https://www.linkedin.com/in/marc-hoffman-9149141,Marc Hoffman,Marc,Hoffman,Sr. Channel Development Manager,T1_channel_dealer_owner,US,2018-01-01,The Toro Company,https://www.linkedin.com/company/the-toro-company,thetorocompany.com,A_verified_50plus,power_equipment,Blitz employee-finder UK/EU+US pull 2026-10-02
https://www.linkedin.com/in/monicabringle28,Monica Bringle,Monica,Bringle,Senior Manager - Distributor Development,T1_channel_dealer_owner,US,2021-06-01,The Toro Company,https://www.linkedin.com/company/the-toro-company,thetorocompany.com,A_verified_50plus,power_equipment,Blitz employee-finder UK/EU+US pull 2026-10-02
https://www.linkedin.com/in/ninauschanov,Nina Uschanov,Nina,Uschanov,Marketing Communications & PR Manager,T2_marketing_communications,FI,2021-09-01,Volvo Finland Ab,https://www.linkedin.com/company/volvo-finland-ab,volvotrucks.fi,B_dealer_channel_size_unconfirmed,trucks_bodies,Blitz employee-finder UK/EU+US pull 2026-10-02
https://www.linkedin.com/in/annikamartas,Annika Martas,Annika,Martas,"Marketing Communications & PR Manager, Volvo Group Trucks",T2_marketing_communications,FI,2017-08-01,Volvo Finland Ab,https://www.linkedin.com/company/volvo-finland-ab,volvotrucks.fi,B_dealer_channel_size_unconfirmed,trucks_bodies,Blitz employee-finder UK/EU+US pull 2026-10-02
https://www.linkedin.com/in/annette-walter-4b476448,Annette Walter,Annette,Walter,"Teamleiterin Partner Marketing, Fairs & Events",T1_channel_dealer_owner,DE,2022-01-01,Truma Geraetetechnik GmbH & Co. KG,https://www.linkedin.com/company/truma-geraetetechnik-gmbh-&-co-kg,truma.com,A_verified_50plus,hvac,Blitz employee-finder UK/EU+US pull 2026-10-02
https://www.linkedin.com/in/thomascamsky,Thomas Camsky,Thomas,Camsky,Team Lead Product Marketing Communications & Campaign Strategy,T2_marketing_communications,DE,2022-07-01,Truma Geraetetechnik GmbH & Co. KG,https://www.linkedin.com/company/truma-geraetetechnik-gmbh-&-co-kg,truma.com,A_verified_50plus,hvac,Blitz employee-finder UK/EU+US pull 2026-10-02
https://www.linkedin.com/in/duane-utterback-586b739,Duane Utterback,Duane,Utterback,Director Channel Marketing,T1_channel_dealer_owner,US,2014-01-01,MTD Products,https://www.linkedin.com/company/mtd-products,mtdproducts.com,B_dealer_channel_size_unconfirmed,power_equipment,Blitz employee-finder US-wide pull 2026-10-02
https://www.linkedin.com/in/harry-mayes-95659794,Harry Mayes,Harry,Mayes,Dealer Development Manager,T1_channel_dealer_owner,US,1995-09-01,MTD Products,https://www.linkedin.com/company/mtd-products,mtdproducts.com,B_dealer_channel_size_unconfirmed,power_equipment,Blitz employee-finder US-wide pull 2026-10-02
https://www.linkedin.com/in/kevin-case-01043745,Kevin Case,Kevin,Case,Dealer Development manager,T1_channel_dealer_owner,US,2010-03-01,MTD Products,https://www.linkedin.com/company/mtd-products,mtdproducts.com,B_dealer_channel_size_unconfirmed,power_equipment,Blitz employee-finder US-wide pull 2026-10-02
https://www.linkedin.com/in/jonathan-wantz-58709111,Jonathan Wantz,Jonathan,Wantz,Channel Marketing Manager,T1_channel_dealer_owner,US,2017-01-01,"Mueller Industries, Inc.",https://www.linkedin.com/company/mueller-industries,muellerindustries.com,B_dealer_channel_size_unconfirmed,none,Blitz employee-finder US-wide pull 2026-10-02
https://www.linkedin.com/in/roscoe-bufkin-7a1a2120,Roscoe Bufkin,Roscoe,Bufkin,"Vice President, Marketing Communications",T2_marketing_communications,US,1997-03-01,"Mueller Industries, Inc.",https://www.linkedin.com/company/mueller-industries,muellerindustries.com,B_dealer_channel_size_unconfirmed,none,Blitz employee-finder US-wide pull 2026-10-02
https://www.linkedin.com/in/maria-thomas-marketing,Maria Thomas,Maria,Thomas,Marketing Communication Manager,T2_marketing_communications,FR,2024-01-01,Gauzy Safety Tech,https://www.linkedin.com/company/safety-tech-leading-the-way-to-smarter-mobility,safety-tech.fr,B_dealer_channel_size_unconfirmed,none,Blitz employee-finder UK/EU+US pull 2026-10-02
https://www.linkedin.com/in/marcos-babio,Marcos Babio,Marcos,Babio,Marketing Communications Director,T2_marketing_communications,ES,2022-01-01,Soler & Palau Ventilation Group,https://www.linkedin.com/company/soler-palau-ventilation-group,solerpalau.com,B_dealer_channel_size_unconfirmed,hvac,Blitz employee-finder UK/EU+US pull 2026-10-02
https://www.linkedin.com/in/rod-alavi-retired-2bb38510,Rod Alavi - retired,Rod,Alavi - retired,"Global Vice President - Sales/Marketing, & Distribution Operations",T1_channel_dealer_owner,US,2014-12-01,Arconic,https://www.linkedin.com/company/arconic,arconic.com,B_dealer_channel_size_unconfirmed,none,Blitz employee-finder US-wide pull 2026-10-02
https://www.linkedin.com/in/paul-smutney-aaa858b3,Paul Smutney,Paul,Smutney,"Director, Global Network Services",T1_channel_dealer_owner,US,2025-11-01,Arconic,https://www.linkedin.com/company/arconic,arconic.com,B_dealer_channel_size_unconfirmed,none,Blitz employee-finder US-wide pull 2026-10-02
https://www.linkedin.com/in/markayoung1,Mark Young,Mark,Young,Dealer Development Manager,T1_channel_dealer_owner,US,2021-04-01,CNH Reman,https://www.linkedin.com/company/cnh-reman,mycnhreman.com,B_dealer_channel_size_unconfirmed,construction_ag,Blitz employee-finder UK/EU+US pull 2026-10-02
https://www.linkedin.com/in/ryanfournier,Ryan Fournier,Ryan,Fournier,Dealer Development Manager,T1_channel_dealer_owner,CA,-,CNH Reman,https://www.linkedin.com/company/cnh-reman,mycnhreman.com,B_dealer_channel_size_unconfirmed,construction_ag,2026-09-28-leads.csv (Blitz)
https://www.linkedin.com/in/gustavo-andrade-19106259,Gustavo Andrade,Gustavo,Andrade,Director of Network Development & Operations,T1_channel_dealer_owner,US,2023-08-01,International,https://www.linkedin.com/company/theinternationalmotors,international.com,A_verified_50plus,trucks_bodies,Blitz employee-finder US-wide pull 2026-10-02
https://www.linkedin.com/in/ashley-r-rush,Ashley Rush,Ashley,Rush,Senior Manager - Network Development,T1_channel_dealer_owner,US,2025-01-01,International,https://www.linkedin.com/company/theinternationalmotors,international.com,A_verified_50plus,trucks_bodies,Blitz employee-finder US-wide pull 2026-10-02
https://www.linkedin.com/in/anthony-balkonis-7708b67,Anthony Balkonis,Anthony,Balkonis,Vice President Network Development & Operations,T1_channel_dealer_owner,US,2025-01-01,International,https://www.linkedin.com/company/theinternationalmotors,international.com,A_verified_50plus,trucks_bodies,Blitz employee-finder US-wide pull 2026-10-02
https://www.linkedin.com/in/tom-krc,Tom Krc,Tom,Krc,Director of Sales Marketing,T3_marketing_leader_fallback,US,2024-08-01,Ramsey Industries,https://www.linkedin.com/company/realramseyindustries,ramseyindustries.com,B_dealer_channel_size_unconfirmed,trucks_bodies,Blitz employee-finder UK/EU+US pull 2026-10-02
https://www.linkedin.com/in/steve-marsh-68543688,Steve Marsh,Steve,Marsh,"Manager, Sales and Channel Development",T1_channel_dealer_owner,US,2025-06-01,"Douglas Dynamics, Inc.",https://www.linkedin.com/company/douglas-dynamics-inc.,douglasdynamics.com,B_dealer_channel_size_unconfirmed,trucks_bodies,Blitz employee-finder UK/EU+US pull 2026-10-02
https://www.linkedin.com/in/hannah-hutchison,Hannah Hutchison,Hannah,Hutchison,Channel Marketing Specialist,T2_marketing_communications,US,-,"Douglas Dynamics, Inc.",https://www.linkedin.com/company/douglas-dynamics-inc.,douglasdynamics.com,B_dealer_channel_size_unconfirmed,trucks_bodies,2026-09-28-leads.csv (Blitz)
https://www.linkedin.com/in/laura-shelton-a2085bb7,Laura Shelton,Laura,Shelton,Senior Marketing Communications Manager,T2_marketing_communications,US,2026-03-01,Caleffi Hydronic Solutions,https://www.linkedin.com/company/caleffi-s-p-a-,caleffi.com,A_verified_50plus,hvac,Blitz employee-finder UK/EU+US pull 2026-10-02
https://www.linkedin.com/in/romina-s-ba52311b,Romina S.,Romina,S.,Head of Marketing & Pricing,T3_marketing_leader_fallback,BE,2019-01-01,Caleffi Hydronic Solutions,https://www.linkedin.com/company/caleffi-s-p-a-,caleffi.com,A_verified_50plus,hvac,Blitz employee-finder UK/EU+US pull 2026-10-02
https://www.linkedin.com/in/sergei-postnikov-434507105,Sergei POSTNIKOV,Sergei,POSTNIKOV,Global Partners Development Director,T1_channel_dealer_owner,DE,2023-08-01,Lenze,https://www.linkedin.com/company/lenzegroup,lenze.com,B_dealer_channel_size_unconfirmed,construction_ag,Blitz employee-finder UK/EU+US pull 2026-10-02
https://www.linkedin.com/in/walid-naoui-900bab24,Walid Naoui,Walid,Naoui,Global Head of Business Development Distribution & Multichannel,T1_channel_dealer_owner,DE,2018-08-01,Lenze,https://www.linkedin.com/company/lenzegroup,lenze.com,B_dealer_channel_size_unconfirmed,construction_ag,Blitz employee-finder UK/EU+US pull 2026-10-02
https://www.linkedin.com/in/marcvissers,Marc V.,Marc,V.,Head of Marketing Communications & Sales Support Europe West,T2_marketing_communications,NL,2026-01-01,Lenze,https://www.linkedin.com/company/lenzegroup,lenze.com,B_dealer_channel_size_unconfirmed,construction_ag,Blitz employee-finder UK/EU+US pull 2026-10-02
https://www.linkedin.com/in/anna-engel,Anna Engel,Anna,Engel,Head of Global Marketing Communications,T2_marketing_communications,DE,2024-03-01,Brüel & Kjær Vibro,https://www.linkedin.com/company/bkvibro,bkvibro.com,B_dealer_channel_size_unconfirmed,power_equipment,Blitz employee-finder UK/EU+US pull 2026-10-02
https://www.linkedin.com/in/alexandra-mossakowski-0ab6672,Alexandra Mossakowski,Alexandra,Mossakowski,Responsable Marketing distributeur,T1_channel_dealer_owner,FR,2023-02-01,Thermor France,https://www.linkedin.com/company/thermorfrance,thermor.fr,B_dealer_channel_size_unconfirmed,hvac,Blitz employee-finder UK/EU+US pull 2026-10-02
https://www.linkedin.com/in/emmanuel-boucher-80973216a,Emmanuel BOUCHER,Emmanuel,BOUCHER,Responsable Communication et Marketing Opérationnel,T3_marketing_leader_fallback,FR,2024-11-01,Thermor France,https://www.linkedin.com/company/thermorfrance,thermor.fr,B_dealer_channel_size_unconfirmed,hvac,Blitz employee-finder UK/EU+US pull 2026-10-02
https://www.linkedin.com/in/mike-joiner-2439b469,Mike Joiner,Mike,Joiner,Network Systems Manager,T1_channel_dealer_owner,US,-,MSI,https://www.linkedin.com/company/diw-msi,diwmsi.com,B_dealer_channel_size_unconfirmed,flow_hydraulics,Blitz employee-finder US-wide pull 2026-10-02
https://www.linkedin.com/in/ewynn,Eric Wynn,Eric,Wynn,Director of Global Channel Marketing,T1_channel_dealer_owner,US,2025-01-01,Black Diamond Equipment,https://www.linkedin.com/company/black-diamond-equipment,blackdiamondequipment.com,B_dealer_channel_size_unconfirmed,none,Blitz employee-finder US-wide pull 2026-10-02
https://www.linkedin.com/in/brysonwhite,Bryson White,Bryson,White,"Vice President, Marketing & DTC",T3_marketing_leader_fallback,US,2023-01-01,Black Diamond Equipment,https://www.linkedin.com/company/black-diamond-equipment,blackdiamondequipment.com,B_dealer_channel_size_unconfirmed,none,Blitz employee-finder US-wide pull 2026-10-02
https://www.linkedin.com/in/devon-howard-a4b2a613,Devon Howard,Devon,Howard,Global VP of Marketing,T3_marketing_leader_fallback,US,2017-02-01,Black Diamond Equipment,https://www.linkedin.com/company/black-diamond-equipment,blackdiamondequipment.com,B_dealer_channel_size_unconfirmed,none,Blitz employee-finder US-wide pull 2026-10-02
https://www.linkedin.com/in/katie-sandoval-682025a7,Katie Sandoval,Katie,Sandoval,Marketing & Communications Manager,T2_marketing_communications,US,2023-01-01,"B&D Industries, Inc.",https://www.linkedin.com/company/b&d-industries,banddindustries.com,B_dealer_channel_size_unconfirmed,construction_ag,Blitz employee-finder US-wide pull 2026-10-02
https://www.linkedin.com/in/jeanaedubois,Jeanae DuBois,Jeanae,DuBois,Head of Marketing Communications,T2_marketing_communications,US,2024-01-01,Netafim USA,https://www.linkedin.com/company/netafimusa,netafimusa.com,B_dealer_channel_size_unconfirmed,construction_ag,Blitz employee-finder US-wide pull 2026-10-02
https://www.linkedin.com/in/rebecca-hall-480a6014,Rebecca Hall,Rebecca,Hall,Marketing Communications Manager,T2_marketing_communications,US,-,Netafim USA,https://www.linkedin.com/company/netafimusa,netafimusa.com,B_dealer_channel_size_unconfirmed,construction_ag,Blitz employee-finder US-wide pull 2026-10-02
https://www.linkedin.com/in/sabineandr%c3%a9,Sabine A.,Sabine,A.,Director Global Marketing & Communications,T2_marketing_communications,DE,2023-02-01,Forbo Movement Systems,https://www.linkedin.com/company/forbo-movement-systems,forbo.com,A_verified_50plus,material_handling,Blitz employee-finder UK/EU+US pull 2026-10-02
https://www.linkedin.com/in/anjakuhfeldt,Anja Kuhfeldt,Anja,Kuhfeldt,Manager Marketing & Communication,T2_marketing_communications,DE,2022-01-01,"Condair Group (Humidification, Evaporative Cooling and Humidity Control)",https://www.linkedin.com/company/condair-group-ltd,condairgroup.com,B_dealer_channel_size_unconfirmed,hvac,Blitz employee-finder UK/EU+US pull 2026-10-02
https://www.linkedin.com/in/katie-d-catalogna,Katie Catalogna,Katie,Catalogna,Director of Marketing Communications,T2_marketing_communications,US,2015-06-01,Rapiscan,https://www.linkedin.com/company/rapiscan-ase,rapiscan-ase.com,B_dealer_channel_size_unconfirmed,none,Blitz employee-finder US-wide pull 2026-10-02
https://www.linkedin.com/in/juliette-de-perthuis-gougis,Juliette Gougis (de Perthuis),Juliette,Gougis (de Perthuis),Responsable Marketing et Communication Groupe,T2_marketing_communications,FR,2026-04-01,Le Gouessant,https://www.linkedin.com/company/le-gouessant,legouessant.com,B_dealer_channel_size_unconfirmed,construction_ag,Blitz employee-finder UK/EU+US pull 2026-10-02
https://www.linkedin.com/in/olga-manzano,Olga Manzano,Olga,Manzano,Channel Marketing Manager,T1_channel_dealer_owner,NL,2023-04-01,Hypertherm Associates,https://www.linkedin.com/company/hyperthermassociates,hyperthermassociates.com,A_verified_50plus,none,Blitz employee-finder US-wide pull 2026-10-02
https://www.linkedin.com/in/pablo-hern%c3%a1ndez-arthur-43301412,Pablo Hernández-Arthur,Pablo,Hernández-Arthur,"Director, Revenue Enablement & Partner Programs",T1_channel_dealer_owner,US,-,Hypertherm Associates,https://www.linkedin.com/company/hyperthermassociates,hyperthermassociates.com,A_verified_50plus,none,Blitz employee-finder US-wide pull 2026-10-02
https://www.linkedin.com/in/john-macrae-861606216,John MacRae,John,MacRae,EMEIA Distribution Development Manager,T1_channel_dealer_owner,GB,2018-01-01,Hypertherm Associates,https://www.linkedin.com/company/hyperthermassociates,hyperthermassociates.com,A_verified_50plus,none,Blitz employee-finder US-wide pull 2026-10-02
https://www.linkedin.com/in/hannahllewis,Hannah Lewis,Hannah,Lewis,Marketing & Communications Manager,T2_marketing_communications,GB,2025-01-01,Ferag Solutions,https://www.linkedin.com/company/ferag-solutions,ferag.com,B_dealer_channel_size_unconfirmed,material_handling,Blitz employee-finder UK/EU+US pull 2026-10-02
https://www.linkedin.com/in/sandystoffel,Sandy Stoffel,Sandy,Stoffel,Director Marketing and Customer Care,T3_marketing_leader_fallback,US,2022-10-01,Phillips & Temro Industries,https://www.linkedin.com/company/phillips-and-temro-industries,phillipsandtemro.com,B_dealer_channel_size_unconfirmed,hvac,Blitz employee-finder UK/EU+US pull 2026-10-02
https://www.linkedin.com/in/greg-gloden-637420224,greg gloden,greg,gloden,Director Of Sales Marketing,T3_marketing_leader_fallback,US,-,Phillips & Temro Industries,https://www.linkedin.com/company/phillips-and-temro-industries,phillipsandtemro.com,B_dealer_channel_size_unconfirmed,hvac,Blitz employee-finder UK/EU+US pull 2026-10-02
https://www.linkedin.com/in/ilona-vermeer-34313414,Ilona Vermeer,Ilona,Vermeer,Corporate Marketing & Communications Director,T2_marketing_communications,NL,2025-06-01,Oxbo,https://www.linkedin.com/company/oxbohq,oxbo.com,B_dealer_channel_size_unconfirmed,construction_ag,Blitz employee-finder UK/EU+US pull 2026-10-02
https://www.linkedin.com/in/sjors-van-deursen-2132b239,Sjors van Deursen,Sjors,van Deursen,Head of Sales & Marketing | EMEA & APAC,T3_marketing_leader_fallback,NL,2026-01-01,Oxbo,https://www.linkedin.com/company/oxbohq,oxbo.com,B_dealer_channel_size_unconfirmed,construction_ag,Blitz employee-finder UK/EU+US pull 2026-10-02
https://www.linkedin.com/in/seth-thomforde-09114217a,Seth Thomforde,Seth,Thomforde,Director of Sales & Marketing - Oxbo Forage,T3_marketing_leader_fallback,US,2024-01-01,Oxbo,https://www.linkedin.com/company/oxbohq,oxbo.com,B_dealer_channel_size_unconfirmed,construction_ag,Blitz employee-finder UK/EU+US pull 2026-10-02
https://www.linkedin.com/in/hailee-siegler,Hailee Siegler,Hailee,Siegler,Channel Marketing Manager,T1_channel_dealer_owner,US,2022-06-01,ECHO Incorporated,https://www.linkedin.com/company/echousa,echo-usa.com,A_verified_50plus,power_equipment,Blitz employee-finder US-wide pull 2026-10-02
https://www.linkedin.com/in/wayne-thomsen-b7ab043,Wayne Thomsen,Wayne,Thomsen,"Vice President, Marketing, Product Management, and Corporate Process",T3_marketing_leader_fallback,US,2015-04-01,ECHO Incorporated,https://www.linkedin.com/company/echousa,echo-usa.com,A_verified_50plus,power_equipment,Blitz employee-finder US-wide pull 2026-10-02
https://www.linkedin.com/in/nadia-burke-consumer-goods-marketing-leader-brand-management,Nadia Burke,Nadia,Burke,Director of Marketing,T3_marketing_leader_fallback,US,2023-09-01,ECHO Incorporated,https://www.linkedin.com/company/echousa,echo-usa.com,A_verified_50plus,power_equipment,Blitz employee-finder US-wide pull 2026-10-02
https://www.linkedin.com/in/michael-janak-6b963422,Michael Janak,Michael,Janak,Alliance and Distribution Program Manager,T1_channel_dealer_owner,US,2022-01-01,EagleBurgmann,https://www.linkedin.com/company/eagleburgmann,eagleburgmann.com,B_dealer_channel_size_unconfirmed,flow_hydraulics,Blitz employee-finder UK/EU+US pull 2026-10-02
https://www.linkedin.com/in/destinyskipper,Destiny Skipper,Destiny,Skipper,Channel Marketing Manager - Retail,T1_channel_dealer_owner,US,2024-09-01,Oregon Tool,https://www.linkedin.com/company/oregon-tool,oregontool.com,B_dealer_channel_size_unconfirmed,power_equipment,Blitz employee-finder US-wide pull 2026-10-02
https://www.linkedin.com/in/didemtutar,Didem Karpuzcu Tutar,Didem,Karpuzcu Tutar,Retail Channel Marketing Manager,T1_channel_dealer_owner,US,-,Oregon Tool,https://www.linkedin.com/company/oregon-tool,oregontool.com,B_dealer_channel_size_unconfirmed,power_equipment,Blitz employee-finder US-wide pull 2026-10-02
https://www.linkedin.com/in/james-oliver-28025611b,James Oliver,James,Oliver,Marketing Manager UK & EMEA Distributors,T1_channel_dealer_owner,GB,2025-03-01,Oregon Tool,https://www.linkedin.com/company/oregon-tool,oregontool.com,B_dealer_channel_size_unconfirmed,power_equipment,Blitz employee-finder US-wide pull 2026-10-02
https://www.linkedin.com/in/piergiorgio-rossi-6715988a,Piergiorgio Rossi,Piergiorgio,Rossi,"Director Sales, Marketing and Service EMEA",T3_marketing_leader_fallback,IT,2008-03-01,Stanadyne,https://www.linkedin.com/company/stanadyne,stanadyne.com,B_dealer_channel_size_unconfirmed,power_equipment,Blitz employee-finder UK/EU+US pull 2026-10-02
https://www.linkedin.com/in/linda-watren-74028115,Linda Watren,Linda,Watren,Marketing & Communications Manager,T2_marketing_communications,US,-,Airstream,https://www.linkedin.com/company/airstream,airstream.com,B_dealer_channel_size_unconfirmed,rv,Blitz employee-finder UK/EU+US pull 2026-10-02
https://www.linkedin.com/in/mollie-hansen-5678185,Mollie Hansen,Mollie,Hansen,Chief Marketing Officer,T3_marketing_leader_fallback,US,2018-01-01,Airstream,https://www.linkedin.com/company/airstream,airstream.com,B_dealer_channel_size_unconfirmed,rv,Blitz employee-finder UK/EU+US pull 2026-10-02
https://www.linkedin.com/in/alfonso-matta-7573098,Alfonso Matta,Alfonso,Matta,"Business Development Manager, Strategic Projects & Distributors,South Europe Middle East and CIS",T1_channel_dealer_owner,ES,2023-03-01,Sandvik,https://www.linkedin.com/company/sandvik,home.sandvik,A_verified_50plus,construction_ag,Blitz employee-finder UK/EU+US pull 2026-10-02
https://www.linkedin.com/in/miika-kaski-329b894,miika kaski,miika,kaski,"Manager, Ecosystems and Network Development",T1_channel_dealer_owner,FI,2025-01-01,Sandvik,https://www.linkedin.com/company/sandvik,home.sandvik,A_verified_50plus,construction_ag,Blitz employee-finder UK/EU+US pull 2026-10-02
https://www.linkedin.com/in/alanaweibull,Alana Weibull,Alana,Weibull,"Vice President and Head of Marketing & Communications, Business Area Intelligent Manufacturing",T2_marketing_communications,SE,2026-05-01,Sandvik,https://www.linkedin.com/company/sandvik,home.sandvik,A_verified_50plus,construction_ag,Blitz employee-finder UK/EU+US pull 2026-10-02
https://www.linkedin.com/in/suzan-van-schie-a9aa84112,Suzan Van Schie,Suzan,Van Schie,Marketing Communication Manager,T2_marketing_communications,NL,2022-04-01,Regal Rexnord Europe,https://www.linkedin.com/company/regal-rexnord-europe,regalrexnord.com,B_dealer_channel_size_unconfirmed,material_handling,Blitz employee-finder UK/EU+US pull 2026-10-02
https://www.linkedin.com/in/brian-manke-64a85a1,Brian Manke,Brian,Manke,Dealer Development Manager,T1_channel_dealer_owner,US,-,STIHL USA,https://www.linkedin.com/company/stihl-usa,stihlusa.com,A_verified_50plus,power_equipment,Blitz employee-finder UK/EU+US pull 2026-10-02
https://www.linkedin.com/in/mike-parslow-1760387a,Mike Parslow,Mike,Parslow,Dealer Development Manager,T1_channel_dealer_owner,GB,-,STIHL USA,https://www.linkedin.com/company/stihl-usa,stihlusa.com,A_verified_50plus,power_equipment,Blitz employee-finder UK/EU+US pull 2026-10-02
https://www.linkedin.com/in/paola-tagliani-a4339572,Paola Tagliani,Paola,Tagliani,Responsabile Ufficio Marketing e Comunicazione,T2_marketing_communications,IT,2012-10-01,IVAR GROUP,https://www.linkedin.com/company/ivar-spa,ivar-group.com,B_dealer_channel_size_unconfirmed,hvac,Blitz employee-finder UK/EU+US pull 2026-10-02
https://www.linkedin.com/in/jeffrey-dewitt-673862145,Jeffrey DeWitt,Jeffrey,DeWitt,Director Of Sales Marketing,T3_marketing_leader_fallback,US,-,Peer Bearing,https://www.linkedin.com/company/peer-bearing,peerbearing.com,A_verified_50plus,flow_hydraulics,Blitz employee-finder UK/EU+US pull 2026-10-02
https://www.linkedin.com/in/sjoberglotta,Lotta Sjoberg,Lotta,Sjoberg,Channel Marketing Manager – Industrial Replacement | Gates EMEA,T1_channel_dealer_owner,LU,2025-06-01,Gates Corporation,https://www.linkedin.com/company/gates-corporation,gates.com,B_dealer_channel_size_unconfirmed,flow_hydraulics,Blitz employee-finder UK/EU+US pull 2026-10-02
https://www.linkedin.com/in/maryannamari,MaryAnn Amari,MaryAnn,Amari,"Channel Marketing Manager, Global Mobility, Gates Carbon Drive",T1_channel_dealer_owner,US,2020-08-01,Gates Corporation,https://www.linkedin.com/company/gates-corporation,gates.com,B_dealer_channel_size_unconfirmed,flow_hydraulics,Blitz employee-finder UK/EU+US pull 2026-10-02
https://www.linkedin.com/in/pavel-lozinskiy,Pavel Lozinskiy,Pavel,Lozinskiy,Global Network Infrastructure Manager,T1_channel_dealer_owner,US,2024-09-01,Gates Corporation,https://www.linkedin.com/company/gates-corporation,gates.com,B_dealer_channel_size_unconfirmed,flow_hydraulics,Blitz employee-finder UK/EU+US pull 2026-10-02
https://www.linkedin.com/in/barbra-campbell-b4504b1,Barbra Campbell,Barbra,Campbell,Director of Marketing And Product Management,T3_marketing_leader_fallback,US,-,Iconex,https://www.linkedin.com/company/iconex,iconex.com,B_dealer_channel_size_unconfirmed,none,Prospeo /search-person 2026-10-07
https://www.linkedin.com/in/sharakiefer,Shara Kiefer,Shara,Kiefer,Head of Marketing & Communications,T2_marketing_communications,US,2024-08-01,Advanced Distributor Products,https://www.linkedin.com/company/advanced-distributor-products,adpnow.com,A_verified_50plus,hvac,Blitz employee-finder US-wide pull 2026-10-02
https://www.linkedin.com/in/robthomsen,Rob Thomsen,Rob,Thomsen,"Director of Channel Marketing/Sales Enablement – Bearings, Couplings and Gear Division",T1_channel_dealer_owner,US,-,Rexnord,https://www.linkedin.com/company/rexnord,rexnord.com,B_dealer_channel_size_unconfirmed,material_handling,Blitz employee-finder US-wide pull 2026-10-02
https://www.linkedin.com/in/boyd-miller-0681bb5,Boyd Miller,Boyd,Miller,Director of Marketing,T3_marketing_leader_fallback,US,-,Rexnord,https://www.linkedin.com/company/rexnord,rexnord.com,B_dealer_channel_size_unconfirmed,material_handling,Blitz employee-finder US-wide pull 2026-10-02
https://www.linkedin.com/in/adam-mitchell-b914985a,Adam Mitchell,Adam,Mitchell,"Genie Dealer Manager UK, Ireland, Denmark and Iceland",T2_marketing_communications,-,-,Genie,https://www.linkedin.com/company/genielift,genielift.com,B_dealer_channel_size_unconfirmed,construction_ag,2026-09-28-leads.csv (Blitz)
https://www.linkedin.com/in/keith-hovey-b93a7a3,Keith Hovey,Keith,Hovey,Head of Global Marketing,T3_marketing_leader_fallback,US,-,Genie,https://www.linkedin.com/company/genielift,genielift.com,B_dealer_channel_size_unconfirmed,construction_ag,Blitz employee-finder UK/EU+US pull 2026-10-02
https://www.linkedin.com/in/angael-bournot,Anne-Gaëlle Bournot International Communication Manager,Anne-Gaëlle Bournot,International Communication Manager,Manager Marketing Communications,T2_marketing_communications,FR,2023-11-01,Telemecanique Sensors,https://www.linkedin.com/company/telemecanique-sensors,tesensors.com,B_dealer_channel_size_unconfirmed,material_handling,Blitz employee-finder UK/EU+US pull 2026-10-02
https://www.linkedin.com/in/sophie-sebillaud-caro-2a85727b,Sophie SEBILLAUD CARO,Sophie,SEBILLAUD CARO,Marketing Communication Manager,T2_marketing_communications,FR,2022-09-01,Telemecanique Sensors,https://www.linkedin.com/company/telemecanique-sensors,tesensors.com,B_dealer_channel_size_unconfirmed,material_handling,Blitz employee-finder UK/EU+US pull 2026-10-02
https://www.linkedin.com/in/tom-velkovich-8b41062,Tom Velkovich,Tom,Velkovich,"Vice President, OEM, Contractor, Rep Network Sales",T1_channel_dealer_owner,US,2024-01-01,Mueller Water Products,https://www.linkedin.com/company/mueller-water-products,muellerwaterproducts.com,B_dealer_channel_size_unconfirmed,flow_hydraulics,Blitz employee-finder US-wide pull 2026-10-02
https://www.linkedin.com/in/gkirksey1,Greg Kirksey,Greg,Kirksey,"Vice President, Brand and Marketing",T3_marketing_leader_fallback,US,2025-01-01,Mueller Water Products,https://www.linkedin.com/company/mueller-water-products,muellerwaterproducts.com,B_dealer_channel_size_unconfirmed,flow_hydraulics,Blitz employee-finder US-wide pull 2026-10-02
https://www.linkedin.com/in/elizabethsims,Elizabeth Crown,Elizabeth,Crown,Director of Product Marketing,T3_marketing_leader_fallback,US,2025-12-01,Mueller Water Products,https://www.linkedin.com/company/mueller-water-products,muellerwaterproducts.com,B_dealer_channel_size_unconfirmed,flow_hydraulics,Blitz employee-finder US-wide pull 2026-10-02
https://www.linkedin.com/in/james-newman-0077142a,James Newman,James,Newman,Network Truck Sales Director,T1_channel_dealer_owner,GB,2026-07-01,Volvo Trucks UK,https://www.linkedin.com/company/volvo-trucks-uk,volvotrucks.co.uk,A_verified_50plus,trucks_bodies,Blitz employee-finder UK/EU+US pull 2026-10-02
https://www.linkedin.com/in/martin-tomlinson-cmilt-83789049,Martin Tomlinson CMILT,Martin,Tomlinson CMILT,Head of Media & Product Marketing,T3_marketing_leader_fallback,GB,2016-07-01,Volvo Trucks UK,https://www.linkedin.com/company/volvo-trucks-uk,volvotrucks.co.uk,A_verified_50plus,trucks_bodies,Blitz employee-finder UK/EU+US pull 2026-10-02
https://www.linkedin.com/in/annaborque,Anna B.,Anna,B.,Channel Marketing Manager,T1_channel_dealer_owner,ES,2024-01-01,COMPO Iberia,https://www.linkedin.com/company/compo-iberia,compo.es,B_dealer_channel_size_unconfirmed,construction_ag,Blitz employee-finder UK/EU+US pull 2026-10-02
https://www.linkedin.com/in/debbiekleitsch,Debra Kleitsch,Debra,Kleitsch,Communications & Marketing Manager,T2_marketing_communications,US,-,"Viking Pump, Inc.",https://www.linkedin.com/company/viking-pump,vikingpump.com,B_dealer_channel_size_unconfirmed,flow_hydraulics,Blitz employee-finder UK/EU+US pull 2026-10-02
https://www.linkedin.com/in/john-stillman-71072115,John Stillman,John,Stillman,Vice President – Digital Transformation and Marketing,T3_marketing_leader_fallback,US,2021-11-01,"Viking Pump, Inc.",https://www.linkedin.com/company/viking-pump,vikingpump.com,B_dealer_channel_size_unconfirmed,flow_hydraulics,Blitz employee-finder UK/EU+US pull 2026-10-02
https://www.linkedin.com/in/william-kohl,William Kohl,William,Kohl,Vice President of Sales & Marketing,T3_marketing_leader_fallback,US,2023-01-01,Thermal Solutions Manufacturing,https://www.linkedin.com/company/thermal-solutions-manufacturing,thermalsolutionsmfg.com,B_dealer_channel_size_unconfirmed,hvac,Blitz employee-finder UK/EU+US pull 2026-10-02
https://www.linkedin.com/in/bill-wilson-202a0123,Bill Wilson,Bill,Wilson,"VP Sales & Marketing, North America",T3_marketing_leader_fallback,US,1998-01-01,MARVAIR,https://www.linkedin.com/company/marvair,marvair.com,B_dealer_channel_size_unconfirmed,hvac,Blitz employee-finder US-wide pull 2026-10-02
https://www.linkedin.com/in/david-shuford-55818625,David Shuford,David,Shuford,VP Marketing,T3_marketing_leader_fallback,US,-,MARVAIR,https://www.linkedin.com/company/marvair,marvair.com,B_dealer_channel_size_unconfirmed,hvac,Blitz employee-finder US-wide pull 2026-10-02
https://www.linkedin.com/in/paul-atkinson-15616530,Paul Atkinson,Paul,Atkinson,Network District Manager,T1_channel_dealer_owner,GB,2018-07-01,Mercedes-Benz in the UK,https://www.linkedin.com/company/mercedes-benz-uk-ltd,mercedes-benz.co.uk,A_verified_50plus,trucks_bodies,Blitz employee-finder UK/EU+US pull 2026-10-02
https://www.linkedin.com/in/anita-jarratt-0b761454,Anita Jarratt,Anita,Jarratt,Network Facilities and Standards Manager,T1_channel_dealer_owner,GB,2011-01-01,Mercedes-Benz in the UK,https://www.linkedin.com/company/mercedes-benz-uk-ltd,mercedes-benz.co.uk,A_verified_50plus,trucks_bodies,Blitz employee-finder UK/EU+US pull 2026-10-02
https://www.linkedin.com/in/mark-edwards-2a750950,Mark Edwards,Mark,Edwards,Network Performance Business Manager,T1_channel_dealer_owner,GB,2018-09-01,Mercedes-Benz in the UK,https://www.linkedin.com/company/mercedes-benz-uk-ltd,mercedes-benz.co.uk,A_verified_50plus,trucks_bodies,Blitz employee-finder UK/EU+US pull 2026-10-02
https://www.linkedin.com/in/michael-rushton-b1a003a6,Michael Rushton,Michael,Rushton,Network & Technical Manager,T1_channel_dealer_owner,GB,2023-09-01,Halton Group,https://www.linkedin.com/company/halton-group,halton.com,B_dealer_channel_size_unconfirmed,hvac,Blitz employee-finder UK/EU+US pull 2026-10-02
https://www.linkedin.com/in/markus-lehto,Markus Lehto,Markus,Lehto,Head of Marketing & Communications,T2_marketing_communications,FI,2026-03-01,Halton Group,https://www.linkedin.com/company/halton-group,halton.com,B_dealer_channel_size_unconfirmed,hvac,Blitz employee-finder UK/EU+US pull 2026-10-02
https://www.linkedin.com/in/adrienne-reed,Adrienne Reed,Adrienne,Reed,Channel Marketing Manager,T1_channel_dealer_owner,US,2025-03-01,Camco,https://www.linkedin.com/company/camco-manufacturing,camco.net,B_dealer_channel_size_unconfirmed,trailers,Blitz employee-finder US-wide pull 2026-10-02
https://www.linkedin.com/in/todd-snellenburg,Todd Snellenburg,Todd,Snellenburg,SVP Sales & Marketing,T3_marketing_leader_fallback,US,2025-09-01,Camco,https://www.linkedin.com/company/camco-manufacturing,camco.net,B_dealer_channel_size_unconfirmed,trailers,Blitz employee-finder US-wide pull 2026-10-02
https://www.linkedin.com/in/johnblicha,John Blicha,John,Blicha,Vice President of Global Marketing,T3_marketing_leader_fallback,US,2023-03-01,Eriez,https://www.linkedin.com/company/eriez,eriez.com,B_dealer_channel_size_unconfirmed,material_handling,Blitz employee-finder UK/EU+US pull 2026-10-02
https://www.linkedin.com/in/johannes-holzleitner-59744119b,Johannes Holzleitner,Johannes,Holzleitner,Manager Marketing & Communication,T2_marketing_communications,AT,2024-10-01,Steyr Automotive GmbH,https://www.linkedin.com/company/steyr-automotive-gmbh,steyr-automotive.com,B_dealer_channel_size_unconfirmed,trucks_bodies,Blitz employee-finder UK/EU+US pull 2026-10-02
https://www.linkedin.com/in/john-prusak-a774658,John Prusak,John,Prusak,Marketing Communications Manager,T2_marketing_communications,US,2025-10-01,Arctic Cat,https://www.linkedin.com/company/arctic-cat,arcticcat.com,B_dealer_channel_size_unconfirmed,power_equipment,Blitz employee-finder US-wide pull 2026-10-02
https://www.linkedin.com/in/corymaus,Cory Maus,Cory,Maus,Director of Marketing,T3_marketing_leader_fallback,US,2025-04-01,Arctic Cat,https://www.linkedin.com/company/arctic-cat,arcticcat.com,B_dealer_channel_size_unconfirmed,power_equipment,Blitz employee-finder US-wide pull 2026-10-02
https://www.linkedin.com/in/norasteffen,Nora Steffen,Nora,Steffen,Head of Marketing & Communications,T2_marketing_communications,DE,2026-02-01,"TIME Manufacturing Company, Inc.",https://www.linkedin.com/company/time-manufacturing-company-inc-,timemfg.com,A_verified_50plus,trucks_bodies,Blitz employee-finder US-wide pull 2026-10-02
https://www.linkedin.com/in/adamtav,Adam Tavangaran,Adam,Tavangaran,VP of Marketing,T3_marketing_leader_fallback,US,2025-06-01,"TIME Manufacturing Company, Inc.",https://www.linkedin.com/company/time-manufacturing-company-inc-,timemfg.com,A_verified_50plus,trucks_bodies,Blitz employee-finder US-wide pull 2026-10-02
https://www.linkedin.com/in/thordis-ernsting-76810b327,Thordis Ernsting,Thordis,Ernsting,Marketing Manager & Brand Partnerships,T1_channel_dealer_owner,DE,2025-01-01,Volkswagen Nutzfahrzeuge,https://www.linkedin.com/company/volkswagen-commercial-vehicles-,volkswagen-nutzfahrzeuge.de,A_verified_50plus,trucks_bodies,Blitz employee-finder UK/EU+US pull 2026-10-02
https://www.linkedin.com/in/r%c3%bcdiger-probst-55532933,Rüdiger Probst,Rüdiger,Probst,Head of Marketing Communications,T2_marketing_communications,DE,2024-01-01,Volkswagen Nutzfahrzeuge,https://www.linkedin.com/company/volkswagen-commercial-vehicles-,volkswagen-nutzfahrzeuge.de,A_verified_50plus,trucks_bodies,Blitz employee-finder UK/EU+US pull 2026-10-02
https://www.linkedin.com/in/sandrakadded,Sandra Garnier - Kadded,Sandra,Garnier - Kadded,Marketing & Communication Manager,T2_marketing_communications,FR,2021-02-01,ATEQ Aviation,https://www.linkedin.com/company/ateq-aviation,ateq-aviation.com,B_dealer_channel_size_unconfirmed,none,Blitz employee-finder UK/EU+US pull 2026-10-02
https://www.linkedin.com/in/ed-crawford-636639,'Ed. Crawford,'Ed.,Crawford,"Director, Retail Marketing",T3_marketing_leader_fallback,US,1999-01-01,"Isuzu Commercial Truck Of America, Inc",https://www.linkedin.com/company/isuzutrucks,isuzucv.com,A_verified_50plus,trucks_bodies,Blitz employee-finder UK/EU+US pull 2026-10-02
https://www.linkedin.com/in/milena-s-502a7921,Milena Santosromay,Milena,Santosromay,Senior Director of Marketing and Customer Experience,T3_marketing_leader_fallback,US,-,Daikin Applied Latin America,https://www.linkedin.com/company/daikindala,daikinlatam.com,B_dealer_channel_size_unconfirmed,hvac,Prospeo /search-person 2026-10-07
https://www.linkedin.com/in/paul-f-899a8222,Paul F.,Paul,F.,Distribution Development Manager,T1_channel_dealer_owner,US,2015-06-01,Festo USA,https://www.linkedin.com/company/festo-usa,festo.com,B_dealer_channel_size_unconfirmed,flow_hydraulics,Blitz employee-finder US-wide pull 2026-10-02
https://www.linkedin.com/in/joe-marfia-6747a0110,Joe Marfia,Joe,Marfia,Marketing Communications Manager/Photographer,T2_marketing_communications,US,2014-10-01,Allied Systems Company,https://www.linkedin.com/company/allied-systems,alliedsystems.com,B_dealer_channel_size_unconfirmed,material_handling,Blitz employee-finder UK/EU+US pull 2026-10-02
https://www.linkedin.com/in/hitesh-patel-pdx,Hitesh Patel,Hitesh,Patel,Vice President of Sales and Marketing,T3_marketing_leader_fallback,US,2020-05-01,Allied Systems Company,https://www.linkedin.com/company/allied-systems,alliedsystems.com,B_dealer_channel_size_unconfirmed,material_handling,Blitz employee-finder UK/EU+US pull 2026-10-02
https://www.linkedin.com/in/erinbartelson,Erin Ark (Bartelson),Erin,Ark (Bartelson),Director of Distribution Marketing,T1_channel_dealer_owner,US,2026-01-01,Rite-Hite,https://www.linkedin.com/company/rite-hite,ritehite.com,B_dealer_channel_size_unconfirmed,material_handling,Blitz employee-finder UK/EU+US pull 2026-10-02
https://www.linkedin.com/in/peter-burke-768a308,Peter Burke,Peter,Burke,Director of Sales and Marketing,T3_marketing_leader_fallback,US,2022-09-01,Rite-Hite,https://www.linkedin.com/company/rite-hite,ritehite.com,B_dealer_channel_size_unconfirmed,material_handling,Blitz employee-finder UK/EU+US pull 2026-10-02
https://www.linkedin.com/in/gabewahhab,Gabe Wahhab,Gabe,Wahhab,Director of Product Marketing,T3_marketing_leader_fallback,US,2025-04-01,Rite-Hite,https://www.linkedin.com/company/rite-hite,ritehite.com,B_dealer_channel_size_unconfirmed,material_handling,Blitz employee-finder UK/EU+US pull 2026-10-02
https://www.linkedin.com/in/kboccardi,Kim Boccardi,Kim,Boccardi,VP Marketing and Salesforce Champion,T3_marketing_leader_fallback,US,2017-01-01,"Titan International, Inc.",https://www.linkedin.com/company/titan-international-inc.,titan-intl.com,B_dealer_channel_size_unconfirmed,construction_ag,Blitz employee-finder UK/EU+US pull 2026-10-02
https://www.linkedin.com/in/paul-hawkins-8a8579228,Paul Hawkins,Paul,Hawkins,Sr VP Aftermarket Sales & Marketing,T3_marketing_leader_fallback,US,-,"Titan International, Inc.",https://www.linkedin.com/company/titan-international-inc.,titan-intl.com,B_dealer_channel_size_unconfirmed,construction_ag,Blitz employee-finder UK/EU+US pull 2026-10-02
https://www.linkedin.com/in/susan-becker-0a2b8216,Susan Becker,Susan,Becker,Senior Marketing Communications Manager,T2_marketing_communications,US,-,Coldspring,https://www.linkedin.com/company/cold-spring-granite,coldspringusa.com,B_dealer_channel_size_unconfirmed,construction_ag,Prospeo /search-person 2026-10-07
https://www.linkedin.com/in/s-villeneuve,Stephanie Villeneuve,Stephanie,Villeneuve,Regional Marketing Manager - Europe Distributors - Forest and Garden,T1_channel_dealer_owner,FR,2022-01-01,Husqvarna Group,https://www.linkedin.com/company/husqvarnagroup,husqvarnagroup.com,A_verified_50plus,power_equipment,Blitz employee-finder UK/EU+US pull 2026-10-02
https://www.linkedin.com/in/alexandre-coquet-b68684a7,Alexandre Coquet,Alexandre,Coquet,Dealer & Network Development Manager - Europe,T1_channel_dealer_owner,FR,2026-01-01,Husqvarna Group,https://www.linkedin.com/company/husqvarnagroup,husqvarnagroup.com,A_verified_50plus,power_equipment,Blitz employee-finder UK/EU+US pull 2026-10-02
https://www.linkedin.com/in/matt-stangle-3283304,Matt Stangle,Matt,Stangle,Sr. Director Channel Strategy and Development,T1_channel_dealer_owner,US,-,Husqvarna Group,https://www.linkedin.com/company/husqvarnagroup,husqvarnagroup.com,A_verified_50plus,power_equipment,Blitz employee-finder UK/EU+US pull 2026-10-02
https://www.linkedin.com/in/kevin-maine,Kevin Maine,Kevin,Maine,Business Unit Director of Sales and Marketing,T3_marketing_leader_fallback,US,2026-01-01,Trelleborg Engineered Coated Fabrics,https://www.linkedin.com/company/trelleborgecf,trelleborgecf.com,B_dealer_channel_size_unconfirmed,flow_hydraulics,Blitz employee-finder UK/EU+US pull 2026-10-02
https://www.linkedin.com/in/justin-ellis-28993665,Justin Ellis,Justin,Ellis,Business Development Team Manager - Distribution,T1_channel_dealer_owner,GB,2025-01-01,SMC Corporation (UK),https://www.linkedin.com/company/smc-pneumatics-uk,smc.eu,A_verified_50plus,flow_hydraulics,Blitz employee-finder UK/EU+US pull 2026-10-02
https://www.linkedin.com/in/fiammetta-doniselli-7a148835,Fiammetta Doniselli,Fiammetta,Doniselli,Marketing Communications Manager,T2_marketing_communications,IT,2024-01-01,Zoppas Industries Heating Element Technologies,https://www.linkedin.com/company/zoppas-industries,zoppasindustries.com,B_dealer_channel_size_unconfirmed,hvac,Blitz employee-finder UK/EU+US pull 2026-10-02
https://www.linkedin.com/in/brad-mcguire-9bab741,Brad McGuire,Brad,McGuire,VP of Sales & Marketing/HVAC Division - North America at Zoppas Industries,T3_marketing_leader_fallback,US,2016-02-01,Zoppas Industries Heating Element Technologies,https://www.linkedin.com/company/zoppas-industries,zoppasindustries.com,B_dealer_channel_size_unconfirmed,hvac,Blitz employee-finder UK/EU+US pull 2026-10-02
https://www.linkedin.com/in/dee-warren-702a295,Dee Warren,Dee,Warren,Vice President Marketing & Internal Operations,T3_marketing_leader_fallback,US,-,Land Pride,https://www.linkedin.com/company/land-pride,landpride.com,A_verified_50plus,construction_ag,Blitz employee-finder UK/EU+US pull 2026-10-02
https://www.linkedin.com/in/laura-gallindo,Laura Gallindo,Laura,Gallindo,Strategic Marketing Communications Director,T2_marketing_communications,US,2023-08-01,GRUNDFOS,https://www.linkedin.com/company/grundfos,grundfos.com,A_verified_50plus,hvac,Blitz employee-finder UK/EU+US pull 2026-10-02
https://www.linkedin.com/in/kenth-hvid-nielsen,Kenth Hvid Nielsen,Kenth Hvid,Nielsen,Head of Global Marketing,T3_marketing_leader_fallback,DK,2024-01-01,GRUNDFOS,https://www.linkedin.com/company/grundfos,grundfos.com,A_verified_50plus,hvac,Blitz employee-finder UK/EU+US pull 2026-10-02
https://www.linkedin.com/in/askmollernielsen,Ask Møller-Nielsen,Ask,Møller-Nielsen,"Head of Solutions & Marketing, Water Utility division",T3_marketing_leader_fallback,US,2024-07-01,GRUNDFOS,https://www.linkedin.com/company/grundfos,grundfos.com,A_verified_50plus,hvac,Blitz employee-finder UK/EU+US pull 2026-10-02
https://www.linkedin.com/in/kate-mcelhatton-65402552,Kate McElhatton,Kate,McElhatton,Product and Channel Marketing Leader,T1_channel_dealer_owner,US,2024-03-01,DuPont,https://www.linkedin.com/company/dupont,dupont.com,A_verified_50plus,none,Blitz employee-finder US-wide pull 2026-10-02
https://www.linkedin.com/in/melissakullbel,Melissa Kull,Melissa,Kull,"Global Marketing Communications Manager, Spectrum™",T2_marketing_communications,US,2026-03-01,DuPont,https://www.linkedin.com/company/dupont,dupont.com,A_verified_50plus,none,Blitz employee-finder US-wide pull 2026-10-02
https://www.linkedin.com/in/maryellen5,Mary Ellen Broderick,Mary Ellen,Broderick,NA Marketing Communications & Media Manager,T2_marketing_communications,US,2023-01-01,DuPont,https://www.linkedin.com/company/dupont,dupont.com,A_verified_50plus,none,Blitz employee-finder US-wide pull 2026-10-02
https://www.linkedin.com/in/felicia-lewis-247450110,Felicia Lewis,Felicia,Lewis,Marketing Communications Manager,T2_marketing_communications,SE,2026-01-01,Linde Material Handling Sverige,https://www.linkedin.com/company/linde-material-handling-sverige,linde-mh.se,B_dealer_channel_size_unconfirmed,material_handling,Blitz employee-finder UK/EU+US pull 2026-10-02
https://www.linkedin.com/in/katie-mairs-marketing-specialist,Katie Mairs,Katie,Mairs,Channel Marketing Manager (Product & Brand),T1_channel_dealer_owner,GB,2024-03-01,Volution Group plc,https://www.linkedin.com/company/volution-group,volutiongroupplc.com,A_verified_50plus,hvac,Blitz employee-finder UK/EU+US pull 2026-10-02
https://www.linkedin.com/in/j%c3%a9r%c3%b4me-hoofd-7b082333,Jérôme Hoofd,Jérôme,Hoofd,European Distribution Network Manager.,T1_channel_dealer_owner,FR,2025-12-01,Haskel,https://www.linkedin.com/company/haskel-international,haskel.com,B_dealer_channel_size_unconfirmed,flow_hydraulics,Blitz employee-finder UK/EU+US pull 2026-10-02
https://www.linkedin.com/in/cwpoppe,Corey Poppe,Corey,Poppe,Marketing Communications Manager,T2_marketing_communications,US,2007-08-01,Superior Industries Inc,https://www.linkedin.com/company/superiorindustries,superior-ind.com,B_dealer_channel_size_unconfirmed,material_handling,Blitz employee-finder UK/EU+US pull 2026-10-02
https://www.linkedin.com/in/george-wilcox-73a5282a,George Wilcox,George,Wilcox,Channel Sales Manager,T2_marketing_communications,US,-,Superior Industries Inc,https://www.linkedin.com/company/superiorindustries,superior-ind.com,B_dealer_channel_size_unconfirmed,material_handling,2026-09-28-leads.csv (Blitz)
https://www.linkedin.com/in/rebeccarobinson4marketing,Rebecca R.,Rebecca,R.,MARKETING MANAGER | PARTNERSHIP ENGAGEMENT,T1_channel_dealer_owner,US,2008-01-01,MagTek,https://www.linkedin.com/company/magtek,magtek.com,B_dealer_channel_size_unconfirmed,none,Blitz employee-finder US-wide pull 2026-10-02
https://www.linkedin.com/in/jose-westin-61a6129,Jose Westin,Jose,Westin,Director of Dealer Development,T1_channel_dealer_owner,US,2023-02-01,LiuGong North America,https://www.linkedin.com/company/liugong-north-america,liugongna.com,A_verified_50plus,construction_ag,Blitz employee-finder US-wide pull 2026-10-02
https://www.linkedin.com/in/brennanaltringer,Brennan Altringer,Brennan,Altringer,Director of Marketing,T3_marketing_leader_fallback,US,2026-03-01,Traxxas,https://www.linkedin.com/company/traxxas,traxxas.com,B_dealer_channel_size_unconfirmed,power_equipment,Blitz employee-finder UK/EU+US pull 2026-10-02
https://www.linkedin.com/in/kirkwescom,Kirk Wescom,Kirk,Wescom,Marketing Communications Manager,T2_marketing_communications,US,2016-01-01,PBC Linear,https://www.linkedin.com/company/pbc-linear-a-pacific-bearing-company,pbclinear.com,B_dealer_channel_size_unconfirmed,power_equipment,Blitz employee-finder UK/EU+US pull 2026-10-02
https://www.linkedin.com/in/jadielee,Jadie Lee,Jadie,Lee,Marketing Communications Brand Manager,T2_marketing_communications,US,2023-05-01,Weil-McLain,https://www.linkedin.com/company/weil-mclain,weil-mclain.com,A_verified_50plus,hvac,Blitz employee-finder US-wide pull 2026-10-02
https://www.linkedin.com/in/dan-vassar-72749b7,Dan Vassar,Dan,Vassar,Marketing Communications Manager,T2_marketing_communications,US,-,Weil-McLain,https://www.linkedin.com/company/weil-mclain,weil-mclain.com,A_verified_50plus,hvac,Blitz employee-finder US-wide pull 2026-10-02
https://www.linkedin.com/in/elodie-collinet-75037552,Elodie Collinet,Elodie,Collinet,Responsable Marketing & Communication,T2_marketing_communications,FR,2022-12-01,ARDEN EQUIPMENT,https://www.linkedin.com/company/arden-equipment,arden-equipment.com,B_dealer_channel_size_unconfirmed,flow_hydraulics,Blitz employee-finder UK/EU+US pull 2026-10-02
https://www.linkedin.com/in/rodrigo-varela-9683286,Rodrigo Varela,Rodrigo,Varela,"Strategy, Channel Development & Operations Director - Europe",T1_channel_dealer_owner,BE,2019-05-01,ELGi Compressors Europe,https://www.linkedin.com/company/elgi-compressors-europe,elgiaircompressors.eu,A_verified_50plus,flow_hydraulics,Blitz employee-finder UK/EU+US pull 2026-10-02
https://www.linkedin.com/in/ferhat-zor-1a3ab01a,Ferhat Zor,Ferhat,Zor,Channel Development Partner,T1_channel_dealer_owner,BE,2020-11-01,ELGi Compressors Europe,https://www.linkedin.com/company/elgi-compressors-europe,elgiaircompressors.eu,A_verified_50plus,flow_hydraulics,Blitz employee-finder UK/EU+US pull 2026-10-02
https://www.linkedin.com/in/polina-arienti-30ba222,Polina Arienti,Polina,Arienti,Franchise Network Director UK & RoI,T1_channel_dealer_owner,GB,2023-06-01,Iveco Group,https://www.linkedin.com/company/iveco-group,ivecogroup.com,A_verified_50plus,trucks_bodies,Blitz employee-finder UK/EU+US pull 2026-10-02
https://www.linkedin.com/in/federico-sorvillo-592179,Federico Sorvillo,Federico,Sorvillo,Global Sales and After Sales Network Development Director for IVECO and IVECOBUS,T1_channel_dealer_owner,IT,2022-01-01,Iveco Group,https://www.linkedin.com/company/iveco-group,ivecogroup.com,A_verified_50plus,trucks_bodies,Blitz employee-finder UK/EU+US pull 2026-10-02
https://www.linkedin.com/in/cristina-rusnac-ba28987b,Cristina Rusnac,Cristina,Rusnac,Global Performance and Succession | Development Partner,T1_channel_dealer_owner,GB,2026-01-01,Iveco Group,https://www.linkedin.com/company/iveco-group,ivecogroup.com,A_verified_50plus,trucks_bodies,Blitz employee-finder UK/EU+US pull 2026-10-02
https://www.linkedin.com/in/pierre-krawtchenko-4b689524,pierre krawtchenko,pierre,krawtchenko,Marketing & Communication Manager,T2_marketing_communications,FR,2007-03-01,Amphenol Air LB France,https://www.linkedin.com/company/amphenol-air-lb,amphenol-airlb.fr,B_dealer_channel_size_unconfirmed,none,Blitz employee-finder UK/EU+US pull 2026-10-02
https://www.linkedin.com/in/kyle-mclaughlin-0221246b,Kyle McLaughlin,Kyle,McLaughlin,Vice President of Corporate Van Body Accounts and Distributor Sales.,T2_marketing_communications,US,-,Mickey Truck Bodies,https://www.linkedin.com/company/mickeytruckbodies,mickeybody.com,B_dealer_channel_size_unconfirmed,trucks_bodies,2026-09-28-leads.csv (Blitz)
https://www.linkedin.com/in/grant-hilliard-51899453,Grant Hilliard,Grant,Hilliard,Vice President Sales and Marketing,T3_marketing_leader_fallback,US,2025-10-01,Mickey Truck Bodies,https://www.linkedin.com/company/mickeytruckbodies,mickeybody.com,B_dealer_channel_size_unconfirmed,trucks_bodies,Blitz employee-finder UK/EU+US pull 2026-10-02
https://www.linkedin.com/in/shelby-banks,Shelby Banks,Shelby,Banks,Channel Marketing Manager,T1_channel_dealer_owner,US,2026-01-01,Gerber Plumbing Fixtures,https://www.linkedin.com/company/gerber-plumbing-fixtures,gerber-us.com,B_dealer_channel_size_unconfirmed,none,Blitz employee-finder US-wide pull 2026-10-02
https://www.linkedin.com/in/cindy-meyer60134,Cindy Meyer,Cindy,Meyer,Channel Marketing Manager - Retail,T1_channel_dealer_owner,US,2024-01-01,Gerber Plumbing Fixtures,https://www.linkedin.com/company/gerber-plumbing-fixtures,gerber-us.com,B_dealer_channel_size_unconfirmed,none,Blitz employee-finder US-wide pull 2026-10-02
https://www.linkedin.com/in/emily-farns-a9127b120,Emily Farns,Emily,Farns,Associate Channel Marketing Manager - Wholesale,T1_channel_dealer_owner,US,2024-08-01,Gerber Plumbing Fixtures,https://www.linkedin.com/company/gerber-plumbing-fixtures,gerber-us.com,B_dealer_channel_size_unconfirmed,none,Blitz employee-finder US-wide pull 2026-10-02
https://www.linkedin.com/in/sally-a-boyer-79846a12,Sally A. Boyer,Sally A.,Boyer,Director - Marketing Communications,T2_marketing_communications,US,2022-01-01,NIBCO INC.,https://www.linkedin.com/company/nibco,nibco.com,B_dealer_channel_size_unconfirmed,flow_hydraulics,Blitz employee-finder US-wide pull 2026-10-02
https://www.linkedin.com/in/charli-keuning-24b2118,Charli Keuning,Charli,Keuning,Dealer Brand Experience Lead,T1_channel_dealer_owner,US,2024-11-01,Vermeer Corporation,https://www.linkedin.com/company/vermeer-corporation,vermeer.com,A_verified_50plus,construction_ag,Blitz employee-finder US-wide pull 2026-10-02
https://www.linkedin.com/in/shannon-o-bryan-cerza-b250584,Shannon O'Bryan Cerza,Shannon,O'Bryan Cerza,"Head of Channel Sales and Retail Marketing, Dremel Brand",T1_channel_dealer_owner,US,2023-03-01,Robert Bosch Tool Corporation NA,https://www.linkedin.com/company/robert-bosch-tool-corporation,boschtools.com,B_dealer_channel_size_unconfirmed,power_equipment,Blitz employee-finder US-wide pull 2026-10-02
https://www.linkedin.com/in/nathanhamilton,Nathan Hamilton,Nathan,Hamilton,Senior Channel Marketing Manager,T1_channel_dealer_owner,US,2020-08-01,Robert Bosch Tool Corporation NA,https://www.linkedin.com/company/robert-bosch-tool-corporation,boschtools.com,B_dealer_channel_size_unconfirmed,power_equipment,Blitz employee-finder US-wide pull 2026-10-02
https://www.linkedin.com/in/shaunjennings,Shaun Jennings,Shaun,Jennings,Senior Marketing Communications Manager,T2_marketing_communications,US,2020-01-01,Fastenmaster,https://www.linkedin.com/company/fastenmaster,fastenmaster.com,B_dealer_channel_size_unconfirmed,construction_ag,Blitz employee-finder UK/EU+US pull 2026-10-02
https://www.linkedin.com/in/davegrantellis,David Ellis,David,Ellis,VP Sales & Marketing,T3_marketing_leader_fallback,US,2024-09-01,Fastenmaster,https://www.linkedin.com/company/fastenmaster,fastenmaster.com,B_dealer_channel_size_unconfirmed,construction_ag,Blitz employee-finder UK/EU+US pull 2026-10-02
https://www.linkedin.com/in/kevin-covey-b7a1bb51,Kevin Covey,Kevin,Covey,General Manager of Dealer Operations,T2_marketing_communications,US,-,Equipment Technologies,https://www.linkedin.com/company/equipment-technologies,etsprayers.com,B_dealer_channel_size_unconfirmed,construction_ag,2026-09-28-leads.csv (Blitz)
https://www.linkedin.com/in/angsauceda,Angela Sauceda,Angela,Sauceda,Global Marketing Communications Manager,T2_marketing_communications,US,2004-09-01,General Monitors,https://www.linkedin.com/company/general-monitors,msasafety.com,B_dealer_channel_size_unconfirmed,none,Blitz employee-finder US-wide pull 2026-10-02
https://www.linkedin.com/in/asauceda,Angela April Sauceda,Angela,April Sauceda,Marketing Communications Manager,T2_marketing_communications,US,1997-12-01,General Monitors,https://www.linkedin.com/company/general-monitors,msasafety.com,B_dealer_channel_size_unconfirmed,none,Blitz employee-finder US-wide pull 2026-10-02
https://www.linkedin.com/in/andreadewildesmith,Andrea Smith,Andrea,Smith,Global Marketing Communications Manager,T2_marketing_communications,US,2019-06-01,L&L Products,https://www.linkedin.com/company/l&l-products,llproducts.com,A_verified_50plus,trucks_bodies,Blitz employee-finder US-wide pull 2026-10-02
https://www.linkedin.com/in/stephen-sullivan-a0b073aa,Stephen Sullivan,Stephen,Sullivan,Spares Network Manager,T1_channel_dealer_owner,GB,2017-05-01,Vaillant UK,https://www.linkedin.com/company/vaillant-uk,vaillant.co.uk,A_verified_50plus,hvac,Blitz employee-finder UK/EU+US pull 2026-10-02
https://www.linkedin.com/in/barney-curzon-jones-878a7382,Barney Curzon-Jones,Barney,Curzon-Jones,Marketing Communications Manager,T2_marketing_communications,GB,2024-07-01,Vaillant UK,https://www.linkedin.com/company/vaillant-uk,vaillant.co.uk,A_verified_50plus,hvac,Blitz employee-finder UK/EU+US pull 2026-10-02
https://www.linkedin.com/in/trey-miller-rv,Trey Miller,Trey,Miller,Vice President Marketing,T3_marketing_leader_fallback,US,2022-02-01,"Jayco, Inc.",https://www.linkedin.com/company/jaycofamily,jaycofamily.com,B_dealer_channel_size_unconfirmed,rv,Blitz employee-finder UK/EU+US pull 2026-10-02
https://www.linkedin.com/in/sid-johnson-2856402a,Sid Johnson,Sid,Johnson,Director of Marketing,T3_marketing_leader_fallback,US,1993-01-01,"Jayco, Inc.",https://www.linkedin.com/company/jaycofamily,jaycofamily.com,B_dealer_channel_size_unconfirmed,rv,Blitz employee-finder UK/EU+US pull 2026-10-02
https://www.linkedin.com/in/manfredilaura,Laura Manfredi,Laura,Manfredi,Corporate Marketing & Communication Manager,T2_marketing_communications,IT,2017-01-01,Bonfiglioli,https://www.linkedin.com/company/bonfiglioli-riduttori-spa,bonfiglioli.com,B_dealer_channel_size_unconfirmed,flow_hydraulics,Blitz employee-finder UK/EU+US pull 2026-10-02
https://www.linkedin.com/in/massimo-sarti-94125bb,Massimo Sarti,Massimo,Sarti,Group Strategic Marketing & Communication Director,T2_marketing_communications,IT,2016-09-01,Bonfiglioli,https://www.linkedin.com/company/bonfiglioli-riduttori-spa,bonfiglioli.com,B_dealer_channel_size_unconfirmed,flow_hydraulics,Blitz employee-finder UK/EU+US pull 2026-10-02
https://www.linkedin.com/in/diego-e-quintana-6189b263,Diego E. Quintana,Diego E.,Quintana,Head of Supply Partner Development NA,T1_channel_dealer_owner,US,2023-04-01,Volvo Trucks,https://www.linkedin.com/company/volvo-trucks,volvotrucks.com,A_verified_50plus,trucks_bodies,Blitz employee-finder UK/EU+US pull 2026-10-02
https://www.linkedin.com/in/sheryl-beauregard-25395243,Sheryl Beauregard,Sheryl,Beauregard,Director of Network Fixed Operations,T1_channel_dealer_owner,US,2025-06-01,Volvo Trucks,https://www.linkedin.com/company/volvo-trucks,volvotrucks.com,A_verified_50plus,trucks_bodies,Blitz employee-finder UK/EU+US pull 2026-10-02
https://www.linkedin.com/in/kevin-stogner-218386207,Kevin Stogner,Kevin,Stogner,Dealer Uptime Development Manager,T1_channel_dealer_owner,US,2019-07-01,Volvo Trucks,https://www.linkedin.com/company/volvo-trucks,volvotrucks.com,A_verified_50plus,trucks_bodies,Blitz employee-finder UK/EU+US pull 2026-10-02
https://www.linkedin.com/in/rachellekman,Rachel Lekman,Rachel,Lekman,Channel Marketing Manager,T1_channel_dealer_owner,GB,2019-10-01,Mitsubishi Electric Living Environmental Systems UK,https://www.linkedin.com/company/mitsubishi-electric-living-environmental-systems-uk_2,mitsubishielectric.co.uk,B_dealer_channel_size_unconfirmed,hvac,Blitz employee-finder UK/EU+US pull 2026-10-02
https://www.linkedin.com/in/danni-89-r,Danielle R.,Danielle,R.,Partner Programme Team Leader,T1_channel_dealer_owner,GB,2023-01-01,Mitsubishi Electric Living Environmental Systems UK,https://www.linkedin.com/company/mitsubishi-electric-living-environmental-systems-uk_2,mitsubishielectric.co.uk,B_dealer_channel_size_unconfirmed,hvac,Blitz employee-finder UK/EU+US pull 2026-10-02
https://www.linkedin.com/in/jo-ann-chenery-788526bb,Jo-Ann Chenery,Jo-Ann,Chenery,Head of Sales Network,T1_channel_dealer_owner,GB,2018-01-01,Mitsubishi Electric Living Environmental Systems UK,https://www.linkedin.com/company/mitsubishi-electric-living-environmental-systems-uk_2,mitsubishielectric.co.uk,B_dealer_channel_size_unconfirmed,hvac,Blitz employee-finder UK/EU+US pull 2026-10-02
https://www.linkedin.com/in/tim-gordon-81250210,Tim Gordon,Tim,Gordon,VP of Sales and Marketing,T3_marketing_leader_fallback,US,2022-08-01,Blue Bird Corporation,https://www.linkedin.com/company/blue-bird-corporation,blue-bird.com,B_dealer_channel_size_unconfirmed,trucks_bodies,Blitz employee-finder UK/EU+US pull 2026-10-02
https://www.linkedin.com/in/tim-gordon-8b890724a,Tim Gordon,Tim,Gordon,Senior Vice President of Sales and Marketing,T3_marketing_leader_fallback,US,2024-08-01,Blue Bird Corporation,https://www.linkedin.com/company/blue-bird-corporation,blue-bird.com,B_dealer_channel_size_unconfirmed,trucks_bodies,Blitz employee-finder UK/EU+US pull 2026-10-02
https://www.linkedin.com/in/robyneckard,Robyn Eagles,Robyn,Eagles,"Vice President, Global Marketing & Communications",T2_marketing_communications,US,2023-11-01,Robinson Helicopter Company,https://www.linkedin.com/company/robinson-helicopter-company,robinsonheli.com,B_dealer_channel_size_unconfirmed,none,Blitz employee-finder US-wide pull 2026-10-02
https://www.linkedin.com/in/anthony-bonadio-834554210,Anthony Bonadio,Anthony,Bonadio,Director of Marketing Technologies,T3_marketing_leader_fallback,US,2015-10-01,Mac Valves Inc,https://www.linkedin.com/company/mac-valves-inc.,macvalves.com,A_verified_50plus,flow_hydraulics,Blitz employee-finder UK/EU+US pull 2026-10-02
https://www.linkedin.com/in/natalie-riis-damstrup,Natalie Riis Hasbo,Natalie Riis,Hasbo,Commercial Development Partner,T1_channel_dealer_owner,DK,2025-10-01,Ferrosan Medical Devices,https://www.linkedin.com/company/ferrosan-medical-devices,ferrosanmedicaldevices.com,B_dealer_channel_size_unconfirmed,none,Blitz employee-finder UK/EU+US pull 2026-10-02
https://www.linkedin.com/in/bradhunt23,Brad Hunt,Brad,Hunt,Dealer Development Manager,T1_channel_dealer_owner,US,2026-02-01,Diamond C Trailers,https://www.linkedin.com/company/diamond-c-trailer-mfg.,diamondc.com,A_verified_50plus,trailers,Blitz employee-finder UK/EU+US pull 2026-10-02
https://www.linkedin.com/in/luis-benitez-8b7842228,Luis Benitez,Luis,Benitez,Dealer Development Manager,T1_channel_dealer_owner,US,2024-07-01,Diamond C Trailers,https://www.linkedin.com/company/diamond-c-trailer-mfg.,diamondc.com,A_verified_50plus,trailers,Blitz employee-finder UK/EU+US pull 2026-10-02
https://www.linkedin.com/in/eric-bell-2962b4202,Eric Bell,Eric,Bell,Dealer Development Manager,T1_channel_dealer_owner,-,-,Diamond C Trailers,https://www.linkedin.com/company/diamond-c-trailer-mfg.,diamondc.com,A_verified_50plus,trailers,2026-09-28-leads.csv (Blitz)
https://www.linkedin.com/in/mpearsoncasey,Michelle Pearson-Casey,Michelle,Pearson-Casey,Vice President of Corporate Communications & Marketing,T2_marketing_communications,US,2019-01-01,Olympic Steel,https://www.linkedin.com/company/olympic-steel,olysteel.com,B_dealer_channel_size_unconfirmed,flow_hydraulics,Blitz employee-finder US-wide pull 2026-10-02
https://www.linkedin.com/in/michaelhardygtc,Michael H.,Michael,H.,Vice President Of Channel Sales,T2_marketing_communications,US,-,Goodway Technologies,https://www.linkedin.com/company/goodway-technologies,goodway.com,B_dealer_channel_size_unconfirmed,hvac,2026-09-28-leads.csv (Blitz)
https://www.linkedin.com/in/eric-bailey-31777989,Eric Bailey,Eric,Bailey,Director of Marketing,T3_marketing_leader_fallback,US,2022-11-01,Goodway Technologies,https://www.linkedin.com/company/goodway-technologies,goodway.com,B_dealer_channel_size_unconfirmed,hvac,Blitz employee-finder UK/EU+US pull 2026-10-02
https://www.linkedin.com/in/alexandru-samoilenco,Alexandru Samoilenco,Alexandru,Samoilenco,Global Partner Program Manager,T1_channel_dealer_owner,DE,-,FlexLink,https://www.linkedin.com/company/flexlink,flexlink.com,B_dealer_channel_size_unconfirmed,material_handling,Blitz employee-finder UK/EU+US pull 2026-10-02
https://www.linkedin.com/in/paul-jarossy-3215a17,Paul Jarossy,Paul,Jarossy,Director of Marketing,T3_marketing_leader_fallback,US,-,FlexLink,https://www.linkedin.com/company/flexlink,flexlink.com,B_dealer_channel_size_unconfirmed,material_handling,Blitz employee-finder UK/EU+US pull 2026-10-02
https://www.linkedin.com/in/joseph-ramirez1,Joseph Ramirez,Joseph,Ramirez,Senior Director of Marketing,T3_marketing_leader_fallback,US,2024-09-01,ASC Engineered Solutions,https://www.linkedin.com/company/asc-engineered-solutions,asc-es.com,A_verified_50plus,flow_hydraulics,Blitz employee-finder UK/EU+US pull 2026-10-02
https://www.linkedin.com/in/timfox1234,Tim Fox,Tim,Fox,Vice President Marketing,T3_marketing_leader_fallback,US,2018-10-01,ASC Engineered Solutions,https://www.linkedin.com/company/asc-engineered-solutions,asc-es.com,A_verified_50plus,flow_hydraulics,Blitz employee-finder UK/EU+US pull 2026-10-02
https://www.linkedin.com/in/elizabeth-purcell-greeneway-54956039,Elizabeth Purcell Greeneway,Elizabeth,Purcell Greeneway,Director of Channel Marketing,T1_channel_dealer_owner,US,2025-09-01,Springs Window Fashions,https://www.linkedin.com/company/springs-window-fashions,springswindowfashions.com,B_dealer_channel_size_unconfirmed,none,Blitz employee-finder US-wide pull 2026-10-02
https://www.linkedin.com/in/allison-macauley,Allison Macauley,Allison,Macauley,Retail Channel Marketing Manager,T1_channel_dealer_owner,US,2026-01-01,Springs Window Fashions,https://www.linkedin.com/company/springs-window-fashions,springswindowfashions.com,B_dealer_channel_size_unconfirmed,none,Blitz employee-finder US-wide pull 2026-10-02
https://www.linkedin.com/in/ashia-martin-a273b334,Ashia Martin,Ashia,Martin,Channel & Business Development Manager,T1_channel_dealer_owner,GB,2021-01-01,Flender,https://www.linkedin.com/company/flenderdrives,flender.com,B_dealer_channel_size_unconfirmed,flow_hydraulics,Blitz employee-finder UK/EU+US pull 2026-10-02
https://www.linkedin.com/in/justine-becker-muhl-6427a584,Justine Becker-Muhl,Justine,Becker-Muhl,Responsable marketing et communication,T2_marketing_communications,FR,2018-07-01,Flender,https://www.linkedin.com/company/flenderdrives,flender.com,B_dealer_channel_size_unconfirmed,flow_hydraulics,Blitz employee-finder UK/EU+US pull 2026-10-02
https://www.linkedin.com/in/janeschwartz,"Jane Schwartz, MBA, CDMP",Jane,"Schwartz, MBA, CDMP",Senior Marketing Communications Manager,T2_marketing_communications,US,2025-01-01,CPC - Colder Products Company,https://www.linkedin.com/company/colder-products-company,cpcworldwide.com,B_dealer_channel_size_unconfirmed,flow_hydraulics,Blitz employee-finder US-wide pull 2026-10-02
https://www.linkedin.com/in/andreagossett2,Andrea Gossett,Andrea,Gossett,Senior Marketing Communications Manager,T2_marketing_communications,US,2019-01-01,CPC - Colder Products Company,https://www.linkedin.com/company/colder-products-company,cpcworldwide.com,B_dealer_channel_size_unconfirmed,flow_hydraulics,Blitz employee-finder US-wide pull 2026-10-02
https://www.linkedin.com/in/markjjenks,Mark Jenks,Mark,Jenks,Sr MarCom Manager,T2_marketing_communications,US,2024-04-01,CPC - Colder Products Company,https://www.linkedin.com/company/colder-products-company,cpcworldwide.com,B_dealer_channel_size_unconfirmed,flow_hydraulics,Blitz employee-finder US-wide pull 2026-10-02
https://www.linkedin.com/in/tera-humphrey,Tera Humphrey,Tera,Humphrey,Marketing Communications Manager,T2_marketing_communications,US,2025-08-01,"Air Distribution Technologies, Inc.",https://www.linkedin.com/company/air-distribution-technologies-inc-,airdistribution.com,B_dealer_channel_size_unconfirmed,hvac,Blitz employee-finder US-wide pull 2026-10-02
https://www.linkedin.com/in/jelena-bagitsch,Jelena Bagitsch,Jelena,Bagitsch,Marketing Communications Manager,T2_marketing_communications,DE,2025-09-01,Hesai Technology,https://www.linkedin.com/company/hesaitechnology,hesaitech.com,B_dealer_channel_size_unconfirmed,none,Blitz employee-finder US-wide pull 2026-10-02
https://www.linkedin.com/in/jens-raabe,Jens Raabe,Jens,Raabe,Head of Marketing Communications,T2_marketing_communications,DE,2025-02-01,Lödige Industries,https://www.linkedin.com/company/lodige-industries,lodige.com,B_dealer_channel_size_unconfirmed,material_handling,Blitz employee-finder UK/EU+US pull 2026-10-02
https://www.linkedin.com/in/lina-lohe,Lina Lohe,Lina,Lohe,Marketing & Communications Manager,T2_marketing_communications,DE,2024-03-01,Lödige Industries,https://www.linkedin.com/company/lodige-industries,lodige.com,B_dealer_channel_size_unconfirmed,material_handling,Blitz employee-finder UK/EU+US pull 2026-10-02
https://www.linkedin.com/in/nicole-wilm-b20a9a136,Nicole Wilm,Nicole,Wilm,Marketing & Communication Manager,T2_marketing_communications,DE,2024-05-01,Lödige Industries,https://www.linkedin.com/company/lodige-industries,lodige.com,B_dealer_channel_size_unconfirmed,material_handling,Blitz employee-finder UK/EU+US pull 2026-10-02
https://www.linkedin.com/in/davidpbreault,David Breault,David,Breault,"Director, Sales & Marketing",T3_marketing_leader_fallback,US,2025-10-01,"Curtis Industries, LLC",https://www.linkedin.com/company/curtis-industries,curtisindustries.net,B_dealer_channel_size_unconfirmed,power_equipment,Blitz employee-finder UK/EU+US pull 2026-10-02
https://www.linkedin.com/in/jason-bennett-zehnder,Jason Bennett,Jason,Bennett,"National Business Development Manager DfMA, Service Partner",T1_channel_dealer_owner,GB,2021-01-01,Zehnder Group UK,https://www.linkedin.com/company/zehnder-group-uk-ltd,zehnder.co.uk,B_dealer_channel_size_unconfirmed,hvac,Blitz employee-finder UK/EU+US pull 2026-10-02
https://www.linkedin.com/in/louise-randall-39728217b,Louise Randall,Louise,Randall,"Business Development Manager - Service Partners, Academy and MMC",T1_channel_dealer_owner,GB,-,Zehnder Group UK,https://www.linkedin.com/company/zehnder-group-uk-ltd,zehnder.co.uk,B_dealer_channel_size_unconfirmed,hvac,Blitz employee-finder UK/EU+US pull 2026-10-02
https://www.linkedin.com/in/markus-steinwendner-0b708196,Markus Steinwendner,Markus,Steinwendner,Head of Marketing & Communication,T2_marketing_communications,DE,2021-03-01,KRONE Agriculture,https://www.linkedin.com/company/maschinenfabrik-bernard-krone-gmbh-co-kg,krone-agriculture.com,A_verified_50plus,construction_ag,Blitz employee-finder UK/EU+US pull 2026-10-02
https://www.linkedin.com/in/luise-spinneker-b8b8a126a,Luise Spinneker,Luise,Spinneker,Teamleiter Marketing,T3_marketing_leader_fallback,DE,2021-04-01,KRONE Agriculture,https://www.linkedin.com/company/maschinenfabrik-bernard-krone-gmbh-co-kg,krone-agriculture.com,A_verified_50plus,construction_ag,Blitz employee-finder UK/EU+US pull 2026-10-02
https://www.linkedin.com/in/brian-lonnegan-69123082,Brian Lonnegan,Brian,Lonnegan,Head of Marketing,T3_marketing_leader_fallback,US,-,Fisher Snow Plows,https://www.linkedin.com/company/fisher-engineering,fisherplows.com,B_dealer_channel_size_unconfirmed,trucks_bodies,Blitz employee-finder UK/EU+US pull 2026-10-02
https://www.linkedin.com/in/matthew-larue-56218736,Matthew LaRue,Matthew,LaRue,National Channel Development Manager - Motion High Power,T1_channel_dealer_owner,US,2025-11-01,ABB Motors and Drives North America,https://www.linkedin.com/company/abb-motors-and-drives-noam,abb.com,A_verified_50plus,none,Blitz employee-finder US-wide pull 2026-10-02
https://www.linkedin.com/in/mandijnorth,Mandi North,Mandi,North,Industry Segment Marketing Communications Manager,T2_marketing_communications,US,2025-08-01,ABB Motors and Drives North America,https://www.linkedin.com/company/abb-motors-and-drives-noam,abb.com,A_verified_50plus,none,Blitz employee-finder US-wide pull 2026-10-02
https://www.linkedin.com/in/peter-nederlof-4221b98,Peter Nederlof,Peter,Nederlof,"Sr. Account Manager Channel Partner Team - Nordics, Benelux , Israel",T2_marketing_communications,-,-,Pall - Energy,https://www.linkedin.com/company/pall-energy,pall.com,B_dealer_channel_size_unconfirmed,flow_hydraulics,2026-09-28-leads.csv (Blitz)
https://www.linkedin.com/in/roz-biencourt-2ba4b223,Roz Biencourt,Roz,Biencourt,"Global Director, Transformative Marketing & Lead Management",T3_marketing_leader_fallback,US,2022-03-01,Pall - Energy,https://www.linkedin.com/company/pall-energy,pall.com,B_dealer_channel_size_unconfirmed,flow_hydraulics,Blitz employee-finder UK/EU+US pull 2026-10-02
https://www.linkedin.com/in/bruno-weider-a8097716,Bruno Weider,Bruno,Weider,General Product Manager Railway Networks,T1_channel_dealer_owner,FR,2011-09-01,Nexans,https://www.linkedin.com/company/nexans,nexans.com,A_verified_50plus,flow_hydraulics,Blitz employee-finder UK/EU+US pull 2026-10-02
https://www.linkedin.com/in/oceanebarnierfaure,Océane Faure (Barnier),Océane,Faure (Barnier),Marketing Communication Manager Power Grid Market Division,T2_marketing_communications,FR,2025-04-01,Nexans,https://www.linkedin.com/company/nexans,nexans.com,A_verified_50plus,flow_hydraulics,Blitz employee-finder UK/EU+US pull 2026-10-02
https://www.linkedin.com/in/benjamintroost,Benjamin Troost,Benjamin,Troost,Marcom Manager Benelux,T2_marketing_communications,NL,2026-01-01,Nexans,https://www.linkedin.com/company/nexans,nexans.com,A_verified_50plus,flow_hydraulics,Blitz employee-finder UK/EU+US pull 2026-10-02
https://www.linkedin.com/in/suzannelawton,Suzanne Lawton,Suzanne,Lawton,Vice President Marketing & Communications,T2_marketing_communications,US,2018-10-01,PennEngineering®,https://www.linkedin.com/company/pennengineering,pemnet.com,B_dealer_channel_size_unconfirmed,components_fasteners_consumables,Blitz employee-finder US-wide pull 2026-10-02
https://www.linkedin.com/in/richard-koch-326866236,Richard Koch,Richard,Koch,Head of Global Marketing & Communication,T2_marketing_communications,DE,2026-01-01,Bucher Hydraulics,https://www.linkedin.com/company/bucher-hydraulics,bucherhydraulics.com,B_dealer_channel_size_unconfirmed,flow_hydraulics,Blitz employee-finder UK/EU+US pull 2026-10-02
https://www.linkedin.com/in/davidstevenson08,David Stevenson,David,Stevenson,Vice President of Sales and Marketing,T3_marketing_leader_fallback,US,2026-03-01,Bucher Hydraulics,https://www.linkedin.com/company/bucher-hydraulics,bucherhydraulics.com,B_dealer_channel_size_unconfirmed,flow_hydraulics,Blitz employee-finder UK/EU+US pull 2026-10-02
https://www.linkedin.com/in/jan-friedrich-218b6522b,Jan Friedrich,Jan,Friedrich,Head of Sales Europe and Marketing,T3_marketing_leader_fallback,DE,-,Bucher Hydraulics,https://www.linkedin.com/company/bucher-hydraulics,bucherhydraulics.com,B_dealer_channel_size_unconfirmed,flow_hydraulics,Blitz employee-finder UK/EU+US pull 2026-10-02
https://www.linkedin.com/in/lindsayobal,"Lindsay (Woracek) Obal, MBA",Lindsay,"(Woracek) Obal, MBA",Director of Marketing,T3_marketing_leader_fallback,US,2025-05-01,Elliott Equipment Company,https://www.linkedin.com/company/elliott-equipment,elliottequip.com,B_dealer_channel_size_unconfirmed,construction_ag,Blitz employee-finder UK/EU+US pull 2026-10-02
https://www.linkedin.com/in/pierrefran%c3%a7oisbeyrand-0906619,Pierre-François Beyrand,Pierre-François,Beyrand,Industrial Sales France and Distribution Development Manager,T1_channel_dealer_owner,FR,2023-12-01,SKF Group,https://www.linkedin.com/company/skf,skf.com,B_dealer_channel_size_unconfirmed,flow_hydraulics,Blitz employee-finder UK/EU+US pull 2026-10-02
https://www.linkedin.com/in/marcellociaramella,Marcello Ciaramella,Marcello,Ciaramella,Marketing and Distributors Manager,T1_channel_dealer_owner,IT,-,SKF Group,https://www.linkedin.com/company/skf,skf.com,B_dealer_channel_size_unconfirmed,flow_hydraulics,Blitz employee-finder UK/EU+US pull 2026-10-02
https://www.linkedin.com/in/kenney-harris-17b57619,Kenney Harris (M.APS),Kenney,Harris (M.APS),Business Development Manager - Distribution UK&I,T1_channel_dealer_owner,GB,2024-02-01,SKF Group,https://www.linkedin.com/company/skf,skf.com,B_dealer_channel_size_unconfirmed,flow_hydraulics,Blitz employee-finder UK/EU+US pull 2026-10-02
https://www.linkedin.com/in/alexander-krauskopf-91286b1a5,Alexander Krauskopf,Alexander,Krauskopf,"Director, Network & Aftermarket Sales",T1_channel_dealer_owner,US,2023-01-01,Hartzell Propeller,https://www.linkedin.com/company/hartzell-propeller,hartzellprop.com,B_dealer_channel_size_unconfirmed,none,Blitz employee-finder US-wide pull 2026-10-02
https://www.linkedin.com/in/mitch-heaton,Mitch Heaton,Mitch,Heaton,Director of Sales & Marketing Strategy,T3_marketing_leader_fallback,US,2024-01-01,Hartzell Propeller,https://www.linkedin.com/company/hartzell-propeller,hartzellprop.com,B_dealer_channel_size_unconfirmed,none,Blitz employee-finder US-wide pull 2026-10-02
https://www.linkedin.com/in/cagallentine,Chad Gallentine,Chad,Gallentine,Vice President Sales & Marketing,T3_marketing_leader_fallback,US,2026-02-01,Hartzell Propeller,https://www.linkedin.com/company/hartzell-propeller,hartzellprop.com,B_dealer_channel_size_unconfirmed,none,Blitz employee-finder US-wide pull 2026-10-02
https://www.linkedin.com/in/theresa110,Theresa Stultz,Theresa,Stultz,Marketing Communications Manager,T2_marketing_communications,US,2021-01-01,Valtir,https://www.linkedin.com/company/valtir-llc,valtir.com,B_dealer_channel_size_unconfirmed,trucks_bodies,Blitz employee-finder US-wide pull 2026-10-02
https://www.linkedin.com/in/theresa-stultz-0007b61a6,Theresa Stultz,Theresa,Stultz,Marketing Communications Manager,T2_marketing_communications,US,2011-03-01,Valtir,https://www.linkedin.com/company/valtir-llc,valtir.com,B_dealer_channel_size_unconfirmed,trucks_bodies,Blitz employee-finder US-wide pull 2026-10-02
https://www.linkedin.com/in/cath%c3%a9rine-caroline-h-35435619,Cathérine-Caroline H.,Cathérine-Caroline,H.,Distribution Marketing Manager North America & EMEA,T1_channel_dealer_owner,DE,2025-01-01,ITT Cannon,https://www.linkedin.com/company/itt-cannon,ittcannon.com,B_dealer_channel_size_unconfirmed,electrical_automation,Blitz employee-finder US-wide pull 2026-10-02
https://www.linkedin.com/in/rjmiles,Richard Miles,Richard,Miles,Senior Marketing & Communications Manager,T2_marketing_communications,GB,2014-02-01,ITT Cannon,https://www.linkedin.com/company/itt-cannon,ittcannon.com,B_dealer_channel_size_unconfirmed,electrical_automation,Blitz employee-finder US-wide pull 2026-10-02
https://www.linkedin.com/in/daniel-riek-609a4986,Daniel Riek,Daniel,Riek,Business Development Manager: Partnerships,T1_channel_dealer_owner,DE,2024-10-01,Instagrid,https://www.linkedin.com/company/instagrid,instagrid.co,B_dealer_channel_size_unconfirmed,power_equipment,Blitz employee-finder UK/EU+US pull 2026-10-02
https://www.linkedin.com/in/sophia-gantenbein-08283114a,Sophia Gantenbein,Sophia,Gantenbein,Head of Brand Partnerships,T1_channel_dealer_owner,DE,-,Instagrid,https://www.linkedin.com/company/instagrid,instagrid.co,B_dealer_channel_size_unconfirmed,power_equipment,Blitz employee-finder UK/EU+US pull 2026-10-02
https://www.linkedin.com/in/jesse-james-hess-a4876b3b,Jesse James Hess,Jesse,James Hess,Regional Dealer Sales Manager - Western Region,T2_marketing_communications,US,-,East Trailers LLC,https://www.linkedin.com/company/east-trailers,eastmfg.com,A_verified_50plus,trailers,2026-09-28-leads.csv (Blitz)
https://www.linkedin.com/in/jim-mullaney-2138aa17,Jim Mullaney,Jim,Mullaney,Dealer Sales Manager-Southeast,T2_marketing_communications,US,-,East Trailers LLC,https://www.linkedin.com/company/east-trailers,eastmfg.com,A_verified_50plus,trailers,2026-09-28-leads.csv (Blitz)
https://www.linkedin.com/in/ronsing,"Ron Sing, MBA",Ron,"Sing, MBA",Vice President Global Marketing,T3_marketing_leader_fallback,US,2025-09-01,Enerpac Tool Group,https://www.linkedin.com/company/enerpac-tool-group,enerpactoolgroup.com,B_dealer_channel_size_unconfirmed,flow_hydraulics,Blitz employee-finder UK/EU+US pull 2026-10-02
https://www.linkedin.com/in/jodi-marose-mba-4b0b4b5,"Jodi Marose, MBA",Jodi,"Marose, MBA","Director of Marketing, Commercial Americas",T3_marketing_leader_fallback,US,2024-07-01,Enerpac Tool Group,https://www.linkedin.com/company/enerpac-tool-group,enerpactoolgroup.com,B_dealer_channel_size_unconfirmed,flow_hydraulics,Blitz employee-finder UK/EU+US pull 2026-10-02
https://www.linkedin.com/in/craig-pellin-7494b16,Craig Pellin,Craig,Pellin,Vice President of Sales & Marketing,T3_marketing_leader_fallback,US,2021-07-01,"Nexen Group, Inc",https://www.linkedin.com/company/nexen-group-inc,nexengroup.com,B_dealer_channel_size_unconfirmed,flow_hydraulics,Blitz employee-finder UK/EU+US pull 2026-10-02
https://www.linkedin.com/in/janinefuhr,Janine Fuhr,Janine,Fuhr,Global Marketing Communications Manager,T2_marketing_communications,DE,2023-10-01,Viessmann Climate Solutions,https://www.linkedin.com/company/viessmannclimatesolutions,viessmann-climatesolutions.com,A_verified_50plus,hvac,Blitz employee-finder UK/EU+US pull 2026-10-02
https://www.linkedin.com/in/ivo-hoevel-74913067,Ivo Hoevel,Ivo,Hoevel,VP Marketing & Brand,T3_marketing_leader_fallback,DE,2019-05-01,Viessmann Climate Solutions,https://www.linkedin.com/company/viessmannclimatesolutions,viessmann-climatesolutions.com,A_verified_50plus,hvac,Blitz employee-finder UK/EU+US pull 2026-10-02
https://www.linkedin.com/in/laurahuembs,Laura Hümbs,Laura,Hümbs,Director Digital Marketing & Sales Operations Climate Solutions Europe,T3_marketing_leader_fallback,DE,2025-09-01,Viessmann Climate Solutions,https://www.linkedin.com/company/viessmannclimatesolutions,viessmann-climatesolutions.com,A_verified_50plus,hvac,Blitz employee-finder UK/EU+US pull 2026-10-02
https://www.linkedin.com/in/nathalielambert-respocomm,Nathalie Lambert,Nathalie,Lambert,Marketing & Communication Manager - France,T2_marketing_communications,FR,2025-09-01,Dantherm Group France,https://www.linkedin.com/company/dantherm-group-france,danthermgroup.com,B_dealer_channel_size_unconfirmed,hvac,Blitz employee-finder UK/EU+US pull 2026-10-02
https://www.linkedin.com/in/valentin-au%c3%a9-8157b065,Valentin Aué,Valentin,Aué,Responsable Marketing Produit - France,T3_marketing_leader_fallback,FR,2025-06-01,Dantherm Group France,https://www.linkedin.com/company/dantherm-group-france,danthermgroup.com,B_dealer_channel_size_unconfirmed,hvac,Blitz employee-finder UK/EU+US pull 2026-10-02
https://www.linkedin.com/in/tony-new-a68b2011,Tony New,Tony,New,Business Development Manager - National Distribution,T1_channel_dealer_owner,US,2003-02-01,AprilAire,https://www.linkedin.com/company/aprilaire,aprilaire.com,A_verified_50plus,hvac,Blitz employee-finder US-wide pull 2026-10-02
https://www.linkedin.com/in/amber-t-659903233,Amber T.,Amber,T.,Channel Marketing Manager - eCom & DIY,T1_channel_dealer_owner,US,2025-02-01,AprilAire,https://www.linkedin.com/company/aprilaire,aprilaire.com,A_verified_50plus,hvac,Blitz employee-finder US-wide pull 2026-10-02
https://www.linkedin.com/in/thomas-seymour-13231a6,Thomas Seymour,Thomas,Seymour,"Vice President, Sales & Marketing",T3_marketing_leader_fallback,US,2002-01-01,Gorman-Rupp Pumps,https://www.linkedin.com/company/gormanrupppumps,grpumps.com,B_dealer_channel_size_unconfirmed,flow_hydraulics,Blitz employee-finder UK/EU+US pull 2026-10-02
https://www.linkedin.com/in/gerald-dolan-20a51b6a,Gerald Dolan,Gerald,Dolan,Dealer Development Manager,T1_channel_dealer_owner,US,2025-05-01,CLARK Material Handling Company,https://www.linkedin.com/company/clark-material-handling-co-,clarkmhc.com,B_dealer_channel_size_unconfirmed,material_handling,Blitz employee-finder UK/EU+US pull 2026-10-02
https://www.linkedin.com/in/jennifer-gillespie-986054135,Jennifer Gillespie,Jennifer,Gillespie,Dealer Sales Administration Manager,T2_marketing_communications,US,-,CLARK Material Handling Company,https://www.linkedin.com/company/clark-material-handling-co-,clarkmhc.com,B_dealer_channel_size_unconfirmed,material_handling,2026-09-28-leads.csv (Blitz)
https://www.linkedin.com/in/bentley-brunsvold-23a83a155,Bentley Brunsvold,Bentley,Brunsvold,"Senior Manager, Infrastructure and Network Operations",T1_channel_dealer_owner,US,2021-04-01,Winnebago Industries,https://www.linkedin.com/company/winnebago-industries,winnebagoind.com,B_dealer_channel_size_unconfirmed,trailers,Blitz employee-finder US-wide pull 2026-10-02
https://www.linkedin.com/in/amberholm,Amber Holm,Amber,Holm,"SVP, Chief Marketing & Experience Officer",T3_marketing_leader_fallback,US,-,Winnebago Industries,https://www.linkedin.com/company/winnebago-industries,winnebagoind.com,B_dealer_channel_size_unconfirmed,trailers,Blitz employee-finder US-wide pull 2026-10-02
https://www.linkedin.com/in/emily-benson-05636017,Emily Benson,Emily,Benson,"Strategic Partner to Amber Holm SVP, CMO & Steve Speich SVP, Enterprise Ops & Product Technology",T3_marketing_leader_fallback,US,-,Winnebago Industries,https://www.linkedin.com/company/winnebago-industries,winnebagoind.com,B_dealer_channel_size_unconfirmed,trailers,Blitz employee-finder US-wide pull 2026-10-02
https://www.linkedin.com/in/hubert-philippe,Hubert PHILIPPE,Hubert,PHILIPPE,National Manager E-retail France | Omnichannel Business Development,T1_channel_dealer_owner,FR,2024-09-01,Ariston Group,https://www.linkedin.com/company/ariston-group,aristongroup.com,B_dealer_channel_size_unconfirmed,hvac,Blitz employee-finder UK/EU+US pull 2026-10-02
https://www.linkedin.com/in/fabio-longa-487ab417,Fabio Longa,Fabio,Longa,ICT Architecture Manager  - Networking and Telecommunication,T1_channel_dealer_owner,IT,2021-11-01,Ariston Group,https://www.linkedin.com/company/ariston-group,aristongroup.com,B_dealer_channel_size_unconfirmed,hvac,Blitz employee-finder UK/EU+US pull 2026-10-02
https://www.linkedin.com/in/chiaramarini1,Chiara Marini,Chiara,Marini,Trade Marketing & Communication Manager E&W Europe,T2_marketing_communications,IT,2026-01-01,Ariston Group,https://www.linkedin.com/company/ariston-group,aristongroup.com,B_dealer_channel_size_unconfirmed,hvac,Blitz employee-finder UK/EU+US pull 2026-10-02
https://www.linkedin.com/in/alain-cervantes-4082675,Alain Cervantes,Alain,Cervantes,Vice President Global Marketing,T3_marketing_leader_fallback,FR,-,GGB Bearing Technology,https://www.linkedin.com/company/ggb,ggbearings.com,B_dealer_channel_size_unconfirmed,flow_hydraulics,Blitz employee-finder UK/EU+US pull 2026-10-02
https://www.linkedin.com/in/lisa-mills-96514b105,Lisa Mills,Lisa,Mills,Marketing Communications Manager,T2_marketing_communications,US,1993-08-01,Baldwin Filters,https://www.linkedin.com/company/baldwin-filters,baldwinfilters.com,B_dealer_channel_size_unconfirmed,flow_hydraulics,Blitz employee-finder UK/EU+US pull 2026-10-02
https://www.linkedin.com/in/sabine-ramsay-703a81aa,Sabine Ramsay,Sabine,Ramsay,Marketing Communications Manager,T2_marketing_communications,US,-,Schmalz Inc.,https://www.linkedin.com/company/schmalz-usa,schmalz.com,A_verified_50plus,material_handling,Blitz employee-finder UK/EU+US pull 2026-10-02
https://www.linkedin.com/in/brandigoodin,Brandi Goodin,Brandi,Goodin,Vice President Marketing Communications,T2_marketing_communications,US,2023-07-01,BUNN,https://www.linkedin.com/company/bunn,bunn.com,B_dealer_channel_size_unconfirmed,other,Blitz employee-finder US-wide pull 2026-10-02
https://www.linkedin.com/in/vanessa-prost-5a85b3b6,Vanessa PROST,Vanessa,PROST,Marketing & Communication manager for France Spain Italy,T2_marketing_communications,FR,2025-01-01,IMI Climate Control,https://www.linkedin.com/company/imi-climate-control,imi-hydronic.com,B_dealer_channel_size_unconfirmed,hvac,Blitz employee-finder UK/EU+US pull 2026-10-02
https://www.linkedin.com/in/nathalie-constant-djourno-913287b2,Nathalie CONSTANT-DJOURNO,Nathalie,CONSTANT-DJOURNO,Responsable marketing France,T3_marketing_leader_fallback,FR,-,IMI Climate Control,https://www.linkedin.com/company/imi-climate-control,imi-hydronic.com,B_dealer_channel_size_unconfirmed,hvac,Blitz employee-finder UK/EU+US pull 2026-10-02
https://www.linkedin.com/in/jos%c3%a9-v%c3%adlchez-738777158,José Vílchez,José,Vílchez,Director Técnico y Marketing,T3_marketing_leader_fallback,ES,2008-03-01,IMI Climate Control,https://www.linkedin.com/company/imi-climate-control,imi-hydronic.com,B_dealer_channel_size_unconfirmed,hvac,Blitz employee-finder UK/EU+US pull 2026-10-02
https://www.linkedin.com/in/andrea-steigerwald,Andrea Steigerwald,Andrea,Steigerwald,Head of Corporate Marketing & Communications,T2_marketing_communications,DE,2021-04-01,Grenzebach Group,https://www.linkedin.com/company/grenzebach-group,grenzebach.com,B_dealer_channel_size_unconfirmed,material_handling,Blitz employee-finder UK/EU+US pull 2026-10-02
https://www.linkedin.com/in/davidkrakauer,David Krakauer,David,Krakauer,"VP Industrial Business Unit, Corporate Marketing, and Channel",T1_channel_dealer_owner,US,2020-10-01,Vicor,https://www.linkedin.com/company/vicor-corporation,vicorpower.com,B_dealer_channel_size_unconfirmed,none,Blitz employee-finder US-wide pull 2026-10-02
https://www.linkedin.com/in/greg-kulicki-1437499,Greg Kulicki,Greg,Kulicki,Channel Business Development Manager,T1_channel_dealer_owner,US,2026-02-01,Vicor,https://www.linkedin.com/company/vicor-corporation,vicorpower.com,B_dealer_channel_size_unconfirmed,none,Blitz employee-finder US-wide pull 2026-10-02
https://www.linkedin.com/in/siegel-adam,Adam Siegel,Adam,Siegel,Channel Business Development Manager,T1_channel_dealer_owner,US,2025-05-01,Vicor,https://www.linkedin.com/company/vicor-corporation,vicorpower.com,B_dealer_channel_size_unconfirmed,none,Blitz employee-finder US-wide pull 2026-10-02
https://www.linkedin.com/in/katy-brimlow,Katy Brimlow,Katy,Brimlow,Director of Channel Development,T1_channel_dealer_owner,US,2025-05-01,Yanmar Compact Equipment North America,https://www.linkedin.com/company/yanmar-compact-equipment-na,yanmarce.com,A_verified_50plus,construction_ag,Blitz employee-finder UK/EU+US pull 2026-10-02
https://www.linkedin.com/in/pamelalmesser,Pamela Messer,Pamela,Messer,Channel Development Specialist,T2_marketing_communications,US,-,Yanmar Compact Equipment North America,https://www.linkedin.com/company/yanmar-compact-equipment-na,yanmarce.com,A_verified_50plus,construction_ag,2026-09-28-leads.csv (Blitz)
https://www.linkedin.com/in/matt-valenti-a89b9811,Matt Valenti,Matt,Valenti,"Leasing Manager, Development Partner",T1_channel_dealer_owner,US,2002-01-01,Cameron Products,https://www.linkedin.com/company/cameron,c-a-m.com,B_dealer_channel_size_unconfirmed,flow_hydraulics,Blitz employee-finder US-wide pull 2026-10-02
https://www.linkedin.com/in/ed-roper-99238225,Ed Roper,Ed,Roper,Vice President Marketing and Business Development,T3_marketing_leader_fallback,US,-,Cameron Products,https://www.linkedin.com/company/cameron,c-a-m.com,B_dealer_channel_size_unconfirmed,flow_hydraulics,Blitz employee-finder US-wide pull 2026-10-02
https://www.linkedin.com/in/tjw215,James W.,James,W.,Manager of Marketing & Communications,T2_marketing_communications,US,2024-04-01,BAUER COMPRESSORS INC.,https://www.linkedin.com/company/bauer-compressors-inc-,bauercomp.com,A_verified_50plus,flow_hydraulics,Blitz employee-finder US-wide pull 2026-10-02
https://www.linkedin.com/in/jacquelinewilliamson,Jacqueline Williamson,Jacqueline,Williamson,Network Manager,T1_channel_dealer_owner,US,2008-01-01,Freudenberg Group,https://www.linkedin.com/company/freudenberg-group,freudenberg.com,B_dealer_channel_size_unconfirmed,flow_hydraulics,Blitz employee-finder UK/EU+US pull 2026-10-02
https://www.linkedin.com/in/silvia-schumacher-michalik-535766b3,Silvia Schumacher-Michalik,Silvia,Schumacher-Michalik,Director Corporate Marketing Communications,T2_marketing_communications,DE,2017-01-01,Freudenberg Group,https://www.linkedin.com/company/freudenberg-group,freudenberg.com,B_dealer_channel_size_unconfirmed,flow_hydraulics,Blitz employee-finder UK/EU+US pull 2026-10-02
https://www.linkedin.com/in/paul-carlsen-3561537,Paul Carlsen,Paul,Carlsen,Vice President - Corporate Marketing,T3_marketing_leader_fallback,US,2019-06-01,Kurt Manufacturing,https://www.linkedin.com/company/kurt-manufacturing,kurt.com,B_dealer_channel_size_unconfirmed,none,Blitz employee-finder US-wide pull 2026-10-02
https://www.linkedin.com/in/christy-townsley-5b4a4a12,Christy Townsley,Christy,Townsley,Marketing Director - Distribution,T1_channel_dealer_owner,US,2022-01-01,Nidec Motor Corporation,https://www.linkedin.com/company/nidec-motor-corporation,nidec-motor.com,B_dealer_channel_size_unconfirmed,power_equipment,Blitz employee-finder US-wide pull 2026-10-02
https://www.linkedin.com/in/anthony-cresswell-71021541,Anthony Cresswell,Anthony,Cresswell,Network Services Manager,T1_channel_dealer_owner,US,2025-04-01,Nidec Motor Corporation,https://www.linkedin.com/company/nidec-motor-corporation,nidec-motor.com,B_dealer_channel_size_unconfirmed,power_equipment,Blitz employee-finder US-wide pull 2026-10-02
https://www.linkedin.com/in/cory-greene,Cory Greene,Cory,Greene,"Manager, Network Services",T1_channel_dealer_owner,US,2022-09-01,Nidec Motor Corporation,https://www.linkedin.com/company/nidec-motor-corporation,nidec-motor.com,B_dealer_channel_size_unconfirmed,power_equipment,Blitz employee-finder US-wide pull 2026-10-02
https://www.linkedin.com/in/lauradiedrich,Laura Diedrich,Laura,Diedrich,Marketing & Communications Manager,T2_marketing_communications,US,2020-10-01,Scot Forge,https://www.linkedin.com/company/scot-forge,scotforge.com,B_dealer_channel_size_unconfirmed,none,Blitz employee-finder US-wide pull 2026-10-02
https://www.linkedin.com/in/riley-schmucker-b35804152,Riley Schmucker,Riley,Schmucker,Marketing Communications & Event Lead,T2_marketing_communications,US,2024-06-01,Scot Forge,https://www.linkedin.com/company/scot-forge,scotforge.com,B_dealer_channel_size_unconfirmed,none,Blitz employee-finder US-wide pull 2026-10-02
https://www.linkedin.com/in/brandon-jamerson-12229610,Brandon Jamerson,Brandon,Jamerson,"Manager, Contractor Programs, Partnerships & Local Marketing",T1_channel_dealer_owner,US,2024-07-01,Mitsubishi Electric Trane US,https://www.linkedin.com/company/metushvac,mitsubishicomfort.com,A_verified_50plus,hvac,Blitz employee-finder US-wide pull 2026-10-02
https://www.linkedin.com/in/ron-rosol-2b234431,Ron Rosol,Ron,Rosol,Region Manager - Channel Development,T1_channel_dealer_owner,US,2010-01-01,Mitsubishi Electric Trane US,https://www.linkedin.com/company/metushvac,mitsubishicomfort.com,A_verified_50plus,hvac,Blitz employee-finder US-wide pull 2026-10-02
https://www.linkedin.com/in/carl-valiulis-238a1615,Carl Valiulis,Carl,Valiulis,Network and Operations Manager,T1_channel_dealer_owner,US,2008-05-01,Woods Equipment,https://www.linkedin.com/company/woodsequipment,woodsequipment.com,A_verified_50plus,construction_ag,Blitz employee-finder UK/EU+US pull 2026-10-02
https://www.linkedin.com/in/rob-darr-84b576a,rob darr,rob,darr,vp sales & marketing,T3_marketing_leader_fallback,US,-,Woods Equipment,https://www.linkedin.com/company/woodsequipment,woodsequipment.com,A_verified_50plus,construction_ag,Blitz employee-finder UK/EU+US pull 2026-10-02
https://www.linkedin.com/in/carla-pays-641bb2269,Carla Pays,Carla,Pays,Responsable marketing et communication,T2_marketing_communications,FR,2025-08-01,HYD&AU,https://www.linkedin.com/company/hyd&au-sas,hyd-et-au.com,B_dealer_channel_size_unconfirmed,flow_hydraulics,Blitz employee-finder UK/EU+US pull 2026-10-02
https://www.linkedin.com/in/david-ring-9b76127,David Ring,David,Ring,VP Sales and Marketing,T3_marketing_leader_fallback,US,2005-06-01,Kason Industries,https://www.linkedin.com/company/kason-industries,kasonind.com,B_dealer_channel_size_unconfirmed,hvac,Blitz employee-finder UK/EU+US pull 2026-10-02
https://www.linkedin.com/in/monica-katz-07739b65,monica katz,monica,katz,VP Sales & Marketing,T3_marketing_leader_fallback,US,-,Kason Industries,https://www.linkedin.com/company/kason-industries,kasonind.com,B_dealer_channel_size_unconfirmed,hvac,Blitz employee-finder UK/EU+US pull 2026-10-02
https://www.linkedin.com/in/erikstillman,Erik Stillman,Erik,Stillman,"Sr. Manager, Global Network and Systems",T1_channel_dealer_owner,US,2025-12-01,A.W. Chesterton Company,https://www.linkedin.com/company/a--w--chesterton-company,chesterton.com,A_verified_50plus,flow_hydraulics,Blitz employee-finder UK/EU+US pull 2026-10-02
https://www.linkedin.com/in/dean-leahy-11a73265,Dean Leahy,Dean,Leahy,"Manager, Network and Systems",T1_channel_dealer_owner,US,2021-02-01,A.W. Chesterton Company,https://www.linkedin.com/company/a--w--chesterton-company,chesterton.com,A_verified_50plus,flow_hydraulics,Blitz employee-finder UK/EU+US pull 2026-10-02
https://www.linkedin.com/in/mike-hook-63020a9,Mike Hook,Mike,Hook,Director of Sales and Marketing,T3_marketing_leader_fallback,US,2012-09-01,"PRAB, Inc.",https://www.linkedin.com/company/prab-inc-,prab.com,B_dealer_channel_size_unconfirmed,material_handling,Blitz employee-finder UK/EU+US pull 2026-10-02
https://www.linkedin.com/in/mike-hill-a3083234,Mike Hill,Mike,Hill,Vice President - Sales & Marketing,T3_marketing_leader_fallback,US,2007-01-01,"PRAB, Inc.",https://www.linkedin.com/company/prab-inc-,prab.com,B_dealer_channel_size_unconfirmed,material_handling,Blitz employee-finder UK/EU+US pull 2026-10-02
https://www.linkedin.com/in/mike-hill-5a438316,Mike Hill,Mike,Hill,Vice President - Sales & Marketing (Ret.),T3_marketing_leader_fallback,US,2007-01-01,"PRAB, Inc.",https://www.linkedin.com/company/prab-inc-,prab.com,B_dealer_channel_size_unconfirmed,material_handling,Blitz employee-finder UK/EU+US pull 2026-10-02
https://www.linkedin.com/in/annie-modi,"Annie Singh, MBA",Annie,"Singh, MBA","Marketing Manager, Distribution",T1_channel_dealer_owner,US,2024-02-01,Komatsu America Corporation,https://www.linkedin.com/company/komatsunorthamerica,komatsu.com,A_verified_50plus,construction_ag,Blitz employee-finder UK/EU+US pull 2026-10-02
https://www.linkedin.com/in/john-deluca-ab276614,John DeLuca,John,DeLuca,"Director, Distributor Development",T1_channel_dealer_owner,US,2006-02-01,Komatsu America Corporation,https://www.linkedin.com/company/komatsunorthamerica,komatsu.com,A_verified_50plus,construction_ag,Blitz employee-finder UK/EU+US pull 2026-10-02
https://www.linkedin.com/in/mike-hayes-70aa5219,Mike Hayes,Mike,Hayes,Director Service Marketing & Distributor Development,T1_channel_dealer_owner,US,2011-04-01,Komatsu America Corporation,https://www.linkedin.com/company/komatsunorthamerica,komatsu.com,A_verified_50plus,construction_ag,Blitz employee-finder UK/EU+US pull 2026-10-02
https://www.linkedin.com/in/matt-freeman-37a13a3,Matt Freeman,Matt,Freeman,Vice President Marketing,T3_marketing_leader_fallback,US,2023-01-01,Tie Down,https://www.linkedin.com/company/tiedown,tiedown.com,B_dealer_channel_size_unconfirmed,trailers,Blitz employee-finder UK/EU+US pull 2026-10-02
https://www.linkedin.com/in/terry-decio-7639a744,terry decio,terry,decio,vice president of sales and marketing,T3_marketing_leader_fallback,US,1973-06-01,Skyline Homes,https://www.linkedin.com/company/skylinehomes,skylinehomes.com,B_dealer_channel_size_unconfirmed,none,Blitz employee-finder US-wide pull 2026-10-02
https://www.linkedin.com/in/terry-bodenbender-26742a31,Terry Bodenbender,Terry,Bodenbender,VP Sales and Marketing,T3_marketing_leader_fallback,US,-,Skyline Homes,https://www.linkedin.com/company/skylinehomes,skylinehomes.com,B_dealer_channel_size_unconfirmed,none,Blitz employee-finder US-wide pull 2026-10-02
https://www.linkedin.com/in/bob-novak-760b4710,Bob Novak,Bob,Novak,Key Account Manager and NE Distributor Sales,T2_marketing_communications,US,-,Unarco Material Handling,https://www.linkedin.com/company/unarco-material-handling,unarcorack.com,B_dealer_channel_size_unconfirmed,material_handling,2026-09-28-leads.csv (Blitz)
https://www.linkedin.com/in/linda-lascara-a3378016,Linda Lascara,Linda,Lascara,"Vice President, Marketing & Retail",T3_marketing_leader_fallback,US,-,Unarco Material Handling,https://www.linkedin.com/company/unarco-material-handling,unarcorack.com,B_dealer_channel_size_unconfirmed,material_handling,Blitz employee-finder UK/EU+US pull 2026-10-02
https://www.linkedin.com/in/sebastian-pedro%c3%9f-195a9b203,Sebastian Pedroß,Sebastian,Pedroß,Director Partner Program & Manager Product Management Industrial Scales,T1_channel_dealer_owner,DE,2025-01-01,Minebea Intec,https://www.linkedin.com/company/minebea-intec,minebea-intec.com,A_verified_50plus,none,Blitz employee-finder UK/EU+US pull 2026-10-02
https://www.linkedin.com/in/leonie-wotruba-338813214,Leonie Wotruba,Leonie,Wotruba,Partner Program Coordinator,T1_channel_dealer_owner,DE,2026-08-01,Minebea Intec,https://www.linkedin.com/company/minebea-intec,minebea-intec.com,A_verified_50plus,none,Blitz employee-finder UK/EU+US pull 2026-10-02
https://www.linkedin.com/in/willysebastianmetzger,Willy-Sebastian Metzger,Willy-Sebastian,Metzger,"Global Director Product Management, MarCom and MEA Region",T2_marketing_communications,DE,2025-05-01,Minebea Intec,https://www.linkedin.com/company/minebea-intec,minebea-intec.com,A_verified_50plus,none,Blitz employee-finder UK/EU+US pull 2026-10-02
https://www.linkedin.com/in/jamescameronci,-,-,-,Dealer Support Manager,T2_marketing_communications,US,-,Mec Aerial Work Platforms,https://www.linkedin.com/company/mecawp,mecawp.com,B_dealer_channel_size_unconfirmed,construction_ag,2026-09-28-leads.csv (Blitz)
https://www.linkedin.com/in/james-kurtz-370a5a92,james kurtz,james,kurtz,Dealer Support Manager,T2_marketing_communications,CA,-,Mec Aerial Work Platforms,https://www.linkedin.com/company/mecawp,mecawp.com,B_dealer_channel_size_unconfirmed,construction_ag,2026-09-28-leads.csv (Blitz)
https://www.linkedin.com/in/christiewanderer,-,-,-,Director Brand and Marketing Communications,T2_marketing_communications,US,2008-04-01,SMC Ltd,https://www.linkedin.com/company/smc-ltd,smcltd.com,B_dealer_channel_size_unconfirmed,none,Blitz employee-finder US-wide pull 2026-10-02
https://www.linkedin.com/in/paul-lancaster-70793367,Paul Lancaster,Paul,Lancaster,Network Operations Manager,T1_channel_dealer_owner,US,2019-12-01,Logisnext Americas Inc.,https://www.linkedin.com/company/logisnext-americas,logisnextamericas.com,A_verified_50plus,material_handling,Blitz employee-finder UK/EU+US pull 2026-10-02
https://www.linkedin.com/in/nielstolboom,Niels Tolboom,Niels,Tolboom,Director North America Dealer Sales (Houston),T2_marketing_communications,US,-,Logisnext Americas Inc.,https://www.linkedin.com/company/logisnext-americas,logisnextamericas.com,A_verified_50plus,material_handling,2026-09-28-leads.csv (Blitz)
https://www.linkedin.com/in/cruzvm,Victor Cruz,Victor,Cruz,"Director, North America Dealer Sales",T2_marketing_communications,US,-,Logisnext Americas Inc.,https://www.linkedin.com/company/logisnext-americas,logisnextamericas.com,A_verified_50plus,material_handling,2026-09-28-leads.csv (Blitz)
https://www.linkedin.com/in/brad-williams-31565041,Brad Williams,Brad,Williams,National Director of Sales and Marketing,T3_marketing_leader_fallback,US,2000-01-01,Maxxis International,https://www.linkedin.com/company/maxxis-international,maxxis.com,B_dealer_channel_size_unconfirmed,trailers,Blitz employee-finder UK/EU+US pull 2026-10-02
https://www.linkedin.com/in/mattclark84,Matt Clark,Matt,Clark,Associate Director of Marketing,T3_marketing_leader_fallback,US,2024-01-01,Maxxis International,https://www.linkedin.com/company/maxxis-international,maxxis.com,B_dealer_channel_size_unconfirmed,trailers,Blitz employee-finder UK/EU+US pull 2026-10-02
https://www.linkedin.com/in/petegrasso,Pete Grasso,Pete,Grasso,Head of Marketing Communications & Technical Training,T2_marketing_communications,US,-,Heatcraft Refrigeration Products,https://www.linkedin.com/company/heatcraftrpd,heatcraftrpd.com,A_verified_50plus,hvac,Prospeo /search-person 2026-10-07
https://www.linkedin.com/in/tracy-krueger-0260b118,Tracy Krueger,Tracy,Krueger,Director of Brand and Channel Marketing,T1_channel_dealer_owner,US,2025-06-01,Broan-NuTone,https://www.linkedin.com/company/broan-nutone-llc,broan-nutone.com,B_dealer_channel_size_unconfirmed,hvac,Blitz employee-finder US-wide pull 2026-10-02
https://www.linkedin.com/in/audmatthews,Audrey M.,Audrey,M.,"Sr. Director Brand, Growth Marketing & E-commerce",T3_marketing_leader_fallback,US,2018-11-01,Broan-NuTone,https://www.linkedin.com/company/broan-nutone-llc,broan-nutone.com,B_dealer_channel_size_unconfirmed,hvac,Blitz employee-finder US-wide pull 2026-10-02
https://www.linkedin.com/in/steve-swenerton-28240912,Steve Swenerton,Steve,Swenerton,SVP Marketing and Sales,T3_marketing_leader_fallback,US,-,Broan-NuTone,https://www.linkedin.com/company/broan-nutone-llc,broan-nutone.com,B_dealer_channel_size_unconfirmed,hvac,Blitz employee-finder US-wide pull 2026-10-02
https://www.linkedin.com/in/jerome-guerry-3a9300185,Jerome GUERRY,Jerome,GUERRY,Responsable communication marketing,T2_marketing_communications,FR,2019-03-01,RABAUD,https://www.linkedin.com/company/rabaud-sas,rabaud.com,B_dealer_channel_size_unconfirmed,construction_ag,Blitz employee-finder UK/EU+US pull 2026-10-02
https://www.linkedin.com/in/valeriechaoengel,Valérie CHAO-ENGEL,Valérie,CHAO-ENGEL,Responsable marketing & communication,T2_marketing_communications,FR,2015-01-01,Schrader Pacific Advanced Valves,https://www.linkedin.com/company/schrader-pacific-advanced-valves,schrader-pacific.fr,B_dealer_channel_size_unconfirmed,flow_hydraulics,Blitz employee-finder UK/EU+US pull 2026-10-02
https://www.linkedin.com/in/bob-thayer,Bob Thayer,Bob,Thayer,"Sr. Director, Program Management - Global Network Optimization",T1_channel_dealer_owner,US,2025-06-01,Rheem Manufacturing Company,https://www.linkedin.com/company/rheem-manufacturing,rheem.com,B_dealer_channel_size_unconfirmed,hvac,Blitz employee-finder US-wide pull 2026-10-02
https://www.linkedin.com/in/millerhandly,Miller Handly,Miller,Handly,"Sales Enablement & Strategy,  Agency Partner Success Management",T1_channel_dealer_owner,US,2023-09-01,Rheem Manufacturing Company,https://www.linkedin.com/company/rheem-manufacturing,rheem.com,B_dealer_channel_size_unconfirmed,hvac,Blitz employee-finder US-wide pull 2026-10-02
https://www.linkedin.com/in/mhfinn,Michael Finn,Michael,Finn,"Sr. Manager, Channel Marketing",T1_channel_dealer_owner,US,2016-10-01,Rheem Manufacturing Company,https://www.linkedin.com/company/rheem-manufacturing,rheem.com,B_dealer_channel_size_unconfirmed,hvac,Blitz employee-finder US-wide pull 2026-10-02
https://www.linkedin.com/in/dee-lott-73984212,Dee Lott,Dee,Lott,Dealer Support Manager,T2_marketing_communications,US,-,E-ONE,https://www.linkedin.com/company/e-one,e-one.com,B_dealer_channel_size_unconfirmed,trucks_bodies,2026-09-28-leads.csv (Blitz)
https://www.linkedin.com/in/todd-truedson-b736953,Todd Truedson,Todd,Truedson,Director of Marketing,T3_marketing_leader_fallback,US,-,FyterTech Nonwovens,https://www.linkedin.com/company/fytertech,fytertech.com,B_dealer_channel_size_unconfirmed,none,Prospeo /search-person 2026-10-07
https://www.linkedin.com/in/michael-lahti-78010535,Michael Lahti,Michael,Lahti,"Vice President - Sales, Marketing and Business Development",T3_marketing_leader_fallback,US,2015-05-01,"Lochinvar, LLC",https://www.linkedin.com/company/lochinvar-corporation,lochinvar.com,A_verified_50plus,hvac,Blitz employee-finder UK/EU+US pull 2026-10-02
https://www.linkedin.com/in/jack-dickinson-3831012,Jack Dickinson,Jack,Dickinson,"Director, Sales Engineering & Partner Development",T1_channel_dealer_owner,US,2025-01-01,Dover Fueling Solutions,https://www.linkedin.com/company/dover-fueling-solutions,doverfuelingsolutions.com,B_dealer_channel_size_unconfirmed,flow_hydraulics,Blitz employee-finder UK/EU+US pull 2026-10-02
https://www.linkedin.com/in/amy-gant-cearley-5980a58,Amy Gant Cearley,Amy,Gant Cearley,Director Global Marketing Communications,T2_marketing_communications,US,2023-01-01,Dover Fueling Solutions,https://www.linkedin.com/company/dover-fueling-solutions,doverfuelingsolutions.com,B_dealer_channel_size_unconfirmed,flow_hydraulics,Blitz employee-finder UK/EU+US pull 2026-10-02
https://www.linkedin.com/in/kristen-butler-experience-marketer,Kristen Butler,Kristen,Butler,"Marketing Communications Manager, North America",T2_marketing_communications,US,2023-01-01,Dover Fueling Solutions,https://www.linkedin.com/company/dover-fueling-solutions,doverfuelingsolutions.com,B_dealer_channel_size_unconfirmed,flow_hydraulics,Blitz employee-finder UK/EU+US pull 2026-10-02
https://www.linkedin.com/in/rudolf-f-grauer-ba458a55,Rudolf F. Grauer,Rudolf F.,Grauer,Business Development Manager | New Channel Management,T1_channel_dealer_owner,DE,2020-03-01,Gardena GmbH,https://www.linkedin.com/company/gardena-gmbh,gardena.com,B_dealer_channel_size_unconfirmed,power_equipment,Blitz employee-finder UK/EU+US pull 2026-10-02
https://www.linkedin.com/in/jakob-ruprecht-0b00543a,Jakob Ruprecht,Jakob,Ruprecht,Head of Digital Marketing,T3_marketing_leader_fallback,DE,-,Gardena GmbH,https://www.linkedin.com/company/gardena-gmbh,gardena.com,B_dealer_channel_size_unconfirmed,power_equipment,Blitz employee-finder UK/EU+US pull 2026-10-02
https://www.linkedin.com/in/elke-deckert-drenth-84210b89,Elke Deckert-Drenth,Elke,Deckert-Drenth,Head of Retailer and Shopper Marketing,T3_marketing_leader_fallback,DE,2023-06-01,Gardena GmbH,https://www.linkedin.com/company/gardena-gmbh,gardena.com,B_dealer_channel_size_unconfirmed,power_equipment,Blitz employee-finder UK/EU+US pull 2026-10-02
https://www.linkedin.com/in/kbastian,Kevin Bastian,Kevin,Bastian,"Marketing Communications Manager, Americas",T2_marketing_communications,US,2022-01-01,Nook Industries (A Regal Rexnord Brand),https://www.linkedin.com/company/nook-industries,nookindustries.com,B_dealer_channel_size_unconfirmed,power_equipment,Blitz employee-finder US-wide pull 2026-10-02
https://www.linkedin.com/in/jocelynesabatier,Jocelyne SABATIER,Jocelyne,SABATIER,Head of Marketing EMEA - Distributor Sales,T1_channel_dealer_owner,FR,2021-07-01,Wacker Neuson Group,https://www.linkedin.com/company/wacker-neuson-group,wackerneusongroup.com,B_dealer_channel_size_unconfirmed,construction_ag,Blitz employee-finder UK/EU+US pull 2026-10-02
https://www.linkedin.com/in/stefanie-wieland-183807a9,Stefanie Wieland,Stefanie,Wieland,Director Corporate Marketing,T3_marketing_leader_fallback,DE,2021-03-01,Wacker Neuson Group,https://www.linkedin.com/company/wacker-neuson-group,wackerneusongroup.com,B_dealer_channel_size_unconfirmed,construction_ag,Blitz employee-finder UK/EU+US pull 2026-10-02
https://www.linkedin.com/in/anna-damm-25a31470,Anna Damm,Anna,Damm,Head of Cluster Marketing APAC & Cluster Marketing Expert,T3_marketing_leader_fallback,DE,2023-02-01,Wacker Neuson Group,https://www.linkedin.com/company/wacker-neuson-group,wackerneusongroup.com,B_dealer_channel_size_unconfirmed,construction_ag,Blitz employee-finder UK/EU+US pull 2026-10-02
https://www.linkedin.com/in/marctrahand,Marc Trahand,Marc,Trahand,Director of Marketing - Americas,T3_marketing_leader_fallback,US,2026-01-01,"BAC (Baltimore Aircoil Company, Inc.)",https://www.linkedin.com/company/baltimore-aircoil-company,baltimoreaircoil.com,B_dealer_channel_size_unconfirmed,hvac,Blitz employee-finder UK/EU+US pull 2026-10-02
https://www.linkedin.com/in/frank-morrison-0090945,Frank Morrison,Frank,Morrison,"Technical Director, Global Marketing",T3_marketing_leader_fallback,US,2015-09-01,"BAC (Baltimore Aircoil Company, Inc.)",https://www.linkedin.com/company/baltimore-aircoil-company,baltimoreaircoil.com,B_dealer_channel_size_unconfirmed,hvac,Blitz employee-finder UK/EU+US pull 2026-10-02
https://www.linkedin.com/in/brucewoodruff1,Bruce Woodruff,Bruce,Woodruff,Director Marketing Americas,T3_marketing_leader_fallback,US,2023-11-01,"BAC (Baltimore Aircoil Company, Inc.)",https://www.linkedin.com/company/baltimore-aircoil-company,baltimoreaircoil.com,B_dealer_channel_size_unconfirmed,hvac,Blitz employee-finder UK/EU+US pull 2026-10-02
https://www.linkedin.com/in/ravjeet-rawal,Ravjeet Rawal,Ravjeet,Rawal,National Channel Sales Manager,T2_marketing_communications,CA,-,"CIRCOR International, Inc.",https://www.linkedin.com/company/circor-international-inc-,circor.com,B_dealer_channel_size_unconfirmed,flow_hydraulics,2026-09-28-leads.csv (Blitz)
https://www.linkedin.com/in/steve-thompson-35614b31,Steve Thompson,Steve,Thompson,Channel Sales Manager,T2_marketing_communications,US,-,"CIRCOR International, Inc.",https://www.linkedin.com/company/circor-international-inc-,circor.com,B_dealer_channel_size_unconfirmed,flow_hydraulics,2026-09-28-leads.csv (Blitz)
https://www.linkedin.com/in/r%c3%bcdiger-mohr-43198ba0,Rüdiger Mohr,Rüdiger,Mohr,"Senior Vice President Dealer & Network Development, Officer",T1_channel_dealer_owner,DE,2023-10-01,CLAAS,https://www.linkedin.com/company/claas,claas.com,A_verified_50plus,construction_ag,Blitz employee-finder UK/EU+US pull 2026-10-02
https://www.linkedin.com/in/christoph-tetzlaff,Christoph Tetzlaff,Christoph,Tetzlaff,Vice President Dealer & Network Development Americas,T1_channel_dealer_owner,US,2024-03-01,CLAAS,https://www.linkedin.com/company/claas,claas.com,A_verified_50plus,construction_ag,Blitz employee-finder UK/EU+US pull 2026-10-02
https://www.linkedin.com/in/ivanrodriguezdelgado,Iván Rodríguez Delgado de Robles,Iván,Rodríguez Delgado de Robles,Dealer Development Manager,T1_channel_dealer_owner,ES,2017-07-01,CLAAS,https://www.linkedin.com/company/claas,claas.com,A_verified_50plus,construction_ag,Blitz employee-finder UK/EU+US pull 2026-10-02
https://www.linkedin.com/in/timlitton,Tim Litton,Tim,Litton,Director of Marketing Communications,T2_marketing_communications,US,2012-04-01,WaterFurnace International,https://www.linkedin.com/company/waterfurnace-international,waterfurnace.com,A_verified_50plus,hvac,Blitz employee-finder US-wide pull 2026-10-02
https://www.linkedin.com/in/bruce-cole-58b39913,Bruce Cole,Bruce,Cole,Vice President Sales Marketing,T3_marketing_leader_fallback,US,2018-01-01,WaterFurnace International,https://www.linkedin.com/company/waterfurnace-international,waterfurnace.com,A_verified_50plus,hvac,Blitz employee-finder US-wide pull 2026-10-02
https://www.linkedin.com/in/eric-stover-aa93761,Eric Stover,Eric,Stover,Global Network Manager,T1_channel_dealer_owner,US,-,Murata Power Solutions,https://www.linkedin.com/company/murata-power-solutions,murata.com,B_dealer_channel_size_unconfirmed,none,Blitz employee-finder US-wide pull 2026-10-02
https://www.linkedin.com/in/scott-samuels-53a2a521,Scott Samuels,Scott,Samuels,Director of Marketing,T3_marketing_leader_fallback,US,2018-08-01,American Cargo Group,https://www.linkedin.com/company/american-cargo-group,americancargogroup.com,B_dealer_channel_size_unconfirmed,trailers,Blitz employee-finder UK/EU+US pull 2026-10-02
https://www.linkedin.com/in/chris-scofield-9803847,Chris Scofield,Chris,Scofield,Director of Dealer Development,T1_channel_dealer_owner,US,2026-06-01,FECON,https://www.linkedin.com/company/fecon-inc-,fecon.com,B_dealer_channel_size_unconfirmed,construction_ag,Blitz employee-finder UK/EU+US pull 2026-10-02
https://www.linkedin.com/in/mark-j-middendorf-b9a70911,Mark J Middendorf,Mark J,Middendorf,Executive Vice President - International and Strategic Channel Development,T1_channel_dealer_owner,US,2023-10-01,FECON,https://www.linkedin.com/company/fecon-inc-,fecon.com,B_dealer_channel_size_unconfirmed,construction_ag,Blitz employee-finder UK/EU+US pull 2026-10-02
https://www.linkedin.com/in/marketing-ana-majuelo,Ana Majuelo,Ana,Majuelo,Responsable de Marketing y Comunicación,T2_marketing_communications,ES,2011-12-01,Goizper Group,https://www.linkedin.com/company/goizper,goizper.com,B_dealer_channel_size_unconfirmed,power_equipment,Blitz employee-finder UK/EU+US pull 2026-10-02
https://www.linkedin.com/in/shea-hallenberg-7416255,Shea Hallenberg,Shea,Hallenberg,Director of Global Marketing,T3_marketing_leader_fallback,US,2016-05-01,Lantech,https://www.linkedin.com/company/lantech,lantech.com,A_verified_50plus,material_handling,Blitz employee-finder UK/EU+US pull 2026-10-02
https://www.linkedin.com/in/debbie-casaletto-48a6376b,Debbie Casaletto,Debbie,Casaletto,Marketing Communications Manager,T2_marketing_communications,US,1999-08-01,Durex Industries,https://www.linkedin.com/company/durex-industries,durexindustries.com,B_dealer_channel_size_unconfirmed,none,Blitz employee-finder US-wide pull 2026-10-02
https://www.linkedin.com/in/richardkonkler,Richard Konkler,Richard,Konkler,Western Region Dealer Manager,T2_marketing_communications,US,-,Truvac,https://www.linkedin.com/company/truvac,truvac.com,A_verified_50plus,construction_ag,2026-09-28-leads.csv (Blitz)
https://www.linkedin.com/in/manoj-mml,Manoj Malhotra,Manoj,Malhotra,Global Business Development Director - Mission Critical Networks,T1_channel_dealer_owner,US,2023-01-01,Hilti North America,https://www.linkedin.com/company/hilti-usa,hilti.com,A_verified_50plus,none,Blitz employee-finder US-wide pull 2026-10-02
https://www.linkedin.com/in/stephanie-thompson-779a949a,Stephanie Thompson,Stephanie,Thompson,Channels Marketing Manager,T1_channel_dealer_owner,US,2022-08-01,Hilti North America,https://www.linkedin.com/company/hilti-usa,hilti.com,A_verified_50plus,none,Blitz employee-finder US-wide pull 2026-10-02
https://www.linkedin.com/in/peter-s%c3%bcmeghy-79370434,Peter Sümeghy,Peter,Sümeghy,"Director, Digital & Channels Marketing",T1_channel_dealer_owner,US,2022-02-01,Hilti North America,https://www.linkedin.com/company/hilti-usa,hilti.com,A_verified_50plus,none,Blitz employee-finder US-wide pull 2026-10-02
https://www.linkedin.com/in/william-kokum-1677685,William Kokum,William,Kokum,Director of Marketing,T3_marketing_leader_fallback,US,-,Imi Bimba,https://www.linkedin.com/company/bimba,bimba.com,B_dealer_channel_size_unconfirmed,flow_hydraulics,Prospeo /search-person 2026-10-07
https://www.linkedin.com/in/jean-claude-lancien-765b0726,Jean-Claude Lancien,Jean-Claude,Lancien,Responsable Marketing Communication Produits & Merchandising,T2_marketing_communications,FR,1988-01-01,FACOM France,https://www.linkedin.com/company/facom,facom.com,A_verified_50plus,power_equipment,Blitz employee-finder UK/EU+US pull 2026-10-02
https://www.linkedin.com/in/susan-schlame,Susan Schlamersdorf,Susan,Schlamersdorf,Marketing Communications Manager - Can Liners,T2_marketing_communications,US,-,"Berry Global, Inc.",https://www.linkedin.com/company/berryglobal,berryglobal.com,B_dealer_channel_size_unconfirmed,none,Blitz employee-finder US-wide pull 2026-10-02
https://www.linkedin.com/in/laurarofe,Laura Rodriguez,Laura,Rodriguez,Marketing Communications Manager,T2_marketing_communications,GB,-,"Berry Global, Inc.",https://www.linkedin.com/company/berryglobal,berryglobal.com,B_dealer_channel_size_unconfirmed,none,Blitz employee-finder US-wide pull 2026-10-02
https://www.linkedin.com/in/janet-clarke-94393313,Janet Clarke,Janet,Clarke,Industrial- Dealer Development Manager,T1_channel_dealer_owner,US,2016-04-01,Hillphoenix,https://www.linkedin.com/company/hillphoenix,hillphoenix.com,B_dealer_channel_size_unconfirmed,hvac,Blitz employee-finder US-wide pull 2026-10-02
https://www.linkedin.com/in/kimcamp,Kim Camp,Kim,Camp,"Manager, Marketing Communications and Learning Center Programs",T2_marketing_communications,US,2015-01-01,Hillphoenix,https://www.linkedin.com/company/hillphoenix,hillphoenix.com,B_dealer_channel_size_unconfirmed,hvac,Blitz employee-finder US-wide pull 2026-10-02
https://www.linkedin.com/in/amandamgoad,Amanda Goad,Amanda,Goad,Global Director of Marketing Communications,T2_marketing_communications,US,2024-01-01,Dometic,https://www.linkedin.com/company/dometic-group,dometic.com,B_dealer_channel_size_unconfirmed,flow_hydraulics,Blitz employee-finder UK/EU+US pull 2026-10-02
https://www.linkedin.com/in/diamondjeff,Jeff Diamond,Jeff,Diamond,Global Head of Product Development & Marketing,T3_marketing_leader_fallback,US,2026-06-01,Dometic,https://www.linkedin.com/company/dometic-group,dometic.com,B_dealer_channel_size_unconfirmed,flow_hydraulics,Blitz employee-finder UK/EU+US pull 2026-10-02
https://www.linkedin.com/in/brian-noble-5096243,Brian Noble,Brian,Noble,Director of Marketing - Land Vehicles Americas,T3_marketing_leader_fallback,US,2024-09-01,Dometic,https://www.linkedin.com/company/dometic-group,dometic.com,B_dealer_channel_size_unconfirmed,flow_hydraulics,Blitz employee-finder UK/EU+US pull 2026-10-02
https://www.linkedin.com/in/morgan-stallings,Morgan Stallings,Morgan,Stallings,Senior Director of Dealer Development and Marketing,T1_channel_dealer_owner,US,2025-06-01,DEVELON North America,https://www.linkedin.com/company/develon-northamerica,develon-ce.com,A_verified_50plus,construction_ag,Blitz employee-finder UK/EU+US pull 2026-10-02
https://www.linkedin.com/in/john-sloan-4298279b,John Sloan,John,Sloan,Sr. Dealer Development Strategy Manager,T1_channel_dealer_owner,-,-,DEVELON North America,https://www.linkedin.com/company/develon-northamerica,develon-ce.com,A_verified_50plus,construction_ag,2026-09-28-leads.csv (Blitz)
https://www.linkedin.com/in/lesley-melvin-bb381010,Lesley Melvin,Lesley,Melvin,Director of Marketing,T3_marketing_leader_fallback,US,2020-01-01,Heartland Rv,https://www.linkedin.com/company/heartland-rv,heartlandrvs.com,B_dealer_channel_size_unconfirmed,rv,Blitz employee-finder UK/EU+US pull 2026-10-02
https://www.linkedin.com/in/matteo-zucchelli-33b99235,Matteo Zucchelli,Matteo,Zucchelli,Channel Development Manager EMEA,T1_channel_dealer_owner,IT,2025-04-01,PTx Trimble,https://www.linkedin.com/company/ptx-trimble,ptxtrimble.com,B_dealer_channel_size_unconfirmed,construction_ag,Blitz employee-finder US-wide pull 2026-10-02
https://www.linkedin.com/in/zuheir-alderwish-57019628,Zuheir Alderwish,Zuheir,Alderwish,"Senior Director, EME, Sales and Marketing, PTx",T3_marketing_leader_fallback,GB,2026-05-01,PTx Trimble,https://www.linkedin.com/company/ptx-trimble,ptxtrimble.com,B_dealer_channel_size_unconfirmed,construction_ag,Blitz employee-finder US-wide pull 2026-10-02
https://www.linkedin.com/in/bradjacksonmn,Brad Jackson,Brad,Jackson,Channel Marketing Manager,T1_channel_dealer_owner,US,2022-01-01,Hearth & Home Technologies,https://www.linkedin.com/company/hearth-&-home-technologies,hearthnhome.com,A_verified_50plus,hvac,Blitz employee-finder US-wide pull 2026-10-02
https://www.linkedin.com/in/emily-poshka-8ba42343,Emily Poshka,Emily,Poshka,"Manager, Channel Marketing",T1_channel_dealer_owner,US,2025-10-01,Hearth & Home Technologies,https://www.linkedin.com/company/hearth-&-home-technologies,hearthnhome.com,A_verified_50plus,hvac,Blitz employee-finder US-wide pull 2026-10-02
https://www.linkedin.com/in/chris-roessler-7a587313,Chris Roessler,Chris,Roessler,Vice President of Marketing & Advertising,T3_marketing_leader_fallback,US,1993-09-01,Rotary Corporation,https://www.linkedin.com/company/rotary-corporation,rotarycorp.com,B_dealer_channel_size_unconfirmed,power_equipment,Blitz employee-finder UK/EU+US pull 2026-10-02
https://www.linkedin.com/in/benidiktus-y-735a4959,Benidiktus Y.,Benidiktus,Y.,Manager Channel Partner Sales I,T2_marketing_communications,-,-,WIDIA,https://www.linkedin.com/company/widiatools,widia.com,B_dealer_channel_size_unconfirmed,power_equipment,2026-09-28-leads.csv (Blitz)
https://www.linkedin.com/in/joshuawlyons,Josh Lyons,Josh,Lyons,"Director, Business Development - Global Distribution",T1_channel_dealer_owner,US,2024-08-01,Crestron Electronics,https://www.linkedin.com/company/crestron,crestron.com,B_dealer_channel_size_unconfirmed,none,Blitz employee-finder US-wide pull 2026-10-02
https://www.linkedin.com/in/caterinajanssens,Caterina Janssens,Caterina,Janssens,Channel Marketing Manager EMEA,T1_channel_dealer_owner,BE,2025-05-01,Crestron Electronics,https://www.linkedin.com/company/crestron,crestron.com,B_dealer_channel_size_unconfirmed,none,Blitz employee-finder US-wide pull 2026-10-02
https://www.linkedin.com/in/jurgencroes,Jurgen Croes,Jurgen,Croes,Marketing Communications Manager,T2_marketing_communications,BE,2019-06-01,Crestron Electronics,https://www.linkedin.com/company/crestron,crestron.com,B_dealer_channel_size_unconfirmed,none,Blitz employee-finder US-wide pull 2026-10-02
https://www.linkedin.com/in/randy-langefeld-1207067,Randy Langefeld,Randy,Langefeld,"Manager, Service Center Network",T1_channel_dealer_owner,US,2023-01-01,MD Helicopters,https://www.linkedin.com/company/md-helicopters,mdhelicopters.com,B_dealer_channel_size_unconfirmed,none,Blitz employee-finder US-wide pull 2026-10-02
https://www.linkedin.com/in/george-martinez-aa7670154,George Martinez,George,Martinez,"Manager, Service Center Network Worldwide",T1_channel_dealer_owner,US,-,MD Helicopters,https://www.linkedin.com/company/md-helicopters,mdhelicopters.com,B_dealer_channel_size_unconfirmed,none,Blitz employee-finder US-wide pull 2026-10-02
https://www.linkedin.com/in/ansley-kozarec-787652225,Ansley Kozarec,Ansley,Kozarec,Associate Marketing Communications Manager,T2_marketing_communications,US,2025-09-01,KYOCERA SENCO Industrial Tools,https://www.linkedin.com/company/kyocera-senco-industrial-tools,senco.com,A_verified_50plus,power_equipment,Blitz employee-finder UK/EU+US pull 2026-10-02
https://www.linkedin.com/in/eric-habermehl-8662457a,Eric Habermehl,Eric,Habermehl,Director of Brand Marketing & Communications,T2_marketing_communications,US,2025-01-01,KYOCERA SENCO Industrial Tools,https://www.linkedin.com/company/kyocera-senco-industrial-tools,senco.com,A_verified_50plus,power_equipment,Blitz employee-finder UK/EU+US pull 2026-10-02
https://www.linkedin.com/in/lisa-rothenberger-6a90a5164,Lisa Rothenberger,Lisa,Rothenberger,Head of Marketing Communications,T2_marketing_communications,DE,2025-11-01,Wieland Group,https://www.linkedin.com/company/wielandgroup,wieland.com,A_verified_50plus,none,Blitz employee-finder UK/EU+US pull 2026-10-02
https://www.linkedin.com/in/karen-wells-4407891a,Karen Wells,Karen,Wells,Executive Communications & Marketing Manager,T2_marketing_communications,US,2026-04-01,Wieland Group,https://www.linkedin.com/company/wielandgroup,wieland.com,A_verified_50plus,none,Blitz employee-finder UK/EU+US pull 2026-10-02
https://www.linkedin.com/in/wiebke-raats-151365174,Wiebke Raats,Wiebke,Raats,Marketing Communications Manager,T2_marketing_communications,DE,2021-07-01,Wieland Group,https://www.linkedin.com/company/wielandgroup,wieland.com,A_verified_50plus,none,Blitz employee-finder UK/EU+US pull 2026-10-02
https://www.linkedin.com/in/viswadeb-ganguly-568a9112,Viswadeb Ganguly,Viswadeb,Ganguly,Director Application Development & Strategic Partnership,T1_channel_dealer_owner,US,2018-01-01,Flowserve Corporation,https://www.linkedin.com/company/flowserve,flowserve.com,B_dealer_channel_size_unconfirmed,flow_hydraulics,Blitz employee-finder UK/EU+US pull 2026-10-02
https://www.linkedin.com/in/pascal-duda-5b2a903,Pascal Duda,Pascal,Duda,Manager Business Development - EMA Distribution,T1_channel_dealer_owner,NL,2023-12-01,Flowserve Corporation,https://www.linkedin.com/company/flowserve,flowserve.com,B_dealer_channel_size_unconfirmed,flow_hydraulics,Blitz employee-finder UK/EU+US pull 2026-10-02
https://www.linkedin.com/in/joshua-guerra-424b3a4a,Joshua Guerra,Joshua,Guerra,Area Distributor Manager - Southwest USA,T2_marketing_communications,US,-,Flowserve Corporation,https://www.linkedin.com/company/flowserve,flowserve.com,B_dealer_channel_size_unconfirmed,flow_hydraulics,2026-09-28-leads.csv (Blitz)
https://www.linkedin.com/in/dinopucek,Pucek Dino,Pucek,Dino,Marketing Communications Manager,T2_marketing_communications,HR,2014-12-01,Sanhua International Europe S.L.,https://www.linkedin.com/company/sanhuaeurope,sanhuaeurope.com,B_dealer_channel_size_unconfirmed,hvac,Blitz employee-finder UK/EU+US pull 2026-10-02
https://www.linkedin.com/in/sarahpokorney,Sarah Pokorney,Sarah,Pokorney,Marketing Communications Manager,T2_marketing_communications,US,2024-06-01,Kearfott Corporation,https://www.linkedin.com/company/kearfott-corporation,kearfott.com,B_dealer_channel_size_unconfirmed,none,Blitz employee-finder US-wide pull 2026-10-02
https://www.linkedin.com/in/kevin-bailey-64b2a8133,Kevin Bailey,Kevin,Bailey,Director of Marketing Communications,T2_marketing_communications,US,2025-12-01,Race Winning Brands,https://www.linkedin.com/company/race-winning-brands,racewinningbrands.com,B_dealer_channel_size_unconfirmed,flow_hydraulics,Blitz employee-finder UK/EU+US pull 2026-10-02
https://www.linkedin.com/in/scott-highland-2757b01,Scott Highland,Scott,Highland,VP of Marketing and Strategy,T3_marketing_leader_fallback,US,2025-01-01,Race Winning Brands,https://www.linkedin.com/company/race-winning-brands,racewinningbrands.com,B_dealer_channel_size_unconfirmed,flow_hydraulics,Blitz employee-finder UK/EU+US pull 2026-10-02
https://www.linkedin.com/in/wolfgang-eisl-b0b559109,Wolfgang Eisl,Wolfgang,Eisl,Head of Network Strategy & Development Austria,T1_channel_dealer_owner,AT,2025-10-01,BYD EUROPE,https://www.linkedin.com/company/bydeurope,bydeurope.com,B_dealer_channel_size_unconfirmed,material_handling,Blitz employee-finder UK/EU+US pull 2026-10-02
https://www.linkedin.com/in/gabor-ferencz-a4a45126,Gabor Ferencz,Gabor,Ferencz,Network Development Manager,T1_channel_dealer_owner,HU,2025-11-01,BYD EUROPE,https://www.linkedin.com/company/bydeurope,bydeurope.com,B_dealer_channel_size_unconfirmed,material_handling,Blitz employee-finder UK/EU+US pull 2026-10-02
https://www.linkedin.com/in/kmikulska,Katarzyna Mikulska-Głowala,Katarzyna,Mikulska-Głowala,Dealer Marketing Manager,T1_channel_dealer_owner,PL,2025-09-01,BYD EUROPE,https://www.linkedin.com/company/bydeurope,bydeurope.com,B_dealer_channel_size_unconfirmed,material_handling,Blitz employee-finder UK/EU+US pull 2026-10-02
https://www.linkedin.com/in/madonnatcourtney,Madonna T. Courtney,Madonna T.,Courtney,Vice President of Marketing,T3_marketing_leader_fallback,US,2023-10-01,Reznor Llc,https://www.linkedin.com/company/reznorhvac,reznorhvac.com,A_verified_50plus,hvac,Blitz employee-finder UK/EU+US pull 2026-10-02
https://www.linkedin.com/in/anna-sarvello-22298079,Anna Sarvello,Anna,Sarvello,"Senior Director, Strategy and Marketing",T3_marketing_leader_fallback,US,2025-04-01,Reznor Llc,https://www.linkedin.com/company/reznorhvac,reznorhvac.com,A_verified_50plus,hvac,Blitz employee-finder UK/EU+US pull 2026-10-02
https://www.linkedin.com/in/jocelyne-benisri,Jocelyne Benisri,Jocelyne,Benisri,Directrice Marketing clients & Communication - Manager de transition - (Réseau 137),T1_channel_dealer_owner,FR,-,Groupe Atlantic,https://www.linkedin.com/company/groupe-atlantic,groupe-atlantic.com,B_dealer_channel_size_unconfirmed,hvac,Blitz employee-finder UK/EU+US pull 2026-10-02
https://www.linkedin.com/in/laura-galle,Laura Gallé,Laura,Gallé,Responsable marketing et communications,T2_marketing_communications,FR,2024-04-01,Groupe Atlantic,https://www.linkedin.com/company/groupe-atlantic,groupe-atlantic.com,B_dealer_channel_size_unconfirmed,hvac,Blitz employee-finder UK/EU+US pull 2026-10-02
https://www.linkedin.com/in/alice-poupard-143b7a86,Alice Poupard,Alice,Poupard,Responsable marketing et communication services - Thermor France,T2_marketing_communications,FR,2024-05-01,Groupe Atlantic,https://www.linkedin.com/company/groupe-atlantic,groupe-atlantic.com,B_dealer_channel_size_unconfirmed,hvac,Blitz employee-finder UK/EU+US pull 2026-10-02
https://www.linkedin.com/in/robin-sustainable-ag-marketing,Robin Sustainable Ag Marketing,Robin,Sustainable Ag Marketing,Agriculture Marketing Communications Manager-NALA,T2_marketing_communications,US,2016-10-01,Topcon Agriculture,https://www.linkedin.com/company/topcon-agriculture,topconagriculture.com,B_dealer_channel_size_unconfirmed,construction_ag,Blitz employee-finder US-wide pull 2026-10-02
https://www.linkedin.com/in/jes-krag-310ba57b,Jes Krag,Jes,Krag,Head of Global After Sales Network,T1_channel_dealer_owner,DK,2013-07-01,Maersk Container Industry,https://www.linkedin.com/company/maersk-container-industry-as,mcicontainers.com,A_verified_50plus,none,Blitz employee-finder UK/EU+US pull 2026-10-02
https://www.linkedin.com/in/raleigh-thompson-a34a443b,Raleigh Thompson,Raleigh,Thompson,"Director, Product Strategy & Marketing",T3_marketing_leader_fallback,US,2023-07-01,Htpg,https://www.linkedin.com/company/heat-transfer-products-group,htpg.com,B_dealer_channel_size_unconfirmed,hvac,Blitz employee-finder UK/EU+US pull 2026-10-02
https://www.linkedin.com/in/lyndsie-daikhi-mba-8b811838,"Lyndsie Daikhi, MBA",Lyndsie,"Daikhi, MBA","Business Development Manager, Dealer Development",T1_channel_dealer_owner,US,2024-07-01,Sullair,https://www.linkedin.com/company/sullair-llc,sullair.com,A_verified_50plus,power_equipment,Blitz employee-finder UK/EU+US pull 2026-10-02
https://www.linkedin.com/in/erica-geske-3a261216,Erica Geske,Erica,Geske,Senior Marketing Communications Manager,T2_marketing_communications,US,2021-04-01,Sullair,https://www.linkedin.com/company/sullair-llc,sullair.com,A_verified_50plus,power_equipment,Blitz employee-finder UK/EU+US pull 2026-10-02
https://www.linkedin.com/in/michael-droege-026b8237,Michael Droege,Michael,Droege,Director - Channel Sales,T2_marketing_communications,US,-,Gast,https://www.linkedin.com/company/gast-manufacturing-inc,gastmfg.com,B_dealer_channel_size_unconfirmed,power_equipment,2026-09-28-leads.csv (Blitz)
https://www.linkedin.com/in/titian-burris-69908b44,Titian Burris,Titian,Burris,Distributor and Builder Development Manager,T1_channel_dealer_owner,US,-,"ClimateMaster, Inc.",https://www.linkedin.com/company/climatemaster-inc-,climatemaster.com,B_dealer_channel_size_unconfirmed,hvac,Prospeo /search-person 2026-10-07
https://www.linkedin.com/in/julien-pivaut-879729214,Julien PIVAUT,Julien,PIVAUT,Responsable régional des ventes et du développement réseau,T1_channel_dealer_owner,FR,2018-12-01,Maschio Gaspardo Group,https://www.linkedin.com/company/maschiogaspardo,maschiogaspardo.com,B_dealer_channel_size_unconfirmed,construction_ag,Blitz employee-finder UK/EU+US pull 2026-10-02
https://www.linkedin.com/in/cl%c3%a9mence-dudouit-1185a5275,Clémence Dudouit,Clémence,Dudouit,Responsable Communication & Marketing Opérationnel,T2_marketing_communications,FR,2019-11-01,Maschio Gaspardo Group,https://www.linkedin.com/company/maschiogaspardo,maschiogaspardo.com,B_dealer_channel_size_unconfirmed,construction_ag,Blitz employee-finder UK/EU+US pull 2026-10-02
https://www.linkedin.com/in/mike-spritka-37700146,Mike Spritka,Mike,Spritka,Network Manager,T1_channel_dealer_owner,US,2006-09-01,"Schiller Grounds Care, Inc.",https://www.linkedin.com/company/schiller-grounds-care-inc,schillergc.com,B_dealer_channel_size_unconfirmed,power_equipment,Blitz employee-finder UK/EU+US pull 2026-10-02
https://www.linkedin.com/in/gina-putnam-94a393b,Gina Putnam,Gina,Putnam,Director of Sales & Marketing,T3_marketing_leader_fallback,US,2020-01-01,"Schiller Grounds Care, Inc.",https://www.linkedin.com/company/schiller-grounds-care-inc,schillergc.com,B_dealer_channel_size_unconfirmed,power_equipment,Blitz employee-finder UK/EU+US pull 2026-10-02
https://www.linkedin.com/in/steve-lepera-29418a14,Steve LePera,Steve,LePera,Director of Marketing,T3_marketing_leader_fallback,US,1994-09-01,"Schiller Grounds Care, Inc.",https://www.linkedin.com/company/schiller-grounds-care-inc,schillergc.com,B_dealer_channel_size_unconfirmed,power_equipment,Blitz employee-finder UK/EU+US pull 2026-10-02
https://www.linkedin.com/in/arthur-walshe-24b91b57,Arthur Walshe,Arthur,Walshe,Service Network Manager  Ireland,T1_channel_dealer_owner,IE,2025-10-01,Schmitz Cargobull AG,https://www.linkedin.com/company/schmitz-cargobull-ag,cargobull.com,A_verified_50plus,trucks_bodies,Blitz employee-finder UK/EU+US pull 2026-10-02
https://www.linkedin.com/in/anna-stuhlmeier-6595091,Anna Stuhlmeier,Anna,Stuhlmeier,Head Of Marketing Communications & PR,T2_marketing_communications,DE,2017-05-01,Schmitz Cargobull AG,https://www.linkedin.com/company/schmitz-cargobull-ag,cargobull.com,A_verified_50plus,trucks_bodies,Blitz employee-finder UK/EU+US pull 2026-10-02
https://www.linkedin.com/in/daniela-maucher-gossweiler,Daniela Maucher-Gossweiler,Daniela,Maucher-Gossweiler,Team Lead Marketing Communications,T2_marketing_communications,DE,2018-01-01,Schmitz Cargobull AG,https://www.linkedin.com/company/schmitz-cargobull-ag,cargobull.com,A_verified_50plus,trucks_bodies,Blitz employee-finder UK/EU+US pull 2026-10-02
https://www.linkedin.com/in/craig-wrightson-b5a73156,Craig Wrightson,Craig,Wrightson,Network Rail UK Manager at Stannah Group,T1_channel_dealer_owner,GB,2025-11-01,Stannah Group,https://www.linkedin.com/company/stannah,stannah.com,A_verified_50plus,material_handling,Blitz employee-finder UK/EU+US pull 2026-10-02
https://www.linkedin.com/in/rui-oliveira-053363a8,Rui Oliveira,Rui,Oliveira,Head Of Digital Marketing - SMS,T3_marketing_leader_fallback,PT,2022-05-01,Stannah Group,https://www.linkedin.com/company/stannah,stannah.com,A_verified_50plus,material_handling,Blitz employee-finder UK/EU+US pull 2026-10-02
https://www.linkedin.com/in/brucelorange,Bruce Lorange,Bruce,Lorange,"Head of Marketing, North America",T3_marketing_leader_fallback,US,2026-05-01,Stannah Group,https://www.linkedin.com/company/stannah,stannah.com,A_verified_50plus,material_handling,Blitz employee-finder UK/EU+US pull 2026-10-02
https://www.linkedin.com/in/sauia-tal-talamoni-7b565a2,Sauia (Tal) Talamoni,Sauia (Tal),Talamoni,"Global Director, Network Services",T1_channel_dealer_owner,US,2023-07-01,Copeland,https://www.linkedin.com/company/copeland,copeland.com,A_verified_50plus,hvac,Blitz employee-finder US-wide pull 2026-10-02
https://www.linkedin.com/in/dianabota,Diana Ardelean (Bota),Diana,Ardelean (Bota),Marketing Communications Lead,T2_marketing_communications,RO,2026-06-01,Copeland,https://www.linkedin.com/company/copeland,copeland.com,A_verified_50plus,hvac,Blitz employee-finder US-wide pull 2026-10-02
https://www.linkedin.com/in/amandarogers18,Amanda Rogers,Amanda,Rogers,"Director, Marketing & Communications, Americas",T2_marketing_communications,US,2024-05-01,Copeland,https://www.linkedin.com/company/copeland,copeland.com,A_verified_50plus,hvac,Blitz employee-finder US-wide pull 2026-10-02
https://www.linkedin.com/in/angie-jarvis-454aa012,Angie Jarvis,Angie,Jarvis,Partner Marketing Manager,T1_channel_dealer_owner,US,2025-02-01,"Functional Devices, Inc.",https://www.linkedin.com/company/functional-devices-inc,functionaldevices.com,B_dealer_channel_size_unconfirmed,hvac,Blitz employee-finder US-wide pull 2026-10-02
https://www.linkedin.com/in/eric-lee-strickler,"Eric Strickler, MBA",Eric,"Strickler, MBA",Head of Marketing,T3_marketing_leader_fallback,US,2024-02-01,"Functional Devices, Inc.",https://www.linkedin.com/company/functional-devices-inc,functionaldevices.com,B_dealer_channel_size_unconfirmed,hvac,Blitz employee-finder US-wide pull 2026-10-02
https://www.linkedin.com/in/connormichaelbarr,Connor Michael B.,Connor Michael,B.,Marketing & Partnerships Manager,T1_channel_dealer_owner,US,2025-01-01,Harley-Davidson Motor Company,https://www.linkedin.com/company/harley-davidson-motor-company,harley-davidson.com,A_verified_50plus,none,Blitz employee-finder US-wide pull 2026-10-02
https://www.linkedin.com/in/baileyjd,Justin Bailey,Justin,Bailey,Director - Global Consumer & Partnership Marketing,T1_channel_dealer_owner,US,2022-08-01,Harley-Davidson Motor Company,https://www.linkedin.com/company/harley-davidson-motor-company,harley-davidson.com,A_verified_50plus,none,Blitz employee-finder US-wide pull 2026-10-02
https://www.linkedin.com/in/matt-swedlund,Matt Swedlund,Matt,Swedlund,"Manager, Brand Partners and Ambassadors",T1_channel_dealer_owner,US,2024-01-01,Harley-Davidson Motor Company,https://www.linkedin.com/company/harley-davidson-motor-company,harley-davidson.com,A_verified_50plus,none,Blitz employee-finder US-wide pull 2026-10-02
https://www.linkedin.com/in/miguel-canizalez-iii-46444a183,Miguel Canizalez III,Miguel,Canizalez III,Global Lead Development & Channel Partner Management,T1_channel_dealer_owner,US,2026-01-01,Panametrics,https://www.linkedin.com/company/panametricscompany,panametrics.com,B_dealer_channel_size_unconfirmed,flow_hydraulics,Blitz employee-finder US-wide pull 2026-10-02
https://www.linkedin.com/in/ana-cristache-942694b6,Ana Cristache,Ana,Cristache,Senior Channel Marketing Supervisor PPE,T1_channel_dealer_owner,RO,-,Honeywell Technologies,https://www.linkedin.com/company/honeywell,honeywell.com,B_dealer_channel_size_unconfirmed,hvac,Blitz employee-finder UK/EU+US pull 2026-10-02
https://www.linkedin.com/in/anulekhas,Anulekha Shetty,Anulekha,Shetty,Customer and Channel Marketing Leader - Industrial Automation,T1_channel_dealer_owner,-,-,Honeywell Technologies,https://www.linkedin.com/company/honeywell,honeywell.com,B_dealer_channel_size_unconfirmed,hvac,2026-09-28-leads.csv (Blitz)
https://www.linkedin.com/in/antonellaturchiarelli,Antonella Turchiarelli,Antonella,Turchiarelli,Senior Channel Marketing Manager,T1_channel_dealer_owner,-,-,Honeywell Technologies,https://www.linkedin.com/company/honeywell,honeywell.com,B_dealer_channel_size_unconfirmed,hvac,2026-09-28-leads.csv (Blitz)
https://www.linkedin.com/in/larry-mcconnell-54402a4,Larry McConnell,Larry,McConnell,"Manager, Network Tooling",T1_channel_dealer_owner,US,2012-02-01,Cessna Aircraft Company,https://www.linkedin.com/company/cessna-aircraft-company,cessna.com,B_dealer_channel_size_unconfirmed,none,Blitz employee-finder US-wide pull 2026-10-02
https://www.linkedin.com/in/brad-carrozza-aab56811,Brad Carrozza,Brad,Carrozza,Sales and Dealer Devolopment Manager,T2_marketing_communications,US,-,"Bandit Industries, Inc",https://www.linkedin.com/company/bandit-industries-inc-,banditchippers.com,A_verified_50plus,construction_ag,2026-09-28-leads.csv (Blitz)
https://www.linkedin.com/in/eric-bailey-45459553,Eric Bailey,Eric,Bailey,Dealer Development Specialist,T2_marketing_communications,US,-,"Bandit Industries, Inc",https://www.linkedin.com/company/bandit-industries-inc-,banditchippers.com,A_verified_50plus,construction_ag,2026-09-28-leads.csv (Blitz)
https://www.linkedin.com/in/corey-thomas-84b90364,Corey Thomas,Corey,Thomas,Dealer Development Manager,T1_channel_dealer_owner,US,2025-05-01,Ventrac,https://www.linkedin.com/company/ventrac,ventrac.com,B_dealer_channel_size_unconfirmed,construction_ag,Blitz employee-finder UK/EU+US pull 2026-10-02
https://www.linkedin.com/in/artpetrone,Art Petrone,Art,Petrone,Dealer Development Manager,T1_channel_dealer_owner,US,2025-08-01,Ventrac,https://www.linkedin.com/company/ventrac,ventrac.com,B_dealer_channel_size_unconfirmed,construction_ag,Blitz employee-finder UK/EU+US pull 2026-10-02
https://www.linkedin.com/in/fran%c3%a7ois-kaufmann-b45a135,François Kaufmann,François,Kaufmann,Technical Manager (Low Voltage Systems / Networks),T1_channel_dealer_owner,FR,2014-01-01,Groupe Snef,https://www.linkedin.com/company/groupe-snef,snef.fr,B_dealer_channel_size_unconfirmed,hvac,Blitz employee-finder UK/EU+US pull 2026-10-02
https://www.linkedin.com/in/claudia-schmidt-totzki-38b0291,Claudia Schmidt-Totzki,Claudia,Schmidt-Totzki,Marketing & Communication Senior Manager,T2_marketing_communications,DE,2012-01-01,ELCO Heating Solutions,https://www.linkedin.com/company/elco-heating-solutions,elco.net,A_verified_50plus,hvac,Blitz employee-finder UK/EU+US pull 2026-10-02
https://www.linkedin.com/in/strd,Samuel Tarride,Samuel,Tarride,Responsable Marketing et Communication,T2_marketing_communications,FR,2020-01-01,Merlo Global,https://www.linkedin.com/company/merlo-global,merlo.com,A_verified_50plus,construction_ag,Blitz employee-finder UK/EU+US pull 2026-10-02
https://www.linkedin.com/in/laurent-menard-397a3617,Laurent Menard,Laurent,Menard,"Directeur commercial, directeur Marketing et après ventes de Merlo France",T3_marketing_leader_fallback,FR,2015-02-01,Merlo Global,https://www.linkedin.com/company/merlo-global,merlo.com,A_verified_50plus,construction_ag,Blitz employee-finder UK/EU+US pull 2026-10-02
https://www.linkedin.com/in/garykrypel,"Gary Krypel, MA",Gary,"Krypel, MA",Marketing Communications Manager,T2_marketing_communications,US,2010-01-01,Columbus McKinnon,https://www.linkedin.com/company/columbus-mckinnon,columbusmckinnon.com,B_dealer_channel_size_unconfirmed,material_handling,Blitz employee-finder UK/EU+US pull 2026-10-02
https://www.linkedin.com/in/james-devine-86a1a51b,James Devine,James,Devine,Channel Sales Manager,T2_marketing_communications,CA,-,Columbus McKinnon,https://www.linkedin.com/company/columbus-mckinnon,columbusmckinnon.com,B_dealer_channel_size_unconfirmed,material_handling,2026-09-28-leads.csv (Blitz)
https://www.linkedin.com/in/%e5%bf%a0%e9%98%b3-%e4%bb%bb-509812105,忠阳 任,忠阳,任,Senior Channel Sales Manager,T2_marketing_communications,-,-,Columbus McKinnon,https://www.linkedin.com/company/columbus-mckinnon,columbusmckinnon.com,B_dealer_channel_size_unconfirmed,material_handling,2026-09-28-leads.csv (Blitz)
https://www.linkedin.com/in/shawn-gatt-a026902b,Shawn Gatt,Shawn,Gatt,Channel Development Manager,T1_channel_dealer_owner,US,2024-08-01,Lenze Americas Corporation,https://www.linkedin.com/company/lenze-americas-corporation,lenze.com,B_dealer_channel_size_unconfirmed,material_handling,Blitz employee-finder UK/EU+US pull 2026-10-02
https://www.linkedin.com/in/sheldon-smith,Sheldon Smith,Sheldon,Smith,Channel Development Manager,T1_channel_dealer_owner,US,-,Lenze Americas Corporation,https://www.linkedin.com/company/lenze-americas-corporation,lenze.com,B_dealer_channel_size_unconfirmed,material_handling,Blitz employee-finder UK/EU+US pull 2026-10-02
https://www.linkedin.com/in/rick-gomez-218a3715,Rick Gomez,Rick,Gomez,Channel Development Manager,T1_channel_dealer_owner,US,2025-05-01,Lenze Americas Corporation,https://www.linkedin.com/company/lenze-americas-corporation,lenze.com,B_dealer_channel_size_unconfirmed,material_handling,Blitz employee-finder UK/EU+US pull 2026-10-02
https://www.linkedin.com/in/bun-ly,Bun Ly,Bun,Ly,"Senior Director of Global Strategic Marketing, and Product Management",T3_marketing_leader_fallback,US,2024-01-01,Milacron,https://www.linkedin.com/company/milacron,milacron.com,B_dealer_channel_size_unconfirmed,material_handling,Blitz employee-finder UK/EU+US pull 2026-10-02
https://www.linkedin.com/in/matt-wessel,Matt Wessel,Matt,Wessel,"Director, Global Marketing",T3_marketing_leader_fallback,US,2026-01-01,Milacron,https://www.linkedin.com/company/milacron,milacron.com,B_dealer_channel_size_unconfirmed,material_handling,Blitz employee-finder UK/EU+US pull 2026-10-02
https://www.linkedin.com/in/fadi-abdal-943b2517a,Fadi Abdal,Fadi,Abdal,"Senior Director, Global Strategic Marketing",T3_marketing_leader_fallback,US,-,Milacron,https://www.linkedin.com/company/milacron,milacron.com,B_dealer_channel_size_unconfirmed,material_handling,Blitz employee-finder UK/EU+US pull 2026-10-02
https://www.linkedin.com/in/shennendoahhollsten,-,-,-,Marketing Communications Manager,T2_marketing_communications,US,2026-01-01,Rhombus,https://www.linkedin.com/company/rhombus-systems,rhombus.com,A_verified_50plus,none,Blitz employee-finder US-wide pull 2026-10-02
https://www.linkedin.com/in/monika-laprete-19321219,Monika LaPrete,Monika,LaPrete,Marketing Communications Director,T2_marketing_communications,US,2015-01-01,CRP Industries Inc.,https://www.linkedin.com/company/crp-industries,crpindustries.com,B_dealer_channel_size_unconfirmed,flow_hydraulics,Blitz employee-finder US-wide pull 2026-10-02
https://www.linkedin.com/in/mike-palm-8240297,Mike Palm,Mike,Palm,VP of Sales & Marketing,T3_marketing_leader_fallback,US,-,CRP Industries Inc.,https://www.linkedin.com/company/crp-industries,crpindustries.com,B_dealer_channel_size_unconfirmed,flow_hydraulics,Blitz employee-finder US-wide pull 2026-10-02
https://www.linkedin.com/in/walter-gray-0964104,Walter Gray,Walter,Gray,Network Manager,T1_channel_dealer_owner,US,2011-11-01,Twin Disc,https://www.linkedin.com/company/twin-disc,twindisc.com,A_verified_50plus,material_handling,Blitz employee-finder UK/EU+US pull 2026-10-02
https://www.linkedin.com/in/greg-mueller-41a0b510,Greg Mueller,Greg,Mueller,"Director, Strategic Marketing",T3_marketing_leader_fallback,US,2016-01-01,Twin Disc,https://www.linkedin.com/company/twin-disc,twindisc.com,A_verified_50plus,material_handling,Blitz employee-finder UK/EU+US pull 2026-10-02
https://www.linkedin.com/in/jacquemond-st%c3%a9phane-a4020710a,Jacquemond Stéphane,Jacquemond,Stéphane,Vice President EMEA Marine Sales & Marketing,T3_marketing_leader_fallback,FR,2009-09-01,Twin Disc,https://www.linkedin.com/company/twin-disc,twindisc.com,A_verified_50plus,material_handling,Blitz employee-finder UK/EU+US pull 2026-10-02
https://www.linkedin.com/in/wallace-kittredge-b0181014,Wallace Kittredge,Wallace,Kittredge,Marketing Communications Manager,T2_marketing_communications,US,2022-11-01,Climate Control Group,https://www.linkedin.com/company/climate-control-group,ccgi-hvac.com,B_dealer_channel_size_unconfirmed,hvac,Blitz employee-finder US-wide pull 2026-10-02
https://www.linkedin.com/in/lauraharris,Laura Everidge (Harris),Laura,Everidge (Harris),Director of Marketing,T3_marketing_leader_fallback,US,2025-07-01,Climate Control Group,https://www.linkedin.com/company/climate-control-group,ccgi-hvac.com,B_dealer_channel_size_unconfirmed,hvac,Blitz employee-finder US-wide pull 2026-10-02
https://www.linkedin.com/in/luca-cappelletti-3922a84,Luca Cappelletti,Luca,Cappelletti,Marketing Communication Manager,T2_marketing_communications,IT,2020-01-01,Bertazzoni S.p.A.,https://www.linkedin.com/company/bertazzoni-spa,bertazzoni.com,B_dealer_channel_size_unconfirmed,none,Blitz employee-finder UK/EU+US pull 2026-10-02
https://www.linkedin.com/in/mason-oatey-97a8865,Mason Oatey,Mason,Oatey,"Director, Retail Channel Marketing",T1_channel_dealer_owner,US,2023-12-01,Oatey Company,https://www.linkedin.com/company/oatey-company,oatey.com,B_dealer_channel_size_unconfirmed,none,Blitz employee-finder US-wide pull 2026-10-02
https://www.linkedin.com/in/kylie-schoppe,Kylie Pachol Schoppe,Kylie,Pachol Schoppe,"Director, Wholesale Channel Marketing",T1_channel_dealer_owner,US,2025-03-01,Oatey Company,https://www.linkedin.com/company/oatey-company,oatey.com,B_dealer_channel_size_unconfirmed,none,Blitz employee-finder US-wide pull 2026-10-02
https://www.linkedin.com/in/beth-sanger-b2b0b646,Beth Sanger,Beth,Sanger,Marketing Retail Channel Manager,T1_channel_dealer_owner,US,2025-04-01,Oatey Company,https://www.linkedin.com/company/oatey-company,oatey.com,B_dealer_channel_size_unconfirmed,none,Blitz employee-finder US-wide pull 2026-10-02
https://www.linkedin.com/in/steve-bloch-63838,Steve Bloch,Steve,Bloch,"Business Development and Partner Manager, Ford Pro",T1_channel_dealer_owner,US,2022-03-01,Ford Pro,https://www.linkedin.com/company/ford-pro,fordpro.com,A_verified_50plus,trucks_bodies,Blitz employee-finder UK/EU+US pull 2026-10-02
https://www.linkedin.com/in/georgettecardona,Georgette Sakellaris-Cardona,Georgette,Sakellaris-Cardona,Business Development Manager North America - Channel Partnerships,T1_channel_dealer_owner,US,2023-10-01,Ford Pro,https://www.linkedin.com/company/ford-pro,fordpro.com,A_verified_50plus,trucks_bodies,Blitz employee-finder UK/EU+US pull 2026-10-02
https://www.linkedin.com/in/kevinschad,Kevin Schad,Kevin,Schad,"Senior Manager, Integrated Marketing Communications",T2_marketing_communications,US,2024-03-01,Ford Pro,https://www.linkedin.com/company/ford-pro,fordpro.com,A_verified_50plus,trucks_bodies,Blitz employee-finder UK/EU+US pull 2026-10-02
https://www.linkedin.com/in/dan-peter-50a0258,Dan Peter,Dan,Peter,Director of Marketing,T3_marketing_leader_fallback,US,-,Hoist Material Handling,https://www.linkedin.com/company/hoistmaterialhandling,hoistlift.com,B_dealer_channel_size_unconfirmed,material_handling,Prospeo /search-person 2026-10-07
https://www.linkedin.com/in/simon-shand-brown-5608b937,Simon Shand-Brown,Simon,Shand-Brown,Group Marketing & Communications Manager,T2_marketing_communications,GB,2009-01-01,Crane Building Services & Utilities,https://www.linkedin.com/company/crane-building-services-utilities,cranebsu.com,B_dealer_channel_size_unconfirmed,material_handling,Blitz employee-finder UK/EU+US pull 2026-10-02
https://www.linkedin.com/in/odile-yakana%e2%9c%a8-19780730,Odile Yakana✨,Odile,Yakana✨,Director of Marketing & Communications,T2_marketing_communications,US,2022-01-01,Barfield Inc,https://www.linkedin.com/company/barfield-inc,barfieldinc.com,B_dealer_channel_size_unconfirmed,power_equipment,Blitz employee-finder US-wide pull 2026-10-02
https://www.linkedin.com/in/john-rogers-28a7ba3b,John Rogers,John,Rogers,SVP Sales and Marketing,T3_marketing_leader_fallback,US,1988-01-01,Barfield Inc,https://www.linkedin.com/company/barfield-inc,barfieldinc.com,B_dealer_channel_size_unconfirmed,power_equipment,Blitz employee-finder US-wide pull 2026-10-02
https://www.linkedin.com/in/wayne-paulsen-61b6601a8,Wayne Paulsen,Wayne,Paulsen,Dealer Development Manager,T1_channel_dealer_owner,US,2004-02-01,Erskine Attachments,https://www.linkedin.com/company/erskine-attachments,erskineattachments.com,B_dealer_channel_size_unconfirmed,construction_ag,Blitz employee-finder US-wide pull 2026-10-02
https://www.linkedin.com/in/kevin-kelly-14762b5,Kevin Kelly,Kevin,Kelly,Network Systems Manager,T1_channel_dealer_owner,US,-,Horizon Hobby,https://www.linkedin.com/company/horizon-hobby,horizonhobby.com,B_dealer_channel_size_unconfirmed,none,Blitz employee-finder US-wide pull 2026-10-02
https://www.linkedin.com/in/jeffmcash,Jeff Cash,Jeff,Cash,Vice President of DTC Sales & Marketing,T3_marketing_leader_fallback,US,2026-03-01,Horizon Hobby,https://www.linkedin.com/company/horizon-hobby,horizonhobby.com,B_dealer_channel_size_unconfirmed,none,Blitz employee-finder US-wide pull 2026-10-02
https://www.linkedin.com/in/gregsopa,Greg Sopa,Greg,Sopa,Director of Brand Marketing - ARRMA,T3_marketing_leader_fallback,US,-,Horizon Hobby,https://www.linkedin.com/company/horizon-hobby,horizonhobby.com,B_dealer_channel_size_unconfirmed,none,Blitz employee-finder US-wide pull 2026-10-02
https://www.linkedin.com/in/mike-schoenberger-87612564,Mike Schoenberger,Mike,Schoenberger,Director of Dealer Development,T1_channel_dealer_owner,US,2010-01-01,Rosenbauer America,https://www.linkedin.com/company/rosenbauer-america,rosenbaueramerica.com,B_dealer_channel_size_unconfirmed,trucks_bodies,Blitz employee-finder UK/EU+US pull 2026-10-02
https://www.linkedin.com/in/diego-salazar-45185719,Diego Salazar,Diego,Salazar,Director of Dealer Development,T1_channel_dealer_owner,-,-,Rosenbauer America,https://www.linkedin.com/company/rosenbauer-america,rosenbaueramerica.com,B_dealer_channel_size_unconfirmed,trucks_bodies,2026-09-28-leads.csv (Blitz)
https://www.linkedin.com/in/coline-pourtier,Coline Pourtier,Coline,Pourtier,Global Marketing Communications Manager,T2_marketing_communications,US,2023-01-01,Omnetics Connector Corporation,https://www.linkedin.com/company/omnetics-connector-corporation,omnetics.com,B_dealer_channel_size_unconfirmed,none,Blitz employee-finder US-wide pull 2026-10-02
https://www.linkedin.com/in/gary-kirchner-0698663,Gary Kirchner,Gary,Kirchner,Director - Distribution Network Strategy,T1_channel_dealer_owner,US,2020-03-01,The Raymond Corporation,https://www.linkedin.com/company/the-raymond-corporation,raymondcorp.com,A_verified_50plus,material_handling,Blitz employee-finder US-wide pull 2026-10-02
https://www.linkedin.com/in/ammcdermott,Amy McDermott,Amy,McDermott,Director Marketing Communications,T2_marketing_communications,US,2010-03-01,The Raymond Corporation,https://www.linkedin.com/company/the-raymond-corporation,raymondcorp.com,A_verified_50plus,material_handling,Blitz employee-finder US-wide pull 2026-10-02
https://www.linkedin.com/in/l-paape,Laura Paape,Laura,Paape,"Senior Manager, Business Development | Partnerships, Growth, Account Management",T1_channel_dealer_owner,US,2024-04-01,Fox Factory,https://www.linkedin.com/company/foxfactory,ridefox.com,B_dealer_channel_size_unconfirmed,power_equipment,Blitz employee-finder UK/EU+US pull 2026-10-02
https://www.linkedin.com/in/grasieooi,Grasie O.,Grasie,O.,Global Distributor Forecasting and Planning Manager /Analytics & Reporting,T2_marketing_communications,US,-,Fox Factory,https://www.linkedin.com/company/foxfactory,ridefox.com,B_dealer_channel_size_unconfirmed,power_equipment,2026-09-28-leads.csv (Blitz)
https://www.linkedin.com/in/brandon-thomson-71420052,Brandon Thomson,Brandon,Thomson,"Director, Global Distributor Sales",T2_marketing_communications,-,-,Fox Factory,https://www.linkedin.com/company/foxfactory,ridefox.com,B_dealer_channel_size_unconfirmed,power_equipment,2026-09-28-leads.csv (Blitz)
https://www.linkedin.com/in/jason-parker-4b238815,Jason Parker,Jason,Parker,Director of Sales and Marketing,T3_marketing_leader_fallback,US,2008-01-01,Lindsay Corporation,https://www.linkedin.com/company/lindsay-corporation,lindsay.com,B_dealer_channel_size_unconfirmed,construction_ag,Blitz employee-finder UK/EU+US pull 2026-10-02
https://www.linkedin.com/in/nathansampler,Nathan Sampler,Nathan,Sampler,"Vice President, Dealer Development",T1_channel_dealer_owner,US,2025-07-01,SANY America,https://www.linkedin.com/company/sany-america,sanyamerica.com,B_dealer_channel_size_unconfirmed,construction_ag,Blitz employee-finder UK/EU+US pull 2026-10-02
https://www.linkedin.com/in/nichole-greco-272b3b48,Nichole Greco,Nichole,Greco,Director of Marketing,T3_marketing_leader_fallback,US,2019-01-01,SANY America,https://www.linkedin.com/company/sany-america,sanyamerica.com,B_dealer_channel_size_unconfirmed,construction_ag,Blitz employee-finder UK/EU+US pull 2026-10-02
https://www.linkedin.com/in/john-wilson-4a195419,John Wilson,John,Wilson,Vice President of Sales & Marketing,T3_marketing_leader_fallback,US,2008-10-01,SANY America,https://www.linkedin.com/company/sany-america,sanyamerica.com,B_dealer_channel_size_unconfirmed,construction_ag,Blitz employee-finder UK/EU+US pull 2026-10-02
https://www.linkedin.com/in/volker-thomassen-4a3a21153,Volker Thomassen,Volker,Thomassen,"Vice President Corporate Product Marketing, Corporate Marketing & Communications",T2_marketing_communications,DE,2025-04-01,BITZER,https://www.linkedin.com/company/bitzer,bitzer.de,A_verified_50plus,flow_hydraulics,Blitz employee-finder UK/EU+US pull 2026-10-02
https://www.linkedin.com/in/michael-uhl-28045b160,Michael Uhl,Michael,Uhl,Head of Product Marketing / Management,T3_marketing_leader_fallback,DE,2023-06-01,BITZER,https://www.linkedin.com/company/bitzer,bitzer.de,A_verified_50plus,flow_hydraulics,Blitz employee-finder UK/EU+US pull 2026-10-02
https://www.linkedin.com/in/mikeneerhof,Mike Neerhof,Mike,Neerhof,Distributor Marketing Lead,T1_channel_dealer_owner,US,2023-08-01,Dodge Industrial,https://www.linkedin.com/company/dodge-industrial,dodgeindustrial.com,B_dealer_channel_size_unconfirmed,flow_hydraulics,Blitz employee-finder UK/EU+US pull 2026-10-02
https://www.linkedin.com/in/jeff-moore-4441a9224,Jeff Moore,Jeff,Moore,"Vice President, Distribution and Business Development",T1_channel_dealer_owner,US,2024-12-01,Dodge Industrial,https://www.linkedin.com/company/dodge-industrial,dodgeindustrial.com,B_dealer_channel_size_unconfirmed,flow_hydraulics,Blitz employee-finder UK/EU+US pull 2026-10-02
https://www.linkedin.com/in/andrew-lang44,Andrew Lang,Andrew,Lang,Marketing & Communications Manager,T2_marketing_communications,US,2026-07-01,Crane Aerospace & Electronics,https://www.linkedin.com/company/craneae,craneae.com,B_dealer_channel_size_unconfirmed,none,Blitz employee-finder US-wide pull 2026-10-02
https://www.linkedin.com/in/ianrlippert,-,-,-,Associate Marketing Manager - Channel,T1_channel_dealer_owner,US,2026-02-01,Indian Motorcycle Company,https://www.linkedin.com/company/indian-motorcycle-company,indianmotorcycle.com,A_verified_50plus,none,Blitz employee-finder US-wide pull 2026-10-02
https://www.linkedin.com/in/gennaro-dellla-corte-99416a19,Gennaro Dellla Corte,Gennaro,Dellla Corte,Director of Dealer Development,T1_channel_dealer_owner,US,-,Indian Motorcycle Company,https://www.linkedin.com/company/indian-motorcycle-company,indianmotorcycle.com,A_verified_50plus,none,Blitz employee-finder US-wide pull 2026-10-02
https://www.linkedin.com/in/lucas-craig-4b03b245,Lucas Craig,Lucas,Craig,Heil Dealer Development Manager,T1_channel_dealer_owner,US,2022-09-01,Terex Corporation,https://www.linkedin.com/company/terex,terex.com,B_dealer_channel_size_unconfirmed,construction_ag,Blitz employee-finder UK/EU+US pull 2026-10-02
https://www.linkedin.com/in/bernd-z-b0246a5b,Bernd Z.,Bernd,Z.,Director Global Network,T1_channel_dealer_owner,DE,2017-01-01,Terex Corporation,https://www.linkedin.com/company/terex,terex.com,B_dealer_channel_size_unconfirmed,construction_ag,Blitz employee-finder UK/EU+US pull 2026-10-02
https://www.linkedin.com/in/jim-barr-4708611,Jim Barr,Jim,Barr,VP Global Channel Development,T1_channel_dealer_owner,US,-,Terex Corporation,https://www.linkedin.com/company/terex,terex.com,B_dealer_channel_size_unconfirmed,construction_ag,2026-09-28-leads.csv (Blitz)
https://www.linkedin.com/in/esentany,Beth Sentany,Beth,Sentany,Head of Marketing & Communications,T2_marketing_communications,US,2024-09-01,Peerless Pump Company,https://www.linkedin.com/company/peerless-pump-company,peerlesspump.com,B_dealer_channel_size_unconfirmed,flow_hydraulics,Blitz employee-finder UK/EU+US pull 2026-10-02
https://www.linkedin.com/in/krista-hutchins-31b570106,Krista Hutchins,Krista,Hutchins,Distribution Marketing Manager,T1_channel_dealer_owner,US,2024-05-01,Weidmuller,https://www.linkedin.com/company/weidmuller-north-america,weidmuller.com,A_verified_50plus,material_handling,Blitz employee-finder UK/EU+US pull 2026-10-02
https://www.linkedin.com/in/jordan-mclellan,Jordan McLellan,Jordan,McLellan,Distribution Marketing Lead,T1_channel_dealer_owner,US,-,Weidmuller,https://www.linkedin.com/company/weidmuller-north-america,weidmuller.com,A_verified_50plus,material_handling,Blitz employee-finder UK/EU+US pull 2026-10-02
https://www.linkedin.com/in/samantha-bohee,Samantha Bohee,Samantha,Bohee,Head of Marketing Communications,T2_marketing_communications,GB,2025-08-01,Luceco Group,https://www.linkedin.com/company/luceco-group,luceco.com,B_dealer_channel_size_unconfirmed,none,Blitz employee-finder UK/EU+US pull 2026-10-02
https://www.linkedin.com/in/simonhw,Simon Harrison-Wallace,Simon,Harrison-Wallace,"Head of Marketing, Exterior Lighting",T3_marketing_leader_fallback,GB,2026-04-01,Luceco Group,https://www.linkedin.com/company/luceco-group,luceco.com,B_dealer_channel_size_unconfirmed,none,Blitz employee-finder UK/EU+US pull 2026-10-02
https://www.linkedin.com/in/yoerigeutskens,Yoeri Geutskens,Yoeri,Geutskens,"Channel Marketing Manager, Home Entertainment",T1_channel_dealer_owner,BE,2022-06-01,Universal Electronics,https://www.linkedin.com/company/universal-electronics,uei.com,B_dealer_channel_size_unconfirmed,hvac,Blitz employee-finder US-wide pull 2026-10-02
https://www.linkedin.com/in/ymkilgariff,Yvonne Kilgariff,Yvonne,Kilgariff,Channel Marketing Manager,T1_channel_dealer_owner,US,2021-02-01,Universal Electronics,https://www.linkedin.com/company/universal-electronics,uei.com,B_dealer_channel_size_unconfirmed,hvac,Blitz employee-finder US-wide pull 2026-10-02
https://www.linkedin.com/in/tom-yuan-76110b1,Tom Yuan,Tom,Yuan,Network Manager,T1_channel_dealer_owner,US,-,Universal Electronics,https://www.linkedin.com/company/universal-electronics,uei.com,B_dealer_channel_size_unconfirmed,hvac,Blitz employee-finder US-wide pull 2026-10-02
https://www.linkedin.com/in/karibarnes,Kari Curtis,Kari,Curtis,Region Dealer Development Manager,T1_channel_dealer_owner,US,-,Kenworth Truck Co.,https://www.linkedin.com/company/kenworth-truck-co-,kenworth.com,A_verified_50plus,trucks_bodies,Blitz employee-finder UK/EU+US pull 2026-10-02
https://www.linkedin.com/in/kelly-martz-mba-79482936,"Kelly Martz, MBA",Kelly,"Martz, MBA",National Dealer Development Manager,T1_channel_dealer_owner,US,2023-08-01,Kenworth Truck Co.,https://www.linkedin.com/company/kenworth-truck-co-,kenworth.com,A_verified_50plus,trucks_bodies,Blitz employee-finder UK/EU+US pull 2026-10-02
https://www.linkedin.com/in/kathie-falcone-9a52b4b4,Kathie Falcone,Kathie,Falcone,Director of Dealer Network Development,T1_channel_dealer_owner,US,2025-05-01,Kenworth Truck Co.,https://www.linkedin.com/company/kenworth-truck-co-,kenworth.com,A_verified_50plus,trucks_bodies,Blitz employee-finder UK/EU+US pull 2026-10-02
https://www.linkedin.com/in/dave-andraschko-4155921a,Dave Andraschko,Dave,Andraschko,Sales Channel Manager,T2_marketing_communications,US,-,Greenheck,https://www.linkedin.com/company/greenheck,greenheck.com,B_dealer_channel_size_unconfirmed,hvac,2026-09-28-leads.csv (Blitz)
https://www.linkedin.com/in/will-budleski-b86023320,Will Budleski,Will,Budleski,Product Development Engineering Co-Op,T2_marketing_communications,US,-,Greenheck,https://www.linkedin.com/company/greenheck,greenheck.com,B_dealer_channel_size_unconfirmed,hvac,2026-09-28-leads.csv (Blitz)
https://www.linkedin.com/in/andy-jackson-715b5b68,Andy Jackson,Andy,Jackson,Sales Channel Manager,T2_marketing_communications,US,-,Greenheck,https://www.linkedin.com/company/greenheck,greenheck.com,B_dealer_channel_size_unconfirmed,hvac,2026-09-28-leads.csv (Blitz)
https://www.linkedin.com/in/sjk17,Stephen Kelley,Stephen,Kelley,Business Development Director - Partnerships & Channel Growth,T1_channel_dealer_owner,US,2025-09-01,Great Day Improvements,https://www.linkedin.com/company/great-day-improvements,greatdayimprovements.com,B_dealer_channel_size_unconfirmed,trucks_bodies,Blitz employee-finder US-wide pull 2026-10-02
https://www.linkedin.com/in/andrew-sweress,Andrew Sweress,Andrew,Sweress,"Director of Marketing, Regional Brands",T3_marketing_leader_fallback,US,2025-10-01,Great Day Improvements,https://www.linkedin.com/company/great-day-improvements,greatdayimprovements.com,B_dealer_channel_size_unconfirmed,trucks_bodies,Blitz employee-finder US-wide pull 2026-10-02
https://www.linkedin.com/in/kristyhowe,"Kristy Howe, MBA",Kristy,"Howe, MBA",Chief Marketing Officer,T3_marketing_leader_fallback,US,2026-01-01,Great Day Improvements,https://www.linkedin.com/company/great-day-improvements,greatdayimprovements.com,B_dealer_channel_size_unconfirmed,trucks_bodies,Blitz employee-finder US-wide pull 2026-10-02
https://www.linkedin.com/in/kale-wainer-0a01a9102,Kale Wainer,Kale,Wainer,Channel Marketing Manager,T1_channel_dealer_owner,US,2024-01-01,CFMOTO USA,https://www.linkedin.com/company/cfmoto-usa,cfmotousa.com,B_dealer_channel_size_unconfirmed,power_equipment,Blitz employee-finder UK/EU+US pull 2026-10-02
https://www.linkedin.com/in/reidstrait,Reid Strait,Reid,Strait,Marketing Communications Manager,T2_marketing_communications,US,2024-01-01,CFMOTO USA,https://www.linkedin.com/company/cfmoto-usa,cfmotousa.com,B_dealer_channel_size_unconfirmed,power_equipment,Blitz employee-finder UK/EU+US pull 2026-10-02
https://www.linkedin.com/in/ritu-poudel-650172218,Ritu Poudel,Ritu,Poudel,Dealer Manager,T2_marketing_communications,US,-,CFMOTO USA,https://www.linkedin.com/company/cfmoto-usa,cfmotousa.com,B_dealer_channel_size_unconfirmed,power_equipment,2026-09-28-leads.csv (Blitz)
https://www.linkedin.com/in/claire-goulding,Claire Goulding,Claire,Goulding,"Marketing, Brand & Communications Manager",T2_marketing_communications,GB,2020-09-01,Carwood,https://www.linkedin.com/company/carwoodgroup,carwood.com,B_dealer_channel_size_unconfirmed,trucks_bodies,Blitz employee-finder UK/EU+US pull 2026-10-02
https://www.linkedin.com/in/sebastian-daza,Sebastian Daza,Sebastian,Daza,Marketing & Communications Manager,T2_marketing_communications,US,2025-01-01,MAN Engines - A Business Unit of MAN Truck & Bus SE,https://www.linkedin.com/company/man-engines-&-components-inc,man.eu,A_verified_50plus,power_equipment,Blitz employee-finder UK/EU+US pull 2026-10-02
https://www.linkedin.com/in/isabelle-voll-a475871ba,Isabelle Kohlert,Isabelle,Kohlert,Senior Marketing Communications Manager,T2_marketing_communications,DE,2017-06-01,MAN Engines - A Business Unit of MAN Truck & Bus SE,https://www.linkedin.com/company/man-engines-&-components-inc,man.eu,A_verified_50plus,power_equipment,Blitz employee-finder UK/EU+US pull 2026-10-02
https://www.linkedin.com/in/tim-fressel-a027601b0,Tim Fressel,Tim,Fressel,Junior Marketing & Communication Manager,T2_marketing_communications,DE,-,D+H Mechatronic AG,https://www.linkedin.com/company/d-h-mechatronic-ag,dh-partner.com,B_dealer_channel_size_unconfirmed,hvac,Blitz employee-finder UK/EU+US pull 2026-10-02
https://www.linkedin.com/in/jasmin-stirius,Jasmin Wrage,Jasmin,Wrage,Senior Marketing & Communication Manager,T2_marketing_communications,DE,-,D+H Mechatronic AG,https://www.linkedin.com/company/d-h-mechatronic-ag,dh-partner.com,B_dealer_channel_size_unconfirmed,hvac,Blitz employee-finder UK/EU+US pull 2026-10-02
https://www.linkedin.com/in/timwilczak,"Tim Wilczak, CFSP",Tim,"Wilczak, CFSP","Vice President - Sales, Marketing, Products & Service",T3_marketing_leader_fallback,US,2002-09-01,Delfield,https://www.linkedin.com/company/delfield,delfield.com,B_dealer_channel_size_unconfirmed,hvac,Blitz employee-finder UK/EU+US pull 2026-10-02
https://www.linkedin.com/in/alexislockekalpedis,"Alexis Kalpedis, MBA",Alexis,"Kalpedis, MBA",Global Marketing Communications Manager,T2_marketing_communications,US,2026-05-01,Deublin Company,https://www.linkedin.com/company/deublin-company,deublin.com,B_dealer_channel_size_unconfirmed,flow_hydraulics,Blitz employee-finder UK/EU+US pull 2026-10-02
https://www.linkedin.com/in/pernilla-nimmermark-41496811,Pernilla Nimmermark,Pernilla,Nimmermark,Distribution Partner Marketing Leader,T1_channel_dealer_owner,SE,2026-08-01,Parker Hannifin,https://www.linkedin.com/company/parker-hannifin,parker.com,B_dealer_channel_size_unconfirmed,flow_hydraulics,Blitz employee-finder UK/EU+US pull 2026-10-02
https://www.linkedin.com/in/ryanlash7,Ryan Lash,Ryan,Lash,Channel Marketing Manager,T1_channel_dealer_owner,US,-,Parker Hannifin,https://www.linkedin.com/company/parker-hannifin,parker.com,B_dealer_channel_size_unconfirmed,flow_hydraulics,2026-09-28-leads.csv (Blitz)
https://www.linkedin.com/in/jmcgowen,Juanita McGowen,Juanita,McGowen,Marketing Communications Manager (Motion Systems & Fluid Connectors Group),T2_marketing_communications,US,2024-09-01,Parker Hannifin,https://www.linkedin.com/company/parker-hannifin,parker.com,B_dealer_channel_size_unconfirmed,flow_hydraulics,Blitz employee-finder UK/EU+US pull 2026-10-02
https://www.linkedin.com/in/melissa-lage-3a8424267,Melissa Lage,Melissa,Lage,Chief Marketing Officer,T3_marketing_leader_fallback,US,-,SJE Rhombus,https://www.linkedin.com/company/sje-rhombus,sjerhombus.com,A_verified_50plus,flow_hydraulics,Prospeo /search-person 2026-10-07
https://www.linkedin.com/in/ashleigh-martin-mba,Ashleigh Martin,Ashleigh,Martin,Director of Marketing,T3_marketing_leader_fallback,US,2019-10-01,KPS Global LLC,https://www.linkedin.com/company/kps-global-llc,kpsglobal.com,B_dealer_channel_size_unconfirmed,none,Blitz employee-finder US-wide pull 2026-10-02
https://www.linkedin.com/in/holly-shadel-10582912a,Holly Shadel,Holly,Shadel,Associate Director of Marketing,T3_marketing_leader_fallback,US,2026-04-01,KPS Global LLC,https://www.linkedin.com/company/kps-global-llc,kpsglobal.com,B_dealer_channel_size_unconfirmed,none,Blitz employee-finder US-wide pull 2026-10-02
https://www.linkedin.com/in/jordan-m-farmer-11290964,Jordan M. Farmer,Jordan M.,Farmer,OT Network Operations Manager,T1_channel_dealer_owner,US,2022-08-01,Roseburg Forest Products,https://www.linkedin.com/company/roseburg,roseburg.com,B_dealer_channel_size_unconfirmed,construction_ag,Blitz employee-finder US-wide pull 2026-10-02
https://www.linkedin.com/in/dawn-garcia-95b1351b,Dawn Garcia,Dawn,Garcia,Marketing Communications Manager,T2_marketing_communications,US,2021-10-01,Roseburg Forest Products,https://www.linkedin.com/company/roseburg,roseburg.com,B_dealer_channel_size_unconfirmed,construction_ag,Blitz employee-finder US-wide pull 2026-10-02
https://www.linkedin.com/in/chrisloomismalibuboats,Chris Loomis,Chris,Loomis,Director of Sales and Dealer Development,T1_channel_dealer_owner,US,2024-03-01,Malibu Boats,https://www.linkedin.com/company/malibu-boats,malibuboats.com,B_dealer_channel_size_unconfirmed,none,Blitz employee-finder US-wide pull 2026-10-02
https://www.linkedin.com/in/harry-geurts-3073a765,Harry Geurts,Harry,Geurts,"Senior Manager, Distributor Development & Management",T1_channel_dealer_owner,NL,2026-01-01,JLG Industries,https://www.linkedin.com/company/jlg-industries,jlg.com,B_dealer_channel_size_unconfirmed,construction_ag,Blitz employee-finder UK/EU+US pull 2026-10-02
https://www.linkedin.com/in/brentrmiller,Brent Miller,Brent,Miller,"Vice President of Sales Administration, Marketing and Latin America",T3_marketing_leader_fallback,US,2023-06-01,JLG Industries,https://www.linkedin.com/company/jlg-industries,jlg.com,B_dealer_channel_size_unconfirmed,construction_ag,Blitz employee-finder UK/EU+US pull 2026-10-02
https://www.linkedin.com/in/saravincent,Sara Vincent,Sara,Vincent,"Senior Director, Marketing",T3_marketing_leader_fallback,US,2026-01-01,JLG Industries,https://www.linkedin.com/company/jlg-industries,jlg.com,B_dealer_channel_size_unconfirmed,construction_ag,Blitz employee-finder UK/EU+US pull 2026-10-02
https://www.linkedin.com/in/dan-hacker,Dan Hacker,Dan,Hacker,Director of Channel Development,T1_channel_dealer_owner,US,2024-01-01,Justrite Safety Group,https://www.linkedin.com/company/justrite-safety,justrite.com,A_verified_50plus,none,Blitz employee-finder US-wide pull 2026-10-02
https://www.linkedin.com/in/kevinzcasey,Kevin Casey,Kevin,Casey,"Director, Channel Marketing and Merchandising",T1_channel_dealer_owner,US,2025-02-01,Justrite Safety Group,https://www.linkedin.com/company/justrite-safety,justrite.com,A_verified_50plus,none,Blitz employee-finder US-wide pull 2026-10-02
https://www.linkedin.com/in/mary-mcgill-89512836,Mary McGill,Mary,McGill,Channel Development Director,T1_channel_dealer_owner,US,2024-11-01,Justrite Safety Group,https://www.linkedin.com/company/justrite-safety,justrite.com,A_verified_50plus,none,Blitz employee-finder US-wide pull 2026-10-02
https://www.linkedin.com/in/drake-miller-19501a1,Drake Miller,Drake,Miller,Director of Marketing,T3_marketing_leader_fallback,US,2025-01-01,Permco,https://www.linkedin.com/company/permco,permco.com,B_dealer_channel_size_unconfirmed,flow_hydraulics,Blitz employee-finder UK/EU+US pull 2026-10-02
https://www.linkedin.com/in/enricoaledi,Enrico Aledi,Enrico,Aledi,Corporate Marketing & Communication Manager,T2_marketing_communications,IT,2019-01-01,RULMECA,https://www.linkedin.com/company/rulmeca,rulmeca.com,A_verified_50plus,material_handling,Blitz employee-finder UK/EU+US pull 2026-10-02
https://www.linkedin.com/in/richard-m-06828292,Richard M,Richard,M,VP Global Sales & Marketing,T3_marketing_leader_fallback,US,-,BAND-IT IDEX,https://www.linkedin.com/company/band-it-idex,band-it-idex.com,B_dealer_channel_size_unconfirmed,flow_hydraulics,Blitz employee-finder UK/EU+US pull 2026-10-02
https://www.linkedin.com/in/miranda-phillips-6a998811,Miranda Phillips,Miranda,Phillips,Network Operations Manager,T1_channel_dealer_owner,US,2006-04-01,"Radiac Abrasives, A TYROLIT Company",https://www.linkedin.com/company/radiac-abrasives,radiac.com,B_dealer_channel_size_unconfirmed,machine_tools_tooling,Blitz employee-finder US-wide pull 2026-10-02
https://www.linkedin.com/in/melita-montani,Melita Montani,Melita,Montani,Communication & Marketing Manager,T2_marketing_communications,IT,2007-11-01,WALVOIL SPA,https://www.linkedin.com/company/walvoilspa,walvoil.com,B_dealer_channel_size_unconfirmed,flow_hydraulics,Blitz employee-finder UK/EU+US pull 2026-10-02
https://www.linkedin.com/in/blakebobosky,Blake Bobosky,Blake,Bobosky,Director of Sales & Marketing Global Filtration,T3_marketing_leader_fallback,US,2026-04-01,K&n Engineering,https://www.linkedin.com/company/k&n-engineering,knfilters.com,B_dealer_channel_size_unconfirmed,flow_hydraulics,Blitz employee-finder UK/EU+US pull 2026-10-02
https://www.linkedin.com/in/jason-difuccia,Jason DiFuccia,Jason,DiFuccia,Chief Marketing Officer,T3_marketing_leader_fallback,US,2023-07-01,K&n Engineering,https://www.linkedin.com/company/k&n-engineering,knfilters.com,B_dealer_channel_size_unconfirmed,flow_hydraulics,Blitz employee-finder UK/EU+US pull 2026-10-02
https://www.linkedin.com/in/nick-okane-270324b,NICK OKANE,NICK,OKANE,Vice President Sports Marketing,T3_marketing_leader_fallback,US,2021-12-01,K&n Engineering,https://www.linkedin.com/company/k&n-engineering,knfilters.com,B_dealer_channel_size_unconfirmed,flow_hydraulics,Blitz employee-finder UK/EU+US pull 2026-10-02
https://www.linkedin.com/in/sophiemeyniel,Sophie Meyniel,Sophie,Meyniel,Senior Manager Marketing Communications Aerospace Europe/ MEA/ AP and Industrial.,T2_marketing_communications,FR,2023-08-01,Hexcel Corporation,https://www.linkedin.com/company/hexcel-corporation,hexcel.com,B_dealer_channel_size_unconfirmed,none,Blitz employee-finder US-wide pull 2026-10-02
https://www.linkedin.com/in/chuckcadena,Chuck Cadena,Chuck,Cadena,"Vice President, Global Corporate & Marketing Communications",T2_marketing_communications,US,2024-12-01,Hexcel Corporation,https://www.linkedin.com/company/hexcel-corporation,hexcel.com,B_dealer_channel_size_unconfirmed,none,Blitz employee-finder US-wide pull 2026-10-02
https://www.linkedin.com/in/matthewcbates,Matthew Bates,Matthew,Bates,"Director, Marketing Communications",T2_marketing_communications,US,2022-09-01,Hexcel Corporation,https://www.linkedin.com/company/hexcel-corporation,hexcel.com,B_dealer_channel_size_unconfirmed,none,Blitz employee-finder US-wide pull 2026-10-02
https://www.linkedin.com/in/laure-pajot-1b58326,Laure Pajot,Laure,Pajot,EMEA Marketing Communications Manager @ Nidec Power/Leroy-Somer,T2_marketing_communications,FR,2024-04-01,Nidec Power,https://www.linkedin.com/company/nidecpower,nidecpower.com,B_dealer_channel_size_unconfirmed,power_equipment,Blitz employee-finder US-wide pull 2026-10-02
https://www.linkedin.com/in/saravana-cadirvelou-5b5a8b46,Saravana CADIRVELOU,Saravana,CADIRVELOU,Global Product Marketing & Communication Manager _ Smart Power & Connected Solutions,T2_marketing_communications,FR,2024-11-01,Nidec Power,https://www.linkedin.com/company/nidecpower,nidecpower.com,B_dealer_channel_size_unconfirmed,power_equipment,Blitz employee-finder US-wide pull 2026-10-02
https://www.linkedin.com/in/john-gagge,John Gagge,John,Gagge,"Vice President of Business Development, Network Infrastructure Solutions (NIS)",T1_channel_dealer_owner,US,2025-07-01,EnerSys,https://www.linkedin.com/company/enersys,enersys.com,B_dealer_channel_size_unconfirmed,power_equipment,Blitz employee-finder US-wide pull 2026-10-02
https://www.linkedin.com/in/christopher-t-6853644b,Christopher T.,Christopher,T.,"Vice President, Global Marketing and Commercial Operations",T3_marketing_leader_fallback,US,2026-04-01,EnerSys,https://www.linkedin.com/company/enersys,enersys.com,B_dealer_channel_size_unconfirmed,power_equipment,Blitz employee-finder US-wide pull 2026-10-02
https://www.linkedin.com/in/christina-warn-mcim-chartered-marketer-72391788,Christina Warn (MCIM Chartered Marketer),Christina,Warn  (MCIM Chartered Marketer),"Global Director of Marketing, Motive Power",T3_marketing_leader_fallback,GB,2024-01-01,EnerSys,https://www.linkedin.com/company/enersys,enersys.com,B_dealer_channel_size_unconfirmed,power_equipment,Blitz employee-finder US-wide pull 2026-10-02
https://www.linkedin.com/in/marcus-putnam-9b1b6623,Marcus Putnam,Marcus,Putnam,Dealer Development and California Sales,T1_channel_dealer_owner,US,-,PB Loader Corporation,https://www.linkedin.com/company/pb-loader-corporation,pbloader.com,B_dealer_channel_size_unconfirmed,trucks_bodies,Prospeo /search-person 2026-10-07
https://www.linkedin.com/in/antonella-cavalieri-manasse-a131707,Antonella Cavalieri Manasse,Antonella,Cavalieri Manasse,Marketing & Communication Manager,T2_marketing_communications,IT,2012-12-01,SACMI Packaging & Chocolate S.p.A.,https://www.linkedin.com/company/sacmipackagingchocolate,sacmi.com,A_verified_50plus,none,Blitz employee-finder US-wide pull 2026-10-02
https://www.linkedin.com/in/viveca-lundberg-l%c3%b6f-1b250a5,Viveca Lundberg (Löf),Viveca,Lundberg (Löf),MarCom Manager,T2_marketing_communications,SE,2020-08-01,Öhlins Group AB,https://www.linkedin.com/company/ohlins-group-ab,ohlins.com,B_dealer_channel_size_unconfirmed,power_equipment,Blitz employee-finder UK/EU+US pull 2026-10-02
https://www.linkedin.com/in/henrik-samuelson-1b771b2,Henrik Samuelson,Henrik,Samuelson,Marketing Communication Manager,T2_marketing_communications,SE,-,Öhlins Group AB,https://www.linkedin.com/company/ohlins-group-ab,ohlins.com,B_dealer_channel_size_unconfirmed,power_equipment,Blitz employee-finder UK/EU+US pull 2026-10-02
https://www.linkedin.com/in/iggino-carrozza-10433255,Iggino Carrozza,Iggino,Carrozza,Business &Distribution Developmemt Manager Air Motor,T1_channel_dealer_owner,IT,2025-08-01,Atlas Copco Group,https://www.linkedin.com/company/atlas-copco-group,atlascopcogroup.com,A_verified_50plus,power_equipment,Blitz employee-finder UK/EU+US pull 2026-10-02
https://www.linkedin.com/in/dr-vincent-tobin-614288a8,Dr Vincent Tobin,Dr Vincent,Tobin,Divisional Project Programme Manager - Partnership  Projects,T1_channel_dealer_owner,GB,2023-11-01,Atlas Copco Group,https://www.linkedin.com/company/atlas-copco-group,atlascopcogroup.com,A_verified_50plus,power_equipment,Blitz employee-finder UK/EU+US pull 2026-10-02
https://www.linkedin.com/in/marta-ben%c3%adtez-lara,Marta Benítez Lara,Marta,Benítez Lara,Brand and Communication Manager,T2_marketing_communications,BE,2021-12-01,Atlas Copco Group,https://www.linkedin.com/company/atlas-copco-group,atlascopcogroup.com,A_verified_50plus,power_equipment,Blitz employee-finder UK/EU+US pull 2026-10-02
https://www.linkedin.com/in/gaetan-bachelet-6297203,Gaetan Bachelet,Gaetan,Bachelet,Directeur marketing & communication,T2_marketing_communications,FR,2024-02-01,NTN Europe,https://www.linkedin.com/company/ntneurope,ntn-snr.com,B_dealer_channel_size_unconfirmed,none,Blitz employee-finder UK/EU+US pull 2026-10-02
https://www.linkedin.com/in/pavietamelie,Amélie PAVIET,Amélie,PAVIET,Product Marketing & Communication Director EMEA,T2_marketing_communications,FR,2019-01-01,NTN Europe,https://www.linkedin.com/company/ntneurope,ntn-snr.com,B_dealer_channel_size_unconfirmed,none,Blitz employee-finder UK/EU+US pull 2026-10-02
https://www.linkedin.com/in/brucemccorkle,Bruce McCorkle,Bruce,McCorkle,Marketing Manager - Wholesale / Dealers (a divison of the Brunswick Corporation),T1_channel_dealer_owner,US,2018-04-01,Navico Group,https://www.linkedin.com/company/navico,navico.com,B_dealer_channel_size_unconfirmed,none,Blitz employee-finder US-wide pull 2026-10-02
https://www.linkedin.com/in/danny-vaughan,Danny Vaughan,Danny,Vaughan,Sr. Channel Marketing Manager - AMERS,T1_channel_dealer_owner,US,2023-10-01,Navico Group,https://www.linkedin.com/company/navico,navico.com,B_dealer_channel_size_unconfirmed,none,Blitz employee-finder US-wide pull 2026-10-02
https://www.linkedin.com/in/victoria-connelly-a89093178,Victoria Connelly,Victoria,Connelly,"Sr. Manager, Dealer Development",T1_channel_dealer_owner,US,2025-08-01,"McNeilus Truck and Manufacturing, Inc.",https://www.linkedin.com/company/mcneilus-truck-and-manufacturing-inc-,mcneiluscompanies.com,B_dealer_channel_size_unconfirmed,trucks_bodies,Blitz employee-finder UK/EU+US pull 2026-10-02
https://www.linkedin.com/in/jeff-allen-81450ba8,Jeff Allen,Jeff,Allen,Dealer Territory Manager,T2_marketing_communications,US,-,"McNeilus Truck and Manufacturing, Inc.",https://www.linkedin.com/company/mcneilus-truck-and-manufacturing-inc-,mcneiluscompanies.com,B_dealer_channel_size_unconfirmed,trucks_bodies,2026-09-28-leads.csv (Blitz)
https://www.linkedin.com/in/jason-nelson-70b67739,Jason Nelson,Jason,Nelson,Dealer Territory Manager,T2_marketing_communications,US,-,"McNeilus Truck and Manufacturing, Inc.",https://www.linkedin.com/company/mcneilus-truck-and-manufacturing-inc-,mcneiluscompanies.com,B_dealer_channel_size_unconfirmed,trucks_bodies,2026-09-28-leads.csv (Blitz)
https://www.linkedin.com/in/susan-wassersleben-75a1569,Susan Wassersleben,Susan,Wassersleben,Network Manager,T1_channel_dealer_owner,DE,2007-01-01,Communications & Power Industries (CPI),https://www.linkedin.com/company/cpi,cpii.com,B_dealer_channel_size_unconfirmed,power_equipment,Blitz employee-finder US-wide pull 2026-10-02
https://www.linkedin.com/in/doug-lowrie-9160bb8,Doug Lowrie,Doug,Lowrie,Vice President Sales and Marketing,T3_marketing_leader_fallback,US,2014-11-01,Communications & Power Industries (CPI),https://www.linkedin.com/company/cpi,cpii.com,B_dealer_channel_size_unconfirmed,power_equipment,Blitz employee-finder US-wide pull 2026-10-02
https://www.linkedin.com/in/andreas-brandl-3756a7,Andreas Brandl,Andreas,Brandl,Director Marketing & Products,T3_marketing_leader_fallback,DE,1996-09-01,Communications & Power Industries (CPI),https://www.linkedin.com/company/cpi,cpii.com,B_dealer_channel_size_unconfirmed,power_equipment,Blitz employee-finder US-wide pull 2026-10-02
https://www.linkedin.com/in/luciano-bearzi-6221b64,Luciano Bearzi,Luciano,Bearzi,System & Network Manager (HQ),T1_channel_dealer_owner,IT,2008-01-01,SDF,https://www.linkedin.com/company/sdfgroup,sdfgroup.com,A_verified_50plus,construction_ag,Blitz employee-finder UK/EU+US pull 2026-10-02
https://www.linkedin.com/in/mirco-romagnoli,Mirco Romagnoli,Mirco,Romagnoli,Group Marketing & Communication Director,T2_marketing_communications,IT,2024-11-01,SDF,https://www.linkedin.com/company/sdfgroup,sdfgroup.com,A_verified_50plus,construction_ag,Blitz employee-finder UK/EU+US pull 2026-10-02
https://www.linkedin.com/in/cormachaverty,Cormac Haverty,Cormac,Haverty,"Director of Networking Products, EMEA",T1_channel_dealer_owner,IE,2014-01-01,Advantech B+B SmartWorx,https://www.linkedin.com/company/b-bsmartworx,advantech-bb.com,B_dealer_channel_size_unconfirmed,none,Blitz employee-finder US-wide pull 2026-10-02
https://www.linkedin.com/in/irene-papini,Irene Papini,Irene,Papini,Marketing Communication Manager,T2_marketing_communications,IT,2022-01-01,"Vehicle Service Group, A Dover Company",https://www.linkedin.com/company/vsg-a-dover-company,vsgdover.com,B_dealer_channel_size_unconfirmed,trucks_bodies,Blitz employee-finder US-wide pull 2026-10-02
https://www.linkedin.com/in/david-fischmer-842b086,David Fischmer,David,Fischmer,"Director of Marketing, NSA",T3_marketing_leader_fallback,US,2014-01-01,"Vehicle Service Group, A Dover Company",https://www.linkedin.com/company/vsg-a-dover-company,vsgdover.com,B_dealer_channel_size_unconfirmed,trucks_bodies,Blitz employee-finder US-wide pull 2026-10-02
https://www.linkedin.com/in/jimwjacoby,James Jacoby,James,Jacoby,Vice President Sales & Marketing,T3_marketing_leader_fallback,US,2025-08-01,"Vehicle Service Group, A Dover Company",https://www.linkedin.com/company/vsg-a-dover-company,vsgdover.com,B_dealer_channel_size_unconfirmed,trucks_bodies,Blitz employee-finder US-wide pull 2026-10-02
https://www.linkedin.com/in/jessica-petrilli87,Jessica Petrilli,Jessica,Petrilli,Corporate Marketing & Communication Manager and Head of PMO,T2_marketing_communications,IT,2022-09-01,Zenit Group,https://www.linkedin.com/company/zenitgroup,zenit.com,B_dealer_channel_size_unconfirmed,flow_hydraulics,Blitz employee-finder UK/EU+US pull 2026-10-02
https://www.linkedin.com/in/kelly-mcwilliams-24b42835,Kelly McWilliams,Kelly,McWilliams,Senior Vice President of Sales and Marketing,T3_marketing_leader_fallback,US,2025-05-01,Hoshizaki America,https://www.linkedin.com/company/hoshizaki-america,hoshizakiamerica.com,B_dealer_channel_size_unconfirmed,hvac,Blitz employee-finder UK/EU+US pull 2026-10-02
https://www.linkedin.com/in/sally-ray-ish,Sally Ray,Sally,Ray,Vice President Marketing,T3_marketing_leader_fallback,US,2024-04-01,Hoshizaki America,https://www.linkedin.com/company/hoshizaki-america,hoshizakiamerica.com,B_dealer_channel_size_unconfirmed,hvac,Blitz employee-finder UK/EU+US pull 2026-10-02
https://www.linkedin.com/in/chris-gossler-6325b87,Chris Gossler,Chris,Gossler,"Vice President, Channel Development - Mack and Volvo Trucks",T1_channel_dealer_owner,US,2024-01-01,Volvo Group,https://www.linkedin.com/company/volvo-group,volvogroup.com,A_verified_50plus,construction_ag,Blitz employee-finder UK/EU+US pull 2026-10-02
https://www.linkedin.com/in/jean-th%c3%a9r%c3%a8se-02633a80,Jean Thérèse,Jean,Thérèse,Responsable Emploi & Compétences | People Development Partner | European Medium Duty,T1_channel_dealer_owner,FR,2021-07-01,Volvo Group,https://www.linkedin.com/company/volvo-group,volvogroup.com,A_verified_50plus,construction_ag,Blitz employee-finder UK/EU+US pull 2026-10-02
https://www.linkedin.com/in/nick-serban-8872801,Nick Serban,Nick,Serban,Vice President & Head of Supply  Network Resiliency & Project Management North America,T1_channel_dealer_owner,US,2022-07-01,Volvo Group,https://www.linkedin.com/company/volvo-group,volvogroup.com,A_verified_50plus,construction_ag,Blitz employee-finder UK/EU+US pull 2026-10-02
https://www.linkedin.com/in/adam-w-alt,Adam Alt,Adam,Alt,Dealer Development Manager,T1_channel_dealer_owner,US,2025-12-01,XCMG America Inc.,https://www.linkedin.com/company/xcmg-america-inc,xcmg-usa.com,A_verified_50plus,construction_ag,Blitz employee-finder UK/EU+US pull 2026-10-02
https://www.linkedin.com/in/cassidy-d-6380b6b,Cassidy D.,Cassidy,D.,Director of Channel Development,T1_channel_dealer_owner,US,2026-07-01,Vivint,https://www.linkedin.com/company/vivint,vivint.com,A_verified_50plus,none,Blitz employee-finder US-wide pull 2026-10-02
https://www.linkedin.com/in/jamison-fitt-8bba2b110,Jamison Fitt,Jamison,Fitt,"Director, Dealer Program | DTH Strategic Initiatives",T1_channel_dealer_owner,US,2023-05-01,Vivint,https://www.linkedin.com/company/vivint,vivint.com,A_verified_50plus,none,Blitz employee-finder US-wide pull 2026-10-02
https://www.linkedin.com/in/lauren-singleton-994a183a,Lauren Singleton,Lauren,Singleton,Marketing Communications Manager,T2_marketing_communications,US,2023-08-01,Myers Industries,https://www.linkedin.com/company/myers-industries,myersindustries.com,B_dealer_channel_size_unconfirmed,none,Blitz employee-finder US-wide pull 2026-10-02
https://www.linkedin.com/in/greg-plunkett-67502533,Greg Plunkett,Greg,Plunkett,Director Marketing - B2C,T3_marketing_leader_fallback,US,2024-07-01,Myers Industries,https://www.linkedin.com/company/myers-industries,myersindustries.com,B_dealer_channel_size_unconfirmed,none,Blitz employee-finder US-wide pull 2026-10-02
https://www.linkedin.com/in/belindacaspari,Belinda Caspari,Belinda,Caspari,Program Manager - Dealer Development,T1_channel_dealer_owner,US,2024-01-01,Thermo King,https://www.linkedin.com/company/thermo-king,thermoking.com,A_verified_50plus,trucks_bodies,Blitz employee-finder US-wide pull 2026-10-02
https://www.linkedin.com/in/pat-howard-1351195,Pat Howard,Pat,Howard,Director Dealer Development Climate Control ESA,T1_channel_dealer_owner,IE,-,Thermo King,https://www.linkedin.com/company/thermo-king,thermoking.com,A_verified_50plus,trucks_bodies,Blitz employee-finder US-wide pull 2026-10-02
https://www.linkedin.com/in/deanna-bunten-535673b,Deanna Bunten,Deanna,Bunten,Corporate Director - Marketing,T3_marketing_leader_fallback,US,-,Wood-Mizer Llc,https://www.linkedin.com/company/wood-mizer-products,woodmizer.com,B_dealer_channel_size_unconfirmed,construction_ag,Blitz employee-finder UK/EU+US pull 2026-10-02
https://www.linkedin.com/in/mel-ullrich-33776714,Mel Ullrich,Mel,Ullrich,Director of Global Marketing,T3_marketing_leader_fallback,US,-,Wood-Mizer Llc,https://www.linkedin.com/company/wood-mizer-products,woodmizer.com,B_dealer_channel_size_unconfirmed,construction_ag,Blitz employee-finder UK/EU+US pull 2026-10-02
https://www.linkedin.com/in/anna-mahr-geb-ananyeva-7b2a53125,"Anna Mahr, geb. Ananyeva",Anna,"Mahr, geb. Ananyeva",Busines Partner Forschung und Entwicklung,T1_channel_dealer_owner,DE,2023-01-01,Jungheinrich,https://www.linkedin.com/company/jungheinrich-ag,jungheinrich.com,A_verified_50plus,material_handling,Blitz employee-finder UK/EU+US pull 2026-10-02
https://www.linkedin.com/in/garvin-kersting,Garvin Kersting,Garvin,Kersting,Senior Director Global eBusiness and Director Global Digital Marketing,T3_marketing_leader_fallback,DE,2025-01-01,Jungheinrich,https://www.linkedin.com/company/jungheinrich-ag,jungheinrich.com,A_verified_50plus,material_handling,Blitz employee-finder UK/EU+US pull 2026-10-02
https://www.linkedin.com/in/fabian-sockel-76924883,Fabian Sockel,Fabian,Sockel,Director Marketing Technologies,T3_marketing_leader_fallback,DE,2026-04-01,Jungheinrich,https://www.linkedin.com/company/jungheinrich-ag,jungheinrich.com,A_verified_50plus,material_handling,Blitz employee-finder UK/EU+US pull 2026-10-02
https://www.linkedin.com/in/stefanie-ankowitsch-1a7165155,Stefanie Ankowitsch,Stefanie,Ankowitsch,Manager Marketing & Communications,T2_marketing_communications,AT,2022-10-01,TROX Austria + CEE,https://www.linkedin.com/company/troxaustriacee,trox.at,B_dealer_channel_size_unconfirmed,hvac,Blitz employee-finder UK/EU+US pull 2026-10-02
https://www.linkedin.com/in/andrea-belmonte-lehner-58602629,Andrea Belmonte-Lehner,Andrea,Belmonte-Lehner,Head of Marketing Austria + CEE,T3_marketing_leader_fallback,AT,2024-03-01,TROX Austria + CEE,https://www.linkedin.com/company/troxaustriacee,trox.at,B_dealer_channel_size_unconfirmed,hvac,Blitz employee-finder UK/EU+US pull 2026-10-02
https://www.linkedin.com/in/scott-b-91051b153,Scott B.,Scott,B.,Network Manager,T1_channel_dealer_owner,US,1997-04-01,PiovanGroup North America,https://www.linkedin.com/company/piovangroup-na,pgna.net,A_verified_50plus,none,Blitz employee-finder US-wide pull 2026-10-02
https://www.linkedin.com/in/janinegrandsart,Janine Grandsart,Janine,Grandsart,Senior Marketing Communication Lead,T2_marketing_communications,US,2025-07-01,Littelfuse,https://www.linkedin.com/company/littelfuse,littelfuse.com,A_verified_50plus,trucks_bodies,Blitz employee-finder US-wide pull 2026-10-02
https://www.linkedin.com/in/jewelia,Jewelia Dakin,Jewelia,Dakin,Marketing Communications Manager North America,T2_marketing_communications,US,2026-04-01,Littelfuse,https://www.linkedin.com/company/littelfuse,littelfuse.com,A_verified_50plus,trucks_bodies,Blitz employee-finder US-wide pull 2026-10-02
https://www.linkedin.com/in/kristinahodgson,Kristina Hodgson,Kristina,Hodgson,"Director, Digital Marketing & Communications, Electronics Segment",T2_marketing_communications,US,2023-01-01,Littelfuse,https://www.linkedin.com/company/littelfuse,littelfuse.com,A_verified_50plus,trucks_bodies,Blitz employee-finder US-wide pull 2026-10-02
https://www.linkedin.com/in/ada-fast,"Ada Fast-Iloduba, MBA",Ada,"Fast-Iloduba, MBA",CMO - Head of Corporate Marketing & Communications,T2_marketing_communications,AT,2025-04-01,Kardex,https://www.linkedin.com/company/kardex,kardex.com,B_dealer_channel_size_unconfirmed,material_handling,Blitz employee-finder UK/EU+US pull 2026-10-02
https://www.linkedin.com/in/turrinivalentina,Valentina Turrini,Valentina,Turrini,"Regional Director Marketing & Communication, North West and South Europe at Kardex",T2_marketing_communications,IT,2024-01-01,Kardex,https://www.linkedin.com/company/kardex,kardex.com,B_dealer_channel_size_unconfirmed,material_handling,Blitz employee-finder UK/EU+US pull 2026-10-02
https://www.linkedin.com/in/lisafrench15,Lisa French,Lisa,French,Regional Director Marketing & Communication - Kardex Solutions,T2_marketing_communications,US,2025-01-01,Kardex,https://www.linkedin.com/company/kardex,kardex.com,B_dealer_channel_size_unconfirmed,material_handling,Blitz employee-finder UK/EU+US pull 2026-10-02
https://www.linkedin.com/in/fernandosaiz,Fernando Saiz Romero,Fernando,Saiz Romero,Director de Comunicación y Relaciones Públicas,T2_marketing_communications,ES,2024-11-01,EBRO,https://www.linkedin.com/company/ebro-oficial,ebro.es,A_verified_50plus,trucks_bodies,Blitz employee-finder UK/EU+US pull 2026-10-02
https://www.linkedin.com/in/cristina-de-blasio,Cristina De Blasio,Cristina,De Blasio,Head of Marketing,T3_marketing_leader_fallback,ES,2024-11-01,EBRO,https://www.linkedin.com/company/ebro-oficial,ebro.es,A_verified_50plus,trucks_bodies,Blitz employee-finder UK/EU+US pull 2026-10-02
https://www.linkedin.com/in/sergipisa,Sergi P.,Sergi,P.,Head of Product Marketing,T3_marketing_leader_fallback,ES,2025-10-01,EBRO,https://www.linkedin.com/company/ebro-oficial,ebro.es,A_verified_50plus,trucks_bodies,Blitz employee-finder UK/EU+US pull 2026-10-02
https://www.linkedin.com/in/raffael-riess-689bb214,Raffael Riess,Raffael,Riess,Global Channel Marketing Manager,T1_channel_dealer_owner,DE,2022-09-01,Alfa Laval,https://www.linkedin.com/company/alfa-laval,alfalaval.com,B_dealer_channel_size_unconfirmed,flow_hydraulics,Blitz employee-finder UK/EU+US pull 2026-10-02
https://www.linkedin.com/in/chatdayananda,Chathuri Dayananda,Chathuri,Dayananda,"Business Development Manager, Global Channel Management, Dairy, Brewey and Beverage",T1_channel_dealer_owner,SE,-,Alfa Laval,https://www.linkedin.com/company/alfa-laval,alfalaval.com,B_dealer_channel_size_unconfirmed,flow_hydraulics,Blitz employee-finder UK/EU+US pull 2026-10-02
https://www.linkedin.com/in/helenasannicolo,Helena Sannicoló,Helena,Sannicoló,VP Marketing Communication Marine Division,T2_marketing_communications,SE,2020-01-01,Alfa Laval,https://www.linkedin.com/company/alfa-laval,alfalaval.com,B_dealer_channel_size_unconfirmed,flow_hydraulics,Blitz employee-finder UK/EU+US pull 2026-10-02
https://www.linkedin.com/in/dan-dossey-5a8b2126a,Dan Dossey,Dan,Dossey,Dealer Development Manager,T1_channel_dealer_owner,US,2023-06-01,Digital Monitoring Products,https://www.linkedin.com/company/dmpalarms,dmp.com,B_dealer_channel_size_unconfirmed,none,Blitz employee-finder US-wide pull 2026-10-02
https://www.linkedin.com/in/brookelrichardson,Brooke Richardson,Brooke,Richardson,Marketing Communications Manager,T2_marketing_communications,US,2026-06-01,Digital Monitoring Products,https://www.linkedin.com/company/dmpalarms,dmp.com,B_dealer_channel_size_unconfirmed,none,Blitz employee-finder US-wide pull 2026-10-02
https://www.linkedin.com/in/mikepedue,Mike Pedue,Mike,Pedue,Dealer Relations Manager,T2_marketing_communications,US,-,"Forest River, Inc",https://www.linkedin.com/company/forest-river-inc.,forestriverinc.com,B_dealer_channel_size_unconfirmed,rv,2026-09-28-leads.csv (Blitz)
https://www.linkedin.com/in/marissa-o-06b81511b,Marissa O.,Marissa,O.,"Senior Director of Marketing, Bus & Van | Marine | Cargo | Truck",T3_marketing_leader_fallback,US,2024-10-01,"Forest River, Inc",https://www.linkedin.com/company/forest-river-inc.,forestriverinc.com,B_dealer_channel_size_unconfirmed,rv,Blitz employee-finder UK/EU+US pull 2026-10-02
https://www.linkedin.com/in/tom-gruger-650b903,Tom Gruger,Tom,Gruger,Vice President Marketing,T3_marketing_leader_fallback,US,2023-04-01,"Forest River, Inc",https://www.linkedin.com/company/forest-river-inc.,forestriverinc.com,B_dealer_channel_size_unconfirmed,rv,Blitz employee-finder UK/EU+US pull 2026-10-02
https://www.linkedin.com/in/katydunning,Katy Oroszi,Katy,Oroszi,Marketing Communications Manager,T2_marketing_communications,US,2017-07-01,Saint-Gobain Performance Polymer Solutions,https://www.linkedin.com/company/saint-gobain-performance-polymer-solutions,saint-gobain.com,B_dealer_channel_size_unconfirmed,flow_hydraulics,Blitz employee-finder US-wide pull 2026-10-02
https://www.linkedin.com/in/nataliamorozova-ua,Nataliamorozova Ua,Nataliamorozova,Ua,Marketing Communications Manager,T2_marketing_communications,DE,2022-04-01,KION Group,https://www.linkedin.com/company/kiongroup,kiongroup.com,B_dealer_channel_size_unconfirmed,material_handling,Blitz employee-finder UK/EU+US pull 2026-10-02
https://www.linkedin.com/in/loreno-leri-b40447a,Loreno Leri,Loreno,Leri,Director Strategic Marketing KION Industrial Trucks & Services Italy,T3_marketing_leader_fallback,IT,2021-01-01,KION Group,https://www.linkedin.com/company/kiongroup,kiongroup.com,B_dealer_channel_size_unconfirmed,material_handling,Blitz employee-finder UK/EU+US pull 2026-10-02
https://www.linkedin.com/in/matteo-ramadori-63215b43,Matteo Ramadori,Matteo,Ramadori,Head of Marketing Intelligence,T3_marketing_leader_fallback,IT,2026-01-01,KION Group,https://www.linkedin.com/company/kiongroup,kiongroup.com,B_dealer_channel_size_unconfirmed,material_handling,Blitz employee-finder UK/EU+US pull 2026-10-02
https://www.linkedin.com/in/claudiaroquedelabiept,Cláudia Roque,Cláudia,Roque,Marketing & Communications Manager Portugal,T2_marketing_communications,PT,2007-05-01,DELABIE,https://www.linkedin.com/company/delabie,delabie.com,B_dealer_channel_size_unconfirmed,flow_hydraulics,Blitz employee-finder UK/EU+US pull 2026-10-02
https://www.linkedin.com/in/h%c3%a9l%c3%a8ne-souvignet,Hélène Souvignet,Hélène,Souvignet,Responsable Marketing et Communication Espagne,T2_marketing_communications,FR,2023-03-01,DELABIE,https://www.linkedin.com/company/delabie,delabie.com,B_dealer_channel_size_unconfirmed,flow_hydraulics,Blitz employee-finder UK/EU+US pull 2026-10-02
https://www.linkedin.com/in/luanaleotta,Luana Leotta,Luana,Leotta,Marketing & Communication Manager BENELUX,T2_marketing_communications,BE,2026-01-01,DELABIE,https://www.linkedin.com/company/delabie,delabie.com,B_dealer_channel_size_unconfirmed,flow_hydraulics,Blitz employee-finder UK/EU+US pull 2026-10-02
https://www.linkedin.com/in/bryan-speet-79434410,Bryan Speet,Bryan,Speet,"Director, Dealer Channel Sales",T2_marketing_communications,US,-,Kawasaki Engines Usa,https://www.linkedin.com/company/kawasakienginesusa,kawasakienginesusa.com,A_verified_50plus,power_equipment,2026-09-28-leads.csv (Blitz)
https://www.linkedin.com/in/saraahenning,Sara Henning,Sara,Henning,Channel Marketing Manager,T1_channel_dealer_owner,US,2026-07-01,KELTEC Industrial Filtration,https://www.linkedin.com/company/keltecinc,keltecinc.com,B_dealer_channel_size_unconfirmed,flow_hydraulics,Blitz employee-finder US-wide pull 2026-10-02
https://www.linkedin.com/in/nick-kovacic-3b10999,Nick Kovacic,Nick,Kovacic,Vice President Sales and Marketing,T3_marketing_leader_fallback,US,2025-01-01,KELTEC Industrial Filtration,https://www.linkedin.com/company/keltecinc,keltecinc.com,B_dealer_channel_size_unconfirmed,flow_hydraulics,Blitz employee-finder US-wide pull 2026-10-02
https://www.linkedin.com/in/anaramoscerezo,Ana Ramos Cerezo,Ana,Ramos Cerezo,Marketing & Communications Manager,T2_marketing_communications,ES,2008-01-01,Unex Group,https://www.linkedin.com/company/unexgroup,unex.net,B_dealer_channel_size_unconfirmed,none,Blitz employee-finder UK/EU+US pull 2026-10-02
https://www.linkedin.com/in/gudrun-schul-132273133,Gudrun Schul,Gudrun,Schul,Head of Marketing/Communication EU,T3_marketing_leader_fallback,DE,2007-01-01,Messer Cutting Systems,https://www.linkedin.com/company/messer-cutting-systems,messer-cutting.com,B_dealer_channel_size_unconfirmed,material_handling,Blitz employee-finder UK/EU+US pull 2026-10-02
https://www.linkedin.com/in/joerg-toberna-646969a8,Joerg Toberna,Joerg,Toberna,Director of Marketing,T3_marketing_leader_fallback,US,1980-09-01,Messer Cutting Systems,https://www.linkedin.com/company/messer-cutting-systems,messer-cutting.com,B_dealer_channel_size_unconfirmed,material_handling,Blitz employee-finder UK/EU+US pull 2026-10-02
https://www.linkedin.com/in/nhsuccess,Chris Salisbury,Chris,Salisbury,"Senior Sales Engineer, Distributor Channel Manager- Automation, Controls, Process & Robotics",T2_marketing_communications,US,-,SMC Corporation of America,https://www.linkedin.com/company/smc,smcusa.com,A_verified_50plus,flow_hydraulics,2026-09-28-leads.csv (Blitz)
https://www.linkedin.com/in/john-h-1a772b6,John H.,John,H.,Director of Marketing,T3_marketing_leader_fallback,US,2012-02-01,SMC Corporation of America,https://www.linkedin.com/company/smc,smcusa.com,A_verified_50plus,flow_hydraulics,Blitz employee-finder UK/EU+US pull 2026-10-02
https://www.linkedin.com/in/grzegorz-welke-61a34a273,Grzegorz Welke,Grzegorz,Welke,Head of Sales & Marketing Poland,T3_marketing_leader_fallback,PL,2023-10-01,SMC Corporation of America,https://www.linkedin.com/company/smc,smcusa.com,A_verified_50plus,flow_hydraulics,Blitz employee-finder UK/EU+US pull 2026-10-02
https://www.linkedin.com/in/marjolaine-degrange-68940b4,Marjolaine Degrange,Marjolaine,Degrange,marketing communication manager,T2_marketing_communications,FR,-,Haulotte,https://www.linkedin.com/company/haulotte-group,haulotte.com,A_verified_50plus,material_handling,Blitz employee-finder UK/EU+US pull 2026-10-02
https://www.linkedin.com/in/nicolasmargaine,Nicolas Margaine ✅,Nicolas,Margaine ✅,Responsable marketing services,T3_marketing_leader_fallback,FR,2023-01-01,Haulotte,https://www.linkedin.com/company/haulotte-group,haulotte.com,A_verified_50plus,material_handling,Blitz employee-finder UK/EU+US pull 2026-10-02
https://www.linkedin.com/in/melaniebrenier,Mélanie B.,Mélanie,B.,Head of Marketing Support & External Communication,T3_marketing_leader_fallback,FR,2026-04-01,Haulotte,https://www.linkedin.com/company/haulotte-group,haulotte.com,A_verified_50plus,material_handling,Blitz employee-finder UK/EU+US pull 2026-10-02
https://www.linkedin.com/in/jessica-m-broom,Jessica Broom,Jessica,Broom,Senior Global Marketing Communications Manager,T2_marketing_communications,GB,2019-07-01,Teledyne Vision Solutions - Industrial,https://www.linkedin.com/company/teledyne-vision-solutions-industrial,teledynevisionsolutions.com,B_dealer_channel_size_unconfirmed,none,Blitz employee-finder US-wide pull 2026-10-02
https://www.linkedin.com/in/jason-kardell-44332449,Jason Kardell,Jason,Kardell,Network / Systems Manager,T1_channel_dealer_owner,US,1996-11-01,DeZURIK,https://www.linkedin.com/company/dezurik,dezurik.com,B_dealer_channel_size_unconfirmed,flow_hydraulics,Blitz employee-finder UK/EU+US pull 2026-10-02
https://www.linkedin.com/in/jean-dockendorf-cpsm-a2a59514,"Jean Dockendorf, CPSM",Jean,"Dockendorf, CPSM",Marketing Communications Manager,T2_marketing_communications,US,2013-04-01,DeZURIK,https://www.linkedin.com/company/dezurik,dezurik.com,B_dealer_channel_size_unconfirmed,flow_hydraulics,Blitz employee-finder UK/EU+US pull 2026-10-02
https://www.linkedin.com/in/pamelaveronese,Pamela Veronese,Pamela,Veronese,Marketing & Communication Manager ( Industrial division),T2_marketing_communications,IT,2024-01-01,FITT Group,https://www.linkedin.com/company/fitt-group,fitt.com,B_dealer_channel_size_unconfirmed,flow_hydraulics,Blitz employee-finder UK/EU+US pull 2026-10-02
https://www.linkedin.com/in/jeff-johnson-90323b82,Jeff Johnson,Jeff,Johnson,"Senior Manager, Network Operations and and Security",T1_channel_dealer_owner,US,2020-06-01,Rinnai America Corporation,https://www.linkedin.com/company/rinnai,rinnai.us,A_verified_50plus,hvac,Blitz employee-finder US-wide pull 2026-10-02
https://www.linkedin.com/in/kalia-h-169455122,Kalia H.,Kalia,H.,Marketing Associate – B2B Partner Onboarding & Customer Success,T1_channel_dealer_owner,US,2021-03-01,Rinnai America Corporation,https://www.linkedin.com/company/rinnai,rinnai.us,A_verified_50plus,hvac,Blitz employee-finder US-wide pull 2026-10-02
https://www.linkedin.com/in/brianbeckley,Brian Beckley,Brian,Beckley,Director of Sales and Marketing,T3_marketing_leader_fallback,US,-,NSK,https://www.linkedin.com/company/nskamericas,nsk.com,B_dealer_channel_size_unconfirmed,flow_hydraulics,Blitz employee-finder UK/EU+US pull 2026-10-02
https://www.linkedin.com/in/patric-schmit-76a04490,Patric Schmit,Patric,Schmit,VP Sales and Marketing,T3_marketing_leader_fallback,US,2021-01-01,"Karavan Trailers, LLC",https://www.linkedin.com/company/karavan-trailers-llc,karavantrailers.com,B_dealer_channel_size_unconfirmed,trailers,Blitz employee-finder UK/EU+US pull 2026-10-02
https://www.linkedin.com/in/stefanotenedini,Stefano Tenedini,Stefano,Tenedini,Responsabile stampa e comunicazione,T2_marketing_communications,IT,2009-11-01,Pedrollo S.p.A.,https://www.linkedin.com/company/pedrollo-s-p-a-,pedrollo.com,B_dealer_channel_size_unconfirmed,flow_hydraulics,Blitz employee-finder UK/EU+US pull 2026-10-02
https://www.linkedin.com/in/eleanorcoleman,Eleanor Felten,Eleanor,Felten,Marketing Communications Content Manager,T2_marketing_communications,US,-,The Lee Company,https://www.linkedin.com/company/the-lee-company,theleeco.com,A_verified_50plus,flow_hydraulics,Blitz employee-finder US-wide pull 2026-10-02
https://www.linkedin.com/in/gillian-russo-09152b7,Gillian Russo,Gillian,Russo,Manager - Marketing Communications & Events,T2_marketing_communications,US,2021-07-01,The Lee Company,https://www.linkedin.com/company/the-lee-company,theleeco.com,A_verified_50plus,flow_hydraulics,Blitz employee-finder US-wide pull 2026-10-02
https://www.linkedin.com/in/gillian-russo-662884229,Gillian Russo,Gillian,Russo,Marketing Communications Manager,T2_marketing_communications,US,-,The Lee Company,https://www.linkedin.com/company/the-lee-company,theleeco.com,A_verified_50plus,flow_hydraulics,Blitz employee-finder US-wide pull 2026-10-02
https://www.linkedin.com/in/jennifer-edwards-85351210,Jennifer Edwards,Jennifer,Edwards,Marketing Communications Manager,T2_marketing_communications,US,2016-07-01,Colfax Fluid Handling,https://www.linkedin.com/company/colfax-fluid-handling,colfaxfluidhandling.com,A_verified_50plus,flow_hydraulics,Blitz employee-finder US-wide pull 2026-10-02
https://www.linkedin.com/in/juliettemanson,Juliette Manson,Juliette,Manson,Responsable Marketing & Communication,T2_marketing_communications,FR,2024-10-01,Pellenc Group,https://www.linkedin.com/company/pellenc-sa,pellenc.com,A_verified_50plus,construction_ag,Blitz employee-finder UK/EU+US pull 2026-10-02
https://www.linkedin.com/in/lacroix-claire-1ab09a17,Lacroix Claire,Lacroix,Claire,Responsable CRM et Marketing Relationnel,T3_marketing_leader_fallback,FR,2024-11-01,Pellenc Group,https://www.linkedin.com/company/pellenc-sa,pellenc.com,A_verified_50plus,construction_ag,Blitz employee-finder UK/EU+US pull 2026-10-02
https://www.linkedin.com/in/andrzej-skrzy%c5%84ski-558255251,Andrzej Skrzyński,Andrzej,Skrzyński,Sales Network Development Manager,T1_channel_dealer_owner,PL,2024-12-01,Panasonic Heating & Cooling Solutions Europe,https://www.linkedin.com/company/panasonic-heating-and-cooling-solutions-europe,panasonic.eu,B_dealer_channel_size_unconfirmed,hvac,Blitz employee-finder UK/EU+US pull 2026-10-02
https://www.linkedin.com/in/angiemoors-menkens,Angie Moors-Menkens,Angie,Moors-Menkens,Marketing Communications Manager,T2_marketing_communications,GB,2021-01-01,Panasonic Heating & Cooling Solutions Europe,https://www.linkedin.com/company/panasonic-heating-and-cooling-solutions-europe,panasonic.eu,B_dealer_channel_size_unconfirmed,hvac,Blitz employee-finder UK/EU+US pull 2026-10-02
https://www.linkedin.com/in/williamstutz,"Billy Stutz, MBA",Billy,"Stutz, MBA",Chief Marketing Officer,T3_marketing_leader_fallback,US,2025-04-01,Zoeller Company,https://www.linkedin.com/company/zoeller-company,zoeller.com,B_dealer_channel_size_unconfirmed,flow_hydraulics,Blitz employee-finder UK/EU+US pull 2026-10-02
https://www.linkedin.com/in/scott-lechner-19927a139,Scott Lechner,Scott,Lechner,Chief Marketing Officer,T3_marketing_leader_fallback,US,2022-06-01,Zoeller Company,https://www.linkedin.com/company/zoeller-company,zoeller.com,B_dealer_channel_size_unconfirmed,flow_hydraulics,Blitz employee-finder UK/EU+US pull 2026-10-02
https://www.linkedin.com/in/laura-b%c3%a9dard-a26406ba,Laura Bédard,Laura,Bédard,Responsable marketing et communication,T2_marketing_communications,FR,2022-05-01,Guldmann,https://www.linkedin.com/company/v.-guldmann-as,guldmann.com,B_dealer_channel_size_unconfirmed,material_handling,Blitz employee-finder UK/EU+US pull 2026-10-02
https://www.linkedin.com/in/lopezanton,Anton Lopez,Anton,Lopez,"Channel and Business development Manager France, Sud Europe et Middle East",T1_channel_dealer_owner,FR,2022-08-01,UltiMaker,https://www.linkedin.com/company/ultimaker,ultimaker.com,B_dealer_channel_size_unconfirmed,material_handling,Blitz employee-finder UK/EU+US pull 2026-10-02
https://www.linkedin.com/in/ian-mason-53146219,Ian Mason,Ian,Mason,Channel Development Manager,T1_channel_dealer_owner,GB,2025-01-01,UltiMaker,https://www.linkedin.com/company/ultimaker,ultimaker.com,B_dealer_channel_size_unconfirmed,material_handling,Blitz employee-finder UK/EU+US pull 2026-10-02
https://www.linkedin.com/in/christophe-baron-b2079216,Christophe Baron,Christophe,Baron,Responsable marketing et communication,T2_marketing_communications,FR,2001-09-01,GREGOIRE,https://www.linkedin.com/company/gregoire-sas,gregoire.fr,B_dealer_channel_size_unconfirmed,construction_ag,Blitz employee-finder UK/EU+US pull 2026-10-02
https://www.linkedin.com/in/mathieu-tabardel-67a668a9,Mathieu TABARDEL,Mathieu,TABARDEL,Directeur marketing,T3_marketing_leader_fallback,FR,2023-01-01,GREGOIRE,https://www.linkedin.com/company/gregoire-sas,gregoire.fr,B_dealer_channel_size_unconfirmed,construction_ag,Blitz employee-finder UK/EU+US pull 2026-10-02
https://www.linkedin.com/in/catherine-delhalle,Catherine Delhalle,Catherine,Delhalle,Channel Development Manager,T1_channel_dealer_owner,FR,2023-05-01,Bobcat Company,https://www.linkedin.com/company/bobcat-company,bobcat.com,A_verified_50plus,construction_ag,Blitz employee-finder US-wide pull 2026-10-02
https://www.linkedin.com/in/fred-funk-8335b27,Fred Funk,Fred,Funk,new dealer development manager,T1_channel_dealer_owner,US,2009-01-01,Bobcat Company,https://www.linkedin.com/company/bobcat-company,bobcat.com,A_verified_50plus,construction_ag,Blitz employee-finder US-wide pull 2026-10-02
https://www.linkedin.com/in/karley-serati-57002330,Karley Serati,Karley,Serati,Marketing Communications Manager,T2_marketing_communications,US,2023-07-01,Bobcat Company,https://www.linkedin.com/company/bobcat-company,bobcat.com,A_verified_50plus,construction_ag,Blitz employee-finder US-wide pull 2026-10-02
https://www.linkedin.com/in/william-dennis-65a38a159,William Dennis,William,Dennis,Texas Service Sales & Dealer Development,T2_marketing_communications,US,-,CK Power,https://www.linkedin.com/company/ck-power,ckpower.com,B_dealer_channel_size_unconfirmed,power_equipment,2026-09-28-leads.csv (Blitz)
https://www.linkedin.com/in/gareth-lumsdaine-76ba1119,Gareth Lumsdaine,Gareth,Lumsdaine,Vice President Distribution Development,T1_channel_dealer_owner,GB,2026-01-01,JCB North America,https://www.linkedin.com/company/jcb-north-america,jcb.com,B_dealer_channel_size_unconfirmed,construction_ag,Blitz employee-finder UK/EU+US pull 2026-10-02
https://www.linkedin.com/in/suvi-toropainen,Suvi Toropainen,Suvi,Toropainen,Sponsored Dealer Program Manager,T1_channel_dealer_owner,US,2023-07-01,JCB North America,https://www.linkedin.com/company/jcb-north-america,jcb.com,B_dealer_channel_size_unconfirmed,construction_ag,Blitz employee-finder UK/EU+US pull 2026-10-02
https://www.linkedin.com/in/madyson-rorvik-562512178,Madyson Rorvik,Madyson,Rorvik,Dealer Marketing Manager,T1_channel_dealer_owner,US,2023-01-01,JCB North America,https://www.linkedin.com/company/jcb-north-america,jcb.com,B_dealer_channel_size_unconfirmed,construction_ag,Blitz employee-finder UK/EU+US pull 2026-10-02
https://www.linkedin.com/in/ryan-hartwig-917a3725,Ryan Hartwig,Ryan,Hartwig,Manager of Marketing & Communication Channels,T1_channel_dealer_owner,US,2023-10-01,AriensCo,https://www.linkedin.com/company/ariensco,ariensco.com,B_dealer_channel_size_unconfirmed,power_equipment,Blitz employee-finder UK/EU+US pull 2026-10-02
https://www.linkedin.com/in/max-durjava-68677492,Max DurJava,Max,DurJava,Director Dealer Development,T1_channel_dealer_owner,-,-,AriensCo,https://www.linkedin.com/company/ariensco,ariensco.com,B_dealer_channel_size_unconfirmed,power_equipment,2026-09-28-leads.csv (Blitz)
https://www.linkedin.com/in/aaron-abler-95451950,Aaron Abler,Aaron,Abler,Marketing Communications and Technical Publications Manager,T2_marketing_communications,US,2024-03-01,AriensCo,https://www.linkedin.com/company/ariensco,ariensco.com,B_dealer_channel_size_unconfirmed,power_equipment,Blitz employee-finder UK/EU+US pull 2026-10-02
https://www.linkedin.com/in/jake-petersen-innovation,Jake Petersen,Jake,Petersen,VP of Product & Marketing,T3_marketing_leader_fallback,US,2021-01-01,Warn Industries,https://www.linkedin.com/company/warn-industries,warn.com,B_dealer_channel_size_unconfirmed,material_handling,Blitz employee-finder UK/EU+US pull 2026-10-02
https://www.linkedin.com/in/markbarry713,Mark Barry,Mark,Barry,Sr. Director of Channel Sales and Business Development,T1_channel_dealer_owner,US,2025-11-01,Twin City Fan & Blower,https://www.linkedin.com/company/twin-city-fan-blower,tcf.com,B_dealer_channel_size_unconfirmed,hvac,Blitz employee-finder UK/EU+US pull 2026-10-02
https://www.linkedin.com/in/keith-mineo-a993752a,Keith Mineo,Keith,Mineo,Sales Manager - Channel Account Management,T2_marketing_communications,-,-,Twin City Fan & Blower,https://www.linkedin.com/company/twin-city-fan-blower,tcf.com,B_dealer_channel_size_unconfirmed,hvac,2026-09-28-leads.csv (Blitz)
https://www.linkedin.com/in/metz3601,Michael Metz,Michael,Metz,"Manager of Network Services | Enterprise Networking, Infrastructure & Datacenter Operations",T1_channel_dealer_owner,US,2025-10-01,Harvey Performance Company,https://www.linkedin.com/company/harveyperformance,harveyperformance.com,B_dealer_channel_size_unconfirmed,power_equipment,Blitz employee-finder UK/EU+US pull 2026-10-02
https://www.linkedin.com/in/ryan-o-connell-58976b214,Ryan O'Connell,Ryan,O'Connell,Senior Marketing Specialist - Distributor Ecommerce,T2_marketing_communications,US,-,Harvey Performance Company,https://www.linkedin.com/company/harveyperformance,harveyperformance.com,B_dealer_channel_size_unconfirmed,power_equipment,2026-09-28-leads.csv (Blitz)
https://www.linkedin.com/in/debbie-armstrong-a63199142,Debbie Armstrong,Debbie,Armstrong,PA to Retail Network Development Director,T1_channel_dealer_owner,GB,2005-01-01,Vauxhall Motors Ltd,https://www.linkedin.com/company/vauxhall-motors-ltd,vauxhall.co.uk,A_verified_50plus,trucks_bodies,Blitz employee-finder UK/EU+US pull 2026-10-02
https://www.linkedin.com/in/tony-hellawell-94824a153,Tony Hellawell,Tony,Hellawell,"Group Business Development Manager , Network Q & LCVs",T1_channel_dealer_owner,GB,2019-01-01,Vauxhall Motors Ltd,https://www.linkedin.com/company/vauxhall-motors-ltd,vauxhall.co.uk,A_verified_50plus,trucks_bodies,Blitz employee-finder UK/EU+US pull 2026-10-02
https://www.linkedin.com/in/george-mullins-59740a98,George Mullins,George,Mullins,Field Operations Manager (Network Q),T1_channel_dealer_owner,GB,2001-04-01,Vauxhall Motors Ltd,https://www.linkedin.com/company/vauxhall-motors-ltd,vauxhall.co.uk,A_verified_50plus,trucks_bodies,Blitz employee-finder UK/EU+US pull 2026-10-02
https://www.linkedin.com/in/sabine-garcia-1b4078105,Sabine Garcia,Sabine,Garcia,Network Senior Manager France,T1_channel_dealer_owner,BE,2026-03-01,Farizon Auto France,https://www.linkedin.com/company/farizon-auto-france,geelycv.com,B_dealer_channel_size_unconfirmed,trucks_bodies,Blitz employee-finder US-wide pull 2026-10-02
https://www.linkedin.com/in/abigailabh,Abigail H.,Abigail,H.,Marketing Communications Manager,T2_marketing_communications,US,2025-09-01,Chicago Pneumatic,https://www.linkedin.com/company/chicago-pneumatic,cp.com,B_dealer_channel_size_unconfirmed,power_equipment,Blitz employee-finder US-wide pull 2026-10-02
https://www.linkedin.com/in/philwarmbier,Phil Warmbier,Phil,Warmbier,VP Sales & Marketing/Business Line Manager,T3_marketing_leader_fallback,US,2018-09-01,Chicago Pneumatic,https://www.linkedin.com/company/chicago-pneumatic,cp.com,B_dealer_channel_size_unconfirmed,power_equipment,Blitz employee-finder US-wide pull 2026-10-02
https://www.linkedin.com/in/charles-o-donnell-5740a26,Charles O'Donnell,Charles,O'Donnell,Director of Marketing,T3_marketing_leader_fallback,US,2012-01-01,Laars Heating Systems,https://www.linkedin.com/company/laars-heating-systems,laars.com,B_dealer_channel_size_unconfirmed,hvac,Blitz employee-finder UK/EU+US pull 2026-10-02
https://www.linkedin.com/in/leannehobbs,"Leanne Hobbs-Johnson, MBA",Leanne,"Hobbs-Johnson, MBA",Senior Distributor Development Specialist,T2_marketing_communications,US,-,Gardner Denver,https://www.linkedin.com/company/gardner-denver,gardnerdenver.com,B_dealer_channel_size_unconfirmed,power_equipment,2026-09-28-leads.csv (Blitz)
https://www.linkedin.com/in/halle-losson,Halle Losson,Halle,Losson,Distributor Development Specialist,T2_marketing_communications,US,-,Gardner Denver,https://www.linkedin.com/company/gardner-denver,gardnerdenver.com,B_dealer_channel_size_unconfirmed,power_equipment,2026-09-28-leads.csv (Blitz)
https://www.linkedin.com/in/rob-corrado-3ab5a26,Rob Corrado,Rob,Corrado,Director of Sales and Marketing,T3_marketing_leader_fallback,US,2025-03-01,New Way® Trucks,https://www.linkedin.com/company/new-way-trucks,newwaytrucks.com,B_dealer_channel_size_unconfirmed,trucks_bodies,Blitz employee-finder UK/EU+US pull 2026-10-02
https://www.linkedin.com/in/ryan-mcandrews-80bab91b,Ryan McAndrews,Ryan,McAndrews,Wholesale Channel Marketing Manager,T1_channel_dealer_owner,US,2025-03-01,Bradford White,https://www.linkedin.com/company/bradford-white,bradfordwhite.com,A_verified_50plus,hvac,Blitz employee-finder US-wide pull 2026-10-02
https://www.linkedin.com/in/brian-divincenzo,Brian DiVincenzo,Brian,DiVincenzo,Senior Vice President Marketing,T3_marketing_leader_fallback,US,2023-12-01,Bradford White,https://www.linkedin.com/company/bradford-white,bradfordwhite.com,A_verified_50plus,hvac,Blitz employee-finder US-wide pull 2026-10-02
https://www.linkedin.com/in/neal-heyman-7620b75a,Neal Heyman,Neal,Heyman,"Director, Marketing",T3_marketing_leader_fallback,US,2022-03-01,Bradford White,https://www.linkedin.com/company/bradford-white,bradfordwhite.com,A_verified_50plus,hvac,Blitz employee-finder US-wide pull 2026-10-02
https://www.linkedin.com/in/samuel-vidgren-895a6a143,Samuel Vidgren,Samuel,Vidgren,"Area Manager, USA dealer network",T1_channel_dealer_owner,FI,-,Ponsse,https://www.linkedin.com/company/ponsse-oyj,ponsse.com,B_dealer_channel_size_unconfirmed,construction_ag,Blitz employee-finder UK/EU+US pull 2026-10-02
https://www.linkedin.com/in/per%c3%a4talo-harri-8b8ba1a6,Perätalo Harri,Perätalo,Harri,"Manager, Service network development",T1_channel_dealer_owner,FI,2024-06-01,Ponsse,https://www.linkedin.com/company/ponsse-oyj,ponsse.com,B_dealer_channel_size_unconfirmed,construction_ag,Blitz employee-finder UK/EU+US pull 2026-10-02
https://www.linkedin.com/in/birgitta-gittan-nilsson-b844661b,"Birgitta ""Gittan"" Nilsson","Birgitta ""Gittan""",Nilsson,Area Marketing & Communications Manager Nordic,T2_marketing_communications,SE,2025-06-01,Ponsse,https://www.linkedin.com/company/ponsse-oyj,ponsse.com,B_dealer_channel_size_unconfirmed,construction_ag,Blitz employee-finder UK/EU+US pull 2026-10-02
https://www.linkedin.com/in/andy-wargo-43482a109,Andy Wargo,Andy,Wargo,"Manager, Distributor Sales/Ecommerce",T2_marketing_communications,US,-,Lincoln Electric,https://www.linkedin.com/company/lincoln-electric,lincolnelectric.com,B_dealer_channel_size_unconfirmed,power_equipment,2026-09-28-leads.csv (Blitz)
https://www.linkedin.com/in/bernie-beaudoin-2b650446,Bernie Beaudoin,Bernie,Beaudoin,Director of Industrial Distributor Sales & Web Strategy,T2_marketing_communications,US,-,Lincoln Electric,https://www.linkedin.com/company/lincoln-electric,lincolnelectric.com,B_dealer_channel_size_unconfirmed,power_equipment,2026-09-28-leads.csv (Blitz)
https://www.linkedin.com/in/kirk-hilzinger,Kirk Hilzinger,Kirk,Hilzinger,Network Manager,T1_channel_dealer_owner,US,2024-03-01,"First Brands Group, Llc",https://www.linkedin.com/company/first-brands-llc,firstbrandsgroup.com,B_dealer_channel_size_unconfirmed,flow_hydraulics,Blitz employee-finder UK/EU+US pull 2026-10-02
https://www.linkedin.com/in/alexandravpetrov,"Alexandra Petrov, MBA",Alexandra,"Petrov, MBA",Global Director - Digital Marketing & Media,T3_marketing_leader_fallback,US,2021-08-01,"First Brands Group, Llc",https://www.linkedin.com/company/first-brands-llc,firstbrandsgroup.com,B_dealer_channel_size_unconfirmed,flow_hydraulics,Blitz employee-finder UK/EU+US pull 2026-10-02
https://www.linkedin.com/in/isabelle-ahlendorf,Isabelle Ahlendorf,Isabelle,Ahlendorf,Manager Brand and Communications,T2_marketing_communications,DE,-,Thomas Group,https://www.linkedin.com/company/thomasgroupofficial,thomas-group.com,B_dealer_channel_size_unconfirmed,flow_hydraulics,Blitz employee-finder UK/EU+US pull 2026-10-02
https://www.linkedin.com/in/hellen-falk-75a120117,Hellen Falk,Hellen,Falk,Manager Brand and Communications,T2_marketing_communications,DE,2015-04-01,Thomas Group,https://www.linkedin.com/company/thomasgroupofficial,thomas-group.com,B_dealer_channel_size_unconfirmed,flow_hydraulics,Blitz employee-finder UK/EU+US pull 2026-10-02
https://www.linkedin.com/in/svenja-menn-a20703146,Svenja Menn,Svenja,Menn,Manager Brand and Communication,T2_marketing_communications,DE,2026-06-01,Thomas Group,https://www.linkedin.com/company/thomasgroupofficial,thomas-group.com,B_dealer_channel_size_unconfirmed,flow_hydraulics,Blitz employee-finder UK/EU+US pull 2026-10-02
https://www.linkedin.com/in/nathan-wolf-39a7151,Nathan Wolf,Nathan,Wolf,Global Network Operations Leader,T1_channel_dealer_owner,US,2008-01-01,Brooks Instrument,https://www.linkedin.com/company/brooks-instrument,brooksinstrument.com,B_dealer_channel_size_unconfirmed,flow_hydraulics,Blitz employee-finder UK/EU+US pull 2026-10-02
https://www.linkedin.com/in/stevekannengieszer,Steve Kannengieszer,Steve,Kannengieszer,Director of Product Marketing,T3_marketing_leader_fallback,US,2011-02-01,Brooks Instrument,https://www.linkedin.com/company/brooks-instrument,brooksinstrument.com,B_dealer_channel_size_unconfirmed,flow_hydraulics,Blitz employee-finder UK/EU+US pull 2026-10-02
https://www.linkedin.com/in/lisa-espinosa-mba-3b12092,"Lisa Espinosa, MBA",Lisa,"Espinosa, MBA",Brand & Communications Manager,T2_marketing_communications,US,2025-05-01,"Ameristar Perimeter Security USA Inc., an ASSA ABLOY Group brand",https://www.linkedin.com/company/ameristar-fence-products,ameristarperimeter.com,A_verified_50plus,none,Blitz employee-finder US-wide pull 2026-10-02
https://www.linkedin.com/in/nicholas-perrault-48b95723,Nicholas Perrault,Nicholas,Perrault,Director of Marketing And Product Management,T3_marketing_leader_fallback,US,2025-06-01,"Ameristar Perimeter Security USA Inc., an ASSA ABLOY Group brand",https://www.linkedin.com/company/ameristar-fence-products,ameristarperimeter.com,A_verified_50plus,none,Blitz employee-finder US-wide pull 2026-10-02
https://www.linkedin.com/in/megan-hoerr-6155b1bb,Megan Hoerr,Megan,Hoerr,Channel Marketing Manager,T1_channel_dealer_owner,US,2023-09-01,American Bath Group,https://www.linkedin.com/company/american-bath-group,americanbathgroup.com,B_dealer_channel_size_unconfirmed,none,Blitz employee-finder US-wide pull 2026-10-02
https://www.linkedin.com/in/brett-c-b46354b,Brett C.,Brett,C.,Vice President of Channel Marketing,T1_channel_dealer_owner,US,2025-02-01,American Bath Group,https://www.linkedin.com/company/american-bath-group,americanbathgroup.com,B_dealer_channel_size_unconfirmed,none,Blitz employee-finder US-wide pull 2026-10-02
https://www.linkedin.com/in/heidi-bontempo-mba-bb501111,Heidi Bontempo,Heidi,Bontempo,Channel Marketing Manager,T1_channel_dealer_owner,US,2024-01-01,HellermannTyton North America,https://www.linkedin.com/company/hellermanntyton,hellermanntyton.us,B_dealer_channel_size_unconfirmed,none,Blitz employee-finder US-wide pull 2026-10-02
https://www.linkedin.com/in/gemma-artesona-perez-03909130,Gemma Artesona Perez,Gemma,Artesona Perez,Marketing & Distribution Manager,T1_channel_dealer_owner,ES,2009-05-01,HellermannTyton North America,https://www.linkedin.com/company/hellermanntyton,hellermanntyton.us,B_dealer_channel_size_unconfirmed,none,Blitz employee-finder US-wide pull 2026-10-02
https://www.linkedin.com/in/mike-emmer-96992b11,Mike Emmer,Mike,Emmer,Director of Marketing Communications,T2_marketing_communications,US,2007-08-01,HellermannTyton North America,https://www.linkedin.com/company/hellermanntyton,hellermanntyton.us,B_dealer_channel_size_unconfirmed,none,Blitz employee-finder US-wide pull 2026-10-02
https://www.linkedin.com/in/tiffanymilliken,Tiffany Milliken,Tiffany,Milliken,Marketing Communications Manager,T2_marketing_communications,US,-,"U.S. Tsubaki Power Transmission, LLC",https://www.linkedin.com/company/u.s.-tsubaki-inc.,ustsubaki.com,B_dealer_channel_size_unconfirmed,material_handling,Blitz employee-finder UK/EU+US pull 2026-10-02
https://www.linkedin.com/in/george-basel-2a918515,George Basel,George,Basel,Director of Marketing & Product Management,T3_marketing_leader_fallback,US,2009-01-01,"U.S. Tsubaki Power Transmission, LLC",https://www.linkedin.com/company/u.s.-tsubaki-inc.,ustsubaki.com,B_dealer_channel_size_unconfirmed,material_handling,Blitz employee-finder UK/EU+US pull 2026-10-02
https://www.linkedin.com/in/eric-andrieux-1b15021,Eric Andrieux,Eric,Andrieux,Network Manager,T1_channel_dealer_owner,FR,1991-12-01,Eneria,https://www.linkedin.com/company/eneria,eneria.fr,B_dealer_channel_size_unconfirmed,power_equipment,Blitz employee-finder UK/EU+US pull 2026-10-02
https://www.linkedin.com/in/nicolas-millet,Nicolas Millet,Nicolas,Millet,Directeur Marketing et Développement Commercial,T3_marketing_leader_fallback,FR,2015-07-01,Eneria,https://www.linkedin.com/company/eneria,eneria.fr,B_dealer_channel_size_unconfirmed,power_equipment,Blitz employee-finder UK/EU+US pull 2026-10-02
https://www.linkedin.com/in/jesse-collins-9144b96a,Jesse Collins,Jesse,Collins,Director Marketing Communications,T2_marketing_communications,US,2021-07-01,REHAU Interior Solutions,https://www.linkedin.com/company/rehauinterior,-,B_dealer_channel_size_unconfirmed,none,Blitz employee-finder UK/EU+US pull 2026-10-02
https://www.linkedin.com/in/celine-croissant,Céline Croissant,Céline,Croissant,Responsable Marketing  | France & Benelux markets,T3_marketing_leader_fallback,ES,2024-09-01,REHAU Interior Solutions,https://www.linkedin.com/company/rehauinterior,-,B_dealer_channel_size_unconfirmed,none,Blitz employee-finder UK/EU+US pull 2026-10-02
https://www.linkedin.com/in/dan-pogaceanu-1b986984,Dan Pogaceanu,Dan,Pogaceanu,Director Sales & Marketing - Southeast Europe - Interior Solutions ISS,T3_marketing_leader_fallback,AT,2019-07-01,REHAU Interior Solutions,https://www.linkedin.com/company/rehauinterior,-,B_dealer_channel_size_unconfirmed,none,Blitz employee-finder UK/EU+US pull 2026-10-02
https://www.linkedin.com/in/stu-o-gorman-1b160645,Stu O'Gorman,Stu,O'Gorman,Country Manager Network Power,T1_channel_dealer_owner,GB,-,Exide Group,https://www.linkedin.com/company/exidegroup,exidegroup.com,A_verified_50plus,none,Blitz employee-finder UK/EU+US pull 2026-10-02
https://www.linkedin.com/in/craig-everett-4023649,Craig Everett,Craig,Everett,Marketing Communications Manager EMEA,T2_marketing_communications,GB,2000-05-01,Exide Group,https://www.linkedin.com/company/exidegroup,exidegroup.com,A_verified_50plus,none,Blitz employee-finder UK/EU+US pull 2026-10-02
https://www.linkedin.com/in/giulia-de-toni-a8260529,Giulia De Toni,Giulia,De Toni,Responsabile comunicazione marketing,T2_marketing_communications,IT,2018-01-01,OMIS Group,https://www.linkedin.com/company/omis-group,omis.net,B_dealer_channel_size_unconfirmed,material_handling,Blitz employee-finder UK/EU+US pull 2026-10-02
https://www.linkedin.com/in/cyril-lomenech,Cyril LOMENECH,Cyril,LOMENECH,"Directeur du Développement du Réseau de Distribution France, Espagne & Portugal",T1_channel_dealer_owner,FR,2023-09-01,Lely,https://www.linkedin.com/company/lely-industries-nv,lely.com,A_verified_50plus,construction_ag,Blitz employee-finder UK/EU+US pull 2026-10-02
https://www.linkedin.com/in/mkuijt,Marcel Kuijt,Marcel,Kuijt,Distribution Channel Development Manager - Lely Benelux,T1_channel_dealer_owner,NL,2022-02-01,Lely,https://www.linkedin.com/company/lely-industries-nv,lely.com,A_verified_50plus,construction_ag,Blitz employee-finder UK/EU+US pull 2026-10-02
https://www.linkedin.com/in/chris-wagers-a653a7bb,Chris Wagers,Chris,Wagers,Sr. Associate Dealer Programs Manager,T1_channel_dealer_owner,US,2026-01-01,"Dunlop Tires North America, Inc",https://www.linkedin.com/company/dunlop-tires-north-america,paycomonline.net,B_dealer_channel_size_unconfirmed,power_equipment,Blitz employee-finder UK/EU+US pull 2026-10-02
https://www.linkedin.com/in/nickfousekis,Nick Fousekis,Nick,Fousekis,"Director of Marketing, Experiential (Dunlop Tires / Falken Tires)",T3_marketing_leader_fallback,US,2026-01-01,"Dunlop Tires North America, Inc",https://www.linkedin.com/company/dunlop-tires-north-america,paycomonline.net,B_dealer_channel_size_unconfirmed,power_equipment,Blitz employee-finder UK/EU+US pull 2026-10-02
https://www.linkedin.com/in/kendhsu,-,-,-,Vice President of Marketing,T3_marketing_leader_fallback,US,2024-09-01,"Dunlop Tires North America, Inc",https://www.linkedin.com/company/dunlop-tires-north-america,paycomonline.net,B_dealer_channel_size_unconfirmed,power_equipment,Blitz employee-finder UK/EU+US pull 2026-10-02
https://www.linkedin.com/in/cara-lynch-b5b925134,Cara Lynch,Cara,Lynch,"Senior Director of Marketing, Engagement, and Furnace Division Communications",T3_marketing_leader_fallback,US,-,Inductotherm Corp.,https://www.linkedin.com/company/inductothermcorp.,inductotherm.com,A_verified_50plus,power_equipment,Blitz employee-finder US-wide pull 2026-10-02
https://www.linkedin.com/in/dustin-leonard-4a46356,Dustin Leonard,Dustin,Leonard,Network Technology Manager,T1_channel_dealer_owner,US,2016-01-01,"Hayward Holdings, Inc.",https://www.linkedin.com/company/hayward-holdings-inc,hayward.com,B_dealer_channel_size_unconfirmed,power_equipment,Blitz employee-finder US-wide pull 2026-10-02
https://www.linkedin.com/in/emilie-chavet-0317a710,Emilie Chavet,Emilie,Chavet,"Marketing & Communication Manager, Europe",T2_marketing_communications,FR,2020-06-01,"Hayward Holdings, Inc.",https://www.linkedin.com/company/hayward-holdings-inc,hayward.com,B_dealer_channel_size_unconfirmed,power_equipment,Blitz employee-finder US-wide pull 2026-10-02
https://www.linkedin.com/in/andrea-negro-a4668a140,Andrea Negro,Andrea,Negro,Marketing & Communication Manager,T2_marketing_communications,IT,2006-02-01,BCS SpA,https://www.linkedin.com/company/bcs-spa,bcs-ferrari.it,A_verified_50plus,construction_ag,Blitz employee-finder UK/EU+US pull 2026-10-02
https://www.linkedin.com/in/chlo%c3%a9-villeneuve,Chloé Villeneuve,Chloé,Villeneuve,Responsable marketing et communication,T2_marketing_communications,FR,2025-02-01,Clextral,https://www.linkedin.com/company/clextral,clextral.com,B_dealer_channel_size_unconfirmed,none,Blitz employee-finder UK/EU+US pull 2026-10-02
https://www.linkedin.com/in/thibault-lesaffre,Thibault Lesaffre,Thibault,Lesaffre,Directeur commercial et marketing,T3_marketing_leader_fallback,FR,2024-07-01,Clextral,https://www.linkedin.com/company/clextral,clextral.com,B_dealer_channel_size_unconfirmed,none,Blitz employee-finder UK/EU+US pull 2026-10-02
https://www.linkedin.com/in/danilo-gamba-44b31623,Danilo Gamba,Danilo,Gamba,Responsabile Comunicazione e Immagine,T2_marketing_communications,IT,-,ROLFO Group,https://www.linkedin.com/company/rolfo-s.p.a.,rolfo.com,B_dealer_channel_size_unconfirmed,trucks_bodies,Blitz employee-finder UK/EU+US pull 2026-10-02
https://www.linkedin.com/in/cristinapancotti,Pancotti Cristina,Pancotti,Cristina,Marketing Communications Manager,T2_marketing_communications,IT,2010-11-01,Vortice S.p.A,https://www.linkedin.com/company/vortice-spa,vortice.com,B_dealer_channel_size_unconfirmed,hvac,Blitz employee-finder UK/EU+US pull 2026-10-02
https://www.linkedin.com/in/michelle-nelson-marketing,Michelle Nelson,Michelle,Nelson,Marketing Communications Manager,T2_marketing_communications,US,-,Rice Lake Weighing Systems,https://www.linkedin.com/company/rice-lake-weighing-systems,ricelake.com,B_dealer_channel_size_unconfirmed,none,Blitz employee-finder US-wide pull 2026-10-02
https://www.linkedin.com/in/patrick-ranfranz-3486545,Patrick Ranfranz,Patrick,Ranfranz,Vice President of Global Marketing at Rice Lake Weighing Systems,T3_marketing_leader_fallback,US,2019-11-01,Rice Lake Weighing Systems,https://www.linkedin.com/company/rice-lake-weighing-systems,ricelake.com,B_dealer_channel_size_unconfirmed,none,Blitz employee-finder US-wide pull 2026-10-02
https://www.linkedin.com/in/davidgeon,David Geon,David,Geon,"Vice President of Sales, Americas (Products, Partner Programs and Customer Support)",T1_channel_dealer_owner,US,2020-05-01,Belden Inc.,https://www.linkedin.com/company/beldeninc,belden.com,B_dealer_channel_size_unconfirmed,none,Blitz employee-finder US-wide pull 2026-10-02
https://www.linkedin.com/in/annie-sheehan-kerber-m-b-a-6b647a5,"Annie Sheehan-Kerber, M.B.A.",Annie,"Sheehan-Kerber, M.B.A.","Global Director, Strategic Partner Programs",T1_channel_dealer_owner,US,2024-06-01,Belden Inc.,https://www.linkedin.com/company/beldeninc,belden.com,B_dealer_channel_size_unconfirmed,none,Blitz employee-finder US-wide pull 2026-10-02
https://www.linkedin.com/in/jessica-wibawa-conidi,Jessica (Wibawa) Conidi,Jessica,(Wibawa) Conidi,"Director, Partner Programs",T1_channel_dealer_owner,US,2026-01-01,Belden Inc.,https://www.linkedin.com/company/beldeninc,belden.com,B_dealer_channel_size_unconfirmed,none,Blitz employee-finder US-wide pull 2026-10-02
https://www.linkedin.com/in/kenneth-chen-836402,Kenneth Chen,Kenneth,Chen,Director of Network Planning,T1_channel_dealer_owner,US,-,TSI Incorporated,https://www.linkedin.com/company/tsiincorporated,tsi.com,B_dealer_channel_size_unconfirmed,hvac,Blitz employee-finder UK/EU+US pull 2026-10-02
https://www.linkedin.com/in/kara-macswain-a05a4754,Kara MacSwain,Kara,MacSwain,Global Marketing Communications Manager,T2_marketing_communications,US,-,TSI Incorporated,https://www.linkedin.com/company/tsiincorporated,tsi.com,B_dealer_channel_size_unconfirmed,hvac,Blitz employee-finder UK/EU+US pull 2026-10-02
https://www.linkedin.com/in/noah-lassiter-b1aa42255,Noah Lassiter,Noah,Lassiter,Dealer Development Supervisor,T1_channel_dealer_owner,US,2025-07-01,KIOTI Tractor,https://www.linkedin.com/company/kioti-tractor,kioti.com,B_dealer_channel_size_unconfirmed,construction_ag,Blitz employee-finder UK/EU+US pull 2026-10-02
https://www.linkedin.com/in/ron-morgan-239a6b61,Ron Morgan,Ron,Morgan,Senior Manager- Dealer Business Development,T1_channel_dealer_owner,US,2025-03-01,KIOTI Tractor,https://www.linkedin.com/company/kioti-tractor,kioti.com,B_dealer_channel_size_unconfirmed,construction_ag,Blitz employee-finder UK/EU+US pull 2026-10-02
https://www.linkedin.com/in/david-wegley-14852979,David Wegley,David,Wegley,Channel Development Manager,T1_channel_dealer_owner,US,2024-09-01,Novae,https://www.linkedin.com/company/workatnovae,novae.com,B_dealer_channel_size_unconfirmed,trailers,Blitz employee-finder UK/EU+US pull 2026-10-02
https://www.linkedin.com/in/tyler-hibma-9a436b49,Tyler Hibma,Tyler,Hibma,Marketing Manager of Captive Distribution,T1_channel_dealer_owner,US,2025-05-01,Novae,https://www.linkedin.com/company/workatnovae,novae.com,B_dealer_channel_size_unconfirmed,trailers,Blitz employee-finder UK/EU+US pull 2026-10-02
https://www.linkedin.com/in/souphy-chansirik-66972210,Souphy Chansirik,Souphy,Chansirik,Sales / Distribution Development Manager,T1_channel_dealer_owner,US,2005-01-01,Multiquip Inc.,https://www.linkedin.com/company/multiquip-inc.,multiquip.com,B_dealer_channel_size_unconfirmed,power_equipment,Blitz employee-finder US-wide pull 2026-10-02
https://www.linkedin.com/in/jon-williamson-1667b4,Jon Williamson,Jon,Williamson,Director of Marketing,T3_marketing_leader_fallback,US,2010-09-01,Multiquip Inc.,https://www.linkedin.com/company/multiquip-inc.,multiquip.com,B_dealer_channel_size_unconfirmed,power_equipment,Blitz employee-finder US-wide pull 2026-10-02
https://www.linkedin.com/in/catherinepurdie,Catherine Purdie,Catherine,Purdie,Director of Global Marketing Communications,T2_marketing_communications,BE,2024-05-01,CCR Commercial Refrigeration,https://www.linkedin.com/company/ccr-commercial-refrigeration,carrier-refrigeration.com,B_dealer_channel_size_unconfirmed,hvac,Blitz employee-finder UK/EU+US pull 2026-10-02
https://www.linkedin.com/in/val%c3%a9rie-b-37b91479,Valérie B.,Valérie,B.,Director - Marketing and Product management,T3_marketing_leader_fallback,FR,2022-10-01,CCR Commercial Refrigeration,https://www.linkedin.com/company/ccr-commercial-refrigeration,carrier-refrigeration.com,B_dealer_channel_size_unconfirmed,hvac,Blitz employee-finder UK/EU+US pull 2026-10-02
https://www.linkedin.com/in/georges-calvet-26090881,Georges Calvet,Georges,Calvet,Directeur Marketing,T3_marketing_leader_fallback,FR,-,CCR Commercial Refrigeration,https://www.linkedin.com/company/ccr-commercial-refrigeration,carrier-refrigeration.com,B_dealer_channel_size_unconfirmed,hvac,Blitz employee-finder UK/EU+US pull 2026-10-02
https://www.linkedin.com/in/rashone-stafford-bb496b36,RaShone Stafford,RaShone,Stafford,Retail Channel Marketing Manager,T1_channel_dealer_owner,US,2023-03-01,A. O. Smith Corporation,https://www.linkedin.com/company/a-o-smith-corporation,aosmith.com,A_verified_50plus,hvac,Blitz employee-finder US-wide pull 2026-10-02
https://www.linkedin.com/in/jason-leonard-95857a82,Jason Leonard,Jason,Leonard,Senior Channel Marketing Manager,T1_channel_dealer_owner,US,2024-03-01,A. O. Smith Corporation,https://www.linkedin.com/company/a-o-smith-corporation,aosmith.com,A_verified_50plus,hvac,Blitz employee-finder US-wide pull 2026-10-02
https://www.linkedin.com/in/kaeley-goins-90229a15b,Kaeley Goins,Kaeley,Goins,"Marketing Manager, Wholesale Channel",T1_channel_dealer_owner,US,2022-12-01,A. O. Smith Corporation,https://www.linkedin.com/company/a-o-smith-corporation,aosmith.com,A_verified_50plus,hvac,Blitz employee-finder US-wide pull 2026-10-02
https://www.linkedin.com/in/matteo-mingozzi-07910727b,Matteo Mingozzi,Matteo,Mingozzi,Marketing Communications Manager,T2_marketing_communications,IT,2014-03-01,Berco,https://www.linkedin.com/company/berco-undercarriages,thyssenkrupp-berco.com,B_dealer_channel_size_unconfirmed,construction_ag,Blitz employee-finder UK/EU+US pull 2026-10-02
https://www.linkedin.com/in/brandonbreznick,-,-,-,Channel Marketing Manager,T1_channel_dealer_owner,US,2026-02-01,Aiper North America,https://www.linkedin.com/company/aiper-north-america,aiper.com,B_dealer_channel_size_unconfirmed,none,Blitz employee-finder US-wide pull 2026-10-02
https://www.linkedin.com/in/donald-k-44ba252b,Donald K.,Donald,K.,Channel Sales Leader,T2_marketing_communications,US,-,SPX Technologies,https://www.linkedin.com/company/spx-technologies,spx.com,B_dealer_channel_size_unconfirmed,hvac,2026-09-28-leads.csv (Blitz)
https://www.linkedin.com/in/scottbutterfield18,Scott Butterfield,Scott,Butterfield,Vice President Strategic Marketing and Business Development,T3_marketing_leader_fallback,US,2016-01-01,SPX Technologies,https://www.linkedin.com/company/spx-technologies,spx.com,B_dealer_channel_size_unconfirmed,hvac,Blitz employee-finder UK/EU+US pull 2026-10-02
https://www.linkedin.com/in/brandoncongreve,Brandon Congreve,Brandon,Congreve,Director of Dealer/Upfitter Distribution,T2_marketing_communications,US,-,Masterack,https://www.linkedin.com/company/masterack,masterack.com,B_dealer_channel_size_unconfirmed,trucks_bodies,2026-09-28-leads.csv (Blitz)
https://www.linkedin.com/in/michael-klingensmith-1a013259,Michael Klingensmith,Michael,Klingensmith,VP of Sales and Marketing,T3_marketing_leader_fallback,US,2025-10-01,Masterack,https://www.linkedin.com/company/masterack,masterack.com,B_dealer_channel_size_unconfirmed,trucks_bodies,Blitz employee-finder UK/EU+US pull 2026-10-02
https://www.linkedin.com/in/paul-wade-8521124,Paul Wade,Paul,Wade,Dealer Development Manager - Central/West,T1_channel_dealer_owner,US,2026-03-01,Takeuchi,https://www.linkedin.com/company/takeuchi,takeuchi-us.com,B_dealer_channel_size_unconfirmed,construction_ag,Blitz employee-finder UK/EU+US pull 2026-10-02
https://www.linkedin.com/in/jeffrey-ratliff-6715a95,Jeffrey Ratliff,Jeffrey,Ratliff,Director of Sales & Marketing,T3_marketing_leader_fallback,US,2024-10-01,Takeuchi,https://www.linkedin.com/company/takeuchi,takeuchi-us.com,B_dealer_channel_size_unconfirmed,construction_ag,Blitz employee-finder UK/EU+US pull 2026-10-02
https://www.linkedin.com/in/aaron-scheele-1235571,Aaron Scheele,Aaron,Scheele,Distribution Sales and Marketing Manager,T1_channel_dealer_owner,US,2019-10-01,Rain Bird Corporation,https://www.linkedin.com/company/rainbirdcorp,rainbird.com,A_verified_50plus,construction_ag,Blitz employee-finder US-wide pull 2026-10-02
https://www.linkedin.com/in/tiffanyzamora,Tiffany Zamora,Tiffany,Zamora,Channel Marketing Manager,T1_channel_dealer_owner,US,2022-03-01,Rain Bird Corporation,https://www.linkedin.com/company/rainbirdcorp,rainbird.com,A_verified_50plus,construction_ag,Blitz employee-finder US-wide pull 2026-10-02
https://www.linkedin.com/in/alison-schwebach,Alison Schwebach,Alison,Schwebach,Corporate Marketing Communications Manager,T2_marketing_communications,US,2023-02-01,Rain Bird Corporation,https://www.linkedin.com/company/rainbirdcorp,rainbird.com,A_verified_50plus,construction_ag,Blitz employee-finder US-wide pull 2026-10-02
https://www.linkedin.com/in/abwdawson,Andrew Dawson,Andrew,Dawson,Director of Product Management and Marketing,T3_marketing_leader_fallback,US,2024-01-01,Muncie Power Products,https://www.linkedin.com/company/muncie-power-products-inc,munciepower.com,B_dealer_channel_size_unconfirmed,trucks_bodies,Blitz employee-finder UK/EU+US pull 2026-10-02
https://www.linkedin.com/in/george-halleck-609aa819,George Halleck,George,Halleck,VP Marketing,T3_marketing_leader_fallback,US,-,Muncie Power Products,https://www.linkedin.com/company/muncie-power-products-inc,munciepower.com,B_dealer_channel_size_unconfirmed,trucks_bodies,Blitz employee-finder UK/EU+US pull 2026-10-02
https://www.linkedin.com/in/patty-richards-2406a424,Patty Richards,Patty,Richards,"Sales and Brand Manager, AT Distribution",T1_channel_dealer_owner,US,-,Freudenberg Sealing Technologies,https://www.linkedin.com/company/fst,fst.com,B_dealer_channel_size_unconfirmed,flow_hydraulics,Blitz employee-finder UK/EU+US pull 2026-10-02
https://www.linkedin.com/in/ralf-jensen-74b05844,Ralf Jensen,Ralf,Jensen,Senior Marketing Communications Manager,T2_marketing_communications,DE,2018-01-01,Freudenberg Sealing Technologies,https://www.linkedin.com/company/fst,fst.com,B_dealer_channel_size_unconfirmed,flow_hydraulics,Blitz employee-finder UK/EU+US pull 2026-10-02
https://www.linkedin.com/in/kyle-anderson-5b2879301,Kyle Anderson,Kyle,Anderson,Channel Sales Manager,T2_marketing_communications,US,-,Ati Motors,https://www.linkedin.com/company/ati-robotics,atimotors.com,B_dealer_channel_size_unconfirmed,power_equipment,2026-09-28-leads.csv (Blitz)
https://www.linkedin.com/in/jeffjasuta,Jeff Jasuta,Jeff,Jasuta,Senior Channel Marketing Manager,T1_channel_dealer_owner,US,2024-11-01,Weller Tools,https://www.linkedin.com/company/weller-soldering-tools,weller-tools.com,B_dealer_channel_size_unconfirmed,power_equipment,Blitz employee-finder US-wide pull 2026-10-02
https://www.linkedin.com/in/amelia-alvares-3b11a4241,Amelia Alvares,Amelia,Alvares,Director Channel Marketing,T1_channel_dealer_owner,GB,2018-05-01,Weller Tools,https://www.linkedin.com/company/weller-soldering-tools,weller-tools.com,B_dealer_channel_size_unconfirmed,power_equipment,Blitz employee-finder US-wide pull 2026-10-02
https://www.linkedin.com/in/anke-schneewolf-813509107,Anke Schneewolf,Anke,Schneewolf,Senior Global Marketing Communication Manager,T2_marketing_communications,DE,-,Weller Tools,https://www.linkedin.com/company/weller-soldering-tools,weller-tools.com,B_dealer_channel_size_unconfirmed,power_equipment,Blitz employee-finder US-wide pull 2026-10-02
https://www.linkedin.com/in/carlos7aragones,Carlos Aragonés,Carlos,Aragonés,Director Dealer Development,T1_channel_dealer_owner,DE,2024-01-01,John Deere,https://www.linkedin.com/company/john-deere,deere.com,A_verified_50plus,construction_ag,Blitz employee-finder UK/EU+US pull 2026-10-02
https://www.linkedin.com/in/chschleusner,Charles J Schleusner,Charles J,Schleusner,"Manager - Portfolio, Partnering and Business Development @ Precision Upgrades",T1_channel_dealer_owner,US,2023-06-01,John Deere,https://www.linkedin.com/company/john-deere,deere.com,A_verified_50plus,construction_ag,Blitz employee-finder UK/EU+US pull 2026-10-02
https://www.linkedin.com/in/jaremy-flake,Jaremy Flake,Jaremy,Flake,"U.S. Manager, Dealer Development",T1_channel_dealer_owner,US,2020-02-01,John Deere,https://www.linkedin.com/company/john-deere,deere.com,A_verified_50plus,construction_ag,Blitz employee-finder UK/EU+US pull 2026-10-02
https://www.linkedin.com/in/efthymios-stamatis-7a632032,Efthymios Stamatis,Efthymios,Stamatis,Systems and Network Manager,T1_channel_dealer_owner,GR,2022-10-01,Cenergy Holdings,https://www.linkedin.com/company/cenergy-holdings,cenergyholdings.com,B_dealer_channel_size_unconfirmed,flow_hydraulics,Blitz employee-finder UK/EU+US pull 2026-10-02
https://www.linkedin.com/in/samuel-coalson-abb1389,Samuel Coalson,Samuel,Coalson,Director of Marketing,T3_marketing_leader_fallback,US,2020-07-01,Geringhoff Usa,https://www.linkedin.com/company/geringhoffusa,geringhoff.com,A_verified_50plus,construction_ag,Blitz employee-finder UK/EU+US pull 2026-10-02
https://www.linkedin.com/in/todd-brooks-030096123,Todd Brooks,Todd,Brooks,Marketing Communications Manager / Graphic Artist,T2_marketing_communications,US,2019-02-01,"Taylor Machine Works, Inc",https://www.linkedin.com/company/taylor-machine-works-inc.,taylorforklifts.com,B_dealer_channel_size_unconfirmed,material_handling,Blitz employee-finder UK/EU+US pull 2026-10-02
https://www.linkedin.com/in/marco-annuzzi-381b6b7a,Marco Annuzzi,Marco,Annuzzi,Sales Area Manager | Driving Dealer Network Performance & Sustainable Growth | ŠKODA,T1_channel_dealer_owner,IT,2022-11-01,Volkswagen Group Italia S.p.A.,https://www.linkedin.com/company/volkswagen-group-italia,volkswagengroup.it,B_dealer_channel_size_unconfirmed,trucks_bodies,Blitz employee-finder UK/EU+US pull 2026-10-02
https://www.linkedin.com/in/alberto-valentini-47445321,Alberto Valentini,Alberto,Valentini,Volkswagen Italy Network & Business Strategy Director,T1_channel_dealer_owner,IT,2026-01-01,Volkswagen Group Italia S.p.A.,https://www.linkedin.com/company/volkswagen-group-italia,volkswagengroup.it,B_dealer_channel_size_unconfirmed,trucks_bodies,Blitz employee-finder UK/EU+US pull 2026-10-02
https://www.linkedin.com/in/giuseppe-auriemma-1002b6107,Giuseppe Auriemma,Giuseppe,Auriemma,Head of Sales and Network VW LCV,T1_channel_dealer_owner,IT,2025-05-01,Volkswagen Group Italia S.p.A.,https://www.linkedin.com/company/volkswagen-group-italia,volkswagengroup.it,B_dealer_channel_size_unconfirmed,trucks_bodies,Blitz employee-finder UK/EU+US pull 2026-10-02
https://www.linkedin.com/in/brian-ely-3047b3185,Brian Ely,Brian,Ely,VP Sales & Marketing,T3_marketing_leader_fallback,US,-,Bolzoni North America,https://www.linkedin.com/company/bolzoni-auramo-inc,bolzonigroup.com,B_dealer_channel_size_unconfirmed,material_handling,Blitz employee-finder UK/EU+US pull 2026-10-02
https://www.linkedin.com/in/angelaripani,Angela McMahan,Angela,McMahan,Vice President Marketing,T3_marketing_leader_fallback,US,2021-07-01,Festool USA,https://www.linkedin.com/company/festool,festoolusa.com,B_dealer_channel_size_unconfirmed,power_equipment,Blitz employee-finder UK/EU+US pull 2026-10-02
https://www.linkedin.com/in/laura-paschetta,Laura Paschetta,Laura,Paschetta,Marketing Communication and Analysis Manager EMEA & Business Analysis Italy,T2_marketing_communications,IT,2024-10-01,Dayco,https://www.linkedin.com/company/daycoofficial,dayco.com,B_dealer_channel_size_unconfirmed,power_equipment,Blitz employee-finder UK/EU+US pull 2026-10-02
https://www.linkedin.com/in/michael-hatz-298a79211,Michael Hatz,Michael,Hatz,Head of Group Communications & Marketing,T2_marketing_communications,DE,2026-05-01,Motorenfabrik Hatz,https://www.linkedin.com/company/motorenfabrik-hatz-gmbh-&-co-kg,hatz-diesel.com,B_dealer_channel_size_unconfirmed,power_equipment,Blitz employee-finder UK/EU+US pull 2026-10-02
https://www.linkedin.com/in/bernhard-richter-sch%c3%bctzeneder-a1311810b,Bernhard Richter-Schützeneder,Bernhard,Richter-Schützeneder,Director Sales and Marketing,T3_marketing_leader_fallback,DE,2017-01-01,Motorenfabrik Hatz,https://www.linkedin.com/company/motorenfabrik-hatz-gmbh-&-co-kg,hatz-diesel.com,B_dealer_channel_size_unconfirmed,power_equipment,Blitz employee-finder UK/EU+US pull 2026-10-02
https://www.linkedin.com/in/mariagutierrez-azud,María Gutiérrez Sánchez,María,Gutiérrez Sánchez,Marketing & Communication Manager,T2_marketing_communications,ES,2024-03-01,AZUD,https://www.linkedin.com/company/azud,azud.com,B_dealer_channel_size_unconfirmed,construction_ag,Blitz employee-finder UK/EU+US pull 2026-10-02
https://www.linkedin.com/in/carolinamart%c3%adnezgarc%c3%ada,Carolina Martínez García,Carolina,Martínez García,Responsable de Comunicación,T2_marketing_communications,ES,2026-03-01,AZUD,https://www.linkedin.com/company/azud,azud.com,B_dealer_channel_size_unconfirmed,construction_ag,Blitz employee-finder UK/EU+US pull 2026-10-02
https://www.linkedin.com/in/joe-marcolina,Joe Marcolina,Joe,Marcolina,Vice President of Dealer Development,T1_channel_dealer_owner,US,2026-08-01,"Malibu Boats, Inc.",https://www.linkedin.com/company/malibu-boats-inc,malibuboatsinc.com,B_dealer_channel_size_unconfirmed,none,Blitz employee-finder US-wide pull 2026-10-02
https://www.linkedin.com/in/christinwam,Christin Wam,Christin,Wam,"Director of Marketing, Freshwater",T3_marketing_leader_fallback,US,2026-05-01,"Malibu Boats, Inc.",https://www.linkedin.com/company/malibu-boats-inc,malibuboatsinc.com,B_dealer_channel_size_unconfirmed,none,Blitz employee-finder US-wide pull 2026-10-02
https://www.linkedin.com/in/dean-bogner-6a565a37,Dean Bogner,Dean,Bogner,Vice President Sales & Marketing,T3_marketing_leader_fallback,US,1989-01-01,"Webster Industries, Inc",https://www.linkedin.com/company/webster-industries-inc,websterchain.com,B_dealer_channel_size_unconfirmed,material_handling,Blitz employee-finder UK/EU+US pull 2026-10-02
https://www.linkedin.com/in/maddie-mecklenburg,Maddie Hysjulien Mecklenburg,Maddie,Hysjulien Mecklenburg,Dealer Development and Sales Operations Manager,T1_channel_dealer_owner,US,2023-09-01,Zero Motorcycles Inc.,https://www.linkedin.com/company/zeromotorcycles,zeromotorcycles.com,A_verified_50plus,none,Blitz employee-finder US-wide pull 2026-10-02
https://www.linkedin.com/in/arturocarrero,Arturo (Arthur) Carrero,Arturo (Arthur),Carrero,Director of Marketing and Communications EMEA & APAC,T3_marketing_leader_fallback,NL,2019-01-01,Zero Motorcycles Inc.,https://www.linkedin.com/company/zeromotorcycles,zeromotorcycles.com,A_verified_50plus,none,Blitz employee-finder US-wide pull 2026-10-02
https://www.linkedin.com/in/jarnomiddelbosch,Jarno Middelbosch,Jarno,Middelbosch,Senior Director Global Marketing,T3_marketing_leader_fallback,NL,2026-04-01,Zero Motorcycles Inc.,https://www.linkedin.com/company/zeromotorcycles,zeromotorcycles.com,A_verified_50plus,none,Blitz employee-finder US-wide pull 2026-10-02
https://www.linkedin.com/in/katie-raymond,Katie Raymond,Katie,Raymond,Independent Channel Marketing Manager,T1_channel_dealer_owner,US,2010-11-01,Armstrong World Industries,https://www.linkedin.com/company/armstrong-world-industries,armstrongceilings.com,B_dealer_channel_size_unconfirmed,none,Blitz employee-finder US-wide pull 2026-10-02
https://www.linkedin.com/in/eric-anderson-33399a1bb,Eric Anderson,Eric,Anderson,"Manager, Network & Systems Administration",T1_channel_dealer_owner,US,-,Armstrong World Industries,https://www.linkedin.com/company/armstrong-world-industries,armstrongceilings.com,B_dealer_channel_size_unconfirmed,none,Blitz employee-finder US-wide pull 2026-10-02
https://www.linkedin.com/in/jeff-wolfe-marketer,Jeff Wolfe,Jeff,Wolfe,Marketing Communication Manager,T2_marketing_communications,US,2021-01-01,Armstrong World Industries,https://www.linkedin.com/company/armstrong-world-industries,armstrongceilings.com,B_dealer_channel_size_unconfirmed,none,Blitz employee-finder US-wide pull 2026-10-02
https://www.linkedin.com/in/benjamin-klawitter,Benjamin Klawitter,Benjamin,Klawitter,Research And Development Engineer (Co-op),T2_marketing_communications,US,-,Cold Jet,https://www.linkedin.com/company/cold-jet,coldjet.com,B_dealer_channel_size_unconfirmed,power_equipment,2026-09-28-leads.csv (Blitz)
https://www.linkedin.com/in/christianrogiers,Christian E. Rogiers,Christian E.,Rogiers,"Senior Vice President, Global Marketing",T3_marketing_leader_fallback,US,2015-01-01,Cold Jet,https://www.linkedin.com/company/cold-jet,coldjet.com,B_dealer_channel_size_unconfirmed,power_equipment,Blitz employee-finder UK/EU+US pull 2026-10-02
https://www.linkedin.com/in/rachel-yessa-901320a3,Rachel Yessa,Rachel,Yessa,Channel Marketing Manager,T1_channel_dealer_owner,US,2021-08-01,Lippert,https://www.linkedin.com/company/lippert,lippert.com,A_verified_50plus,trailers,Blitz employee-finder UK/EU+US pull 2026-10-02
https://www.linkedin.com/in/wisehaus,Jane Wise,Jane,Wise,Sr. Channel Marketing Manager for Adjacent Markets,T1_channel_dealer_owner,US,-,Lippert,https://www.linkedin.com/company/lippert,lippert.com,A_verified_50plus,trailers,Blitz employee-finder UK/EU+US pull 2026-10-02
https://www.linkedin.com/in/craig-case-45805848,Craig Case,Craig,Case,Network Manager,T1_channel_dealer_owner,US,1994-01-01,Webco Industries,https://www.linkedin.com/company/webcotube,webcotube.com,B_dealer_channel_size_unconfirmed,flow_hydraulics,Blitz employee-finder US-wide pull 2026-10-02
https://www.linkedin.com/in/fosterbriank,Brian Foster,Brian,Foster,"Senior Manager, Network Strategy & Optimization",T1_channel_dealer_owner,US,2026-08-01,Dexter,https://www.linkedin.com/company/dextercompany,dextergroup.com,A_verified_50plus,trucks_trailers_bodies,Blitz employee-finder US-wide pull 2026-10-02
https://www.linkedin.com/in/staceykmiller,Stacey Miller,Stacey,Miller,Director of Marketing,T3_marketing_leader_fallback,US,2021-06-01,Dexter,https://www.linkedin.com/company/dextercompany,dextergroup.com,A_verified_50plus,trucks_trailers_bodies,Blitz employee-finder US-wide pull 2026-10-02
https://www.linkedin.com/in/anthony-niemann-a0533820a,Anthony Niemann,Anthony,Niemann,Director of Distribution Marketing,T1_channel_dealer_owner,US,2024-08-01,Samtec Inc,https://www.linkedin.com/company/samtec-inc,samtec.com,B_dealer_channel_size_unconfirmed,none,Blitz employee-finder US-wide pull 2026-10-02
https://www.linkedin.com/in/erin-king-4226bb49,Erin King,Erin,King,Head of Sales Marketing,T3_marketing_leader_fallback,US,2006-01-01,Samtec Inc,https://www.linkedin.com/company/samtec-inc,samtec.com,B_dealer_channel_size_unconfirmed,none,Blitz employee-finder US-wide pull 2026-10-02
https://www.linkedin.com/in/whitney-beckley-mba-7783258b,"Whitney Beckley, MBA",Whitney,"Beckley, MBA",Director of Digital Marketing,T3_marketing_leader_fallback,US,2024-01-01,Samtec Inc,https://www.linkedin.com/company/samtec-inc,samtec.com,B_dealer_channel_size_unconfirmed,none,Blitz employee-finder US-wide pull 2026-10-02
https://www.linkedin.com/in/deankadiric,Dean K.,Dean,K.,Infrastructure & Network Manager,T1_channel_dealer_owner,US,2026-03-01,Astrodyne TDI,https://www.linkedin.com/company/astrodyne,astrodynetdi.com,B_dealer_channel_size_unconfirmed,none,Blitz employee-finder US-wide pull 2026-10-02
https://www.linkedin.com/in/kellyatkinson,Kelly Atkinson,Kelly,Atkinson,Vice President of Marketing (Power),T3_marketing_leader_fallback,US,2018-05-01,Astrodyne TDI,https://www.linkedin.com/company/astrodyne,astrodynetdi.com,B_dealer_channel_size_unconfirmed,none,Blitz employee-finder US-wide pull 2026-10-02
https://www.linkedin.com/in/mariacruzmunozruiz,Maria Cruz Muñoz-Ruiz,Maria Cruz,Muñoz-Ruiz,Marketing Communications Manager,T2_marketing_communications,US,2022-10-01,Banjo Liquid Handling Products,https://www.linkedin.com/company/banjo-liquid-handling-products,banjocorp.com,B_dealer_channel_size_unconfirmed,flow_hydraulics,Blitz employee-finder UK/EU+US pull 2026-10-02
https://www.linkedin.com/in/felicia-larsson-b2953950,Felicia Larsson,Felicia,Larsson,Global Brand & Communications Director - Interim,T2_marketing_communications,DK,2026-05-01,JBT Marel,https://www.linkedin.com/company/jbtmarel,jbtmarel.com,B_dealer_channel_size_unconfirmed,material_handling,Blitz employee-finder US-wide pull 2026-10-02
https://www.linkedin.com/in/josemallmann,Jose Roberto Mallmann,Jose Roberto,Mallmann,Vice President Sales and Marketing - North and Central America,T3_marketing_leader_fallback,US,2024-02-01,JBT Marel,https://www.linkedin.com/company/jbtmarel,jbtmarel.com,B_dealer_channel_size_unconfirmed,material_handling,Blitz employee-finder US-wide pull 2026-10-02
https://www.linkedin.com/in/ariane-ewers-339974118,Ariane Ewers,Ariane,Ewers,Group Lead Marketing Communications,T2_marketing_communications,DE,-,ARI-Armaturen Albert Richter GmbH & Co. KG,https://www.linkedin.com/company/ari-armaturen,ari-armaturen.com,B_dealer_channel_size_unconfirmed,flow_hydraulics,Blitz employee-finder UK/EU+US pull 2026-10-02
https://www.linkedin.com/in/trey-elledge-6b29528b,Trey Elledge,Trey,Elledge,Vice President of Sales & Marketing,T3_marketing_leader_fallback,US,-,"Kws Manufacturing Co., Llc",https://www.linkedin.com/company/kws-manufacturing-co.-ltd.,kwsmfg.com,B_dealer_channel_size_unconfirmed,material_handling,Blitz employee-finder UK/EU+US pull 2026-10-02
https://www.linkedin.com/in/graham-glander,Graham Glander,Graham,Glander,Vice President Global Sales & Marketing,T3_marketing_leader_fallback,US,2019-01-01,Fill-Rite,https://www.linkedin.com/company/fill-rite,fillrite.com,A_verified_50plus,power_equipment,Blitz employee-finder UK/EU+US pull 2026-10-02
https://www.linkedin.com/in/spencerlulling,Spencer Lulling,Spencer,Lulling,Director of Marketing and E-commerce,T3_marketing_leader_fallback,US,2025-03-01,Fill-Rite,https://www.linkedin.com/company/fill-rite,fillrite.com,A_verified_50plus,power_equipment,Blitz employee-finder UK/EU+US pull 2026-10-02
https://www.linkedin.com/in/kershinihenriksson,Kershini Henriksson,Kershini,Henriksson,"Vice President Marketing, Communications and Brand",T3_marketing_leader_fallback,SE,2025-11-01,Munters,https://www.linkedin.com/company/munters,munters.com,A_verified_50plus,hvac,Blitz employee-finder UK/EU+US pull 2026-10-02
https://www.linkedin.com/in/silviacostaneves,Silvia Costa Neves,Silvia,Costa Neves,VP Strategy and Marketing FoodTech,T3_marketing_leader_fallback,PT,2024-03-01,Munters,https://www.linkedin.com/company/munters,munters.com,A_verified_50plus,hvac,Blitz employee-finder UK/EU+US pull 2026-10-02
https://www.linkedin.com/in/bryan-virnig-4836b421,Bryan Virnig,Bryan,Virnig,Vice President of Sales and Marketing,T3_marketing_leader_fallback,US,2011-05-01,Virnig Manufacturing,https://www.linkedin.com/company/virnig-manufacturing-inc.,virnigmfg.com,A_verified_50plus,construction_ag,Blitz employee-finder UK/EU+US pull 2026-10-02
https://www.linkedin.com/in/nicole-luttenberger-86441a139,Nicole Luttenberger,Nicole,Luttenberger,Strategic Marketing Partner | International Markets,T1_channel_dealer_owner,DE,2026-01-01,Merit Link International AG,https://www.linkedin.com/company/merit-link-international-ag,meritlink.com,B_dealer_channel_size_unconfirmed,power_equipment,Blitz employee-finder UK/EU+US pull 2026-10-02
https://www.linkedin.com/in/ren%c3%a9-klenk-35106714a,René Klenk,René,Klenk,Marketing Manager - Channel Orchestration & Innovation,T1_channel_dealer_owner,DE,2024-01-01,STIHL,https://www.linkedin.com/company/stihl,stihl.de,A_verified_50plus,power_equipment,Blitz employee-finder UK/EU+US pull 2026-10-02
https://www.linkedin.com/in/annemarieschlegel,Annemarie Hüeber,Annemarie,Hüeber,Channel Marketing | Website Content Rollout Manager,T1_channel_dealer_owner,DE,2022-11-01,STIHL,https://www.linkedin.com/company/stihl,stihl.de,A_verified_50plus,power_equipment,Blitz employee-finder UK/EU+US pull 2026-10-02
https://www.linkedin.com/in/vass-l%c3%a1szl%c3%b3-2427bb151,Vass László,Vass,László,Sales and Dealer Development Director,T1_channel_dealer_owner,HU,2025-05-01,STIHL,https://www.linkedin.com/company/stihl,stihl.de,A_verified_50plus,power_equipment,Blitz employee-finder UK/EU+US pull 2026-10-02
https://www.linkedin.com/in/yousuf-bansini-60143336,Yousuf Bansini,Yousuf,Bansini,System And Network Manager,T1_channel_dealer_owner,DE,2025-09-01,Vogelsang GmbH & Co. KG,https://www.linkedin.com/company/vogelsang-gmbh-&-co.-kg,vogelsang.info,B_dealer_channel_size_unconfirmed,flow_hydraulics,Blitz employee-finder UK/EU+US pull 2026-10-02
https://www.linkedin.com/in/dan-fanger-58399790,Dan Fanger,Dan,Fanger,VP Sales and Marketing,T3_marketing_leader_fallback,US,-,"Unverferth Manufacturing Co., Inc.",https://www.linkedin.com/company/unverferth-manufacturing-co.-inc.,unverferth.com,B_dealer_channel_size_unconfirmed,construction_ag,Blitz employee-finder UK/EU+US pull 2026-10-02
https://www.linkedin.com/in/caroline-shaw-96056354,Caroline Shaw,Caroline,Shaw,Channel Marketing Manager,T1_channel_dealer_owner,GB,2025-06-01,Dimplex UK,https://www.linkedin.com/company/dimplexuk,dimplex.co.uk,B_dealer_channel_size_unconfirmed,hvac,Blitz employee-finder UK/EU+US pull 2026-10-02
https://www.linkedin.com/in/dpatrickredland,David Patrick,David,Patrick,Head of Specification Marketing,T3_marketing_leader_fallback,GB,2023-03-01,Dimplex UK,https://www.linkedin.com/company/dimplexuk,dimplex.co.uk,B_dealer_channel_size_unconfirmed,hvac,Blitz employee-finder UK/EU+US pull 2026-10-02
https://www.linkedin.com/in/yulia-gillingham,Yulia Gillingham,Yulia,Gillingham,Head of Marketing,T3_marketing_leader_fallback,GB,2025-04-01,Dimplex UK,https://www.linkedin.com/company/dimplexuk,dimplex.co.uk,B_dealer_channel_size_unconfirmed,hvac,Blitz employee-finder UK/EU+US pull 2026-10-02
https://www.linkedin.com/in/gary-lane-a18b2a57,Gary Lane,Gary,Lane,"Vice President - Marketing, Sales and Customer Support",T3_marketing_leader_fallback,US,2025-07-01,Link-Belt Cranes,https://www.linkedin.com/company/linkbeltcranes,linkbelt.com,B_dealer_channel_size_unconfirmed,construction_ag,Blitz employee-finder UK/EU+US pull 2026-10-02
https://www.linkedin.com/in/winona-rogers-18632959,Winona Rogers,Winona,Rogers,Partner Program Manager,T1_channel_dealer_owner,US,2026-07-01,Bosch Home Comfort USA,https://www.linkedin.com/company/boschhomecomfort-us,bosch-homecomfort.com,B_dealer_channel_size_unconfirmed,hvac,Blitz employee-finder US-wide pull 2026-10-02
https://www.linkedin.com/in/syedshahzer,Syed Shahzer,Syed,Shahzer,Interim Head of Marketing and Training,T3_marketing_leader_fallback,US,2025-06-01,Bosch Home Comfort USA,https://www.linkedin.com/company/boschhomecomfort-us,bosch-homecomfort.com,B_dealer_channel_size_unconfirmed,hvac,Blitz employee-finder US-wide pull 2026-10-02
https://www.linkedin.com/in/ernesto-pavan-62b54533,Ernesto Pavan,Ernesto,Pavan,Responsabile della comunicazione/Communication Manager,T2_marketing_communications,IT,2014-01-01,OMB Saleri S.p.A Società Benefit,https://www.linkedin.com/company/omb-saleri-s-p-a,omb-saleri.it,B_dealer_channel_size_unconfirmed,flow_hydraulics,Blitz employee-finder UK/EU+US pull 2026-10-02
https://www.linkedin.com/in/tom-stachowski-95726024,Tom Stachowski,Tom,Stachowski,Vice President Sales & Marketing,T3_marketing_leader_fallback,US,2023-08-01,"Control Devices, LLC",https://www.linkedin.com/company/control-devices,cdivalve.com,B_dealer_channel_size_unconfirmed,flow_hydraulics,Blitz employee-finder UK/EU+US pull 2026-10-02
https://www.linkedin.com/in/mike-dobler-29571aab,Mike Dobler,Mike,Dobler,Sr. Network Manager,T1_channel_dealer_owner,US,2021-01-01,Bird Technologies,https://www.linkedin.com/company/birdrf,birdrf.com,B_dealer_channel_size_unconfirmed,none,Blitz employee-finder US-wide pull 2026-10-02
https://www.linkedin.com/in/dana-svilar-06668b8,Dana Svilar,Dana,Svilar,"Manager, Marketing Communications",T2_marketing_communications,US,2001-10-01,Bird Technologies,https://www.linkedin.com/company/birdrf,birdrf.com,B_dealer_channel_size_unconfirmed,none,Blitz employee-finder US-wide pull 2026-10-02
https://www.linkedin.com/in/dana-svilar-ba305ab0,Dana Svilar,Dana,Svilar,"Manager, Marketing Communications",T2_marketing_communications,US,-,Bird Technologies,https://www.linkedin.com/company/birdrf,birdrf.com,B_dealer_channel_size_unconfirmed,none,Blitz employee-finder US-wide pull 2026-10-02
https://www.linkedin.com/in/pauline-merz,Pauline MERZ,Pauline,MERZ,Channel Development Manager Eurasia,T1_channel_dealer_owner,FR,2024-01-01,Valley Irrigation - A Valmont Company,https://www.linkedin.com/company/valley-irrigation,valleyirrigation.com,B_dealer_channel_size_unconfirmed,construction_ag,Blitz employee-finder UK/EU+US pull 2026-10-02
https://www.linkedin.com/in/jennifermehaffey,Jennifer Mehaffey,Jennifer,Mehaffey,Marketing Specialist - Dealer & Commercial Engagement,T2_marketing_communications,US,-,Valley Irrigation - A Valmont Company,https://www.linkedin.com/company/valley-irrigation,valleyirrigation.com,B_dealer_channel_size_unconfirmed,construction_ag,2026-09-28-leads.csv (Blitz)
https://www.linkedin.com/in/christopher-anderson-2a3414169,Christopher Anderson,Christopher,Anderson,Product Manager - Dealer Tools,T2_marketing_communications,US,-,Valley Irrigation - A Valmont Company,https://www.linkedin.com/company/valley-irrigation,valleyirrigation.com,B_dealer_channel_size_unconfirmed,construction_ag,2026-09-28-leads.csv (Blitz)
https://www.linkedin.com/in/terkel-hyldgaard-a0b82222,Terkel Hyldgaard,Terkel,Hyldgaard,Network & Technical Director Scandinavia,T1_channel_dealer_owner,DK,2024-01-01,Carrier Transicold Truck Trailer Refrigeration,https://www.linkedin.com/company/carrier-transicold,carriertransicold.com,A_verified_50plus,trucks_bodies,Blitz employee-finder US-wide pull 2026-10-02
https://www.linkedin.com/in/neil-maher-92a30b11a,Neil Maher,Neil,Maher,Network Operations Manager,T1_channel_dealer_owner,GB,2013-06-01,Carrier Transicold Truck Trailer Refrigeration,https://www.linkedin.com/company/carrier-transicold,carriertransicold.com,A_verified_50plus,trucks_bodies,Blitz employee-finder US-wide pull 2026-10-02
https://www.linkedin.com/in/juliecardincomm,Julie Cardin-Moulager,Julie,Cardin-Moulager,"Director, Marketing & Communications EMEA",T2_marketing_communications,FR,2026-03-01,Carrier Transicold Truck Trailer Refrigeration,https://www.linkedin.com/company/carrier-transicold,carriertransicold.com,A_verified_50plus,trucks_bodies,Blitz employee-finder US-wide pull 2026-10-02
https://www.linkedin.com/in/diana-ivanesei-494313b,Diana Ivanesei,Diana,Ivanesei,Head of Network Operations,T1_channel_dealer_owner,RO,2026-04-01,FLSmidth,https://www.linkedin.com/company/flsmidth,flsmidth.eco,B_dealer_channel_size_unconfirmed,construction_ag,Blitz employee-finder UK/EU+US pull 2026-10-02
https://www.linkedin.com/in/ryantlucas,Ryan Lucas,Ryan,Lucas,Senior Marketing & Communications Manager,T2_marketing_communications,US,2023-01-01,FLSmidth,https://www.linkedin.com/company/flsmidth,flsmidth.eco,B_dealer_channel_size_unconfirmed,construction_ag,Blitz employee-finder UK/EU+US pull 2026-10-02
https://www.linkedin.com/in/todd-thomas-0a092874,Todd Thomas,Todd,Thomas,Territory Manager - Channel Sales,T2_marketing_communications,US,-,Ashcroft Inc.,https://www.linkedin.com/company/ashcroft-inc-,ashcroft.com,B_dealer_channel_size_unconfirmed,flow_hydraulics,2026-09-28-leads.csv (Blitz)
https://www.linkedin.com/in/bob-divita-a8459341,Bob DiVita,Bob,DiVita,Director of Channel Sales - North America,T2_marketing_communications,US,-,Ashcroft Inc.,https://www.linkedin.com/company/ashcroft-inc-,ashcroft.com,B_dealer_channel_size_unconfirmed,flow_hydraulics,2026-09-28-leads.csv (Blitz)
https://www.linkedin.com/in/huntcourtney,Courtney Hunt,Courtney,Hunt,"Channel Marketing Manager, Services & Aftermarket",T1_channel_dealer_owner,US,2024-09-01,Ingersoll Rand,https://www.linkedin.com/company/ingersoll-rand,irco.com,B_dealer_channel_size_unconfirmed,power_equipment,Blitz employee-finder UK/EU+US pull 2026-10-02
https://www.linkedin.com/in/celinebasset7,Céline BASSET,Céline,BASSET,"Senior Marketing Manager, Demand Generation; Distribution, CSS EMEIA",T1_channel_dealer_owner,BE,2026-01-01,Ingersoll Rand,https://www.linkedin.com/company/ingersoll-rand,irco.com,B_dealer_channel_size_unconfirmed,power_equipment,Blitz employee-finder UK/EU+US pull 2026-10-02
https://www.linkedin.com/in/adam-baker-28300631,Adam Baker,Adam,Baker,Distribution Development Manager EMEIA,T1_channel_dealer_owner,GB,2024-01-01,Ingersoll Rand,https://www.linkedin.com/company/ingersoll-rand,irco.com,B_dealer_channel_size_unconfirmed,power_equipment,Blitz employee-finder UK/EU+US pull 2026-10-02
https://www.linkedin.com/in/mac-mcgovern-11065475,Mac Mcgovern,Mac,Mcgovern,Director of Marketing & Training,T3_marketing_leader_fallback,US,-,KYB Americas Corporation,https://www.linkedin.com/company/kyb-manufacturing-na-inc.,kyb.com,B_dealer_channel_size_unconfirmed,flow_hydraulics,Prospeo /search-person 2026-10-07
https://www.linkedin.com/in/evanvanderwerker,Evan VanDerwerker,Evan,VanDerwerker,"Senior Director of Marketing, Robotics & Automation",T3_marketing_leader_fallback,US,2025-07-01,Novanta,https://www.linkedin.com/company/novanta-inc,novanta.com,B_dealer_channel_size_unconfirmed,material_handling,Blitz employee-finder UK/EU+US pull 2026-10-02
https://www.linkedin.com/in/seth-kardos-566073a,Seth Kardos,Seth,Kardos,Vice President Global Sales & Marketing MIS,T3_marketing_leader_fallback,US,2020-07-01,Novanta,https://www.linkedin.com/company/novanta-inc,novanta.com,B_dealer_channel_size_unconfirmed,material_handling,Blitz employee-finder UK/EU+US pull 2026-10-02
https://www.linkedin.com/in/meghanharrisonmyers,Meghan Myers,Meghan,Myers,"Director, Global Marketing and Business Development",T3_marketing_leader_fallback,US,2025-06-01,Novanta,https://www.linkedin.com/company/novanta-inc,novanta.com,B_dealer_channel_size_unconfirmed,material_handling,Blitz employee-finder UK/EU+US pull 2026-10-02
https://www.linkedin.com/in/ashley-cochrane1,Ashley Cochrane,Ashley,Cochrane,Associate Channel Marketing Manager,T1_channel_dealer_owner,US,2025-10-01,Viega LLC,https://www.linkedin.com/company/viega-llc,viega.us,B_dealer_channel_size_unconfirmed,hvac,Blitz employee-finder US-wide pull 2026-10-02
https://www.linkedin.com/in/juliamarkiewicz92,Julia Markiewicz,Julia,Markiewicz,Marketing Communication Manager,T2_marketing_communications,NL,2023-03-01,Kverneland Group,https://www.linkedin.com/company/kverneland-group,kvernelandgroup.com,B_dealer_channel_size_unconfirmed,construction_ag,Blitz employee-finder UK/EU+US pull 2026-10-02
https://www.linkedin.com/in/anne-laure-gobert-b8292538,Anne-Laure GOBERT,Anne-Laure,GOBERT,Responsable Marketing & Communication,T2_marketing_communications,FR,2022-09-01,Kverneland Group,https://www.linkedin.com/company/kverneland-group,kvernelandgroup.com,B_dealer_channel_size_unconfirmed,construction_ag,Blitz employee-finder UK/EU+US pull 2026-10-02
https://www.linkedin.com/in/sfriedman,Sandy Friedman,Sandy,Friedman,Digital Marketing & Communications Manager,T2_marketing_communications,US,2021-07-01,Reading Truck,https://www.linkedin.com/company/readingtruck,readingtruck.com,A_verified_50plus,trucks_bodies,Blitz employee-finder UK/EU+US pull 2026-10-02
https://www.linkedin.com/in/efue-ikhioda,Efue (Ef-Way) Ikhioda,Efue (Ef-Way),Ikhioda,Cummins Black Network Program Manager,T1_channel_dealer_owner,US,2021-01-01,Cummins Inc.,https://www.linkedin.com/company/cummins-inc,cummins.com,A_verified_50plus,power_equipment,Blitz employee-finder UK/EU+US pull 2026-10-02
https://www.linkedin.com/in/caroline-njogu,Caroline Njogu,Caroline,Njogu,Channel Development Manager,T1_channel_dealer_owner,US,-,Cummins Inc.,https://www.linkedin.com/company/cummins-inc,cummins.com,A_verified_50plus,power_equipment,Blitz employee-finder UK/EU+US pull 2026-10-02
https://www.linkedin.com/in/john-echavarria-69667037,John Echavarria,John,Echavarria,Global Marine Application Engineering Channel Development Leader,T1_channel_dealer_owner,US,-,Cummins Inc.,https://www.linkedin.com/company/cummins-inc,cummins.com,A_verified_50plus,power_equipment,2026-09-28-leads.csv (Blitz)
https://www.linkedin.com/in/shantal-maharaj,Shantal Maharaj,Shantal,Maharaj,Engineering Co-op Manager,T2_marketing_communications,-,-,Crane Pumps & Systems,https://www.linkedin.com/company/crane-pumps-&-systemss,cranepumps.com,B_dealer_channel_size_unconfirmed,flow_hydraulics,2026-09-28-leads.csv (Blitz)
https://www.linkedin.com/in/katharina-nakarajan,Katharina Nakarajan,Katharina,Nakarajan,Marketing & Communications Manager,T2_marketing_communications,DE,2023-04-01,Lesjöfors Group,https://www.linkedin.com/company/lesjoforsab-group,lesjoforsab.com,B_dealer_channel_size_unconfirmed,material_handling,Blitz employee-finder UK/EU+US pull 2026-10-02
https://www.linkedin.com/in/jimmarkle,Jim Markle,Jim,Markle,Vice President Sales and Marketing,T3_marketing_leader_fallback,US,2016-08-01,Lesjöfors Group,https://www.linkedin.com/company/lesjoforsab-group,lesjoforsab.com,B_dealer_channel_size_unconfirmed,material_handling,Blitz employee-finder UK/EU+US pull 2026-10-02
https://www.linkedin.com/in/sofia-hakansson,Sofia Håkansson,Sofia,Håkansson,Head of Digital Marketing and Internal Communication,T3_marketing_leader_fallback,SE,2024-01-01,Lesjöfors Group,https://www.linkedin.com/company/lesjoforsab-group,lesjoforsab.com,B_dealer_channel_size_unconfirmed,material_handling,Blitz employee-finder UK/EU+US pull 2026-10-02
https://www.linkedin.com/in/joel-knoepfel-32877314b,Joel Knoepfel,Joel,Knoepfel,Distributor Support Manager - Southwest Region,T2_marketing_communications,US,-,Crosby,https://www.linkedin.com/company/thecrosbygroup,kitocrosby.com,B_dealer_channel_size_unconfirmed,flow_hydraulics,2026-09-28-leads.csv (Blitz)
https://www.linkedin.com/in/ed-williams-91a63a7,Ed Williams,Ed,Williams,Distributor Support Manager,T2_marketing_communications,US,-,Crosby,https://www.linkedin.com/company/thecrosbygroup,kitocrosby.com,B_dealer_channel_size_unconfirmed,flow_hydraulics,2026-09-28-leads.csv (Blitz)
https://www.linkedin.com/in/bradsherrard,Brad Sherrard,Brad,Sherrard,Head of Network Sales,T1_channel_dealer_owner,US,2025-11-01,Topcon Positioning Systems,https://www.linkedin.com/company/topcon-construction,topconpositioning.com,B_dealer_channel_size_unconfirmed,construction_ag,Blitz employee-finder US-wide pull 2026-10-02
https://www.linkedin.com/in/julia-kirchner-from-topcon,Julia Kirchner,Julia,Kirchner,Channel Marketing Manager EMEA,T1_channel_dealer_owner,DE,2022-07-01,Topcon Positioning Systems,https://www.linkedin.com/company/topcon-construction,topconpositioning.com,B_dealer_channel_size_unconfirmed,construction_ag,Blitz employee-finder US-wide pull 2026-10-02
https://www.linkedin.com/in/daniel-hand-54a583b,Daniel Hand,Daniel,Hand,Sr. Manager Dealer & Retail Marketing,T1_channel_dealer_owner,US,1995-02-01,Topcon Positioning Systems,https://www.linkedin.com/company/topcon-construction,topconpositioning.com,B_dealer_channel_size_unconfirmed,construction_ag,Blitz employee-finder US-wide pull 2026-10-02
https://www.linkedin.com/in/enrico-berlenghi-9279766,Enrico Berlenghi,Enrico,Berlenghi,Vice President of Sales and Marketing EMEA,T3_marketing_leader_fallback,NL,2026-03-01,Shuttleworth,https://www.linkedin.com/company/shuttleworth-inc,shuttleworth.com,B_dealer_channel_size_unconfirmed,material_handling,Blitz employee-finder UK/EU+US pull 2026-10-02
https://www.linkedin.com/in/eva-susanne-klein-5a971014,Eva Susanne Klein,Eva Susanne,Klein,Head of EMEA Marketing Communication Projects,T2_marketing_communications,DE,2026-01-01,Zehnder Group International AG,https://www.linkedin.com/company/zehnder-group-international-ag,zehndergroup.com,B_dealer_channel_size_unconfirmed,hvac,Blitz employee-finder UK/EU+US pull 2026-10-02
https://www.linkedin.com/in/michael-jansen-mba-smp-8684a2,"Michael Jansen MBA, SMP",Michael,"Jansen MBA, SMP",Director Marketing Ventilation solutions,T3_marketing_leader_fallback,NL,2019-09-01,Zehnder Group International AG,https://www.linkedin.com/company/zehnder-group-international-ag,zehndergroup.com,B_dealer_channel_size_unconfirmed,hvac,Blitz employee-finder UK/EU+US pull 2026-10-02
https://www.linkedin.com/in/danny-ross-b082156b,Danny Ross,Danny,Ross,Channel Development Manager,T1_channel_dealer_owner,US,2025-06-01,Hänel Storage Systems,https://www.linkedin.com/company/hanel-storage-systems,hanel.us,A_verified_50plus,material_handling,Blitz employee-finder UK/EU+US pull 2026-10-02
https://www.linkedin.com/in/russ-cruse-a7b92931,Russ Cruse,Russ,Cruse,Director of Sales and Marketing,T3_marketing_leader_fallback,US,2024-02-01,Hänel Storage Systems,https://www.linkedin.com/company/hanel-storage-systems,hanel.us,A_verified_50plus,material_handling,Blitz employee-finder UK/EU+US pull 2026-10-02
https://www.linkedin.com/in/maixthao,Mai T.,Mai,T.,Marketing Communications Manager,T2_marketing_communications,US,2023-03-01,Rivulis North America,https://www.linkedin.com/company/rivulis-north-america,rivulis.com,B_dealer_channel_size_unconfirmed,construction_ag,Blitz employee-finder US-wide pull 2026-10-02
https://www.linkedin.com/in/carolina-wagner-marketing,Carolina Wagner,Carolina,Wagner,Vice President Marketing,T3_marketing_leader_fallback,US,2026-04-01,Kumho Tire USA,https://www.linkedin.com/company/kumhotireusa,kumhotireusa.com,B_dealer_channel_size_unconfirmed,trucks_bodies,Blitz employee-finder UK/EU+US pull 2026-10-02
https://www.linkedin.com/in/greg%ef%bb%bf%ef%bb%bf-bowman%ef%bb%bf%ef%bb%bf-14313228,Greg Bowman,Greg,Bowman,Dealer Development Manager,T1_channel_dealer_owner,US,2022-06-01,Toyota Material Handling,https://www.linkedin.com/company/toyota-material-handling,toyotaforklift.com,A_verified_50plus,material_handling,Blitz employee-finder UK/EU+US pull 2026-10-02
https://www.linkedin.com/in/mike-parker-2018,Mike Parker,Mike,Parker,Senior Manager - Dealer Development,T1_channel_dealer_owner,US,2020-10-01,Toyota Material Handling,https://www.linkedin.com/company/toyota-material-handling,toyotaforklift.com,A_verified_50plus,material_handling,Blitz employee-finder UK/EU+US pull 2026-10-02
https://www.linkedin.com/in/billbyrd1,Bill Byrd,Bill,Byrd,Director of Dealer Development,T1_channel_dealer_owner,US,-,Toyota Material Handling,https://www.linkedin.com/company/toyota-material-handling,toyotaforklift.com,A_verified_50plus,material_handling,2026-09-28-leads.csv (Blitz)
https://www.linkedin.com/in/todd-leidall-309061b,Todd Leidall,Todd,Leidall,Head of Sales and Marketing,T3_marketing_leader_fallback,US,2022-01-01,"Iowa Mold Tooling Co., Inc.",https://www.linkedin.com/company/iowamoldtooling,imt.com,B_dealer_channel_size_unconfirmed,material_handling,Blitz employee-finder UK/EU+US pull 2026-10-02
https://www.linkedin.com/in/sara-bernardelli,Sara B.,Sara,B.,Corporate Communications & Marketing Manager,T2_marketing_communications,IT,2020-04-01,Duplomatic Motion Solutions,https://www.linkedin.com/company/duplomatic-motion-solutions,duplomaticmotionsolutions.com,B_dealer_channel_size_unconfirmed,flow_hydraulics,Blitz employee-finder UK/EU+US pull 2026-10-02
https://www.linkedin.com/in/angela-greenman-6b862223,Angela Greenman,Angela,Greenman,"Director, Sales and Marketing",T3_marketing_leader_fallback,US,2026-06-01,Tuff Torq Corporation,https://www.linkedin.com/company/tuff-torq,tufftorq.com,B_dealer_channel_size_unconfirmed,power_equipment,Blitz employee-finder UK/EU+US pull 2026-10-02
https://www.linkedin.com/in/gollo-fabio-0215343,Gollo Fabio,Gollo,Fabio,Network & Datacenter Manager,T1_channel_dealer_owner,IT,2025-01-01,Ansaldo Energia,https://www.linkedin.com/company/ansaldo-energia,ansaldoenergia.com,B_dealer_channel_size_unconfirmed,power_equipment,Blitz employee-finder UK/EU+US pull 2026-10-02
https://www.linkedin.com/in/patrick-altmann-902b1b38,Patrick Altmann,Patrick,Altmann,Network Development Manager,T1_channel_dealer_owner,US,2023-04-01,CASE Construction Equipment,https://www.linkedin.com/company/case-construction-equipment,casece.com,A_verified_50plus,construction_ag,Blitz employee-finder US-wide pull 2026-10-02
https://www.linkedin.com/in/cinndra-boutin-941b72181,Cinndra Boutin,Cinndra,Boutin,Responsable Marketing et Communication,T2_marketing_communications,FR,2000-04-01,CASE Construction Equipment,https://www.linkedin.com/company/case-construction-equipment,casece.com,A_verified_50plus,construction_ag,Blitz employee-finder US-wide pull 2026-10-02
https://www.linkedin.com/in/dan-lagamba-69160517,Dan Lagamba,Dan,Lagamba,Network Operations Manager,T1_channel_dealer_owner,US,2024-01-01,"Mitsubishi Electric Power Products, Inc.",https://www.linkedin.com/company/mitsubishi-electric-power-products-inc.,meppi.com,B_dealer_channel_size_unconfirmed,power_equipment,Blitz employee-finder US-wide pull 2026-10-02
https://www.linkedin.com/in/bethezar,"Elizabeth Ezar, MBA",Elizabeth,"Ezar, MBA",Director Corporate Marketing,T3_marketing_leader_fallback,US,2026-01-01,"Mitsubishi Electric Power Products, Inc.",https://www.linkedin.com/company/mitsubishi-electric-power-products-inc.,meppi.com,B_dealer_channel_size_unconfirmed,power_equipment,Blitz employee-finder US-wide pull 2026-10-02
https://www.linkedin.com/in/heatherkieselbach,Heather (Graef) Kieselbach,Heather,(Graef) Kieselbach,Marketing Communications Manager,T2_marketing_communications,US,2025-10-01,Hankook Tire America Corp.,https://www.linkedin.com/company/hankook-tire-america-corp.,hankooktire.com,B_dealer_channel_size_unconfirmed,trucks_bodies,Blitz employee-finder UK/EU+US pull 2026-10-02
https://www.linkedin.com/in/jong-jin-park-0b19a6102,Jong Jin Park,Jong Jin,Park,VP of Marketing,T3_marketing_leader_fallback,US,2019-01-01,Hankook Tire America Corp.,https://www.linkedin.com/company/hankook-tire-america-corp.,hankooktire.com,B_dealer_channel_size_unconfirmed,trucks_bodies,Blitz employee-finder UK/EU+US pull 2026-10-02
https://www.linkedin.com/in/john-tuttle-99930231,John Tuttle,John,Tuttle,Vice President Sales and Marketing,T3_marketing_leader_fallback,US,2022-01-01,Brock Grain Systems,https://www.linkedin.com/company/brockgrain,brockgrain.com,B_dealer_channel_size_unconfirmed,construction_ag,Blitz employee-finder UK/EU+US pull 2026-10-02
https://www.linkedin.com/in/weaver-ryanm,Ryan Weaver,Ryan,Weaver,Director of Marketing,T3_marketing_leader_fallback,US,2025-03-01,Ground Force Worldwide,https://www.linkedin.com/company/ground-force-worldwide,gfworldwide.com,B_dealer_channel_size_unconfirmed,construction_ag,Blitz employee-finder UK/EU+US pull 2026-10-02
https://www.linkedin.com/in/paolananni,Paola Nanni,Paola,Nanni,Head of Marketing & Communication,T2_marketing_communications,IT,2018-03-01,Caprari,https://www.linkedin.com/company/caprari,caprari.com,B_dealer_channel_size_unconfirmed,flow_hydraulics,Blitz employee-finder UK/EU+US pull 2026-10-02
https://www.linkedin.com/in/helenhofmann,Helen Hofmann,Helen,Hofmann,Head of Marketing & Communications,T2_marketing_communications,FI,2024-10-01,IONCOR,https://www.linkedin.com/company/ioncor,ioncor-batteries.com,B_dealer_channel_size_unconfirmed,material_handling,Blitz employee-finder US-wide pull 2026-10-02
https://www.linkedin.com/in/regina-d%c3%bcmig-3a5b791b2,Regina Dümig,Regina,Dümig,Senior Manager Marketing Communications,T2_marketing_communications,DE,2020-06-01,Linde Material Handling Deutschland,https://www.linkedin.com/company/linde-material-handling-deutschland,linde-mh.de,A_verified_50plus,material_handling,Blitz employee-finder UK/EU+US pull 2026-10-02
https://www.linkedin.com/in/scott-rogers-42220710,Scott Rogers,Scott,Rogers,"Vice President Sales, Marketing and Product Management",T3_marketing_leader_fallback,US,2022-09-01,Kolpak Walk-Ins,https://www.linkedin.com/company/kolpakwalkins,kolpak.com,B_dealer_channel_size_unconfirmed,hvac,Blitz employee-finder UK/EU+US pull 2026-10-02
https://www.linkedin.com/in/david-jjackson,David Jackson,David,Jackson,Channel Development Manager,T1_channel_dealer_owner,GB,2024-11-01,LiuGong Europe,https://www.linkedin.com/company/liugongeurope,liugong-europe.com,B_dealer_channel_size_unconfirmed,construction_ag,Blitz employee-finder UK/EU+US pull 2026-10-02
https://www.linkedin.com/in/mike-wiechec-mba-38aa6540,"Mike Wiechec, MBA",Mike,"Wiechec, MBA","Business Development & Distribution Manager, Material Protection",T1_channel_dealer_owner,US,2025-01-01,Arxada,https://www.linkedin.com/company/arxada,arxada.com,B_dealer_channel_size_unconfirmed,flow_hydraulics,Blitz employee-finder UK/EU+US pull 2026-10-02
https://www.linkedin.com/in/carina-bierhoff-7b91b981,Carina Bierhoff,Carina,Bierhoff,"Sales Director KAM, Distribution, Business Development in IMC",T1_channel_dealer_owner,DE,-,Arxada,https://www.linkedin.com/company/arxada,arxada.com,B_dealer_channel_size_unconfirmed,flow_hydraulics,Blitz employee-finder UK/EU+US pull 2026-10-02
https://www.linkedin.com/in/charlie-gins,Charlie Gins,Charlie,Gins,"Integrated MarCom Assoc. Manager, Global",T2_marketing_communications,US,2023-03-01,Arxada,https://www.linkedin.com/company/arxada,arxada.com,B_dealer_channel_size_unconfirmed,flow_hydraulics,Blitz employee-finder UK/EU+US pull 2026-10-02
https://www.linkedin.com/in/nchasan,"Noam Chasan, MBA",Noam,"Chasan, MBA",Director of Channel Marketing,T1_channel_dealer_owner,US,2013-02-01,Dorman Products,https://www.linkedin.com/company/dorman-products,dormanproducts.com,B_dealer_channel_size_unconfirmed,trucks_bodies,Blitz employee-finder UK/EU+US pull 2026-10-02
https://www.linkedin.com/in/brian-ray-58b38b5a,Brian Ray,Brian,Ray,Channel Marketing Manager,T1_channel_dealer_owner,US,2025-10-01,Dorman Products,https://www.linkedin.com/company/dorman-products,dormanproducts.com,B_dealer_channel_size_unconfirmed,trucks_bodies,Blitz employee-finder UK/EU+US pull 2026-10-02
https://www.linkedin.com/in/laura-dipalma,Laura DiPalma,Laura,DiPalma,Channel Marketing Manager,T1_channel_dealer_owner,US,2024-09-01,Dorman Products,https://www.linkedin.com/company/dorman-products,dormanproducts.com,B_dealer_channel_size_unconfirmed,trucks_bodies,Blitz employee-finder UK/EU+US pull 2026-10-02
https://www.linkedin.com/in/roland-crambert-4b2b2576,Roland Crambert,Roland,Crambert,Directeur marketing & communication,T2_marketing_communications,FR,-,LACROIX - Environment,https://www.linkedin.com/company/lacroix-environment,lacroix-environment.fr,B_dealer_channel_size_unconfirmed,none,Blitz employee-finder UK/EU+US pull 2026-10-02
https://www.linkedin.com/in/sonia-contreras-ruiz-de-la-prada-754b2316,Sonia Contreras Ruiz De La Prada,Sonia,Contreras Ruiz De La Prada,Responsable Preventa&Marketing&Admin de LACROIX España - Environment,T3_marketing_leader_fallback,ES,1998-03-01,LACROIX - Environment,https://www.linkedin.com/company/lacroix-environment,lacroix-environment.fr,B_dealer_channel_size_unconfirmed,none,Blitz employee-finder UK/EU+US pull 2026-10-02
https://www.linkedin.com/in/mats-h%c3%b6gberg-b3968749,Mats Högberg,Mats,Högberg,Global Marketing & Communications Manager,T2_marketing_communications,SE,2016-02-01,Östberg Group,https://www.linkedin.com/company/ostberg-americas,ostberg.com,B_dealer_channel_size_unconfirmed,hvac,Blitz employee-finder UK/EU+US pull 2026-10-02
https://www.linkedin.com/in/abiolchino,Andy Biolchino,Andy,Biolchino,Network Systems Manager,T1_channel_dealer_owner,US,1995-12-01,Roland Corporation U.S.,https://www.linkedin.com/company/roland,roland.com,B_dealer_channel_size_unconfirmed,none,Blitz employee-finder US-wide pull 2026-10-02
https://www.linkedin.com/in/keylee-fletcher,Keylee Fletcher,Keylee,Fletcher,Director of Conversion Marketing | Roland Americas,T3_marketing_leader_fallback,US,2024-01-01,Roland Corporation U.S.,https://www.linkedin.com/company/roland,roland.com,B_dealer_channel_size_unconfirmed,none,Blitz employee-finder US-wide pull 2026-10-02
https://www.linkedin.com/in/katherinewing,Katherine Wing,Katherine,Wing,Vice President Marketing,T3_marketing_leader_fallback,US,2022-04-01,Roland Corporation U.S.,https://www.linkedin.com/company/roland,roland.com,B_dealer_channel_size_unconfirmed,none,Blitz employee-finder US-wide pull 2026-10-02
https://www.linkedin.com/in/yasuha-narita-9b6200243,YASUHA NARITA,YASUHA,NARITA,Expat & Development Partner,T1_channel_dealer_owner,IT,2023-01-01,Daikin Applied Europe,https://www.linkedin.com/company/daikin-applied-europe,daikinapplied.eu,B_dealer_channel_size_unconfirmed,hvac,Blitz employee-finder UK/EU+US pull 2026-10-02
https://www.linkedin.com/in/roberto-multineddu-4383b54b,Roberto Multineddu,Roberto,Multineddu,VP Sales Marketing and Service (EMEA Applied Business) MD Daikin Applied Germany GmbH,T3_marketing_leader_fallback,IT,2017-02-01,Daikin Applied Europe,https://www.linkedin.com/company/daikin-applied-europe,daikinapplied.eu,B_dealer_channel_size_unconfirmed,hvac,Blitz employee-finder UK/EU+US pull 2026-10-02
https://www.linkedin.com/in/tim-bogatenko-03aa1827,Tim Bogatenko,Tim,Bogatenko,Distribution Development Manager,T1_channel_dealer_owner,SE,2025-02-01,Komatsu Forest,https://www.linkedin.com/company/komatsu-forest,komatsuforest.com,B_dealer_channel_size_unconfirmed,construction_ag,Blitz employee-finder UK/EU+US pull 2026-10-02
https://www.linkedin.com/in/gr%c3%a9gory-bonte-734276124,Grégory Bonte,Grégory,Bonte,Directeur Réseau Commercial / Sales Network Director,T1_channel_dealer_owner,DE,2026-01-01,Toyota Material Handling France,https://www.linkedin.com/company/toyota-material-handling-france,toyota-forklifts.fr,A_verified_50plus,material_handling,Blitz employee-finder UK/EU+US pull 2026-10-02
https://www.linkedin.com/in/fran%c3%a7ois-paillot-4a043517,François PAILLOT,François,PAILLOT,Responsable Développement Service - Réseau Concessionnaires -,T1_channel_dealer_owner,FR,2013-01-01,Toyota Material Handling France,https://www.linkedin.com/company/toyota-material-handling-france,toyota-forklifts.fr,A_verified_50plus,material_handling,Blitz employee-finder UK/EU+US pull 2026-10-02
https://www.linkedin.com/in/levon-jos%c3%a9-097511114,Levon José,Levon,José,Directeur du développement réseau,T1_channel_dealer_owner,SE,2010-06-01,Toyota Material Handling France,https://www.linkedin.com/company/toyota-material-handling-france,toyota-forklifts.fr,A_verified_50plus,material_handling,Blitz employee-finder UK/EU+US pull 2026-10-02
https://www.linkedin.com/in/travis-holland-8850396b,Travis Holland,Travis,Holland,Channel Sales Manager,T2_marketing_communications,US,-,Mi-T-M Corporation,https://www.linkedin.com/company/mi-t-m-corporation,mitm.com,B_dealer_channel_size_unconfirmed,power_equipment,2026-09-28-leads.csv (Blitz)
https://www.linkedin.com/in/matt-hoefer-49653029,Matt Hoefer,Matt,Hoefer,Director of Channel Sales & Support,T2_marketing_communications,US,-,Mi-T-M Corporation,https://www.linkedin.com/company/mi-t-m-corporation,mitm.com,B_dealer_channel_size_unconfirmed,power_equipment,2026-09-28-leads.csv (Blitz)
https://www.linkedin.com/in/beau-schoenbaechler-44286ab6,Beau Schoenbaechler,Beau,Schoenbaechler,"Channel Sales Manager, Online & Storefront",T2_marketing_communications,US,-,Mi-T-M Corporation,https://www.linkedin.com/company/mi-t-m-corporation,mitm.com,B_dealer_channel_size_unconfirmed,power_equipment,2026-09-28-leads.csv (Blitz)
https://www.linkedin.com/in/brody-day-6714214,Brody Day,Brody,Day,Marketing & Communications Manager,T2_marketing_communications,US,2012-01-01,Bendix Commercial Vehicle Systems LLC,https://www.linkedin.com/company/bendix-commercial-vehicle-systems-llc,bendix.com,A_verified_50plus,trucks_bodies,Blitz employee-finder US-wide pull 2026-10-02
https://www.linkedin.com/in/nicole-oreskovic-8495b12,Nicole Oreskovic,Nicole,Oreskovic,VP Sales & Marketing,T3_marketing_leader_fallback,US,2022-04-01,Bendix Commercial Vehicle Systems LLC,https://www.linkedin.com/company/bendix-commercial-vehicle-systems-llc,bendix.com,A_verified_50plus,trucks_bodies,Blitz employee-finder US-wide pull 2026-10-02
https://www.linkedin.com/in/tj-thomas-1a932b2b,TJ Thomas,TJ,Thomas,"Director, Marketing & Customer Solutions - Controls",T3_marketing_leader_fallback,US,2019-01-01,Bendix Commercial Vehicle Systems LLC,https://www.linkedin.com/company/bendix-commercial-vehicle-systems-llc,bendix.com,A_verified_50plus,trucks_bodies,Blitz employee-finder US-wide pull 2026-10-02
https://www.linkedin.com/in/gilles-capitaine-3a471557,Gilles Capitaine,Gilles,Capitaine,Responsable Marketing & Communication,T2_marketing_communications,FR,2018-09-01,ROLLAND,https://www.linkedin.com/company/rolland-trailer,remorquerolland.com,B_dealer_channel_size_unconfirmed,trailers,Blitz employee-finder UK/EU+US pull 2026-10-02
https://www.linkedin.com/in/eleonora-guanella,Eleonora Guanella,Eleonora,Guanella,Corporate Marketing Communications Manager,T2_marketing_communications,IT,2013-05-01,OLI,https://www.linkedin.com/company/olivibra,olivibra.com,B_dealer_channel_size_unconfirmed,flow_hydraulics,Blitz employee-finder UK/EU+US pull 2026-10-02
https://www.linkedin.com/in/bill-doke,Bill Doke,Bill,Doke,Executive Director Channel sales and Product Support,T2_marketing_communications,US,-,STULZ USA,https://www.linkedin.com/company/stulz-usa,stulz-usa.com,A_verified_50plus,hvac,2026-09-28-leads.csv (Blitz)
https://www.linkedin.com/in/lanegregory,"Lane Gregory, MBA",Lane,"Gregory, MBA",Director of Sales Operations & Marketing,T3_marketing_leader_fallback,US,2024-11-01,STULZ USA,https://www.linkedin.com/company/stulz-usa,stulz-usa.com,A_verified_50plus,hvac,Blitz employee-finder UK/EU+US pull 2026-10-02
https://www.linkedin.com/in/fgentile,Frank Gentile,Frank,Gentile,Regional Network Development Manager,T1_channel_dealer_owner,US,2026-06-01,FPT Industrial,https://www.linkedin.com/company/fpt-industrial,fptindustrial.com,B_dealer_channel_size_unconfirmed,power_equipment,Blitz employee-finder UK/EU+US pull 2026-10-02
https://www.linkedin.com/in/viviana-biasi-b769866,Viviana Biasi,Viviana,Biasi,EMEA & Türkiye Network Development Manager,T1_channel_dealer_owner,IT,2017-12-01,FPT Industrial,https://www.linkedin.com/company/fpt-industrial,fptindustrial.com,B_dealer_channel_size_unconfirmed,power_equipment,Blitz employee-finder UK/EU+US pull 2026-10-02
https://www.linkedin.com/in/chris-marlin-6985b735,Chris Marlin,Chris,Marlin,Network Manager,T1_channel_dealer_owner,US,2025-01-01,J.B. Poindexter & Co,https://www.linkedin.com/company/jbpoindexterco,jbpoindexter.com,B_dealer_channel_size_unconfirmed,trucks_bodies,Blitz employee-finder US-wide pull 2026-10-02
https://www.linkedin.com/in/luca-dalla-vecchia-24a16a11,Luca Dalla Vecchia,Luca,Dalla Vecchia,Responsabile Marketing e Comunicazione,T2_marketing_communications,IT,2018-01-01,Ferroli Group,https://www.linkedin.com/company/ferroli-group,ferroli.com,B_dealer_channel_size_unconfirmed,hvac,Blitz employee-finder UK/EU+US pull 2026-10-02
https://www.linkedin.com/in/veswara,Venkat Eswara,Venkat,Eswara,"Head of Product Management, Strategic Partnerships and Product Marketing",T1_channel_dealer_owner,US,2021-01-01,莫仕股份有限公司,https://www.linkedin.com/company/molex,molex.com,A_verified_50plus,none,Blitz employee-finder US-wide pull 2026-10-02
https://www.linkedin.com/in/giovannifrezza,Giovanni Frezza,Giovanni,Frezza,Director - Network Connected Solutions,T1_channel_dealer_owner,US,2018-01-01,莫仕股份有限公司,https://www.linkedin.com/company/molex,molex.com,A_verified_50plus,none,Blitz employee-finder US-wide pull 2026-10-02
https://www.linkedin.com/in/melissa-gamboa-8119305,Melissa Gamboa,Melissa,Gamboa,Distribution Strategic Marketing Manager -  AME,T1_channel_dealer_owner,US,2024-08-01,莫仕股份有限公司,https://www.linkedin.com/company/molex,molex.com,A_verified_50plus,none,Blitz employee-finder US-wide pull 2026-10-02
https://www.linkedin.com/in/hanna-binford,Hanna Binford,Hanna,Binford,USA Branch Chief Marketing Officer,T3_marketing_leader_fallback,US,2023-09-01,"Ikeuchi Usa, Inc",https://www.linkedin.com/company/ikeuchi-usa-inc-,dry-fog.com,B_dealer_channel_size_unconfirmed,flow_hydraulics,Blitz employee-finder UK/EU+US pull 2026-10-02
https://www.linkedin.com/in/marsha-pozza-b5a05776,Marsha Pozza,Marsha,Pozza,Director of Marketing & Communications,T2_marketing_communications,US,2019-07-01,Volm Companies Inc.,https://www.linkedin.com/company/volm-companies,volmcompanies.com,B_dealer_channel_size_unconfirmed,none,Blitz employee-finder US-wide pull 2026-10-02
https://www.linkedin.com/in/greg-owen-077b8b3,Greg Owen,Greg,Owen,Channel Partner Manager,T2_marketing_communications,US,-,FS-Elliott,https://www.linkedin.com/company/fs-elliott,fs-elliott.com,B_dealer_channel_size_unconfirmed,power_equipment,2026-09-28-leads.csv (Blitz)
https://www.linkedin.com/in/david-imiola-97092227,David Imiola,David,Imiola,Channel Partner Manager,T2_marketing_communications,US,-,FS-Elliott,https://www.linkedin.com/company/fs-elliott,fs-elliott.com,B_dealer_channel_size_unconfirmed,power_equipment,2026-09-28-leads.csv (Blitz)
https://www.linkedin.com/in/eduardo-toledo-045a8691,Eduardo Toledo,Eduardo,Toledo,Channel Partner Engineer and Sales Manager,T2_marketing_communications,US,-,FS-Elliott,https://www.linkedin.com/company/fs-elliott,fs-elliott.com,B_dealer_channel_size_unconfirmed,power_equipment,2026-09-28-leads.csv (Blitz)
https://www.linkedin.com/in/patrickcg,Patrick Gable,Patrick,Gable,Marketing Communications Manager,T2_marketing_communications,US,2025-09-01,DEMA Engineering Company,https://www.linkedin.com/company/dema-engineering-company,demaeng.com,B_dealer_channel_size_unconfirmed,construction_ag,Blitz employee-finder US-wide pull 2026-10-02
https://www.linkedin.com/in/angela-w-31b1656,Angela W.,Angela,W.,Marketing Communications Manager,T2_marketing_communications,US,2019-08-01,DEMA Engineering Company,https://www.linkedin.com/company/dema-engineering-company,demaeng.com,B_dealer_channel_size_unconfirmed,construction_ag,Blitz employee-finder US-wide pull 2026-10-02
https://www.linkedin.com/in/kevin-walgate-13174612,Kevin Walgate,Kevin,Walgate,Global Manager- Channel Development,T1_channel_dealer_owner,US,2023-08-01,Dynabrade Power Tools,https://www.linkedin.com/company/dynabrade,dynabrade.com,B_dealer_channel_size_unconfirmed,power_equipment,Blitz employee-finder UK/EU+US pull 2026-10-02
https://www.linkedin.com/in/dmikesmith,Michael Smith,Michael,Smith,"Manager, Commercialization and Channel Marketing",T1_channel_dealer_owner,US,2024-01-01,Daikin Comfort,https://www.linkedin.com/company/daikin-comfort-technologies,bit.ly,A_verified_50plus,hvac,Blitz employee-finder UK/EU+US pull 2026-10-02
https://www.linkedin.com/in/terrancemba,"Terrance Reed, MBA",Terrance,"Reed, MBA",Senior Manager of Contractor Network Development,T1_channel_dealer_owner,US,2024-01-01,Daikin Comfort,https://www.linkedin.com/company/daikin-comfort-technologies,bit.ly,A_verified_50plus,hvac,Blitz employee-finder UK/EU+US pull 2026-10-02
https://www.linkedin.com/in/bryan-f-a7601518a,Bryan F.,Bryan,F.,National Dealer Development Manager - Daikin Brand,T1_channel_dealer_owner,US,-,Daikin Comfort,https://www.linkedin.com/company/daikin-comfort-technologies,bit.ly,A_verified_50plus,hvac,2026-09-28-leads.csv (Blitz)
https://www.linkedin.com/in/klaus-fonrodona-6843b329,Klaus Fonrodona,Klaus,Fonrodona,Business Development Manager - Distribution,T1_channel_dealer_owner,DE,2023-01-01,RINGFEDER POWER TRANSMISSION,https://www.linkedin.com/company/ringfeder-power-transmission,ringfeder.com,B_dealer_channel_size_unconfirmed,flow_hydraulics,Blitz employee-finder UK/EU+US pull 2026-10-02
https://www.linkedin.com/in/asifibhuiya,Asif Ikbal Bhuiya,Asif Ikbal,Bhuiya,Director Global Marketing and Sales Technology,T3_marketing_leader_fallback,DE,2024-01-01,RINGFEDER POWER TRANSMISSION,https://www.linkedin.com/company/ringfeder-power-transmission,ringfeder.com,B_dealer_channel_size_unconfirmed,flow_hydraulics,Blitz employee-finder UK/EU+US pull 2026-10-02
https://www.linkedin.com/in/carrie-boesiger-1b399541,Carrie Boesiger,Carrie,Boesiger,Marketing Communications Manager,T2_marketing_communications,US,2011-07-01,Carlisle Brake & Friction,https://www.linkedin.com/company/carlisle-brake-&-friction,carlislecbf.com,A_verified_50plus,trucks_bodies,Blitz employee-finder US-wide pull 2026-10-02
https://www.linkedin.com/in/sean-coleman-45536a1,Sean Coleman,Sean,Coleman,"Vice President, Sales and Marketing",T3_marketing_leader_fallback,US,2017-04-01,Carlisle Brake & Friction,https://www.linkedin.com/company/carlisle-brake-&-friction,carlislecbf.com,A_verified_50plus,trucks_bodies,Blitz employee-finder US-wide pull 2026-10-02
https://www.linkedin.com/in/james-marietta-51b3011a,James Marietta,James,Marietta,Director - Americas OE Sales & Marketing,T3_marketing_leader_fallback,US,-,Carlisle Brake & Friction,https://www.linkedin.com/company/carlisle-brake-&-friction,carlislecbf.com,A_verified_50plus,trucks_bodies,Blitz employee-finder US-wide pull 2026-10-02
https://www.linkedin.com/in/joakim-danzer-04865030,Joakim Danzer,Joakim,Danzer,"Network manager, Volkswagen Pc",T1_channel_dealer_owner,SE,2011-10-01,Volkswagen Group Sverige,https://www.linkedin.com/company/volkswagen-group-sverige,vwgroup.se,A_verified_50plus,trucks_bodies,Blitz employee-finder UK/EU+US pull 2026-10-02
https://www.linkedin.com/in/peter-steiner-61721125,Peter Steiner,Peter,Steiner,Manager Dealer Development,T1_channel_dealer_owner,SE,2010-03-01,Volkswagen Group Sverige,https://www.linkedin.com/company/volkswagen-group-sverige,vwgroup.se,A_verified_50plus,trucks_bodies,Blitz employee-finder UK/EU+US pull 2026-10-02
https://www.linkedin.com/in/matt-zuehlke-5b9b7152,Matt Zuehlke,Matt,Zuehlke,Marketing Communications Manager,T2_marketing_communications,US,2025-01-01,Lucas Milhaupt,https://www.linkedin.com/company/lucas-milhaupt,lucasmilhaupt.com,B_dealer_channel_size_unconfirmed,flow_hydraulics,Blitz employee-finder UK/EU+US pull 2026-10-02
https://www.linkedin.com/in/krsomesh,-,-,-,Global Channel Marketing Lead & Branding & Promotion Manager – India,T1_channel_dealer_owner,-,-,Tecumseh,https://www.linkedin.com/company/tecumseh,tecumseh.com,B_dealer_channel_size_unconfirmed,hvac,2026-09-28-leads.csv (Blitz)
https://www.linkedin.com/in/thomasaustinlerner,Tom Lerner,Tom,Lerner,Director of Business Development - Carrier Partnerships,T1_channel_dealer_owner,US,2024-12-01,"ZAGG, Inc.",https://www.linkedin.com/company/zagg-inc-,zagg.com,B_dealer_channel_size_unconfirmed,none,Blitz employee-finder US-wide pull 2026-10-02
https://www.linkedin.com/in/max-joda,Max Joda,Max,Joda,Vice President of Product and Channel Marketing,T1_channel_dealer_owner,US,2025-09-01,"ZAGG, Inc.",https://www.linkedin.com/company/zagg-inc-,zagg.com,B_dealer_channel_size_unconfirmed,none,Blitz employee-finder US-wide pull 2026-10-02
https://www.linkedin.com/in/sabrinaaced,Sabrina Aced,Sabrina,Aced,Channel Marketing Manager,T1_channel_dealer_owner,US,2024-01-01,"ZAGG, Inc.",https://www.linkedin.com/company/zagg-inc-,zagg.com,B_dealer_channel_size_unconfirmed,none,Blitz employee-finder US-wide pull 2026-10-02
https://www.linkedin.com/in/joe-ritter-79b17528,Joe Ritter,Joe,Ritter,"Director - National Field Sales & Channel Development US, Canada & Mexico",T1_channel_dealer_owner,US,2024-12-01,KION North America,https://www.linkedin.com/company/kion-north-america,linde-mh.us,B_dealer_channel_size_unconfirmed,material_handling,Blitz employee-finder UK/EU+US pull 2026-10-02
https://www.linkedin.com/in/sharon-benzenberg-b4768984,Sharon Benzenberg,Sharon,Benzenberg,Dealer Development Coordinator,T2_marketing_communications,US,-,KION North America,https://www.linkedin.com/company/kion-north-america,linde-mh.us,B_dealer_channel_size_unconfirmed,material_handling,2026-09-28-leads.csv (Blitz)
https://www.linkedin.com/in/jessicawynn2,Jessica Wynn,Jessica,Wynn,Global Director of Digital Marketing and eCommerce,T3_marketing_leader_fallback,US,2024-10-01,WAI Global,https://www.linkedin.com/company/waiglobal,waiglobal.com,B_dealer_channel_size_unconfirmed,construction_ag,Blitz employee-finder UK/EU+US pull 2026-10-02
https://www.linkedin.com/in/sarahjosemba,Sarah Jose,Sarah,Jose,Global Director of Brand Marketing,T3_marketing_leader_fallback,US,2025-10-01,WAI Global,https://www.linkedin.com/company/waiglobal,waiglobal.com,B_dealer_channel_size_unconfirmed,construction_ag,Blitz employee-finder UK/EU+US pull 2026-10-02
https://www.linkedin.com/in/bizhan-roozrokh-53791733,Bizhan Roozrokh,Bizhan,Roozrokh,Director of MArketing,T3_marketing_leader_fallback,US,-,WAI Global,https://www.linkedin.com/company/waiglobal,waiglobal.com,B_dealer_channel_size_unconfirmed,construction_ag,Blitz employee-finder UK/EU+US pull 2026-10-02
https://www.linkedin.com/in/danatousova,Dana Tousova,Dana,Tousova,Service Delivery Lead MarCom - The Studio,T2_marketing_communications,CZ,-,Affinia,https://www.linkedin.com/company/affinia,mann-hummel.com,B_dealer_channel_size_unconfirmed,flow_hydraulics,Prospeo /search-person 2026-10-07
https://www.linkedin.com/in/alisa-kastler-79b214167,Alisa Kastler,Alisa,Kastler,Corporate Digital Communications & Marketing Manager | Focus Social Media & Influencer Marketing,T2_marketing_communications,DE,-,Affinia,https://www.linkedin.com/company/affinia,mann-hummel.com,B_dealer_channel_size_unconfirmed,flow_hydraulics,Prospeo /search-person 2026-10-07
https://www.linkedin.com/in/phil-chrisman-60a7291a,Phil Chrisman,Phil,Chrisman,Director of Sales and Marketing,T3_marketing_leader_fallback,US,-,Weiler,https://www.linkedin.com/company/weiler,weilerproducts.com,B_dealer_channel_size_unconfirmed,construction_ag,Blitz employee-finder UK/EU+US pull 2026-10-02
https://www.linkedin.com/in/stephen-king-8200109,Stephen King,Stephen,King,Network Manager,T1_channel_dealer_owner,US,2002-08-01,The Bergquist Company,https://www.linkedin.com/company/the-bergquist-company,bergquistcompany.com,B_dealer_channel_size_unconfirmed,flow_hydraulics,Blitz employee-finder US-wide pull 2026-10-02
https://www.linkedin.com/in/aaroninsel,-,-,-,"Senior Marketing Leader / Manager, Channel Marketing",T1_channel_dealer_owner,-,-,Watts Water Technologies,https://www.linkedin.com/company/wattswater,watts.com,B_dealer_channel_size_unconfirmed,hvac,2026-09-28-leads.csv (Blitz)
https://www.linkedin.com/in/mgaulin,Michael Gaulin,Michael,Gaulin,Marketing Communications Manager - Americas,T2_marketing_communications,US,2011-01-01,Watts Water Technologies,https://www.linkedin.com/company/wattswater,watts.com,B_dealer_channel_size_unconfirmed,hvac,Blitz employee-finder UK/EU+US pull 2026-10-02
https://www.linkedin.com/in/alex-crespo-743369311,Alex Crespo,Alex,Crespo,Research and Development Engineering Co-Op,T2_marketing_communications,US,-,Watts Water Technologies,https://www.linkedin.com/company/wattswater,watts.com,B_dealer_channel_size_unconfirmed,hvac,2026-09-28-leads.csv (Blitz)
https://www.linkedin.com/in/robdehaan30041961,Rob de Haan,Rob,de Haan,Team Leader Business Development Network,T1_channel_dealer_owner,NL,2021-03-01,Stoneridge,https://www.linkedin.com/company/stoneridgeglobal,stoneridge.com,B_dealer_channel_size_unconfirmed,trucks_bodies,Blitz employee-finder UK/EU+US pull 2026-10-02
https://www.linkedin.com/in/matijs-van-moorsel-4196b85b,Matijs van Moorsel,Matijs,van Moorsel,International Senior Partner Network Manager,T1_channel_dealer_owner,NL,2022-01-01,Stoneridge,https://www.linkedin.com/company/stoneridgeglobal,stoneridge.com,B_dealer_channel_size_unconfirmed,trucks_bodies,Blitz employee-finder UK/EU+US pull 2026-10-02
https://www.linkedin.com/in/samanthasimmerson,"Samantha S. Simmerson, MBA",Samantha S.,"Simmerson, MBA","Senior Manager, Global Marketing & Communications",T2_marketing_communications,US,-,Stoneridge,https://www.linkedin.com/company/stoneridgeglobal,stoneridge.com,B_dealer_channel_size_unconfirmed,trucks_bodies,Blitz employee-finder UK/EU+US pull 2026-10-02
https://www.linkedin.com/in/chad-shellenbarger-19120074,Chad Shellenbarger,Chad,Shellenbarger,Network Manager,T1_channel_dealer_owner,US,2025-04-01,"SumiRiko Ohio, Inc.",https://www.linkedin.com/company/sumiriko-ohio,sumiriko.com,B_dealer_channel_size_unconfirmed,flow_hydraulics,Blitz employee-finder US-wide pull 2026-10-02
https://www.linkedin.com/in/dawn-ditzenberger-4b41ab39,Dawn Ditzenberger,Dawn,Ditzenberger,Dealer Development Manager,T1_channel_dealer_owner,US,-,"Kuhn North America, Inc",https://www.linkedin.com/company/kuhn-north-america-inc-,kuhn.com,B_dealer_channel_size_unconfirmed,construction_ag,Prospeo /search-person 2026-10-07
https://www.linkedin.com/in/dawn-ditzenberger-748226121,Dawn Ditzenberger,Dawn,Ditzenberger,Dealer Development Manager,T1_channel_dealer_owner,US,-,"Kuhn North America, Inc",https://www.linkedin.com/company/kuhn-north-america-inc-,kuhn.com,B_dealer_channel_size_unconfirmed,construction_ag,Prospeo /search-person 2026-10-07
https://www.linkedin.com/in/scott-borgwardt-864390192,Scott Borgwardt,Scott,Borgwardt,Marketing Communications Manager,T2_marketing_communications,US,-,"Kuhn North America, Inc",https://www.linkedin.com/company/kuhn-north-america-inc-,kuhn.com,B_dealer_channel_size_unconfirmed,construction_ag,Prospeo /search-person 2026-10-07
https://www.linkedin.com/in/daniela-usenbenz-037a08134,Daniela Usenbenz,Daniela,Usenbenz,Head of Marketing & Communication,T2_marketing_communications,DE,2023-06-01,ERHARD GmbH,https://www.linkedin.com/company/erhard-valves,erhard.de,B_dealer_channel_size_unconfirmed,flow_hydraulics,Blitz employee-finder UK/EU+US pull 2026-10-02
https://www.linkedin.com/in/tomas-bukovic-00877760,Tomas Bukovic,Tomas,Bukovic,Network Operations Manager,T1_channel_dealer_owner,SK,2024-02-01,Dover Corporation,https://www.linkedin.com/company/dovercorp,dovercorporation.com,B_dealer_channel_size_unconfirmed,flow_hydraulics,Blitz employee-finder UK/EU+US pull 2026-10-02
https://www.linkedin.com/in/shelby-veatch,Shelby Veatch,Shelby,Veatch,Marketing & Communications Manager,T2_marketing_communications,US,2023-01-01,Dover Corporation,https://www.linkedin.com/company/dovercorp,dovercorporation.com,B_dealer_channel_size_unconfirmed,flow_hydraulics,Blitz employee-finder UK/EU+US pull 2026-10-02
https://www.linkedin.com/in/martingarrett,Garrett Martin,Garrett,Martin,Senior Manager - Networking,T1_channel_dealer_owner,US,2026-07-01,Oshkosh Corporation,https://www.linkedin.com/company/oshkosh-corporation,oshkoshcorp.com,A_verified_50plus,trucks_bodies,Blitz employee-finder UK/EU+US pull 2026-10-02
https://www.linkedin.com/in/katie-hoxtell-kauzlaric,"Katie Kauzlaric, MBA",Katie,"Kauzlaric, MBA",Director of Marketing & Communications - Oshkosh Vocational Segment,T2_marketing_communications,US,2024-03-01,Oshkosh Corporation,https://www.linkedin.com/company/oshkosh-corporation,oshkoshcorp.com,A_verified_50plus,trucks_bodies,Blitz employee-finder UK/EU+US pull 2026-10-02
https://www.linkedin.com/in/kristin-kelley-45353b12,Kristin Kelley,Kristin,Kelley,Director of Communication and Marketing,T3_marketing_leader_fallback,US,2008-06-01,General Inspection,https://www.linkedin.com/company/general-inspection-llc,geninsp.com,B_dealer_channel_size_unconfirmed,flow_hydraulics,Blitz employee-finder UK/EU+US pull 2026-10-02
https://www.linkedin.com/in/j%c3%b6rg-polz-b86b6193,Jörg Polz,Jörg,Polz,Corporate Development & Partnership Manager,T1_channel_dealer_owner,AT,2025-01-01,SEMPERIT AG,https://www.linkedin.com/company/semperit-ag,semperitgroup.com,B_dealer_channel_size_unconfirmed,flow_hydraulics,Blitz employee-finder UK/EU+US pull 2026-10-02
https://www.linkedin.com/in/anaswaelesmat,Anas Wael Esmat,Anas,Wael Esmat,Global Marketing Communications Manager,T2_marketing_communications,DE,2025-01-01,SEMPERIT AG,https://www.linkedin.com/company/semperit-ag,semperitgroup.com,B_dealer_channel_size_unconfirmed,flow_hydraulics,Blitz employee-finder UK/EU+US pull 2026-10-02
https://www.linkedin.com/in/ricardo-malheiro-7b63225,Ricardo Malheiro,Ricardo,Malheiro,CEO TK Elevator Portugal / Operating Unit Africa / Distributor Management Center Lisbon,T1_channel_dealer_owner,PT,2019-02-01,TK Elevator,https://www.linkedin.com/company/tke-global,tkelevator.com,B_dealer_channel_size_unconfirmed,material_handling,Blitz employee-finder UK/EU+US pull 2026-10-02
https://www.linkedin.com/in/melissa-farrington-redlich-b58b3041,Melissa Farrington-Redlich,Melissa,Farrington-Redlich,"Senior Vice President, Marketing & Communications",T2_marketing_communications,US,2026-06-01,TK Elevator,https://www.linkedin.com/company/tke-global,tkelevator.com,B_dealer_channel_size_unconfirmed,material_handling,Blitz employee-finder UK/EU+US pull 2026-10-02
https://www.linkedin.com/in/laurenguerra,"Lauren Guerra, M.F.A.",Lauren,"Guerra, M.F.A.",Marketing Communication Manager,T2_marketing_communications,US,2025-01-01,"NewAge Industries, Inc.",https://www.linkedin.com/company/newage-industries-advantapure,newageindustries.com,B_dealer_channel_size_unconfirmed,flow_hydraulics,Blitz employee-finder US-wide pull 2026-10-02
https://www.linkedin.com/in/donnaaverell,Donna M. Averell,Donna M.,Averell,"Director of Marketing, Owner ~ NewAge Industries, Inc./AdvantaPure/NewAge Performance Products",T3_marketing_leader_fallback,US,2024-01-01,"NewAge Industries, Inc.",https://www.linkedin.com/company/newage-industries-advantapure,newageindustries.com,B_dealer_channel_size_unconfirmed,flow_hydraulics,Blitz employee-finder US-wide pull 2026-10-02
https://www.linkedin.com/in/christian-willard-80615b107,Christian Willard,Christian,Willard,Distribution Program Manager,T1_channel_dealer_owner,US,2024-10-01,Harris Products Group,https://www.linkedin.com/company/harris_products_group,harrisproductsgroup.com,A_verified_50plus,hvac,Blitz employee-finder UK/EU+US pull 2026-10-02
https://www.linkedin.com/in/matthewstec,Matthew Stec,Matthew,Stec,Channel Sales Marketing Manager,T1_channel_dealer_owner,US,2017-01-01,Diablo Tools,https://www.linkedin.com/company/diablotools,diablotools.com,B_dealer_channel_size_unconfirmed,construction_ag,Blitz employee-finder US-wide pull 2026-10-02
https://www.linkedin.com/in/bonniebomar,Bonnie Bomar,Bonnie,Bomar,"Vice President, Marketing",T3_marketing_leader_fallback,US,2025-06-01,Diablo Tools,https://www.linkedin.com/company/diablotools,diablotools.com,B_dealer_channel_size_unconfirmed,construction_ag,Blitz employee-finder US-wide pull 2026-10-02
https://www.linkedin.com/in/joanne-cummins-ab692220,Joanne Cummins,Joanne,Cummins,Director of Marketing Communications,T2_marketing_communications,US,2011-03-01,Kenall Lighting,https://www.linkedin.com/company/kenall-lighting,kenall.com,B_dealer_channel_size_unconfirmed,none,Blitz employee-finder US-wide pull 2026-10-02
https://www.linkedin.com/in/dan-walter7,Dan Walter,Dan,Walter,Director of Product Management and Marketing,T3_marketing_leader_fallback,US,2025-11-01,Kenall Lighting,https://www.linkedin.com/company/kenall-lighting,kenall.com,B_dealer_channel_size_unconfirmed,none,Blitz employee-finder US-wide pull 2026-10-02
https://www.linkedin.com/in/bill-blackley-63155217,Bill Blackley,Bill,Blackley,Director of Product Marketing,T3_marketing_leader_fallback,US,2013-03-01,Kenall Lighting,https://www.linkedin.com/company/kenall-lighting,kenall.com,B_dealer_channel_size_unconfirmed,none,Blitz employee-finder US-wide pull 2026-10-02
https://www.linkedin.com/in/rodneybednarprofile,Rodney Bednar,Rodney,Bednar,Dealer Development and OEM Support Manager,T1_channel_dealer_owner,US,2025-08-01,"Hatz Americas, Inc",https://www.linkedin.com/company/hatz-america,hatz.com,A_verified_50plus,power_equipment,Blitz employee-finder UK/EU+US pull 2026-10-02
https://www.linkedin.com/in/christopherdelanoval,Christopher De La Noval,Christopher,De La Noval,Sr. Director of Sales Operations & Marketing,T3_marketing_leader_fallback,US,2025-01-01,Irinox Professional North America,https://www.linkedin.com/company/irinoxnorthamerica,irinoxprofessional.com,B_dealer_channel_size_unconfirmed,hvac,Blitz employee-finder UK/EU+US pull 2026-10-02
https://www.linkedin.com/in/montanaripaolo,Paolo Montanari,Paolo,Montanari,Marketing Communication Manager,T2_marketing_communications,IT,2007-04-01,Transtecno Group,https://www.linkedin.com/company/transtecno-group,transtecno.com,B_dealer_channel_size_unconfirmed,flow_hydraulics,Blitz employee-finder UK/EU+US pull 2026-10-02
https://www.linkedin.com/in/stephen-barcuch-a884691,Stephen Barcuch,Stephen,Barcuch,Vice President Sales and Dealer Development,T1_channel_dealer_owner,US,2026-01-01,Kubota Tractor Corporation,https://www.linkedin.com/company/kubota-tractor-corporation,linktr.ee,B_dealer_channel_size_unconfirmed,construction_ag,Blitz employee-finder UK/EU+US pull 2026-10-02
https://www.linkedin.com/in/casey-quigg-6048331,Casey Quigg,Casey,Quigg,Senior Dealer Development Manager,T1_channel_dealer_owner,US,2024-01-01,Kubota Tractor Corporation,https://www.linkedin.com/company/kubota-tractor-corporation,linktr.ee,B_dealer_channel_size_unconfirmed,construction_ag,Blitz employee-finder UK/EU+US pull 2026-10-02
https://www.linkedin.com/in/patricia-gregory-9343b15a,Patricia Gregory,Patricia,Gregory,Communications Team Lead - Network Services,T1_channel_dealer_owner,US,2019-12-01,Kubota Tractor Corporation,https://www.linkedin.com/company/kubota-tractor-corporation,linktr.ee,B_dealer_channel_size_unconfirmed,construction_ag,Blitz employee-finder UK/EU+US pull 2026-10-02
https://www.linkedin.com/in/fran-dendooven-abb98a185,Fran Dendooven,Fran,Dendooven,Marcom Manager,T2_marketing_communications,BE,2024-01-01,Roxell,https://www.linkedin.com/company/roxell,roxell.com,A_verified_50plus,construction_ag,Blitz employee-finder UK/EU+US pull 2026-10-02
https://www.linkedin.com/in/miapappijn,Mia Pappijn,Mia,Pappijn,Marcom Manager,T2_marketing_communications,BE,2025-08-01,Roxell,https://www.linkedin.com/company/roxell,roxell.com,A_verified_50plus,construction_ag,Blitz employee-finder UK/EU+US pull 2026-10-02
https://www.linkedin.com/in/mariahagg,Maria Hägg,Maria,Hägg,"Head of Marketing & Communications, EMEA",T2_marketing_communications,SE,2024-01-01,NIBE,https://www.linkedin.com/company/nibe-ab,nibe.eu,B_dealer_channel_size_unconfirmed,hvac,Blitz employee-finder UK/EU+US pull 2026-10-02
https://www.linkedin.com/in/rileyastone,Riley Stone,Riley,Stone,"Sr. Manager, Partner Development",T1_channel_dealer_owner,US,2026-05-01,Verkada,https://www.linkedin.com/company/verkada,verkada.com,B_dealer_channel_size_unconfirmed,none,Blitz employee-finder US-wide pull 2026-10-02
https://www.linkedin.com/in/adeemcaninch,Adee McAninch,Adee,McAninch,Head of Global Channel Marketing,T1_channel_dealer_owner,US,2023-10-01,Verkada,https://www.linkedin.com/company/verkada,verkada.com,B_dealer_channel_size_unconfirmed,none,Blitz employee-finder US-wide pull 2026-10-02
