linkedin_url,full_name,first_name,last_name,current_title,persona_tier,persona,person_country,role_start_date,company_linkedin_url,company_name,company_set,company_hq_country
https://www.linkedin.com/in/erikstillman,Erik Stillman,Erik,Stillman,"Sr. Manager, Global Network and Systems",1,channel_dealer_partner_program,US,2025-12-01,https://www.linkedin.com/company/a--w--chesterton-company,A.W. Chesterton Company,existing_c10_A,US?
https://www.linkedin.com/in/dean-leahy-11a73265,Dean Leahy,Dean,Leahy,"Manager, Network and Systems",1,channel_dealer_partner_program,US,2021-02-01,https://www.linkedin.com/company/a--w--chesterton-company,A.W. Chesterton Company,existing_c10_A,US?
https://www.linkedin.com/in/gaurav-pattarkine-404b2620,Gaurav Pattarkine,Gaurav,Pattarkine,Director of Marketing And Product Management,3,marketing_leader_fallback,US,2025-06-01,https://www.linkedin.com/company/a--w--chesterton-company,A.W. Chesterton Company,existing_c10_A,US?
https://www.linkedin.com/in/scott-hanewall-a108b616,Scott Hanewall,Scott,Hanewall,VP Sales & Marketing,3,marketing_leader_fallback,US,2019-02-01,https://www.linkedin.com/company/aebi-schmidt-usa,Aebi Schmidt USA,existing_c10_A,US?
https://www.linkedin.com/in/amanda-pickett-75183268,Amanda Pickett,Amanda,Pickett,"Director of Marketing, North America",3,marketing_leader_fallback,US,2024-10-01,https://www.linkedin.com/company/aebi-schmidt-usa,Aebi Schmidt USA,existing_c10_A,US?
https://www.linkedin.com/in/clint-erickson-35669616,Clint Erickson,Clint,Erickson,Director of Strategy and Distribution Development,1,channel_dealer_partner_program,US,-,https://www.linkedin.com/company/agco-corporation,AGCO Corporation,existing_c10_A,US?
https://www.linkedin.com/in/rppatel4,Ruchir Patel,Ruchir,Patel,Vice President Global Dealer Development,1,channel_dealer_partner_program,US,2023-07-01,https://www.linkedin.com/company/agco-corporation,AGCO Corporation,existing_c10_A,US?
https://www.linkedin.com/in/adrianabrenner,Adriana Brenner,Adriana,Brenner,"Program, Transformation and Communication Manager, Global Dealer Success and Performance",1,channel_dealer_partner_program,DE,2024-02-01,https://www.linkedin.com/company/agco-corporation,AGCO Corporation,existing_c10_A,US?
https://www.linkedin.com/in/dustin-patterson-00997313,Dustin Patterson,Dustin,Patterson,"Sr. Director, Distribution Strategy & Dealer Development North America",1,channel_dealer_partner_program,US,2021-08-01,https://www.linkedin.com/company/agco-corporation,AGCO Corporation,existing_c10_A,US?
https://www.linkedin.com/in/valentina-boscato-812778b3,Valentina Boscato,Valentina,Boscato,"Manager, Marketing & Communications, Distribution Management",1,channel_dealer_partner_program,IT,2026-01-01,https://www.linkedin.com/company/agco-corporation,AGCO Corporation,existing_c10_A,US?
https://www.linkedin.com/in/lisarosequinn,Lisa Quinn,Lisa,Quinn,"Manager, Marketing Communications",2,marketing_communications,IE,2002-01-01,https://www.linkedin.com/company/agco-corporation,AGCO Corporation,existing_c10_A,US?
https://www.linkedin.com/in/benjaminmatthies,Benjamin Matthies,Benjamin,Matthies,"Senior Director, Fendt Marketing",3,marketing_leader_fallback,US,2026-01-01,https://www.linkedin.com/company/agco-corporation,AGCO Corporation,existing_c10_A,US?
https://www.linkedin.com/in/nick-farfsing,Nick Farfsing,Nick,Farfsing,"Director, Marketing Fendt North America",3,marketing_leader_fallback,US,2022-12-01,https://www.linkedin.com/company/agco-corporation,AGCO Corporation,existing_c10_A,US?
https://www.linkedin.com/in/c%c3%a9cile-martin-tilmont-0912702,Cécile MARTIN TILMONT,Cécile,MARTIN TILMONT,Responsable Marketing FENDT Western Europe,3,marketing_leader_fallback,FR,2022-07-01,https://www.linkedin.com/company/agco-corporation,AGCO Corporation,existing_c10_A,US?
https://www.linkedin.com/in/joseph-ramirez1,Joseph Ramirez,Joseph,Ramirez,Senior Director of Marketing,3,marketing_leader_fallback,US,2024-09-01,https://www.linkedin.com/company/asc-engineered-solutions,ASC Engineered Solutions,existing_c10_A,US?
https://www.linkedin.com/in/timfox1234,Tim Fox,Tim,Fox,Vice President Marketing,3,marketing_leader_fallback,US,2018-10-01,https://www.linkedin.com/company/asc-engineered-solutions,ASC Engineered Solutions,existing_c10_A,US?
https://www.linkedin.com/in/joelewisnxg,Joe Lewis,Joe,Lewis,Vice President Sales & Marketing,3,marketing_leader_fallback,US,-,https://www.linkedin.com/company/big-tex-trailers,Big Tex Trailers,existing_c10_A,US?
https://www.linkedin.com/in/jodi-hess-9055604,Jodi Hess,Jodi,Hess,Director of Marketing,3,marketing_leader_fallback,US,-,https://www.linkedin.com/company/big-tex-trailers,Big Tex Trailers,existing_c10_A,US?
https://www.linkedin.com/in/tarek-jabban-a65743138,TAREK JABBAN,TAREK,JABBAN,Director of Sales Marketing,3,marketing_leader_fallback,DE,2011-01-01,https://www.linkedin.com/company/caterpillar-inc,Caterpillar Inc.,existing_c10_A,US?
https://www.linkedin.com/in/billy-frank-381a7a7,Billy Frank,Billy,Frank,Vice President Sales & Marketing,3,marketing_leader_fallback,US,2022-07-01,https://www.linkedin.com/company/caterpillar-inc,Caterpillar Inc.,existing_c10_A,US?
https://www.linkedin.com/in/athenacampos,Athena Campos,Athena,Campos,Head of Global Marketing - BCP,3,marketing_leader_fallback,US,2025-11-01,https://www.linkedin.com/company/caterpillar-inc,Caterpillar Inc.,existing_c10_A,US?
https://www.linkedin.com/in/magy-kramer-15612810,Magy Kramer,Magy,Kramer,Senior Director Ecommerce and Digital Marketing,3,marketing_leader_fallback,US,2024-03-01,https://www.linkedin.com/company/caterpillar-inc,Caterpillar Inc.,existing_c10_A,US?
https://www.linkedin.com/in/jaredmiller17,Jared Miller,Jared,Miller,Director of Marketing,3,marketing_leader_fallback,US,2024-01-01,https://www.linkedin.com/company/cleaver-brooks,Cleaver-Brooks,existing_c10_A,US?
https://www.linkedin.com/in/steve-connor-38aa1638,Steve Connor,Steve,Connor,Director Marketing Services,3,marketing_leader_fallback,US,-,https://www.linkedin.com/company/cleaver-brooks,Cleaver-Brooks,existing_c10_A,US?
https://www.linkedin.com/in/efue-ikhioda,Efue (Ef-Way) Ikhioda,Efue (Ef-Way),Ikhioda,Cummins Black Network Program Manager,1,channel_dealer_partner_program,US,2021-01-01,https://www.linkedin.com/company/cummins-inc,Cummins Inc.,existing_c10_A,US?
https://www.linkedin.com/in/caroline-njogu,Caroline Njogu,Caroline,Njogu,Channel Development Manager,1,channel_dealer_partner_program,US,-,https://www.linkedin.com/company/cummins-inc,Cummins Inc.,existing_c10_A,US?
https://www.linkedin.com/in/anuj-shah-30832971,Anuj Shah,Anuj,Shah,Director of Global Marketing & Communications,2,marketing_communications,US,2018-01-01,https://www.linkedin.com/company/cummins-inc,Cummins Inc.,existing_c10_A,US?
https://www.linkedin.com/in/duchessadjei,Duchess A.,Duchess,A.,Head of Global Marketing Communication and Communication -  Components Segment,2,marketing_communications,US,2023-04-01,https://www.linkedin.com/company/cummins-inc,Cummins Inc.,existing_c10_A,US?
https://www.linkedin.com/in/nwojdyla,Nick Wojdyla,Nick,Wojdyla,Director of Digital Marketing and Communications,3,marketing_leader_fallback,US,-,https://www.linkedin.com/company/cummins-inc,Cummins Inc.,existing_c10_A,US?
https://www.linkedin.com/in/matt-franklin-72362711,Matt Franklin,Matt,Franklin,Director - Aftermarket Sales and Marketing,3,marketing_leader_fallback,US,2023-04-01,https://www.linkedin.com/company/cummins-inc,Cummins Inc.,existing_c10_A,US?
https://www.linkedin.com/in/dmikesmith,Michael Smith,Michael,Smith,"Manager, Commercialization and Channel Marketing",1,channel_dealer_partner_program,US,2024-01-01,https://www.linkedin.com/company/daikin-comfort-technologies,Daikin Comfort,existing_c10_A,US?
https://www.linkedin.com/in/terrancemba,"Terrance Reed, MBA",Terrance,"Reed, MBA",Senior Manager of Contractor Network Development,1,channel_dealer_partner_program,US,2024-01-01,https://www.linkedin.com/company/daikin-comfort-technologies,Daikin Comfort,existing_c10_A,US?
https://www.linkedin.com/in/marcbellanger,Marc Bellanger,Marc,Bellanger,Vice President Marketing,3,marketing_leader_fallback,US,2024-05-01,https://www.linkedin.com/company/daikin-comfort-technologies,Daikin Comfort,existing_c10_A,US?
https://www.linkedin.com/in/lee-smith-98963053,Lee Smith,Lee,Smith,Vice President - Strategic Marketing and Environmental Technology Solutions,3,marketing_leader_fallback,US,2023-04-01,https://www.linkedin.com/company/daikin-comfort-technologies,Daikin Comfort,existing_c10_A,US?
https://www.linkedin.com/in/takayuki-inoue-37219b5a,TAKAYUKI INOUE,TAKAYUKI,INOUE,EVP Sales & Marketing,3,marketing_leader_fallback,US,2016-08-01,https://www.linkedin.com/company/daikin-comfort-technologies,Daikin Comfort,existing_c10_A,US?
https://www.linkedin.com/in/king-tong-69a99710,King Tong,King,Tong,Senior Director of Product Marketing,3,marketing_leader_fallback,US,2026-01-01,https://www.linkedin.com/company/daikin-comfort-technologies,Daikin Comfort,existing_c10_A,US?
https://www.linkedin.com/in/connieschroder,Connie Schroder,Connie,Schroder,"Director, Residential Product Marketing",3,marketing_leader_fallback,US,2023-05-01,https://www.linkedin.com/company/daikin-comfort-technologies,Daikin Comfort,existing_c10_A,US?
https://www.linkedin.com/in/steven-pettus,Steven Pettus,Steven,Pettus,Director of Product Management & Marketing,3,marketing_leader_fallback,US,2016-12-01,https://www.linkedin.com/company/daikin-comfort-technologies,Daikin Comfort,existing_c10_A,US?
https://www.linkedin.com/in/analprakhar-ap-sharma-9980b926,Analprakhar (AP) Sharma,Analprakhar (AP),Sharma,Director Product Marketing VRV,3,marketing_leader_fallback,US,2025-07-01,https://www.linkedin.com/company/daikin-comfort-technologies,Daikin Comfort,existing_c10_A,US?
https://www.linkedin.com/in/tanya-steindl-aab945a,Tanya Steindl,Tanya,Steindl,Director of Marketing - Aftermarket Parts,3,marketing_leader_fallback,US,2022-04-01,https://www.linkedin.com/company/daikin-comfort-technologies,Daikin Comfort,existing_c10_A,US?
https://www.linkedin.com/in/alanveteto,Alan Veteto,Alan,Veteto,"VP-Sales & Marketing, USA/Canada",3,marketing_leader_fallback,US,2023-01-01,https://www.linkedin.com/company/delvalflow,DelVal Flow Controls,existing_c10_A,US?
https://www.linkedin.com/in/kenneth-shoff-ba48a5234,Kenneth Shoff,Kenneth,Shoff,Director of S.E. Asia Sales & Marketing,3,marketing_leader_fallback,US,-,https://www.linkedin.com/company/delvalflow,DelVal Flow Controls,existing_c10_A,US?
https://www.linkedin.com/in/morgan-stallings,Morgan Stallings,Morgan,Stallings,Senior Director of Dealer Development and Marketing,1,channel_dealer_partner_program,US,2025-06-01,https://www.linkedin.com/company/develon-northamerica,DEVELON North America,existing_c10_A,US?
https://www.linkedin.com/in/bradhunt23,Brad Hunt,Brad,Hunt,Dealer Development Manager,1,channel_dealer_partner_program,US,2026-02-01,https://www.linkedin.com/company/diamond-c-trailer-mfg.,Diamond C Trailers,existing_c10_A,US?
https://www.linkedin.com/in/luis-benitez-8b7842228,Luis Benitez,Luis,Benitez,Dealer Development Manager,1,channel_dealer_partner_program,US,2024-07-01,https://www.linkedin.com/company/diamond-c-trailer-mfg.,Diamond C Trailers,existing_c10_A,US?
https://www.linkedin.com/in/laurie-provin-b9a02431,Laurie Provin,Laurie,Provin,Vice President Marketing,3,marketing_leader_fallback,US,2025-07-01,https://www.linkedin.com/company/diamond-c-trailer-mfg.,Diamond C Trailers,existing_c10_A,US?
https://www.linkedin.com/in/martin-levy-402a52292,Martin Levy,Martin,Levy,Senior Director Sales and Dealer Development,1,channel_dealer_partner_program,US,-,https://www.linkedin.com/company/environmental-solutions-group,Environmental Solutions Group,existing_c10_A,US?
https://www.linkedin.com/in/john-kollasch-81530824,John Kollasch,John,Kollasch,Vice President of Industrial Refrigeration Marketing,3,marketing_leader_fallback,US,1991-04-01,https://www.linkedin.com/company/evapco,"EVAPCO, Inc.",existing_c10_A,US?
https://www.linkedin.com/in/chadnagle,Chad Nagle,Chad,Nagle,Senior Vice President HVAC IP Sales & Marketing,3,marketing_leader_fallback,US,2021-06-01,https://www.linkedin.com/company/evapco,"EVAPCO, Inc.",existing_c10_A,US?
https://www.linkedin.com/in/jim-nesbitt-00294335,Jim Nesbitt,Jim,Nesbitt,"Sr. Director, Evapcold Marketing",3,marketing_leader_fallback,US,2021-07-01,https://www.linkedin.com/company/evapco,"EVAPCO, Inc.",existing_c10_A,US?
https://www.linkedin.com/in/graham-glander,Graham Glander,Graham,Glander,Vice President Global Sales & Marketing,3,marketing_leader_fallback,US,2019-01-01,https://www.linkedin.com/company/fill-rite,Fill-Rite,existing_c10_A,US?
https://www.linkedin.com/in/spencerlulling,Spencer Lulling,Spencer,Lulling,Director of Marketing and E-commerce,3,marketing_leader_fallback,US,2025-03-01,https://www.linkedin.com/company/fill-rite,Fill-Rite,existing_c10_A,US?
https://www.linkedin.com/in/steve-bloch-63838,Steve Bloch,Steve,Bloch,"Business Development and Partner Manager, Ford Pro",1,channel_dealer_partner_program,US,2022-03-01,https://www.linkedin.com/company/ford-pro,Ford Pro,existing_c10_A,US?
https://www.linkedin.com/in/georgettecardona,Georgette Sakellaris-Cardona,Georgette,Sakellaris-Cardona,Business Development Manager North America - Channel Partnerships,1,channel_dealer_partner_program,US,2023-10-01,https://www.linkedin.com/company/ford-pro,Ford Pro,existing_c10_A,US?
https://www.linkedin.com/in/kevinschad,Kevin Schad,Kevin,Schad,"Senior Manager, Integrated Marketing Communications",2,marketing_communications,US,2024-03-01,https://www.linkedin.com/company/ford-pro,Ford Pro,existing_c10_A,US?
https://www.linkedin.com/in/jasmineslee,Jasmine Lee,Jasmine,Lee,"Manager, Integrated Marketing Communications",2,marketing_communications,US,2025-10-01,https://www.linkedin.com/company/ford-pro,Ford Pro,existing_c10_A,US?
https://www.linkedin.com/in/vince-caramella,Vince Caramella,Vince,Caramella,"Head of Integrated Marketing, North America",3,marketing_leader_fallback,US,2024-01-01,https://www.linkedin.com/company/ford-pro,Ford Pro,existing_c10_A,US?
https://www.linkedin.com/in/miaclement,Mia Kesselring,Mia,Kesselring,Global Head of Product Marketing,3,marketing_leader_fallback,US,2024-07-01,https://www.linkedin.com/company/ford-pro,Ford Pro,existing_c10_A,US?
https://www.linkedin.com/in/nicholas-fonseca,Nick Fonseca,Nick,Fonseca,Director of Marketing Strategy & Intelligence,3,marketing_leader_fallback,US,2025-11-01,https://www.linkedin.com/company/ford-pro,Ford Pro,existing_c10_A,US?
https://www.linkedin.com/in/tim-son-hing-a7735511,Tim Son Hing,Tim,Son Hing,"Director, Ford Pro N.A. Product Marketing",3,marketing_leader_fallback,US,2025-01-01,https://www.linkedin.com/company/ford-pro,Ford Pro,existing_c10_A,US?
https://www.linkedin.com/in/norbert-d%c3%b6ring-831197142,Norbert Döring,Norbert,Döring,Gebietsleiter Marketing & Verkauf Nutzfahrzeuge,3,marketing_leader_fallback,DE,2024-05-01,https://www.linkedin.com/company/ford-pro,Ford Pro,existing_c10_A,US?
https://www.linkedin.com/in/mandy-dean-b6057b52,Mandy Dean,Mandy,Dean,"Director Ford Pro Sales and Marketing, Europe",3,marketing_leader_fallback,GB,2025-10-01,https://www.linkedin.com/company/ford-pro,Ford Pro,existing_c10_A,US?
https://www.linkedin.com/in/samuel-coalson-abb1389,Samuel Coalson,Samuel,Coalson,Director of Marketing,3,marketing_leader_fallback,US,2020-07-01,https://www.linkedin.com/company/geringhoffusa,Geringhoff Usa,existing_c10_A,US?
https://www.linkedin.com/in/christian-willard-80615b107,Christian Willard,Christian,Willard,Distribution Program Manager,1,channel_dealer_partner_program,US,2024-10-01,https://www.linkedin.com/company/harris_products_group,Harris Products Group,existing_c10_A,US?
https://www.linkedin.com/in/rodneybednarprofile,Rodney Bednar,Rodney,Bednar,Dealer Development and OEM Support Manager,1,channel_dealer_partner_program,US,2025-08-01,https://www.linkedin.com/company/hatz-america,"Hatz Americas, Inc",existing_c10_A,US?
https://www.linkedin.com/in/danny-ross-b082156b,Danny Ross,Danny,Ross,Channel Development Manager,1,channel_dealer_partner_program,US,2025-06-01,https://www.linkedin.com/company/hanel-storage-systems,Hänel Storage Systems,existing_c10_A,US?
https://www.linkedin.com/in/russ-cruse-a7b92931,Russ Cruse,Russ,Cruse,Director of Sales and Marketing,3,marketing_leader_fallback,US,2024-02-01,https://www.linkedin.com/company/hanel-storage-systems,Hänel Storage Systems,existing_c10_A,US?
https://www.linkedin.com/in/ed-crawford-636639,'Ed. Crawford,'Ed.,Crawford,"Director, Retail Marketing",3,marketing_leader_fallback,US,1999-01-01,https://www.linkedin.com/company/isuzutrucks,"Isuzu Commercial Truck Of America, Inc",existing_c10_A,US?
https://www.linkedin.com/in/carlos7aragones,Carlos Aragonés,Carlos,Aragonés,Director Dealer Development,1,channel_dealer_partner_program,DE,2024-01-01,https://www.linkedin.com/company/john-deere,John Deere,existing_c10_A,US?
https://www.linkedin.com/in/chschleusner,Charles J Schleusner,Charles J,Schleusner,"Manager - Portfolio, Partnering and Business Development @ Precision Upgrades",1,channel_dealer_partner_program,US,2023-06-01,https://www.linkedin.com/company/john-deere,John Deere,existing_c10_A,US?
https://www.linkedin.com/in/jaremy-flake,Jaremy Flake,Jaremy,Flake,"U.S. Manager, Dealer Development",1,channel_dealer_partner_program,US,2020-02-01,https://www.linkedin.com/company/john-deere,John Deere,existing_c10_A,US?
https://www.linkedin.com/in/bradtolbert,Brad Tolbert,Brad,Tolbert,Region Manager of Dealer Development and B2B,1,channel_dealer_partner_program,US,2024-06-01,https://www.linkedin.com/company/john-deere,John Deere,existing_c10_A,US?
https://www.linkedin.com/in/louann-hausner-9125aba,Louann Hausner,Louann,Hausner,"Global Manager, Marketing Communication",2,marketing_communications,US,2022-07-01,https://www.linkedin.com/company/john-deere,John Deere,existing_c10_A,US?
https://www.linkedin.com/in/stefan-muegge,Stefan Muegge,Stefan,Muegge,Leiter Marketingkommunikation,2,marketing_communications,DE,2005-10-01,https://www.linkedin.com/company/john-deere,John Deere,existing_c10_A,US?
https://www.linkedin.com/in/joseph-liefer-5a927045,Joseph Liefer,Joseph,Liefer,"Director, Marketing Communications & Insights",2,marketing_communications,US,2026-01-01,https://www.linkedin.com/company/john-deere,John Deere,existing_c10_A,US?
https://www.linkedin.com/in/matthias-steiner-24a6a96,Matthias Steiner,Matthias,Steiner,"Director, Marketing & Shared Services R2",3,marketing_leader_fallback,DE,2026-06-01,https://www.linkedin.com/company/john-deere,John Deere,existing_c10_A,US?
https://www.linkedin.com/in/karibarnes,Kari Curtis,Kari,Curtis,Region Dealer Development Manager,1,channel_dealer_partner_program,US,-,https://www.linkedin.com/company/kenworth-truck-co-,Kenworth Truck Co.,existing_c10_A,US?
https://www.linkedin.com/in/kelly-martz-mba-79482936,"Kelly Martz, MBA",Kelly,"Martz, MBA",National Dealer Development Manager,1,channel_dealer_partner_program,US,2023-08-01,https://www.linkedin.com/company/kenworth-truck-co-,Kenworth Truck Co.,existing_c10_A,US?
https://www.linkedin.com/in/kathie-falcone-9a52b4b4,Kathie Falcone,Kathie,Falcone,Director of Dealer Network Development,1,channel_dealer_partner_program,US,2025-05-01,https://www.linkedin.com/company/kenworth-truck-co-,Kenworth Truck Co.,existing_c10_A,US?
https://www.linkedin.com/in/holly-garrison-16a0a216b,Holly Garrison,Holly,Garrison,Regional Dealer Development Manager,1,channel_dealer_partner_program,US,2023-11-01,https://www.linkedin.com/company/kenworth-truck-co-,Kenworth Truck Co.,existing_c10_A,US?
https://www.linkedin.com/in/stacey-hanson-1044919,Stacey Hanson,Stacey,Hanson,Region Dealer Development Manager,1,channel_dealer_partner_program,US,2022-02-01,https://www.linkedin.com/company/kenworth-truck-co-,Kenworth Truck Co.,existing_c10_A,US?
https://www.linkedin.com/in/greg-poole-83b870186,Greg Poole,Greg,Poole,Regional Dealer Development Manager,1,channel_dealer_partner_program,US,1988-03-01,https://www.linkedin.com/company/kenworth-truck-co-,Kenworth Truck Co.,existing_c10_A,US?
https://www.linkedin.com/in/sarah-abernethy-1669716b,Sarah Abernethy,Sarah,Abernethy,Director of Marketing Communications,2,marketing_communications,US,2025-01-01,https://www.linkedin.com/company/kenworth-truck-co-,Kenworth Truck Co.,existing_c10_A,US?
https://www.linkedin.com/in/jamin-swazo-20651892,Jamin Swazo,Jamin,Swazo,Director of Marketing Communications,2,marketing_communications,US,2019-01-01,https://www.linkedin.com/company/kenworth-truck-co-,Kenworth Truck Co.,existing_c10_A,US?
https://www.linkedin.com/in/kyle-kimball-3a999513,Kyle Kimball,Kyle,Kimball,Director of Marketing,3,marketing_leader_fallback,US,2023-01-01,https://www.linkedin.com/company/kenworth-truck-co-,Kenworth Truck Co.,existing_c10_A,US?
https://www.linkedin.com/in/annie-modi,"Annie Singh, MBA",Annie,"Singh, MBA","Marketing Manager, Distribution",1,channel_dealer_partner_program,US,2024-02-01,https://www.linkedin.com/company/komatsunorthamerica,Komatsu America Corporation,existing_c10_A,US?
https://www.linkedin.com/in/john-deluca-ab276614,John DeLuca,John,DeLuca,"Director, Distributor Development",1,channel_dealer_partner_program,US,2006-02-01,https://www.linkedin.com/company/komatsunorthamerica,Komatsu America Corporation,existing_c10_A,US?
https://www.linkedin.com/in/mike-hayes-70aa5219,Mike Hayes,Mike,Hayes,Director Service Marketing & Distributor Development,1,channel_dealer_partner_program,US,2011-04-01,https://www.linkedin.com/company/komatsunorthamerica,Komatsu America Corporation,existing_c10_A,US?
https://www.linkedin.com/in/bill-elverman-7626825,Bill Elverman,Bill,Elverman,Director of Marketing Communications,2,marketing_communications,US,2025-10-01,https://www.linkedin.com/company/komatsunorthamerica,Komatsu America Corporation,existing_c10_A,US?
https://www.linkedin.com/in/chris-wasik-736a203,Chris Wasik,Chris,Wasik,"Director of Marketing, Parts",3,marketing_leader_fallback,US,2018-04-01,https://www.linkedin.com/company/komatsunorthamerica,Komatsu America Corporation,existing_c10_A,US?
https://www.linkedin.com/in/daniel-j-rogala-13392220,Daniel J Rogala,Daniel J,Rogala,Director Marketing Administration,3,marketing_leader_fallback,US,2024-04-01,https://www.linkedin.com/company/komatsunorthamerica,Komatsu America Corporation,existing_c10_A,US?
https://www.linkedin.com/in/bruce-bowman-61a12113,Bruce Bowman,Bruce,Bowman,Director Parts Sales & Marketing,3,marketing_leader_fallback,US,1986-01-01,https://www.linkedin.com/company/komatsunorthamerica,Komatsu America Corporation,existing_c10_A,US?
https://www.linkedin.com/in/dthrush-thrush-3584583b,DThrush Thrush,DThrush,Thrush,Director Parts Sales and Marketing,3,marketing_leader_fallback,US,-,https://www.linkedin.com/company/komatsunorthamerica,Komatsu America Corporation,existing_c10_A,US?
https://www.linkedin.com/in/ron-crawford-358a9b79,Ron Crawford,Ron,Crawford,Director Mining Product Marketing and Planning,3,marketing_leader_fallback,US,2014-01-01,https://www.linkedin.com/company/komatsunorthamerica,Komatsu America Corporation,existing_c10_A,US?
https://www.linkedin.com/in/peter-robson-b0811411,Peter Robson,Peter,Robson,Director of Product Marketing,3,marketing_leader_fallback,US,2008-01-01,https://www.linkedin.com/company/komatsunorthamerica,Komatsu America Corporation,existing_c10_A,US?
https://www.linkedin.com/in/ansley-kozarec-787652225,Ansley Kozarec,Ansley,Kozarec,Associate Marketing Communications Manager,2,marketing_communications,US,2025-09-01,https://www.linkedin.com/company/kyocera-senco-industrial-tools,KYOCERA SENCO Industrial Tools,existing_c10_A,US?
https://www.linkedin.com/in/eric-habermehl-8662457a,Eric Habermehl,Eric,Habermehl,Director of Brand Marketing & Communications,2,marketing_communications,US,2025-01-01,https://www.linkedin.com/company/kyocera-senco-industrial-tools,KYOCERA SENCO Industrial Tools,existing_c10_A,US?
https://www.linkedin.com/in/tom-hodson-694023b,Tom Hodson,Tom,Hodson,Vice President Marketing & Sales,3,marketing_leader_fallback,US,2024-05-01,https://www.linkedin.com/company/kyocera-senco-industrial-tools,KYOCERA SENCO Industrial Tools,existing_c10_A,US?
https://www.linkedin.com/in/dee-warren-702a295,Dee Warren,Dee,Warren,Vice President Marketing & Internal Operations,3,marketing_leader_fallback,US,-,https://www.linkedin.com/company/land-pride,Land Pride,existing_c10_A,US?
https://www.linkedin.com/in/shea-hallenberg-7416255,Shea Hallenberg,Shea,Hallenberg,Director of Global Marketing,3,marketing_leader_fallback,US,2016-05-01,https://www.linkedin.com/company/lantech,Lantech,existing_c10_A,US?
https://www.linkedin.com/in/rachel-yessa-901320a3,Rachel Yessa,Rachel,Yessa,Channel Marketing Manager,1,channel_dealer_partner_program,US,2021-08-01,https://www.linkedin.com/company/lippert,Lippert,existing_c10_A,US?
https://www.linkedin.com/in/wisehaus,Jane Wise,Jane,Wise,Sr. Channel Marketing Manager for Adjacent Markets,1,channel_dealer_partner_program,US,-,https://www.linkedin.com/company/lippert,Lippert,existing_c10_A,US?
https://www.linkedin.com/in/jarod-lippert-84788310,Jarod Lippert,Jarod,Lippert,Chief Marketing Officer,3,marketing_leader_fallback,US,2023-01-01,https://www.linkedin.com/company/lippert,Lippert,existing_c10_A,US?
https://www.linkedin.com/in/michaelgrupchock,Michael Rupchock,Michael,Rupchock,VP of Marketing - Aftermarket,3,marketing_leader_fallback,US,-,https://www.linkedin.com/company/lippert,Lippert,existing_c10_A,US?
https://www.linkedin.com/in/hannahturner4,Hannah Corn,Hannah,Corn,VP of Marketing,3,marketing_leader_fallback,US,2025-11-01,https://www.linkedin.com/company/lippert,Lippert,existing_c10_A,US?
https://www.linkedin.com/in/melissahfarmer,Melissa Farmer,Melissa,Farmer,Director Of Marketing,3,marketing_leader_fallback,US,2023-09-01,https://www.linkedin.com/company/lippert,Lippert,existing_c10_A,US?
https://www.linkedin.com/in/kristifeeney,Kristi Feeney,Kristi,Feeney,"Director of Marketing, Aftermarket Automotive",3,marketing_leader_fallback,US,2023-11-01,https://www.linkedin.com/company/lippert,Lippert,existing_c10_A,US?
https://www.linkedin.com/in/josephripienski,Joseph Ripienski,Joseph,Ripienski,Senior Director of Marketing Shared Services,3,marketing_leader_fallback,US,2023-11-01,https://www.linkedin.com/company/lippert,Lippert,existing_c10_A,US?
https://www.linkedin.com/in/michael-lahti-78010535,Michael Lahti,Michael,Lahti,"Vice President - Sales, Marketing and Business Development",3,marketing_leader_fallback,US,2015-05-01,https://www.linkedin.com/company/lochinvar-corporation,"Lochinvar, LLC",existing_c10_A,US?
https://www.linkedin.com/in/paul-lancaster-70793367,Paul Lancaster,Paul,Lancaster,Network Operations Manager,1,channel_dealer_partner_program,US,2019-12-01,https://www.linkedin.com/company/logisnext-americas,Logisnext Americas Inc.,existing_c10_A,US?
https://www.linkedin.com/in/anthony-bonadio-834554210,Anthony Bonadio,Anthony,Bonadio,Director of Marketing Technologies,3,marketing_leader_fallback,US,2015-10-01,https://www.linkedin.com/company/mac-valves-inc.,Mac Valves Inc,existing_c10_A,US?
https://www.linkedin.com/in/martingarrett,Garrett Martin,Garrett,Martin,Senior Manager - Networking,1,channel_dealer_partner_program,US,2026-07-01,https://www.linkedin.com/company/oshkosh-corporation,Oshkosh Corporation,existing_c10_A,US?
https://www.linkedin.com/in/katie-hoxtell-kauzlaric,"Katie Kauzlaric, MBA",Katie,"Kauzlaric, MBA",Director of Marketing & Communications - Oshkosh Vocational Segment,2,marketing_communications,US,2024-03-01,https://www.linkedin.com/company/oshkosh-corporation,Oshkosh Corporation,existing_c10_A,US?
https://www.linkedin.com/in/lisa-barwick-a23141b,Lisa Barwick,Lisa,Barwick,VP of Marketing at Oshkosh Corporation - Vocational Segment,3,marketing_leader_fallback,US,2023-02-01,https://www.linkedin.com/company/oshkosh-corporation,Oshkosh Corporation,existing_c10_A,US?
https://www.linkedin.com/in/bryan-brandt-31a03817,Bryan Brandt,Bryan,Brandt,"Senior Vice President, Chief Marketing Officer",3,marketing_leader_fallback,US,2018-09-01,https://www.linkedin.com/company/oshkosh-corporation,Oshkosh Corporation,existing_c10_A,US?
https://www.linkedin.com/in/jeffrey-dewitt-673862145,Jeffrey DeWitt,Jeffrey,DeWitt,Director Of Sales Marketing,3,marketing_leader_fallback,US,-,https://www.linkedin.com/company/peer-bearing,Peer Bearing,existing_c10_A,US?
https://www.linkedin.com/in/sfriedman,Sandy Friedman,Sandy,Friedman,Digital Marketing & Communications Manager,2,marketing_communications,US,2021-07-01,https://www.linkedin.com/company/readingtruck,Reading Truck,existing_c10_A,US?
https://www.linkedin.com/in/madonnatcourtney,Madonna T. Courtney,Madonna T.,Courtney,Vice President of Marketing,3,marketing_leader_fallback,US,2023-10-01,https://www.linkedin.com/company/reznorhvac,Reznor Llc,existing_c10_A,US?
https://www.linkedin.com/in/anna-sarvello-22298079,Anna Sarvello,Anna,Sarvello,"Senior Director, Strategy and Marketing",3,marketing_leader_fallback,US,2025-04-01,https://www.linkedin.com/company/reznorhvac,Reznor Llc,existing_c10_A,US?
https://www.linkedin.com/in/scott-hilt-2bab9726,Scott Hilt,Scott,Hilt,Vice President Global Marketing,3,marketing_leader_fallback,US,2023-07-01,https://www.linkedin.com/company/ross-controls,ROSS CONTROLS,existing_c10_A,US?
https://www.linkedin.com/in/sabine-ramsay-703a81aa,Sabine Ramsay,Sabine,Ramsay,Marketing Communications Manager,2,marketing_communications,US,-,https://www.linkedin.com/company/schmalz-usa,Schmalz Inc.,existing_c10_A,US?
https://www.linkedin.com/in/john-h-1a772b6,John H.,John,H.,Director of Marketing,3,marketing_leader_fallback,US,2012-02-01,https://www.linkedin.com/company/smc,SMC Corporation of America,existing_c10_A,US?
https://www.linkedin.com/in/grzegorz-welke-61a34a273,Grzegorz Welke,Grzegorz,Welke,Head of Sales & Marketing Poland,3,marketing_leader_fallback,PL,2023-10-01,https://www.linkedin.com/company/smc,SMC Corporation of America,existing_c10_A,US?
https://www.linkedin.com/in/brian-manke-64a85a1,Brian Manke,Brian,Manke,Dealer Development Manager,1,channel_dealer_partner_program,US,-,https://www.linkedin.com/company/stihl-usa,STIHL USA,existing_c10_A,US?
https://www.linkedin.com/in/mike-parslow-1760387a,Mike Parslow,Mike,Parslow,Dealer Development Manager,1,channel_dealer_partner_program,GB,-,https://www.linkedin.com/company/stihl-usa,STIHL USA,existing_c10_A,US?
https://www.linkedin.com/in/ejbledsoe,Erik Bledsoe,Erik,Bledsoe,"Director, Digital Marketing",3,marketing_leader_fallback,US,2025-07-01,https://www.linkedin.com/company/stihl-usa,STIHL USA,existing_c10_A,US?
https://www.linkedin.com/in/burton-peter-48705724,Burton Peter,Burton,Peter,VP Sales & Marketing,3,marketing_leader_fallback,US,-,https://www.linkedin.com/company/stihl-usa,STIHL USA,existing_c10_A,US?
https://www.linkedin.com/in/lanegregory,"Lane Gregory, MBA",Lane,"Gregory, MBA",Director of Sales Operations & Marketing,3,marketing_leader_fallback,US,2024-11-01,https://www.linkedin.com/company/stulz-usa,STULZ USA,existing_c10_A,US?
https://www.linkedin.com/in/lyndsie-daikhi-mba-8b811838,"Lyndsie Daikhi, MBA",Lyndsie,"Daikhi, MBA","Business Development Manager, Dealer Development",1,channel_dealer_partner_program,US,2024-07-01,https://www.linkedin.com/company/sullair-llc,Sullair,existing_c10_A,US?
https://www.linkedin.com/in/erica-geske-3a261216,Erica Geske,Erica,Geske,Senior Marketing Communications Manager,2,marketing_communications,US,2021-04-01,https://www.linkedin.com/company/sullair-llc,Sullair,existing_c10_A,US?
https://www.linkedin.com/in/davidandrewsgurnee,David Andrews,David,Andrews,"Vice President, Global Marketing and Communications",3,marketing_leader_fallback,US,2020-06-01,https://www.linkedin.com/company/sullair-llc,Sullair,existing_c10_A,US?
https://www.linkedin.com/in/raymondpietramale,Raymond Pietramale,Raymond,Pietramale,Director of Marketing and Brand Manager,3,marketing_leader_fallback,US,2010-10-01,https://www.linkedin.com/company/terrasource-global,TerraSource Global,existing_c10_A,US?
https://www.linkedin.com/in/daniel-o-brien-cse-a30aa511,"Daniel O'Brien, CSE",Daniel,"O'Brien, CSE",General Manager - Commercial Equipment Division & Distributor Development,1,channel_dealer_partner_program,US,2025-12-01,https://www.linkedin.com/company/the-toro-company,The Toro Company,existing_c10_A,US?
https://www.linkedin.com/in/marc-hoffman-9149141,Marc Hoffman,Marc,Hoffman,Sr. Channel Development Manager,1,channel_dealer_partner_program,US,2018-01-01,https://www.linkedin.com/company/the-toro-company,The Toro Company,existing_c10_A,US?
https://www.linkedin.com/in/monicabringle28,Monica Bringle,Monica,Bringle,Senior Manager - Distributor Development,1,channel_dealer_partner_program,US,2021-06-01,https://www.linkedin.com/company/the-toro-company,The Toro Company,existing_c10_A,US?
https://www.linkedin.com/in/amber-lee-mba-9ba93a32,Amber Lee,Amber,Lee,Dealer Development Manager,1,channel_dealer_partner_program,US,2026-03-01,https://www.linkedin.com/company/the-toro-company,The Toro Company,existing_c10_A,US?
https://www.linkedin.com/in/annemarie-white-4394b5159,Annemarie White,Annemarie,White,Associate Marketing Manager - Golf & Channel,1,channel_dealer_partner_program,US,2025-07-01,https://www.linkedin.com/company/the-toro-company,The Toro Company,existing_c10_A,US?
https://www.linkedin.com/in/trina-o-brien-lundblad-2077054,Trina (O'Brien) Lundblad,Trina,(O'Brien) Lundblad,Head of Marketing Communications and Operations for Toro RLC,2,marketing_communications,US,2021-05-01,https://www.linkedin.com/company/the-toro-company,The Toro Company,existing_c10_A,US?
https://www.linkedin.com/in/ttavares-strategic-marketing,"Tony Tavares, MSMkt, PMP®",Tony,"Tavares, MSMkt, PMP®","Marketing Communications Manager, Ag Market",2,marketing_communications,US,2022-01-01,https://www.linkedin.com/company/the-toro-company,The Toro Company,existing_c10_A,US?
https://www.linkedin.com/in/megan-monsour,"Megan Monsour, MBA",Megan,"Monsour, MBA",Marketing Communications Manager,2,marketing_communications,US,2025-10-01,https://www.linkedin.com/company/the-toro-company,The Toro Company,existing_c10_A,US?
https://www.linkedin.com/in/nolan-bangert-9939633a,Nolan Bangert,Nolan,Bangert,Director of Marketing,3,marketing_leader_fallback,US,2023-09-01,https://www.linkedin.com/company/the-toro-company,The Toro Company,existing_c10_A,US?
https://www.linkedin.com/in/lisabloomer,Lisa Bloomer,Lisa,Bloomer,"Senior Director, Residential Marketing",3,marketing_leader_fallback,US,2025-09-01,https://www.linkedin.com/company/the-toro-company,The Toro Company,existing_c10_A,US?
https://www.linkedin.com/in/christine-cheng-0a51784,Christine Cheng,Christine,Cheng,"Sr. Director, Marketing and Product Management",3,marketing_leader_fallback,US,2004-01-01,https://www.linkedin.com/company/the-toro-company,The Toro Company,existing_c10_A,US?
https://www.linkedin.com/in/adam-setzler,Adam Setzler,Adam,Setzler,"Director of Marketing, Precision Irrigation",3,marketing_leader_fallback,US,2025-12-01,https://www.linkedin.com/company/the-toro-company,The Toro Company,existing_c10_A,US?
https://www.linkedin.com/in/gregllawrence,Greg Lawrence,Greg,Lawrence,"Sr. Director, International Marketing",3,marketing_leader_fallback,US,-,https://www.linkedin.com/company/the-toro-company,The Toro Company,existing_c10_A,US?
https://www.linkedin.com/in/austin-kelley-593611126,Austin Kelley,Austin,Kelley,Director of Marketing,3,marketing_leader_fallback,US,2025-01-01,https://www.linkedin.com/company/tiffin-motorhomes,Tiffin Motorhomes,existing_c10_A,US?
https://www.linkedin.com/in/greg%ef%bb%bf%ef%bb%bf-bowman%ef%bb%bf%ef%bb%bf-14313228,Greg Bowman,Greg,Bowman,Dealer Development Manager,1,channel_dealer_partner_program,US,2022-06-01,https://www.linkedin.com/company/toyota-material-handling,Toyota Material Handling,existing_c10_A,US?
https://www.linkedin.com/in/mike-parker-2018,Mike Parker,Mike,Parker,Senior Manager - Dealer Development,1,channel_dealer_partner_program,US,2020-10-01,https://www.linkedin.com/company/toyota-material-handling,Toyota Material Handling,existing_c10_A,US?
https://www.linkedin.com/in/shannon-curtis-3041bb65,Shannon Curtis,Shannon,Curtis,Director of Product Marketing,3,marketing_leader_fallback,US,2025-07-01,https://www.linkedin.com/company/toyota-material-handling,Toyota Material Handling,existing_c10_A,US?
https://www.linkedin.com/in/stephenshock,-,-,-,Dealer Sales and Marketing Enablement Leader,1,channel_dealer_partner_program,US,2025-08-01,https://www.linkedin.com/company/toyota-material-handling-north-america,Toyota Material Handling North America,existing_c10_A,US?
https://www.linkedin.com/in/avidrosenberg,Stephen Rosenberg,Stephen,Rosenberg,Director of Marketing & Communications,2,marketing_communications,US,2025-08-01,https://www.linkedin.com/company/toyota-material-handling-north-america,Toyota Material Handling North America,existing_c10_A,US?
https://www.linkedin.com/in/brian-howard,Brian Howard,Brian,Howard,Vice President - Marketing & Pricing,3,marketing_leader_fallback,US,2025-04-01,https://www.linkedin.com/company/toyota-material-handling-north-america,Toyota Material Handling North America,existing_c10_A,US?
https://www.linkedin.com/in/walter-gray-0964104,Walter Gray,Walter,Gray,Network Manager,1,channel_dealer_partner_program,US,2011-11-01,https://www.linkedin.com/company/twin-disc,Twin Disc,existing_c10_A,US?
https://www.linkedin.com/in/greg-mueller-41a0b510,Greg Mueller,Greg,Mueller,"Director, Strategic Marketing",3,marketing_leader_fallback,US,2016-01-01,https://www.linkedin.com/company/twin-disc,Twin Disc,existing_c10_A,US?
https://www.linkedin.com/in/jacquemond-st%c3%a9phane-a4020710a,Jacquemond Stéphane,Jacquemond,Stéphane,Vice President EMEA Marine Sales & Marketing,3,marketing_leader_fallback,FR,2009-09-01,https://www.linkedin.com/company/twin-disc,Twin Disc,existing_c10_A,US?
https://www.linkedin.com/in/bryan-virnig-4836b421,Bryan Virnig,Bryan,Virnig,Vice President of Sales and Marketing,3,marketing_leader_fallback,US,2011-05-01,https://www.linkedin.com/company/virnig-manufacturing-inc.,Virnig Manufacturing,existing_c10_A,US?
https://www.linkedin.com/in/kristie-carino-99461641,Kristie Carino,Kristie,Carino,Dealer & Distributor Program Manager Webasto Americas,1,channel_dealer_partner_program,US,2024-01-01,https://www.linkedin.com/company/webastoamericas,Webasto Americas,existing_c10_A,US?
https://www.linkedin.com/in/marc-kirsten-9158134,Marc Kirsten,Marc,Kirsten,Senior Marketing Communications Manager,2,marketing_communications,US,2020-07-01,https://www.linkedin.com/company/webastoamericas,Webasto Americas,existing_c10_A,US?
https://www.linkedin.com/in/krista-hutchins-31b570106,Krista Hutchins,Krista,Hutchins,Distribution Marketing Manager,1,channel_dealer_partner_program,US,2024-05-01,https://www.linkedin.com/company/weidmuller-north-america,Weidmuller,existing_c10_A,US?
https://www.linkedin.com/in/jordan-mclellan,Jordan McLellan,Jordan,McLellan,Distribution Marketing Lead,1,channel_dealer_partner_program,US,-,https://www.linkedin.com/company/weidmuller-north-america,Weidmuller,existing_c10_A,US?
https://www.linkedin.com/in/cmarchlong,Caroline March-Long,Caroline,March-Long,Senior Director of Marketing and Market Intelligence,3,marketing_leader_fallback,US,2024-04-01,https://www.linkedin.com/company/weidmuller-north-america,Weidmuller,existing_c10_A,US?
https://www.linkedin.com/in/carl-valiulis-238a1615,Carl Valiulis,Carl,Valiulis,Network and Operations Manager,1,channel_dealer_partner_program,US,2008-05-01,https://www.linkedin.com/company/woodsequipment,Woods Equipment,existing_c10_A,US?
https://www.linkedin.com/in/rob-darr-84b576a,rob darr,rob,darr,vp sales & marketing,3,marketing_leader_fallback,US,-,https://www.linkedin.com/company/woodsequipment,Woods Equipment,existing_c10_A,US?
https://www.linkedin.com/in/adam-w-alt,Adam Alt,Adam,Alt,Dealer Development Manager,1,channel_dealer_partner_program,US,2025-12-01,https://www.linkedin.com/company/xcmg-america-inc,XCMG America Inc.,existing_c10_A,US?
https://www.linkedin.com/in/katy-brimlow,Katy Brimlow,Katy,Brimlow,Director of Channel Development,1,channel_dealer_partner_program,US,2025-05-01,https://www.linkedin.com/company/yanmar-compact-equipment-na,Yanmar Compact Equipment North America,existing_c10_A,US?
https://www.linkedin.com/in/don-sharp,Don Sharp,Don,Sharp,Channel Business Development Manager,1,channel_dealer_partner_program,US,2024-07-01,https://www.linkedin.com/company/80-20-llc,80/20 LLC,existing_c10_B,US?
https://www.linkedin.com/in/chadmelrose,Chad Melrose,Chad,Melrose,Director of Marketing,3,marketing_leader_fallback,US,2023-02-01,https://www.linkedin.com/company/80-20-llc,80/20 LLC,existing_c10_B,US?
https://www.linkedin.com/in/paulkendall1,Paul Kendall,Paul,Kendall,Director of Marketing - Sales Enablement,3,marketing_leader_fallback,US,2025-07-01,https://www.linkedin.com/company/80-20-llc,80/20 LLC,existing_c10_B,US?
https://www.linkedin.com/in/kevin-teakell-3b17141a5,Kevin Teakell,Kevin,Teakell,Director of Marketing and New Product Development,3,marketing_leader_fallback,US,-,https://www.linkedin.com/company/aaon,AAON,existing_c10_B,US?
https://www.linkedin.com/in/rob-teis-a06b28a5,Rob Teis,Rob,Teis,Vice President of Sales & Marketing,3,marketing_leader_fallback,US,-,https://www.linkedin.com/company/aaon,AAON,existing_c10_B,US?
https://www.linkedin.com/in/shelly-boyd-fairless-b27a4274,Shelly Boyd-Fairless,Shelly,Boyd-Fairless,Marketing Communications Manager,2,marketing_communications,US,2022-08-01,https://www.linkedin.com/company/addison-hvac,Addison HVAC,existing_c10_B,US?
https://www.linkedin.com/in/evie-sibert,Evie Sibert,Evie,Sibert,Director of Marketing,3,marketing_leader_fallback,US,2022-01-01,https://www.linkedin.com/company/addison-hvac,Addison HVAC,existing_c10_B,US?
https://www.linkedin.com/in/linda-watren-74028115,Linda Watren,Linda,Watren,Marketing & Communications Manager,2,marketing_communications,US,-,https://www.linkedin.com/company/airstream,Airstream,existing_c10_B,US?
https://www.linkedin.com/in/mollie-hansen-5678185,Mollie Hansen,Mollie,Hansen,Chief Marketing Officer,3,marketing_leader_fallback,US,2018-01-01,https://www.linkedin.com/company/airstream,Airstream,existing_c10_B,US?
https://www.linkedin.com/in/rob-countiss-b5393913,Rob Countiss,Rob,Countiss,"Director, Marketing & Business Development Americas",3,marketing_leader_fallback,US,2021-01-01,https://www.linkedin.com/company/akgofamerica,AKG of America,existing_c10_B,US?
https://www.linkedin.com/in/joe-marfia-6747a0110,Joe Marfia,Joe,Marfia,Marketing Communications Manager/Photographer,2,marketing_communications,US,2014-10-01,https://www.linkedin.com/company/allied-systems,Allied Systems Company,existing_c10_B,US?
https://www.linkedin.com/in/hitesh-patel-pdx,Hitesh Patel,Hitesh,Patel,Vice President of Sales and Marketing,3,marketing_leader_fallback,US,2020-05-01,https://www.linkedin.com/company/allied-systems,Allied Systems Company,existing_c10_B,US?
https://www.linkedin.com/in/don-crawford-6171331a2,Don Crawford,Don,Crawford,Vice President of Sales & Marketing,3,marketing_leader_fallback,US,2010-09-01,https://www.linkedin.com/company/alliedlocke-industries,Alliedlocke Industries,existing_c10_B,US?
https://www.linkedin.com/in/scott-samuels-53a2a521,Scott Samuels,Scott,Samuels,Director of Marketing,3,marketing_leader_fallback,US,2018-08-01,https://www.linkedin.com/company/american-cargo-group,American Cargo Group,existing_c10_B,US?
https://www.linkedin.com/in/ryan-hartwig-917a3725,Ryan Hartwig,Ryan,Hartwig,Manager of Marketing & Communication Channels,1,channel_dealer_partner_program,US,2023-10-01,https://www.linkedin.com/company/ariensco,AriensCo,existing_c10_B,US?
https://www.linkedin.com/in/aaron-abler-95451950,Aaron Abler,Aaron,Abler,Marketing Communications and Technical Publications Manager,2,marketing_communications,US,2024-03-01,https://www.linkedin.com/company/ariensco,AriensCo,existing_c10_B,US?
https://www.linkedin.com/in/paula-berken-6084a685,Paula Berken,Paula,Berken,Marketing Communications Manager,2,marketing_communications,US,2012-03-01,https://www.linkedin.com/company/ariensco,AriensCo,existing_c10_B,US?
https://www.linkedin.com/in/taraperre,Tara Perre,Tara,Perre,"Director of Marketing, Communications & PR",3,marketing_leader_fallback,US,2021-01-01,https://www.linkedin.com/company/ariensco,AriensCo,existing_c10_B,US?
https://www.linkedin.com/in/patrick-mcquillan-5aa8898,Patrick McQuillan,Patrick,McQuillan,"Director of Marketing, Gravely",3,marketing_leader_fallback,US,2024-04-01,https://www.linkedin.com/company/ariensco,AriensCo,existing_c10_B,US?
https://www.linkedin.com/in/trevor-oriold-3ab1b9111,Trevor Oriold,Trevor,Oriold,"Vice President, Marketing & Product Management",3,marketing_leader_fallback,US,2025-09-01,https://www.linkedin.com/company/ariensco,AriensCo,existing_c10_B,US?
https://www.linkedin.com/in/angela-raddant-cscp-01304711,Angela Raddant,Angela,Raddant,Director of Sales & Marketing,3,marketing_leader_fallback,US,-,https://www.linkedin.com/company/ariensco,AriensCo,existing_c10_B,US?
https://www.linkedin.com/in/jeremy-brzycki,Jeremy Brzycki,Jeremy,Brzycki,Director of Channel Development,1,channel_dealer_partner_program,US,2025-12-01,https://www.linkedin.com/company/autocar,Autocar Trucks,existing_c10_B,US?
https://www.linkedin.com/in/marctrahand,Marc Trahand,Marc,Trahand,Director of Marketing - Americas,3,marketing_leader_fallback,US,2026-01-01,https://www.linkedin.com/company/baltimore-aircoil-company,"BAC (Baltimore Aircoil Company, Inc.)",existing_c10_B,US?
https://www.linkedin.com/in/frank-morrison-0090945,Frank Morrison,Frank,Morrison,"Technical Director, Global Marketing",3,marketing_leader_fallback,US,2015-09-01,https://www.linkedin.com/company/baltimore-aircoil-company,"BAC (Baltimore Aircoil Company, Inc.)",existing_c10_B,US?
https://www.linkedin.com/in/brucewoodruff1,Bruce Woodruff,Bruce,Woodruff,Director Marketing Americas,3,marketing_leader_fallback,US,2023-11-01,https://www.linkedin.com/company/baltimore-aircoil-company,"BAC (Baltimore Aircoil Company, Inc.)",existing_c10_B,US?
https://www.linkedin.com/in/preston-blay,Preston Blay,Preston,Blay,Vice President Global Marketing,3,marketing_leader_fallback,US,2020-01-01,https://www.linkedin.com/company/baltimore-aircoil-company,"BAC (Baltimore Aircoil Company, Inc.)",existing_c10_B,US?
https://www.linkedin.com/in/lisa-mills-96514b105,Lisa Mills,Lisa,Mills,Marketing Communications Manager,2,marketing_communications,US,1993-08-01,https://www.linkedin.com/company/baldwin-filters,Baldwin Filters,existing_c10_B,US?
https://www.linkedin.com/in/richard-m-06828292,Richard M,Richard,M,VP Global Sales & Marketing,3,marketing_leader_fallback,US,-,https://www.linkedin.com/company/band-it-idex,BAND-IT IDEX,existing_c10_B,US?
https://www.linkedin.com/in/mariacruzmunozruiz,Maria Cruz Muñoz-Ruiz,Maria Cruz,Muñoz-Ruiz,Marketing Communications Manager,2,marketing_communications,US,2022-10-01,https://www.linkedin.com/company/banjo-liquid-handling-products,Banjo Liquid Handling Products,existing_c10_B,US?
https://www.linkedin.com/in/david-minor-b7a4b38,David Minor,David,Minor,VP - National Retail & Marketing,3,marketing_leader_fallback,US,2015-06-01,https://www.linkedin.com/company/basalite,Basalite Concrete Products,existing_c10_B,US?
https://www.linkedin.com/in/bradbricker,Brad Bricker,Brad,Bricker,Director of Sales & Marketing,3,marketing_leader_fallback,US,-,https://www.linkedin.com/company/bestop-inc,"Bestop, Inc.",existing_c10_B,US?
https://www.linkedin.com/in/tim-gordon-81250210,Tim Gordon,Tim,Gordon,VP of Sales and Marketing,3,marketing_leader_fallback,US,2022-08-01,https://www.linkedin.com/company/blue-bird-corporation,Blue Bird Corporation,existing_c10_B,US?
https://www.linkedin.com/in/tim-gordon-8b890724a,Tim Gordon,Tim,Gordon,Senior Vice President of Sales and Marketing,3,marketing_leader_fallback,US,2024-08-01,https://www.linkedin.com/company/blue-bird-corporation,Blue Bird Corporation,existing_c10_B,US?
https://www.linkedin.com/in/brian-ely-3047b3185,Brian Ely,Brian,Ely,VP Sales & Marketing,3,marketing_leader_fallback,US,-,https://www.linkedin.com/company/bolzoni-auramo-inc,Bolzoni North America,existing_c10_B,US?
https://www.linkedin.com/in/john-tuttle-99930231,John Tuttle,John,Tuttle,Vice President Sales and Marketing,3,marketing_leader_fallback,US,2022-01-01,https://www.linkedin.com/company/brockgrain,Brock Grain Systems,existing_c10_B,US?
https://www.linkedin.com/in/nathan-wolf-39a7151,Nathan Wolf,Nathan,Wolf,Global Network Operations Leader,1,channel_dealer_partner_program,US,2008-01-01,https://www.linkedin.com/company/brooks-instrument,Brooks Instrument,existing_c10_B,US?
https://www.linkedin.com/in/stevekannengieszer,Steve Kannengieszer,Steve,Kannengieszer,Director of Product Marketing,3,marketing_leader_fallback,US,2011-02-01,https://www.linkedin.com/company/brooks-instrument,Brooks Instrument,existing_c10_B,US?
https://www.linkedin.com/in/christophernbyron,Christopher Byron (ISdc),Christopher,Byron (ISdc),Marketing & Communications Manager,2,marketing_communications,US,2026-01-01,https://www.linkedin.com/company/cablecraft-engineered-motion-controls,Cablecraft Engineered Motion Controls,existing_c10_B,US?
https://www.linkedin.com/in/william-bill-griffiths-5a004b6,William (Bill) Griffiths,William (Bill),Griffiths,"Vice President, Sales & Marketing",3,marketing_leader_fallback,US,-,https://www.linkedin.com/company/cablecraft-engineered-motion-controls,Cablecraft Engineered Motion Controls,existing_c10_B,US?
https://www.linkedin.com/in/keith-l-68b11812,Keith L.,Keith,L.,Vice President - Sales / Marketing,3,marketing_leader_fallback,US,2004-01-01,https://www.linkedin.com/company/cablecraft-engineered-motion-controls,Cablecraft Engineered Motion Controls,existing_c10_B,US?
https://www.linkedin.com/in/lisa-r-huntsman,Lisa R.,Lisa,R.,"Executive Vice President,  Sales & Marketing",3,marketing_leader_fallback,US,2025-01-01,https://www.linkedin.com/company/cablecraft-engineered-motion-controls,Cablecraft Engineered Motion Controls,existing_c10_B,US?
https://www.linkedin.com/in/kale-wainer-0a01a9102,Kale Wainer,Kale,Wainer,Channel Marketing Manager,1,channel_dealer_partner_program,US,2024-01-01,https://www.linkedin.com/company/cfmoto-usa,CFMOTO USA,existing_c10_B,US?
https://www.linkedin.com/in/reidstrait,Reid Strait,Reid,Strait,Marketing Communications Manager,2,marketing_communications,US,2024-01-01,https://www.linkedin.com/company/cfmoto-usa,CFMOTO USA,existing_c10_B,US?
https://www.linkedin.com/in/donaldcparishrevenuehunter,Donald Parish,Donald,Parish,Director Marketing & Business Development,3,marketing_leader_fallback,US,2021-09-01,https://www.linkedin.com/company/circor-international-inc-,"CIRCOR International, Inc.",existing_c10_B,US?
https://www.linkedin.com/in/antonio-mendoza-82871616,Antonio Mendoza,Antonio,Mendoza,"Director, Global Sales & Marketing Operations",3,marketing_leader_fallback,US,2018-02-01,https://www.linkedin.com/company/circor-international-inc-,"CIRCOR International, Inc.",existing_c10_B,US?
https://www.linkedin.com/in/gerald-dolan-20a51b6a,Gerald Dolan,Gerald,Dolan,Dealer Development Manager,1,channel_dealer_partner_program,US,2025-05-01,https://www.linkedin.com/company/clark-material-handling-co-,CLARK Material Handling Company,existing_c10_B,US?
https://www.linkedin.com/in/dianegeisler,Diane Geisler,Diane,Geisler,Director Strategic Product Marketing,3,marketing_leader_fallback,US,2025-11-01,https://www.linkedin.com/company/clark-reliance-corporation,Clark-Reliance®,existing_c10_B,US?
https://www.linkedin.com/in/mark-reitz-8b52987,Mark Reitz,Mark,Reitz,VP of Strategic Marketing and Product Management,3,marketing_leader_fallback,US,2022-09-01,https://www.linkedin.com/company/clark-reliance-corporation,Clark-Reliance®,existing_c10_B,US?
https://www.linkedin.com/in/markayoung1,Mark Young,Mark,Young,Dealer Development Manager,1,channel_dealer_partner_program,US,2021-04-01,https://www.linkedin.com/company/cnh-reman,CNH Reman,existing_c10_B,US?
https://www.linkedin.com/in/chandler-dalenberg-040502b1,Chandler Dalenberg,Chandler,Dalenberg,Director of Sales & Marketing,3,marketing_leader_fallback,US,2025-03-01,https://www.linkedin.com/company/cnh-reman,CNH Reman,existing_c10_B,US?
https://www.linkedin.com/in/christianrogiers,Christian E. Rogiers,Christian E.,Rogiers,"Senior Vice President, Global Marketing",3,marketing_leader_fallback,US,2015-01-01,https://www.linkedin.com/company/cold-jet,Cold Jet,existing_c10_B,US?
https://www.linkedin.com/in/garykrypel,"Gary Krypel, MA",Gary,"Krypel, MA",Marketing Communications Manager,2,marketing_communications,US,2010-01-01,https://www.linkedin.com/company/columbus-mckinnon,Columbus McKinnon,existing_c10_B,US?
https://www.linkedin.com/in/lindseymuchka,Lindsey Muchka,Lindsey,Muchka,"Director of Marketing, Americas",3,marketing_leader_fallback,US,2024-10-01,https://www.linkedin.com/company/columbus-mckinnon,Columbus McKinnon,existing_c10_B,US?
https://www.linkedin.com/in/tom-stachowski-95726024,Tom Stachowski,Tom,Stachowski,Vice President Sales & Marketing,3,marketing_leader_fallback,US,2023-08-01,https://www.linkedin.com/company/control-devices,"Control Devices, LLC",existing_c10_B,US?
https://www.linkedin.com/in/davidpbreault,David Breault,David,Breault,"Director, Sales & Marketing",3,marketing_leader_fallback,US,2025-10-01,https://www.linkedin.com/company/curtis-industries,"Curtis Industries, LLC",existing_c10_B,US?
https://www.linkedin.com/in/ryanwcampbell,Ryan Campbell,Ryan,Campbell,"Director, Corporate Marketing",3,marketing_leader_fallback,US,2024-05-01,https://www.linkedin.com/company/daikin-applied,Daikin Applied Americas,existing_c10_B,US?
https://www.linkedin.com/in/casey-welch-5133221b,Casey Welch,Casey,Welch,VP of Strategic Marketing,3,marketing_leader_fallback,US,2025-06-01,https://www.linkedin.com/company/daikin-applied,Daikin Applied Americas,existing_c10_B,US?
https://www.linkedin.com/in/laura-paschetta,Laura Paschetta,Laura,Paschetta,Marketing Communication and Analysis Manager EMEA & Business Analysis Italy,2,marketing_communications,IT,2024-10-01,https://www.linkedin.com/company/daycoofficial,Dayco,existing_c10_B,US?
https://www.linkedin.com/in/timwilczak,"Tim Wilczak, CFSP",Tim,"Wilczak, CFSP","Vice President - Sales, Marketing, Products & Service",3,marketing_leader_fallback,US,2002-09-01,https://www.linkedin.com/company/delfield,Delfield,existing_c10_B,US?
https://www.linkedin.com/in/alexislockekalpedis,"Alexis Kalpedis, MBA",Alexis,"Kalpedis, MBA",Global Marketing Communications Manager,2,marketing_communications,US,2026-05-01,https://www.linkedin.com/company/deublin-company,Deublin Company,existing_c10_B,US?
https://www.linkedin.com/in/jefflwolfe,Jeff Wolfe,Jeff,Wolfe,Director of Marketing,3,marketing_leader_fallback,US,2017-04-01,https://www.linkedin.com/company/deutz-corporation,DEUTZ Corporation,existing_c10_B,US?
https://www.linkedin.com/in/jason-kardell-44332449,Jason Kardell,Jason,Kardell,Network / Systems Manager,1,channel_dealer_partner_program,US,1996-11-01,https://www.linkedin.com/company/dezurik,DeZURIK,existing_c10_B,US?
https://www.linkedin.com/in/jean-dockendorf-cpsm-a2a59514,"Jean Dockendorf, CPSM",Jean,"Dockendorf, CPSM",Marketing Communications Manager,2,marketing_communications,US,2013-04-01,https://www.linkedin.com/company/dezurik,DeZURIK,existing_c10_B,US?
https://www.linkedin.com/in/melindavonderahe,"Melinda Vonderahe, MBA",Melinda,"Vonderahe, MBA",Vice President of Marketing,3,marketing_leader_fallback,US,2022-11-01,https://www.linkedin.com/company/dezurik,DeZURIK,existing_c10_B,US?
https://www.linkedin.com/in/mikeneerhof,Mike Neerhof,Mike,Neerhof,Distributor Marketing Lead,1,channel_dealer_partner_program,US,2023-08-01,https://www.linkedin.com/company/dodge-industrial,Dodge Industrial,existing_c10_B,US?
https://www.linkedin.com/in/jeff-moore-4441a9224,Jeff Moore,Jeff,Moore,"Vice President, Distribution and Business Development",1,channel_dealer_partner_program,US,2024-12-01,https://www.linkedin.com/company/dodge-industrial,Dodge Industrial,existing_c10_B,US?
https://www.linkedin.com/in/matt-wolford-05505968,Matt Wolford,Matt,Wolford,"Director, Communications & Digital Marketing",3,marketing_leader_fallback,US,2022-12-01,https://www.linkedin.com/company/dodge-industrial,Dodge Industrial,existing_c10_B,US?
https://www.linkedin.com/in/mike-shea-6a40365,Mike Shea,Mike,Shea,Executive Vice President - Sales and Marketing,3,marketing_leader_fallback,US,2022-02-01,https://www.linkedin.com/company/dodge-industrial,Dodge Industrial,existing_c10_B,US?
https://www.linkedin.com/in/nchasan,"Noam Chasan, MBA",Noam,"Chasan, MBA",Director of Channel Marketing,1,channel_dealer_partner_program,US,2013-02-01,https://www.linkedin.com/company/dorman-products,Dorman Products,existing_c10_B,US?
https://www.linkedin.com/in/brian-ray-58b38b5a,Brian Ray,Brian,Ray,Channel Marketing Manager,1,channel_dealer_partner_program,US,2025-10-01,https://www.linkedin.com/company/dorman-products,Dorman Products,existing_c10_B,US?
https://www.linkedin.com/in/laura-dipalma,Laura DiPalma,Laura,DiPalma,Channel Marketing Manager,1,channel_dealer_partner_program,US,2024-09-01,https://www.linkedin.com/company/dorman-products,Dorman Products,existing_c10_B,US?
https://www.linkedin.com/in/sgisondi,Steve Gisondi,Steve,Gisondi,"Vice President, Marketing & Communications",2,marketing_communications,US,2020-01-01,https://www.linkedin.com/company/dorman-products,Dorman Products,existing_c10_B,US?
https://www.linkedin.com/in/justin-hall-222aa926,Justin Hall,Justin,Hall,Director Marketing Communications,2,marketing_communications,US,2023-10-01,https://www.linkedin.com/company/dorman-products,Dorman Products,existing_c10_B,US?
https://www.linkedin.com/in/jeff-darby-66067611,Jeff Darby,Jeff,Darby,Senior Vice President of Sales and Marketing,3,marketing_leader_fallback,US,-,https://www.linkedin.com/company/dorman-products,Dorman Products,existing_c10_B,US?
https://www.linkedin.com/in/cathy-lester-bb2aab269,Cathy Lester,Cathy,Lester,Director of Sales Marketing,3,marketing_leader_fallback,US,-,https://www.linkedin.com/company/dorman-products,Dorman Products,existing_c10_B,US?
https://www.linkedin.com/in/steve-marsh-68543688,Steve Marsh,Steve,Marsh,"Manager, Sales and Channel Development",1,channel_dealer_partner_program,US,2025-06-01,https://www.linkedin.com/company/douglas-dynamics-inc.,"Douglas Dynamics, Inc.",existing_c10_B,US?
https://www.linkedin.com/in/andrew-mcardle-csp-asm-538335,"Andrew McArdle, CSP, ASM",Andrew,"McArdle, CSP, ASM","Vice President, Marketing",3,marketing_leader_fallback,US,2022-09-01,https://www.linkedin.com/company/douglas-dynamics-inc.,"Douglas Dynamics, Inc.",existing_c10_B,US?
https://www.linkedin.com/in/tomas-bukovic-00877760,Tomas Bukovic,Tomas,Bukovic,Network Operations Manager,1,channel_dealer_partner_program,SK,2024-02-01,https://www.linkedin.com/company/dovercorp,Dover Corporation,existing_c10_B,US?
https://www.linkedin.com/in/shelby-veatch,Shelby Veatch,Shelby,Veatch,Marketing & Communications Manager,2,marketing_communications,US,2023-01-01,https://www.linkedin.com/company/dovercorp,Dover Corporation,existing_c10_B,US?
https://www.linkedin.com/in/jack-dickinson-3831012,Jack Dickinson,Jack,Dickinson,"Director, Sales Engineering & Partner Development",1,channel_dealer_partner_program,US,2025-01-01,https://www.linkedin.com/company/dover-fueling-solutions,Dover Fueling Solutions,existing_c10_B,US?
https://www.linkedin.com/in/amy-gant-cearley-5980a58,Amy Gant Cearley,Amy,Gant Cearley,Director Global Marketing Communications,2,marketing_communications,US,2023-01-01,https://www.linkedin.com/company/dover-fueling-solutions,Dover Fueling Solutions,existing_c10_B,US?
https://www.linkedin.com/in/kristen-butler-experience-marketer,Kristen Butler,Kristen,Butler,"Marketing Communications Manager, North America",2,marketing_communications,US,2023-01-01,https://www.linkedin.com/company/dover-fueling-solutions,Dover Fueling Solutions,existing_c10_B,US?
https://www.linkedin.com/in/chris-wagers-a653a7bb,Chris Wagers,Chris,Wagers,Sr. Associate Dealer Programs Manager,1,channel_dealer_partner_program,US,2026-01-01,https://www.linkedin.com/company/dunlop-tires-north-america,"Dunlop Tires North America, Inc",existing_c10_B,US?
https://www.linkedin.com/in/nickfousekis,Nick Fousekis,Nick,Fousekis,"Director of Marketing, Experiential (Dunlop Tires / Falken Tires)",3,marketing_leader_fallback,US,2026-01-01,https://www.linkedin.com/company/dunlop-tires-north-america,"Dunlop Tires North America, Inc",existing_c10_B,US?
https://www.linkedin.com/in/kendhsu,-,-,-,Vice President of Marketing,3,marketing_leader_fallback,US,2024-09-01,https://www.linkedin.com/company/dunlop-tires-north-america,"Dunlop Tires North America, Inc",existing_c10_B,US?
https://www.linkedin.com/in/kevin-walgate-13174612,Kevin Walgate,Kevin,Walgate,Global Manager- Channel Development,1,channel_dealer_partner_program,US,2023-08-01,https://www.linkedin.com/company/dynabrade,Dynabrade Power Tools,existing_c10_B,US?
https://www.linkedin.com/in/charlesclaughlin,Charlie Laughlin,Charlie,Laughlin,Head of Sales & Channel Development,1,channel_dealer_partner_program,US,2025-12-01,https://www.linkedin.com/company/elginorthamerica,ELGi North America,existing_c10_B,US?
https://www.linkedin.com/in/chris-martin-441405194,Chris Martin,Chris,Martin,Vice President Marketing,3,marketing_leader_fallback,US,2024-01-01,https://www.linkedin.com/company/elkhartbrass,Elkhart Brass,existing_c10_B,US?
https://www.linkedin.com/in/lindsayobal,"Lindsay (Woracek) Obal, MBA",Lindsay,"(Woracek) Obal, MBA",Director of Marketing,3,marketing_leader_fallback,US,2025-05-01,https://www.linkedin.com/company/elliott-equipment,Elliott Equipment Company,existing_c10_B,US?
https://www.linkedin.com/in/diana-ioana-gliga-87457086,Diana Ioana Gliga,Diana Ioana,Gliga,Marketing Communications & Engagement Lead EMEA | Professional Tools,2,marketing_communications,RO,-,https://www.linkedin.com/company/emerson,Emerson,existing_c10_B,US?
https://www.linkedin.com/in/travishesketh,Travis Hesketh,Travis,Hesketh,Vice President Marketing,3,marketing_leader_fallback,GB,1999-01-01,https://www.linkedin.com/company/emerson,Emerson,existing_c10_B,US?
https://www.linkedin.com/in/nikkiwbishop,Nikki Bishop,Nikki,Bishop,Vice President of Marketing & Experience - DeltaV for Life Sciences,3,marketing_leader_fallback,US,2024-07-01,https://www.linkedin.com/company/emerson,Emerson,existing_c10_B,US?
https://www.linkedin.com/in/peter-chin-79460b1,Peter Chin,Peter,Chin,"Vice President of Marketing, Final Control Group",3,marketing_leader_fallback,US,2022-10-01,https://www.linkedin.com/company/emerson,Emerson,existing_c10_B,US?
https://www.linkedin.com/in/shahinmeah,Shahin Meah,Shahin,Meah,"Vice President Marketing and Strategic Planning, Europe at Emerson",3,marketing_leader_fallback,GB,2022-11-01,https://www.linkedin.com/company/emerson,Emerson,existing_c10_B,US?
https://www.linkedin.com/in/vidyaramnath,Vidya Ramnath,Vidya,Ramnath,Senior Vice President and Chief Marketing Officer,3,marketing_leader_fallback,US,2023-06-01,https://www.linkedin.com/company/emerson,Emerson,existing_c10_B,US?
https://www.linkedin.com/in/lucianalaz,Luciana Lazar,Luciana,Lazar,Director Marketing EMEA | Professional Tools,3,marketing_leader_fallback,RO,2023-09-01,https://www.linkedin.com/company/emerson,Emerson,existing_c10_B,US?
https://www.linkedin.com/in/arturovargasmercado,Arturo V.,Arturo,V.,"Head of Marketing, Porfolio Industries. Test & Measurement",3,marketing_leader_fallback,US,2025-03-01,https://www.linkedin.com/company/emerson,Emerson,existing_c10_B,US?
https://www.linkedin.com/in/anne-sophie-chambareau-85378114,Anne-Sophie Chambareau,Anne-Sophie,Chambareau,"Director, Marketing - Product management",3,marketing_leader_fallback,FR,2026-01-01,https://www.linkedin.com/company/emerson,Emerson,existing_c10_B,US?
https://www.linkedin.com/in/danielle-mohr,Danielle M.,Danielle,M.,Channel Marketing Manager,1,channel_dealer_partner_program,US,2024-01-01,https://www.linkedin.com/company/enerpac,Enerpac,existing_c10_B,US?
https://www.linkedin.com/in/ronsing,"Ron Sing, MBA",Ron,"Sing, MBA",Vice President Global Marketing,3,marketing_leader_fallback,US,2025-09-01,https://www.linkedin.com/company/enerpac-tool-group,Enerpac Tool Group,existing_c10_B,US?
https://www.linkedin.com/in/jodi-marose-mba-4b0b4b5,"Jodi Marose, MBA",Jodi,"Marose, MBA","Director of Marketing, Commercial Americas",3,marketing_leader_fallback,US,2024-07-01,https://www.linkedin.com/company/enerpac-tool-group,Enerpac Tool Group,existing_c10_B,US?
https://www.linkedin.com/in/johnblicha,John Blicha,John,Blicha,Vice President of Global Marketing,3,marketing_leader_fallback,US,2023-03-01,https://www.linkedin.com/company/eriez,Eriez,existing_c10_B,US?
https://www.linkedin.com/in/andrew-h-a24222ab,Andrew H.,Andrew,H.,Director of Growth and Marketing,3,marketing_leader_fallback,US,2022-06-01,https://www.linkedin.com/company/etnyre-international-ltd,"Etnyre International, Ltd",existing_c10_B,US?
https://www.linkedin.com/in/shaunjennings,Shaun Jennings,Shaun,Jennings,Senior Marketing Communications Manager,2,marketing_communications,US,2020-01-01,https://www.linkedin.com/company/fastenmaster,Fastenmaster,existing_c10_B,US?
https://www.linkedin.com/in/davegrantellis,David Ellis,David,Ellis,VP Sales & Marketing,3,marketing_leader_fallback,US,2024-09-01,https://www.linkedin.com/company/fastenmaster,Fastenmaster,existing_c10_B,US?
https://www.linkedin.com/in/chris-scofield-9803847,Chris Scofield,Chris,Scofield,Director of Dealer Development,1,channel_dealer_partner_program,US,2026-06-01,https://www.linkedin.com/company/fecon-inc-,FECON,existing_c10_B,US?
https://www.linkedin.com/in/mark-j-middendorf-b9a70911,Mark J Middendorf,Mark J,Middendorf,Executive Vice President - International and Strategic Channel Development,1,channel_dealer_partner_program,US,2023-10-01,https://www.linkedin.com/company/fecon-inc-,FECON,existing_c10_B,US?
https://www.linkedin.com/in/angelaripani,Angela McMahan,Angela,McMahan,Vice President Marketing,3,marketing_leader_fallback,US,2021-07-01,https://www.linkedin.com/company/festool,Festool USA,existing_c10_B,US?
https://www.linkedin.com/in/kirk-hilzinger,Kirk Hilzinger,Kirk,Hilzinger,Network Manager,1,channel_dealer_partner_program,US,2024-03-01,https://www.linkedin.com/company/first-brands-llc,"First Brands Group, Llc",existing_c10_B,US?
https://www.linkedin.com/in/alexandravpetrov,"Alexandra Petrov, MBA",Alexandra,"Petrov, MBA",Global Director - Digital Marketing & Media,3,marketing_leader_fallback,US,2021-08-01,https://www.linkedin.com/company/first-brands-llc,"First Brands Group, Llc",existing_c10_B,US?
https://www.linkedin.com/in/brian-lonnegan-69123082,Brian Lonnegan,Brian,Lonnegan,Head of Marketing,3,marketing_leader_fallback,US,-,https://www.linkedin.com/company/fisher-engineering,Fisher Snow Plows,existing_c10_B,US?
https://www.linkedin.com/in/wpierce,Will Pierce,Will,Pierce,VP of Sales and Marketing,3,marketing_leader_fallback,US,2023-03-01,https://www.linkedin.com/company/flexaseal,"Flexaseal Engineered Seals and Systems, LLC",existing_c10_B,US?
https://www.linkedin.com/in/viswadeb-ganguly-568a9112,Viswadeb Ganguly,Viswadeb,Ganguly,Director Application Development & Strategic Partnership,1,channel_dealer_partner_program,US,2018-01-01,https://www.linkedin.com/company/flowserve,Flowserve Corporation,existing_c10_B,US?
https://www.linkedin.com/in/pascal-duda-5b2a903,Pascal Duda,Pascal,Duda,Manager Business Development - EMA Distribution,1,channel_dealer_partner_program,NL,2023-12-01,https://www.linkedin.com/company/flowserve,Flowserve Corporation,existing_c10_B,US?
https://www.linkedin.com/in/tauseef-salma-99191514,Tauseef Salma,Tauseef,Salma,"Vice President, Global Marketing, Technology & Strategy",3,marketing_leader_fallback,GB,-,https://www.linkedin.com/company/flowserve,Flowserve Corporation,existing_c10_B,US?
https://www.linkedin.com/in/stephenray1,Stephen Ray,Stephen,Ray,"Senior Director, Marketing - Head of Marketing",3,marketing_leader_fallback,US,2026-03-01,https://www.linkedin.com/company/flowserve,Flowserve Corporation,existing_c10_B,US?
https://www.linkedin.com/in/marissa-o-06b81511b,Marissa O.,Marissa,O.,"Senior Director of Marketing, Bus & Van | Marine | Cargo | Truck",3,marketing_leader_fallback,US,2024-10-01,https://www.linkedin.com/company/forest-river-inc.,"Forest River, Inc",existing_c10_B,US?
https://www.linkedin.com/in/tom-gruger-650b903,Tom Gruger,Tom,Gruger,Vice President Marketing,3,marketing_leader_fallback,US,2023-04-01,https://www.linkedin.com/company/forest-river-inc.,"Forest River, Inc",existing_c10_B,US?
https://www.linkedin.com/in/monica-guzman-9b6610220,Monica Guzman,Monica,Guzman,Director of Brand Marketing / Sales Coordinator,3,marketing_leader_fallback,US,2026-01-01,https://www.linkedin.com/company/forest-river-inc.,"Forest River, Inc",existing_c10_B,US?
https://www.linkedin.com/in/l-paape,Laura Paape,Laura,Paape,"Senior Manager, Business Development | Partnerships, Growth, Account Management",1,channel_dealer_partner_program,US,2024-04-01,https://www.linkedin.com/company/foxfactory,Fox Factory,existing_c10_B,US?
https://www.linkedin.com/in/chelsea-rykman,Chelsea Rykman (Hinkel),Chelsea,Rykman (Hinkel),Director of Marketing,3,marketing_leader_fallback,US,2026-05-01,https://www.linkedin.com/company/foxfactory,Fox Factory,existing_c10_B,US?
https://www.linkedin.com/in/don-ravicchio-28927422,Don Ravicchio,Don,Ravicchio,"Vice President, Global Marketing",3,marketing_leader_fallback,US,-,https://www.linkedin.com/company/fs-elliott,FS-Elliott,existing_c10_B,US?
https://www.linkedin.com/in/sjoberglotta,Lotta Sjoberg,Lotta,Sjoberg,Channel Marketing Manager – Industrial Replacement | Gates EMEA,1,channel_dealer_partner_program,LU,2025-06-01,https://www.linkedin.com/company/gates-corporation,Gates Corporation,existing_c10_B,US?
https://www.linkedin.com/in/maryannamari,MaryAnn Amari,MaryAnn,Amari,"Channel Marketing Manager, Global Mobility, Gates Carbon Drive",1,channel_dealer_partner_program,US,2020-08-01,https://www.linkedin.com/company/gates-corporation,Gates Corporation,existing_c10_B,US?
https://www.linkedin.com/in/pavel-lozinskiy,Pavel Lozinskiy,Pavel,Lozinskiy,Global Network Infrastructure Manager,1,channel_dealer_partner_program,US,2024-09-01,https://www.linkedin.com/company/gates-corporation,Gates Corporation,existing_c10_B,US?
https://www.linkedin.com/in/alida-lentini,Alida Lentini,Alida,Lentini,"Vice President, Marketing EMEA",3,marketing_leader_fallback,LU,2025-01-01,https://www.linkedin.com/company/gates-corporation,Gates Corporation,existing_c10_B,US?
https://www.linkedin.com/in/shawnkordes,Shawn Kordes,Shawn,Kordes,Vice President North America Sales and Marketing,3,marketing_leader_fallback,US,2026-01-01,https://www.linkedin.com/company/gates-corporation,Gates Corporation,existing_c10_B,US?
https://www.linkedin.com/in/jeremyjknapp,Jeremy Knapp,Jeremy,Knapp,Director of Marketing & Commercial Excellence,3,marketing_leader_fallback,US,2026-01-01,https://www.linkedin.com/company/gates-corporation,Gates Corporation,existing_c10_B,US?
https://www.linkedin.com/in/caitlinsteele5,Caitlin Steele,Caitlin,Steele,"Sr. Director, Global Marketing",3,marketing_leader_fallback,US,2022-07-01,https://www.linkedin.com/company/gates-corporation,Gates Corporation,existing_c10_B,US?
https://www.linkedin.com/in/mikehaen,Mike Haen,Mike,Haen,"Vice President – Global Marketing, Product Line Management and Pricing",3,marketing_leader_fallback,US,2024-08-01,https://www.linkedin.com/company/gates-corporation,Gates Corporation,existing_c10_B,US?
https://www.linkedin.com/in/kristin-kelley-45353b12,Kristin Kelley,Kristin,Kelley,Director of Communication and Marketing,3,marketing_leader_fallback,US,2008-06-01,https://www.linkedin.com/company/general-inspection-llc,General Inspection,existing_c10_B,US?
https://www.linkedin.com/in/keith-hovey-b93a7a3,Keith Hovey,Keith,Hovey,Head of Global Marketing,3,marketing_leader_fallback,US,-,https://www.linkedin.com/company/genielift,Genie,existing_c10_B,US?
https://www.linkedin.com/in/alain-cervantes-4082675,Alain Cervantes,Alain,Cervantes,Vice President Global Marketing,3,marketing_leader_fallback,FR,-,https://www.linkedin.com/company/ggb,GGB Bearing Technology,existing_c10_B,US?
https://www.linkedin.com/in/eric-bailey-31777989,Eric Bailey,Eric,Bailey,Director of Marketing,3,marketing_leader_fallback,US,2022-11-01,https://www.linkedin.com/company/goodway-technologies,Goodway Technologies,existing_c10_B,US?
https://www.linkedin.com/in/jenniferdalessandro,Jennifer Dalessandro CAPM,Jennifer,Dalessandro CAPM,Marketing Communications Manager,2,marketing_communications,US,2023-01-01,https://www.linkedin.com/company/gorbel,Gorbel Inc.,existing_c10_B,US?
https://www.linkedin.com/in/jeff-mcneil-66b668,Jeff McNeil,Jeff,McNeil,Vice President of Marketing and Innovation,3,marketing_leader_fallback,US,2018-01-01,https://www.linkedin.com/company/gorbel,Gorbel Inc.,existing_c10_B,US?
https://www.linkedin.com/in/thomas-seymour-13231a6,Thomas Seymour,Thomas,Seymour,"Vice President, Sales & Marketing",3,marketing_leader_fallback,US,2002-01-01,https://www.linkedin.com/company/gormanrupppumps,Gorman-Rupp Pumps,existing_c10_B,US?
https://www.linkedin.com/in/efalcomer,Eva Falcomer,Eva,Falcomer,Channel Marketing Supervisor EMEA | Contractor Division,1,channel_dealer_partner_program,BE,2026-01-01,https://www.linkedin.com/company/gracoinc,Graco,existing_c10_B,US?
https://www.linkedin.com/in/teganmscott,-,-,-,Director Global Channel Marketing  - Industrial Division,1,channel_dealer_partner_program,US,2026-01-01,https://www.linkedin.com/company/gracoinc,Graco,existing_c10_B,US?
https://www.linkedin.com/in/paul-lemens-0a844a3,Paul Lemens,Paul,Lemens,Director Of Business Development | Global Manufacturing Partnerships,1,channel_dealer_partner_program,US,2020-02-01,https://www.linkedin.com/company/gracoinc,Graco,existing_c10_B,US?
https://www.linkedin.com/in/sarah-eull-06a19155,Sarah Eull,Sarah,Eull,"Director, Global Channel Marketing, Contractor Division",1,channel_dealer_partner_program,US,2026-07-01,https://www.linkedin.com/company/gracoinc,Graco,existing_c10_B,US?
https://www.linkedin.com/in/rochele-g-225643,Rochele G.,Rochele,G.,Channel Marketing Manager,1,channel_dealer_partner_program,US,-,https://www.linkedin.com/company/gracoinc,Graco,existing_c10_B,US?
https://www.linkedin.com/in/kirstiefoster,Kirstie Foster,Kirstie,Foster,Head of Global Brand and Communications,2,marketing_communications,US,2024-09-01,https://www.linkedin.com/company/gracoinc,Graco,existing_c10_B,US?
https://www.linkedin.com/in/jennifer-gels,Jennifer G.,Jennifer,G.,"Senior Director Marketing, Industrial",3,marketing_leader_fallback,US,2026-04-01,https://www.linkedin.com/company/gracoinc,Graco,existing_c10_B,US?
https://www.linkedin.com/in/piyushdharaskar,Piyush Dharaskar,Piyush,Dharaskar,"Director, Category Marketing (Industrial Division)",3,marketing_leader_fallback,US,2026-06-01,https://www.linkedin.com/company/gracoinc,Graco,existing_c10_B,US?
https://www.linkedin.com/in/geoff-c-anderson,Geoffrey Anderson,Geoffrey,Anderson,VP of Marketing,3,marketing_leader_fallback,US,2025-12-01,https://www.linkedin.com/company/gracoinc,Graco,existing_c10_B,US?
https://www.linkedin.com/in/briannapeterson,Brianna Peterson,Brianna,Peterson,Senior Director and Head of Marketing Strategy & Services,3,marketing_leader_fallback,US,2025-12-01,https://www.linkedin.com/company/gracoinc,Graco,existing_c10_B,US?
https://www.linkedin.com/in/lauraevanson,"Laura Evanson, MBA",Laura,"Evanson, MBA",Chief Marketing Officer; EVP of Corporate Marketing,3,marketing_leader_fallback,US,2025-01-01,https://www.linkedin.com/company/gracoinc,Graco,existing_c10_B,US?
https://www.linkedin.com/in/danjohnson8330,Dan Johnson,Dan,Johnson,Vice President of Global Marketing - Contractor Division,3,marketing_leader_fallback,US,2025-01-01,https://www.linkedin.com/company/gracoinc,Graco,existing_c10_B,US?
https://www.linkedin.com/in/amandaeyanson,Amanda Eyanson,Amanda,Eyanson,"Director, Category Marketing",3,marketing_leader_fallback,US,2026-01-01,https://www.linkedin.com/company/gracoinc,Graco,existing_c10_B,US?
https://www.linkedin.com/in/danie-park-antonelli-2b9b092a,Danie (Park) Antonelli,Danie,(Park) Antonelli,Vice President Marketing,3,marketing_leader_fallback,US,2023-07-01,https://www.linkedin.com/company/grand-design-rv-llc,Grand Design RV,existing_c10_B,US?
https://www.linkedin.com/in/andreajsmith11,Andrea Smith,Andrea,Smith,Director of Marketing,3,marketing_leader_fallback,US,2024-07-01,https://www.linkedin.com/company/grand-design-rv-llc,Grand Design RV,existing_c10_B,US?
https://www.linkedin.com/in/tony-wisker-94a93512,Tony Wisker,Tony,Wisker,"Vice President, Sales & Marketing",3,marketing_leader_fallback,US,-,https://www.linkedin.com/company/great-plains-manufacturing-inc-,"Great Plains Manufacturing, Inc.",existing_c10_B,US?
https://www.linkedin.com/in/andrew-grose-4727995,Andrew Grose,Andrew,Grose,Vice President & General Manager of Grote Networks,1,channel_dealer_partner_program,US,2024-03-01,https://www.linkedin.com/company/grote-industries-llc,Grote Industries,existing_c10_B,US?
https://www.linkedin.com/in/cbiank,CJ Biank,CJ,Biank,"Director, Product & Business Development - Networks",1,channel_dealer_partner_program,US,2026-02-01,https://www.linkedin.com/company/grote-industries-llc,Grote Industries,existing_c10_B,US?
https://www.linkedin.com/in/weaver-ryanm,Ryan Weaver,Ryan,Weaver,Director of Marketing,3,marketing_leader_fallback,US,2025-03-01,https://www.linkedin.com/company/ground-force-worldwide,Ground Force Worldwide,existing_c10_B,US?
https://www.linkedin.com/in/heatherkieselbach,Heather (Graef) Kieselbach,Heather,(Graef) Kieselbach,Marketing Communications Manager,2,marketing_communications,US,2025-10-01,https://www.linkedin.com/company/hankook-tire-america-corp.,Hankook Tire America Corp.,existing_c10_B,US?
https://www.linkedin.com/in/jong-jin-park-0b19a6102,Jong Jin Park,Jong Jin,Park,VP of Marketing,3,marketing_leader_fallback,US,2019-01-01,https://www.linkedin.com/company/hankook-tire-america-corp.,Hankook Tire America Corp.,existing_c10_B,US?
https://www.linkedin.com/in/metz3601,Michael Metz,Michael,Metz,"Manager of Network Services | Enterprise Networking, Infrastructure & Datacenter Operations",1,channel_dealer_partner_program,US,2025-10-01,https://www.linkedin.com/company/harveyperformance,Harvey Performance Company,existing_c10_B,US?
https://www.linkedin.com/in/garthely,Garth D Ely,Garth D,Ely,Vice President Marketing,3,marketing_leader_fallback,US,2015-08-01,https://www.linkedin.com/company/harveyperformance,Harvey Performance Company,existing_c10_B,US?
https://www.linkedin.com/in/charleskavanagh,💻 Charlie Kavanagh 💻📱,💻 Charlie,Kavanagh 💻📱,Director of Marketing,3,marketing_leader_fallback,IE,2025-10-01,https://www.linkedin.com/company/harveyperformance,Harvey Performance Company,existing_c10_B,US?
https://www.linkedin.com/in/megankleonardi,Megan Leonardi,Megan,Leonardi,Senior Director of Digital Marketing and eCommerce,3,marketing_leader_fallback,US,2026-01-01,https://www.linkedin.com/company/harveyperformance,Harvey Performance Company,existing_c10_B,US?
https://www.linkedin.com/in/jessie-jillson-a935b62a,Jessie Jillson,Jessie,Jillson,Director of Marketing,3,marketing_leader_fallback,US,2018-01-01,https://www.linkedin.com/company/harveyperformance,Harvey Performance Company,existing_c10_B,US?
https://www.linkedin.com/in/j%c3%a9r%c3%b4me-hoofd-7b082333,Jérôme Hoofd,Jérôme,Hoofd,European Distribution Network Manager.,1,channel_dealer_partner_program,FR,2025-12-01,https://www.linkedin.com/company/haskel-international,Haskel,existing_c10_B,US?
https://www.linkedin.com/in/lesley-melvin-bb381010,Lesley Melvin,Lesley,Melvin,Director of Marketing,3,marketing_leader_fallback,US,2020-01-01,https://www.linkedin.com/company/heartland-rv,Heartland Rv,existing_c10_B,US?
https://www.linkedin.com/in/ana-cristache-942694b6,Ana Cristache,Ana,Cristache,Senior Channel Marketing Supervisor PPE,1,channel_dealer_partner_program,RO,-,https://www.linkedin.com/company/honeywell,Honeywell Technologies,existing_c10_B,US?
https://www.linkedin.com/in/samuelavenel,Samuel AVENEL,Samuel,AVENEL,"Directeur Commercial, Marketing et opérations EMEA",3,marketing_leader_fallback,FR,2003-01-01,https://www.linkedin.com/company/honeywell,Honeywell Technologies,existing_c10_B,US?
https://www.linkedin.com/in/arijhoffman,Ari Hoffman,Ari,Hoffman,"Head of Marketing, Supra — A Honeywell Company",3,marketing_leader_fallback,US,2026-03-01,https://www.linkedin.com/company/honeywell,Honeywell Technologies,existing_c10_B,US?
https://www.linkedin.com/in/ronmcmurtrie,Ron McMurtrie,Ron,McMurtrie,Chief Marketing Officer,3,marketing_leader_fallback,US,2024-07-01,https://www.linkedin.com/company/honeywell,Honeywell Technologies,existing_c10_B,US?
https://www.linkedin.com/in/kristenolsonpicard,Kristen Olson Picard,Kristen,Olson Picard,"Director of Marketing, Americas - PPE",3,marketing_leader_fallback,US,-,https://www.linkedin.com/company/honeywell,Honeywell Technologies,existing_c10_B,US?
https://www.linkedin.com/in/kelly-mcwilliams-24b42835,Kelly McWilliams,Kelly,McWilliams,Senior Vice President of Sales and Marketing,3,marketing_leader_fallback,US,2025-05-01,https://www.linkedin.com/company/hoshizaki-america,Hoshizaki America,existing_c10_B,US?
https://www.linkedin.com/in/sally-ray-ish,Sally Ray,Sally,Ray,Vice President Marketing,3,marketing_leader_fallback,US,2024-04-01,https://www.linkedin.com/company/hoshizaki-america,Hoshizaki America,existing_c10_B,US?
https://www.linkedin.com/in/raleigh-thompson-a34a443b,Raleigh Thompson,Raleigh,Thompson,"Director, Product Strategy & Marketing",3,marketing_leader_fallback,US,2023-07-01,https://www.linkedin.com/company/heat-transfer-products-group,Htpg,existing_c10_B,US?
https://www.linkedin.com/in/clarissa-goffinski-3bb9838,Clarissa Goffinski,Clarissa,Goffinski,"Director, Strategic Marketing & Business Development",3,marketing_leader_fallback,US,2025-02-01,https://www.linkedin.com/company/hurco-companies-inc-,"Hurco Companies, Inc.",existing_c10_B,US?
https://www.linkedin.com/in/arthur-smith-75945633,arthur smith,arthur,smith,Vice President International sales&Marketing,3,marketing_leader_fallback,US,-,https://www.linkedin.com/company/hydraforce-inc-,Hydraforce Inc,existing_c10_B,US?
https://www.linkedin.com/in/haley-adams-batchelor-b9a71915,Haley Adams Batchelor,Haley,Adams Batchelor,"Manager, Aftersales Marketing and Dealer Engagement",1,channel_dealer_partner_program,US,2025-12-01,https://www.linkedin.com/company/hyster-yale-group,Hyster-Yale Materials Handling,existing_c10_B,US?
https://www.linkedin.com/in/joseph-jay-costello-8125211,Joseph (Jay) Costello,Joseph (Jay),Costello,"Director, Dealer Marketing",1,channel_dealer_partner_program,US,1973-08-01,https://www.linkedin.com/company/hyster-yale-group,Hyster-Yale Materials Handling,existing_c10_B,US?
https://www.linkedin.com/in/josie-fox-45133642,Josie Fox,Josie,Fox,Dealer Marketing Manager  - EMEA,1,channel_dealer_partner_program,GB,2022-01-01,https://www.linkedin.com/company/hyster-yale-group,Hyster-Yale Materials Handling,existing_c10_B,US?
https://www.linkedin.com/in/james-cleator,James Cleator,James,Cleator,Dealer Marketing Enablement Manager,1,channel_dealer_partner_program,GB,2022-08-01,https://www.linkedin.com/company/hyster-yale-group,Hyster-Yale Materials Handling,existing_c10_B,US?
https://www.linkedin.com/in/christophe-maillet-90a5038,Christophe Maillet,Christophe,Maillet,VP Dealer Business Development EMEA & APIC,1,channel_dealer_partner_program,FR,2026-01-01,https://www.linkedin.com/company/hyster-yale-group,Hyster-Yale Materials Handling,existing_c10_B,US?
https://www.linkedin.com/in/michael-holland-5611981b,Michael Holland,Michael,Holland,"Manager, Dealer Business Development & Partner Integration",1,channel_dealer_partner_program,US,-,https://www.linkedin.com/company/hyster-yale-group,Hyster-Yale Materials Handling,existing_c10_B,US?
https://www.linkedin.com/in/buckhout,William Buckhout,William,Buckhout,"Director, Leasing and Remarketing",3,marketing_leader_fallback,US,2014-01-01,https://www.linkedin.com/company/hyster-yale-group,Hyster-Yale Materials Handling,existing_c10_B,US?
https://www.linkedin.com/in/sarah-mclawhorn-32b95515,Sarah McLawhorn,Sarah,McLawhorn,"Senior Director, Aftersales Sales and Marketing",3,marketing_leader_fallback,US,2024-04-01,https://www.linkedin.com/company/hyster-yale-group,Hyster-Yale Materials Handling,existing_c10_B,US?
https://www.linkedin.com/in/hanna-binford,Hanna Binford,Hanna,Binford,USA Branch Chief Marketing Officer,3,marketing_leader_fallback,US,2023-09-01,https://www.linkedin.com/company/ikeuchi-usa-inc-,"Ikeuchi Usa, Inc",existing_c10_B,US?
https://www.linkedin.com/in/huntcourtney,Courtney Hunt,Courtney,Hunt,"Channel Marketing Manager, Services & Aftermarket",1,channel_dealer_partner_program,US,2024-09-01,https://www.linkedin.com/company/ingersoll-rand,Ingersoll Rand,existing_c10_B,US?
https://www.linkedin.com/in/celinebasset7,Céline BASSET,Céline,BASSET,"Senior Marketing Manager, Demand Generation; Distribution, CSS EMEIA",1,channel_dealer_partner_program,BE,2026-01-01,https://www.linkedin.com/company/ingersoll-rand,Ingersoll Rand,existing_c10_B,US?
https://www.linkedin.com/in/adam-baker-28300631,Adam Baker,Adam,Baker,Distribution Development Manager EMEIA,1,channel_dealer_partner_program,GB,2024-01-01,https://www.linkedin.com/company/ingersoll-rand,Ingersoll Rand,existing_c10_B,US?
https://www.linkedin.com/in/morenoalexandra07,Alexandra Moreno,Alexandra,Moreno,"Channel Marketing Manager, Champion Pneumatic",1,channel_dealer_partner_program,US,2026-03-01,https://www.linkedin.com/company/ingersoll-rand,Ingersoll Rand,existing_c10_B,US?
https://www.linkedin.com/in/mackenzie-liss-44072565,Mackenzie Liss,Mackenzie,Liss,Sr. Manager - Retail/VSI Sales & Channel Marketing,1,channel_dealer_partner_program,US,2026-08-01,https://www.linkedin.com/company/ingersoll-rand,Ingersoll Rand,existing_c10_B,US?
https://www.linkedin.com/in/armin-grzegorczyk-282884ab,Armin Grzegorczyk,Armin,Grzegorczyk,Manager Distribution Development,1,channel_dealer_partner_program,DE,2020-03-01,https://www.linkedin.com/company/ingersoll-rand,Ingersoll Rand,existing_c10_B,US?
https://www.linkedin.com/in/montserratsantalices,Montserrat Santalices,Montserrat,Santalices,VP Marketing CSS EMEIA and Center of Excellence Demand Generation,3,marketing_leader_fallback,ES,2025-12-01,https://www.linkedin.com/company/ingersoll-rand,Ingersoll Rand,existing_c10_B,US?
https://www.linkedin.com/in/martin-m%c3%bcller-53bb6328,Martin Müller,Martin,Müller,"Director, Marketing & Demand Generation, Region EMEIA",3,marketing_leader_fallback,DE,2020-03-01,https://www.linkedin.com/company/ingersoll-rand,Ingersoll Rand,existing_c10_B,US?
https://www.linkedin.com/in/corrie-neukirchner,Corrie Neukirchner,Corrie,Neukirchner,"Global Director, Marketing Life Science Technologies & Commercial Excellence",3,marketing_leader_fallback,US,2025-01-01,https://www.linkedin.com/company/ingersoll-rand,Ingersoll Rand,existing_c10_B,US?
https://www.linkedin.com/in/kate-hartman-b6314141,Kate Hartman,Kate,Hartman,"Vice President of Marketing, North America Compression Systems and Services",3,marketing_leader_fallback,US,2025-08-01,https://www.linkedin.com/company/ingersoll-rand,Ingersoll Rand,existing_c10_B,US?
https://www.linkedin.com/in/todd-leidall-309061b,Todd Leidall,Todd,Leidall,Head of Sales and Marketing,3,marketing_leader_fallback,US,2022-01-01,https://www.linkedin.com/company/iowamoldtooling,"Iowa Mold Tooling Co., Inc.",existing_c10_B,US?
https://www.linkedin.com/in/christopherdelanoval,Christopher De La Noval,Christopher,De La Noval,Sr. Director of Sales Operations & Marketing,3,marketing_leader_fallback,US,2025-01-01,https://www.linkedin.com/company/irinoxnorthamerica,Irinox Professional North America,existing_c10_B,US?
https://www.linkedin.com/in/trey-miller-rv,Trey Miller,Trey,Miller,Vice President Marketing,3,marketing_leader_fallback,US,2022-02-01,https://www.linkedin.com/company/jaycofamily,"Jayco, Inc.",existing_c10_B,US?
https://www.linkedin.com/in/sid-johnson-2856402a,Sid Johnson,Sid,Johnson,Director of Marketing,3,marketing_leader_fallback,US,1993-01-01,https://www.linkedin.com/company/jaycofamily,"Jayco, Inc.",existing_c10_B,US?
https://www.linkedin.com/in/gareth-lumsdaine-76ba1119,Gareth Lumsdaine,Gareth,Lumsdaine,Vice President Distribution Development,1,channel_dealer_partner_program,GB,2026-01-01,https://www.linkedin.com/company/jcb-north-america,JCB North America,existing_c10_B,US?
https://www.linkedin.com/in/suvi-toropainen,Suvi Toropainen,Suvi,Toropainen,Sponsored Dealer Program Manager,1,channel_dealer_partner_program,US,2023-07-01,https://www.linkedin.com/company/jcb-north-america,JCB North America,existing_c10_B,US?
https://www.linkedin.com/in/madyson-rorvik-562512178,Madyson Rorvik,Madyson,Rorvik,Dealer Marketing Manager,1,channel_dealer_partner_program,US,2023-01-01,https://www.linkedin.com/company/jcb-north-america,JCB North America,existing_c10_B,US?
https://www.linkedin.com/in/ben-coleman-82a69322,Ben Coleman,Ben,Coleman,Vice President Distribution Development,1,channel_dealer_partner_program,US,2019-04-01,https://www.linkedin.com/company/jcb-north-america,JCB North America,existing_c10_B,US?
https://www.linkedin.com/in/whitney-warnock-9762a114,Whitney Warnock,Whitney,Warnock,"Manager, Media Strategy & Dealer Marketing, North America",1,channel_dealer_partner_program,US,2025-03-01,https://www.linkedin.com/company/jcb-north-america,JCB North America,existing_c10_B,US?
https://www.linkedin.com/in/caroline-russell-a1347614b,Caroline Russell,Caroline,Russell,Dealer Standards Manager - Dealer Development,1,channel_dealer_partner_program,US,2020-03-01,https://www.linkedin.com/company/jcb-north-america,JCB North America,existing_c10_B,US?
https://www.linkedin.com/in/ashbygraham,Ashby Graham,Ashby,Graham,Vice President Marketing,3,marketing_leader_fallback,US,-,https://www.linkedin.com/company/jcb-north-america,JCB North America,existing_c10_B,US?
https://www.linkedin.com/in/harry-geurts-3073a765,Harry Geurts,Harry,Geurts,"Senior Manager, Distributor Development & Management",1,channel_dealer_partner_program,NL,2026-01-01,https://www.linkedin.com/company/jlg-industries,JLG Industries,existing_c10_B,US?
https://www.linkedin.com/in/brentrmiller,Brent Miller,Brent,Miller,"Vice President of Sales Administration, Marketing and Latin America",3,marketing_leader_fallback,US,2023-06-01,https://www.linkedin.com/company/jlg-industries,JLG Industries,existing_c10_B,US?
https://www.linkedin.com/in/saravincent,Sara Vincent,Sara,Vincent,"Senior Director, Marketing",3,marketing_leader_fallback,US,2026-01-01,https://www.linkedin.com/company/jlg-industries,JLG Industries,existing_c10_B,US?
https://www.linkedin.com/in/blakebobosky,Blake Bobosky,Blake,Bobosky,Director of Sales & Marketing Global Filtration,3,marketing_leader_fallback,US,2026-04-01,https://www.linkedin.com/company/k&n-engineering,K&n Engineering,existing_c10_B,US?
https://www.linkedin.com/in/jason-difuccia,Jason DiFuccia,Jason,DiFuccia,Chief Marketing Officer,3,marketing_leader_fallback,US,2023-07-01,https://www.linkedin.com/company/k&n-engineering,K&n Engineering,existing_c10_B,US?
https://www.linkedin.com/in/nick-okane-270324b,NICK OKANE,NICK,OKANE,Vice President Sports Marketing,3,marketing_leader_fallback,US,2021-12-01,https://www.linkedin.com/company/k&n-engineering,K&n Engineering,existing_c10_B,US?
https://www.linkedin.com/in/patric-schmit-76a04490,Patric Schmit,Patric,Schmit,VP Sales and Marketing,3,marketing_leader_fallback,US,2021-01-01,https://www.linkedin.com/company/karavan-trailers-llc,"Karavan Trailers, LLC",existing_c10_B,US?
https://www.linkedin.com/in/david-ring-9b76127,David Ring,David,Ring,VP Sales and Marketing,3,marketing_leader_fallback,US,2005-06-01,https://www.linkedin.com/company/kason-industries,Kason Industries,existing_c10_B,US?
https://www.linkedin.com/in/monica-katz-07739b65,monica katz,monica,katz,VP Sales & Marketing,3,marketing_leader_fallback,US,-,https://www.linkedin.com/company/kason-industries,Kason Industries,existing_c10_B,US?
https://www.linkedin.com/in/joe-ritter-79b17528,Joe Ritter,Joe,Ritter,"Director - National Field Sales & Channel Development US, Canada & Mexico",1,channel_dealer_partner_program,US,2024-12-01,https://www.linkedin.com/company/kion-north-america,KION North America,existing_c10_B,US?
https://www.linkedin.com/in/nickharris01,Nick Harris,Nick,Harris,Head of Marketing,3,marketing_leader_fallback,US,2024-03-01,https://www.linkedin.com/company/kion-north-america,KION North America,existing_c10_B,US?
https://www.linkedin.com/in/noah-lassiter-b1aa42255,Noah Lassiter,Noah,Lassiter,Dealer Development Supervisor,1,channel_dealer_partner_program,US,2025-07-01,https://www.linkedin.com/company/kioti-tractor,KIOTI Tractor,existing_c10_B,US?
https://www.linkedin.com/in/ron-morgan-239a6b61,Ron Morgan,Ron,Morgan,Senior Manager- Dealer Business Development,1,channel_dealer_partner_program,US,2025-03-01,https://www.linkedin.com/company/kioti-tractor,KIOTI Tractor,existing_c10_B,US?
https://www.linkedin.com/in/kirk-gibson-68b79210,Kirk Gibson,Kirk,Gibson,Manager of Dealer Development,1,channel_dealer_partner_program,US,2025-11-01,https://www.linkedin.com/company/kobelco-construction-machinery-usa-inc-,"Kobelco Construction Machinery Usa, Inc",existing_c10_B,US?
https://www.linkedin.com/in/dan-collins-51722920,Dan Collins,Dan,Collins,Director - Product Development & Marketing,3,marketing_leader_fallback,US,2019-01-01,https://www.linkedin.com/company/kobelco-construction-machinery-usa-inc-,"Kobelco Construction Machinery Usa, Inc",existing_c10_B,US?
https://www.linkedin.com/in/scott-rogers-42220710,Scott Rogers,Scott,Rogers,"Vice President Sales, Marketing and Product Management",3,marketing_leader_fallback,US,2022-09-01,https://www.linkedin.com/company/kolpakwalkins,Kolpak Walk-Ins,existing_c10_B,US?
https://www.linkedin.com/in/stephen-barcuch-a884691,Stephen Barcuch,Stephen,Barcuch,Vice President Sales and Dealer Development,1,channel_dealer_partner_program,US,2026-01-01,https://www.linkedin.com/company/kubota-tractor-corporation,Kubota Tractor Corporation,existing_c10_B,US?
https://www.linkedin.com/in/casey-quigg-6048331,Casey Quigg,Casey,Quigg,Senior Dealer Development Manager,1,channel_dealer_partner_program,US,2024-01-01,https://www.linkedin.com/company/kubota-tractor-corporation,Kubota Tractor Corporation,existing_c10_B,US?
https://www.linkedin.com/in/patricia-gregory-9343b15a,Patricia Gregory,Patricia,Gregory,Communications Team Lead - Network Services,1,channel_dealer_partner_program,US,2019-12-01,https://www.linkedin.com/company/kubota-tractor-corporation,Kubota Tractor Corporation,existing_c10_B,US?
https://www.linkedin.com/in/davidjwrobel,David Wrobel,David,Wrobel,"Senior Manager,  Integrated Marketing Communications",2,marketing_communications,US,2022-06-01,https://www.linkedin.com/company/kubota-tractor-corporation,Kubota Tractor Corporation,existing_c10_B,US?
https://www.linkedin.com/in/tim-boulds-47948390,Tim Boulds,Tim,Boulds,Director - Product Marketing - Construction Equipment,3,marketing_leader_fallback,US,2023-08-01,https://www.linkedin.com/company/kubota-tractor-corporation,Kubota Tractor Corporation,existing_c10_B,US?
https://www.linkedin.com/in/carolina-wagner-marketing,Carolina Wagner,Carolina,Wagner,Vice President Marketing,3,marketing_leader_fallback,US,2026-04-01,https://www.linkedin.com/company/kumhotireusa,Kumho Tire USA,existing_c10_B,US?
https://www.linkedin.com/in/trey-elledge-6b29528b,Trey Elledge,Trey,Elledge,Vice President of Sales & Marketing,3,marketing_leader_fallback,US,-,https://www.linkedin.com/company/kws-manufacturing-co.-ltd.,"Kws Manufacturing Co., Llc",existing_c10_B,US?
https://www.linkedin.com/in/charles-o-donnell-5740a26,Charles O'Donnell,Charles,O'Donnell,Director of Marketing,3,marketing_leader_fallback,US,2012-01-01,https://www.linkedin.com/company/laars-heating-systems,Laars Heating Systems,existing_c10_B,US?
https://www.linkedin.com/in/patrick-pat-miller-59437424,Patrick (Pat) Miller,Patrick (Pat),Miller,GM Distribution Development NA,1,channel_dealer_partner_program,US,2022-02-01,https://www.linkedin.com/company/lbx-company,LBX Company,existing_c10_B,US?
https://www.linkedin.com/in/chris-wise-477b1093,Chris Wise,Chris,Wise,Director of Marketing & Distribution Development,1,channel_dealer_partner_program,US,-,https://www.linkedin.com/company/lbx-company,LBX Company,existing_c10_B,US?
https://www.linkedin.com/in/pat-miller-8696ab293,Pat Miller,Pat,Miller,GM Distribution Development,1,channel_dealer_partner_program,US,-,https://www.linkedin.com/company/lbx-company,LBX Company,existing_c10_B,US?
https://www.linkedin.com/in/lisa-bemis-9ba6216,Lisa Bemis,Lisa,Bemis,Marketing Communications Manager,2,marketing_communications,US,2018-06-01,https://www.linkedin.com/company/lbx-company,LBX Company,existing_c10_B,US?
https://www.linkedin.com/in/don-harvell-96aa1914,Don Harvell,Don,Harvell,"Vice President of Sales and Marketing, North America",3,marketing_leader_fallback,US,-,https://www.linkedin.com/company/lbx-company,LBX Company,existing_c10_B,US?
https://www.linkedin.com/in/kristi-harris-5013a192,Kristi Harris,Kristi,Harris,Director of Marketing,3,marketing_leader_fallback,US,2016-02-01,https://www.linkedin.com/company/leeboy,LeeBoy,existing_c10_B,US?
https://www.linkedin.com/in/shawn-gatt-a026902b,Shawn Gatt,Shawn,Gatt,Channel Development Manager,1,channel_dealer_partner_program,US,2024-08-01,https://www.linkedin.com/company/lenze-americas-corporation,Lenze Americas Corporation,existing_c10_B,US?
https://www.linkedin.com/in/sheldon-smith,Sheldon Smith,Sheldon,Smith,Channel Development Manager,1,channel_dealer_partner_program,US,-,https://www.linkedin.com/company/lenze-americas-corporation,Lenze Americas Corporation,existing_c10_B,US?
https://www.linkedin.com/in/rick-gomez-218a3715,Rick Gomez,Rick,Gomez,Channel Development Manager,1,channel_dealer_partner_program,US,2025-05-01,https://www.linkedin.com/company/lenze-americas-corporation,Lenze Americas Corporation,existing_c10_B,US?
https://www.linkedin.com/in/cchery,Claudia Chery,Claudia,Chery,Director of Marketing,3,marketing_leader_fallback,US,2025-01-01,https://www.linkedin.com/company/lenze-americas-corporation,Lenze Americas Corporation,existing_c10_B,US?
https://www.linkedin.com/in/riley-schroeder-1b695255,Riley Schroeder,Riley,Schroeder,Vice President - Business Development and Marketing,3,marketing_leader_fallback,US,2026-05-01,https://www.linkedin.com/company/lenze-americas-corporation,Lenze Americas Corporation,existing_c10_B,US?
https://www.linkedin.com/in/gary-konarska,Gary Konarska,Gary,Konarska,"Vice President, Global Product & Marketing Strategy",3,marketing_leader_fallback,GB,2025-05-01,https://www.linkedin.com/company/lincoln-electric,Lincoln Electric,existing_c10_B,US?
https://www.linkedin.com/in/ewahl,Eric W.,Eric,W.,"VP, Global Marketing & Branding",3,marketing_leader_fallback,US,2026-05-01,https://www.linkedin.com/company/lincoln-electric,Lincoln Electric,existing_c10_B,US?
https://www.linkedin.com/in/jason-parker-4b238815,Jason Parker,Jason,Parker,Director of Sales and Marketing,3,marketing_leader_fallback,US,2008-01-01,https://www.linkedin.com/company/lindsay-corporation,Lindsay Corporation,existing_c10_B,US?
https://www.linkedin.com/in/gary-lane-a18b2a57,Gary Lane,Gary,Lane,"Vice President - Marketing, Sales and Customer Support",3,marketing_leader_fallback,US,2025-07-01,https://www.linkedin.com/company/linkbeltcranes,Link-Belt Cranes,existing_c10_B,US?
https://www.linkedin.com/in/matt-zuehlke-5b9b7152,Matt Zuehlke,Matt,Zuehlke,Marketing Communications Manager,2,marketing_communications,US,2025-01-01,https://www.linkedin.com/company/lucas-milhaupt,Lucas Milhaupt,existing_c10_B,US?
https://www.linkedin.com/in/michael-klingensmith-1a013259,Michael Klingensmith,Michael,Klingensmith,VP of Sales and Marketing,3,marketing_leader_fallback,US,2025-10-01,https://www.linkedin.com/company/masterack,Masterack,existing_c10_B,US?
https://www.linkedin.com/in/brad-williams-31565041,Brad Williams,Brad,Williams,National Director of Sales and Marketing,3,marketing_leader_fallback,US,2000-01-01,https://www.linkedin.com/company/maxxis-international,Maxxis International,existing_c10_B,US?
https://www.linkedin.com/in/mattclark84,Matt Clark,Matt,Clark,Associate Director of Marketing,3,marketing_leader_fallback,US,2024-01-01,https://www.linkedin.com/company/maxxis-international,Maxxis International,existing_c10_B,US?
https://www.linkedin.com/in/victoria-connelly-a89093178,Victoria Connelly,Victoria,Connelly,"Sr. Manager, Dealer Development",1,channel_dealer_partner_program,US,2025-08-01,https://www.linkedin.com/company/mcneilus-truck-and-manufacturing-inc-,"McNeilus Truck and Manufacturing, Inc.",existing_c10_B,US?
https://www.linkedin.com/in/kevan-kokkonen-a0164ab7,Kevan Kokkonen,Kevan,Kokkonen,Vice President of Sales & Marketing,3,marketing_leader_fallback,US,-,https://www.linkedin.com/company/mcneilus-truck-and-manufacturing-inc-,"McNeilus Truck and Manufacturing, Inc.",existing_c10_B,US?
https://www.linkedin.com/in/joleneparisio,"Jolene Parisio, MBA",Jolene,"Parisio, MBA",Vice President of Marketing (CMO) - Fractional Executive,3,marketing_leader_fallback,US,2025-12-01,https://www.linkedin.com/company/mecawp,Mec Aerial Work Platforms,existing_c10_B,US?
https://www.linkedin.com/in/davidrbaxter,David Baxter,David,Baxter,"Vice President, Marketing & Product Management",3,marketing_leader_fallback,US,2025-01-01,https://www.linkedin.com/company/mecawp,Mec Aerial Work Platforms,existing_c10_B,US?
https://www.linkedin.com/in/kevin-spencer-81106921,Kevin Spencer,Kevin,Spencer,Director of Remarketing,3,marketing_leader_fallback,US,2023-10-01,https://www.linkedin.com/company/mecawp,Mec Aerial Work Platforms,existing_c10_B,US?
https://www.linkedin.com/in/gudrun-schul-132273133,Gudrun Schul,Gudrun,Schul,Head of Marketing/Communication EU,3,marketing_leader_fallback,DE,2007-01-01,https://www.linkedin.com/company/messer-cutting-systems,Messer Cutting Systems,existing_c10_B,US?
https://www.linkedin.com/in/joerg-toberna-646969a8,Joerg Toberna,Joerg,Toberna,Director of Marketing,3,marketing_leader_fallback,US,1980-09-01,https://www.linkedin.com/company/messer-cutting-systems,Messer Cutting Systems,existing_c10_B,US?
https://www.linkedin.com/in/dave-thiesse-b7585a11,Dave Thiesse,Dave,Thiesse,"Vice President, Commercialization (Sales, Marketing, Product Development)",3,marketing_leader_fallback,US,2023-09-01,https://www.linkedin.com/company/mi-t-m-corporation,Mi-T-M Corporation,existing_c10_B,US?
https://www.linkedin.com/in/grant-hilliard-51899453,Grant Hilliard,Grant,Hilliard,Vice President Sales and Marketing,3,marketing_leader_fallback,US,2025-10-01,https://www.linkedin.com/company/mickeytruckbodies,Mickey Truck Bodies,existing_c10_B,US?
https://www.linkedin.com/in/bun-ly,Bun Ly,Bun,Ly,"Senior Director of Global Strategic Marketing, and Product Management",3,marketing_leader_fallback,US,2024-01-01,https://www.linkedin.com/company/milacron,Milacron,existing_c10_B,US?
https://www.linkedin.com/in/matt-wessel,Matt Wessel,Matt,Wessel,"Director, Global Marketing",3,marketing_leader_fallback,US,2026-01-01,https://www.linkedin.com/company/milacron,Milacron,existing_c10_B,US?
https://www.linkedin.com/in/fadi-abdal-943b2517a,Fadi Abdal,Fadi,Abdal,"Senior Director, Global Strategic Marketing",3,marketing_leader_fallback,US,-,https://www.linkedin.com/company/milacron,Milacron,existing_c10_B,US?
https://www.linkedin.com/in/sarampeters,Sara Peters,Sara,Peters,Marketing and Channel Manager,1,channel_dealer_partner_program,US,2022-04-01,https://www.linkedin.com/company/millerwelders,Miller Electric Mfg. LLC,existing_c10_B,US?
https://www.linkedin.com/in/nick-moore-b009952,Nick Moore,Nick,Moore,VP of Sales and Marketing,3,marketing_leader_fallback,US,2025-01-01,https://www.linkedin.com/company/milsco-manufacturing,Milsco LLC,existing_c10_B,US?
https://www.linkedin.com/in/abwdawson,Andrew Dawson,Andrew,Dawson,Director of Product Management and Marketing,3,marketing_leader_fallback,US,2024-01-01,https://www.linkedin.com/company/muncie-power-products-inc,Muncie Power Products,existing_c10_B,US?
https://www.linkedin.com/in/george-halleck-609aa819,George Halleck,George,Halleck,VP Marketing,3,marketing_leader_fallback,US,-,https://www.linkedin.com/company/muncie-power-products-inc,Muncie Power Products,existing_c10_B,US?
https://www.linkedin.com/in/andi-riem-35a1841b9,Andi Riem,Andi,Riem,Executive Vice President of Sales and Marketing,3,marketing_leader_fallback,US,2026-01-01,https://www.linkedin.com/company/new-leader-manufacturing,New Leader Manufacturing,existing_c10_B,US?
https://www.linkedin.com/in/rob-corrado-3ab5a26,Rob Corrado,Rob,Corrado,Director of Sales and Marketing,3,marketing_leader_fallback,US,2025-03-01,https://www.linkedin.com/company/new-way-trucks,New Way® Trucks,existing_c10_B,US?
https://www.linkedin.com/in/craig-pellin-7494b16,Craig Pellin,Craig,Pellin,Vice President of Sales & Marketing,3,marketing_leader_fallback,US,2021-07-01,https://www.linkedin.com/company/nexen-group-inc,"Nexen Group, Inc",existing_c10_B,US?
https://www.linkedin.com/in/david-wegley-14852979,David Wegley,David,Wegley,Channel Development Manager,1,channel_dealer_partner_program,US,2024-09-01,https://www.linkedin.com/company/workatnovae,Novae,existing_c10_B,US?
https://www.linkedin.com/in/tyler-hibma-9a436b49,Tyler Hibma,Tyler,Hibma,Marketing Manager of Captive Distribution,1,channel_dealer_partner_program,US,2025-05-01,https://www.linkedin.com/company/workatnovae,Novae,existing_c10_B,US?
https://www.linkedin.com/in/jeaninegaffke,Jeanine M. Gaffke,Jeanine M.,Gaffke,CMO and Senior Vice President,3,marketing_leader_fallback,US,2025-01-01,https://www.linkedin.com/company/workatnovae,Novae,existing_c10_B,US?
https://www.linkedin.com/in/rriversgr,Rachel Rivers,Rachel,Rivers,Director of Digital Marketing,3,marketing_leader_fallback,US,2025-03-01,https://www.linkedin.com/company/workatnovae,Novae,existing_c10_B,US?
https://www.linkedin.com/in/evanvanderwerker,Evan VanDerwerker,Evan,VanDerwerker,"Senior Director of Marketing, Robotics & Automation",3,marketing_leader_fallback,US,2025-07-01,https://www.linkedin.com/company/novanta-inc,Novanta,existing_c10_B,US?
https://www.linkedin.com/in/seth-kardos-566073a,Seth Kardos,Seth,Kardos,Vice President Global Sales & Marketing MIS,3,marketing_leader_fallback,US,2020-07-01,https://www.linkedin.com/company/novanta-inc,Novanta,existing_c10_B,US?
https://www.linkedin.com/in/meghanharrisonmyers,Meghan Myers,Meghan,Myers,"Director, Global Marketing and Business Development",3,marketing_leader_fallback,US,2025-06-01,https://www.linkedin.com/company/novanta-inc,Novanta,existing_c10_B,US?
https://www.linkedin.com/in/brianbeckley,Brian Beckley,Brian,Beckley,Director of Sales and Marketing,3,marketing_leader_fallback,US,-,https://www.linkedin.com/company/nskamericas,NSK,existing_c10_B,US?
https://www.linkedin.com/in/jpweber1994,"Joe Weber, MBA",Joe,"Weber, MBA",Channel Marketing Manager,1,channel_dealer_partner_program,US,2019-12-01,https://www.linkedin.com/company/osborn-international,Osborn,existing_c10_B,US?
https://www.linkedin.com/in/chad-taylor-69062643,Chad Taylor,Chad,Taylor,"Director, Sales & Marketing",3,marketing_leader_fallback,US,2014-04-01,https://www.linkedin.com/company/otrwheel,OTR Engineered Solutions,existing_c10_B,US?
https://www.linkedin.com/in/roz-biencourt-2ba4b223,Roz Biencourt,Roz,Biencourt,"Global Director, Transformative Marketing & Lead Management",3,marketing_leader_fallback,US,2022-03-01,https://www.linkedin.com/company/pall-energy,Pall - Energy,existing_c10_B,US?
https://www.linkedin.com/in/pernilla-nimmermark-41496811,Pernilla Nimmermark,Pernilla,Nimmermark,Distribution Partner Marketing Leader,1,channel_dealer_partner_program,SE,2026-08-01,https://www.linkedin.com/company/parker-hannifin,Parker Hannifin,existing_c10_B,US?
https://www.linkedin.com/in/jmcgowen,Juanita McGowen,Juanita,McGowen,Marketing Communications Manager (Motion Systems & Fluid Connectors Group),2,marketing_communications,US,2024-09-01,https://www.linkedin.com/company/parker-hannifin,Parker Hannifin,existing_c10_B,US?
https://www.linkedin.com/in/jfalkowski,Jeff Falkowski,Jeff,Falkowski,Vice President of Corporate Marketing,3,marketing_leader_fallback,US,2025-12-01,https://www.linkedin.com/company/parker-hannifin,Parker Hannifin,existing_c10_B,US?
https://www.linkedin.com/in/kirkwescom,Kirk Wescom,Kirk,Wescom,Marketing Communications Manager,2,marketing_communications,US,2016-01-01,https://www.linkedin.com/company/pbc-linear-a-pacific-bearing-company,PBC Linear,existing_c10_B,US?
https://www.linkedin.com/in/esentany,Beth Sentany,Beth,Sentany,Head of Marketing & Communications,2,marketing_communications,US,2024-09-01,https://www.linkedin.com/company/peerless-pump-company,Peerless Pump Company,existing_c10_B,US?
https://www.linkedin.com/in/drake-miller-19501a1,Drake Miller,Drake,Miller,Director of Marketing,3,marketing_leader_fallback,US,2025-01-01,https://www.linkedin.com/company/permco,Permco,existing_c10_B,US?
https://www.linkedin.com/in/sandystoffel,Sandy Stoffel,Sandy,Stoffel,Director Marketing and Customer Care,3,marketing_leader_fallback,US,2022-10-01,https://www.linkedin.com/company/phillips-and-temro-industries,Phillips & Temro Industries,existing_c10_B,US?
https://www.linkedin.com/in/greg-gloden-637420224,greg gloden,greg,gloden,Director Of Sales Marketing,3,marketing_leader_fallback,US,-,https://www.linkedin.com/company/phillips-and-temro-industries,Phillips & Temro Industries,existing_c10_B,US?
https://www.linkedin.com/in/mike-hook-63020a9,Mike Hook,Mike,Hook,Director of Sales and Marketing,3,marketing_leader_fallback,US,2012-09-01,https://www.linkedin.com/company/prab-inc-,"PRAB, Inc.",existing_c10_B,US?
https://www.linkedin.com/in/mike-hill-a3083234,Mike Hill,Mike,Hill,Vice President - Sales & Marketing,3,marketing_leader_fallback,US,2007-01-01,https://www.linkedin.com/company/prab-inc-,"PRAB, Inc.",existing_c10_B,US?
https://www.linkedin.com/in/mike-hill-5a438316,Mike Hill,Mike,Hill,Vice President - Sales & Marketing (Ret.),3,marketing_leader_fallback,US,2007-01-01,https://www.linkedin.com/company/prab-inc-,"PRAB, Inc.",existing_c10_B,US?
https://www.linkedin.com/in/lopezrl,Richard Lopez,Richard,Lopez,Network Manager,1,channel_dealer_partner_program,US,-,https://www.linkedin.com/company/the-pump-solutions-group,"PSG, a Dover company",existing_c10_B,US?
https://www.linkedin.com/in/jeremyjohnsonmba,Jeremy Johnson,Jeremy,Johnson,Marketing & Communications Manager,2,marketing_communications,US,2025-03-01,https://www.linkedin.com/company/the-pump-solutions-group,"PSG, a Dover company",existing_c10_B,US?
https://www.linkedin.com/in/tarynkamita,Taryn Kamita,Taryn,Kamita,Marketing Communications Manager,2,marketing_communications,US,2025-03-01,https://www.linkedin.com/company/the-pump-solutions-group,"PSG, a Dover company",existing_c10_B,US?
https://www.linkedin.com/in/sebastian-j%c3%bctte-543962175,Sebastian Jütte,Sebastian,Jütte,Marketing Communications Manager,2,marketing_communications,DE,2024-03-01,https://www.linkedin.com/company/the-pump-solutions-group,"PSG, a Dover company",existing_c10_B,US?
https://www.linkedin.com/in/karalee-jerse-woodward-7180b1140,Karalee Jerse-Woodward,Karalee,Jerse-Woodward,Marketing Communications Manager,2,marketing_communications,US,2023-01-01,https://www.linkedin.com/company/the-pump-solutions-group,"PSG, a Dover company",existing_c10_B,US?
https://www.linkedin.com/in/corina-seuwen-1b684759,Corina Seuwen,Corina,Seuwen,"Marketing Communications Manager | PSG Germany | Almatec, Mouvex, Abaque, ipp",2,marketing_communications,DE,2025-01-01,https://www.linkedin.com/company/the-pump-solutions-group,"PSG, a Dover company",existing_c10_B,US?
https://www.linkedin.com/in/christophe-jovani-969b7094,Christophe Jovani,Christophe,Jovani,Marketing Communication Manager,2,marketing_communications,FR,2001-04-01,https://www.linkedin.com/company/the-pump-solutions-group,"PSG, a Dover company",existing_c10_B,US?
https://www.linkedin.com/in/steven-cox-62a6276,Steven Cox,Steven,Cox,VP Sales & Marketing,3,marketing_leader_fallback,US,-,https://www.linkedin.com/company/the-pump-solutions-group,"PSG, a Dover company",existing_c10_B,US?
https://www.linkedin.com/in/chris-walsh-2a39b06,Chris Walsh,Chris,Walsh,Vice President Marketing & Engineering,3,marketing_leader_fallback,US,2022-09-01,https://www.linkedin.com/company/the-pump-solutions-group,"PSG, a Dover company",existing_c10_B,US?
https://www.linkedin.com/in/walter-bonnett-2104794,Walter Bonnett,Walter,Bonnett,Global Director of Marketing,3,marketing_leader_fallback,US,2007-01-01,https://www.linkedin.com/company/the-pump-solutions-group,"PSG, a Dover company",existing_c10_B,US?
https://www.linkedin.com/in/kevin-huesman-5431b038,Kevin Huesman,Kevin,Huesman,Dealer Development Manager,1,channel_dealer_partner_program,US,1979-06-01,https://www.linkedin.com/company/purinamills,"Purina Mills, LLC",existing_c10_B,US?
https://www.linkedin.com/in/kevin-bailey-64b2a8133,Kevin Bailey,Kevin,Bailey,Director of Marketing Communications,2,marketing_communications,US,2025-12-01,https://www.linkedin.com/company/race-winning-brands,Race Winning Brands,existing_c10_B,US?
https://www.linkedin.com/in/scott-highland-2757b01,Scott Highland,Scott,Highland,VP of Marketing and Strategy,3,marketing_leader_fallback,US,2025-01-01,https://www.linkedin.com/company/race-winning-brands,Race Winning Brands,existing_c10_B,US?
https://www.linkedin.com/in/tom-krc,Tom Krc,Tom,Krc,Director of Sales Marketing,3,marketing_leader_fallback,US,2024-08-01,https://www.linkedin.com/company/realramseyindustries,Ramsey Industries,existing_c10_B,US?
https://www.linkedin.com/in/amin-monfared-9969a930,Amin Monfared,Amin,Monfared,"Director Sales & Marketing, Pool (GTM B2B Leader)",3,marketing_leader_fallback,US,2023-08-01,https://www.linkedin.com/company/officialraypak,Raypak,existing_c10_B,US?
https://www.linkedin.com/in/peter-reynolds-2026071,Peter Reynolds,Peter,Reynolds,VP Marketing,3,marketing_leader_fallback,US,-,https://www.linkedin.com/company/officialraypak,Raypak,existing_c10_B,US?
https://www.linkedin.com/in/suzan-van-schie-a9aa84112,Suzan Van Schie,Suzan,Van Schie,Marketing Communication Manager,2,marketing_communications,NL,2022-04-01,https://www.linkedin.com/company/regal-rexnord-europe,Regal Rexnord Europe,existing_c10_B,US?
https://www.linkedin.com/in/erinbartelson,Erin Ark (Bartelson),Erin,Ark (Bartelson),Director of Distribution Marketing,1,channel_dealer_partner_program,US,2026-01-01,https://www.linkedin.com/company/rite-hite,Rite-Hite,existing_c10_B,US?
https://www.linkedin.com/in/peter-burke-768a308,Peter Burke,Peter,Burke,Director of Sales and Marketing,3,marketing_leader_fallback,US,2022-09-01,https://www.linkedin.com/company/rite-hite,Rite-Hite,existing_c10_B,US?
https://www.linkedin.com/in/gabewahhab,Gabe Wahhab,Gabe,Wahhab,Director of Product Marketing,3,marketing_leader_fallback,US,2025-04-01,https://www.linkedin.com/company/rite-hite,Rite-Hite,existing_c10_B,US?
https://www.linkedin.com/in/melaniemaddux,Melanie Maddux,Melanie,Maddux,Chief Marketing Officer,3,marketing_leader_fallback,US,2026-01-01,https://www.linkedin.com/company/rite-hite,Rite-Hite,existing_c10_B,US?
https://www.linkedin.com/in/amberdeep,Amberdeep S. Aurora,Amberdeep S.,Aurora,Director of Product Marketing (Business Unit CMO),3,marketing_leader_fallback,US,2024-01-01,https://www.linkedin.com/company/rite-hite,Rite-Hite,existing_c10_B,US?
https://www.linkedin.com/in/annabaxterkirk,Anna Kirk,Anna,Kirk,Head of Performance Marketing,3,marketing_leader_fallback,US,2026-08-01,https://www.linkedin.com/company/rite-hite,Rite-Hite,existing_c10_B,US?
https://www.linkedin.com/in/tim-lebens-8510941,Tim Lebens,Tim,Lebens,Director of Marketing,3,marketing_leader_fallback,US,-,https://www.linkedin.com/company/rite-hite,Rite-Hite,existing_c10_B,US?
https://www.linkedin.com/in/mike-schoenberger-87612564,Mike Schoenberger,Mike,Schoenberger,Director of Dealer Development,1,channel_dealer_partner_program,US,2010-01-01,https://www.linkedin.com/company/rosenbauer-america,Rosenbauer America,existing_c10_B,US?
https://www.linkedin.com/in/allison-n-90b06913,Allison N.,Allison,N.,Director of Marketing & Sales,3,marketing_leader_fallback,US,2022-11-01,https://www.linkedin.com/company/rosenbauer-america,Rosenbauer America,existing_c10_B,US?
https://www.linkedin.com/in/john-rylee-3695503,John Rylee,John,Rylee,Director of Global Marketing,3,marketing_leader_fallback,US,-,https://www.linkedin.com/company/rotaryshopequipment,Rotary By Rotary Solutions,existing_c10_B,US?
https://www.linkedin.com/in/chris-roessler-7a587313,Chris Roessler,Chris,Roessler,Vice President of Marketing & Advertising,3,marketing_leader_fallback,US,1993-09-01,https://www.linkedin.com/company/rotary-corporation,Rotary Corporation,existing_c10_B,US?
https://www.linkedin.com/in/howard-kelly,Howard Kelly,Howard,Kelly,Vice President of Marketing,3,marketing_leader_fallback,US,2024-09-01,https://www.linkedin.com/company/sscycle,"S&s Cycle, Inc",existing_c10_B,US?
https://www.linkedin.com/in/phil-boehnlein-249a719,Phil Boehnlein,Phil,Boehnlein,Marketing Communications Manager,2,marketing_communications,US,-,https://www.linkedin.com/company/accubuilt,"S&s Superior Coach Company, Inc",existing_c10_B,US?
https://www.linkedin.com/in/nathansampler,Nathan Sampler,Nathan,Sampler,"Vice President, Dealer Development",1,channel_dealer_partner_program,US,2025-07-01,https://www.linkedin.com/company/sany-america,SANY America,existing_c10_B,US?
https://www.linkedin.com/in/nichole-greco-272b3b48,Nichole Greco,Nichole,Greco,Director of Marketing,3,marketing_leader_fallback,US,2019-01-01,https://www.linkedin.com/company/sany-america,SANY America,existing_c10_B,US?
https://www.linkedin.com/in/john-wilson-4a195419,John Wilson,John,Wilson,Vice President of Sales & Marketing,3,marketing_leader_fallback,US,2008-10-01,https://www.linkedin.com/company/sany-america,SANY America,existing_c10_B,US?
https://www.linkedin.com/in/john-wilson-b88aa331,John Wilson,John,Wilson,Vice President of Sales & Marketing,3,marketing_leader_fallback,US,-,https://www.linkedin.com/company/sany-america,SANY America,existing_c10_B,US?
https://www.linkedin.com/in/mike-spritka-37700146,Mike Spritka,Mike,Spritka,Network Manager,1,channel_dealer_partner_program,US,2006-09-01,https://www.linkedin.com/company/schiller-grounds-care-inc,"Schiller Grounds Care, Inc.",existing_c10_B,US?
https://www.linkedin.com/in/gina-putnam-94a393b,Gina Putnam,Gina,Putnam,Director of Sales & Marketing,3,marketing_leader_fallback,US,2020-01-01,https://www.linkedin.com/company/schiller-grounds-care-inc,"Schiller Grounds Care, Inc.",existing_c10_B,US?
https://www.linkedin.com/in/steve-lepera-29418a14,Steve LePera,Steve,LePera,Director of Marketing,3,marketing_leader_fallback,US,1994-09-01,https://www.linkedin.com/company/schiller-grounds-care-inc,"Schiller Grounds Care, Inc.",existing_c10_B,US?
https://www.linkedin.com/in/jonathan-west-65b3a4b,Jonathan West,Jonathan,West,Lead Network Administrator,1,channel_dealer_partner_program,US,-,https://www.linkedin.com/company/sew_eurodrive_us,SEW-EURODRIVE - USA,existing_c10_B,US?
https://www.linkedin.com/in/enrico-berlenghi-9279766,Enrico Berlenghi,Enrico,Berlenghi,Vice President of Sales and Marketing EMEA,3,marketing_leader_fallback,NL,2026-03-01,https://www.linkedin.com/company/shuttleworth-inc,Shuttleworth,existing_c10_B,US?
https://www.linkedin.com/in/scottbutterfield18,Scott Butterfield,Scott,Butterfield,Vice President Strategic Marketing and Business Development,3,marketing_leader_fallback,US,2016-01-01,https://www.linkedin.com/company/spx-technologies,SPX Technologies,existing_c10_B,US?
https://www.linkedin.com/in/piergiorgio-rossi-6715988a,Piergiorgio Rossi,Piergiorgio,Rossi,"Director Sales, Marketing and Service EMEA",3,marketing_leader_fallback,IT,2008-03-01,https://www.linkedin.com/company/stanadyne,Stanadyne,existing_c10_B,US?
https://www.linkedin.com/in/kayleelapp,Kaylee Lapp,Kaylee,Lapp,Director of Marketing & Communications,2,marketing_communications,US,2026-01-01,https://www.linkedin.com/company/steffes-corporation,Steffes,existing_c10_B,US?
https://www.linkedin.com/in/robdehaan30041961,Rob de Haan,Rob,de Haan,Team Leader Business Development Network,1,channel_dealer_partner_program,NL,2021-03-01,https://www.linkedin.com/company/stoneridgeglobal,Stoneridge,existing_c10_B,US?
https://www.linkedin.com/in/matijs-van-moorsel-4196b85b,Matijs van Moorsel,Matijs,van Moorsel,International Senior Partner Network Manager,1,channel_dealer_partner_program,NL,2022-01-01,https://www.linkedin.com/company/stoneridgeglobal,Stoneridge,existing_c10_B,US?
https://www.linkedin.com/in/samanthasimmerson,"Samantha S. Simmerson, MBA",Samantha S.,"Simmerson, MBA","Senior Manager, Global Marketing & Communications",2,marketing_communications,US,-,https://www.linkedin.com/company/stoneridgeglobal,Stoneridge,existing_c10_B,US?
https://www.linkedin.com/in/barryrmyers,"Barry Myers, MBA",Barry,"Myers, MBA","Corporate Director, Marketing and Communications",3,marketing_leader_fallback,US,2022-01-01,https://www.linkedin.com/company/strongwell,Strongwell,existing_c10_B,US?
https://www.linkedin.com/in/cwpoppe,Corey Poppe,Corey,Poppe,Marketing Communications Manager,2,marketing_communications,US,2007-08-01,https://www.linkedin.com/company/superiorindustries,Superior Industries Inc,existing_c10_B,US?
https://www.linkedin.com/in/mary-erholtz-6231504,Mary Erholtz,Mary,Erholtz,Vice President of Marketing,3,marketing_leader_fallback,US,1995-07-01,https://www.linkedin.com/company/superiorindustries,Superior Industries Inc,existing_c10_B,US?
https://www.linkedin.com/in/kevin-o-brien-154a78,Kevin O'Brien,Kevin,O'Brien,"Program Manager, Europe Distribution",1,channel_dealer_partner_program,US,2012-01-01,https://www.linkedin.com/company/swagelok,Swagelok,existing_c10_B,US?
https://www.linkedin.com/in/amy-e-johns,Amy Johns,Amy,Johns,"Senior Manager, Marketing Communications and Global Brand",2,marketing_communications,US,2025-10-01,https://www.linkedin.com/company/swagelok,Swagelok,existing_c10_B,US?
https://www.linkedin.com/in/darcy-tizzano-25446532,Darcy Tizzano,Darcy,Tizzano,Integrated Marketing Communications Manager,2,marketing_communications,US,2023-01-01,https://www.linkedin.com/company/swagelok,Swagelok,existing_c10_B,US?
https://www.linkedin.com/in/tconnorherr,Connor Herr,Connor,Herr,Vice President Marketing,3,marketing_leader_fallback,US,-,https://www.linkedin.com/company/swagelok,Swagelok,existing_c10_B,US?
https://www.linkedin.com/in/matt-speece-6b185911,Matt Speece,Matt,Speece,Vice President Marketing,3,marketing_leader_fallback,US,2025-06-01,https://www.linkedin.com/company/swagelok,Swagelok,existing_c10_B,US?
https://www.linkedin.com/in/courtney-sankovich,Courtney Sankovich,Courtney,Sankovich,Global Director of Strategic Marketing,3,marketing_leader_fallback,US,2024-07-01,https://www.linkedin.com/company/swagelok,Swagelok,existing_c10_B,US?
https://www.linkedin.com/in/paul-wade-8521124,Paul Wade,Paul,Wade,Dealer Development Manager - Central/West,1,channel_dealer_partner_program,US,2026-03-01,https://www.linkedin.com/company/takeuchi,Takeuchi,existing_c10_B,US?
https://www.linkedin.com/in/jeffrey-ratliff-6715a95,Jeffrey Ratliff,Jeffrey,Ratliff,Director of Sales & Marketing,3,marketing_leader_fallback,US,2024-10-01,https://www.linkedin.com/company/takeuchi,Takeuchi,existing_c10_B,US?
https://www.linkedin.com/in/todd-brooks-030096123,Todd Brooks,Todd,Brooks,Marketing Communications Manager / Graphic Artist,2,marketing_communications,US,2019-02-01,https://www.linkedin.com/company/taylor-machine-works-inc.,"Taylor Machine Works, Inc",existing_c10_B,US?
https://www.linkedin.com/in/lucas-craig-4b03b245,Lucas Craig,Lucas,Craig,Heil Dealer Development Manager,1,channel_dealer_partner_program,US,2022-09-01,https://www.linkedin.com/company/terex,Terex Corporation,existing_c10_B,US?
https://www.linkedin.com/in/bernd-z-b0246a5b,Bernd Z.,Bernd,Z.,Director Global Network,1,channel_dealer_partner_program,DE,2017-01-01,https://www.linkedin.com/company/terex,Terex Corporation,existing_c10_B,US?
https://www.linkedin.com/in/jennfarrellsutton,-,-,-,"Senior Manager, Internal and Marketing Communications",2,marketing_communications,US,2018-04-01,https://www.linkedin.com/company/terex,Terex Corporation,existing_c10_B,US?
https://www.linkedin.com/in/claudiabusalacchigarber,"Claudia Garber, MBA",Claudia,"Garber, MBA","Senior Director of Marketing, Specialty Vehicles Segment",3,marketing_leader_fallback,US,2024-02-01,https://www.linkedin.com/company/terex,Terex Corporation,existing_c10_B,US?
https://www.linkedin.com/in/mikesimmon,Michael Simmon,Michael,Simmon,Marketing Communications Manager,2,marketing_communications,US,2011-11-01,https://www.linkedin.com/company/the-grasshopper-company,The Grasshopper Company,existing_c10_B,US?
https://www.linkedin.com/in/trent-guyer-97b55733,Trent Guyer,Trent,Guyer,"VP Marketing, Digital & eCommerce",3,marketing_leader_fallback,US,2017-07-01,https://www.linkedin.com/company/the-grasshopper-company,The Grasshopper Company,existing_c10_B,US?
https://www.linkedin.com/in/william-kohl,William Kohl,William,Kohl,Vice President of Sales & Marketing,3,marketing_leader_fallback,US,2023-01-01,https://www.linkedin.com/company/thermal-solutions-manufacturing,Thermal Solutions Manufacturing,existing_c10_B,US?
https://www.linkedin.com/in/matt-freeman-37a13a3,Matt Freeman,Matt,Freeman,Vice President Marketing,3,marketing_leader_fallback,US,2023-01-01,https://www.linkedin.com/company/tiedown,Tie Down,existing_c10_B,US?
https://www.linkedin.com/in/courtneywagley,Courtney Wagley,Courtney,Wagley,Director of Marketing,3,marketing_leader_fallback,US,2019-05-01,https://www.linkedin.com/company/tige-boats-inc.,"Tige Boats, Inc.",existing_c10_B,US?
https://www.linkedin.com/in/kboccardi,Kim Boccardi,Kim,Boccardi,VP Marketing and Salesforce Champion,3,marketing_leader_fallback,US,2017-01-01,https://www.linkedin.com/company/titan-international-inc.,"Titan International, Inc.",existing_c10_B,US?
https://www.linkedin.com/in/paul-hawkins-8a8579228,Paul Hawkins,Paul,Hawkins,Sr VP Aftermarket Sales & Marketing,3,marketing_leader_fallback,US,-,https://www.linkedin.com/company/titan-international-inc.,"Titan International, Inc.",existing_c10_B,US?
https://www.linkedin.com/in/cory-mahn-1972a67,Cory Mahn,Cory,Mahn,Channel Partner Program Manager,1,channel_dealer_partner_program,US,2025-09-01,https://www.linkedin.com/company/tmeic,TMEIC,existing_c10_B,US?
https://www.linkedin.com/in/dianecedarberg,Diane Cedarberg,Diane,Cedarberg,Marketing Communications Manager,2,marketing_communications,US,2019-01-01,https://www.linkedin.com/company/tolomatic,"Tolomatic, Inc.",existing_c10_B,US?
https://www.linkedin.com/in/johnthomasfenske,John Fenske,John,Fenske,Director of Marketing,3,marketing_leader_fallback,US,2023-01-01,https://www.linkedin.com/company/tolomatic,"Tolomatic, Inc.",existing_c10_B,US?
https://www.linkedin.com/in/ginny-harshaw-b475b911,Ginny Harshaw,Ginny,Harshaw,Vice President Marketing,3,marketing_leader_fallback,US,-,https://www.linkedin.com/company/trane,Trane,existing_c10_B,US?
https://www.linkedin.com/in/morgan-ledermann,Morgan Watchous,Morgan,Watchous,"Director, Homeowner Channel Marketing",1,channel_dealer_partner_program,US,2025-11-01,https://www.linkedin.com/company/tranetechnologies,Trane Technologies,existing_c10_B,US?
https://www.linkedin.com/in/lisa-stovel-076b005,Lisa Stovel,Lisa,Stovel,"E-commerce Merchandising & Channel Development Manager, Supply",1,channel_dealer_partner_program,US,2025-03-01,https://www.linkedin.com/company/tranetechnologies,Trane Technologies,existing_c10_B,US?
https://www.linkedin.com/in/andrewposlinski,Andrew J. P.,Andrew J.,P.,Director of Materials and Chemistry Network of Excellence,1,channel_dealer_partner_program,US,2019-01-01,https://www.linkedin.com/company/tranetechnologies,Trane Technologies,existing_c10_B,US?
https://www.linkedin.com/in/heidimcguirecommunications,Heidi McGuire,Heidi,McGuire,"VP / Executive Marketing & Communications Leader, Commercial HVAC Americas",2,marketing_communications,US,2024-03-01,https://www.linkedin.com/company/tranetechnologies,Trane Technologies,existing_c10_B,US?
https://www.linkedin.com/in/carrie-amendum-ruddy,Carrie Ruddy,Carrie,Ruddy,"Senior Vice President, Chief Communications & Marketing Officer",2,marketing_communications,US,2022-01-01,https://www.linkedin.com/company/tranetechnologies,Trane Technologies,existing_c10_B,US?
https://www.linkedin.com/in/leighhuther,Leigh Huther,Leigh,Huther,VP of Enterprise Marketing,3,marketing_leader_fallback,US,2022-07-01,https://www.linkedin.com/company/tranetechnologies,Trane Technologies,existing_c10_B,US?
https://www.linkedin.com/in/lisa-feldman,Lisa F.,Lisa,F.,Director of Growth Marketing,3,marketing_leader_fallback,US,2022-01-01,https://www.linkedin.com/company/tranetechnologies,Trane Technologies,existing_c10_B,US?
https://www.linkedin.com/in/seanphaler,Sean Phaler,Sean,Phaler,"Global Director, Digital Marketing",3,marketing_leader_fallback,US,2020-03-01,https://www.linkedin.com/company/tranetechnologies,Trane Technologies,existing_c10_B,US?
https://www.linkedin.com/in/janestull,Jane Stull,Jane,Stull,"Director, Solutions Marketing - SaaS, AI, Cloud, Services, Controls",3,marketing_leader_fallback,US,2023-03-01,https://www.linkedin.com/company/tranetechnologies,Trane Technologies,existing_c10_B,US?
https://www.linkedin.com/in/brennanaltringer,Brennan Altringer,Brennan,Altringer,Director of Marketing,3,marketing_leader_fallback,US,2026-03-01,https://www.linkedin.com/company/traxxas,Traxxas,existing_c10_B,US?
https://www.linkedin.com/in/kevin-maine,Kevin Maine,Kevin,Maine,Business Unit Director of Sales and Marketing,3,marketing_leader_fallback,US,2026-01-01,https://www.linkedin.com/company/trelleborgecf,Trelleborg Engineered Coated Fabrics,existing_c10_B,US?
https://www.linkedin.com/in/kenneth-chen-836402,Kenneth Chen,Kenneth,Chen,Director of Network Planning,1,channel_dealer_partner_program,US,-,https://www.linkedin.com/company/tsiincorporated,TSI Incorporated,existing_c10_B,US?
https://www.linkedin.com/in/kara-macswain-a05a4754,Kara MacSwain,Kara,MacSwain,Global Marketing Communications Manager,2,marketing_communications,US,-,https://www.linkedin.com/company/tsiincorporated,TSI Incorporated,existing_c10_B,US?
https://www.linkedin.com/in/ketanmehtamba,"Ketan Mehta, MBA, MS",Ketan,"Mehta, MBA, MS","VP - Global Sales, Marketing and Product Management",3,marketing_leader_fallback,US,2024-08-01,https://www.linkedin.com/company/tsiincorporated,TSI Incorporated,existing_c10_B,US?
https://www.linkedin.com/in/amy-anderson-hjulberg,Amy Anderson-Hjulberg,Amy,Anderson-Hjulberg,Director of Global Marketing,3,marketing_leader_fallback,US,2022-03-01,https://www.linkedin.com/company/tsiincorporated,TSI Incorporated,existing_c10_B,US?
https://www.linkedin.com/in/paul-herro-9a81755,Paul Herro,Paul,Herro,VP Marketing,3,marketing_leader_fallback,US,-,https://www.linkedin.com/company/tsiincorporated,TSI Incorporated,existing_c10_B,US?
https://www.linkedin.com/in/angela-greenman-6b862223,Angela Greenman,Angela,Greenman,"Director, Sales and Marketing",3,marketing_leader_fallback,US,2026-06-01,https://www.linkedin.com/company/tuff-torq,Tuff Torq Corporation,existing_c10_B,US?
https://www.linkedin.com/in/markbarry713,Mark Barry,Mark,Barry,Sr. Director of Channel Sales and Business Development,1,channel_dealer_partner_program,US,2025-11-01,https://www.linkedin.com/company/twin-city-fan-blower,Twin City Fan & Blower,existing_c10_B,US?
https://www.linkedin.com/in/trinity-persful,Trinity Persful,Trinity,Persful,Vice President Marketing,3,marketing_leader_fallback,US,2017-10-01,https://www.linkedin.com/company/twin-city-fan-blower,Twin City Fan & Blower,existing_c10_B,US?
https://www.linkedin.com/in/tim-clifford-b5789753,Tim Clifford,Tim,Clifford,Director of Marketing and Product Development,3,marketing_leader_fallback,US,1998-02-01,https://www.linkedin.com/company/twin-city-fan-blower,Twin City Fan & Blower,existing_c10_B,US?
https://www.linkedin.com/in/tiffanymilliken,Tiffany Milliken,Tiffany,Milliken,Marketing Communications Manager,2,marketing_communications,US,-,https://www.linkedin.com/company/u.s.-tsubaki-inc.,"U.S. Tsubaki Power Transmission, LLC",existing_c10_B,US?
https://www.linkedin.com/in/george-basel-2a918515,George Basel,George,Basel,Director of Marketing & Product Management,3,marketing_leader_fallback,US,2009-01-01,https://www.linkedin.com/company/u.s.-tsubaki-inc.,"U.S. Tsubaki Power Transmission, LLC",existing_c10_B,US?
https://www.linkedin.com/in/linda-lascara-a3378016,Linda Lascara,Linda,Lascara,"Vice President, Marketing & Retail",3,marketing_leader_fallback,US,-,https://www.linkedin.com/company/unarco-material-handling,Unarco Material Handling,existing_c10_B,US?
https://www.linkedin.com/in/dan-fanger-58399790,Dan Fanger,Dan,Fanger,VP Sales and Marketing,3,marketing_leader_fallback,US,-,https://www.linkedin.com/company/unverferth-manufacturing-co.-inc.,"Unverferth Manufacturing Co., Inc.",existing_c10_B,US?
https://www.linkedin.com/in/craig-bennett-b2547b322,craig bennett,craig,bennett,Sr VP Sales and Marketing,3,marketing_leader_fallback,US,-,https://www.linkedin.com/company/utility-trailer-manufacturing-company,Utility Trailer Manufacturing Company,existing_c10_B,US?
https://www.linkedin.com/in/pauline-merz,Pauline MERZ,Pauline,MERZ,Channel Development Manager Eurasia,1,channel_dealer_partner_program,FR,2024-01-01,https://www.linkedin.com/company/valley-irrigation,Valley Irrigation - A Valmont Company,existing_c10_B,US?
https://www.linkedin.com/in/darren-siekman-a48003a,Darren Siekman,Darren,Siekman,"Vice President, Global Marketing and Policy",3,marketing_leader_fallback,US,2023-10-01,https://www.linkedin.com/company/valley-irrigation,Valley Irrigation - A Valmont Company,existing_c10_B,US?
https://www.linkedin.com/in/corey-thomas-84b90364,Corey Thomas,Corey,Thomas,Dealer Development Manager,1,channel_dealer_partner_program,US,2025-05-01,https://www.linkedin.com/company/ventrac,Ventrac,existing_c10_B,US?
https://www.linkedin.com/in/artpetrone,Art Petrone,Art,Petrone,Dealer Development Manager,1,channel_dealer_partner_program,US,2025-08-01,https://www.linkedin.com/company/ventrac,Ventrac,existing_c10_B,US?
https://www.linkedin.com/in/aaron-graber-92675b142,Aaron Graber,Aaron,Graber,Director of Sales and Marketing,3,marketing_leader_fallback,US,-,https://www.linkedin.com/company/ventrac,Ventrac,existing_c10_B,US?
https://www.linkedin.com/in/john-turnbach-1223892a,John Turnbach,John,Turnbach,Global Network & Collaboration Manager,1,channel_dealer_partner_program,US,1993-11-01,https://www.linkedin.com/company/victaulic,Victaulic,existing_c10_B,US?
https://www.linkedin.com/in/debbiekleitsch,Debra Kleitsch,Debra,Kleitsch,Communications & Marketing Manager,2,marketing_communications,US,-,https://www.linkedin.com/company/viking-pump,"Viking Pump, Inc.",existing_c10_B,US?
https://www.linkedin.com/in/john-stillman-71072115,John Stillman,John,Stillman,Vice President – Digital Transformation and Marketing,3,marketing_leader_fallback,US,2021-11-01,https://www.linkedin.com/company/viking-pump,"Viking Pump, Inc.",existing_c10_B,US?
https://www.linkedin.com/in/jessicawynn2,Jessica Wynn,Jessica,Wynn,Global Director of Digital Marketing and eCommerce,3,marketing_leader_fallback,US,2024-10-01,https://www.linkedin.com/company/waiglobal,WAI Global,existing_c10_B,US?
https://www.linkedin.com/in/sarahjosemba,Sarah Jose,Sarah,Jose,Global Director of Brand Marketing,3,marketing_leader_fallback,US,2025-10-01,https://www.linkedin.com/company/waiglobal,WAI Global,existing_c10_B,US?
https://www.linkedin.com/in/bizhan-roozrokh-53791733,Bizhan Roozrokh,Bizhan,Roozrokh,Director of MArketing,3,marketing_leader_fallback,US,-,https://www.linkedin.com/company/waiglobal,WAI Global,existing_c10_B,US?
https://www.linkedin.com/in/jake-petersen-innovation,Jake Petersen,Jake,Petersen,VP of Product & Marketing,3,marketing_leader_fallback,US,2021-01-01,https://www.linkedin.com/company/warn-industries,Warn Industries,existing_c10_B,US?
https://www.linkedin.com/in/ashleybruggeman,Ashley Bruggeman,Ashley,Bruggeman,"Vice President, Marketing and Customer Support",3,marketing_leader_fallback,US,2021-01-01,https://www.linkedin.com/company/waterfront-brands,Waterfront Brands,existing_c10_B,US?
https://www.linkedin.com/in/bomo4sho,Bob Moore,Bob,Moore,Director of Marketing Communications,2,marketing_communications,US,2015-05-01,https://www.linkedin.com/company/watlow,Watlow,existing_c10_B,US?
https://www.linkedin.com/in/kate-merrick-50983181,Kate Merrick,Kate,Merrick,Global Marketing Communications Manager,2,marketing_communications,GB,2022-11-01,https://www.linkedin.com/company/watlow,Watlow,existing_c10_B,US?
https://www.linkedin.com/in/christian-eichmann-1b50539,Christian Eichmann,Christian,Eichmann,VP Sales Marketing,3,marketing_leader_fallback,US,-,https://www.linkedin.com/company/watlow,Watlow,existing_c10_B,US?
https://www.linkedin.com/in/mgaulin,Michael Gaulin,Michael,Gaulin,Marketing Communications Manager - Americas,2,marketing_communications,US,2011-01-01,https://www.linkedin.com/company/wattswater,Watts Water Technologies,existing_c10_B,US?
https://www.linkedin.com/in/nicolasguaiana,Nicolas Guaiana,Nicolas,Guaiana,Directeur Marketing France,3,marketing_leader_fallback,FR,2022-04-01,https://www.linkedin.com/company/wattswater,Watts Water Technologies,existing_c10_B,US?
https://www.linkedin.com/in/dean-bogner-6a565a37,Dean Bogner,Dean,Bogner,Vice President Sales & Marketing,3,marketing_leader_fallback,US,1989-01-01,https://www.linkedin.com/company/webster-industries-inc,"Webster Industries, Inc",existing_c10_B,US?
https://www.linkedin.com/in/phil-chrisman-60a7291a,Phil Chrisman,Phil,Chrisman,Director of Sales and Marketing,3,marketing_leader_fallback,US,-,https://www.linkedin.com/company/weiler,Weiler,existing_c10_B,US?
https://www.linkedin.com/in/samuel-dean-2914963a,Samuel Dean,Samuel,Dean,Director of Sales and Marketing,3,marketing_leader_fallback,US,2012-04-01,https://www.linkedin.com/company/whitney-tool-company-inc-,"Whitney Tool Company, Inc.",existing_c10_B,US?
https://www.linkedin.com/in/james-ted-curtis-75420a18,James 'Ted' Curtis,James 'Ted',Curtis,Vice President of Sales & Marketing,3,marketing_leader_fallback,US,2025-12-01,https://www.linkedin.com/company/williams,Williams Comfort Products,existing_c10_B,US?
https://www.linkedin.com/in/maryjoegentry,"Mary Jo Gentry, MBA",Mary Jo,"Gentry, MBA","Director, Sales and Marketing",3,marketing_leader_fallback,US,2020-03-01,https://www.linkedin.com/company/williams,Williams Comfort Products,existing_c10_B,US?
https://www.linkedin.com/in/deanna-bunten-535673b,Deanna Bunten,Deanna,Bunten,Corporate Director - Marketing,3,marketing_leader_fallback,US,-,https://www.linkedin.com/company/wood-mizer-products,Wood-Mizer Llc,existing_c10_B,US?
https://www.linkedin.com/in/mel-ullrich-33776714,Mel Ullrich,Mel,Ullrich,Director of Global Marketing,3,marketing_leader_fallback,US,-,https://www.linkedin.com/company/wood-mizer-products,Wood-Mizer Llc,existing_c10_B,US?
https://www.linkedin.com/in/williamstutz,"Billy Stutz, MBA",Billy,"Stutz, MBA",Chief Marketing Officer,3,marketing_leader_fallback,US,2025-04-01,https://www.linkedin.com/company/zoeller-company,Zoeller Company,existing_c10_B,US?
https://www.linkedin.com/in/scott-lechner-19927a139,Scott Lechner,Scott,Lechner,Chief Marketing Officer,3,marketing_leader_fallback,US,2022-06-01,https://www.linkedin.com/company/zoeller-company,Zoeller Company,existing_c10_B,US?
https://www.linkedin.com/in/robertmadison,Robert Madison,Robert,Madison,Director of Product Management and Marketing,3,marketing_leader_fallback,US,2021-07-01,https://www.linkedin.com/company/alamo-group,Alamo Group Inc.,existing_c10_C,US?
https://www.linkedin.com/in/marc-ivey-b182b1157,Marc Ivey,Marc,Ivey,"VP, Sales and Marketing, US Agriculture Business",3,marketing_leader_fallback,US,2026-08-01,https://www.linkedin.com/company/alamo-group,Alamo Group Inc.,existing_c10_C,US?
https://www.linkedin.com/in/doug-baker-50684b25,Doug Baker,Doug,Baker,Director of Sales Marketing,3,marketing_leader_fallback,US,1998-01-01,https://www.linkedin.com/company/alamo-group,Alamo Group Inc.,existing_c10_C,US?
https://www.linkedin.com/in/gregory-pollock-05833960,Gregory Pollock,Gregory,Pollock,Director of Sales & Marketing,3,marketing_leader_fallback,US,2010-01-01,https://www.linkedin.com/company/alamo-group,Alamo Group Inc.,existing_c10_C,US?
https://www.linkedin.com/in/paulhiltenbeitel,-,-,-,Vice President of Sales & Marketing,3,marketing_leader_fallback,US,2026-01-01,https://www.linkedin.com/company/arrowhead-winch,Arrowhead Winch,existing_c10_C,US?
https://www.linkedin.com/in/jim-braden,Jim Braden,Jim,Braden,Vice President of Sales & Marketing,3,marketing_leader_fallback,US,2021-06-01,https://www.linkedin.com/company/arrowhead-winch,Arrowhead Winch,existing_c10_C,US?
https://www.linkedin.com/in/michelle-moore-5b6993b,michelle moore,michelle,moore,"Senior Manager, Channel Marketing",1,channel_dealer_partner_program,US,2020-01-01,https://www.linkedin.com/company/big-ass-fans,Big Ass Fans,existing_c10_C,US?
https://www.linkedin.com/in/laurafelthaus,Laura Felthaus,Laura,Felthaus,"Vice President Marketing & Customer Experience, VP/GM Residential",3,marketing_leader_fallback,US,2025-05-01,https://www.linkedin.com/company/big-ass-fans,Big Ass Fans,existing_c10_C,US?
https://www.linkedin.com/in/chris-yapp-557b412,Chris Yapp,Chris,Yapp,Head of Marketing and Product Management,3,marketing_leader_fallback,US,2024-12-01,https://www.linkedin.com/company/big-ass-fans,Big Ass Fans,existing_c10_C,US?
https://www.linkedin.com/in/brindesh-dhruva,Brindesh DHRUVA,Brindesh,DHRUVA,"EVP, Chief Marketing & Technology Officer",3,marketing_leader_fallback,US,-,https://www.linkedin.com/company/bray-controls,"Bray International, Inc.",existing_c10_C,US?
https://www.linkedin.com/in/john-d-ellis-1233226,John D. Ellis,John D.,Ellis,Vice President Global Marketing,3,marketing_leader_fallback,US,2024-02-01,https://www.linkedin.com/company/bray-controls,"Bray International, Inc.",existing_c10_C,US?
https://www.linkedin.com/in/jerimiahborkowski,Jerimiah Borkowski,Jerimiah,Borkowski,Director of Marketing,3,marketing_leader_fallback,US,2022-10-01,https://www.linkedin.com/company/brinkley-rv,Brinkley Rv,existing_c10_C,US?
https://www.linkedin.com/in/bjanovsky,Barry Janovsky,Barry,Janovsky,Director of Sales and Marketing-Cerro Flow Products-Line Sets,3,marketing_leader_fallback,US,2019-05-01,https://www.linkedin.com/company/cerro-flow-products-llc,Cerro Flow Products LLC,existing_c10_C,US?
https://www.linkedin.com/in/davepincince,Dave Pincince 🚀,Dave,Pincince 🚀,Director of Marketing & Business Development,3,marketing_leader_fallback,US,2024-02-01,https://www.linkedin.com/company/concepts-nrec,Concepts NREC,existing_c10_C,US?
https://www.linkedin.com/in/yuhho,Yu-Hsien Ho,Yu-Hsien,Ho,Director of Channel Sales and Marketing,1,channel_dealer_partner_program,US,2022-01-01,https://www.linkedin.com/company/cosen-saws-international,"Cosen Saws, North America",existing_c10_C,US?
https://www.linkedin.com/in/tom-kaleta-6173992,Tom Kaleta,Tom,Kaleta,Director of Marketing,3,marketing_leader_fallback,US,2024-07-01,https://www.linkedin.com/company/cst-industries-inc-,"CST Industries, Inc.",existing_c10_C,US?
https://www.linkedin.com/in/mindybrooks,Mindy Brooks,Mindy,Brooks,"Director, Corporate Marketing, Advertising and Communications",3,marketing_leader_fallback,US,2023-09-01,https://www.linkedin.com/company/ctbinc,"CTB, Inc.",existing_c10_C,US?
https://www.linkedin.com/in/joe-smith-393809b0,Joe Smith,Joe,Smith,Dealer Development Manager,1,channel_dealer_partner_program,US,2021-09-01,https://www.linkedin.com/company/ditch-witch,Ditch Witch,existing_c10_C,US?
https://www.linkedin.com/in/darryl-brown-9ba0b0a0,Darryl Brown,Darryl,Brown,Director of Dealer Development,1,channel_dealer_partner_program,US,1995-01-01,https://www.linkedin.com/company/ditch-witch,Ditch Witch,existing_c10_C,US?
https://www.linkedin.com/in/tylerwebb,Tyler Webb,Tyler,Webb,Back Office & Networks Manager,1,channel_dealer_partner_program,US,2008-03-01,https://www.linkedin.com/company/ditch-witch,Ditch Witch,existing_c10_C,US?
https://www.linkedin.com/in/hubbardsean,Sean Hubbard,Sean,Hubbard,Marketing Communications Manager,2,marketing_communications,US,2018-08-01,https://www.linkedin.com/company/ditch-witch,Ditch Witch,existing_c10_C,US?
https://www.linkedin.com/in/scott-pevey-703a913,Scott Pevey,Scott,Pevey,Director of Marketing,3,marketing_leader_fallback,US,2011-07-01,https://www.linkedin.com/company/ditch-witch,Ditch Witch,existing_c10_C,US?
https://www.linkedin.com/in/jessica-mallinus-69668136,Jessica Mallinus,Jessica,Mallinus,Marketing Communications Manager,2,marketing_communications,US,2004-09-01,https://www.linkedin.com/company/dynatect,"Dynatect Manufacturing, Inc.",existing_c10_C,US?
https://www.linkedin.com/in/lyle-hildebrand,Lyle Hildebrand,Lyle,Hildebrand,Executive Vice President - Global Sales and Product Marketing,3,marketing_leader_fallback,US,2022-01-01,https://www.linkedin.com/company/dynatect,"Dynatect Manufacturing, Inc.",existing_c10_C,US?
https://www.linkedin.com/in/chris-coughlin-06151a2a,Chris Coughlin,Chris,Coughlin,Director of Product Marketing,3,marketing_leader_fallback,US,2025-11-01,https://www.linkedin.com/company/dynatect,"Dynatect Manufacturing, Inc.",existing_c10_C,US?
https://www.linkedin.com/in/noahthomas,Noah Thomas,Noah,Thomas,Director of Marketing,3,marketing_leader_fallback,US,2021-01-01,https://www.linkedin.com/company/greatdane,Great Dane,existing_c10_C,US?
https://www.linkedin.com/in/bruce-kramer,Bruce Kramer,Bruce,Kramer,"Manager, Aftersales Marketing Strategy & Cooperative Marketing",1,channel_dealer_partner_program,US,2025-01-01,https://www.linkedin.com/company/holmanhq,Holman,existing_c10_C,US?
https://www.linkedin.com/in/ericamazzeo1,Erica Zee,Erica,Zee,Head of Marketing & Sales Support - Robotics,3,marketing_leader_fallback,US,2025-01-01,https://www.linkedin.com/company/holmanhq,Holman,existing_c10_C,US?
https://www.linkedin.com/in/robmachado30,Rob Machado,Rob,Machado,Chief Marketing Officer (CMO),3,marketing_leader_fallback,US,2023-10-01,https://www.linkedin.com/company/holmanhq,Holman,existing_c10_C,US?
https://www.linkedin.com/in/chrisrclarke,Chris Clarke,Chris,Clarke,Director-Remarketing Solutions-North America,3,marketing_leader_fallback,US,2020-01-01,https://www.linkedin.com/company/holmanhq,Holman,existing_c10_C,US?
https://www.linkedin.com/in/justin-ellis-b66bba19,Justin Ellis,Justin,Ellis,"Director, Regional Marketing",3,marketing_leader_fallback,US,2026-07-01,https://www.linkedin.com/company/linak-u-s-inc-,LINAK U.S.,existing_c10_C,US?
https://www.linkedin.com/in/erin-varley-b7429115,Erin Varley,Erin,Varley,Vice President - Dealer Sales and Development,1,channel_dealer_partner_program,US,1996-01-01,https://www.linkedin.com/company/mhebyinc,"M.H. Eby, Inc",existing_c10_C,US?
https://www.linkedin.com/in/charleswisniowski,Charles Wisniowski,Charles,Wisniowski,Strategic Marketing & Communications Lead,2,marketing_communications,US,2022-06-01,https://www.linkedin.com/company/muratamachineryusa,"Murata Machinery USA, Inc.",existing_c10_C,US?
https://www.linkedin.com/in/tomgyarmati,Thomas Gyarmati,Thomas,Gyarmati,"Brand Manager, Digital & Dealer",1,channel_dealer_partner_program,US,2025-05-01,https://www.linkedin.com/company/newmar,Newmar Corporation,existing_c10_C,US?
https://www.linkedin.com/in/eric-conway-harmon-559a6849,Eric Conway Harmon,Eric Conway,Harmon,Director of Marketing Communications,2,marketing_communications,US,2005-03-01,https://www.linkedin.com/company/newmar,Newmar Corporation,existing_c10_C,US?
https://www.linkedin.com/in/ryan-buurstra,Ryan B.,Ryan,B.,"Vice President of Marketing, Strategy & Design",3,marketing_leader_fallback,US,2024-01-01,https://www.linkedin.com/company/newmar,Newmar Corporation,existing_c10_C,US?
https://www.linkedin.com/in/laura-fletty,Laura Fletty,Laura,Fletty,Director of Brand Marketing,3,marketing_leader_fallback,US,2024-06-01,https://www.linkedin.com/company/newmar,Newmar Corporation,existing_c10_C,US?
https://www.linkedin.com/in/johnpatrin,John Patrin,John,Patrin,"Director, Strategic Marketing",3,marketing_leader_fallback,US,2026-08-01,https://www.linkedin.com/company/nordson-corporation,Nordson Corporation,existing_c10_C,US?
https://www.linkedin.com/in/elizabeth-irizarry,Elizabeth Irizarry,Elizabeth,Irizarry,Director of Marketing,3,marketing_leader_fallback,US,2025-11-01,https://www.linkedin.com/company/nordson-corporation,Nordson Corporation,existing_c10_C,US?
https://www.linkedin.com/in/ericdallin,Eric Dallin,Eric,Dallin,Director of Marketing,3,marketing_leader_fallback,US,2025-12-01,https://www.linkedin.com/company/northern-lights-inc.,"Northern Lights, Inc.",existing_c10_C,US?
https://www.linkedin.com/in/steve-harris-81985763,Steve Harris,Steve,Harris,Dealer Development Manager,1,channel_dealer_partner_program,US,2000-02-01,https://www.linkedin.com/company/pacific-power-group,Pacific Power Group,existing_c10_C,US?
https://www.linkedin.com/in/dave-mccallen-02626912,Dave McCallen,Dave,McCallen,Dealer Development Manager,1,channel_dealer_partner_program,US,2017-02-01,https://www.linkedin.com/company/patmooneysaws,"Pat Mooney, Inc.",existing_c10_C,US?
https://www.linkedin.com/in/ed-doell-40435419,Ed Doell,Ed,Doell,Network Support Manager,1,channel_dealer_partner_program,US,2015-10-01,https://www.linkedin.com/company/phd-inc-,"Phd, Inc",existing_c10_C,US?
https://www.linkedin.com/in/todd-lindblade-ba635310,Todd Lindblade,Todd,Lindblade,Director - Dealer Programs,1,channel_dealer_partner_program,US,2023-05-01,https://www.linkedin.com/company/realtruckinc,"RealTruck, Inc.",existing_c10_C,US?
https://www.linkedin.com/in/leedrewriser,"Lee Riser, MBA",Lee,"Riser, MBA",Vice President Marketing,3,marketing_leader_fallback,US,2022-09-01,https://www.linkedin.com/company/realtruckinc,"RealTruck, Inc.",existing_c10_C,US?
https://www.linkedin.com/in/allison-pierce-628a2b64,Allison Pierce,Allison,Pierce,Director of Brand Marketing,3,marketing_leader_fallback,US,2025-12-01,https://www.linkedin.com/company/realtruckinc,"RealTruck, Inc.",existing_c10_C,US?
https://www.linkedin.com/in/anne-britt-nyegaard,Anne Britt Nyegaard,Anne Britt,Nyegaard,"Head of Marketing, EMEA & APAC",3,marketing_leader_fallback,DK,2025-12-01,https://www.linkedin.com/company/realtruckinc,"RealTruck, Inc.",existing_c10_C,US?
https://www.linkedin.com/in/maura-rioux,Maura Rioux,Maura,Rioux,"Senior Director, Brand Marketing",3,marketing_leader_fallback,US,2025-10-01,https://www.linkedin.com/company/realtruckinc,"RealTruck, Inc.",existing_c10_C,US?
https://www.linkedin.com/in/mark-swanson-00651015,Mark Swanson,Mark,Swanson,"Vice President, Sales and Marketing",3,marketing_leader_fallback,US,2014-10-01,https://www.linkedin.com/company/sanden-international,"Sanden International, USA, Inc.",existing_c10_C,US?
https://www.linkedin.com/in/robertcid,Robert Cid,Robert,Cid,Director of Marketing And Product Management,3,marketing_leader_fallback,US,2022-11-01,https://www.linkedin.com/company/tasi-measurement,TASI Measurement,existing_c10_C,US?
https://www.linkedin.com/in/mounia-6a3002111,Mounia Bouanane,Mounia,Bouanane,Marketing Communication Manager,2,marketing_communications,FR,2019-09-01,https://www.linkedin.com/company/the-manitowoc-company,The Manitowoc Company,existing_c10_C,US?
https://www.linkedin.com/in/jjhabib,Jean-Jacques Habib,Jean-Jacques,Habib,Manager marketing communications and events,2,marketing_communications,FR,2023-04-01,https://www.linkedin.com/company/the-manitowoc-company,The Manitowoc Company,existing_c10_C,US?
https://www.linkedin.com/in/ionwarner,Ion Musashi Warner,Ion Musashi,Warner,Senior Vice President Marketing and Investor Relations l Industrial l Construction l Machinery,3,marketing_leader_fallback,US,2022-05-01,https://www.linkedin.com/company/the-manitowoc-company,The Manitowoc Company,existing_c10_C,US?
https://www.linkedin.com/in/thibaut-le-besnerais-45888b1b,Thibaut Le Besnerais,Thibaut,Le Besnerais,Vice President Marketing et Développement,3,marketing_leader_fallback,FR,2023-04-01,https://www.linkedin.com/company/the-manitowoc-company,The Manitowoc Company,existing_c10_C,US?
https://www.linkedin.com/in/chris-bratthauar-34150194,Chris Bratthauar,Chris,Bratthauar,Senior Director of Marketing,3,marketing_leader_fallback,US,2022-11-01,https://www.linkedin.com/company/the-manitowoc-company,The Manitowoc Company,existing_c10_C,US?
https://www.linkedin.com/in/curt-wormington-4152b612,Curt Wormington,Curt,Wormington,Vice President - Sales and Marketing,3,marketing_leader_fallback,US,2024-10-01,https://www.linkedin.com/company/twgdover,TWG,existing_c10_C,US?
https://www.linkedin.com/in/franz-weidner-b76477b9,Franz Weidner,Franz,Weidner,Director of Marketing AAF Europe & Dinair,3,marketing_leader_fallback,DE,2016-06-01,https://www.linkedin.com/company/aaf-europe,AAF International (American Air Filter) Europe & Dinair,ukeu_universe_candidate,DE
https://www.linkedin.com/in/patrick-fraikin-95058618,Patrick Fraikin,Patrick,Fraikin,Director sales & marketing  Belux,3,marketing_leader_fallback,BE,2026-07-01,https://www.linkedin.com/company/aalberts-integrated-piping-systems,Aalberts integrated piping systems,ukeu_universe_candidate,NL
https://www.linkedin.com/in/rogier-kr%c3%bcsemann-ab382a89,Rogier Krüsemann,Rogier,Krüsemann,director sales & marketing Central Europe,3,marketing_leader_fallback,NL,2026-01-01,https://www.linkedin.com/company/aalberts-integrated-piping-systems,Aalberts integrated piping systems,ukeu_universe_candidate,NL
https://www.linkedin.com/in/jaimiekenney1231,Jaimie Kenney,Jaimie,Kenney,Vice President Marketing,3,marketing_leader_fallback,US,2025-01-01,https://www.linkedin.com/company/aalberts-integrated-piping-systems,Aalberts integrated piping systems,ukeu_universe_candidate,NL
https://www.linkedin.com/in/stephenrader,Stephen Rader,Stephen,Rader,Channel Development Manager,1,channel_dealer_partner_program,US,2026-02-01,https://www.linkedin.com/company/abb,ABB,ukeu_universe_candidate,CH
https://www.linkedin.com/in/tosatti,Emanuele Tosatti,Emanuele,Tosatti,Global Distribution and Channel Marketing Manager,1,channel_dealer_partner_program,IT,2025-01-01,https://www.linkedin.com/company/abb,ABB,ukeu_universe_candidate,CH
https://www.linkedin.com/in/fabiano-scandiuzzi-47868723,Fabiano Scandiuzzi,Fabiano,Scandiuzzi,Strategic Marketing Manager - EPC Channel,1,channel_dealer_partner_program,US,2026-01-01,https://www.linkedin.com/company/abb,ABB,ukeu_universe_candidate,CH
https://www.linkedin.com/in/stedra,Stefan Drakensjö,Stefan,Drakensjö,"VP Marketing & Sales, Industries at ABB Robotics and Discrete Automation",3,marketing_leader_fallback,SE,-,https://www.linkedin.com/company/abb,ABB,ukeu_universe_candidate,CH
https://www.linkedin.com/in/alexander-grams-04b915147,Alexander Grams,Alexander,Grams,Director Produktmarketing,3,marketing_leader_fallback,DE,2022-08-01,https://www.linkedin.com/company/abb,ABB,ukeu_universe_candidate,CH
https://www.linkedin.com/in/david-barnes-2-win,David Barnes,David,Barnes,SVP Marketing and Sales IA Energy,3,marketing_leader_fallback,US,2019-04-01,https://www.linkedin.com/company/abb,ABB,ukeu_universe_candidate,CH
https://www.linkedin.com/in/maria-f%c3%b6rster-37ab3518b,Maria Förster,Maria,Förster,Head of Marketing,3,marketing_leader_fallback,DE,2024-09-01,https://www.linkedin.com/company/abm-greiffenberger-antriebstechnik-gmbh,ABM Greiffenberger Antriebstechnik GmbH,ukeu_universe_candidate,DE
https://www.linkedin.com/in/humairazia,Humaira Z.,Humaira,Z.,Head of Marketing & Growth,3,marketing_leader_fallback,GB,2023-07-01,https://www.linkedin.com/company/accuride-international-limited,Accuride International Europe,ukeu_universe_candidate,GB
https://www.linkedin.com/in/cristianmiano,Cristian Miano,Cristian,Miano,Head of Marketing & Communication,2,marketing_communications,IT,2008-01-01,https://www.linkedin.com/company/acmi-spa,ACMI,ukeu_universe_candidate,IT
https://www.linkedin.com/in/ievamegelaityte,ieva Mėgelaitytė,ieva,Mėgelaitytė,Global Partnership Marketing Manager,1,channel_dealer_partner_program,NL,2024-01-01,https://www.linkedin.com/company/actgroup,ACT Group,ukeu_universe_candidate,NL
https://www.linkedin.com/in/annygomes,Anny G.,Anny,G.,Head of Marketing EMEA,3,marketing_leader_fallback,NL,2024-02-01,https://www.linkedin.com/company/actgroup,ACT Group,ukeu_universe_candidate,NL
https://www.linkedin.com/in/andreas-marx-sb,Andreas Marx,Andreas,Marx,Head of Strategic Marketing,3,marketing_leader_fallback,DE,2022-04-01,https://www.linkedin.com/company/adam-hall-group,Adam Hall Group,ukeu_universe_candidate,DE
https://www.linkedin.com/in/lisette-lykke-hansen-46792a6,Lisette Lykke Hansen,Lisette Lykke,Hansen,CMO Marketing & Projects,3,marketing_leader_fallback,DK,2020-09-01,https://www.linkedin.com/company/advansor,Advansor,ukeu_universe_candidate,DK
https://www.linkedin.com/in/stephan-brand-667517147,Stephan Brand,Stephan,Brand,Vice President Marketing & Product Management / Director Turbo Business,3,marketing_leader_fallback,DE,1995-01-01,https://www.linkedin.com/company/aerzen-worldwide,AERZEN worldwide,ukeu_universe_candidate,DE
https://www.linkedin.com/in/pascal-heyden-490218160,Pascal Heyden,Pascal,Heyden,Head of Marketing,3,marketing_leader_fallback,BE,1999-02-01,https://www.linkedin.com/company/ateliers-fran%c3%a7ois,AF Compressors,ukeu_universe_candidate,BE
https://www.linkedin.com/in/lala-hadiyeva-67148612b,Lala Hadiyeva,Lala,Hadiyeva,Responsable marketing,3,marketing_leader_fallback,BE,2003-01-01,https://www.linkedin.com/company/ateliers-fran%c3%a7ois,AF Compressors,ukeu_universe_candidate,BE
https://www.linkedin.com/in/chris-billinge-abaa595,Chris Billinge,Chris,Billinge,Vice President Marketing,3,marketing_leader_fallback,GB,2024-08-01,https://www.linkedin.com/company/afc-eur,AFC Europe Ltd,ukeu_universe_candidate,GB
https://www.linkedin.com/in/altmann-frank-324340125,Altmann Frank,Altmann,Frank,Leiter Marketing,3,marketing_leader_fallback,DE,-,https://www.linkedin.com/company/afriso,AFRISO,ukeu_universe_candidate,DE
https://www.linkedin.com/in/marielaure-douchet,Marie laure Douchet,Marie laure,Douchet,Marketing & Communication Manager,2,marketing_communications,FR,2020-02-01,https://www.linkedin.com/company/agco-finance,AGCO Finance,ukeu_universe_candidate,NL
https://www.linkedin.com/in/gertjan-crielaard,Gertjan Crielaard,Gertjan,Crielaard,Director Global Strategic Marketing,3,marketing_leader_fallback,NL,2021-04-01,https://www.linkedin.com/company/agco-finance,AGCO Finance,ukeu_universe_candidate,NL
https://www.linkedin.com/in/katie-farr-8680a51a,Katie Farr,Katie,Farr,Head of Marketing Communications,2,marketing_communications,GB,2016-04-01,https://www.linkedin.com/company/aggregate-industries-uk,Aggregate Industries UK,ukeu_universe_candidate,GB
https://www.linkedin.com/in/mario-h%c3%b6rtenhuemer-b1251217a,Mario Hörtenhuemer,Mario,Hörtenhuemer,Strategic Global Channel Development Manager & Country Manager ITALY,1,channel_dealer_partner_program,AT,2026-01-01,https://www.linkedin.com/company/agilox,AGILOX,ukeu_universe_candidate,AT
https://www.linkedin.com/in/giovanni-marinelli-b4264259,Giovanni Marinelli,Giovanni,Marinelli,Global Head of Growth & Performance Marketing,3,marketing_leader_fallback,IT,2025-12-01,https://www.linkedin.com/company/airahome,Aira,ukeu_universe_candidate,SE
https://www.linkedin.com/in/jonas-eklund,Jonas Eklund,Jonas,Eklund,Group Head of Marketing Automation and CRM,3,marketing_leader_fallback,GB,2026-01-01,https://www.linkedin.com/company/airahome,Aira,ukeu_universe_candidate,SE
https://www.linkedin.com/in/bauerdominik,Dominik Bauer,Dominik,Bauer,Leiter Marketing,3,marketing_leader_fallback,DE,2023-01-01,https://www.linkedin.com/company/aitdeutschland,ait-deutschland GmbH,ukeu_universe_candidate,DE
https://www.linkedin.com/in/hanem-cihan-matull-8995697,Hanem Cihan-Matull,Hanem,Cihan-Matull,Head of Global Marketing,3,marketing_leader_fallback,DE,2014-11-01,https://www.linkedin.com/company/akg-thermotechnik-international-gmbh,AKG Group,ukeu_universe_candidate,DE
https://www.linkedin.com/in/il-kyu-lee-00808933,Il-Kyu Lee,Il-Kyu,Lee,Senior Vice President Sales & Marketing,3,marketing_leader_fallback,DE,2025-08-01,https://www.linkedin.com/company/al-ko-vehicle-technology,AL-KO Vehicle Technology Group,ukeu_universe_candidate,DE
https://www.linkedin.com/in/jean-luc-alzonne-03a48b66,Jean-Luc Alzonne,Jean-Luc,Alzonne,Directeur General Sales et Marketing Groupe Aldes,3,marketing_leader_fallback,FR,2022-03-01,https://www.linkedin.com/company/aldesgroupe,Aldes Groupe,ukeu_universe_candidate,FR
https://www.linkedin.com/in/laurent-loos-marketing,Laurent Loos,Laurent,Loos,Responsable marketing produit,3,marketing_leader_fallback,FR,2024-09-01,https://www.linkedin.com/company/aldesgroupe,Aldes Groupe,ukeu_universe_candidate,FR
https://www.linkedin.com/in/jean-baptiste-demotes-mainard-038268b0,Jean-Baptiste Demotes-Mainard,Jean-Baptiste,Demotes-Mainard,Director marketing and Communications,3,marketing_leader_fallback,FR,2022-10-01,https://www.linkedin.com/company/aldesgroupe,Aldes Groupe,ukeu_universe_candidate,FR
https://www.linkedin.com/in/alain-dreyfus,Alain Dreyfus,Alain,Dreyfus,Responsable Marketing Clientèle,3,marketing_leader_fallback,FR,-,https://www.linkedin.com/company/aldesgroupe,Aldes Groupe,ukeu_universe_candidate,FR
https://www.linkedin.com/in/marie-laure-pacheco-jimenez,Marie-Laure PACHECO JIMENEZ,Marie-Laure,PACHECO JIMENEZ,Responsable Marketing Clients,3,marketing_leader_fallback,FR,2022-10-01,https://www.linkedin.com/company/aldesgroupe,Aldes Groupe,ukeu_universe_candidate,FR
https://www.linkedin.com/in/jean-philippe-gros-3653a798,jean philippe gros,jean philippe,gros,Responsable marketing,3,marketing_leader_fallback,FR,2006-01-01,https://www.linkedin.com/company/aldesgroupe,Aldes Groupe,ukeu_universe_candidate,FR
https://www.linkedin.com/in/jose-luis-gil-529a10176,Jose Luis Gil,Jose Luis,Gil,Responsable de marketing operacional,3,marketing_leader_fallback,ES,2013-06-01,https://www.linkedin.com/company/aldesgroupe,Aldes Groupe,ukeu_universe_candidate,FR
https://www.linkedin.com/in/raffael-riess-689bb214,Raffael Riess,Raffael,Riess,Global Channel Marketing Manager,1,channel_dealer_partner_program,DE,2022-09-01,https://www.linkedin.com/company/alfa-laval,Alfa Laval,ukeu_universe_candidate,SE
https://www.linkedin.com/in/chatdayananda,Chathuri Dayananda,Chathuri,Dayananda,"Business Development Manager, Global Channel Management, Dairy, Brewey and Beverage",1,channel_dealer_partner_program,SE,-,https://www.linkedin.com/company/alfa-laval,Alfa Laval,ukeu_universe_candidate,SE
https://www.linkedin.com/in/helenasannicolo,Helena Sannicoló,Helena,Sannicoló,VP Marketing Communication Marine Division,2,marketing_communications,SE,2020-01-01,https://www.linkedin.com/company/alfa-laval,Alfa Laval,ukeu_universe_candidate,SE
https://www.linkedin.com/in/oliver-hellberg,Oliver Hellberg,Oliver,Hellberg,Head of Marketing & Communication,2,marketing_communications,SE,2021-07-01,https://www.linkedin.com/company/alfa-laval,Alfa Laval,ukeu_universe_candidate,SE
https://www.linkedin.com/in/anette-holfve-2642a014,Anette Holfve,Anette,Holfve,"Head of Marketing & Communication, BU HSS",2,marketing_communications,SE,-,https://www.linkedin.com/company/alfa-laval,Alfa Laval,ukeu_universe_candidate,SE
https://www.linkedin.com/in/florenceavezou,Florence Avezou,Florence,Avezou,Head of Marketing Communications,2,marketing_communications,SE,2026-01-01,https://www.linkedin.com/company/alfa-laval,Alfa Laval,ukeu_universe_candidate,SE
https://www.linkedin.com/in/sergiofernandezpolo,Sergio Fernandez Polo,Sergio,Fernandez Polo,Head Of Marketing - Cluster South Europe,3,marketing_leader_fallback,ES,2021-09-01,https://www.linkedin.com/company/alfa-laval,Alfa Laval,ukeu_universe_candidate,SE
https://www.linkedin.com/in/peter-jeans-46b9bb4,Peter Jeans,Peter,Jeans,Global VP Sales & Marketing - Alfa Laval Flow Division,3,marketing_leader_fallback,GB,1993-01-01,https://www.linkedin.com/company/alfa-laval,Alfa Laval,ukeu_universe_candidate,SE
https://www.linkedin.com/in/anders-larsson-72b17b230,Anders Larsson,Anders,Larsson,Senior Vice President Sales & Marketing,3,marketing_leader_fallback,SE,2013-05-01,https://www.linkedin.com/company/alfdex-ab,Alfdex AB,ukeu_universe_candidate,SE
https://www.linkedin.com/in/daniel-l-54a9191a,Daniel L.,Daniel,L.,Marketing Communications Manager,2,marketing_communications,SE,2022-08-01,https://www.linkedin.com/company/alleima,Alleima,ukeu_universe_candidate,SE
https://www.linkedin.com/in/jane-eriksson-952805103,Jane Eriksson,Jane,Eriksson,"Director Sales & Marketing, TUBE EMEA",3,marketing_leader_fallback,SE,2022-08-01,https://www.linkedin.com/company/alleima,Alleima,ukeu_universe_candidate,SE
https://www.linkedin.com/in/barinder-j-s-ghai-16419716,Barinder J S Ghai,Barinder J S,Ghai,Director Technical Marketingand New Business Development,3,marketing_leader_fallback,GB,2022-01-01,https://www.linkedin.com/company/alleima,Alleima,ukeu_universe_candidate,SE
https://www.linkedin.com/in/marina-hofmann-934222b7,Marina Hofmann,Marina,Hofmann,Head of Marketing,3,marketing_leader_fallback,DE,2023-09-01,https://www.linkedin.com/company/almig-kompressoren-gmbh,ALMiG Kompressoren GmbH,ukeu_universe_candidate,DE
https://www.linkedin.com/in/marc-heater-3a806130,Marc Heater,Marc,Heater,Director of Sales and Marketing USA,3,marketing_leader_fallback,US,-,https://www.linkedin.com/company/amazone-group,AMAZONEN-WERKE H. DREYER SE & Co. KG,ukeu_universe_candidate,DE
https://www.linkedin.com/in/sergio-marti-9a727b165,Sergio Marti,Sergio,Marti,Director Comercial & Marketing,3,marketing_leader_fallback,ES,2006-01-01,https://www.linkedin.com/company/amc-cylinder-heads-culatas-premium-quality-calidad-premium,AMC CYLINDER HEADS,ukeu_universe_candidate,ES
https://www.linkedin.com/in/alexgiess,Alexandre Giess,Alexandre,Giess,VP Sales and Marketing,3,marketing_leader_fallback,US,2022-01-01,https://www.linkedin.com/company/ameco-group,AMECO Group,ukeu_universe_candidate,DE
https://www.linkedin.com/in/jaumefreixenet,Jaume Freixenet,Jaume,Freixenet,Distribution Program Manager Sampla EMEA in Ammega,1,channel_dealer_partner_program,ES,2025-03-01,https://www.linkedin.com/company/ammega,AMMEGA,ukeu_universe_candidate,NL
https://www.linkedin.com/in/arjen-van-den-broek-a4b488,Arjen van den Broek,Arjen,van den Broek,Director of Global Marketing Communications,2,marketing_communications,IT,2021-01-01,https://www.linkedin.com/company/ammega,AMMEGA,ukeu_universe_candidate,NL
https://www.linkedin.com/in/andrea-campanino,Andrea Campanino,Andrea,Campanino,Vice President - Global Strategy and Marketing,3,marketing_leader_fallback,IT,2024-11-01,https://www.linkedin.com/company/ammega,AMMEGA,ukeu_universe_candidate,NL
https://www.linkedin.com/in/alex-levensalor,Alex Levensalor,Alex,Levensalor,Global Head of Digital Marketing,3,marketing_leader_fallback,US,2025-05-01,https://www.linkedin.com/company/ammega,AMMEGA,ukeu_universe_candidate,NL
https://www.linkedin.com/in/pierre-krawtchenko-4b689524,pierre krawtchenko,pierre,krawtchenko,Marketing & Communication Manager,2,marketing_communications,FR,2007-03-01,https://www.linkedin.com/company/amphenol-air-lb,Amphenol Air LB France,ukeu_universe_candidate,FR
https://www.linkedin.com/in/gollo-fabio-0215343,Gollo Fabio,Gollo,Fabio,Network & Datacenter Manager,1,channel_dealer_partner_program,IT,2025-01-01,https://www.linkedin.com/company/ansaldo-energia,Ansaldo Energia,ukeu_universe_candidate,IT
https://www.linkedin.com/in/laurie-faulk-pmp-86519715,"Laurie Faulk, PMP",Laurie,"Faulk, PMP",Distribution Marketing Manager,1,channel_dealer_partner_program,US,2025-03-01,https://www.linkedin.com/company/aptiv,Aptiv,ukeu_universe_candidate,CH
https://www.linkedin.com/in/robroesler,Rob Roesler,Rob,Roesler,"Vice President, Global Digital Marketing",3,marketing_leader_fallback,US,2020-01-01,https://www.linkedin.com/company/aptiv,Aptiv,ukeu_universe_candidate,CH
https://www.linkedin.com/in/kylegrollins,Kyle Rollins,Kyle,Rollins,"Vice President, Global Marketing",3,marketing_leader_fallback,US,2022-07-01,https://www.linkedin.com/company/aptiv,Aptiv,ukeu_universe_candidate,CH
https://www.linkedin.com/in/colin-sinclair-ba5a4b15,Colin Sinclair,Colin,Sinclair,Senior Channel Marketing Manager,1,channel_dealer_partner_program,GB,2018-01-01,https://www.linkedin.com/company/aqualisa-products-limited,Aqualisa Products Limited,ukeu_universe_candidate,GB
https://www.linkedin.com/in/louise-youdan-nee-endersby-63395847,Louise Youdan (nee Endersby),Louise,Youdan (nee Endersby),Channel Marketing Manager,1,channel_dealer_partner_program,GB,2014-06-01,https://www.linkedin.com/company/aqualisa-products-limited,Aqualisa Products Limited,ukeu_universe_candidate,GB
https://www.linkedin.com/in/alan-margerison,Alan M.,Alan,M.,Head of Digital Marketing,3,marketing_leader_fallback,GB,2023-10-01,https://www.linkedin.com/company/aqualisa-products-limited,Aqualisa Products Limited,ukeu_universe_candidate,GB
https://www.linkedin.com/in/jamie-mckell,Jamie M.,Jamie,M.,Head of Marketing,3,marketing_leader_fallback,GB,2025-06-01,https://www.linkedin.com/company/aquila-truck-centres-limited,Aquila Truck Centres,ukeu_universe_candidate,GB
https://www.linkedin.com/in/chiaragaeta,Chiara Gaeta,Chiara,Gaeta,Marketing & Communication Manager,2,marketing_communications,IT,2022-09-01,https://www.linkedin.com/company/arag-srl,ARAG,ukeu_universe_candidate,IT
https://www.linkedin.com/in/paolo-costa-93a41722,Paolo Costa,Paolo,Costa,Head of Marketing & Business Development,3,marketing_leader_fallback,IT,2024-12-01,https://www.linkedin.com/company/arbor-technology-italia,Arbor Italia,ukeu_universe_candidate,IT
https://www.linkedin.com/in/claudia-kaspers-375b05127,Claudia Kaspers,Claudia,Kaspers,Head of Marketing by ARCA Regler GmbH,3,marketing_leader_fallback,DE,2002-01-01,https://www.linkedin.com/company/arca-regler-gmbh,ARCA Regler GmbH,ukeu_universe_candidate,DE
https://www.linkedin.com/in/elodie-collinet-75037552,Elodie Collinet,Elodie,Collinet,Responsable Marketing & Communication,2,marketing_communications,FR,2022-12-01,https://www.linkedin.com/company/arden-equipment,ARDEN EQUIPMENT,ukeu_universe_candidate,FR
https://www.linkedin.com/in/francesca-cavicchioli,Francesca Cavicchioli,Francesca,Cavicchioli,Responsabile Marketing e comunicazione Italia,2,marketing_communications,IT,-,https://www.linkedin.com/company/argotractors,Argo Tractors S.p.A.,ukeu_universe_candidate,IT
https://www.linkedin.com/in/ariane-ewers-339974118,Ariane Ewers,Ariane,Ewers,Group Lead Marketing Communications,2,marketing_communications,DE,-,https://www.linkedin.com/company/ari-armaturen,ARI-Armaturen Albert Richter GmbH & Co. KG,ukeu_universe_candidate,DE
https://www.linkedin.com/in/philippe-briant-b3169177,Philippe Briant,Philippe,Briant,R&T directorate - R&T program manager; SME and SU partnership,1,channel_dealer_partner_program,FR,2018-02-01,https://www.linkedin.com/company/arianegroup,ArianeGroup,ukeu_universe_candidate,FR
https://www.linkedin.com/in/hubert-philippe,Hubert PHILIPPE,Hubert,PHILIPPE,National Manager E-retail France | Omnichannel Business Development,1,channel_dealer_partner_program,FR,2024-09-01,https://www.linkedin.com/company/ariston-group,Ariston Group,ukeu_universe_candidate,IT
https://www.linkedin.com/in/fabio-longa-487ab417,Fabio Longa,Fabio,Longa,ICT Architecture Manager  - Networking and Telecommunication,1,channel_dealer_partner_program,IT,2021-11-01,https://www.linkedin.com/company/ariston-group,Ariston Group,ukeu_universe_candidate,IT
https://www.linkedin.com/in/chiaramarini1,Chiara Marini,Chiara,Marini,Trade Marketing & Communication Manager E&W Europe,2,marketing_communications,IT,2026-01-01,https://www.linkedin.com/company/ariston-group,Ariston Group,ukeu_universe_candidate,IT
https://www.linkedin.com/in/patrizia-pietralunga-958a7b14,Patrizia Pietralunga,Patrizia,Pietralunga,Global Sr Director Ariston Brand & Marketing Programs,3,marketing_leader_fallback,IT,2025-09-01,https://www.linkedin.com/company/ariston-group,Ariston Group,ukeu_universe_candidate,IT
https://www.linkedin.com/in/bricekosinski,Brice Kosinski,Brice,Kosinski,Responsable Marketing Produit & Réglementation,3,marketing_leader_fallback,FR,2025-03-01,https://www.linkedin.com/company/ariston-group,Ariston Group,ukeu_universe_candidate,IT
https://www.linkedin.com/in/alexandra-kov%c3%a1cs-69a37037,Alexandra Kovács,Alexandra,Kovács,Head of Marketing,3,marketing_leader_fallback,HU,2025-10-01,https://www.linkedin.com/company/ariston-group,Ariston Group,ukeu_universe_candidate,IT
https://www.linkedin.com/in/stefania-bernardi-9ba94453,Stefania Bernardi,Stefania,Bernardi,Group ICT Senior Director Sales Service Marketing & Connectivity,3,marketing_leader_fallback,IT,2022-01-01,https://www.linkedin.com/company/ariston-group,Ariston Group,ukeu_universe_candidate,IT
https://www.linkedin.com/in/mike-wiechec-mba-38aa6540,"Mike Wiechec, MBA",Mike,"Wiechec, MBA","Business Development & Distribution Manager, Material Protection",1,channel_dealer_partner_program,US,2025-01-01,https://www.linkedin.com/company/arxada,Arxada,ukeu_universe_candidate,CH
https://www.linkedin.com/in/carina-bierhoff-7b91b981,Carina Bierhoff,Carina,Bierhoff,"Sales Director KAM, Distribution, Business Development in IMC",1,channel_dealer_partner_program,DE,-,https://www.linkedin.com/company/arxada,Arxada,ukeu_universe_candidate,CH
https://www.linkedin.com/in/charlie-gins,Charlie Gins,Charlie,Gins,"Integrated MarCom Assoc. Manager, Global",2,marketing_communications,US,2023-03-01,https://www.linkedin.com/company/arxada,Arxada,ukeu_universe_candidate,CH
https://www.linkedin.com/in/geoffrey-clay-8140b88,Geoffrey Clay,Geoffrey,Clay,Director Marketing Communications,2,marketing_communications,US,2022-01-01,https://www.linkedin.com/company/arxada,Arxada,ukeu_universe_candidate,CH
https://www.linkedin.com/in/evan-crouse-b338514,Evan Crouse,Evan,Crouse,Head of Global Marketing & Business Development; Consumer Care,3,marketing_leader_fallback,US,2023-03-01,https://www.linkedin.com/company/arxada,Arxada,ukeu_universe_candidate,CH
https://www.linkedin.com/in/sabrina-behnke-phd-aa108051,"Sabrina Behnke, PhD",Sabrina,"Behnke, PhD",Director Marketing and Growth,3,marketing_leader_fallback,US,2025-03-01,https://www.linkedin.com/company/arxada,Arxada,ukeu_universe_candidate,CH
https://www.linkedin.com/in/kunalkapsime,Kunal Kapsime,Kunal,Kapsime,Director Global Marketing and Growth - Home and Personal Care,3,marketing_leader_fallback,US,2024-06-01,https://www.linkedin.com/company/arxada,Arxada,ukeu_universe_candidate,CH
https://www.linkedin.com/in/premakhanka,Prema Khanka-Bohra,Prema,Khanka-Bohra,Head of Marketing - Home & Personal Care,3,marketing_leader_fallback,US,2023-11-01,https://www.linkedin.com/company/arxada,Arxada,ukeu_universe_candidate,CH
https://www.linkedin.com/in/kevin-coston-61b50436,Kevin Coston,Kevin,Coston,Director of Marketing and Business Development - Water Treatment,3,marketing_leader_fallback,US,2026-04-01,https://www.linkedin.com/company/arxada,Arxada,ukeu_universe_candidate,CH
https://www.linkedin.com/in/jenireeafloresd,-,-,-,Head of Marketing - Materials Protection,3,marketing_leader_fallback,US,2024-07-01,https://www.linkedin.com/company/arxada,Arxada,ukeu_universe_candidate,CH
https://www.linkedin.com/in/kiran-k-291a18a,Kiran K.,Kiran,K.,Director Strategic Marketing,3,marketing_leader_fallback,US,2026-03-01,https://www.linkedin.com/company/arxada,Arxada,ukeu_universe_candidate,CH
https://www.linkedin.com/in/prasadshilpi,Shilpi P.,Shilpi,P.,"Senior Director, Global Strategy and Marketing",3,marketing_leader_fallback,US,2024-07-01,https://www.linkedin.com/company/arxada,Arxada,ukeu_universe_candidate,CH
https://www.linkedin.com/in/nigel-atkinson-29b63aa9,Nigel Atkinson,Nigel,Atkinson,Vice President Global Marketing,3,marketing_leader_fallback,GB,2023-04-01,https://www.linkedin.com/company/arxada,Arxada,ukeu_universe_candidate,CH
https://www.linkedin.com/in/ray-fahmy-46a4a43,Ray Fahmy,Ray,Fahmy,"Sr. Director of NA Marketing, Hygiene",3,marketing_leader_fallback,US,2025-03-01,https://www.linkedin.com/company/arxada,Arxada,ukeu_universe_candidate,CH
https://www.linkedin.com/in/cynthia-kostelansky-0a41535,Cynthia Kostelansky,Cynthia,Kostelansky,Senior Director Strategy & Marketing,3,marketing_leader_fallback,US,2024-01-01,https://www.linkedin.com/company/arxada,Arxada,ukeu_universe_candidate,CH
https://www.linkedin.com/in/sandrakadded,Sandra Garnier - Kadded,Sandra,Garnier - Kadded,Marketing & Communication Manager,2,marketing_communications,FR,2021-02-01,https://www.linkedin.com/company/ateq-aviation,ATEQ Aviation,ukeu_universe_candidate,FR
https://www.linkedin.com/in/nhu-vu-ngoc-6267662a,Nhu VU NGOC,Nhu,VU NGOC,Responsable Marketing Digital B2B,3,marketing_leader_fallback,FR,2019-08-01,https://www.linkedin.com/company/atlanticfrance,Atlantic France,ukeu_universe_candidate,FR
https://www.linkedin.com/in/julie-labrousse-bbb05913,Julie Labrousse,Julie,Labrousse,"Responsable Marketing, Communication & Event",3,marketing_leader_fallback,FR,2025-05-01,https://www.linkedin.com/company/atlanticfrance,Atlantic France,ukeu_universe_candidate,FR
https://www.linkedin.com/in/aur%c3%a9lie-bernard-a9294684,Aurélie Bernard,Aurélie,Bernard,Responsable Marketing Client & Communication,3,marketing_leader_fallback,FR,2023-01-01,https://www.linkedin.com/company/atlanticfrance,Atlantic France,ukeu_universe_candidate,FR
https://www.linkedin.com/in/iggino-carrozza-10433255,Iggino Carrozza,Iggino,Carrozza,Business &Distribution Developmemt Manager Air Motor,1,channel_dealer_partner_program,IT,2025-08-01,https://www.linkedin.com/company/atlas-copco-group,Atlas Copco Group,ukeu_universe_candidate,SE
https://www.linkedin.com/in/dr-vincent-tobin-614288a8,Dr Vincent Tobin,Dr Vincent,Tobin,Divisional Project Programme Manager - Partnership  Projects,1,channel_dealer_partner_program,GB,2023-11-01,https://www.linkedin.com/company/atlas-copco-group,Atlas Copco Group,ukeu_universe_candidate,SE
https://www.linkedin.com/in/marta-ben%c3%adtez-lara,Marta Benítez Lara,Marta,Benítez Lara,Brand and Communication Manager,2,marketing_communications,BE,2021-12-01,https://www.linkedin.com/company/atlas-copco-group,Atlas Copco Group,ukeu_universe_candidate,SE
https://www.linkedin.com/in/heteharvey,Hete Harvey,Hete,Harvey,Marketing & Communication Manager Customer Center GV EMEA,2,marketing_communications,DE,2025-01-01,https://www.linkedin.com/company/atlas-copco-group,Atlas Copco Group,ukeu_universe_candidate,SE
https://www.linkedin.com/in/anam-narjis-04080a3a,Anam Narjis,Anam,Narjis,Lead Marketing Communications,2,marketing_communications,BE,-,https://www.linkedin.com/company/atlas-copco-group,Atlas Copco Group,ukeu_universe_candidate,SE
https://www.linkedin.com/in/katleen-teck-73116a9,Katleen Teck,Katleen,Teck,Vice President Marketing & Sales - Brand Portfolio,3,marketing_leader_fallback,BE,2024-06-01,https://www.linkedin.com/company/atlas-copco-group,Atlas Copco Group,ukeu_universe_candidate,SE
https://www.linkedin.com/in/krisleunckens,Kris Leunckens,Kris,Leunckens,Vice President Marketing Gas Generation and Purification,3,marketing_leader_fallback,BE,2024-09-01,https://www.linkedin.com/company/atlas-copco-group,Atlas Copco Group,ukeu_universe_candidate,SE
https://www.linkedin.com/in/stephane-heyde-24452438,Stephane Heyde,Stephane,Heyde,Vice President Sales & Marketing,3,marketing_leader_fallback,BE,2023-09-01,https://www.linkedin.com/company/atlas-copco-group,Atlas Copco Group,ukeu_universe_candidate,SE
https://www.linkedin.com/in/andrea-gagna-a71a1012b,Andrea Gagna,Andrea,Gagna,"Global Vice President Marketing Industrial Air Division, CTBA presso Atlas Copco",3,marketing_leader_fallback,IT,2024-09-01,https://www.linkedin.com/company/atlas-copco-group,Atlas Copco Group,ukeu_universe_candidate,SE
https://www.linkedin.com/in/carlosmorenodemiguel,Carlos M.,Carlos,M.,Head of Marketing - Semiconductor Service,3,marketing_leader_fallback,DE,2026-01-01,https://www.linkedin.com/company/atlas-copco-group,Atlas Copco Group,ukeu_universe_candidate,SE
https://www.linkedin.com/in/paolaoliviero,Paola Oliviero,Paola,Oliviero,Brand Director (interim) & Content and Channels Manager,1,channel_dealer_partner_program,SE,2025-02-01,https://www.linkedin.com/company/autoliv,Autoliv,ukeu_universe_candidate,SE
https://www.linkedin.com/in/mikael-dubois-13374711a,Mikael Dubois,Mikael,Dubois,Systems & Network Manager,1,channel_dealer_partner_program,FR,-,https://www.linkedin.com/company/autoliv,Autoliv,ukeu_universe_candidate,SE
https://www.linkedin.com/in/robyn-hunter-ab886113a,Robyn Hunter,Robyn,Hunter,Global Network Manager,1,channel_dealer_partner_program,US,2011-11-01,https://www.linkedin.com/company/autoliv,Autoliv,ukeu_universe_candidate,SE
https://www.linkedin.com/in/ericadzwon,Erica Dzwonkiewicz,Erica,Dzwonkiewicz,Director of Communications and Marketing – Americas,3,marketing_leader_fallback,US,2026-01-01,https://www.linkedin.com/company/autoliv,Autoliv,ukeu_universe_candidate,SE
https://www.linkedin.com/in/joachim-amann-212604a8,Joachim Amann,Joachim,Amann,Head of Marketing & Strategy Business Group Europe,3,marketing_leader_fallback,AT,2011-11-01,https://www.linkedin.com/company/autoneum-holding-ag,Autoneum,ukeu_universe_candidate,CH
https://www.linkedin.com/in/thirikokozaw,Thiri Ko Ko Zaw,Thiri Ko Ko,Zaw,Partner Marketing Specialist,1,channel_dealer_partner_program,DE,2025-08-01,https://www.linkedin.com/company/autostoresystem,AutoStore™,ukeu_universe_candidate,NO
https://www.linkedin.com/in/isabel-rocher-471191a,Isabel Rocher,Isabel,Rocher,Senior Vice President Global Growth Marketing & Communication,2,marketing_communications,FR,2024-07-01,https://www.linkedin.com/company/autostoresystem,AutoStore™,ukeu_universe_candidate,NO
https://www.linkedin.com/in/noriko-herld-4331b329,Noriko Herld,Noriko,Herld,Head of Marketing Strategy and Operations,3,marketing_leader_fallback,DE,2026-01-01,https://www.linkedin.com/company/autostoresystem,AutoStore™,ukeu_universe_candidate,NO
https://www.linkedin.com/in/lenemarktorstensen,Lene Mark,Lene,Mark,"Head Of Marketing, Continental Europe",3,marketing_leader_fallback,DK,2013-01-01,https://www.linkedin.com/company/avk-international,AVK International,ukeu_universe_candidate,DK
https://www.linkedin.com/in/giuseppecaltabiano,Giuseppe Caltabiano,Giuseppe,Caltabiano,VP of Marketing,3,marketing_leader_fallback,GB,2025-11-01,https://www.linkedin.com/company/avk-seg-uk-ltd,AVK-SEG,ukeu_universe_candidate,GB
https://www.linkedin.com/in/dr-korbinian-gruber,Dr. Korbinian Gruber,Dr. Korbinian,Gruber,Abteilungsleiter Marketing & Kommunikation,3,marketing_leader_fallback,DE,-,https://www.linkedin.com/company/avs-roemer,AVS Römer,ukeu_universe_candidate,DE
https://www.linkedin.com/in/olgakrejcihalkovova,Olga Krejci Halkovova,Olga,Krejci Halkovova,Chief Marketing Officer,3,marketing_leader_fallback,SE,2007-10-01,https://www.linkedin.com/company/axflow,AxFlow,ukeu_universe_candidate,SE
https://www.linkedin.com/in/mariagutierrez-azud,María Gutiérrez Sánchez,María,Gutiérrez Sánchez,Marketing & Communication Manager,2,marketing_communications,ES,2024-03-01,https://www.linkedin.com/company/azud,AZUD,ukeu_universe_candidate,ES
https://www.linkedin.com/in/carolinamart%c3%adnezgarc%c3%ada,Carolina Martínez García,Carolina,Martínez García,Responsable de Comunicación,2,marketing_communications,ES,2026-03-01,https://www.linkedin.com/company/azud,AZUD,ukeu_universe_candidate,ES
https://www.linkedin.com/in/stephan-winkelmann-924658,Stephan Winkelmann,Stephan,Winkelmann,Head of Marketing International,3,marketing_leader_fallback,DE,2013-09-01,https://www.linkedin.com/company/b.e.g.,B.E.G. Brück Electronic GmbH,ukeu_universe_candidate,DE
https://www.linkedin.com/in/patrick-heremans-4598255,Patrick Heremans,Patrick,Heremans,Market and Channel Development Manager,1,channel_dealer_partner_program,BE,2016-10-01,https://www.linkedin.com/company/baltimore-aircoil-international-nv,BAC EMENA,ukeu_universe_candidate,BE
https://www.linkedin.com/in/jochen-maier-6064931b1,Jochen Maier,Jochen,Maier,"Director Marketing & Sales, Member of the Management Board",3,marketing_leader_fallback,DE,2023-02-01,https://www.linkedin.com/company/bansbacheasylift,Bansbach Easylift GmbH,ukeu_universe_candidate,DE
https://www.linkedin.com/in/nicolas-fontana-66437b108,Nicolas Fontana,Nicolas,Fontana,Chief Marketing Officer,3,marketing_leader_fallback,IT,2024-04-01,https://www.linkedin.com/company/bassigroupinternational,BASSI GROUP INTERNATIONAL,ukeu_universe_candidate,IT
https://www.linkedin.com/in/olakunle-ogedengbe-2a705625,Olakunle Ogedengbe,Olakunle,Ogedengbe,Global Head of Digital Solutions - Trade Marketing & Distribution,1,channel_dealer_partner_program,GB,2024-09-01,https://www.linkedin.com/company/british-american-tobacco,BAT,ukeu_universe_candidate,GB
https://www.linkedin.com/in/lucianokirst,Luciano Kirst,Luciano,Kirst,Global Head of Supply Network Operations,1,channel_dealer_partner_program,GB,2023-08-01,https://www.linkedin.com/company/british-american-tobacco,BAT,ukeu_universe_candidate,GB
https://www.linkedin.com/in/gianfrancolabriola,Gianfranco Labriola,Gianfranco,Labriola,Senior Supplier Network Manager,1,channel_dealer_partner_program,GB,2024-10-01,https://www.linkedin.com/company/british-american-tobacco,BAT,ukeu_universe_candidate,GB
https://www.linkedin.com/in/francescaromanasaule,"Francesca Romana Saule, PhD",Francesca Romana,"Saule, PhD","Global Head of Growth, GCE LT Marketing",3,marketing_leader_fallback,IT,2026-05-01,https://www.linkedin.com/company/british-american-tobacco,BAT,ukeu_universe_candidate,GB
https://www.linkedin.com/in/horacio-cruz-solbes-001722102,Horacio Cruz Solbes,Horacio,Cruz Solbes,Head of Trade Marketing,3,marketing_leader_fallback,GB,2025-06-01,https://www.linkedin.com/company/british-american-tobacco,BAT,ukeu_universe_candidate,GB
https://www.linkedin.com/in/andreea-dragan-farnoaga-b356206,Andreea Dragan (Farnoaga),Andreea,Dragan (Farnoaga),Senior Director Global Marketing Transformation Lead,3,marketing_leader_fallback,RO,2022-10-01,https://www.linkedin.com/company/british-american-tobacco,BAT,ukeu_universe_candidate,GB
https://www.linkedin.com/in/carol-diaz-7a45519,Carol Diaz,Carol,Diaz,Global Head of DBS Marketing Content,3,marketing_leader_fallback,GB,2025-01-01,https://www.linkedin.com/company/british-american-tobacco,BAT,ukeu_universe_candidate,GB
https://www.linkedin.com/in/jeanjacqueswalravens,Jean-Jacques Walravens,Jean-Jacques,Walravens,Group Chief Marketing Officer - Bentoel Group,3,marketing_leader_fallback,BE,-,https://www.linkedin.com/company/british-american-tobacco,BAT,ukeu_universe_candidate,GB
https://www.linkedin.com/in/zain-allos-860a59,Zain Allos,Zain,Allos,Group Head of DBS Marketing & External Engagement,3,marketing_leader_fallback,GB,2026-01-01,https://www.linkedin.com/company/british-american-tobacco,BAT,ukeu_universe_candidate,GB
https://www.linkedin.com/in/francesc-realp,Francesc Realp,Francesc,Realp,Global Head of Marketing for the Wellbeing & Stimulation Category,3,marketing_leader_fallback,GB,2025-04-01,https://www.linkedin.com/company/british-american-tobacco,BAT,ukeu_universe_candidate,GB
https://www.linkedin.com/in/anne-k%c3%b8lle-5312151,Anne Kølle,Anne,Kølle,"Head of Trade- & Shopper Marketing, Northern Europe",3,marketing_leader_fallback,DK,-,https://www.linkedin.com/company/british-american-tobacco,BAT,ukeu_universe_candidate,GB
https://www.linkedin.com/in/aude-grenier-brunel-36975716,Aude Grenier Brunel,Aude,Grenier Brunel,"Global Head of Brand Marketing, Wellness & Stimulation",3,marketing_leader_fallback,GB,2022-09-01,https://www.linkedin.com/company/british-american-tobacco,BAT,ukeu_universe_candidate,GB
https://www.linkedin.com/in/rasmuslang,Rasmus Lang,Rasmus,Lang,Head of National Sales & Performance Manager & Head of Field Force incl. B2B Marketing,3,marketing_leader_fallback,DK,-,https://www.linkedin.com/company/british-american-tobacco,BAT,ukeu_universe_candidate,GB
https://www.linkedin.com/in/rajvansh-kaur-sandhu-965a70168,Rajvansh Kaur Sandhu,Rajvansh Kaur,Sandhu,Global Head of DBS Consumer Marketing,3,marketing_leader_fallback,PL,2025-08-01,https://www.linkedin.com/company/british-american-tobacco,BAT,ukeu_universe_candidate,GB
https://www.linkedin.com/in/daniel-aicher-4b6a4611,Daniel Aicher,Daniel,Aicher,Head of Sales and Marketing,3,marketing_leader_fallback,DE,2025-03-01,https://www.linkedin.com/company/werner-bauser,Bauser Plastics,ukeu_universe_candidate,DE
https://www.linkedin.com/in/andrea-negro-a4668a140,Andrea Negro,Andrea,Negro,Marketing & Communication Manager,2,marketing_communications,IT,2006-02-01,https://www.linkedin.com/company/bcs-spa,BCS SpA,ukeu_universe_candidate,IT
https://www.linkedin.com/in/celiacuny,Célia CUNY,Célia,CUNY,Responsable Marketing Services,3,marketing_leader_fallback,FR,2022-09-01,https://www.linkedin.com/company/bdr-thermea-france,BDR THERMEA FRANCE,ukeu_universe_candidate,FR
https://www.linkedin.com/in/laurent-masson-b33491217,Laurent Masson,Laurent,Masson,Responsable marketing produit,3,marketing_leader_fallback,FR,2013-09-01,https://www.linkedin.com/company/bdr-thermea-france,BDR THERMEA FRANCE,ukeu_universe_candidate,FR
https://www.linkedin.com/in/carine-maillier-93b552114,Carine Maillier,Carine,Maillier,Responsable de pôle marketing opérationnel,3,marketing_leader_fallback,FR,2023-01-01,https://www.linkedin.com/company/bdr-thermea-france,BDR THERMEA FRANCE,ukeu_universe_candidate,FR
https://www.linkedin.com/in/christiane-walter-2313a1197,Christiane Walter,Christiane,Walter,Head of Marketing & Growth,3,marketing_leader_fallback,DE,2024-01-01,https://www.linkedin.com/company/beewatec.group,BeeWaTec Group,ukeu_universe_candidate,DE
https://www.linkedin.com/in/bleypatrick,Patrick Bley,Patrick,Bley,Head of Marketing & Communications Germany,2,marketing_communications,DE,2023-05-01,https://www.linkedin.com/company/belimo,Belimo,ukeu_universe_candidate,CH
https://www.linkedin.com/in/heather-wootton-96387aa4,Heather Wootton,Heather,Wootton,"Manager, Marketing Communications",2,marketing_communications,US,2025-06-01,https://www.linkedin.com/company/belimo,Belimo,ukeu_universe_candidate,CH
https://www.linkedin.com/in/victor-coppola-92458613,Victor Coppola,Victor,Coppola,Vice President Product Management and Marketing Americas,3,marketing_leader_fallback,US,2016-09-01,https://www.linkedin.com/company/belimo,Belimo,ukeu_universe_candidate,CH
https://www.linkedin.com/in/mikel-echeberria-mu%c3%b1agorri-4b542819a,Mikel Echeberria Muñagorri,Mikel,Echeberria Muñagorri,Responsable de Marketing Global Europa + LATAM en BELLOTA Herramientas,3,marketing_leader_fallback,ES,2023-04-01,https://www.linkedin.com/company/bellota,BELLOTA,ukeu_universe_candidate,ES
https://www.linkedin.com/in/ane-aranberri-216b5230,Ane Aranberri,Ane,Aranberri,Responsable de trade marketing,3,marketing_leader_fallback,ES,2018-12-01,https://www.linkedin.com/company/bellota,BELLOTA,ukeu_universe_candidate,ES
https://www.linkedin.com/in/delphine-d%c3%a9hu-54a722a7,Delphine Déhu,Delphine,Déhu,Responsable marketing France,3,marketing_leader_fallback,FR,2018-10-01,https://www.linkedin.com/company/bepcoparts,Bepco Group,ukeu_universe_candidate,BE
https://www.linkedin.com/in/matteo-mingozzi-07910727b,Matteo Mingozzi,Matteo,Mingozzi,Marketing Communications Manager,2,marketing_communications,IT,2014-03-01,https://www.linkedin.com/company/berco-undercarriages,Berco,ukeu_universe_candidate,IT
https://www.linkedin.com/in/luca-cappelletti-3922a84,Luca Cappelletti,Luca,Cappelletti,Marketing Communication Manager,2,marketing_communications,IT,2020-01-01,https://www.linkedin.com/company/bertazzoni-spa,Bertazzoni S.p.A.,ukeu_universe_candidate,IT
https://www.linkedin.com/in/felix-hessmann-98258945,Felix Hessmann,Felix,Hessmann,Teamleiter Digitales Marketing & Sales,3,marketing_leader_fallback,DE,2020-01-01,https://www.linkedin.com/company/beurergmbh,Beurer GmbH,ukeu_universe_candidate,DE
https://www.linkedin.com/in/lisa-foerste-581493177,Lisa Foerste,Lisa,Foerste,Head of Amazon Performance Marketing,3,marketing_leader_fallback,DE,2025-03-01,https://www.linkedin.com/company/beurergmbh,Beurer GmbH,ukeu_universe_candidate,DE
https://www.linkedin.com/in/james-tupper-6b3802a5,James Tupper,James,Tupper,Head of Marketing,3,marketing_leader_fallback,GB,-,https://www.linkedin.com/company/bgb-innovation,BGB,ukeu_universe_candidate,GB
https://www.linkedin.com/in/ariadna-gonz%c3%a1lez-bertol%c3%adn-0b1b79159,Ariadna González Bertolín,Ariadna,González Bertolín,Responsable de marketing,3,marketing_leader_fallback,ES,2026-01-01,https://www.linkedin.com/company/bihlwiedemann-iberia,Bihl+Wiedemann GmbH Iberia,ukeu_universe_candidate,ES
https://www.linkedin.com/in/adrian-stanton-a062082,Adrian Stanton,Adrian,Stanton,Director of Business Development & Strategic Partnerships,1,channel_dealer_partner_program,GB,2025-11-01,https://www.linkedin.com/company/binder-gmbh,BINDER GmbH,ukeu_universe_candidate,DE
https://www.linkedin.com/in/beate-hermannst%c3%a4dter,Beate Hermannstädter,Beate,Hermannstädter,Head of International Marketing,3,marketing_leader_fallback,DE,2024-06-01,https://www.linkedin.com/company/binder-gmbh,BINDER GmbH,ukeu_universe_candidate,DE
https://www.linkedin.com/in/chiara-znt,Chiara Zanetti,Chiara,Zanetti,Group Marketing Communication Manager,2,marketing_communications,IT,2025-10-01,https://www.linkedin.com/company/binottogroup,Binotto S.r.l.,ukeu_universe_candidate,IT
https://www.linkedin.com/in/lauren-hunt-pharmd-bcidp-3a454386,"Lauren Hunt, PharmD, BCIDP",Lauren,"Hunt, PharmD, BCIDP","Sr Marketing Manager, Strategic Partnerships & Value Based Healthcare (clinical)",1,channel_dealer_partner_program,US,2024-08-01,https://www.linkedin.com/company/biomerieux,bioMérieux,ukeu_universe_candidate,FR
https://www.linkedin.com/in/thomasjohn-forestier,Thomas-john FORESTIER,Thomas-john,FORESTIER,Global Marketing Communication & Digital Manager,2,marketing_communications,US,2023-07-01,https://www.linkedin.com/company/biomerieux,bioMérieux,ukeu_universe_candidate,FR
https://www.linkedin.com/in/margaretusa,Margaret DiSantis Jennings,Margaret,DiSantis Jennings,"Head of Marketing Communications & Digital Commerce l  Food l Pharma, NORAM",2,marketing_communications,US,2022-03-01,https://www.linkedin.com/company/biomerieux,bioMérieux,ukeu_universe_candidate,FR
https://www.linkedin.com/in/marie-anne-girel-a4770544,Marie-Anne GIREL,Marie-Anne,GIREL,"Vice President, Global Marketing Communications & Digital",2,marketing_communications,FR,2022-01-01,https://www.linkedin.com/company/biomerieux,bioMérieux,ukeu_universe_candidate,FR
https://www.linkedin.com/in/stacy-boothe-01b5085,Stacy Boothe,Stacy,Boothe,Director Marketing Communications,2,marketing_communications,US,2024-01-01,https://www.linkedin.com/company/biomerieux,bioMérieux,ukeu_universe_candidate,FR
https://www.linkedin.com/in/mathilde-perret,Mathilde Perret,Mathilde,Perret,Global Marketing Communications Manager,2,marketing_communications,FR,2024-01-01,https://www.linkedin.com/company/biomerieux,bioMérieux,ukeu_universe_candidate,FR
https://www.linkedin.com/in/mathieu-tennina-32129877,Mathieu Tennina,Mathieu,Tennina,Responsable Marketing Communication,2,marketing_communications,FR,2026-06-01,https://www.linkedin.com/company/biomerieux,bioMérieux,ukeu_universe_candidate,FR
https://www.linkedin.com/in/emmanuelcrenn,Emmanuel Crenn,Emmanuel,Crenn,Associate Director – Global Marketing Communications,2,marketing_communications,FR,2026-03-01,https://www.linkedin.com/company/biomerieux,bioMérieux,ukeu_universe_candidate,FR
https://www.linkedin.com/in/julie-duquesne-7259357a,Julie Duquesne,Julie,Duquesne,Global Marketing Communication manager,2,marketing_communications,FR,2021-01-01,https://www.linkedin.com/company/biomerieux,bioMérieux,ukeu_universe_candidate,FR
https://www.linkedin.com/in/sandeep-pahwa-93467421,Sandeep Pahwa,Sandeep,Pahwa,Vice President - Global Marketing - Microbiology Franchise,3,marketing_leader_fallback,US,2025-02-01,https://www.linkedin.com/company/biomerieux,bioMérieux,ukeu_universe_candidate,FR
https://www.linkedin.com/in/joy-dell-aringa,Joy Dell'Aringa,Joy,Dell'Aringa,"Associate Director, Segment Marketing",3,marketing_leader_fallback,US,2022-03-01,https://www.linkedin.com/company/biomerieux,bioMérieux,ukeu_universe_candidate,FR
https://www.linkedin.com/in/gr%c3%a9goire-kebabtchieff-971a1a8,Grégoire Kebabtchieff,Grégoire,Kebabtchieff,Vice President - Global Marketing & Strategic Accounts,3,marketing_leader_fallback,US,2022-11-01,https://www.linkedin.com/company/biomerieux,bioMérieux,ukeu_universe_candidate,FR
https://www.linkedin.com/in/charline-perrouin-a15465156,Charline Perrouin,Charline,Perrouin,Responsable Marketing France - Marchés Cosmétique / Cell&Gene Therapy,3,marketing_leader_fallback,FR,2025-05-01,https://www.linkedin.com/company/biomerieux,bioMérieux,ukeu_universe_candidate,FR
https://www.linkedin.com/in/nadia-oka-bousbia-272b4135,Nadia Oka-Bousbia,Nadia,Oka-Bousbia,"Vice President, Global Marketing, Immunoassays",3,marketing_leader_fallback,FR,2023-09-01,https://www.linkedin.com/company/biomerieux,bioMérieux,ukeu_universe_candidate,FR
https://www.linkedin.com/in/jay-snyder-12b6357,Jay Snyder,Jay,Snyder,SVP Global Marketing - Clinical Operations,3,marketing_leader_fallback,US,2025-01-01,https://www.linkedin.com/company/biomerieux,bioMérieux,ukeu_universe_candidate,FR
https://www.linkedin.com/in/philippe-bechaud-biom%c3%a9rieux,Philippe BECHAUD,Philippe,BECHAUD,Directeur Marketing PHARMA QC France,3,marketing_leader_fallback,FR,2023-03-01,https://www.linkedin.com/company/biomerieux,bioMérieux,ukeu_universe_candidate,FR
https://www.linkedin.com/in/morgan-hankin-1b474326,Morgan Hankin,Morgan,Hankin,"Sr. Director, Molecular Marketing",3,marketing_leader_fallback,US,2023-11-01,https://www.linkedin.com/company/biomerieux,bioMérieux,ukeu_universe_candidate,FR
https://www.linkedin.com/in/john-printen-8979792,John Printen,John,Printen,"Sr. Director, Microbiology Marketing- US",3,marketing_leader_fallback,US,2024-01-01,https://www.linkedin.com/company/biomerieux,bioMérieux,ukeu_universe_candidate,FR
https://www.linkedin.com/in/joe-amoruso,Joe Amoruso,Joe,Amoruso,"Director, US Marketing",3,marketing_leader_fallback,US,2024-06-01,https://www.linkedin.com/company/biomerieux,bioMérieux,ukeu_universe_candidate,FR
https://www.linkedin.com/in/laurent-verdier-a133114,Laurent Verdier,Laurent,Verdier,"VP Marketing, Europe, Middle East & Africa",3,marketing_leader_fallback,FR,2022-06-01,https://www.linkedin.com/company/biomerieux,bioMérieux,ukeu_universe_candidate,FR
https://www.linkedin.com/in/vaibhav-garud-2993b669,VAIBHAV GARUD,VAIBHAV,GARUD,Senior Director Global Marketing Immunoassays,3,marketing_leader_fallback,FR,2026-07-01,https://www.linkedin.com/company/biomerieux,bioMérieux,ukeu_universe_candidate,FR
https://www.linkedin.com/in/pierre-louis-thiney-084a5,Pierre-Louis Thiney,Pierre-Louis,Thiney,VP Marketing Americas,3,marketing_leader_fallback,FR,2016-01-01,https://www.linkedin.com/company/biomerieux,bioMérieux,ukeu_universe_candidate,FR
https://www.linkedin.com/in/fabrice-delrieu-9a9a8b33,Fabrice DELRIEU,Fabrice,DELRIEU,Head of Marketing manager,3,marketing_leader_fallback,FR,2019-09-01,https://www.linkedin.com/company/biomerieux,bioMérieux,ukeu_universe_candidate,FR
https://www.linkedin.com/in/michela-giorgi-88b8458,Michela Giorgi,Michela,Giorgi,Head of Marketing - Italy,3,marketing_leader_fallback,IT,2025-09-01,https://www.linkedin.com/company/biomerieux,bioMérieux,ukeu_universe_candidate,FR
https://www.linkedin.com/in/lise-losseff-biomerieux,Lise Losseff,Lise,Losseff,Responsable Marketing Digital | Communication | Evènementiel Filiale France industrie,3,marketing_leader_fallback,FR,2023-01-01,https://www.linkedin.com/company/biomerieux,bioMérieux,ukeu_universe_candidate,FR
https://www.linkedin.com/in/bettypetrillo,Betty Petrillo,Betty,Petrillo,Senior Director Global Marketing Fast Microbiology,3,marketing_leader_fallback,IT,2025-01-01,https://www.linkedin.com/company/biomerieux,bioMérieux,ukeu_universe_candidate,FR
https://www.linkedin.com/in/jonghlee,Jong Lee,Jong,Lee,"Vice President Global Marketing, Sequencing",3,marketing_leader_fallback,US,2025-11-01,https://www.linkedin.com/company/biomerieux,bioMérieux,ukeu_universe_candidate,FR
https://www.linkedin.com/in/miguel-villa-32757b5,Miguel Villa,Miguel,Villa,"VP Sales and Marketing, Industrial Applications. North America",3,marketing_leader_fallback,US,2014-09-01,https://www.linkedin.com/company/biomerieux,bioMérieux,ukeu_universe_candidate,FR
https://www.linkedin.com/in/tania-buchmelter,Tania Buchmelter,Tania,Buchmelter,Head of Marketing | Value-Based Healthcare,3,marketing_leader_fallback,US,2024-11-01,https://www.linkedin.com/company/biomerieux,bioMérieux,ukeu_universe_candidate,FR
https://www.linkedin.com/in/pierre-michenot-375b7665,Pierre Michenot,Pierre,Michenot,"Sr Director Global Marketing, Strategic Product Portfolio",3,marketing_leader_fallback,FR,2023-07-01,https://www.linkedin.com/company/biomerieux,bioMérieux,ukeu_universe_candidate,FR
https://www.linkedin.com/in/prbrigitte,Brigitte McAlear,Brigitte,McAlear,VP of Global Marketing Molecular,3,marketing_leader_fallback,US,2025-01-01,https://www.linkedin.com/company/biomerieux,bioMérieux,ukeu_universe_candidate,FR
https://www.linkedin.com/in/joe-medeiros-mba-5169531,"Joe Medeiros, MBA",Joe,"Medeiros, MBA","Senior Director, Global Product Marketing",3,marketing_leader_fallback,US,2026-07-01,https://www.linkedin.com/company/biomerieux,bioMérieux,ukeu_universe_candidate,FR
https://www.linkedin.com/in/janina-leupold-ueschner,Janina Leupold,Janina,Leupold,Head of Marketing Communications,2,marketing_communications,DE,2026-07-01,https://www.linkedin.com/company/bischof-klein,Bischof+Klein,ukeu_universe_candidate,DE
https://www.linkedin.com/in/carsten-bo%c3%9fe,Carsten Boße,Carsten,Boße,Director Sales and Marketing,3,marketing_leader_fallback,DE,2013-03-01,https://www.linkedin.com/company/bischof-klein,Bischof+Klein,ukeu_universe_candidate,DE
https://www.linkedin.com/in/volker-thomassen-4a3a21153,Volker Thomassen,Volker,Thomassen,"Vice President Corporate Product Marketing, Corporate Marketing & Communications",2,marketing_communications,DE,2025-04-01,https://www.linkedin.com/company/bitzer,BITZER,ukeu_universe_candidate,DE
https://www.linkedin.com/in/michael-uhl-28045b160,Michael Uhl,Michael,Uhl,Head of Product Marketing / Management,3,marketing_leader_fallback,DE,2023-06-01,https://www.linkedin.com/company/bitzer,BITZER,ukeu_universe_candidate,DE
https://www.linkedin.com/in/willemann,Thomas Willemann,Thomas,Willemann,"VP Sales, Partner Development",1,channel_dealer_partner_program,DK,2026-05-01,https://www.linkedin.com/company/blue-ocean-robotics,Blue Ocean Robotics,ukeu_universe_candidate,DK
https://www.linkedin.com/in/merimacikotic,Merima Cikotic,Merima,Cikotic,Vice President of Marketing & PR,3,marketing_leader_fallback,DK,2022-05-01,https://www.linkedin.com/company/blue-ocean-robotics,Blue Ocean Robotics,ukeu_universe_candidate,DK
https://www.linkedin.com/in/juanmurillofernandez,Juan Murillo Fernandez,Juan,Murillo Fernandez,Responsable de marketing,3,marketing_leader_fallback,FR,2025-08-01,https://www.linkedin.com/company/blumaq,"Blumaq, S.A.",ukeu_universe_candidate,ES
https://www.linkedin.com/in/bryan-barlow-8998b99,Bryan Barlow,Bryan,Barlow,Vice President Sales & Marketing,3,marketing_leader_fallback,US,2000-01-01,https://www.linkedin.com/company/bmtaerospace,BMT Aerospace,ukeu_universe_candidate,BE
https://www.linkedin.com/in/charlotte-sticker,Charlotte Sticker,Charlotte,Sticker,Marketing Communication Manager,2,marketing_communications,BE,-,https://www.linkedin.com/company/bmt-nv,BMT Group,ukeu_universe_candidate,BE
https://www.linkedin.com/in/manfredilaura,Laura Manfredi,Laura,Manfredi,Corporate Marketing & Communication Manager,2,marketing_communications,IT,2017-01-01,https://www.linkedin.com/company/bonfiglioli-riduttori-spa,Bonfiglioli,ukeu_universe_candidate,IT
https://www.linkedin.com/in/massimo-sarti-94125bb,Massimo Sarti,Massimo,Sarti,Group Strategic Marketing & Communication Director,2,marketing_communications,IT,2016-09-01,https://www.linkedin.com/company/bonfiglioli-riduttori-spa,Bonfiglioli,ukeu_universe_candidate,IT
https://www.linkedin.com/in/audrey-tissot-5a154a13,Audrey Tissot,Audrey,Tissot,Responsable etudes et marketing strategique,3,marketing_leader_fallback,FR,2023-07-01,https://www.linkedin.com/company/bontaz,Bontaz,ukeu_universe_candidate,FR
https://www.linkedin.com/in/dominikclever,Dominik Clever,Dominik,Clever,Chief Marketing Officer,3,marketing_leader_fallback,DE,2022-01-01,https://www.linkedin.com/company/boracookingsystems,BORA,ukeu_universe_candidate,DE
https://www.linkedin.com/in/philipp-j%c3%a4ckel-83b2479a,Philipp Jäckel,Philipp,Jäckel,Head of Digital Marketing & Media,3,marketing_leader_fallback,DE,2023-01-01,https://www.linkedin.com/company/boracookingsystems,BORA,ukeu_universe_candidate,DE
https://www.linkedin.com/in/yen-yoon,Yen Yoon,Yen,Yoon,"Director, Channel Sales and Marketing Programs",1,channel_dealer_partner_program,US,2025-01-01,https://www.linkedin.com/company/boschhomecomfortgroup,Bosch Home Comfort Group,ukeu_universe_candidate,DE
https://www.linkedin.com/in/tom-morton-b477b71a4,Tom Morton,Tom,Morton,Direct Channel Manager Bosch Home Comfort Group - Hitachi Brand,1,channel_dealer_partner_program,GB,2025-12-01,https://www.linkedin.com/company/boschhomecomfortgroup,Bosch Home Comfort Group,ukeu_universe_candidate,DE
https://www.linkedin.com/in/shannon-k-teiber-mba-pmp,"Shannon Teiber, MBA, PMP",Shannon,"Teiber, MBA, PMP",Marketing Communications Manager,2,marketing_communications,US,2025-08-01,https://www.linkedin.com/company/boschhomecomfortgroup,Bosch Home Comfort Group,ukeu_universe_candidate,DE
https://www.linkedin.com/in/suzimcnicholas,Suzi Schweiger McNicholas,Suzi,Schweiger McNicholas,"Director of Marketing, Residential & Light Commercial, Americas",3,marketing_leader_fallback,US,2025-08-01,https://www.linkedin.com/company/boschhomecomfortgroup,Bosch Home Comfort Group,ukeu_universe_candidate,DE
https://www.linkedin.com/in/monicamendivil,Mónica Mendivil,Mónica,Mendivil,Head of Marketing. Bosch Home Comfort - SEA Region,3,marketing_leader_fallback,HU,-,https://www.linkedin.com/company/boschhomecomfortgroup,Bosch Home Comfort Group,ukeu_universe_candidate,DE
https://www.linkedin.com/in/phalais,Pauline Halais,Pauline,Halais,"Head of Residential Segment Marketing, APAC region",3,marketing_leader_fallback,ES,2025-01-01,https://www.linkedin.com/company/boschhomecomfortgroup,Bosch Home Comfort Group,ukeu_universe_candidate,DE
https://www.linkedin.com/in/nerealorenzo,Nerea L.,Nerea,L.,Head of Digital Marketing & Performance,3,marketing_leader_fallback,ES,2025-08-01,https://www.linkedin.com/company/boschhomecomfortgroup,Bosch Home Comfort Group,ukeu_universe_candidate,DE
https://www.linkedin.com/in/caroroeffen,Caro Roeffen,Caro,Roeffen,Senior Global Marketing & Communication Manager,2,marketing_communications,NL,2023-03-01,https://www.linkedin.com/company/bosch-transmission-technology,Bosch Transmission Technology B.V.,ukeu_universe_candidate,NL
https://www.linkedin.com/in/bart-v-5b33a512b,Bart V.,Bart,V.,Head of Marketing and Communications,3,marketing_leader_fallback,NL,2025-01-01,https://www.linkedin.com/company/bosmanvanzaal,Bosman Van Zaal,ukeu_universe_candidate,NL
https://www.linkedin.com/in/michaela-valovicova-65ab61b,Michaela Valovicova,Michaela,Valovicova,Head of Marketing Communications,2,marketing_communications,GB,2021-04-01,https://www.linkedin.com/company/equansscitech,"Bouygues Energies & Services, Industry",ukeu_universe_candidate,FR
https://www.linkedin.com/in/richard-brown-a0975b64,Richard Brown,Richard,Brown,Head of Marketing and Commercial Excellence - GB,3,marketing_leader_fallback,GB,2026-01-01,https://www.linkedin.com/company/breedon-group-plc,Breedon Group plc,ukeu_universe_candidate,GB
https://www.linkedin.com/in/bethany-jopling-pcm-cdmp-8642ab173,"Bethany Jopling, PCM, CDMP",Bethany,"Jopling, PCM, CDMP",Marketing Communications Lead,2,marketing_communications,US,2022-06-01,https://www.linkedin.com/company/bridon-bekaert,Bridon® Steel Wire Ropes by Bekaert,ukeu_universe_candidate,BE
https://www.linkedin.com/in/piaweimer,Pia Weimer,Pia,Weimer,Director Marketing EMEA,3,marketing_leader_fallback,DE,2024-04-01,https://www.linkedin.com/company/briggs-stratton-emea,Briggs & Stratton EMEA,ukeu_universe_candidate,CH
https://www.linkedin.com/in/johanna-kulmala-215a64104,Johanna Kulmala,Johanna,Kulmala,"Director, Brand & Marketing",3,marketing_leader_fallback,FI,-,https://www.linkedin.com/company/bronto-skylift,Bronto Skylift,ukeu_universe_candidate,FI
https://www.linkedin.com/in/carmen-eberhardt-844b21173,Carmen Eberhardt,Carmen,Eberhardt,Head of Marketing & Communication,2,marketing_communications,DE,-,https://www.linkedin.com/company/brose,Brose Group,ukeu_universe_candidate,DE
https://www.linkedin.com/in/natalie-spahl,Natalie Spahl,Natalie,Spahl,Head of Global Marketing,3,marketing_leader_fallback,DE,2024-01-01,https://www.linkedin.com/company/bruker-optics,Bruker Optics,ukeu_universe_candidate,DE
https://www.linkedin.com/in/anna-engel,Anna Engel,Anna,Engel,Head of Global Marketing Communications,2,marketing_communications,DE,2024-03-01,https://www.linkedin.com/company/bkvibro,Brüel & Kjær Vibro,ukeu_universe_candidate,DE
https://www.linkedin.com/in/lindagneal-winningbrands,Linda G Neal,Linda,G Neal,VP Marketing I  Brand & Marketing Performance,3,marketing_leader_fallback,SE,2022-03-01,https://www.linkedin.com/company/bsh-home-appliances-group,BSH Home Appliances Group,ukeu_universe_candidate,DE
https://www.linkedin.com/in/dr-marc-wiefel-31392a1,Dr. Marc Wiefel,Dr. Marc,Wiefel,Head of Marketing and Growth Brand Neff,3,marketing_leader_fallback,DE,2020-08-01,https://www.linkedin.com/company/bsh-home-appliances-group,BSH Home Appliances Group,ukeu_universe_candidate,DE
https://www.linkedin.com/in/marcelohiering,Marcelo Hiering,Marcelo,Hiering,Head of Global Marketing Execution,3,marketing_leader_fallback,DE,2025-12-01,https://www.linkedin.com/company/bsh-home-appliances-group,BSH Home Appliances Group,ukeu_universe_candidate,DE
https://www.linkedin.com/in/javier-gonz%c3%a1lez-granda,Javier González Granda,Javier,González Granda,Head of Global Business Services Marketing,3,marketing_leader_fallback,DE,2025-11-01,https://www.linkedin.com/company/bsh-home-appliances-group,BSH Home Appliances Group,ukeu_universe_candidate,DE
https://www.linkedin.com/in/enricohoffmannceo,Enrico Hoffmann,Enrico,Hoffmann,"Senior Vice President, Head of Sales & Marketing Central Europe",3,marketing_leader_fallback,IT,2024-09-01,https://www.linkedin.com/company/bsh-home-appliances-group,BSH Home Appliances Group,ukeu_universe_candidate,DE
https://www.linkedin.com/in/mathieu-clodong-82a01232,Mathieu Clodong,Mathieu,Clodong,Head of Product Marketing Western Europe (FR/NL/BE),3,marketing_leader_fallback,FR,2021-04-01,https://www.linkedin.com/company/bsh-home-appliances-group,BSH Home Appliances Group,ukeu_universe_candidate,DE
https://www.linkedin.com/in/lukas-du-bois,Lukas du Bois,Lukas,du Bois,Head of Global Brand Marketing IndoorCleaning,3,marketing_leader_fallback,DE,2019-08-01,https://www.linkedin.com/company/bsh-home-appliances-group,BSH Home Appliances Group,ukeu_universe_candidate,DE
https://www.linkedin.com/in/ioannis-petrakis-5796a935,Ioannis Petrakis,Ioannis,Petrakis,Director Sales & Marketing Consumer Products,3,marketing_leader_fallback,GR,2015-10-01,https://www.linkedin.com/company/bsh-home-appliances-group,BSH Home Appliances Group,ukeu_universe_candidate,DE
https://www.linkedin.com/in/rosalinda-p-2a576b1b3,Rosalinda P.,Rosalinda,P.,Head of Marketing Communications,2,marketing_communications,GB,2024-10-01,https://www.linkedin.com/company/bsh-uk,BSH UK & Ireland,ukeu_universe_candidate,GB
https://www.linkedin.com/in/jamesgarybrennan,"James Brennan BA (Hons), ACIM, CMktr",James,"Brennan BA (Hons), ACIM, CMktr",Head of Marketing,3,marketing_leader_fallback,GB,2023-03-01,https://www.linkedin.com/company/thebswgroup,BSW Group,ukeu_universe_candidate,GB
https://www.linkedin.com/in/richard-koch-326866236,Richard Koch,Richard,Koch,Head of Global Marketing & Communication,2,marketing_communications,DE,2026-01-01,https://www.linkedin.com/company/bucher-hydraulics,Bucher Hydraulics,ukeu_universe_candidate,DE
https://www.linkedin.com/in/davidstevenson08,David Stevenson,David,Stevenson,Vice President of Sales and Marketing,3,marketing_leader_fallback,US,2026-03-01,https://www.linkedin.com/company/bucher-hydraulics,Bucher Hydraulics,ukeu_universe_candidate,DE
https://www.linkedin.com/in/jan-friedrich-218b6522b,Jan Friedrich,Jan,Friedrich,Head of Sales Europe and Marketing,3,marketing_leader_fallback,DE,-,https://www.linkedin.com/company/bucher-hydraulics,Bucher Hydraulics,ukeu_universe_candidate,DE
https://www.linkedin.com/in/dawnoldham1,Dawn Oldham,Dawn,Oldham,Head of Marketing & Events,3,marketing_leader_fallback,GB,2016-04-01,https://www.linkedin.com/company/bunzlgreenham,Bunzl Greenham,ukeu_universe_candidate,GB
https://www.linkedin.com/in/apvillarreal,Alexandra Prado Villarreal,Alexandra,Prado Villarreal,Global Marketing Communications Manager,2,marketing_communications,DE,2022-04-01,https://www.linkedin.com/company/busch-vacuum-solutions,Busch Vacuum Solutions,ukeu_universe_candidate,DE
https://www.linkedin.com/in/fabrice-weisgal-wermus-0722614,Fabrice Weisgal Wermus,Fabrice,Weisgal Wermus,Senior Director of Marketing,3,marketing_leader_fallback,US,2024-09-01,https://www.linkedin.com/company/busch-vacuum-solutions,Busch Vacuum Solutions,ukeu_universe_candidate,DE
https://www.linkedin.com/in/oliver-m%c3%b6ssler-7149a01,Oliver Mössler,Oliver,Mössler,"Head of Global Marketing, Busch Group",3,marketing_leader_fallback,DE,2024-01-01,https://www.linkedin.com/company/busch-vacuum-solutions,Busch Vacuum Solutions,ukeu_universe_candidate,DE
https://www.linkedin.com/in/sabrina-wirth-94b601167,Sabrina Wirth,Sabrina,Wirth,Head of Marketing,3,marketing_leader_fallback,DE,2016-01-01,https://www.linkedin.com/company/busch-vacuum-solutions,Busch Vacuum Solutions,ukeu_universe_candidate,DE
https://www.linkedin.com/in/lisaglatt,Lisa Glatt,Lisa,Glatt,Head of Marketing,3,marketing_leader_fallback,AT,2023-10-01,https://www.linkedin.com/company/busch-vacuum-solutions,Busch Vacuum Solutions,ukeu_universe_candidate,DE
https://www.linkedin.com/in/carola-nafeey-9aa04a176,Carola Nafeey,Carola,Nafeey,Head of Marketing bei Busch AG,3,marketing_leader_fallback,DE,2025-05-01,https://www.linkedin.com/company/busch-vacuum-solutions,Busch Vacuum Solutions,ukeu_universe_candidate,DE
https://www.linkedin.com/in/rob-stevens-a153bb4b,Rob Stevens,Rob,Stevens,Director of Marketing & Programmes,3,marketing_leader_fallback,GB,-,https://www.linkedin.com/company/busch-vacuum-solutions,Busch Vacuum Solutions,ukeu_universe_candidate,DE
https://www.linkedin.com/in/margauxazpuruaverledens,Margaux Azpurua Verledens,Margaux,Azpurua Verledens,Responsable Marketing Groupe,3,marketing_leader_fallback,FR,2024-07-01,https://www.linkedin.com/company/busch-vacuum-solutions,Busch Vacuum Solutions,ukeu_universe_candidate,DE
https://www.linkedin.com/in/jana-lambla-1193941a3,Jana Lambla,Jana,Lambla,Head of Digital Marketing,3,marketing_leader_fallback,DE,2022-03-01,https://www.linkedin.com/company/busch-vacuum-solutions,Busch Vacuum Solutions,ukeu_universe_candidate,DE
https://www.linkedin.com/in/francesco-lopez-68727b100,Francesco Lopez,Francesco,Lopez,"Head of Brand, Marketing and Communications",3,marketing_leader_fallback,IT,2019-11-01,https://www.linkedin.com/company/butangas,ButanGas SpA,ukeu_universe_candidate,IT
https://www.linkedin.com/in/wolfgang-eisl-b0b559109,Wolfgang Eisl,Wolfgang,Eisl,Head of Network Strategy & Development Austria,1,channel_dealer_partner_program,AT,2025-10-01,https://www.linkedin.com/company/bydeurope,BYD EUROPE,ukeu_universe_candidate,NL
https://www.linkedin.com/in/gabor-ferencz-a4a45126,Gabor Ferencz,Gabor,Ferencz,Network Development Manager,1,channel_dealer_partner_program,HU,2025-11-01,https://www.linkedin.com/company/bydeurope,BYD EUROPE,ukeu_universe_candidate,NL
https://www.linkedin.com/in/kmikulska,Katarzyna Mikulska-Głowala,Katarzyna,Mikulska-Głowala,Dealer Marketing Manager,1,channel_dealer_partner_program,PL,2025-09-01,https://www.linkedin.com/company/bydeurope,BYD EUROPE,ukeu_universe_candidate,NL
https://www.linkedin.com/in/nico-ming,Zuo Ming,Zuo,Ming,"Network Development Manager, Benelux",1,channel_dealer_partner_program,NL,2024-10-01,https://www.linkedin.com/company/bydeurope,BYD EUROPE,ukeu_universe_candidate,NL
https://www.linkedin.com/in/joonas-r%c3%a4s%c3%a4nen-423b0970,Joonas Räsänen,Joonas,Räsänen,"Network Development Manager, Finland",1,channel_dealer_partner_program,FI,2026-06-01,https://www.linkedin.com/company/bydeurope,BYD EUROPE,ukeu_universe_candidate,NL
https://www.linkedin.com/in/marta-ciep%c5%82ucha-9950a543,Marta Ciepłucha,Marta,Ciepłucha,Network BYD & DENZA Director,1,channel_dealer_partner_program,PL,2026-02-01,https://www.linkedin.com/company/bydeurope,BYD EUROPE,ukeu_universe_candidate,NL
https://www.linkedin.com/in/jiashu-dong-b59194132,Jiashu Dong,Jiashu,Dong,Network Project Manager,1,channel_dealer_partner_program,NL,2026-01-01,https://www.linkedin.com/company/bydeurope,BYD EUROPE,ukeu_universe_candidate,NL
https://www.linkedin.com/in/tony-demanou-3023841a9,Tony Demanou,Tony,Demanou,EV Flash Charging Deployment Manager - French Market | BYD Flash Network 🇨🇵,1,channel_dealer_partner_program,FR,2026-08-01,https://www.linkedin.com/company/bydeurope,BYD EUROPE,ukeu_universe_candidate,NL
https://www.linkedin.com/in/malcolm-fryer-73320733,Malcolm Fryer,Malcolm,Fryer,Head of European Remarketing & UK Fleet Sales,3,marketing_leader_fallback,GB,2023-06-01,https://www.linkedin.com/company/bydeurope,BYD EUROPE,ukeu_universe_candidate,NL
https://www.linkedin.com/in/daniele-de-leonardis-1023a82,Daniele De Leonardis,Daniele,De Leonardis,Marketing director italy&European digital marketing director,3,marketing_leader_fallback,IT,2024-12-01,https://www.linkedin.com/company/bydeurope,BYD EUROPE,ukeu_universe_candidate,NL
https://www.linkedin.com/in/lisa-schobesberger-53b79a201,Lisa Schobesberger,Lisa,Schobesberger,Head Of Marketing & PR DENZA Austria,3,marketing_leader_fallback,AT,2026-05-01,https://www.linkedin.com/company/bydeurope,BYD EUROPE,ukeu_universe_candidate,NL
https://www.linkedin.com/in/mike-eiting-846353100,Mike Eiting,Mike,Eiting,Leiter Marketing und Kommunikation,3,marketing_leader_fallback,DE,2013-01-01,https://www.linkedin.com/company/b%c3%b6rger-gmbh,Börger GmbH,ukeu_universe_candidate,DE
https://www.linkedin.com/in/xiaobo-jia-5119aa34,Xiaobo Jia,Xiaobo,Jia,Vice President Global Sales Marketing,3,marketing_leader_fallback,DE,2022-12-01,https://www.linkedin.com/company/buhler-motor-buehler-motor,Bühler Motor / Buehler Motor,ukeu_universe_candidate,DE
https://www.linkedin.com/in/marcus-bobek,Marcus Bobek,Marcus,Bobek,"Leiter Marketing AT, CEE & SEE",3,marketing_leader_fallback,AT,2023-08-01,https://www.linkedin.com/company/b%c3%bcrkert-fluid-control-systems-%c3%b6sterreich,Bürkert Austria,ukeu_universe_candidate,AT
https://www.linkedin.com/in/arne-haag,Arne Haag,Arne,Haag,Leiter Marketingkommunikation,2,marketing_communications,DE,2016-04-01,https://www.linkedin.com/company/burkert-fluid-control-systems,Bürkert Fluid Control Systems,ukeu_universe_candidate,DE
https://www.linkedin.com/in/nadine-g-331715216,Nadine G.,Nadine,G.,Marketing Communication Manager,2,marketing_communications,DE,-,https://www.linkedin.com/company/burkert-fluid-control-systems,Bürkert Fluid Control Systems,ukeu_universe_candidate,DE
https://www.linkedin.com/in/robin-winkler-945016227,Robin Winkler,Robin,Winkler,Marketing Communication Manager,2,marketing_communications,DE,2023-06-01,https://www.linkedin.com/company/burkert-fluid-control-systems,Bürkert Fluid Control Systems,ukeu_universe_candidate,DE
https://www.linkedin.com/in/marina-steinbach,Marina Steinbach,Marina,Steinbach,Marketing Communication Manager,2,marketing_communications,DE,2019-07-01,https://www.linkedin.com/company/burkert-fluid-control-systems,Bürkert Fluid Control Systems,ukeu_universe_candidate,DE
https://www.linkedin.com/in/milena-kurz-a99245175,Milena Kurz,Milena,Kurz,Online Marketing Communication Manager,2,marketing_communications,DE,2018-04-01,https://www.linkedin.com/company/burkert-fluid-control-systems,Bürkert Fluid Control Systems,ukeu_universe_candidate,DE
https://www.linkedin.com/in/martin-mayer-hagelstein,Martin Mayer-Hagelstein,Martin,Mayer-Hagelstein,Director Global Marketing,3,marketing_leader_fallback,DE,2024-04-01,https://www.linkedin.com/company/burkert-fluid-control-systems,Bürkert Fluid Control Systems,ukeu_universe_candidate,DE
https://www.linkedin.com/in/andrea-roders,Andrea Roders,Andrea,Roders,Head of Strategic Marketing & Media Creation (Global Marketing Core Industries),3,marketing_leader_fallback,DE,2025-01-01,https://www.linkedin.com/company/burkert-fluid-control-systems,Bürkert Fluid Control Systems,ukeu_universe_candidate,DE
https://www.linkedin.com/in/niranjanbondre,Niranjan Bondre,Niranjan,Bondre,Regional Sales Enablement Partner,1,channel_dealer_partner_program,DE,2026-07-01,https://www.linkedin.com/company/calderys,Calderys,ukeu_universe_candidate,FR
https://www.linkedin.com/in/pscx,Patrick Schwarz,Patrick,Schwarz,Senior Director Commercial Excellence and Marketing EMEA,3,marketing_leader_fallback,DE,2025-01-01,https://www.linkedin.com/company/calderys,Calderys,ukeu_universe_candidate,FR
https://www.linkedin.com/in/laura-shelton-a2085bb7,Laura Shelton,Laura,Shelton,Senior Marketing Communications Manager,2,marketing_communications,US,2026-03-01,https://www.linkedin.com/company/caleffi-s-p-a-,Caleffi Hydronic Solutions,ukeu_universe_candidate,IT
https://www.linkedin.com/in/romina-s-ba52311b,Romina S.,Romina,S.,Head of Marketing & Pricing,3,marketing_leader_fallback,BE,2019-01-01,https://www.linkedin.com/company/caleffi-s-p-a-,Caleffi Hydronic Solutions,ukeu_universe_candidate,IT
https://www.linkedin.com/in/dries-deschepper,Dries Deschepper,Dries,Deschepper,Global Marketing & Communications Manager,2,marketing_communications,BE,2023-05-01,https://www.linkedin.com/company/camco-technologies,Camco Technologies,ukeu_universe_candidate,BE
https://www.linkedin.com/in/elizabeth-bedussi-b6aa66aa,Elizabeth Bedussi,Elizabeth,Bedussi,Business Development Manager Distribution - Italy & NAFTA,1,channel_dealer_partner_program,IT,2024-06-01,https://www.linkedin.com/company/camozziautomationspa,Camozzi Automation,ukeu_universe_candidate,IT
https://www.linkedin.com/in/paolananni,Paola Nanni,Paola,Nanni,Head of Marketing & Communication,2,marketing_communications,IT,2018-03-01,https://www.linkedin.com/company/caprari,Caprari,ukeu_universe_candidate,IT
https://www.linkedin.com/in/val%c3%a9rie-terrenoire-3465aa191,Valérie TERRENOIRE,Valérie,TERRENOIRE,responsable Marketing France,3,marketing_leader_fallback,FR,-,https://www.linkedin.com/company/carrier-france,Carrier France,ukeu_universe_candidate,FR
https://www.linkedin.com/in/claire-goulding,Claire Goulding,Claire,Goulding,"Marketing, Brand & Communications Manager",2,marketing_communications,GB,2020-09-01,https://www.linkedin.com/company/carwoodgroup,Carwood,ukeu_universe_candidate,GB
https://www.linkedin.com/in/carlos-esteves-1a22531,Carlos Esteves,Carlos,Esteves,Director of Sales & Marketing,3,marketing_leader_fallback,US,-,https://www.linkedin.com/company/castolin-eutectic,Castolin Eutectic,ukeu_universe_candidate,DE
https://www.linkedin.com/in/catherinepurdie,Catherine Purdie,Catherine,Purdie,Director of Global Marketing Communications,2,marketing_communications,BE,2024-05-01,https://www.linkedin.com/company/ccr-commercial-refrigeration,CCR Commercial Refrigeration,ukeu_universe_candidate,NL
https://www.linkedin.com/in/val%c3%a9rie-b-37b91479,Valérie B.,Valérie,B.,Director - Marketing and Product management,3,marketing_leader_fallback,FR,2022-10-01,https://www.linkedin.com/company/ccr-commercial-refrigeration,CCR Commercial Refrigeration,ukeu_universe_candidate,NL
https://www.linkedin.com/in/georges-calvet-26090881,Georges Calvet,Georges,Calvet,Directeur Marketing,3,marketing_leader_fallback,FR,-,https://www.linkedin.com/company/ccr-commercial-refrigeration,CCR Commercial Refrigeration,ukeu_universe_candidate,NL
https://www.linkedin.com/in/alex-martayan-1065132,Alex Martayan,Alex,Martayan,VP Sales & Marketing,3,marketing_leader_fallback,FR,2020-01-01,https://www.linkedin.com/company/cebatspa,CEBAT SpA,ukeu_universe_candidate,IT
https://www.linkedin.com/in/fabian-stiegler-53b268123,Fabian Stiegler,Fabian,Stiegler,VP Sales and Marketing Americas,3,marketing_leader_fallback,DE,2025-02-01,https://www.linkedin.com/company/cemegroup-ceme-ulka-ode-acl,CEME Group,ukeu_universe_candidate,IT
https://www.linkedin.com/in/efthymios-stamatis-7a632032,Efthymios Stamatis,Efthymios,Stamatis,Systems and Network Manager,1,channel_dealer_partner_program,GR,2022-10-01,https://www.linkedin.com/company/cenergy-holdings,Cenergy Holdings,ukeu_universe_candidate,BE
https://www.linkedin.com/in/liesbethvandemoortele,Liesbeth Vandemoortele,Liesbeth,Vandemoortele,Marketing & Communication Manager,2,marketing_communications,BE,2020-01-01,https://www.linkedin.com/company/ceratec,Ceratec,ukeu_universe_candidate,BE
https://www.linkedin.com/in/guenterpoell,Guenter Poell,Guenter,Poell,Head of Industrial Marketing,3,marketing_leader_fallback,AT,-,https://www.linkedin.com/company/christofindustries,Christof Industries,ukeu_universe_candidate,AT
https://www.linkedin.com/in/maaritlepp%c3%a4aho,Maarit Leppäaho,Maarit,Leppäaho,"Vice President, Corporate Marketing and Communications, Executive Management Team Member",3,marketing_leader_fallback,FI,2021-02-01,https://www.linkedin.com/company/cimcorp-group,Cimcorp Group,ukeu_universe_candidate,FI
https://www.linkedin.com/in/r%c3%bcdiger-mohr-43198ba0,Rüdiger Mohr,Rüdiger,Mohr,"Senior Vice President Dealer & Network Development, Officer",1,channel_dealer_partner_program,DE,2023-10-01,https://www.linkedin.com/company/claas,CLAAS,ukeu_universe_candidate,DE
https://www.linkedin.com/in/christoph-tetzlaff,Christoph Tetzlaff,Christoph,Tetzlaff,Vice President Dealer & Network Development Americas,1,channel_dealer_partner_program,US,2024-03-01,https://www.linkedin.com/company/claas,CLAAS,ukeu_universe_candidate,DE
https://www.linkedin.com/in/ivanrodriguezdelgado,Iván Rodríguez Delgado de Robles,Iván,Rodríguez Delgado de Robles,Dealer Development Manager,1,channel_dealer_partner_program,ES,2017-07-01,https://www.linkedin.com/company/claas,CLAAS,ukeu_universe_candidate,DE
https://www.linkedin.com/in/bernard-hanriot-4b5604105,Bernard HANRIOT,Bernard,HANRIOT,Responsable du développement et du déploiement réseau CRM,1,channel_dealer_partner_program,FR,2007-10-01,https://www.linkedin.com/company/claas,CLAAS,ukeu_universe_candidate,DE
https://www.linkedin.com/in/eva-jewsbury-078346a9,Eva Jewsbury,Eva,Jewsbury,Dealer Marketing Manager,1,channel_dealer_partner_program,DE,2025-06-01,https://www.linkedin.com/company/claas,CLAAS,ukeu_universe_candidate,DE
https://www.linkedin.com/in/dylan-diaz,Dylan Diaz,Dylan,Diaz,Region Distribution Development Manager,1,channel_dealer_partner_program,US,2021-09-01,https://www.linkedin.com/company/claas,CLAAS,ukeu_universe_candidate,DE
https://www.linkedin.com/in/marcus-karst-831a6727,Marcus Karst,Marcus,Karst,Global Senior Vice President Group Marketing,3,marketing_leader_fallback,DE,2023-10-01,https://www.linkedin.com/company/claas,CLAAS,ukeu_universe_candidate,DE
https://www.linkedin.com/in/daryl-theis-82315a7,Daryl Theis,Daryl,Theis,Head of Sales & Marketing,3,marketing_leader_fallback,US,2021-02-01,https://www.linkedin.com/company/claas,CLAAS,ukeu_universe_candidate,DE
https://www.linkedin.com/in/veronika-varbanova-017b5693,Veronika Varbanova,Veronika,Varbanova,Head of Marketing CEE,3,marketing_leader_fallback,AT,2024-10-01,https://www.linkedin.com/company/claas,CLAAS,ukeu_universe_candidate,DE
https://www.linkedin.com/in/michael-karl-560876,Michael Karl,Michael,Karl,Head of Marketing Management,3,marketing_leader_fallback,DE,2022-01-01,https://www.linkedin.com/company/claas,CLAAS,ukeu_universe_candidate,DE
https://www.linkedin.com/in/timm-nelke,Timm Nelke,Timm,Nelke,Head of Regional Marketing - Europe,3,marketing_leader_fallback,DE,2021-10-01,https://www.linkedin.com/company/claas,CLAAS,ukeu_universe_candidate,DE
https://www.linkedin.com/in/georgina-garner,Georgina G.,Georgina,G.,UK Head of Marketing,3,marketing_leader_fallback,GB,2026-04-01,https://www.linkedin.com/company/claas,CLAAS,ukeu_universe_candidate,DE
https://www.linkedin.com/in/benito-garcia-gestal-8376aa211,Benito Garcia Gestal,Benito,Garcia Gestal,Head of Team Sales & Marketing Merchandising,3,marketing_leader_fallback,DE,2019-01-01,https://www.linkedin.com/company/claas,CLAAS,ukeu_universe_candidate,DE
https://www.linkedin.com/in/tim-weekes-b4b0176,Tim Weekes,Tim,Weekes,Head of Communication & Marketing,2,marketing_communications,BE,2023-01-01,https://www.linkedin.com/company/cldn,CLdN,ukeu_universe_candidate,LU
https://www.linkedin.com/in/thomas-hofmann-845749102,Thomas Hofmann,Thomas,Hofmann,Director Marketing New Business Development,3,marketing_leader_fallback,IT,-,https://www.linkedin.com/company/clerprem,Clerprem,ukeu_universe_candidate,IT
https://www.linkedin.com/in/chlo%c3%a9-villeneuve,Chloé Villeneuve,Chloé,Villeneuve,Responsable marketing et communication,2,marketing_communications,FR,2025-02-01,https://www.linkedin.com/company/clextral,Clextral,ukeu_universe_candidate,FR
https://www.linkedin.com/in/thibault-lesaffre,Thibault Lesaffre,Thibault,Lesaffre,Directeur commercial et marketing,3,marketing_leader_fallback,FR,2024-07-01,https://www.linkedin.com/company/clextral,Clextral,ukeu_universe_candidate,FR
https://www.linkedin.com/in/moira-strag%c3%a0-548817b7,Moira Stragà,Moira,Stragà,Responsabile comunicazione marketing,2,marketing_communications,IT,2001-11-01,https://www.linkedin.com/company/clivet-spa,Clivet SpA,ukeu_universe_candidate,IT
https://www.linkedin.com/in/samuel-touret-responsable-communication,✅ Samuel Touret • Responsable Communication,✅ Samuel,Touret • Responsable Communication,Responsable communications marketing,2,marketing_communications,FR,-,https://www.linkedin.com/company/cmd-gears,CMD Gears,ukeu_universe_candidate,FR
https://www.linkedin.com/in/jimevangel,Dimitri (Jim) Evangelopoulos,Dimitri (Jim),Evangelopoulos,"Director of Sales, Technology Network – Europe, Middle East & Africa",1,channel_dealer_partner_program,US,2026-01-01,https://www.linkedin.com/company/cnh,CNH,ukeu_universe_candidate,GB
https://www.linkedin.com/in/lieven-bonte-66b9832,Lieven Bonte,Lieven,Bonte,Network Development Manager Benelux,1,channel_dealer_partner_program,BE,2013-07-01,https://www.linkedin.com/company/cnh,CNH,ukeu_universe_candidate,GB
https://www.linkedin.com/in/walter-b-40ab7612,Walter B.,Walter,B.,Head Product Sales&Marketing Manager AMEA,3,marketing_leader_fallback,IT,2016-01-01,https://www.linkedin.com/company/cnh,CNH,ukeu_universe_candidate,GB
https://www.linkedin.com/in/-michele-rossi,Michele Rossi,Michele,Rossi,"VP, Global Product Management & Marketing",3,marketing_leader_fallback,IT,2025-05-01,https://www.linkedin.com/company/cnh,CNH,ukeu_universe_candidate,GB
https://www.linkedin.com/in/gayle-wint-94759480,Gayle Wint,Gayle,Wint,Productivity Plus & Marketing Communications Manager,2,marketing_communications,US,2024-03-01,https://www.linkedin.com/company/cnhcapital,CNH Capital,ukeu_universe_candidate,IT
https://www.linkedin.com/in/huc-christian-59702384,Huc Christian,Huc,Christian,Responsable Marketing Defense,3,marketing_leader_fallback,FR,2009-07-01,https://www.linkedin.com/company/cnim,CNIM,ukeu_universe_candidate,FR
https://www.linkedin.com/in/laura-wilson-43a27044,Laura Wilson,Laura,Wilson,Marketing & Communications Manager,2,marketing_communications,GB,2026-04-01,https://www.linkedin.com/company/cochrangroup,Cochran,ukeu_universe_candidate,GB
https://www.linkedin.com/in/dalia-mendes,Dalia M.,Dalia,M.,VP Marketing & Communication Group,2,marketing_communications,FR,2025-09-01,https://www.linkedin.com/company/cofinair-group,COFINAIR,ukeu_universe_candidate,FR
https://www.linkedin.com/in/nais-clavel,Naïs M.,Naïs,M.,Responsable Marketing Digital et Opérationnel Groupe,3,marketing_leader_fallback,FR,2023-11-01,https://www.linkedin.com/company/comeca,Comeca Group,ukeu_universe_candidate,FR
https://www.linkedin.com/in/christian-barbier-4b3bb3259,Christian BARBIER,Christian,BARBIER,Responsable marketing stratégique,3,marketing_leader_fallback,FR,2021-01-01,https://www.linkedin.com/company/comeca,Comeca Group,ukeu_universe_candidate,FR
https://www.linkedin.com/in/marcello-zorzi-a8514632,Marcello Zorzi,Marcello,Zorzi,Vice President Sales & Marketing,3,marketing_leader_fallback,IT,2016-10-01,https://www.linkedin.com/company/comer,Comer Industries,ukeu_universe_candidate,IT
https://www.linkedin.com/in/annaborque,Anna B.,Anna,B.,Channel Marketing Manager,1,channel_dealer_partner_program,ES,2024-01-01,https://www.linkedin.com/company/compo-iberia,COMPO Iberia,ukeu_universe_candidate,ES
https://www.linkedin.com/in/beatricevergari,Beatrice Vergari,Beatrice,Vergari,Marketing & Communication Manager,2,marketing_communications,IT,2017-01-01,https://www.linkedin.com/company/concetti-s-p-a,Concetti,ukeu_universe_candidate,IT
https://www.linkedin.com/in/riccardoconcetti1976,Riccardo Concetti,Riccardo,Concetti,Director of Sales and Marketing,3,marketing_leader_fallback,IT,2018-01-01,https://www.linkedin.com/company/concetti-s-p-a,Concetti,ukeu_universe_candidate,IT
https://www.linkedin.com/in/anjakuhfeldt,Anja Kuhfeldt,Anja,Kuhfeldt,Manager Marketing & Communication,2,marketing_communications,DE,2022-01-01,https://www.linkedin.com/company/condair-group-ltd,"Condair Group (Humidification, Evaporative Cooling and Humidity Control)",ukeu_universe_candidate,CH
https://www.linkedin.com/in/marine-mayaud-willemse-19393b35,Marine Mayaud (Willemse),Marine,Mayaud (Willemse),Responsable marketing,3,marketing_leader_fallback,FR,2023-01-01,https://www.linkedin.com/company/condat-sa,Condat SA,ukeu_universe_candidate,FR
https://www.linkedin.com/in/erin-corrill,Erin Corrill,Erin,Corrill,VP of Marketing,3,marketing_leader_fallback,US,2025-10-01,https://www.linkedin.com/company/configura,Configura,ukeu_universe_candidate,SE
https://www.linkedin.com/in/markgodfrey,Mark Godfrey FCIM,Mark,Godfrey FCIM,"Director of Strategy, Automotive, Sales/Marketing (CMO), Parts, U-Pull-It.co.uk, Cashforcars.co.uk.",3,marketing_leader_fallback,GB,2019-07-01,https://www.linkedin.com/company/copart-uk-ltd,Copart UK Limited,ukeu_universe_candidate,GB
https://www.linkedin.com/in/alanna-s-342b652a,Alanna S.,Alanna,S.,Head of Brand & Communication Management Corteco,2,marketing_communications,DE,-,https://www.linkedin.com/company/corteco-official,Corteco Official,ukeu_universe_candidate,DE
https://www.linkedin.com/in/diego-rodella-55a5b424,Diego Rodella,Diego,Rodella,Systems & Network Manager,1,channel_dealer_partner_program,IT,2024-12-01,https://www.linkedin.com/company/coster-group,Coster Group,ukeu_universe_candidate,IT
https://www.linkedin.com/in/bianca-cavalli-bb3701b,Bianca Cavalli,Bianca,Cavalli,"Director Sales & Marketing, Coster Pharma",3,marketing_leader_fallback,IT,-,https://www.linkedin.com/company/coster-group,Coster Group,ukeu_universe_candidate,IT
https://www.linkedin.com/in/simon-shand-brown-5608b937,Simon Shand-Brown,Simon,Shand-Brown,Group Marketing & Communications Manager,2,marketing_communications,GB,2009-01-01,https://www.linkedin.com/company/crane-building-services-utilities,Crane Building Services & Utilities,ukeu_universe_candidate,GB
https://www.linkedin.com/in/emma-millard-7b9829189,Emma Millard,Emma,Millard,Head of Marketing & Engagement,3,marketing_leader_fallback,GB,2025-09-01,https://www.linkedin.com/company/crest-approved,CREST,ukeu_universe_candidate,GB
https://www.linkedin.com/in/marie-klingler-8139ba14,Marie Klingler,Marie,Klingler,Assitante du directeur ventes et marketing,3,marketing_leader_fallback,FR,-,https://www.linkedin.com/company/cryostar,Cryostar,ukeu_universe_candidate,FR
https://www.linkedin.com/in/alphons-wijnen,Alphons Wijnen,Alphons,Wijnen,Director Sales & Marketing,3,marketing_leader_fallback,NL,2023-01-01,https://www.linkedin.com/company/csi-industries-b-v-,CSi palletising,ukeu_universe_candidate,NL
https://www.linkedin.com/in/johan-bergstr%c3%b6m-617547a,Johan Bergström,Johan,Bergström,Chief Marketing Officer,3,marketing_leader_fallback,SE,2025-02-01,https://www.linkedin.com/company/ctc-ab,CTC AB,ukeu_universe_candidate,SE
https://www.linkedin.com/in/marcelsondowsky,Marcel Sondowsky,Marcel,Sondowsky,Head of Marketing & Business Development,3,marketing_leader_fallback,DE,2026-03-01,https://www.linkedin.com/company/cwbearinggmbh,CW Bearing GmbH,ukeu_universe_candidate,DE
https://www.linkedin.com/in/tim-fressel-a027601b0,Tim Fressel,Tim,Fressel,Junior Marketing & Communication Manager,2,marketing_communications,DE,-,https://www.linkedin.com/company/d-h-mechatronic-ag,D+H Mechatronic AG,ukeu_universe_candidate,DE
https://www.linkedin.com/in/jasmin-stirius,Jasmin Wrage,Jasmin,Wrage,Senior Marketing & Communication Manager,2,marketing_communications,DE,-,https://www.linkedin.com/company/d-h-mechatronic-ag,D+H Mechatronic AG,ukeu_universe_candidate,DE
https://www.linkedin.com/in/rebeccamesnil,Rebecca Mesnil - PMIC,Rebecca,Mesnil - PMIC,"Sr. Director North America Marketing, Product, Training",3,marketing_leader_fallback,US,2026-02-01,https://www.linkedin.com/company/dab-pumps,DAB Pumps,ukeu_universe_candidate,IT
https://www.linkedin.com/in/riccardo-sauro-3774068,Riccardo Sauro,Riccardo,Sauro,"Head of Group Pricing, Digital Marketing and Communication",3,marketing_leader_fallback,IT,-,https://www.linkedin.com/company/dab-pumps,DAB Pumps,ukeu_universe_candidate,IT
https://www.linkedin.com/in/ignacio-jos%c3%a9-acedo-alcaraz-763728307,Ignacio José Acedo Alcaraz,Ignacio José,Acedo Alcaraz,Responsable de marketing,3,marketing_leader_fallback,ES,2018-01-01,https://www.linkedin.com/company/dafespana,DAF Trucks España,ukeu_universe_candidate,ES
https://www.linkedin.com/in/anna-urgnani-ba3ba5ba,Anna Urgnani,Anna,Urgnani,Responsabile Comunicazione & Marketing,2,marketing_communications,IT,2018-03-01,https://www.linkedin.com/company/dafa-group,DAFA Group,ukeu_universe_candidate,DK
https://www.linkedin.com/in/alexander-schulz,Alexander Schulz,Alexander,Schulz,Section Manager (Leiter) Corporate Marketing,3,marketing_leader_fallback,DE,2023-07-01,https://www.linkedin.com/company/daikin-airconditioning-germany-gmbh,DAIKIN Airconditioning Germany GmbH,ukeu_universe_candidate,DE
https://www.linkedin.com/in/yasuha-narita-9b6200243,YASUHA NARITA,YASUHA,NARITA,Expat & Development Partner,1,channel_dealer_partner_program,IT,2023-01-01,https://www.linkedin.com/company/daikin-applied-europe,Daikin Applied Europe,ukeu_universe_candidate,IT
https://www.linkedin.com/in/roberto-multineddu-4383b54b,Roberto Multineddu,Roberto,Multineddu,VP Sales Marketing and Service (EMEA Applied Business) MD Daikin Applied Germany GmbH,3,marketing_leader_fallback,IT,2017-02-01,https://www.linkedin.com/company/daikin-applied-europe,Daikin Applied Europe,ukeu_universe_candidate,IT
https://www.linkedin.com/in/durakgulnur,Gülnur Durak,Gülnur,Durak,Head of Marketing and Customer Services,3,marketing_leader_fallback,BE,2025-11-01,https://www.linkedin.com/company/daikin-airconditioning-belgium,Daikin Belux,ukeu_universe_candidate,BE
https://www.linkedin.com/in/alexander-dalinger,Alexander Dalinger,Alexander,Dalinger,Head of Marketing & Corporate Communications (Central Europe),3,marketing_leader_fallback,AT,2026-03-01,https://www.linkedin.com/company/daikin-central-europe,Daikin Central Europe,ukeu_universe_candidate,AT
https://www.linkedin.com/in/rosa-guy,Guy ROSA,Guy,ROSA,Sales Planning Manager for EMEA Service Network,1,channel_dealer_partner_program,BE,2022-03-01,https://www.linkedin.com/company/daikin-europe-nv,Daikin Europe,ukeu_universe_candidate,BE
https://www.linkedin.com/in/giulia-kapp-04584bb,Giulia Kapp,Giulia,Kapp,Head of Marketing and Communications,3,marketing_leader_fallback,GB,2014-01-01,https://www.linkedin.com/company/daikinuk,Daikin UK,ukeu_universe_candidate,GB
https://www.linkedin.com/in/theodore-zaghian,Théodore Zaghian,Théodore,Zaghian,Responsable Marketing et Communication,2,marketing_communications,FR,2026-03-01,https://www.linkedin.com/company/dalkia-froid-solutions,Dalkia Froid Solutions,ukeu_universe_candidate,FR
https://www.linkedin.com/in/nathalielambert-respocomm,Nathalie Lambert,Nathalie,Lambert,Marketing & Communication Manager - France,2,marketing_communications,FR,2025-09-01,https://www.linkedin.com/company/dantherm-group-france,Dantherm Group France,ukeu_universe_candidate,FR
https://www.linkedin.com/in/valentin-au%c3%a9-8157b065,Valentin Aué,Valentin,Aué,Responsable Marketing Produit - France,3,marketing_leader_fallback,FR,2025-06-01,https://www.linkedin.com/company/dantherm-group-france,Dantherm Group France,ukeu_universe_candidate,FR
https://www.linkedin.com/in/jennie-nicholls-15325833,Jennie Nicholls,Jennie,Nicholls,Head of Marketing,3,marketing_leader_fallback,GB,2023-01-01,https://www.linkedin.com/company/david-brown-santasalo,David Brown Santasalo,ukeu_universe_candidate,GB
https://www.linkedin.com/in/patrickwoolrych,Patrick Woolrych,Patrick,Woolrych,Head of Marketing,3,marketing_leader_fallback,DK,2025-05-01,https://www.linkedin.com/company/dcc-energi,DCC Energi A/S,ukeu_universe_candidate,DK
https://www.linkedin.com/in/giacomo-poggi-43133a6b,Giacomo Poggi,Giacomo,Poggi,Vice President Commercial Refit & Marketing,3,marketing_leader_fallback,IT,2026-01-01,https://www.linkedin.com/company/dewavegroup,De Wave Group,ukeu_universe_candidate,IT
https://www.linkedin.com/in/sabine-petermann-4a49a410b,Sabine Petermann,Sabine,Petermann,Head of Marketing & Communications,2,marketing_communications,DE,2018-03-01,https://www.linkedin.com/company/debag-deutsche-backofenbau-gmbh,DEBAG Deutsche Backofenbau GmbH,ukeu_universe_candidate,DE
https://www.linkedin.com/in/claudiaroquedelabiept,Cláudia Roque,Cláudia,Roque,Marketing & Communications Manager Portugal,2,marketing_communications,PT,2007-05-01,https://www.linkedin.com/company/delabie,DELABIE,ukeu_universe_candidate,FR
https://www.linkedin.com/in/h%c3%a9l%c3%a8ne-souvignet,Hélène Souvignet,Hélène,Souvignet,Responsable Marketing et Communication Espagne,2,marketing_communications,FR,2023-03-01,https://www.linkedin.com/company/delabie,DELABIE,ukeu_universe_candidate,FR
https://www.linkedin.com/in/luanaleotta,Luana Leotta,Luana,Leotta,Marketing & Communication Manager BENELUX,2,marketing_communications,BE,2026-01-01,https://www.linkedin.com/company/delabie,DELABIE,ukeu_universe_candidate,FR
https://www.linkedin.com/in/marie-kuhnigk-a5ba86268,Marie Kuhnigk,Marie,Kuhnigk,Marketing & Communications Manager Germany & Austria,2,marketing_communications,DE,2026-01-01,https://www.linkedin.com/company/delabie,DELABIE,ukeu_universe_candidate,FR
https://www.linkedin.com/in/delphine-bussiere-96a25240,DELPHINE BUSSIERE,DELPHINE,BUSSIERE,Responsable du Marketing International + Responsable de Gammes,3,marketing_leader_fallback,FR,2015-01-01,https://www.linkedin.com/company/delabie,DELABIE,ukeu_universe_candidate,FR
https://www.linkedin.com/in/st%c3%a9phane-douce-224a2b47,Stéphane DOUCE,Stéphane,DOUCE,Chief Marketing Officer & Public Relations,3,marketing_leader_fallback,FR,2022-10-01,https://www.linkedin.com/company/delair-tech,Delair,ukeu_universe_candidate,FR
https://www.linkedin.com/in/kateryna-prykhodko,Kateryna Prykhodko,Kateryna,Prykhodko,Head of Marketing,3,marketing_leader_fallback,NL,2023-08-01,https://www.linkedin.com/company/dellner-bubenzer,Dellner Bubenzer,ukeu_universe_candidate,SE
https://www.linkedin.com/in/danielle-nelson-a0538895,Danielle Nelson,Danielle,Nelson,Brand & Communications Manager,2,marketing_communications,GB,2022-09-01,https://www.linkedin.com/company/dennis-eagle-uk,Dennis Eagle UK,ukeu_universe_candidate,GB
https://www.linkedin.com/in/fatiha-laauich-2a08ab115,Fatiha Laauich,Fatiha,Laauich,Head of Marketing Europe,3,marketing_leader_fallback,GB,2019-11-01,https://www.linkedin.com/company/densopartseu,DENSO Aftermarket Europe,ukeu_universe_candidate,NL
https://www.linkedin.com/in/stuart-trott-1a001811,Stuart Trott,Stuart,Trott,Vice President Marketing - Service,3,marketing_leader_fallback,US,2016-04-01,https://www.linkedin.com/company/desoutter-tools,Desoutter Tools,ukeu_universe_candidate,FR
https://www.linkedin.com/in/b%c3%a9ryl-mahe-33974236,Béryl MAHE,Béryl,MAHE,Responsable marketing et innovation,3,marketing_leader_fallback,FR,2025-02-01,https://www.linkedin.com/company/desoutter-tools,Desoutter Tools,ukeu_universe_candidate,FR
https://www.linkedin.com/in/ricardo-plaza-fernandez,Ricardo Plaza Fernández,Ricardo,Plaza Fernández,Vice President Marketing Services,3,marketing_leader_fallback,ES,2023-01-01,https://www.linkedin.com/company/desoutter-tools,Desoutter Tools,ukeu_universe_candidate,FR
https://www.linkedin.com/in/yasmine-souid-583936209,Yasmine Souid,Yasmine,Souid,Responsable marketing,3,marketing_leader_fallback,BE,2025-01-01,https://www.linkedin.com/company/detandt-simon-sa,Detandt-Simon SA,ukeu_universe_candidate,BE
https://www.linkedin.com/in/steven-lopez-galv%c3%a1n-design,Steven López Galván,Steven,López Galván,Responsable de Comunicacion y Marketing,3,marketing_leader_fallback,ES,2025-01-01,https://www.linkedin.com/company/deutz-spain,DEUTZ SPAIN,ukeu_universe_candidate,ES
https://www.linkedin.com/in/jackie-b-2b86182,Jackie B.,Jackie,B.,VP Marketing,3,marketing_leader_fallback,GB,2026-08-01,https://www.linkedin.com/company/dexory,Dexory,ukeu_universe_candidate,GB
https://www.linkedin.com/in/maciej-grabowski-501513129,Maciej Grabowski,Maciej,Grabowski,Bussiness Development Manager / Dealer Network Development Manager,1,channel_dealer_partner_program,PL,2017-10-01,https://www.linkedin.com/company/dieci-official,Dieci Official,ukeu_universe_candidate,IT
https://www.linkedin.com/in/axel-schuler-070346245,Axel Schuler,Axel,Schuler,Head Of Marketing,3,marketing_leader_fallback,DE,-,https://www.linkedin.com/company/dilogmbh,DILO Armaturen und Anlagen GmbH,ukeu_universe_candidate,DE
https://www.linkedin.com/in/caroline-shaw-96056354,Caroline Shaw,Caroline,Shaw,Channel Marketing Manager,1,channel_dealer_partner_program,GB,2025-06-01,https://www.linkedin.com/company/dimplexuk,Dimplex UK,ukeu_universe_candidate,GB
https://www.linkedin.com/in/dpatrickredland,David Patrick,David,Patrick,Head of Specification Marketing,3,marketing_leader_fallback,GB,2023-03-01,https://www.linkedin.com/company/dimplexuk,Dimplex UK,ukeu_universe_candidate,GB
https://www.linkedin.com/in/yulia-gillingham,Yulia Gillingham,Yulia,Gillingham,Head of Marketing,3,marketing_leader_fallback,GB,2025-04-01,https://www.linkedin.com/company/dimplexuk,Dimplex UK,ukeu_universe_candidate,GB
https://www.linkedin.com/in/marco-offermann,Marco Offermann,Marco,Offermann,Head of Marketing & Corporate Communication,3,marketing_leader_fallback,DE,2024-11-01,https://www.linkedin.com/company/dockweiler,Dockweiler AG,ukeu_universe_candidate,DE
https://www.linkedin.com/in/peter-madin-63b9bb3b,Peter Madin,Peter,Madin,Network Manager,1,channel_dealer_partner_program,GB,-,https://www.linkedin.com/company/domestic-&-general,Domestic & General,ukeu_universe_candidate,GB
https://www.linkedin.com/in/kimberley-f-0b22b291,Kimberley F.,Kimberley,F.,Global Women's Network: Communications and Engagement Lead,1,channel_dealer_partner_program,GB,2023-06-01,https://www.linkedin.com/company/domestic-&-general,Domestic & General,ukeu_universe_candidate,GB
https://www.linkedin.com/in/camillabarlocco,"Camilla Barlocco, MA",Camilla,"Barlocco, MA",Brand and Communications Director,2,marketing_communications,GB,2025-07-01,https://www.linkedin.com/company/domestic-&-general,Domestic & General,ukeu_universe_candidate,GB
https://www.linkedin.com/in/annaefranke,Anna Franke,Anna,Franke,Head of Client Marketing & Communications,2,marketing_communications,FR,2025-06-01,https://www.linkedin.com/company/domestic-&-general,Domestic & General,ukeu_universe_candidate,GB
https://www.linkedin.com/in/molly-naylor-digital-creative-content-manager,Molly Naylor,Molly,Naylor,Marketing Communications Strategy Manager,2,marketing_communications,GB,2023-04-01,https://www.linkedin.com/company/domestic-&-general,Domestic & General,ukeu_universe_candidate,GB
https://www.linkedin.com/in/rachael-masser-18328499,Rachael Masser,Rachael,Masser,MarCom Operations Manager,2,marketing_communications,GB,1999-10-01,https://www.linkedin.com/company/domestic-&-general,Domestic & General,ukeu_universe_candidate,GB
https://www.linkedin.com/in/jesusgonzalezizquierdo,Jesús González Izquierdo,Jesús,González Izquierdo,Head of Marketing – Europe,3,marketing_leader_fallback,ES,2021-02-01,https://www.linkedin.com/company/domestic-&-general,Domestic & General,ukeu_universe_candidate,GB
https://www.linkedin.com/in/jvickerton,Joanne Vickerton,Joanne,Vickerton,Global Head of Marketing Campaigning,3,marketing_leader_fallback,GB,2023-02-01,https://www.linkedin.com/company/domestic-&-general,Domestic & General,ukeu_universe_candidate,GB
https://www.linkedin.com/in/jamesjoesmith1,James Smith,James,Smith,Global Head of Commercial & Marketing Delivery,3,marketing_leader_fallback,GB,2023-03-01,https://www.linkedin.com/company/domestic-&-general,Domestic & General,ukeu_universe_candidate,GB
https://www.linkedin.com/in/adam-evans-628a0a72,Adam Evans,Adam,Evans,Head Of Digital Marketing,3,marketing_leader_fallback,GB,2021-01-01,https://www.linkedin.com/company/domestic-&-general,Domestic & General,ukeu_universe_candidate,GB
https://www.linkedin.com/in/lauren-augustine-040785129,Lauren Augustine,Lauren,Augustine,Head of Marketing (USA),3,marketing_leader_fallback,GB,2024-09-01,https://www.linkedin.com/company/domestic-&-general,Domestic & General,ukeu_universe_candidate,GB
https://www.linkedin.com/in/amandamgoad,Amanda Goad,Amanda,Goad,Global Director of Marketing Communications,2,marketing_communications,US,2024-01-01,https://www.linkedin.com/company/dometic-group,Dometic,ukeu_universe_candidate,SE
https://www.linkedin.com/in/diamondjeff,Jeff Diamond,Jeff,Diamond,Global Head of Product Development & Marketing,3,marketing_leader_fallback,US,2026-06-01,https://www.linkedin.com/company/dometic-group,Dometic,ukeu_universe_candidate,SE
https://www.linkedin.com/in/brian-noble-5096243,Brian Noble,Brian,Noble,Director of Marketing - Land Vehicles Americas,3,marketing_leader_fallback,US,2024-09-01,https://www.linkedin.com/company/dometic-group,Dometic,ukeu_universe_candidate,SE
https://www.linkedin.com/in/adrienne-berkes,Adrienne Berkes,Adrienne,Berkes,Global Head of Marketing - Mobile Cooling: Igloo & Dometic Brands,3,marketing_leader_fallback,US,2024-01-01,https://www.linkedin.com/company/dometic-group,Dometic,ukeu_universe_candidate,SE
https://www.linkedin.com/in/laurie-louvier-a3a85414,Laurie Louvier,Laurie,Louvier,Vice President of Marketing,3,marketing_leader_fallback,US,1998-05-01,https://www.linkedin.com/company/dometic-group,Dometic,ukeu_universe_candidate,SE
https://www.linkedin.com/in/samuelsilverudd,Samuel Silverudd,Samuel,Silverudd,Head of Marketing EMEA,3,marketing_leader_fallback,SE,2018-09-01,https://www.linkedin.com/company/dometic-group,Dometic,ukeu_universe_candidate,SE
https://www.linkedin.com/in/tamara-urukalo,Tamara Urukalo,Tamara,Urukalo,Head of Global Marketing,3,marketing_leader_fallback,SE,2024-02-01,https://www.linkedin.com/company/dometic-group,Dometic,ukeu_universe_candidate,SE
https://www.linkedin.com/in/franziska-rettberg,Franziska Rettberg,Franziska,Rettberg,Head of Brand Marketing & Digital Experience,3,marketing_leader_fallback,DE,2025-01-01,https://www.linkedin.com/company/dornbracht,Dornbracht,ukeu_universe_candidate,DE
https://www.linkedin.com/in/kara-boots-roth,Kara Roth,Kara,Roth,Director of Marketing and Communications Americas,3,marketing_leader_fallback,US,2025-01-01,https://www.linkedin.com/company/dornbracht,Dornbracht,ukeu_universe_candidate,DE
https://www.linkedin.com/in/sebastian-busch-voithturbo,Sebastian Busch,Sebastian,Busch,Vice President Brand & Communications,2,marketing_communications,DE,2025-11-01,https://www.linkedin.com/company/driventic,Driventic,ukeu_universe_candidate,DE
https://www.linkedin.com/in/susannespeiser,Susanne Speiser,Susanne,Speiser,Manager Brand & Communications,2,marketing_communications,DE,2025-11-01,https://www.linkedin.com/company/driventic,Driventic,ukeu_universe_candidate,DE
https://www.linkedin.com/in/luiz-alberto-soares-8a193b4,Luiz Alberto Soares,Luiz Alberto,Soares,Director of Sales and Marketing,3,marketing_leader_fallback,US,2025-11-01,https://www.linkedin.com/company/driventic,Driventic,ukeu_universe_candidate,DE
https://www.linkedin.com/in/chiara-martoglio-295123ab,Chiara Martoglio,Chiara,Martoglio,Marketing Communication Manager,2,marketing_communications,IT,2023-06-01,https://www.linkedin.com/company/dubhegroup,Dubhe,ukeu_universe_candidate,IT
https://www.linkedin.com/in/john-stanley-8241591a,John Stanley,John,Stanley,Vice President of Sales & Marketing,3,marketing_leader_fallback,US,2024-01-01,https://www.linkedin.com/company/karl-dungs,DUNGS Combustion Controls,ukeu_universe_candidate,DE
https://www.linkedin.com/in/sara-bernardelli,Sara B.,Sara,B.,Corporate Communications & Marketing Manager,2,marketing_communications,IT,2020-04-01,https://www.linkedin.com/company/duplomatic-motion-solutions,Duplomatic Motion Solutions,ukeu_universe_candidate,IT
https://www.linkedin.com/in/eva-sch%c3%b6nhart,Eva Schönhart,Eva,Schönhart,Manager Marketingkommunikation,2,marketing_communications,AT,2017-08-01,https://www.linkedin.com/company/epluse,E+E Elektronik,ukeu_universe_candidate,AT
https://www.linkedin.com/in/lisa-derntl,Lisa Derntl,Lisa,Derntl,Head of Marketing,3,marketing_leader_fallback,AT,2023-10-01,https://www.linkedin.com/company/epluse,E+E Elektronik,ukeu_universe_candidate,AT
https://www.linkedin.com/in/oliver-greil-37436157,Oliver Greil,Oliver,Greil,Head of Division Sales & Marketing,3,marketing_leader_fallback,AT,2023-01-01,https://www.linkedin.com/company/epluse,E+E Elektronik,ukeu_universe_candidate,AT
https://www.linkedin.com/in/michael-janak-6b963422,Michael Janak,Michael,Janak,Alliance and Distribution Program Manager,1,channel_dealer_partner_program,US,2022-01-01,https://www.linkedin.com/company/eagleburgmann,EagleBurgmann,ukeu_universe_candidate,DE
https://www.linkedin.com/in/patrick-mclain-ba8b0a26,Patrick McLain,Patrick,McLain,Head Of Marketing,3,marketing_leader_fallback,GB,2017-06-01,https://www.linkedin.com/company/eakin-healthcare-group,Eakin Healthcare,ukeu_universe_candidate,GB
https://www.linkedin.com/in/elaine-toner-0102a4132,Elaine Toner,Elaine,Toner,Head of Marketing,3,marketing_leader_fallback,GB,2023-01-01,https://www.linkedin.com/company/eakin-healthcare-group,Eakin Healthcare,ukeu_universe_candidate,GB
https://www.linkedin.com/in/henning-tomin-84a500266,Henning Tomin,Henning,Tomin,"Global Director Sales, After Sales & Marketing",3,marketing_leader_fallback,DE,2025-07-01,https://www.linkedin.com/company/eberspaecher,Eberspächer Group,ukeu_universe_candidate,DE
https://www.linkedin.com/in/no%c3%a9-dubois-1b0534177,Noé Dubois,Noé,Dubois,"Responsable marketing, communication et promotion des ventes",3,marketing_leader_fallback,FR,2025-04-01,https://www.linkedin.com/company/eberspaecher,Eberspächer Group,ukeu_universe_candidate,DE
https://www.linkedin.com/in/fernandosaiz,Fernando Saiz Romero,Fernando,Saiz Romero,Director de Comunicación y Relaciones Públicas,2,marketing_communications,ES,2024-11-01,https://www.linkedin.com/company/ebro-oficial,EBRO,ukeu_universe_candidate,ES
https://www.linkedin.com/in/cristina-de-blasio,Cristina De Blasio,Cristina,De Blasio,Head of Marketing,3,marketing_leader_fallback,ES,2024-11-01,https://www.linkedin.com/company/ebro-oficial,EBRO,ukeu_universe_candidate,ES
https://www.linkedin.com/in/sergipisa,Sergi P.,Sergi,P.,Head of Product Marketing,3,marketing_leader_fallback,ES,2025-10-01,https://www.linkedin.com/company/ebro-oficial,EBRO,ukeu_universe_candidate,ES
https://www.linkedin.com/in/kerstingrote,Kerstin Grote,Kerstin,Grote,Head Of Marketing,3,marketing_leader_fallback,DE,2003-01-01,https://www.linkedin.com/company/echterhageholding,Echterhage Holding GmbH & Co. KG,ukeu_universe_candidate,DE
https://www.linkedin.com/in/erin-callan-chartered-mcipd-31339870,Erin Murdoch Chartered MCIPD,Erin,Murdoch Chartered MCIPD,Leadership Development Partner,1,channel_dealer_partner_program,GB,2024-10-01,https://www.linkedin.com/company/edf-energy,EDF (UK),ukeu_universe_candidate,GB
https://www.linkedin.com/in/s%c3%a9bastien-haro-85b4a4179,Sébastien Haro,Sébastien,Haro,Responsable marketing,3,marketing_leader_fallback,FR,2018-01-01,https://www.linkedin.com/company/electricfil-automotive,EFI Automotive,ukeu_universe_candidate,FR
https://www.linkedin.com/in/agnet-murat-cartet-95b23414,Agnet Murat-Cartet,Agnet,Murat-Cartet,Responsable Marketing,3,marketing_leader_fallback,FR,-,https://www.linkedin.com/company/electricfil-automotive,EFI Automotive,ukeu_universe_candidate,FR
https://www.linkedin.com/in/claudia-schmidt-totzki-38b0291,Claudia Schmidt-Totzki,Claudia,Schmidt-Totzki,Marketing & Communication Senior Manager,2,marketing_communications,DE,2012-01-01,https://www.linkedin.com/company/elco-heating-solutions,ELCO Heating Solutions,ukeu_universe_candidate,DE
https://www.linkedin.com/in/ville-holmstrom-268096142,Ville Holmstrom,Ville,Holmstrom,Head of Sales & Marketing,3,marketing_leader_fallback,FI,2025-12-01,https://www.linkedin.com/company/elcoline-group,Elcoline Group,ukeu_universe_candidate,FI
https://www.linkedin.com/in/rodrigo-varela-9683286,Rodrigo Varela,Rodrigo,Varela,"Strategy, Channel Development & Operations Director - Europe",1,channel_dealer_partner_program,BE,2019-05-01,https://www.linkedin.com/company/elgi-compressors-europe,ELGi Compressors Europe,ukeu_universe_candidate,BE
https://www.linkedin.com/in/ferhat-zor-1a3ab01a,Ferhat Zor,Ferhat,Zor,Channel Development Partner,1,channel_dealer_partner_program,BE,2020-11-01,https://www.linkedin.com/company/elgi-compressors-europe,ELGi Compressors Europe,ukeu_universe_candidate,BE
https://www.linkedin.com/in/jens-petersson-02783457,Jens Petersson,Jens,Petersson,Head of Sales & Marketing,3,marketing_leader_fallback,SE,2022-08-01,https://www.linkedin.com/company/elme-spreader-ab,ELME Spreader AB,ukeu_universe_candidate,SE
https://www.linkedin.com/in/emily-daniel23,Emily Daniel,Emily,Daniel,Head of Marketing Services – UK & Ireland,3,marketing_leader_fallback,GB,2026-07-01,https://www.linkedin.com/company/elta-group-ltd,Elta Group,ukeu_universe_candidate,GB
https://www.linkedin.com/in/rojorosingana,Sergio Rojo Rosingana,Sergio,Rojo Rosingana,Responsable de marketing y comunicación en España,2,marketing_communications,ES,2018-06-01,https://www.linkedin.com/company/emak-s-p-a-,Emak S.p.A.,ukeu_universe_candidate,IT
https://www.linkedin.com/in/michael-galey-82191a3,Michael Galey,Michael,Galey,Director of Marketing,3,marketing_leader_fallback,GB,1987-10-01,https://www.linkedin.com/company/eminox-ltd,Eminox Ltd,ukeu_universe_candidate,GB
https://www.linkedin.com/in/ann-hart-2b133030,Ann Hart,Ann,Hart,PA to Managing Director/Marketing Co-ordinator,3,marketing_leader_fallback,GB,-,https://www.linkedin.com/company/eminox-ltd,Eminox Ltd,ukeu_universe_candidate,GB
https://www.linkedin.com/in/dr-ralph-kloth-b1a210152,Dr. Ralph Kloth,Dr. Ralph,Kloth,Leiter Strategischer Vertrieb und Marketing / Prokurist,3,marketing_leader_fallback,DE,2012-01-01,https://www.linkedin.com/company/emka-beschlagteile,EMKA Beschlagteile,ukeu_universe_candidate,DE
https://www.linkedin.com/in/eric-andrieux-1b15021,Eric Andrieux,Eric,Andrieux,Network Manager,1,channel_dealer_partner_program,FR,1991-12-01,https://www.linkedin.com/company/eneria,Eneria,ukeu_universe_candidate,FR
https://www.linkedin.com/in/nicolas-millet,Nicolas Millet,Nicolas,Millet,Directeur Marketing et Développement Commercial,3,marketing_leader_fallback,FR,2015-07-01,https://www.linkedin.com/company/eneria,Eneria,ukeu_universe_candidate,FR
https://www.linkedin.com/in/giorgia-santinello-8a8a8a13b,Giorgia Santinello,Giorgia,Santinello,Product Marketing & Communication Manager,2,marketing_communications,IT,2026-01-01,https://www.linkedin.com/company/enextechnologies,Enex Technologies,ukeu_universe_candidate,IT
https://www.linkedin.com/in/aixmarprato,Aixmar Prato,Aixmar,Prato,Corporate Marketing Communication & ESG Manager,2,marketing_communications,IT,2026-01-01,https://www.linkedin.com/company/enextechnologies,Enex Technologies,ukeu_universe_candidate,IT
https://www.linkedin.com/in/alexander-jansson-30099826,Alexander Jansson,Alexander,Jansson,Network Manager - Scandinavian AdNetworks,1,channel_dealer_partner_program,SE,2010-05-01,https://www.linkedin.com/company/eniro,Eniro,ukeu_universe_candidate,SE
https://www.linkedin.com/in/adamlassoued,Adam Lassoued,Adam,Lassoued,"Head of Growth, Marketing & Products Nordics",3,marketing_leader_fallback,SE,2026-01-01,https://www.linkedin.com/company/eniro,Eniro,ukeu_universe_candidate,SE
https://www.linkedin.com/in/rocioghernanz,Rocío García Hernanz,Rocío,García Hernanz,Head of marketing EMEA,3,marketing_leader_fallback,ES,2024-06-01,https://www.linkedin.com/company/envacgroup,Envac,ukeu_universe_candidate,SE
https://www.linkedin.com/in/saraarrhenius,Sara Arrhenius,Sara,Arrhenius,Group CMO Chief Marketing Officer,3,marketing_leader_fallback,SE,2022-03-01,https://www.linkedin.com/company/envacgroup,Envac,ukeu_universe_candidate,SE
https://www.linkedin.com/in/carina-marotta-515017187,Carina Marotta,Carina,Marotta,Director of Marketing,3,marketing_leader_fallback,DE,2022-01-01,https://www.linkedin.com/company/epsotech,epsotech - we care about plastics,ukeu_universe_candidate,DE
https://www.linkedin.com/in/rory-kroon-77a68529,Rory Kroon,Rory,Kroon,Head of UK Marketing,3,marketing_leader_fallback,GB,2023-12-01,https://www.linkedin.com/company/epta-group,EPTA GROUP,ukeu_universe_candidate,IT
https://www.linkedin.com/in/aliceferrari,Alice Ferrari,Alice,Ferrari,Head of Group Product Marketing,3,marketing_leader_fallback,IT,2023-10-01,https://www.linkedin.com/company/epta-group,EPTA GROUP,ukeu_universe_candidate,IT
https://www.linkedin.com/in/joachim-dallinger-41b45187,Joachim Dallinger,Joachim,Dallinger,Leiter Produktmanagement & Marketing,3,marketing_leader_fallback,DE,2010-01-01,https://www.linkedin.com/company/epta-group,EPTA GROUP,ukeu_universe_candidate,IT
https://www.linkedin.com/in/daniela-usenbenz-037a08134,Daniela Usenbenz,Daniela,Usenbenz,Head of Marketing & Communication,2,marketing_communications,DE,2023-06-01,https://www.linkedin.com/company/erhard-valves,ERHARD GmbH,ukeu_universe_candidate,DE
https://www.linkedin.com/in/tobias-ruhe-6476081b6,Tobias Ruhe,Tobias,Ruhe,Head of Sales & Marketing,3,marketing_leader_fallback,DE,2025-03-01,https://www.linkedin.com/company/stallkamp,Erich Stallkamp ESTA GmbH,ukeu_universe_candidate,DE
https://www.linkedin.com/in/jmvanhooff,Judith van Hooff,Judith,van Hooff,Head of Marketing Europe,3,marketing_leader_fallback,NL,2025-05-01,https://www.linkedin.com/company/eriks,ERIKS,ukeu_universe_candidate,NL
https://www.linkedin.com/in/caroline-vander-borght,Caroline Vander Borght,Caroline,Vander Borght,International Head of Digital Marketing,3,marketing_leader_fallback,BE,2025-05-01,https://www.linkedin.com/company/eriks,ERIKS,ukeu_universe_candidate,NL
https://www.linkedin.com/in/tobias-welp-00172b,Tobias WELP,Tobias,WELP,Head of Marketing Services,3,marketing_leader_fallback,DE,2012-09-01,https://www.linkedin.com/company/erwin-hymer-group,ERWIN HYMER GROUP,ukeu_universe_candidate,DE
https://www.linkedin.com/in/christelrumpus,Christelle R.,Christelle,R.,Responsable marketing,3,marketing_leader_fallback,FR,2021-12-01,https://www.linkedin.com/company/erwin-hymer-group,ERWIN HYMER GROUP,ukeu_universe_candidate,DE
https://www.linkedin.com/in/ludovic-angeli-ett-directeur-marketing-et-export,Ludovic Angeli Ett Directeur Marketing Et Export,Ludovic,Angeli Ett Directeur Marketing Et Export,Directeur marketing,3,marketing_leader_fallback,FR,2021-10-01,https://www.linkedin.com/company/energie-transfert-thermique,ETT - ENERGIE TRANSFERT THERMIQUE,ukeu_universe_candidate,FR
https://www.linkedin.com/in/ecommerce-juan-carlos-hernandez,Juan Carlos Hernández,Juan Carlos,Hernández,Director de Marketing Digital | Estrategia de Crecimiento Digital & E-commerce | Impacto en negocio,3,marketing_leader_fallback,ES,2026-01-01,https://www.linkedin.com/company/eurofred-group,Eurofred España,ukeu_universe_candidate,ES
https://www.linkedin.com/in/virg%c3%adnia-botey-passols-08240b1a,Virgínia Botey Passols,Virgínia,Botey Passols,"Group Marketing, Communications & ESG Director (CMO)",3,marketing_leader_fallback,ES,2021-02-01,https://www.linkedin.com/company/eurofred-group,Eurofred España,ukeu_universe_candidate,ES
https://www.linkedin.com/in/aleksandra-markovic-13bb44106,Aleksandra Markovic,Aleksandra,Markovic,Responsable marketing - LVF,3,marketing_leader_fallback,FR,2016-10-01,https://www.linkedin.com/company/eurofred-group,Eurofred España,ukeu_universe_candidate,ES
https://www.linkedin.com/in/jens-meier-45b726254,Jens Meier,Jens,Meier,Director Marketing and Business Development,3,marketing_leader_fallback,DE,-,https://www.linkedin.com/company/evamo-pump-technology-solutions,Evamo - Pump Technology Solutions,ukeu_universe_candidate,DE
https://www.linkedin.com/in/caroline-gastard-6264519,Caroline Gastard,Caroline,Gastard,Responsable communication marketing,2,marketing_communications,FR,2015-04-01,https://www.linkedin.com/company/everllence,Everllence,ukeu_universe_candidate,DE
https://www.linkedin.com/in/thomas-sobieraj-09aab9133,Thomas Sobieraj,Thomas,Sobieraj,Head of Marketing,3,marketing_leader_fallback,DE,2025-02-01,https://www.linkedin.com/company/ewikon,EWIKON Heißkanalsysteme GmbH,ukeu_universe_candidate,DE
https://www.linkedin.com/in/gina-gonzalez-1080211,Gina Gonzalez,Gina,Gonzalez,Marketing Communication Manager,2,marketing_communications,US,1993-04-01,https://www.linkedin.com/company/excelitas-noblelight,Excelitas Noblelight,ukeu_universe_candidate,DE
https://www.linkedin.com/in/grace-williams-ab774b19,Grace Williams,Grace,Williams,Head of Global Events and Marketing,3,marketing_leader_fallback,GB,2025-04-01,https://www.linkedin.com/company/excool-ltd,Excool,ukeu_universe_candidate,GB
https://www.linkedin.com/in/stu-o-gorman-1b160645,Stu O'Gorman,Stu,O'Gorman,Country Manager Network Power,1,channel_dealer_partner_program,GB,-,https://www.linkedin.com/company/exidegroup,Exide Group,ukeu_universe_candidate,FR
https://www.linkedin.com/in/craig-everett-4023649,Craig Everett,Craig,Everett,Marketing Communications Manager EMEA,2,marketing_communications,GB,2000-05-01,https://www.linkedin.com/company/exidegroup,Exide Group,ukeu_universe_candidate,FR
https://www.linkedin.com/in/angiesilva,Angie Silva,Angie,Silva,Responsable Marketing France,3,marketing_leader_fallback,FR,2024-07-01,https://www.linkedin.com/company/exidegroup,Exide Group,ukeu_universe_candidate,FR
https://www.linkedin.com/in/renecalderonholz,René Calderón Holz,René,Calderón Holz,Head of Marketing Spain and Americas,3,marketing_leader_fallback,ES,2021-07-01,https://www.linkedin.com/company/exidegroup,Exide Group,ukeu_universe_candidate,FR
https://www.linkedin.com/in/nina-stuttmann-1579a513b,Nina Stuttmann,Nina,Stuttmann,"Senior Director Global Marketing | Strategy, Transformation & Commercial Impact",3,marketing_leader_fallback,DE,2020-01-01,https://www.linkedin.com/company/exidegroup,Exide Group,ukeu_universe_candidate,FR
https://www.linkedin.com/in/ruta-kairiene,Rūta Kairienė,Rūta,Kairienė,Chief Marketing Officer,3,marketing_leader_fallback,LT,2020-01-01,https://www.linkedin.com/company/fabricair-a-s,FabricAir,ukeu_universe_candidate,DK
https://www.linkedin.com/in/jean-claude-lancien-765b0726,Jean-Claude Lancien,Jean-Claude,Lancien,Responsable Marketing Communication Produits & Merchandising,2,marketing_communications,FR,1988-01-01,https://www.linkedin.com/company/facom,FACOM France,ukeu_universe_candidate,FR
https://www.linkedin.com/in/silviahutter,Silvia Hutter,Silvia,Hutter,Corporate Communications Marketing Manager & Leadmanagement,2,marketing_communications,AT,2024-07-01,https://www.linkedin.com/company/faigle-kunststoffe-gmbh,faigle Kunststoffe GmbH,ukeu_universe_candidate,AT
https://www.linkedin.com/in/anita-baumgaertner,Anita Baumgärtner,Anita,Baumgärtner,Marketing & Communication Manager,2,marketing_communications,DE,2023-10-01,https://www.linkedin.com/company/fath-components,FATH Western Europe,ukeu_universe_candidate,DE
https://www.linkedin.com/in/franziska-waldorf-3443a32a,Franziska Waldorf,Franziska,Waldorf,Director Marketing,3,marketing_leader_fallback,DE,2024-04-01,https://www.linkedin.com/company/fath-components,FATH Western Europe,ukeu_universe_candidate,DE
https://www.linkedin.com/in/buhl-ina-66893a3b,Buhl Ina,Buhl,Ina,Sr. Manager Marketing Communications Fendt EME bei Agco GmbH,2,marketing_communications,DE,2015-07-01,https://www.linkedin.com/company/fendt,Fendt,ukeu_universe_candidate,DE
https://www.linkedin.com/in/juliaelisamartin,Julia Martin,Julia,Martin,Marketing Communications & Campaign Manager,2,marketing_communications,DE,2023-01-01,https://www.linkedin.com/company/fendt,Fendt,ukeu_universe_candidate,DE
https://www.linkedin.com/in/karsten-k%c3%b6hler-292762134,Karsten Köhler,Karsten,Köhler,Leiter Marketing Go-to-Market Live Experience,3,marketing_leader_fallback,DE,2026-02-01,https://www.linkedin.com/company/fendt,Fendt,ukeu_universe_candidate,DE
https://www.linkedin.com/in/roland-schmidt-477397124,Roland Schmidt,Roland,Schmidt,"Vice President Marketing Fendt, EME",3,marketing_leader_fallback,DE,2017-11-01,https://www.linkedin.com/company/fendt,Fendt,ukeu_universe_candidate,DE
https://www.linkedin.com/in/hannahllewis,Hannah Lewis,Hannah,Lewis,Marketing & Communications Manager,2,marketing_communications,GB,2025-01-01,https://www.linkedin.com/company/ferag-solutions,Ferag Solutions,ukeu_universe_candidate,CH
https://www.linkedin.com/in/luca-dalla-vecchia-24a16a11,Luca Dalla Vecchia,Luca,Dalla Vecchia,Responsabile Marketing e Comunicazione,2,marketing_communications,IT,2018-01-01,https://www.linkedin.com/company/ferroli-group,Ferroli Group,ukeu_universe_candidate,IT
https://www.linkedin.com/in/peter-meijer-707b3964,Peter Meijer,Peter,Meijer,Director Real Estate & Network Development,1,channel_dealer_partner_program,DE,2020-01-01,https://www.linkedin.com/company/ferronordic,Ferronordic,ukeu_universe_candidate,SE
https://www.linkedin.com/in/natalie-riis-damstrup,Natalie Riis Hasbo,Natalie Riis,Hasbo,Commercial Development Partner,1,channel_dealer_partner_program,DK,2025-10-01,https://www.linkedin.com/company/ferrosan-medical-devices,Ferrosan Medical Devices,ukeu_universe_candidate,DK
https://www.linkedin.com/in/fabiennecocheteau,Fabienne Cocheteau,Fabienne,Cocheteau,Responsable Marketing International,3,marketing_leader_fallback,FR,2020-03-01,https://www.linkedin.com/company/fibre-excellence,Fibre Excellence,ukeu_universe_candidate,FR
https://www.linkedin.com/in/pamelaveronese,Pamela Veronese,Pamela,Veronese,Marketing & Communication Manager ( Industrial division),2,marketing_communications,IT,2024-01-01,https://www.linkedin.com/company/fitt-group,FITT Group,ukeu_universe_candidate,IT
https://www.linkedin.com/in/eduardo-romano-57277b62,Eduardo Romano,Eduardo,Romano,Head of Sales & Marketing,3,marketing_leader_fallback,IT,2026-01-01,https://www.linkedin.com/company/fixa-srl,FIXA,ukeu_universe_candidate,IT
https://www.linkedin.com/in/ashia-martin-a273b334,Ashia Martin,Ashia,Martin,Channel & Business Development Manager,1,channel_dealer_partner_program,GB,2021-01-01,https://www.linkedin.com/company/flenderdrives,Flender,ukeu_universe_candidate,DE
https://www.linkedin.com/in/justine-becker-muhl-6427a584,Justine Becker-Muhl,Justine,Becker-Muhl,Responsable marketing et communication,2,marketing_communications,FR,2018-07-01,https://www.linkedin.com/company/flenderdrives,Flender,ukeu_universe_candidate,DE
https://www.linkedin.com/in/jduncanhall,Duncan Hall,Duncan,Hall,Head of Sales and Marketing,3,marketing_leader_fallback,GB,2025-07-01,https://www.linkedin.com/company/flexible-medical-packaging-limited,Flexible Medical Packaging Limited,ukeu_universe_candidate,GB
https://www.linkedin.com/in/alexandru-samoilenco,Alexandru Samoilenco,Alexandru,Samoilenco,Global Partner Program Manager,1,channel_dealer_partner_program,DE,-,https://www.linkedin.com/company/flexlink,FlexLink,ukeu_universe_candidate,SE
https://www.linkedin.com/in/paul-jarossy-3215a17,Paul Jarossy,Paul,Jarossy,Director of Marketing,3,marketing_leader_fallback,US,-,https://www.linkedin.com/company/flexlink,FlexLink,ukeu_universe_candidate,SE
https://www.linkedin.com/in/barbara-giatti,Barbara Giatti,Barbara,Giatti,Marketing & Communication Manager,2,marketing_communications,IT,2017-01-01,https://www.linkedin.com/company/flodraulic,Flodraulic,ukeu_universe_candidate,IT
https://www.linkedin.com/in/rebecca-o-hea,Rebecca O’ Hea,Rebecca,O’ Hea,Channel Marketing Manager,1,channel_dealer_partner_program,IE,2025-09-01,https://www.linkedin.com/company/flogas-uk-ltd,Flogas Britain,ukeu_universe_candidate,GB
https://www.linkedin.com/in/jay-parry-b54003209,Jay Parry,Jay,Parry,Partnership Network Development Manager,1,channel_dealer_partner_program,GB,2026-01-01,https://www.linkedin.com/company/flogas-uk-ltd,Flogas Britain,ukeu_universe_candidate,GB
https://www.linkedin.com/in/stephbolton,Steph Bolton CMktr,Steph Bolton,CMktr,Head of Marketing,3,marketing_leader_fallback,GB,2022-10-01,https://www.linkedin.com/company/flogas-uk-ltd,Flogas Britain,ukeu_universe_candidate,GB
https://www.linkedin.com/in/diana-ivanesei-494313b,Diana Ivanesei,Diana,Ivanesei,Head of Network Operations,1,channel_dealer_partner_program,RO,2026-04-01,https://www.linkedin.com/company/flsmidth,FLSmidth,ukeu_universe_candidate,DK
https://www.linkedin.com/in/ryantlucas,Ryan Lucas,Ryan,Lucas,Senior Marketing & Communications Manager,2,marketing_communications,US,2023-01-01,https://www.linkedin.com/company/flsmidth,FLSmidth,ukeu_universe_candidate,DK
https://www.linkedin.com/in/anna-bjelke-torres,Anna Bjelke Torres,Anna,Bjelke Torres,Head of Marketing Operations,3,marketing_leader_fallback,DK,2024-09-01,https://www.linkedin.com/company/flsmidth,FLSmidth,ukeu_universe_candidate,DK
https://www.linkedin.com/in/hallamwheatley,Hallam Wheatley,Hallam,Wheatley,Head of Sales & Marketing,3,marketing_leader_fallback,GB,2025-01-01,https://www.linkedin.com/company/fluorocarbongroup,Fluorocarbon Group,ukeu_universe_candidate,GB
https://www.linkedin.com/in/karol-ryszkowski-55045a3,Karol Ryszkowski,Karol,Ryszkowski,Regional Director of Sales And Marketing,3,marketing_leader_fallback,PL,2022-01-01,https://www.linkedin.com/company/fnacompressors,FNA COMPRESSORS S.p.A.,ukeu_universe_candidate,IT
https://www.linkedin.com/in/randy-roy-21b00653,Randy Roy,Randy,Roy,Vice President of Sales and Marketing,3,marketing_leader_fallback,US,2016-01-01,https://www.linkedin.com/company/fnacompressors,FNA COMPRESSORS S.p.A.,ukeu_universe_candidate,IT
https://www.linkedin.com/in/philipp-febel-66512533,Philipp Febel,Philipp,Febel,"Director Product Management, Marketing & R&D | FOBA Laser Marking + Engraving | Veralto PQI",3,marketing_leader_fallback,DE,2024-12-01,https://www.linkedin.com/company/alltec-foba-laser-marking-engraving,FOBA Laser Marking + Engraving,ukeu_universe_candidate,DE
https://www.linkedin.com/in/stephen-hands-4246027,Stephen Hands,Stephen,Hands,VP Marketing & Sales,3,marketing_leader_fallback,NL,-,https://www.linkedin.com/company/fokker-technologies-holding,Fokker Technologies Holding B.V.,ukeu_universe_candidate,NL
https://www.linkedin.com/in/sabineandr%c3%a9,Sabine A.,Sabine,A.,Director Global Marketing & Communications,2,marketing_communications,DE,2023-02-01,https://www.linkedin.com/company/forbo-movement-systems,Forbo Movement Systems,ukeu_universe_candidate,DE
https://www.linkedin.com/in/steffen-pietzonka-96950211,Steffen Pietzonka,Steffen,Pietzonka,Head of Global Marketing Lighting,3,marketing_leader_fallback,DE,2009-01-01,https://www.linkedin.com/company/forviahella,FORVIA HELLA,ukeu_universe_candidate,DE
https://www.linkedin.com/in/nicolaspageot,Nicolas Pageot,Nicolas,Pageot,Head of Product Marketing,3,marketing_leader_fallback,ES,2013-01-01,https://www.linkedin.com/company/forviahella,FORVIA HELLA,ukeu_universe_candidate,DE
https://www.linkedin.com/in/latifa-sebbah,Latifa SEBBAH,Latifa,SEBBAH,Responsable Marketing Produit & Communication,3,marketing_leader_fallback,FR,-,https://www.linkedin.com/company/forviahella,FORVIA HELLA,ukeu_universe_candidate,DE
https://www.linkedin.com/in/j%c3%b6rg-harjes-29a295210,Jörg Harjes,Jörg,Harjes,Vice President Marketing IAM,3,marketing_leader_fallback,DE,2023-07-01,https://www.linkedin.com/company/forviahella,FORVIA HELLA,ukeu_universe_candidate,DE
https://www.linkedin.com/in/mishrapragya,Pragya Mishra,Pragya,Mishra,"Head of Marketing, FOSS Go",3,marketing_leader_fallback,DK,2026-08-01,https://www.linkedin.com/company/foss,FOSS,ukeu_universe_candidate,DK
https://www.linkedin.com/in/tonnyheelsbergpedersen,Tonny Heelsberg Pedersen,Tonny Heelsberg,Pedersen,Director of Marketing & Customer Engagement,3,marketing_leader_fallback,DK,2026-01-01,https://www.linkedin.com/company/foss,FOSS,ukeu_universe_candidate,DK
https://www.linkedin.com/in/elisa-hjortkjaer-bb56136,Elisa Hjortkjaer,Elisa,Hjortkjaer,"Senior Vice President, Marketing & Business Innovation",3,marketing_leader_fallback,DK,2026-01-01,https://www.linkedin.com/company/foss,FOSS,ukeu_universe_candidate,DK
https://www.linkedin.com/in/madsvalentin,Mads Valentin,Mads,Valentin,"Head of Demand Creation, Global Marketing",3,marketing_leader_fallback,DK,2020-01-01,https://www.linkedin.com/company/foss,FOSS,ukeu_universe_candidate,DK
https://www.linkedin.com/in/mortenlogager,Morten Løgager,Morten,Løgager,"Vice President Sales & Marketing, EMEA",3,marketing_leader_fallback,DK,2019-09-01,https://www.linkedin.com/company/foss,FOSS,ukeu_universe_candidate,DK
https://www.linkedin.com/in/fgentile,Frank Gentile,Frank,Gentile,Regional Network Development Manager,1,channel_dealer_partner_program,US,2026-06-01,https://www.linkedin.com/company/fpt-industrial,FPT Industrial,ukeu_universe_candidate,IT
https://www.linkedin.com/in/viviana-biasi-b769866,Viviana Biasi,Viviana,Biasi,EMEA & Türkiye Network Development Manager,1,channel_dealer_partner_program,IT,2017-12-01,https://www.linkedin.com/company/fpt-industrial,FPT Industrial,ukeu_universe_candidate,IT
https://www.linkedin.com/in/riccardorebora,Rebora Riccardo Filippo,Rebora,Riccardo Filippo,Head of Marketing & Business Development,3,marketing_leader_fallback,IT,2025-01-01,https://www.linkedin.com/company/fpt-industrial,FPT Industrial,ukeu_universe_candidate,IT
https://www.linkedin.com/in/giovannicivg,Giovanni C.,Giovanni,C.,"Vice President, Head of Sales & Marketing",3,marketing_leader_fallback,IT,2025-01-01,https://www.linkedin.com/company/fpt-industrial,FPT Industrial,ukeu_universe_candidate,IT
https://www.linkedin.com/in/lauraworker,"Laura Worker, MBA, PMP",Laura,"Worker, MBA, PMP","Head of Marketing, North America",3,marketing_leader_fallback,US,2022-09-01,https://www.linkedin.com/company/fpt-industrial,FPT Industrial,ukeu_universe_candidate,IT
https://www.linkedin.com/in/gerald-hocheder-2a48a3235,Gerald Hocheder,Gerald,Hocheder,Responsable marketing,3,marketing_leader_fallback,FR,2025-03-01,https://www.linkedin.com/company/fpt-industrial,FPT Industrial,ukeu_universe_candidate,IT
https://www.linkedin.com/in/lisa-marie-bratschke-5b9353238,Lisa Marie Bratschke,Lisa,Marie Bratschke,Head of Marketing,3,marketing_leader_fallback,DE,2023-01-01,https://www.linkedin.com/company/jacobgroup,Fr. Jacob Söhne GmbH & Co. KG,ukeu_universe_candidate,DE
https://www.linkedin.com/in/lorraine-sculley-840a6145,Lorraine Sculley,Lorraine,Sculley,Head of Marketing,3,marketing_leader_fallback,GB,2021-03-01,https://www.linkedin.com/company/fraikin-ltd,Fraikin Ltd,ukeu_universe_candidate,GB
https://www.linkedin.com/in/stefan-federer-b863821aa,Stefan Federer,Stefan,Federer,Leiter Marketing & Unternehmenskommunikation,3,marketing_leader_fallback,DE,2025-01-01,https://www.linkedin.com/company/franz-morat-group,Franz Morat Group,ukeu_universe_candidate,DE
https://www.linkedin.com/in/jacquelinewilliamson,Jacqueline Williamson,Jacqueline,Williamson,Network Manager,1,channel_dealer_partner_program,US,2008-01-01,https://www.linkedin.com/company/freudenberg-group,Freudenberg Group,ukeu_universe_candidate,DE
https://www.linkedin.com/in/silvia-schumacher-michalik-535766b3,Silvia Schumacher-Michalik,Silvia,Schumacher-Michalik,Director Corporate Marketing Communications,2,marketing_communications,DE,2017-01-01,https://www.linkedin.com/company/freudenberg-group,Freudenberg Group,ukeu_universe_candidate,DE
https://www.linkedin.com/in/patty-richards-2406a424,Patty Richards,Patty,Richards,"Sales and Brand Manager, AT Distribution",1,channel_dealer_partner_program,US,-,https://www.linkedin.com/company/fst,Freudenberg Sealing Technologies,ukeu_universe_candidate,DE
https://www.linkedin.com/in/ralf-jensen-74b05844,Ralf Jensen,Ralf,Jensen,Senior Marketing Communications Manager,2,marketing_communications,DE,2018-01-01,https://www.linkedin.com/company/fst,Freudenberg Sealing Technologies,ukeu_universe_candidate,DE
https://www.linkedin.com/in/akshay-rajeev-18a3276,Akshay Rajeev,Akshay,Rajeev,"Regional Head of Marketing, North America",3,marketing_leader_fallback,US,2024-11-01,https://www.linkedin.com/company/fst,Freudenberg Sealing Technologies,ukeu_universe_candidate,DE
https://www.linkedin.com/in/larshaug,Lars Haug,Lars,Haug,Director Global Marketing - Industrial Services Division,3,marketing_leader_fallback,DE,2023-01-01,https://www.linkedin.com/company/fst,Freudenberg Sealing Technologies,ukeu_universe_candidate,DE
https://www.linkedin.com/in/michael-ruehm-709606b7,Michael Ruehm,Michael,Ruehm,Head of Marketing & Customer Service,3,marketing_leader_fallback,DE,-,https://www.linkedin.com/company/fst,Freudenberg Sealing Technologies,ukeu_universe_candidate,DE
https://www.linkedin.com/in/anja-schwegler-b2636b155,Anja Schwegler,Anja,Schwegler,Head of Product Marketing,3,marketing_leader_fallback,DE,2021-05-01,https://www.linkedin.com/company/fst,Freudenberg Sealing Technologies,ukeu_universe_candidate,DE
https://www.linkedin.com/in/shaila-alday-8a847719,Shaila Alday,Shaila,Alday,Director de marketing,3,marketing_leader_fallback,ES,2025-01-01,https://www.linkedin.com/company/frigicoll,Frigicoll,ukeu_universe_candidate,ES
https://www.linkedin.com/in/salome-robert-a49b2631,Salome Robert,Salome,Robert,Responsable Marketing,3,marketing_leader_fallback,ES,-,https://www.linkedin.com/company/frigicoll,Frigicoll,ukeu_universe_candidate,ES
https://www.linkedin.com/in/charlotte-payne-2781b572,Charlotte Payne,Charlotte,Payne,Global Head of Marketing,3,marketing_leader_fallback,GB,2026-05-01,https://www.linkedin.com/company/fristam-pumpen,Fristam Pumpen KG (GmbH & Co.),ukeu_universe_candidate,DE
https://www.linkedin.com/in/laurent-boutet-050958122,Laurent BOUTET,Laurent,BOUTET,Directeur commercial et marketing,3,marketing_leader_fallback,FR,2026-01-01,https://www.linkedin.com/company/fruehauf-sas,FRUEHAUF,ukeu_universe_candidate,FR
https://www.linkedin.com/in/jonathanperriere,Jonathan Pérrière,Jonathan,Pérrière,Responsable Marketing,3,marketing_leader_fallback,FR,2026-06-01,https://www.linkedin.com/company/fruehauf-sas,FRUEHAUF,ukeu_universe_candidate,FR
https://www.linkedin.com/in/markus-m-fuchs-798065184,Markus M. Fuchs,Markus M.,Fuchs,Vice President / Head of Marketing,3,marketing_leader_fallback,DE,2024-06-01,https://www.linkedin.com/company/fr%c3%a4nkische--group,FRÄNKISCHE Group,ukeu_universe_candidate,DE
https://www.linkedin.com/in/jean-matthieu-krieg,Jean-Matthieu KRIEG,Jean-Matthieu,KRIEG,Directeur commercial et marketing,3,marketing_leader_fallback,FR,2025-07-01,https://www.linkedin.com/company/fr%c3%a4nkische--group,FRÄNKISCHE Group,ukeu_universe_candidate,DE
https://www.linkedin.com/in/dunja-binder-309172236,Dunja Binder,Dunja,Binder,Director Digital Marketing / Campaign & Content,3,marketing_leader_fallback,DE,2025-01-01,https://www.linkedin.com/company/fr%c3%a4nkische--group,FRÄNKISCHE Group,ukeu_universe_candidate,DE
https://www.linkedin.com/in/daniel-prats-ramos,Daniel Prats Ramos,Daniel,Prats Ramos,Marketing & Communication Manager,2,marketing_communications,ES,2025-05-01,https://www.linkedin.com/company/funosafoundry,FUNOSA,ukeu_universe_candidate,ES
https://www.linkedin.com/in/rudolf-f-grauer-ba458a55,Rudolf F. Grauer,Rudolf F.,Grauer,Business Development Manager | New Channel Management,1,channel_dealer_partner_program,DE,2020-03-01,https://www.linkedin.com/company/gardena-gmbh,Gardena GmbH,ukeu_universe_candidate,DE
https://www.linkedin.com/in/jakob-ruprecht-0b00543a,Jakob Ruprecht,Jakob,Ruprecht,Head of Digital Marketing,3,marketing_leader_fallback,DE,-,https://www.linkedin.com/company/gardena-gmbh,Gardena GmbH,ukeu_universe_candidate,DE
https://www.linkedin.com/in/elke-deckert-drenth-84210b89,Elke Deckert-Drenth,Elke,Deckert-Drenth,Head of Retailer and Shopper Marketing,3,marketing_leader_fallback,DE,2023-06-01,https://www.linkedin.com/company/gardena-gmbh,Gardena GmbH,ukeu_universe_candidate,DE
https://www.linkedin.com/in/adamrecktenwald,Adam Recktenwald,Adam,Recktenwald,"Head of Marketing, North America",3,marketing_leader_fallback,US,2024-06-01,https://www.linkedin.com/company/gardena-gmbh,Gardena GmbH,ukeu_universe_candidate,DE
https://www.linkedin.com/in/jasmin-carr-3ba578168,Jasmin Carr,Jasmin,Carr,Head of Marketing D/A/CH,3,marketing_leader_fallback,DE,2024-07-01,https://www.linkedin.com/company/gardena-gmbh,Gardena GmbH,ukeu_universe_candidate,DE
https://www.linkedin.com/in/razvanbarbulescu,"Razvan Barbulescu, PhD",Razvan,"Barbulescu, PhD","Director, Global Marketing Communications",2,marketing_communications,RO,2018-10-01,https://www.linkedin.com/company/garrettmotion,Garrett - Advancing Motion,ukeu_universe_candidate,CH
https://www.linkedin.com/in/elena-calin-13598848,Elena Calin,Elena,Calin,Events Lead - Global Marketing Communications,2,marketing_communications,RO,2023-10-01,https://www.linkedin.com/company/garrettmotion,Garrett - Advancing Motion,ukeu_universe_candidate,CH
https://www.linkedin.com/in/andreeamielu,Andreea Mielu,Andreea,Mielu,Global Marketing Communications Lead,2,marketing_communications,RO,2022-12-01,https://www.linkedin.com/company/garrettmotion,Garrett - Advancing Motion,ukeu_universe_candidate,CH
https://www.linkedin.com/in/maria-thomas-marketing,Maria Thomas,Maria,Thomas,Marketing Communication Manager,2,marketing_communications,FR,2024-01-01,https://www.linkedin.com/company/safety-tech-leading-the-way-to-smarter-mobility,Gauzy Safety Tech,ukeu_universe_candidate,FR
https://www.linkedin.com/in/fabio-cogotti-b72b76163,Fabio Cogotti,Fabio,Cogotti,Head of Marketing,3,marketing_leader_fallback,IT,2018-05-01,https://www.linkedin.com/company/gb-ricambi-group,GB RICAMBI GROUP,ukeu_universe_candidate,IT
https://www.linkedin.com/in/george-shuter-01992a187,George Shuter,George,Shuter,Head of Organic Marketing,3,marketing_leader_fallback,GB,2025-05-01,https://www.linkedin.com/company/gear-4-music-limited,Gear4music Ltd.,ukeu_universe_candidate,GB
https://www.linkedin.com/in/andrewmirzai,Andrew Mirzai,Andrew,Mirzai,Head of European Marketing,3,marketing_leader_fallback,GB,2026-04-01,https://www.linkedin.com/company/gear-4-music-limited,Gear4music Ltd.,ukeu_universe_candidate,GB
https://www.linkedin.com/in/barbara-traxler-koschier-012b921a8,Barbara Traxler-Koschier,Barbara,Traxler-Koschier,Marketing & Communications Manager,2,marketing_communications,AT,2020-02-01,https://www.linkedin.com/company/gebauer-&-griller,Gebauer & Griller,ukeu_universe_candidate,AT
https://www.linkedin.com/in/dr-irene-pfundner-6b5a5b165,Dr. Irene Pfundner,Dr. Irene,Pfundner,Director Group Marketing and Communications,3,marketing_leader_fallback,AT,2025-01-01,https://www.linkedin.com/company/gebauer-&-griller,Gebauer & Griller,ukeu_universe_candidate,AT
https://www.linkedin.com/in/viktoria-woskoboinik,Viktoria Woskoboinik,Viktoria,Woskoboinik,Director Sales and Marketing,3,marketing_leader_fallback,DE,2026-04-01,https://www.linkedin.com/company/geislinger-gmbh,Geislinger GmbH,ukeu_universe_candidate,AT
https://www.linkedin.com/in/dr-frank-liess,Dr. Frank Liess,Dr. Frank,Liess,Head of Division (VP) Global Marketing | Go-to-Market Program Lead,3,marketing_leader_fallback,DE,-,https://www.linkedin.com/company/gemu-group,GEMÜ Group,ukeu_universe_candidate,DE
https://www.linkedin.com/in/sarah-mann-5368b6217,Sarah Mann,Sarah,Mann,Teamleiter BU Marketing,3,marketing_leader_fallback,DE,2021-05-01,https://www.linkedin.com/company/gemu-group,GEMÜ Group,ukeu_universe_candidate,DE
https://www.linkedin.com/in/marco-becker-357a19218,Marco Becker,Marco,Becker,Leiter Global Marketing,3,marketing_leader_fallback,DE,2012-11-01,https://www.linkedin.com/company/gemu-group,GEMÜ Group,ukeu_universe_candidate,DE
https://www.linkedin.com/in/melissa-nichols-6583b063,Melissa Nichols,Melissa,Nichols,Head of Marketing,3,marketing_leader_fallback,GB,2025-01-01,https://www.linkedin.com/company/the-ggr-group,GGR Group,ukeu_universe_candidate,GB
https://www.linkedin.com/in/daniel-panadero-b3857027b,Daniel Panadero,Daniel,Panadero,Head of Sales and Marketing,3,marketing_leader_fallback,PL,2026-01-01,https://www.linkedin.com/company/ghcranes,GH Cranes & Components,ukeu_universe_candidate,ES
https://www.linkedin.com/in/adley-khaleesi-b864a228b,Adley Khaleesi,Adley,Khaleesi,Vice President Marketing,3,marketing_leader_fallback,US,-,https://www.linkedin.com/company/ghella-s.p.a,Ghella,ukeu_universe_candidate,IT
https://www.linkedin.com/in/schroeder-lars,Lars Schröder,Lars,Schröder,Director Global Marketing,3,marketing_leader_fallback,DE,2023-01-01,https://www.linkedin.com/company/gkd-group,GKD Group,ukeu_universe_candidate,DE
https://www.linkedin.com/in/marcjohnmurphy,Marc Murphy,Marc,Murphy,Group Head of Marketing,3,marketing_leader_fallback,GB,2025-11-01,https://www.linkedin.com/company/global-vehicle-group,Global Vehicle Group,ukeu_universe_candidate,GB
https://www.linkedin.com/in/marketing-ana-majuelo,Ana Majuelo,Ana,Majuelo,Responsable de Marketing y Comunicación,2,marketing_communications,ES,2011-12-01,https://www.linkedin.com/company/goizper,Goizper Group,ukeu_universe_candidate,ES
https://www.linkedin.com/in/mair-horscroft-9a9253198,Mair Horscroft,Mair,Horscroft,Learning and Development Partner,1,channel_dealer_partner_program,GB,2023-05-01,https://www.linkedin.com/company/goodenergyuk,Good Energy,ukeu_universe_candidate,GB
https://www.linkedin.com/in/sophie-rose-varley-33728860,Sophie Rose Varley,Sophie,Rose Varley,Learning and Development Technical Partner,1,channel_dealer_partner_program,GB,2025-08-01,https://www.linkedin.com/company/goodenergyuk,Good Energy,ukeu_universe_candidate,GB
https://www.linkedin.com/in/lindsay-landi-26769024,Lindsay Landi,Lindsay,Landi,Head of Brand & Communications,2,marketing_communications,GB,2026-01-01,https://www.linkedin.com/company/goodenergyuk,Good Energy,ukeu_universe_candidate,GB
https://www.linkedin.com/in/harriet-hird-33183521,Harriet Hird,Harriet,Hird,Head of B2B Marketing,3,marketing_leader_fallback,GB,2026-03-01,https://www.linkedin.com/company/goodenergyuk,Good Energy,ukeu_universe_candidate,GB
https://www.linkedin.com/in/katerina-koch-008775101,Katerina Koch,Katerina,Koch,Head of Group Communication & Marketing,2,marketing_communications,DE,2023-05-01,https://www.linkedin.com/company/grammer-ag,Grammer AG,ukeu_universe_candidate,DE
https://www.linkedin.com/in/nesh-miletic-a2762412,Nesh Miletic,Nesh,Miletic,"VP Sales, Engineering & Marketing - Region Asia & Pacific",3,marketing_leader_fallback,US,2010-04-01,https://www.linkedin.com/company/grammer-ag,Grammer AG,ukeu_universe_candidate,DE
https://www.linkedin.com/in/jens-haar-b0951033,Jens Haar,Jens,Haar,Leiter Marketing / Prokurist,3,marketing_leader_fallback,DE,2016-09-01,https://www.linkedin.com/company/granit-parts,GRANIT PARTS,ukeu_universe_candidate,DE
https://www.linkedin.com/in/matthew-hateley-06444643,Matthew Hateley,Matthew,Hateley,Head of European Sales & Marketing,3,marketing_leader_fallback,GB,2022-04-01,https://www.linkedin.com/company/grayson-thermal-systems,Grayson Thermal Systems,ukeu_universe_candidate,GB
https://www.linkedin.com/in/christophe-baron-b2079216,Christophe Baron,Christophe,Baron,Responsable marketing et communication,2,marketing_communications,FR,2001-09-01,https://www.linkedin.com/company/gregoire-sas,GREGOIRE,ukeu_universe_candidate,FR
https://www.linkedin.com/in/mathieu-tabardel-67a668a9,Mathieu TABARDEL,Mathieu,TABARDEL,Directeur marketing,3,marketing_leader_fallback,FR,2023-01-01,https://www.linkedin.com/company/gregoire-sas,GREGOIRE,ukeu_universe_candidate,FR
https://www.linkedin.com/in/andrea-steigerwald,Andrea Steigerwald,Andrea,Steigerwald,Head of Corporate Marketing & Communications,2,marketing_communications,DE,2021-04-01,https://www.linkedin.com/company/grenzebach-group,Grenzebach Group,ukeu_universe_candidate,DE
https://www.linkedin.com/in/maximilian-gerken-073430117,Maximilian Gerken,Maximilian,Gerken,Head of Marketing,3,marketing_leader_fallback,DE,2023-09-01,https://www.linkedin.com/company/grimme,GRIMME,ukeu_universe_candidate,DE
https://www.linkedin.com/in/nikosb,Nikos Bartzoulianos,Nikos,Bartzoulianos,"Global CMO, Growth & Product | Leader, Global GROHE Marketing, LIXIL International",3,marketing_leader_fallback,GB,2026-06-01,https://www.linkedin.com/company/grohe,GROHE,ukeu_universe_candidate,DE
https://www.linkedin.com/in/tjurgenson,Tamara Jurgenson,Tamara,Jurgenson,"Vice President, Marketing",3,marketing_leader_fallback,US,-,https://www.linkedin.com/company/grohe,GROHE,ukeu_universe_candidate,DE
https://www.linkedin.com/in/maciej-%c5%9bledzi%c5%84ski,Maciej Śledziński,Maciej,Śledziński,"Leader, Marketing Activation Poland and Eastern Europe (Director of Marketing)",3,marketing_leader_fallback,PL,2024-04-01,https://www.linkedin.com/company/grohe,GROHE,ukeu_universe_candidate,DE
https://www.linkedin.com/in/axel-korn-7539b710,Axel Korn,Axel,Korn,Head of Global Digital Marketing,3,marketing_leader_fallback,DE,1995-08-01,https://www.linkedin.com/company/grohe,GROHE,ukeu_universe_candidate,DE
https://www.linkedin.com/in/michael-harant-05b0b826,Michael Harant,Michael,Harant,Head of Marketing,3,marketing_leader_fallback,DE,2023-11-01,https://www.linkedin.com/company/group-schumacher,GROUP SCHUMACHER,ukeu_universe_candidate,DE
https://www.linkedin.com/in/emmanuel-roudil-83259915,Emmanuel ROUDIL,Emmanuel,ROUDIL,Responsable Marketing OP,3,marketing_leader_fallback,FR,-,https://www.linkedin.com/company/groupeairwell,Groupe Airwell,ukeu_universe_candidate,FR
https://www.linkedin.com/in/jocelyne-benisri,Jocelyne Benisri,Jocelyne,Benisri,Directrice Marketing clients & Communication - Manager de transition - (Réseau 137),1,channel_dealer_partner_program,FR,-,https://www.linkedin.com/company/groupe-atlantic,Groupe Atlantic,ukeu_universe_candidate,FR
https://www.linkedin.com/in/laura-galle,Laura Gallé,Laura,Gallé,Responsable marketing et communications,2,marketing_communications,FR,2024-04-01,https://www.linkedin.com/company/groupe-atlantic,Groupe Atlantic,ukeu_universe_candidate,FR
https://www.linkedin.com/in/alice-poupard-143b7a86,Alice Poupard,Alice,Poupard,Responsable marketing et communication services - Thermor France,2,marketing_communications,FR,2024-05-01,https://www.linkedin.com/company/groupe-atlantic,Groupe Atlantic,ukeu_universe_candidate,FR
https://www.linkedin.com/in/chloe-broutet,Chloé Richard Broutet,Chloé,Richard Broutet,"Responsable Pôle Performance marketing, digital, satisfaction et expérience clients - Thermor France",3,marketing_leader_fallback,FR,2024-11-01,https://www.linkedin.com/company/groupe-atlantic,Groupe Atlantic,ukeu_universe_candidate,FR
https://www.linkedin.com/in/julien-vandebeek-52657727,Julien VANDEBEEK,Julien,VANDEBEEK,"Directeur Marketing PAC Air Air, Traitement d’Air",3,marketing_leader_fallback,FR,-,https://www.linkedin.com/company/groupe-atlantic,Groupe Atlantic,ukeu_universe_candidate,FR
https://www.linkedin.com/in/marion-pereira-61019090,Marion PEREIRA,Marion,PEREIRA,Responsable Marketing Client,3,marketing_leader_fallback,FR,2025-08-01,https://www.linkedin.com/company/groupe-atlantic,Groupe Atlantic,ukeu_universe_candidate,FR
https://www.linkedin.com/in/yves-fanton-d-andon-1ba9b964,Yves FANTON d'ANDON,Yves,FANTON d'ANDON,Directeur du Marketing Stratégique,3,marketing_leader_fallback,FR,2015-11-01,https://www.linkedin.com/company/groupe-atlantic,Groupe Atlantic,ukeu_universe_candidate,FR
https://www.linkedin.com/in/vincent-loub%c3%a9jac-47a62146,Vincent Loubéjac,Vincent,Loubéjac,Responsable Marketing Pompe à Chaleur Air/Air et Traitement de l'Air,3,marketing_leader_fallback,FR,2025-01-01,https://www.linkedin.com/company/groupe-atlantic,Groupe Atlantic,ukeu_universe_candidate,FR
https://www.linkedin.com/in/magali-hugonnet-804a3320,Magali HUGONNET,Magali,HUGONNET,Responsable Marketing Prescription Résidentiel,3,marketing_leader_fallback,FR,2017-01-01,https://www.linkedin.com/company/groupe-atlantic,Groupe Atlantic,ukeu_universe_candidate,FR
https://www.linkedin.com/in/laurencedelecroix-64a424b,laurence Delecroix,laurence,Delecroix,Responsable marketing client et communication,3,marketing_leader_fallback,FR,2025-03-01,https://www.linkedin.com/company/groupe-atlantic,Groupe Atlantic,ukeu_universe_candidate,FR
https://www.linkedin.com/in/solenebehaghel,Solène BEHAGHEL,Solène,BEHAGHEL,Directeur Marketing,3,marketing_leader_fallback,FR,2026-02-01,https://www.linkedin.com/company/groupe-atlantic,Groupe Atlantic,ukeu_universe_candidate,FR
https://www.linkedin.com/in/c%c3%a9line-mazi%c3%a8re,Céline Mazière - Montfaucon,Céline,Mazière - Montfaucon,Responsable Marketing clients et Communication,3,marketing_leader_fallback,FR,2023-01-01,https://www.linkedin.com/company/groupe-atlantic,Groupe Atlantic,ukeu_universe_candidate,FR
https://www.linkedin.com/in/solennetelliermarketingmanager,TELLIER Solenne,TELLIER,Solenne,Head of marketing and communication B2C,3,marketing_leader_fallback,FR,2019-12-01,https://www.linkedin.com/company/groupe-atlantic,Groupe Atlantic,ukeu_universe_candidate,FR
https://www.linkedin.com/in/karine-hervieu-146a79229,Karine HERVIEU,Karine,HERVIEU,Responsable Marketing & Développement - Gazechim Pôle Gaz,3,marketing_leader_fallback,FR,2023-01-01,https://www.linkedin.com/company/groupe-gazechim,Groupe Gazechim,ukeu_universe_candidate,FR
https://www.linkedin.com/in/david-koch-1553214,David Koch,David,Koch,Directeur du marketing et du développement,3,marketing_leader_fallback,FR,2025-10-01,https://www.linkedin.com/company/groupe-gazechim,Groupe Gazechim,ukeu_universe_candidate,FR
https://www.linkedin.com/in/nathalie-priol-ba286215,Nathalie PRIOL,Nathalie,PRIOL,Responsable Marketing et Communication,2,marketing_communications,FR,2010-01-01,https://www.linkedin.com/company/latty-international,GROUPE LATTY,ukeu_universe_candidate,FR
https://www.linkedin.com/in/c%c3%a9cile-rousseau-9668391a,Cécile Rousseau,Cécile,Rousseau,Responsable marketing et communication,2,marketing_communications,FR,2014-09-01,https://www.linkedin.com/company/groupe-nadia-fr,Groupe Nadia,ukeu_universe_candidate,FR
https://www.linkedin.com/in/patrick-person-2b416628,Patrick PERSON,Patrick,PERSON,Directeur Commercial & Marketing Refroidisseurs de lait - Groupe SERAP,3,marketing_leader_fallback,FR,2024-09-01,https://www.linkedin.com/company/groupe-serap,Groupe SERAP,ukeu_universe_candidate,FR
https://www.linkedin.com/in/fran%c3%a7ois-kaufmann-b45a135,François Kaufmann,François,Kaufmann,Technical Manager (Low Voltage Systems / Networks),1,channel_dealer_partner_program,FR,2014-01-01,https://www.linkedin.com/company/groupe-snef,Groupe Snef,ukeu_universe_candidate,FR
https://www.linkedin.com/in/sylvain-peign%c3%a9-0ba19025,Sylvain Peigné,Sylvain,Peigné,Responsable Développement Commercial & Marketing,3,marketing_leader_fallback,FR,2025-12-01,https://www.linkedin.com/company/group-tpm,GROUPE TPM,ukeu_universe_candidate,FR
https://www.linkedin.com/in/laura-gallindo,Laura Gallindo,Laura,Gallindo,Strategic Marketing Communications Director,2,marketing_communications,US,2023-08-01,https://www.linkedin.com/company/grundfos,GRUNDFOS,ukeu_universe_candidate,DK
https://www.linkedin.com/in/kenth-hvid-nielsen,Kenth Hvid Nielsen,Kenth Hvid,Nielsen,Head of Global Marketing,3,marketing_leader_fallback,DK,2024-01-01,https://www.linkedin.com/company/grundfos,GRUNDFOS,ukeu_universe_candidate,DK
https://www.linkedin.com/in/askmollernielsen,Ask Møller-Nielsen,Ask,Møller-Nielsen,"Head of Solutions & Marketing, Water Utility division",3,marketing_leader_fallback,US,2024-07-01,https://www.linkedin.com/company/grundfos,GRUNDFOS,ukeu_universe_candidate,DK
https://www.linkedin.com/in/mathiassanddahlnielsen,Mathias Sanddahl Nielsen,Mathias,Sanddahl Nielsen,"Head of IS Sales, Marketing & Service",3,marketing_leader_fallback,DK,2025-01-01,https://www.linkedin.com/company/grundfos,GRUNDFOS,ukeu_universe_candidate,DK
https://www.linkedin.com/in/lars-skytte-poulsen-a3730810,Lars Skytte Poulsen,Lars Skytte,Poulsen,"Global Brand Director, Group Branding & Marketing Excellence",3,marketing_leader_fallback,DK,2020-04-01,https://www.linkedin.com/company/grundfos,GRUNDFOS,ukeu_universe_candidate,DK
https://www.linkedin.com/in/jolesen,Jesper Olesen,Jesper,Olesen,"Group Vice President, Solutions & Marketing, Domestic Building Division",3,marketing_leader_fallback,DK,2023-08-01,https://www.linkedin.com/company/grundfos,GRUNDFOS,ukeu_universe_candidate,DK
https://www.linkedin.com/in/nataliamonteiro,Natalia Monteiro,Natalia,Monteiro,Head of Marketing Americas - CBS,3,marketing_leader_fallback,US,-,https://www.linkedin.com/company/grundfos,GRUNDFOS,ukeu_universe_candidate,DK
https://www.linkedin.com/in/marc-besson-gregoirebesson,Marc Besson 🇨🇵,Marc,Besson 🇨🇵,Responsable marketing et communication,2,marketing_communications,FR,2020-09-01,https://www.linkedin.com/company/gregoirebesson,Grégoire Besson,ukeu_universe_candidate,FR
https://www.linkedin.com/in/juan-jos%c3%a9-barrero-2818a6b2,Juan José Barrero,Juan José,Barrero,Director comercial y de marketing,3,marketing_leader_fallback,ES,2007-03-01,https://www.linkedin.com/company/gs-hydro,GS-Hydro,ukeu_universe_candidate,IT
https://www.linkedin.com/in/terho-hoskonen-6270936,Terho Hoskonen,Terho,Hoskonen,VP Sales & Marketing,3,marketing_leader_fallback,US,2009-02-01,https://www.linkedin.com/company/gs-hydro,GS-Hydro,ukeu_universe_candidate,IT
https://www.linkedin.com/in/laura-b%c3%a9dard-a26406ba,Laura Bédard,Laura,Bédard,Responsable marketing et communication,2,marketing_communications,FR,2022-05-01,https://www.linkedin.com/company/v.-guldmann-as,Guldmann,ukeu_universe_candidate,DK
https://www.linkedin.com/in/ron-slone-37328514,Ron Slone,Ron,Slone,Director of Sales and Marketing,3,marketing_leader_fallback,US,-,https://www.linkedin.com/company/gudelgroup,Güdel Group,ukeu_universe_candidate,CH
https://www.linkedin.com/in/brenda-courim-8b2463b2,Brenda Courim,Brenda,Courim,Director of Sales and Marketing,3,marketing_leader_fallback,US,2026-03-01,https://www.linkedin.com/company/gudelgroup,Güdel Group,ukeu_universe_candidate,CH
https://www.linkedin.com/in/lorna-wilson-2b03a8b1,Lorna Wilson,Lorna,Wilson,Head of Marketing - Global,3,marketing_leader_fallback,GB,2025-12-01,https://www.linkedin.com/company/guntner,Güntner,ukeu_universe_candidate,DE
https://www.linkedin.com/in/marcus-g-a0aaa6158,Marcus G,Marcus,G,Head of Marketing,3,marketing_leader_fallback,DE,2024-01-01,https://www.linkedin.com/company/habia-cable,Habia,ukeu_universe_candidate,DE
https://www.linkedin.com/in/simonjamesuk,Simon James MCIM,Simon,James MCIM,Group Marketing & Communications Manager,2,marketing_communications,GB,2025-01-01,https://www.linkedin.com/company/hadley-group-,Hadley Group,ukeu_universe_candidate,GB
https://www.linkedin.com/in/david-tyrna-767261253,David Tyrna,David,Tyrna,Head of Marketing,3,marketing_leader_fallback,DE,2020-04-01,https://www.linkedin.com/company/hahn-gasfedern-gmbh,HAHN Gasfedern GmbH,ukeu_universe_candidate,DE
https://www.linkedin.com/in/ulf-herlin-0a59a6,Ulf Herlin,Ulf,Herlin,VP Marketing & Sales,3,marketing_leader_fallback,SE,-,https://www.linkedin.com/company/haldex,Haldex,ukeu_universe_candidate,SE
https://www.linkedin.com/in/michael-baxter-3938b76b,Michael Baxter,Michael,Baxter,Vice President Sales & Marketing,3,marketing_leader_fallback,US,2012-10-01,https://www.linkedin.com/company/halliteseals,Hallite Seals,ukeu_universe_candidate,GB
https://www.linkedin.com/in/michael-rushton-b1a003a6,Michael Rushton,Michael,Rushton,Network & Technical Manager,1,channel_dealer_partner_program,GB,2023-09-01,https://www.linkedin.com/company/halton-group,Halton Group,ukeu_universe_candidate,FI
https://www.linkedin.com/in/markus-lehto,Markus Lehto,Markus,Lehto,Head of Marketing & Communications,2,marketing_communications,FI,2026-03-01,https://www.linkedin.com/company/halton-group,Halton Group,ukeu_universe_candidate,FI
https://www.linkedin.com/in/salla-ahlberg-9852959,Salla Ahlberg,Salla,Ahlberg,"Director of Global Marketing at Halton Marine, Energy and Infrastructure",3,marketing_leader_fallback,FI,2025-01-01,https://www.linkedin.com/company/halton-group,Halton Group,ukeu_universe_candidate,FI
https://www.linkedin.com/in/skjoldager,Lars Skjoldager Sørensen,Lars Skjoldager,Sørensen,CCO and VP Sales & Marketing.,3,marketing_leader_fallback,DK,2024-11-01,https://www.linkedin.com/company/hardisprayers,HARDI International A/S,ukeu_universe_candidate,DK
https://www.linkedin.com/in/marjolaine-degrange-68940b4,Marjolaine Degrange,Marjolaine,Degrange,marketing communication manager,2,marketing_communications,FR,-,https://www.linkedin.com/company/haulotte-group,Haulotte,ukeu_universe_candidate,FR
https://www.linkedin.com/in/nicolasmargaine,Nicolas Margaine ✅,Nicolas,Margaine ✅,Responsable marketing services,3,marketing_leader_fallback,FR,2023-01-01,https://www.linkedin.com/company/haulotte-group,Haulotte,ukeu_universe_candidate,FR
https://www.linkedin.com/in/melaniebrenier,Mélanie B.,Mélanie,B.,Head of Marketing Support & External Communication,3,marketing_leader_fallback,FR,2026-04-01,https://www.linkedin.com/company/haulotte-group,Haulotte,ukeu_universe_candidate,FR
https://www.linkedin.com/in/emanuel-s-387225156,Emanuel S.,Emanuel,S.,Leiter Marketing / Kommunikation,3,marketing_leader_fallback,DE,2016-01-01,https://www.linkedin.com/company/hawle-deutschland-armaturen-gmbh,Hawle Armaturen GmbH,ukeu_universe_candidate,DE
https://www.linkedin.com/in/nicole-wittmann-impulsgeberin-industriemarketing,Nicole Wittmann,Nicole,Wittmann,Group Manager - Marketing & Communications,2,marketing_communications,AT,2026-01-01,https://www.linkedin.com/company/hawleaustriagroup,Hawle Austria Group,ukeu_universe_candidate,AT
https://www.linkedin.com/in/christophbachmann-,Christoph Bachmann,Christoph,Bachmann,Head of Marketing,3,marketing_leader_fallback,DE,2025-06-01,https://www.linkedin.com/company/hazemag-&-epr-gmbh-duelmen,HAZEMAG,ukeu_universe_candidate,DE
https://www.linkedin.com/in/johanna-reiche-779b3022a,Johanna Reiche,Johanna,Reiche,Head of Marketing,3,marketing_leader_fallback,DE,2024-11-01,https://www.linkedin.com/company/heggemann-ag,HEGGEMANN AG,ukeu_universe_candidate,DE
https://www.linkedin.com/in/jan-theulen-89116410,Jan Theulen,Jan,Theulen,Director CCUS Business Development & Partnerships,1,channel_dealer_partner_program,NL,2025-04-01,https://www.linkedin.com/company/heidelbergmaterials,Heidelberg Materials,ukeu_universe_candidate,DE
https://www.linkedin.com/in/toby-knott-14697b5,Toby Knott,Toby,Knott,"Vice President, Sales and Marketing",3,marketing_leader_fallback,US,2023-01-01,https://www.linkedin.com/company/heidelbergmaterials,Heidelberg Materials,ukeu_universe_candidate,DE
https://www.linkedin.com/in/koenraadstaels,Koenraad Staels,Koenraad,Staels,Head of Product & Marketing,3,marketing_leader_fallback,BE,2025-01-01,https://www.linkedin.com/company/heidelbergmaterials,Heidelberg Materials,ukeu_universe_candidate,DE
https://www.linkedin.com/in/conny-eck-a6b7b096,Conny Eck,Conny,Eck,Teamleiter Marketing & Kommunikation Deutschland,3,marketing_leader_fallback,DE,-,https://www.linkedin.com/company/heidelbergmaterials,Heidelberg Materials,ukeu_universe_candidate,DE
https://www.linkedin.com/in/king-zhang-171b1318b,King Zhang,King,Zhang,Regional Director of Sales And Marketing,3,marketing_leader_fallback,FR,2025-03-01,https://www.linkedin.com/company/heli-europe-headquarter-gmbh,HELI Europe Headquarter GmbH,ukeu_universe_candidate,DE
https://www.linkedin.com/in/sarah-b-0a02a7191,Sarah B.,Sarah,B.,Leiter Marketing,3,marketing_leader_fallback,DE,2013-09-01,https://www.linkedin.com/company/herbert-haenchen,Herbert Hänchen GmbH,ukeu_universe_candidate,DE
https://www.linkedin.com/in/deborah-mathiak,Déborah MATHIAK,Déborah,MATHIAK,Head Of Strategic Marketing,3,marketing_leader_fallback,FR,2021-09-01,https://www.linkedin.com/company/hermetic-pumpen-gmbh,HERMETIC-Pumpen GmbH,ukeu_universe_candidate,DE
https://www.linkedin.com/in/sanda-schaefer-42997215b,Sanda Schaefer,Sanda,Schaefer,Chief Marketing Officer,3,marketing_leader_fallback,AT,2021-01-01,https://www.linkedin.com/company/herz-armaturen-gesmbh,Herz Armaturen Ges.m.b.H.,ukeu_universe_candidate,AT
https://www.linkedin.com/in/matthias-oetting-83933019,Matthias Oetting,Matthias,Oetting,Global Marketing Director | Global Network Lead Marketing,1,channel_dealer_partner_program,DE,2023-10-01,https://www.linkedin.com/company/hettich-group,Hettich Group,ukeu_universe_candidate,DE
https://www.linkedin.com/in/andrea-bergamo-617b64164,Andrea Bergamo,Andrea,Bergamo,Group Head of Marketing FGV /HIT Head of Marketing HETTICH,3,marketing_leader_fallback,IT,2024-10-01,https://www.linkedin.com/company/hettich-group,Hettich Group,ukeu_universe_candidate,DE
https://www.linkedin.com/in/elke-meyer-72179ab8,Elke Meyer,Elke,Meyer,Head of Marketing Concepts,3,marketing_leader_fallback,DE,2024-06-01,https://www.linkedin.com/company/hettich-group,Hettich Group,ukeu_universe_candidate,DE
https://www.linkedin.com/in/jacob-steenhagen,Jacob Steenhagen,Jacob,Steenhagen,Network Operations Manager,1,channel_dealer_partner_program,US,1999-03-01,https://www.linkedin.com/company/hilite-international,Hilite International,ukeu_universe_candidate,DE
https://www.linkedin.com/in/laura-hendriks-b4895b7,Laura Hendriks,Laura,Hendriks,Director Marketing & Brand Communication,3,marketing_leader_fallback,NL,2025-01-01,https://www.linkedin.com/company/hitachi-construction-machinery-europe-nv,Hitachi Construction Machinery (Europe) NV (HCME),ukeu_universe_candidate,NL
https://www.linkedin.com/in/patrick-top-a83b72b,Patrick Top,Patrick,Top,Vice President Sales & Marketing bij Hitachi Construction Machinery (Europe) NV (HCME),3,marketing_leader_fallback,NL,-,https://www.linkedin.com/company/hitachi-construction-machinery-europe-nv,Hitachi Construction Machinery (Europe) NV (HCME),ukeu_universe_candidate,NL
https://www.linkedin.com/in/abigail-kearney-acim-488ab59a,Abigail Kearney (ACIM),Abigail,Kearney (ACIM),Marketing & Communications Manager,2,marketing_communications,GB,2023-04-01,https://www.linkedin.com/company/hitachi-construction-machinery-uk,Hitachi Construction Machinery (UK),ukeu_universe_candidate,GB
https://www.linkedin.com/in/florian-resch-a111891ab,Florian Resch,Florian,Resch,Leiter Marketing,3,marketing_leader_fallback,DE,2022-06-01,https://www.linkedin.com/company/hks-dreh-antriebe-gmbh,HKS Dreh-Antriebe GmbH,ukeu_universe_candidate,DE
https://www.linkedin.com/in/georg-gutsch-mba-77421799,"Georg Gutsch, MBA",Georg,"Gutsch, MBA",Head of Sales and Marketing,3,marketing_leader_fallback,DE,2026-01-01,https://www.linkedin.com/company/hks-dreh-antriebe-gmbh,HKS Dreh-Antriebe GmbH,ukeu_universe_candidate,DE
https://www.linkedin.com/in/claudia-koch-a87073218,Claudia Koch,Claudia,Koch,Manager Marketingkommunikation,2,marketing_communications,AT,2024-03-01,https://www.linkedin.com/company/hoerbiger,HOERBIGER,ukeu_universe_candidate,CH
https://www.linkedin.com/in/dominique-futterer-49b814b6,Dominique Futterer,Dominique,Futterer,Head of Global Marketing,3,marketing_leader_fallback,AT,2026-04-01,https://www.linkedin.com/company/hoerbiger,HOERBIGER,ukeu_universe_candidate,CH
https://www.linkedin.com/in/david-jacobs-2b65391b,David Jacobs,David,Jacobs,National Dealer Programme Manager,1,channel_dealer_partner_program,GB,2016-02-01,https://www.linkedin.com/company/honda-motor-europe-ltd,Honda Motor Europe Ltd,ukeu_universe_candidate,GB
https://www.linkedin.com/in/joe-froome-8a609741,Joe Froome,Joe,Froome,Honda Motor Europe Network & Commercial Department Manager,1,channel_dealer_partner_program,GB,2021-04-01,https://www.linkedin.com/company/honda-motor-europe-ltd,Honda Motor Europe Ltd,ukeu_universe_candidate,GB
https://www.linkedin.com/in/david-warr-77832426,David Warr,David,Warr,Head of European Network Operations,1,channel_dealer_partner_program,GB,2021-06-01,https://www.linkedin.com/company/honda-motor-europe-ltd,Honda Motor Europe Ltd,ukeu_universe_candidate,GB
https://www.linkedin.com/in/franco-de-benedetto-02007b9,Franco de Benedetto,Franco,de Benedetto,Dealer Development and BM Section Manager,1,channel_dealer_partner_program,IT,2024-06-01,https://www.linkedin.com/company/honda-motor-europe-ltd,Honda Motor Europe Ltd,ukeu_universe_candidate,GB
https://www.linkedin.com/in/david-hilari-23599040,David Hilari,David,Hilari,Sales & Dealer Development Section Manager (Car Division),1,channel_dealer_partner_program,ES,2024-05-01,https://www.linkedin.com/company/honda-motor-europe-ltd,Honda Motor Europe Ltd,ukeu_universe_candidate,GB
https://www.linkedin.com/in/raphael-redl-9769a0162,Raphael Redl,Raphael,Redl,"Dealer Development Manager Motorcycle Division, Central Europe",1,channel_dealer_partner_program,AT,2025-06-01,https://www.linkedin.com/company/honda-motor-europe-ltd,Honda Motor Europe Ltd,ukeu_universe_candidate,GB
https://www.linkedin.com/in/giuseppe-catavitello-67a23b30,Giuseppe Catavitello,Giuseppe,Catavitello,Distributor Business Development Department Manager,1,channel_dealer_partner_program,IT,2024-08-01,https://www.linkedin.com/company/honda-motor-europe-ltd,Honda Motor Europe Ltd,ukeu_universe_candidate,GB
https://www.linkedin.com/in/louise-mcmahon-5a537328,Louise McMahon,Louise,McMahon,Automotive Marketing Communications Section Manager,2,marketing_communications,GB,2020-01-01,https://www.linkedin.com/company/honda-motor-europe-ltd,Honda Motor Europe Ltd,ukeu_universe_candidate,GB
https://www.linkedin.com/in/guillaumevalladon,Guillaume V.,Guillaume,V.,Responsable Marketing et Communications Honda Marine France,2,marketing_communications,FR,2025-04-01,https://www.linkedin.com/company/honda-motor-europe-ltd,Honda Motor Europe Ltd,ukeu_universe_candidate,GB
https://www.linkedin.com/in/holly-skinner2,Holly Skinner,Holly,Skinner,Marketing Communication Section Manager- Power Products,2,marketing_communications,GB,2022-06-01,https://www.linkedin.com/company/honda-motor-europe-ltd,Honda Motor Europe Ltd,ukeu_universe_candidate,GB
https://www.linkedin.com/in/gwendoline-boulet-5336793a,Gwendoline Boulet,Gwendoline,Boulet,Responsable Produits marketing & communication,2,marketing_communications,FR,2012-01-01,https://www.linkedin.com/company/honda-motor-europe-ltd,Honda Motor Europe Ltd,ukeu_universe_candidate,GB
https://www.linkedin.com/in/fawaz-teffahi-7a697583,Fawaz Teffahi,Fawaz,Teffahi,Responsable Marketing Hors Média et Digital - Below the Line & Digital Marketing Specialist,3,marketing_leader_fallback,FR,-,https://www.linkedin.com/company/honda-motor-europe-ltd,Honda Motor Europe Ltd,ukeu_universe_candidate,GB
https://www.linkedin.com/in/guido-vaupel-8098348a,Guido Vaupel,Guido,Vaupel,Head of Marketing,3,marketing_leader_fallback,DE,2011-12-01,https://www.linkedin.com/company/transnorm-system,Honeywell Transnorm,ukeu_universe_candidate,DE
https://www.linkedin.com/in/szilardkelenfoldi,Szilard Kelenfoldi,Szilard,Kelenfoldi,Global IS - Network and Unified Communications Lead Engineer,1,channel_dealer_partner_program,HU,2022-01-01,https://www.linkedin.com/company/howden,"Howden, A Chart Industries Company",ukeu_universe_candidate,GB
https://www.linkedin.com/in/stefano-geronazzo-0346539,Stefano Geronazzo,Stefano,Geronazzo,Head of Sales & Marketing | NIBE Group,3,marketing_leader_fallback,IT,2024-09-01,https://www.linkedin.com/company/ht-spa,HT SpA,ukeu_universe_candidate,IT
https://www.linkedin.com/in/s-villeneuve,Stephanie Villeneuve,Stephanie,Villeneuve,Regional Marketing Manager - Europe Distributors - Forest and Garden,1,channel_dealer_partner_program,FR,2022-01-01,https://www.linkedin.com/company/husqvarnagroup,Husqvarna Group,ukeu_universe_candidate,SE
https://www.linkedin.com/in/alexandre-coquet-b68684a7,Alexandre Coquet,Alexandre,Coquet,Dealer & Network Development Manager - Europe,1,channel_dealer_partner_program,FR,2026-01-01,https://www.linkedin.com/company/husqvarnagroup,Husqvarna Group,ukeu_universe_candidate,SE
https://www.linkedin.com/in/matt-stangle-3283304,Matt Stangle,Matt,Stangle,Sr. Director Channel Strategy and Development,1,channel_dealer_partner_program,US,-,https://www.linkedin.com/company/husqvarnagroup,Husqvarna Group,ukeu_universe_candidate,SE
https://www.linkedin.com/in/tina-heinicke,Tina Heinicke,Tina,Heinicke,Global Senior Director Brand & Marketing | GARDENA Division,3,marketing_leader_fallback,DE,2023-07-01,https://www.linkedin.com/company/husqvarnagroup,Husqvarna Group,ukeu_universe_candidate,SE
https://www.linkedin.com/in/justynasobieraj,Justyna Sobieraj - Rudzińska,Justyna,Sobieraj - Rudzińska,Head of Marketing Eastern & Northern Europe - Gardena brand,3,marketing_leader_fallback,PL,2024-10-01,https://www.linkedin.com/company/husqvarnagroup,Husqvarna Group,ukeu_universe_candidate,SE
https://www.linkedin.com/in/christophe-nieuwenhuijsen-5062728b,Christophe Nieuwenhuijsen,Christophe,Nieuwenhuijsen,Responsable Marketing Produit,3,marketing_leader_fallback,FR,2024-02-01,https://www.linkedin.com/company/husqvarnagroup,Husqvarna Group,ukeu_universe_candidate,SE
https://www.linkedin.com/in/beata-catel-2401,Beata Catel,Beata,Catel,Responsable Trade Marketing,3,marketing_leader_fallback,FR,2021-11-01,https://www.linkedin.com/company/husqvarnagroup,Husqvarna Group,ukeu_universe_candidate,SE
https://www.linkedin.com/in/alextrimboli,Alexandria Trimboli,Alexandria,Trimboli,Sr. Director of Marketing,3,marketing_leader_fallback,US,2025-01-01,https://www.linkedin.com/company/husqvarnagroup,Husqvarna Group,ukeu_universe_candidate,SE
https://www.linkedin.com/in/carla-pays-641bb2269,Carla Pays,Carla,Pays,Responsable marketing et communication,2,marketing_communications,FR,2025-08-01,https://www.linkedin.com/company/hyd&au-sas,HYD&AU,ukeu_universe_candidate,FR
https://www.linkedin.com/in/svenja-hartmann,Svenja H.,Svenja,H.,Head of Global Digital Marketing & Co-Head Global eCommerce,3,marketing_leader_fallback,DE,2024-08-01,https://www.linkedin.com/company/hydacgroup,HYDAC Group,ukeu_universe_candidate,DE
https://www.linkedin.com/in/christopher-kolbe,Christopher Kolbe,Christopher,Kolbe,Senior Vice President of Sales & Marketing,3,marketing_leader_fallback,US,2025-11-01,https://www.linkedin.com/company/hydacgroup,HYDAC Group,ukeu_universe_candidate,DE
https://www.linkedin.com/in/dr-nora-n%c3%a4gele-65b6aa155,Dr. Nora Nägele,Dr. Nora,Nägele,Leiter Marketing und Innovations-Management,3,marketing_leader_fallback,DE,2021-08-01,https://www.linkedin.com/company/hydacgroup,HYDAC Group,ukeu_universe_candidate,DE
https://www.linkedin.com/in/gustavo-mendoza-4b2352272,Gustavo Mendoza,Gustavo,Mendoza,Responsable de marketing,3,marketing_leader_fallback,ES,2021-03-01,https://www.linkedin.com/company/hydacgroup,HYDAC Group,ukeu_universe_candidate,DE
https://www.linkedin.com/in/ralf-leinenbach-077806238,Ralf Leinenbach,Ralf,Leinenbach,Vice President Sales & Marketing,3,marketing_leader_fallback,DE,-,https://www.linkedin.com/company/hydacgroup,HYDAC Group,ukeu_universe_candidate,DE
https://www.linkedin.com/in/karinbjelkesjo,Karin Bjelkesjö,Karin,Bjelkesjö,Head of Group Marketing,3,marketing_leader_fallback,SE,2025-10-01,https://www.linkedin.com/company/hydroscand-group,Hydroscand Group,ukeu_universe_candidate,SE
https://www.linkedin.com/in/maria-garcia-recalde-30043a5b,Maria Garcia Recalde,Maria,Garcia Recalde,Responsable de marketing,3,marketing_leader_fallback,ES,2021-02-01,https://www.linkedin.com/company/icer-brakes,Icer Brakes,ukeu_universe_candidate,ES
https://www.linkedin.com/in/suzannepinchin,"Suzanne Pinchin, Chartered Marketer",Suzanne,"Pinchin, Chartered Marketer",Head of Marketing,3,marketing_leader_fallback,GB,2023-08-01,https://www.linkedin.com/company/ics-temperature-control,ICS Cool Energy,ukeu_universe_candidate,GB
https://www.linkedin.com/in/rebecca-watson-prprof,Rebecca Watson,Rebecca,Watson,Head of Marketing Communications,2,marketing_communications,GB,2023-01-01,https://www.linkedin.com/company/ideagen,Ideagen,ukeu_universe_candidate,GB
https://www.linkedin.com/in/pattimoranglobalmarketing,"Patti Moran, MBA",Patti,"Moran, MBA","Vice President, Marketing Americas and APAC",3,marketing_leader_fallback,US,2025-01-01,https://www.linkedin.com/company/ideagen,Ideagen,ukeu_universe_candidate,GB
https://www.linkedin.com/in/viviennemaclaren,Vivienne MacLaren FCIM,Vivienne,MacLaren FCIM,"VP Global Marketing - Audit, Risk & Compliance, Member of the Leadership Team",3,marketing_leader_fallback,GB,-,https://www.linkedin.com/company/ideagen,Ideagen,ukeu_universe_candidate,GB
https://www.linkedin.com/in/webbmarc,Marc Webb,Marc,Webb,Head of Marketing - Compliance,3,marketing_leader_fallback,GB,2026-05-01,https://www.linkedin.com/company/ideagen,Ideagen,ukeu_universe_candidate,GB
https://www.linkedin.com/in/emilybakergaunt,Emily Phillips,Emily,Phillips,"Head of Marketing, Aviation",3,marketing_leader_fallback,GB,2026-07-01,https://www.linkedin.com/company/ideagen,Ideagen,ukeu_universe_candidate,GB
https://www.linkedin.com/in/michelle-mimms,Michelle Mimms,Michelle,Mimms,Head of Marketing,3,marketing_leader_fallback,GB,2026-05-01,https://www.linkedin.com/company/ideagen,Ideagen,ukeu_universe_candidate,GB
https://www.linkedin.com/in/marcothull,Marco Thull,Marco,Thull,Head of Marketing,3,marketing_leader_fallback,DE,-,https://www.linkedin.com/company/igus-se-co-kg,igus SE & Co. KG,ukeu_universe_candidate,DE
https://www.linkedin.com/in/daniel-quick-755b341b6,Daniel Quick,Daniel,Quick,Head of Marketing / Vice President,3,marketing_leader_fallback,DE,2026-03-01,https://www.linkedin.com/company/igus-se-co-kg,igus SE & Co. KG,ukeu_universe_candidate,DE
https://www.linkedin.com/in/fernando-matos-4859b17b,Fernando Matos,Fernando,Matos,Head of Online Marketing,3,marketing_leader_fallback,DE,2019-04-01,https://www.linkedin.com/company/igus-se-co-kg,igus SE & Co. KG,ukeu_universe_candidate,DE
https://www.linkedin.com/in/ginobos,Gino Bos,Gino,Bos,Director of Global Sales & Marketing,3,marketing_leader_fallback,BE,2022-10-01,https://www.linkedin.com/company/ig-watteeuw-international,IGW,ukeu_universe_candidate,BE
https://www.linkedin.com/in/priyavrath-kathavi-949aa9b,Priyavrath Kathavi,Priyavrath,Kathavi,"Managing Director & VP Sales , Marketing",3,marketing_leader_fallback,NL,2024-07-01,https://www.linkedin.com/company/imi,IMI,ukeu_universe_candidate,GB
https://www.linkedin.com/in/mikeparzych,Mike Parzych,Mike,Parzych,Director of Marketing,3,marketing_leader_fallback,US,2026-01-01,https://www.linkedin.com/company/imi,IMI,ukeu_universe_candidate,GB
https://www.linkedin.com/in/brian-lacy-00b7b04,Brian Lacy,Brian,Lacy,Director of Marketing,3,marketing_leader_fallback,US,-,https://www.linkedin.com/company/imi,IMI,ukeu_universe_candidate,GB
https://www.linkedin.com/in/vanessa-prost-5a85b3b6,Vanessa PROST,Vanessa,PROST,Marketing & Communication manager for France Spain Italy,2,marketing_communications,FR,2025-01-01,https://www.linkedin.com/company/imi-climate-control,IMI Climate Control,ukeu_universe_candidate,CH
https://www.linkedin.com/in/nathalie-constant-djourno-913287b2,Nathalie CONSTANT-DJOURNO,Nathalie,CONSTANT-DJOURNO,Responsable marketing France,3,marketing_leader_fallback,FR,-,https://www.linkedin.com/company/imi-climate-control,IMI Climate Control,ukeu_universe_candidate,CH
https://www.linkedin.com/in/jos%c3%a9-v%c3%adlchez-738777158,José Vílchez,José,Vílchez,Director Técnico y Marketing,3,marketing_leader_fallback,ES,2008-03-01,https://www.linkedin.com/company/imi-climate-control,IMI Climate Control,ukeu_universe_candidate,CH
https://www.linkedin.com/in/j%c3%b6rg-k%c3%b6ster-6895a9205,Jörg Köster,Jörg,Köster,Business Development Manager EMEA materials + material handling; intrm. Leader Distribution DACH,1,channel_dealer_partner_program,DE,2023-12-01,https://www.linkedin.com/company/norgren,IMI Industrial Automation,ukeu_universe_candidate,GB
https://www.linkedin.com/in/jezashton,Jez Ashton,Jez,Ashton,Director of Digital & Marketing,3,marketing_leader_fallback,GB,2024-01-01,https://www.linkedin.com/company/norgren,IMI Industrial Automation,ukeu_universe_candidate,GB
https://www.linkedin.com/in/john-anderson-ba20536,John Anderson,John,Anderson,"Vice President of Sales, Marketing and Product Development",3,marketing_leader_fallback,US,2023-10-01,https://www.linkedin.com/company/norgren,IMI Industrial Automation,ukeu_universe_candidate,GB
https://www.linkedin.com/in/yogini-pekarskis-1714133b,Yogini Pekarskis,Yogini,Pekarskis,"Business Development & Channel Partner Manager, EMEA",1,channel_dealer_partner_program,GB,2024-06-01,https://www.linkedin.com/company/imi-process-automation,IMI Process Automation,ukeu_universe_candidate,GB
https://www.linkedin.com/in/andytopliffe,Andy Topliffe,Andy,Topliffe,Marketing & Communications Director,2,marketing_communications,GB,2021-04-01,https://www.linkedin.com/company/imi-process-automation,IMI Process Automation,ukeu_universe_candidate,GB
https://www.linkedin.com/in/anna-butiny%c3%a0-rami%c3%b3-04461411b,Anna Butinyà Ramió,Anna,Butinyà Ramió,Marketing Communications Manager,2,marketing_communications,ES,2017-01-01,https://www.linkedin.com/company/inoxpa,INOXPA,ukeu_universe_candidate,ES
https://www.linkedin.com/in/daniel-riek-609a4986,Daniel Riek,Daniel,Riek,Business Development Manager: Partnerships,1,channel_dealer_partner_program,DE,2024-10-01,https://www.linkedin.com/company/instagrid,Instagrid,ukeu_universe_candidate,DE
https://www.linkedin.com/in/sophia-gantenbein-08283114a,Sophia Gantenbein,Sophia,Gantenbein,Head of Brand Partnerships,1,channel_dealer_partner_program,DE,-,https://www.linkedin.com/company/instagrid,Instagrid,ukeu_universe_candidate,DE
https://www.linkedin.com/in/alexandraandrews,Alexandra Andrews,Alexandra,Andrews,VP Marketing,3,marketing_leader_fallback,GB,2025-09-01,https://www.linkedin.com/company/instagrid,Instagrid,ukeu_universe_candidate,DE
https://www.linkedin.com/in/elo%c3%adsa-garc%c3%ada-vel%c3%a1zquez-b2031755,Eloísa García Velázquez,Eloísa,García Velázquez,Responsable de Marketing y Comunicación,2,marketing_communications,ES,2016-04-01,https://www.linkedin.com/company/intarcon,INTARCON,ukeu_universe_candidate,ES
https://www.linkedin.com/in/giuliobassi,Giulio Bassi,Giulio,Bassi,"Director, Corporate Marketing & Sales Excellence",3,marketing_leader_fallback,IT,2024-11-01,https://www.linkedin.com/company/interroll,Interroll Group,ukeu_universe_candidate,CH
https://www.linkedin.com/in/stephaan-maes-16533358,Stephaan Maes,Stephaan,Maes,Sales Director Western Europe & Global Marketing Strategist,3,marketing_leader_fallback,BE,2026-03-01,https://www.linkedin.com/company/intertec-hess-gmbh,INTERTEC-Hess GmbH,ukeu_universe_candidate,DE
https://www.linkedin.com/in/andrea-altinier-a428ab28,Andrea Altinier,Andrea,Altinier,Responsabile comunicazione e relazioni esterne,2,marketing_communications,IT,2023-02-01,https://www.linkedin.com/company/irinox-spa,IRINOX SpA - Società Benefit,ukeu_universe_candidate,IT
https://www.linkedin.com/in/niclas-schubert-69ba993,Niclas Schubert,Niclas,Schubert,SVP Sales & Marketing Europe,3,marketing_leader_fallback,SE,2026-02-01,https://www.linkedin.com/company/iv-produkt-ab,IV Produkt,ukeu_universe_candidate,SE
https://www.linkedin.com/in/bj%c3%b6rn-fredriksson-6872a731,Björn Fredriksson,Björn,Fredriksson,SVP Sales & Marketing,3,marketing_leader_fallback,SE,2008-03-01,https://www.linkedin.com/company/iv-produkt-ab,IV Produkt,ukeu_universe_candidate,SE
https://www.linkedin.com/in/paola-tagliani-a4339572,Paola Tagliani,Paola,Tagliani,Responsabile Ufficio Marketing e Comunicazione,2,marketing_communications,IT,2012-10-01,https://www.linkedin.com/company/ivar-spa,IVAR GROUP,ukeu_universe_candidate,IT
https://www.linkedin.com/in/polina-arienti-30ba222,Polina Arienti,Polina,Arienti,Franchise Network Director UK & RoI,1,channel_dealer_partner_program,GB,2023-06-01,https://www.linkedin.com/company/iveco-group,Iveco Group,ukeu_universe_candidate,IT
https://www.linkedin.com/in/federico-sorvillo-592179,Federico Sorvillo,Federico,Sorvillo,Global Sales and After Sales Network Development Director for IVECO and IVECOBUS,1,channel_dealer_partner_program,IT,2022-01-01,https://www.linkedin.com/company/iveco-group,Iveco Group,ukeu_universe_candidate,IT
https://www.linkedin.com/in/cristina-rusnac-ba28987b,Cristina Rusnac,Cristina,Rusnac,Global Performance and Succession | Development Partner,1,channel_dealer_partner_program,GB,2026-01-01,https://www.linkedin.com/company/iveco-group,Iveco Group,ukeu_universe_candidate,IT
https://www.linkedin.com/in/paula-carulla-fern%c3%a1ndez-73bb9b122,Paula Carulla Fernández,Paula,Carulla Fernández,Responsable Comunicación y Redes Sociales Iveco Group España,2,marketing_communications,ES,2022-01-01,https://www.linkedin.com/company/iveco-group,Iveco Group,ukeu_universe_candidate,IT
https://www.linkedin.com/in/marine-barbit-mathon-06258265,Marine Barbit Mathon,Marine,Barbit Mathon,Responsable marketing événements et expériences,3,marketing_leader_fallback,FR,2022-12-01,https://www.linkedin.com/company/iveco-group,Iveco Group,ukeu_universe_candidate,IT
https://www.linkedin.com/in/davide-dagri,Davide Dagri,Davide,Dagri,Head of Marketing Truck Business Unit at Iveco Group,3,marketing_leader_fallback,IT,2026-01-01,https://www.linkedin.com/company/iveco-group,Iveco Group,ukeu_universe_candidate,IT
https://www.linkedin.com/in/imane-bennis,Imane Bennis,Imane,Bennis,"DIRECTEUR MARKETING, COMMUNICATION ET STRATEGIE OFFRE PRODUIT",3,marketing_leader_fallback,FR,2022-04-01,https://www.linkedin.com/company/iveco-group,Iveco Group,ukeu_universe_candidate,IT
https://www.linkedin.com/in/codegone,Norberto Codegone,Norberto,Codegone,HEAD of PRODUCT MARKETING - Heavy Trucks (30kunits/y),3,marketing_leader_fallback,IT,2022-11-01,https://www.linkedin.com/company/iveco-group,Iveco Group,ukeu_universe_candidate,IT
https://www.linkedin.com/in/hirschnico,Nico Hirsch,Nico,Hirsch,Vice President Sales & Marketing,3,marketing_leader_fallback,DE,2019-01-01,https://www.linkedin.com/company/iwis,iwis,ukeu_universe_candidate,DE
https://www.linkedin.com/in/andre-rohde-5a1a0b168,Andre Rohde,Andre,Rohde,"Head of Sales, Marketing and Order Processing",3,marketing_leader_fallback,DE,2017-12-01,https://www.linkedin.com/company/j-d-neuhaus-gmbh-&-co-kg,J.D. NEUHAUS Group,ukeu_universe_candidate,DE
https://www.linkedin.com/in/andrea-belloni-gka,Andrea Belloni,Andrea,Belloni,Head of Sales & Marketing,3,marketing_leader_fallback,IT,2025-10-01,https://www.linkedin.com/company/jjuan,J.JUAN,ukeu_universe_candidate,ES
https://www.linkedin.com/in/pierre-emmanuel-jean-louis-9aa870209,Pierre-Emmanuel Jean-Louis,Pierre-Emmanuel,Jean-Louis,Directeur général ventes marketing,3,marketing_leader_fallback,FR,2021-12-01,https://www.linkedin.com/company/jeumont-electric,JEUMONT Electric,ukeu_universe_candidate,FR
https://www.linkedin.com/in/tinapaul,Tina Paul,Tina,Paul,Channel marketing and sales enablement Manager,1,channel_dealer_partner_program,GB,2025-10-01,https://www.linkedin.com/company/john-crane,John Crane,ukeu_universe_candidate,GB
https://www.linkedin.com/in/cornette-fletcher-a2617134,Cornette Fletcher,Cornette,Fletcher,Global Marketing Communications Manager,2,marketing_communications,GB,2025-04-01,https://www.linkedin.com/company/john-crane,John Crane,ukeu_universe_candidate,GB
https://www.linkedin.com/in/alexandra-middleton-3754365,Alexandra Middleton,Alexandra,Middleton,"VP Marketing, Portfolio & Pricing",3,marketing_leader_fallback,GB,2025-08-01,https://www.linkedin.com/company/john-crane,John Crane,ukeu_universe_candidate,GB
https://www.linkedin.com/in/dr-endora-comer-arldt,Dr. Endora Comer-Arldt,Dr. Endora,Comer-Arldt,Global Head of Marketing,3,marketing_leader_fallback,DE,2023-10-01,https://www.linkedin.com/company/jost-world,JOST World,ukeu_universe_candidate,DE
https://www.linkedin.com/in/kirsty-mckellar-7457a159,Kirsty McKellar,Kirsty,McKellar,"Head of Public Affairs, Communications & Marketing",2,marketing_communications,GB,2025-05-01,https://www.linkedin.com/company/jtl,JTL,ukeu_universe_candidate,GB
https://www.linkedin.com/in/alexander-hundertpfund-33b83174,Alexander Hundertpfund,Alexander,Hundertpfund,Head of Marketing & PR,3,marketing_leader_fallback,DE,2018-09-01,https://www.linkedin.com/company/julabo-gmbh,JULABO GmbH,ukeu_universe_candidate,DE
https://www.linkedin.com/in/kempf-gregor-66129015b,Kempf Gregor,Kempf,Gregor,Stellvertretender Leiter Marketing & PR,3,marketing_leader_fallback,DE,2012-01-01,https://www.linkedin.com/company/julabo-gmbh,JULABO GmbH,ukeu_universe_candidate,DE
https://www.linkedin.com/in/gunnar-wippersteg,Gunnar Wippersteg,Gunnar,Wippersteg,Leiter Marketing Water Disposal International,3,marketing_leader_fallback,DE,2024-11-01,https://www.linkedin.com/company/jung-pumpen-gmbh,Jung Pumpen GmbH,ukeu_universe_candidate,DE
https://www.linkedin.com/in/anna-mahr-geb-ananyeva-7b2a53125,"Anna Mahr, geb. Ananyeva",Anna,"Mahr, geb. Ananyeva",Busines Partner Forschung und Entwicklung,1,channel_dealer_partner_program,DE,2023-01-01,https://www.linkedin.com/company/jungheinrich-ag,Jungheinrich,ukeu_universe_candidate,DE
https://www.linkedin.com/in/garvin-kersting,Garvin Kersting,Garvin,Kersting,Senior Director Global eBusiness and Director Global Digital Marketing,3,marketing_leader_fallback,DE,2025-01-01,https://www.linkedin.com/company/jungheinrich-ag,Jungheinrich,ukeu_universe_candidate,DE
https://www.linkedin.com/in/fabian-sockel-76924883,Fabian Sockel,Fabian,Sockel,Director Marketing Technologies,3,marketing_leader_fallback,DE,2026-04-01,https://www.linkedin.com/company/jungheinrich-ag,Jungheinrich,ukeu_universe_candidate,DE
https://www.linkedin.com/in/sarahrottschaefer,Sarah Rottschäfer,Sarah,Rottschäfer,Head of Performance Marketing,3,marketing_leader_fallback,DE,2026-01-01,https://www.linkedin.com/company/jungheinrich-ag,Jungheinrich,ukeu_universe_candidate,DE
https://www.linkedin.com/in/alexander-rogge-357058232,Alexander Rogge,Alexander,Rogge,Head of Product Management & Marketing - Customer Driven Solutions,3,marketing_leader_fallback,DE,2025-05-01,https://www.linkedin.com/company/jungheinrich-ag,Jungheinrich,ukeu_universe_candidate,DE
https://www.linkedin.com/in/marcel-kaiser-91b75a15a,Marcel Kaiser,Marcel,Kaiser,Director Business Development & Marketing,3,marketing_leader_fallback,DE,2023-01-01,https://www.linkedin.com/company/kaco-gmbh-co-kg,KACO GmbH + Co. KG,ukeu_universe_candidate,DE
https://www.linkedin.com/in/stefanie-beierlein-29159489,Stefanie Beierlein,Stefanie,Beierlein,Head of Marketing Services Germany,3,marketing_leader_fallback,DE,2024-03-01,https://www.linkedin.com/company/kaeser-kompressoren,KAESER KOMPRESSOREN,ukeu_universe_candidate,DE
https://www.linkedin.com/in/maija-ekl%c3%b6f,Maija Eklöf,Maija,Eklöf,VP Dealer Management and Business Development,1,channel_dealer_partner_program,FI,2025-04-01,https://www.linkedin.com/company/kalmar,Kalmar,ukeu_universe_candidate,FI
https://www.linkedin.com/in/anna-lyytik%c3%a4inen-13474b44,Anna Lyytikäinen,Anna,Lyytikäinen,"Senior Manager, Dealer Business Development",1,channel_dealer_partner_program,FI,2023-08-01,https://www.linkedin.com/company/kalmar,Kalmar,ukeu_universe_candidate,FI
https://www.linkedin.com/in/james-bouldin,James Bouldin,James,Bouldin,VP Dealer Development,1,channel_dealer_partner_program,US,2024-05-01,https://www.linkedin.com/company/kalmar,Kalmar,ukeu_universe_candidate,FI
https://www.linkedin.com/in/henry-mantere-a730153,Henry Mantere,Henry,Mantere,"Manager, Network Services",1,channel_dealer_partner_program,FI,2024-04-01,https://www.linkedin.com/company/kalmar,Kalmar,ukeu_universe_candidate,FI
https://www.linkedin.com/in/cfmurray,Cristina Murray,Cristina,Murray,"Director, Marketing & Communications for Terminal Tractors, Kalmar",2,marketing_communications,US,2025-11-01,https://www.linkedin.com/company/kalmar,Kalmar,ukeu_universe_candidate,FI
https://www.linkedin.com/in/rebeccanielsenmarcom,Rebecca Nielsen,Rebecca,Nielsen,"Senior Marketing & Communication Manager, Services",2,marketing_communications,SE,-,https://www.linkedin.com/company/kalmar,Kalmar,ukeu_universe_candidate,FI
https://www.linkedin.com/in/noora-kulmala,Noora Kulmala,Noora,Kulmala,Director of Marketing Operations,3,marketing_leader_fallback,FI,2023-03-01,https://www.linkedin.com/company/kalmar,Kalmar,ukeu_universe_candidate,FI
https://www.linkedin.com/in/ainoleenajuutinen,Aino-Leena Juutinen,Aino-Leena,Juutinen,"Director, Marketing and Communications, Counterbalanced",3,marketing_leader_fallback,FI,2025-04-01,https://www.linkedin.com/company/kalmar,Kalmar,ukeu_universe_candidate,FI
https://www.linkedin.com/in/annika-ahlholm,Annika Ahlholm,Annika,Ahlholm,VP Brand and Marketing,3,marketing_leader_fallback,FI,2025-09-01,https://www.linkedin.com/company/kalmar,Kalmar,ukeu_universe_candidate,FI
https://www.linkedin.com/in/jan-matthes-585a761b6,Jan Matthes,Jan,Matthes,Leiter Marketing und Kommunikation,3,marketing_leader_fallback,DE,-,https://www.linkedin.com/company/kampmann-group,Kampmann Group,ukeu_universe_candidate,DE
https://www.linkedin.com/in/frederik-vollmer,Frederik Vollmer,Frederik,Vollmer,Head of Marketing,3,marketing_leader_fallback,DE,-,https://www.linkedin.com/company/kampmann-group,Kampmann Group,ukeu_universe_candidate,DE
https://www.linkedin.com/in/belma-tabak-h%c3%b6rnkvist,Belma Tabak Hörnkvist,Belma,Tabak Hörnkvist,Marketing Communication Manager,2,marketing_communications,SE,2026-03-01,https://www.linkedin.com/company/kanthal,Kanthal,ukeu_universe_candidate,SE
https://www.linkedin.com/in/ada-fast,"Ada Fast-Iloduba, MBA",Ada,"Fast-Iloduba, MBA",CMO - Head of Corporate Marketing & Communications,2,marketing_communications,AT,2025-04-01,https://www.linkedin.com/company/kardex,Kardex,ukeu_universe_candidate,CH
https://www.linkedin.com/in/turrinivalentina,Valentina Turrini,Valentina,Turrini,"Regional Director Marketing & Communication, North West and South Europe at Kardex",2,marketing_communications,IT,2024-01-01,https://www.linkedin.com/company/kardex,Kardex,ukeu_universe_candidate,CH
https://www.linkedin.com/in/lisafrench15,Lisa French,Lisa,French,Regional Director Marketing & Communication - Kardex Solutions,2,marketing_communications,US,2025-01-01,https://www.linkedin.com/company/kardex,Kardex,ukeu_universe_candidate,CH
https://www.linkedin.com/in/aline-sauvajon,Aline Sauvajon,Aline,Sauvajon,Responsable Marketing Communication,2,marketing_communications,FR,2020-04-01,https://www.linkedin.com/company/kardex,Kardex,ukeu_universe_candidate,CH
https://www.linkedin.com/in/christinamdube,Christina Dube,Christina,Dube,Director of Marketing - Americas,3,marketing_leader_fallback,US,-,https://www.linkedin.com/company/kardex,Kardex,ukeu_universe_candidate,CH
https://www.linkedin.com/in/stefanieuni,Stefanie Uni,Stefanie,Uni,Global Head of Marketing Mlog,3,marketing_leader_fallback,NL,2025-01-01,https://www.linkedin.com/company/kardex,Kardex,ukeu_universe_candidate,CH
https://www.linkedin.com/in/brook-hopper,Brook Hopper,Brook,Hopper,Director of Marketing - North America,3,marketing_leader_fallback,US,2025-01-01,https://www.linkedin.com/company/katadyngroup,Katadyn Group,ukeu_universe_candidate,CH
https://www.linkedin.com/in/dkappmeyer,Daniel Kappmeyer,Daniel,Kappmeyer,Head of Social Media /Online Marketing,3,marketing_leader_fallback,DE,2021-10-01,https://www.linkedin.com/company/keb-automation,KEB Automation KG,ukeu_universe_candidate,DE
https://www.linkedin.com/in/mh-eva-40871179,Mh Eva,Mh,Eva,Head of marketing communications,2,marketing_communications,AT,2006-01-01,https://www.linkedin.com/company/keba-group,KEBA Group,ukeu_universe_candidate,AT
https://www.linkedin.com/in/magdanion,Magdalena Nion Barabanova,Magdalena,Nion Barabanova,Responsable Marketing Régional - France,3,marketing_leader_fallback,FR,2023-02-01,https://www.linkedin.com/company/keba-group,KEBA Group,ukeu_universe_candidate,AT
https://www.linkedin.com/in/lisa-weilharter-99202993,Lisa Weilharter,Lisa,Weilharter,Head of Marketing KEBA Energy Automation,3,marketing_leader_fallback,AT,2025-03-01,https://www.linkedin.com/company/keba-group,KEBA Group,ukeu_universe_candidate,AT
https://www.linkedin.com/in/marcelassmann,Marcel Aßmann,Marcel,Aßmann,VP Marketing & Communication,2,marketing_communications,DE,-,https://www.linkedin.com/company/kelvionhx,Kelvion,ukeu_universe_candidate,DE
https://www.linkedin.com/in/benoit-louis,benoit LOUIS,benoit,LOUIS,Directeur commercial et marketing,3,marketing_leader_fallback,FR,2020-03-01,https://www.linkedin.com/company/kelvionhx,Kelvion,ukeu_universe_candidate,DE
https://www.linkedin.com/in/daniel-osterloh-bb445b1b4,Daniel Osterloh,Daniel,Osterloh,Head of Sales & Marketing,3,marketing_leader_fallback,DE,2022-01-01,https://www.linkedin.com/company/kemmler-electronic-gmbh,KEMMLER Electronic GmbH,ukeu_universe_candidate,DE
https://www.linkedin.com/in/tarja-runsten-7238a88,Tarja Runsten,Tarja,Runsten,Head of Global Marketing and Communication,3,marketing_leader_fallback,FI,2022-02-01,https://www.linkedin.com/company/kemppi-oy,Kemppi,ukeu_universe_candidate,FI
https://www.linkedin.com/in/jurgenboelaars,Jurgen Boelaars,Jurgen,Boelaars,"Vice President - Sales, Marketing & Service",3,marketing_leader_fallback,NL,2026-07-01,https://www.linkedin.com/company/kemppi-oy,Kemppi,ukeu_universe_candidate,FI
https://www.linkedin.com/in/konark-sharma-87646613a,KONARK SHARMA,KONARK,SHARMA,Head of Sales and Marketing,3,marketing_leader_fallback,US,2025-03-01,https://www.linkedin.com/company/kendrion,Kendrion,ukeu_universe_candidate,NL
https://www.linkedin.com/in/ignace-dupon-b07863,Ignace Dupon,Ignace,Dupon,VP Sales & Marketing,3,marketing_leader_fallback,FR,-,https://www.linkedin.com/company/keopsys,Keopsys by LUMIBIRD,ukeu_universe_candidate,FR
https://www.linkedin.com/in/amit-verma-21140b137,Amit Verma,Amit,Verma,Head of Sales & Marketing,3,marketing_leader_fallback,US,2020-08-01,https://www.linkedin.com/company/kessler-co-gmbh-co-kg,Kessler + Co,ukeu_universe_candidate,DE
https://www.linkedin.com/in/christian-v%c3%b6ttiner-64810817,Christian Vöttiner,Christian,Vöttiner,Head of Marketing,3,marketing_leader_fallback,DE,2024-04-01,https://www.linkedin.com/company/keuco-official,KEUCO official,ukeu_universe_candidate,DE
https://www.linkedin.com/in/nataliamorozova-ua,Nataliamorozova Ua,Nataliamorozova,Ua,Marketing Communications Manager,2,marketing_communications,DE,2022-04-01,https://www.linkedin.com/company/kiongroup,KION Group,ukeu_universe_candidate,DE
https://www.linkedin.com/in/loreno-leri-b40447a,Loreno Leri,Loreno,Leri,Director Strategic Marketing KION Industrial Trucks & Services Italy,3,marketing_leader_fallback,IT,2021-01-01,https://www.linkedin.com/company/kiongroup,KION Group,ukeu_universe_candidate,DE
https://www.linkedin.com/in/matteo-ramadori-63215b43,Matteo Ramadori,Matteo,Ramadori,Head of Marketing Intelligence,3,marketing_leader_fallback,IT,2026-01-01,https://www.linkedin.com/company/kiongroup,KION Group,ukeu_universe_candidate,DE
https://www.linkedin.com/in/springer-daniel,Daniel Springer,Daniel,Springer,"Director BPM Marketing and Sales, Business Transformation",3,marketing_leader_fallback,DE,2022-11-01,https://www.linkedin.com/company/kiongroup,KION Group,ukeu_universe_candidate,DE
https://www.linkedin.com/in/jasmin-ladinig,Jasmin Ladinig,Jasmin,Ladinig,Head of Group Marketing & Communications,2,marketing_communications,AT,2025-09-01,https://www.linkedin.com/company/klinger-holding,KLINGER Holding,ukeu_universe_candidate,AT
https://www.linkedin.com/in/pascalschepens,"Pascal Schepens, MSc.",Pascal,"Schepens, MSc.",Head Of Marketing,3,marketing_leader_fallback,NL,2021-09-01,https://www.linkedin.com/company/knapentrailers,Knapen Trailers,ukeu_universe_candidate,NL
https://www.linkedin.com/in/ralfbeckmann,Ralf Beckmann,Ralf,Beckmann,Vice President Sales and Marketing,3,marketing_leader_fallback,DE,2017-12-01,https://www.linkedin.com/company/knick-elektronische-messger-te-gmbh-&-co-kg,Knick Elektronische Messgeräte GmbH & Co. KG,ukeu_universe_candidate,DE
https://www.linkedin.com/in/normanroenz,Norman Rönz,Norman,Rönz,Head of Marketing and Documentation,3,marketing_leader_fallback,DE,2024-07-01,https://www.linkedin.com/company/knick-elektronische-messger-te-gmbh-&-co-kg,Knick Elektronische Messgeräte GmbH & Co. KG,ukeu_universe_candidate,DE
https://www.linkedin.com/in/rudolf-ober-b1b1816b,Rudolf Ober,Rudolf,Ober,Head of Sales & Marketing Trailer & SOE Europe Central,3,marketing_leader_fallback,DE,2019-09-01,https://www.linkedin.com/company/knorr-bremse,Knorr-Bremse,ukeu_universe_candidate,DE
https://www.linkedin.com/in/hannah-guedj,Hannah GUEDJ,Hannah,GUEDJ,Responsable Marketing et Pricing France,3,marketing_leader_fallback,IE,2021-12-01,https://www.linkedin.com/company/knorr-bremse,Knorr-Bremse,ukeu_universe_candidate,DE
https://www.linkedin.com/in/ben-smith-8868b676,Ben Smith,Ben,Smith,Senior Channel Marketing Manager - Specification,1,channel_dealer_partner_program,GB,2025-01-01,https://www.linkedin.com/company/kohler-mira-ltd,Kohler Mira Ltd.,ukeu_universe_candidate,GB
https://www.linkedin.com/in/barry-scanlon-672366b8,Barry Scanlon,Barry,Scanlon,Senior Channel Marketing Manager - Specification,1,channel_dealer_partner_program,GB,-,https://www.linkedin.com/company/kohler-mira-ltd,Kohler Mira Ltd.,ukeu_universe_candidate,GB
https://www.linkedin.com/in/ben-smith-0bab46281,Ben Smith,Ben,Smith,Channel Marketing Manager,1,channel_dealer_partner_program,GB,-,https://www.linkedin.com/company/kohler-mira-ltd,Kohler Mira Ltd.,ukeu_universe_candidate,GB
https://www.linkedin.com/in/tim-bogatenko-03aa1827,Tim Bogatenko,Tim,Bogatenko,Distribution Development Manager,1,channel_dealer_partner_program,SE,2025-02-01,https://www.linkedin.com/company/komatsu-forest,Komatsu Forest,ukeu_universe_candidate,SE
https://www.linkedin.com/in/dr-ing-thomas-jordan-60bb78180,Dr.-Ing. Thomas Jordan,Dr.-Ing. Thomas,Jordan,Senior Manager Marketing Communications,2,marketing_communications,DE,2025-01-01,https://www.linkedin.com/company/komatsu-germany-gmbh-mining-division,Komatsu Germany GmbH - Mining Division,ukeu_universe_candidate,DE
https://www.linkedin.com/in/bernd-dieter-walter,Bernd Walter,Bernd,Walter,Department Manager Marketing & Communications,2,marketing_communications,AT,2023-01-01,https://www.linkedin.com/company/komptech-gmbh,KOMPTECH GmbH,ukeu_universe_candidate,AT
https://www.linkedin.com/in/cindy-shi-87632326,Cindy Shi,Cindy,Shi,"Marketing Manager, BU Port Services, Global (Head of Business Unit Marketing & Communications)",2,marketing_communications,FI,2018-05-01,https://www.linkedin.com/company/konecranes,Konecranes,ukeu_universe_candidate,FI
https://www.linkedin.com/in/tamaraordieres,Tamara Viña Ordieres,Tamara,Viña Ordieres,"Marketing & Communication Manager, EMEA South",2,marketing_communications,ES,2024-10-01,https://www.linkedin.com/company/konecranes,Konecranes,ukeu_universe_candidate,FI
https://www.linkedin.com/in/suhonenniina,Niina Suhonen,Niina,Suhonen,"Vice President, Brand & Communications",2,marketing_communications,FI,2020-09-01,https://www.linkedin.com/company/konecranes,Konecranes,ukeu_universe_candidate,FI
https://www.linkedin.com/in/abhijeet-das-15071985,abhijeet das,abhijeet,das,"Head of Digital Marketing , Global , Industrial Service and Equipment",3,marketing_leader_fallback,FI,2022-11-01,https://www.linkedin.com/company/konecranes,Konecranes,ukeu_universe_candidate,FI
https://www.linkedin.com/in/tuomas-saastamoinen-305091b,Tuomas Saastamoinen,Tuomas,Saastamoinen,"Senior Vice President, Sales and Marketing",3,marketing_leader_fallback,FI,2017-01-01,https://www.linkedin.com/company/konecranes,Konecranes,ukeu_universe_candidate,FI
https://www.linkedin.com/in/jarkko-ahlbom-94477532,Jarkko Ahlbom,Jarkko,Ahlbom,"Director, Marketing and Communications",3,marketing_leader_fallback,FI,2026-05-01,https://www.linkedin.com/company/konecranes,Konecranes,ukeu_universe_candidate,FI
https://www.linkedin.com/in/alfredo-bouza-38179436,Alfredo Bouza,Alfredo,Bouza,"VP Sales & Marketing, Port Services",3,marketing_leader_fallback,ES,2021-08-01,https://www.linkedin.com/company/konecranes,Konecranes,ukeu_universe_candidate,FI
https://www.linkedin.com/in/benjamin-eickhoff-1a252b120,Benjamin Eickhoff,Benjamin,Eickhoff,"Vice President, Marketing & Customer Experience",3,marketing_leader_fallback,DE,2022-07-01,https://www.linkedin.com/company/konecranes,Konecranes,ukeu_universe_candidate,FI
https://www.linkedin.com/in/matthias-augener-8a679a201,Matthias Augener,Matthias,Augener,"Head of Sales, Marketing & Engineering",3,marketing_leader_fallback,DE,2024-01-01,https://www.linkedin.com/company/kracht-worldwide,KRACHT,ukeu_universe_candidate,DE
https://www.linkedin.com/in/andreas-vogel-b1778535,Andreas Vogel,Andreas,Vogel,"Head of Marketing, Product & Distribution Management",1,channel_dealer_partner_program,AT,2023-09-01,https://www.linkedin.com/company/kral-ag,KRAL GmbH,ukeu_universe_candidate,AT
https://www.linkedin.com/in/bernd-borgmeier-365691131,Bernd Borgmeier,Bernd,Borgmeier,Vice President Direct Sales & Marketing,3,marketing_leader_fallback,DE,2018-11-01,https://www.linkedin.com/company/kriwan-industrie-elektronik-gmbh,KRIWAN Industrie-Elektronik GmbH,ukeu_universe_candidate,DE
https://www.linkedin.com/in/markus-steinwendner-0b708196,Markus Steinwendner,Markus,Steinwendner,Head of Marketing & Communication,2,marketing_communications,DE,2021-03-01,https://www.linkedin.com/company/maschinenfabrik-bernard-krone-gmbh-co-kg,KRONE Agriculture,ukeu_universe_candidate,DE
https://www.linkedin.com/in/luise-spinneker-b8b8a126a,Luise Spinneker,Luise,Spinneker,Teamleiter Marketing,3,marketing_leader_fallback,DE,2021-04-01,https://www.linkedin.com/company/maschinenfabrik-bernard-krone-gmbh-co-kg,KRONE Agriculture,ukeu_universe_candidate,DE
https://www.linkedin.com/in/susanrettmann,Susan (.,Susan,(.,"Head of Marketing and Corporate Communications - North America, Central America, and the Caribbean",3,marketing_leader_fallback,US,2017-01-01,https://www.linkedin.com/company/krones,Krones,ukeu_universe_candidate,DE
https://www.linkedin.com/in/tim-raymond-503a182,Tim Raymond,Tim,Raymond,Executive Vice President  Sales&Marketing N.A.,3,marketing_leader_fallback,US,1990-01-01,https://www.linkedin.com/company/krones,Krones,ukeu_universe_candidate,DE
https://www.linkedin.com/in/sabine-kolbe-weber-a95b37161,Sabine Kolbe-Weber,Sabine,Kolbe-Weber,"Head of Digital Marketing, Corporate Communications",3,marketing_leader_fallback,DE,2021-01-01,https://www.linkedin.com/company/krones,Krones,ukeu_universe_candidate,DE
https://www.linkedin.com/in/caroline-herbst-53b36b207,Caroline Herbst,Caroline,Herbst,Head Of Global Marketing,3,marketing_leader_fallback,DE,2006-02-01,https://www.linkedin.com/company/krones,Krones,ukeu_universe_candidate,DE
https://www.linkedin.com/in/beatrice-wohlgemuth,Beatrice Wohlgemuth,Beatrice,Wohlgemuth,"Director Global Marketing, Fairs & Events",3,marketing_leader_fallback,DE,2026-02-01,https://www.linkedin.com/company/ksb,KSB Company,ukeu_universe_candidate,DE
https://www.linkedin.com/in/samuelcablant,Samuel CABLANT,Samuel,CABLANT,Vice President Sales Marketing Operations Business Unit Construction Equipment,3,marketing_leader_fallback,FR,2025-01-01,https://www.linkedin.com/company/kubota-holdings-europe,Kubota Holdings Europe,ukeu_universe_candidate,NL
https://www.linkedin.com/in/juliamarkiewicz92,Julia Markiewicz,Julia,Markiewicz,Marketing Communication Manager,2,marketing_communications,NL,2023-03-01,https://www.linkedin.com/company/kverneland-group,Kverneland Group,ukeu_universe_candidate,NO
https://www.linkedin.com/in/anne-laure-gobert-b8292538,Anne-Laure GOBERT,Anne-Laure,GOBERT,Responsable Marketing & Communication,2,marketing_communications,FR,2022-09-01,https://www.linkedin.com/company/kverneland-group,Kverneland Group,ukeu_universe_candidate,NO
https://www.linkedin.com/in/marieke-maris-9688381,Marieke Maris,Marieke,Maris,"Marketing Director, Sales Area and Group Marketing",3,marketing_leader_fallback,NL,2018-10-01,https://www.linkedin.com/company/kverneland-group,Kverneland Group,ukeu_universe_candidate,NO
https://www.linkedin.com/in/francis-d-a60946265,francis d,francis,d,Responsable marketing pièce de rechange,3,marketing_leader_fallback,FR,-,https://www.linkedin.com/company/kverneland-group,Kverneland Group,ukeu_universe_candidate,NO
https://www.linkedin.com/in/corneliushummel,Cornelius Hummel,Cornelius,Hummel,Director Marketing Projects,3,marketing_leader_fallback,DE,2024-02-01,https://www.linkedin.com/company/alfred-kaercher-se-&-co-kg,Kärcher,ukeu_universe_candidate,DE
https://www.linkedin.com/in/olender,Paulina Olender,Paulina,Olender,Head of Brand Marketing,3,marketing_leader_fallback,PL,2024-04-01,https://www.linkedin.com/company/alfred-kaercher-se-&-co-kg,Kärcher,ukeu_universe_candidate,DE
https://www.linkedin.com/in/lukasz-palczak-735aa83,Lukasz Palczak,Lukasz,Palczak,Regional Director Marketing & Product,3,marketing_leader_fallback,PL,2026-01-01,https://www.linkedin.com/company/alfred-kaercher-se-&-co-kg,Kärcher,ukeu_universe_candidate,DE
https://www.linkedin.com/in/jasmin-sch%c3%a4ffler-042953a7,Jasmin Schäffler,Jasmin,Schäffler,Gruppenleiter Digital Marketing – Customer Engagement,3,marketing_leader_fallback,DE,2024-01-01,https://www.linkedin.com/company/alfred-kaercher-se-&-co-kg,Kärcher,ukeu_universe_candidate,DE
https://www.linkedin.com/in/gurtner,Barbara Gurtner,Barbara,Gurtner,Head of Corporate Marketing & Communications,2,marketing_communications,AT,2026-04-01,https://www.linkedin.com/company/k%c3%a4ssbohrer-transport-technik,Kässbohrer Transport Technik GmbH - Driven by professionals®,ukeu_universe_candidate,AT
https://www.linkedin.com/in/laetitiajay,Laetitia Jay,Laetitia,Jay,Vice President Strategy & marketing,3,marketing_leader_fallback,FR,2019-10-01,https://www.linkedin.com/company/lacroix-group,LACROIX,ukeu_universe_candidate,FR
https://www.linkedin.com/in/roland-crambert-4b2b2576,Roland Crambert,Roland,Crambert,Directeur marketing & communication,2,marketing_communications,FR,-,https://www.linkedin.com/company/lacroix-environment,LACROIX - Environment,ukeu_universe_candidate,FR
https://www.linkedin.com/in/sonia-contreras-ruiz-de-la-prada-754b2316,Sonia Contreras Ruiz De La Prada,Sonia,Contreras Ruiz De La Prada,Responsable Preventa&Marketing&Admin de LACROIX España - Environment,3,marketing_leader_fallback,ES,1998-03-01,https://www.linkedin.com/company/lacroix-environment,LACROIX - Environment,ukeu_universe_candidate,FR
https://www.linkedin.com/in/silvia-boccato-8a68a840,Silvia Boccato,Silvia,Boccato,Marketing Communication Manager,2,marketing_communications,IT,2006-04-01,https://www.linkedin.com/company/lafert-group,Lafert Group,ukeu_universe_candidate,IT
https://www.linkedin.com/in/emlyne-deprelles-0053b338,Emlyne Deprelles,Emlyne,Deprelles,Responsable Marketing - Projets Marketing Digitaux,3,marketing_leader_fallback,FR,2022-06-01,https://www.linkedin.com/company/lamberet,LAMBERET,ukeu_universe_candidate,FR
https://www.linkedin.com/in/maryline-folleas-vella-077a4011,Maryline Folleas Vella,Maryline,Folleas Vella,responsable marketing et développement,3,marketing_leader_fallback,FR,-,https://www.linkedin.com/company/lamberet,LAMBERET,ukeu_universe_candidate,FR
https://www.linkedin.com/in/juliette-de-perthuis-gougis,Juliette Gougis (de Perthuis),Juliette,Gougis (de Perthuis),Responsable Marketing et Communication Groupe,2,marketing_communications,FR,2026-04-01,https://www.linkedin.com/company/le-gouessant,Le Gouessant,ukeu_universe_candidate,FR
https://www.linkedin.com/in/julia-oster,Julia Oster,Julia,Oster,Director Marketing,3,marketing_leader_fallback,DE,2024-07-01,https://www.linkedin.com/company/lechlergroup,Lechler Group,ukeu_universe_candidate,DE
https://www.linkedin.com/in/matthias-schneider-1b2315166,Matthias Schneider,Matthias,Schneider,Vice President Sales & Marketing,3,marketing_leader_fallback,DE,-,https://www.linkedin.com/company/lechlergroup,Lechler Group,ukeu_universe_candidate,DE
https://www.linkedin.com/in/robertvollmer,Robert Vollmer,Robert,Vollmer,Leiter Marketing,3,marketing_leader_fallback,DE,2024-06-01,https://www.linkedin.com/company/lehmannlocks,Lehmann Locks,ukeu_universe_candidate,DE
https://www.linkedin.com/in/robert-zovko-b2b-marketing-manager,Robert Zovko,Robert,Zovko,Marketing Communication Manager,2,marketing_communications,DE,2020-06-01,https://www.linkedin.com/company/leistritz-pump-technology,Leistritz Pump Technology,ukeu_universe_candidate,DE
https://www.linkedin.com/in/cyril-lomenech,Cyril LOMENECH,Cyril,LOMENECH,"Directeur du Développement du Réseau de Distribution France, Espagne & Portugal",1,channel_dealer_partner_program,FR,2023-09-01,https://www.linkedin.com/company/lely-industries-nv,Lely,ukeu_universe_candidate,NL
https://www.linkedin.com/in/mkuijt,Marcel Kuijt,Marcel,Kuijt,Distribution Channel Development Manager - Lely Benelux,1,channel_dealer_partner_program,NL,2022-02-01,https://www.linkedin.com/company/lely-industries-nv,Lely,ukeu_universe_candidate,NL
https://www.linkedin.com/in/xavier-drake-71223197,Xavier Drake,Xavier,Drake,Director of Marketing,3,marketing_leader_fallback,US,2025-07-01,https://www.linkedin.com/company/lely-industries-nv,Lely,ukeu_universe_candidate,NL
https://www.linkedin.com/in/johannes-kisters-1a6573188,Johannes Kisters,Johannes,Kisters,Head of Product Marketing,3,marketing_leader_fallback,DE,2022-11-01,https://www.linkedin.com/company/lemken,LEMKEN,ukeu_universe_candidate,DE
https://www.linkedin.com/in/sergei-postnikov-434507105,Sergei POSTNIKOV,Sergei,POSTNIKOV,Global Partners Development Director,1,channel_dealer_partner_program,DE,2023-08-01,https://www.linkedin.com/company/lenzegroup,Lenze,ukeu_universe_candidate,DE
https://www.linkedin.com/in/walid-naoui-900bab24,Walid Naoui,Walid,Naoui,Global Head of Business Development Distribution & Multichannel,1,channel_dealer_partner_program,DE,2018-08-01,https://www.linkedin.com/company/lenzegroup,Lenze,ukeu_universe_candidate,DE
https://www.linkedin.com/in/marcvissers,Marc V.,Marc,V.,Head of Marketing Communications & Sales Support Europe West,2,marketing_communications,NL,2026-01-01,https://www.linkedin.com/company/lenzegroup,Lenze,ukeu_universe_candidate,DE
https://www.linkedin.com/in/agnese-di-giovanni-78a335116,Agnese Di Giovanni,Agnese,Di Giovanni,Responsabile comunicazione marketing,2,marketing_communications,IT,2022-09-01,https://www.linkedin.com/company/lenzegroup,Lenze,ukeu_universe_candidate,DE
https://www.linkedin.com/in/julia-sadlo-0b299a6a,Julia Sadlo,Julia,Sadlo,Global Marketing Communication Manager,2,marketing_communications,DE,2023-06-01,https://www.linkedin.com/company/lenzegroup,Lenze,ukeu_universe_candidate,DE
https://www.linkedin.com/in/maria-medina-gui%c3%b1%c3%b3n-629866246,Maria Medina Guiñón,Maria,Medina Guiñón,Marketing & Communication Manager Iberia | Driving growth in industrial automation | Lenze,2,marketing_communications,ES,2025-11-01,https://www.linkedin.com/company/lenzegroup,Lenze,ukeu_universe_candidate,DE
https://www.linkedin.com/in/ronarichter,Rona Richter,Rona,Richter,Head of Marketing,3,marketing_leader_fallback,DE,2021-11-01,https://www.linkedin.com/company/lenzegroup,Lenze,ukeu_universe_candidate,DE
https://www.linkedin.com/in/michael-marzina-787280285,Michael Marzina,Michael,Marzina,"SVP | Head of Corporate Sales, Marketing & Business Excellence",3,marketing_leader_fallback,DE,2025-07-01,https://www.linkedin.com/company/lenzegroup,Lenze,ukeu_universe_candidate,DE
https://www.linkedin.com/in/katharina-nakarajan,Katharina Nakarajan,Katharina,Nakarajan,Marketing & Communications Manager,2,marketing_communications,DE,2023-04-01,https://www.linkedin.com/company/lesjoforsab-group,Lesjöfors Group,ukeu_universe_candidate,SE
https://www.linkedin.com/in/jimmarkle,Jim Markle,Jim,Markle,Vice President Sales and Marketing,3,marketing_leader_fallback,US,2016-08-01,https://www.linkedin.com/company/lesjoforsab-group,Lesjöfors Group,ukeu_universe_candidate,SE
https://www.linkedin.com/in/sofia-hakansson,Sofia Håkansson,Sofia,Håkansson,Head of Digital Marketing and Internal Communication,3,marketing_leader_fallback,SE,2024-01-01,https://www.linkedin.com/company/lesjoforsab-group,Lesjöfors Group,ukeu_universe_candidate,SE
https://www.linkedin.com/in/nicole-kochenburger-b887571b5,Nicole Kochenburger,Nicole,Kochenburger,Teamleiter/Marketing Manager,3,marketing_leader_fallback,DE,2008-10-01,https://www.linkedin.com/company/lewa-worldwide,LEWA,ukeu_universe_candidate,DE
https://www.linkedin.com/in/emily-hatfield-747487186,Emily Hatfield,Emily,Hatfield,Senior Marketing and Communications Partner,1,channel_dealer_partner_program,GB,2025-07-01,https://www.linkedin.com/company/lhasa-limited,Lhasa Limited,ukeu_universe_candidate,GB
https://www.linkedin.com/in/emma-scrafton-09b888173,Emma Scrafton,Emma,Scrafton,Senior Marketing and Communications Partner,1,channel_dealer_partner_program,GB,2024-01-01,https://www.linkedin.com/company/lhasa-limited,Lhasa Limited,ukeu_universe_candidate,GB
https://www.linkedin.com/in/aimee-ellam-1088a910a,Aimee Ellam,Aimee,Ellam,Principal Marketing & Communications Partner,1,channel_dealer_partner_program,GB,2024-05-01,https://www.linkedin.com/company/lhasa-limited,Lhasa Limited,ukeu_universe_candidate,GB
https://www.linkedin.com/in/lara-j-0988b5251,Lara J.,Lara,J.,Marketing and Communications Partner,1,channel_dealer_partner_program,GB,2023-03-01,https://www.linkedin.com/company/lhasa-limited,Lhasa Limited,ukeu_universe_candidate,GB
https://www.linkedin.com/in/allyreeves,Ally Reeves,Ally,Reeves,Head of Marketing,3,marketing_leader_fallback,GB,2023-06-01,https://www.linkedin.com/company/lhasa-limited,Lhasa Limited,ukeu_universe_candidate,GB
https://www.linkedin.com/in/basile-aguer-a46404112,Basile Aguer,Basile,Aguer,Responsable Ventes et Marketing TP Sud-Ouest,3,marketing_leader_fallback,FR,2024-11-01,https://www.linkedin.com/company/lhoist,Lhoist,ukeu_universe_candidate,BE
https://www.linkedin.com/in/fanny-flament-25768514a,Fanny Flament,Fanny,Flament,Responsable vente et marketing Travaux Publics Nord Est,3,marketing_leader_fallback,FR,2018-12-01,https://www.linkedin.com/company/lhoist,Lhoist,ukeu_universe_candidate,BE
https://www.linkedin.com/in/christophe-laurent-abba80102,Christophe Laurent,Christophe,Laurent,Responsable Ventes et Marketing - Industrial Processes (Steel / Non-ferrous / Pulp & Paper),3,marketing_leader_fallback,FR,2022-06-01,https://www.linkedin.com/company/lhoist,Lhoist,ukeu_universe_candidate,BE
https://www.linkedin.com/in/ulrike-veit-55a242180,Ulrike Veit,Ulrike,Veit,Director Marketing Communications,2,marketing_communications,DE,2018-06-01,https://www.linkedin.com/company/liftket,LIFTKET Hoffmann GmbH,ukeu_universe_candidate,DE
https://www.linkedin.com/in/nina-ramberg-mortensen,Nina Ramberg Mortensen,Nina Ramberg,Mortensen,Director Corporate Marketing,3,marketing_leader_fallback,DK,2025-09-01,https://www.linkedin.com/company/linak,LINAK,ukeu_universe_candidate,DK
https://www.linkedin.com/in/bruno-verhaeghe-45543323,Bruno Verhaeghe,Bruno,Verhaeghe,Regional Director - LMH Network Partner Management - BeNeLux,1,channel_dealer_partner_program,BE,2026-01-01,https://www.linkedin.com/company/linde-material-handling,Linde Material Handling,ukeu_universe_candidate,DE
https://www.linkedin.com/in/sorin-plugariu-8020625,Sorin Plugariu,Sorin,Plugariu,Regional Director - LMH Network Partner Management - Region Central Eurasia,1,channel_dealer_partner_program,RO,2026-01-01,https://www.linkedin.com/company/linde-material-handling,Linde Material Handling,ukeu_universe_candidate,DE
https://www.linkedin.com/in/daniel-bieker-443068230,Daniel Bieker,Daniel,Bieker,Business Development Manager Händlernetzwerk,1,channel_dealer_partner_program,DE,-,https://www.linkedin.com/company/linde-material-handling,Linde Material Handling,ukeu_universe_candidate,DE
https://www.linkedin.com/in/marco-petralia-7a512022b,marco petralia,marco,petralia,Dealer Development Manager,1,channel_dealer_partner_program,IT,2022-06-01,https://www.linkedin.com/company/linde-material-handling,Linde Material Handling,ukeu_universe_candidate,DE
https://www.linkedin.com/in/mike-hasson-b66199168,Mike Hasson,Mike,Hasson,Senior Director Network Sales,1,channel_dealer_partner_program,GB,2017-10-01,https://www.linkedin.com/company/linde-material-handling,Linde Material Handling,ukeu_universe_candidate,DE
https://www.linkedin.com/in/diana-jakob,Diana Jakob,Diana,Jakob,Senior Marketing Communications Manager,2,marketing_communications,ES,2023-10-01,https://www.linkedin.com/company/linde-material-handling,Linde Material Handling,ukeu_universe_candidate,DE
https://www.linkedin.com/in/martin-stadtm%c3%bcller-7bb280ab,Martin Stadtmüller,Martin,Stadtmüller,Senior Director Marketing Linde MH Germany,3,marketing_leader_fallback,DE,2025-07-01,https://www.linkedin.com/company/linde-material-handling,Linde Material Handling,ukeu_universe_candidate,DE
https://www.linkedin.com/in/simon-chivers-960ba5128,Simon Chivers,Simon,Chivers,Senior Director of Sales Development and Marketing,3,marketing_leader_fallback,GB,2018-07-01,https://www.linkedin.com/company/linde-material-handling,Linde Material Handling,ukeu_universe_candidate,DE
https://www.linkedin.com/in/anna-chmielewska-92295927,Anna Chmielewska,Anna,Chmielewska,Head of Marketing and Communication Poland,3,marketing_leader_fallback,PL,2023-06-01,https://www.linkedin.com/company/linde-material-handling,Linde Material Handling,ukeu_universe_candidate,DE
https://www.linkedin.com/in/pearson-phil-531492,Pearson Phil,Pearson,Phil,Head of Marketing,3,marketing_leader_fallback,GB,2008-05-01,https://www.linkedin.com/company/linde-material-handling,Linde Material Handling,ukeu_universe_candidate,DE
https://www.linkedin.com/in/susanne-soeder-b7578351,Susanne Soeder,Susanne,Soeder,Leiter Marketing,3,marketing_leader_fallback,DE,-,https://www.linkedin.com/company/linde-material-handling,Linde Material Handling,ukeu_universe_candidate,DE
https://www.linkedin.com/in/regina-d%c3%bcmig-3a5b791b2,Regina Dümig,Regina,Dümig,Senior Manager Marketing Communications,2,marketing_communications,DE,2020-06-01,https://www.linkedin.com/company/linde-material-handling-deutschland,Linde Material Handling Deutschland,ukeu_universe_candidate,DE
https://www.linkedin.com/in/felicia-lewis-247450110,Felicia Lewis,Felicia,Lewis,Marketing Communications Manager,2,marketing_communications,SE,2026-01-01,https://www.linkedin.com/company/linde-material-handling-sverige,Linde Material Handling Sverige,ukeu_universe_candidate,SE
https://www.linkedin.com/in/david-jjackson,David Jackson,David,Jackson,Channel Development Manager,1,channel_dealer_partner_program,GB,2024-11-01,https://www.linkedin.com/company/liugongeurope,LiuGong Europe,ukeu_universe_candidate,NL
https://www.linkedin.com/in/danielle-van-leeuwen-srcommsspecialist,Danielle van Leeuwen,Danielle,van Leeuwen,Head of Communications & Marketing Netherlands,2,marketing_communications,NL,2025-05-01,https://www.linkedin.com/company/logex,LOGEX,ukeu_universe_candidate,NL
https://www.linkedin.com/in/pieter-krop-5b7a202,Pieter Krop,Pieter,Krop,Director of Product Strategy & Marketing,3,marketing_leader_fallback,NL,2026-01-01,https://www.linkedin.com/company/logex,LOGEX,ukeu_universe_candidate,NL
https://www.linkedin.com/in/thomas-loibner,Thomas Loibner,Thomas,Loibner,Head of Product Management & Marketing,3,marketing_leader_fallback,AT,2023-01-01,https://www.linkedin.com/company/logicdata-gmbh,LOGICDATA GmbH,ukeu_universe_candidate,AT
https://www.linkedin.com/in/emmanueletienne1,Emmanuel ETIENNE,Emmanuel,ETIENNE,DISTRIBUTION NETWORK REGIONAL MANAGER – CENTRAL EUROPE,1,channel_dealer_partner_program,FR,2020-01-01,https://www.linkedin.com/company/logisnext-europe,Logisnext Europe,ukeu_universe_candidate,NL
https://www.linkedin.com/in/monicaescutia,Monica Escutia,Monica,Escutia,Director Corporate and Marketing Communications,2,marketing_communications,NL,2020-10-01,https://www.linkedin.com/company/logisnext-europe,Logisnext Europe,ukeu_universe_candidate,NL
https://www.linkedin.com/in/marijn-nijhof-4492133,Marijn Nijhof,Marijn,Nijhof,Senior Marketing Communications Manager EU AME/CIS,2,marketing_communications,NL,2023-01-01,https://www.linkedin.com/company/logisnext-europe,Logisnext Europe,ukeu_universe_candidate,NL
https://www.linkedin.com/in/mark-wakeman-23492321,Mark Wakeman,Mark,Wakeman,Director of Network Sales,1,channel_dealer_partner_program,GB,2025-04-01,https://www.linkedin.com/company/logisnext-uk-ltd,Logisnext UK Ltd,ukeu_universe_candidate,GB
https://www.linkedin.com/in/ben-haseley-43a9b276,Ben Haseley,Ben,Haseley,Network Operations Director,1,channel_dealer_partner_program,GB,-,https://www.linkedin.com/company/logisnext-uk-ltd,Logisnext UK Ltd,ukeu_universe_candidate,GB
https://www.linkedin.com/in/ahoney,Adrian Honey,Adrian,Honey,Head of Marketing,3,marketing_leader_fallback,GB,2011-06-01,https://www.linkedin.com/company/bernt-lorentz-gmbh,LORENTZ,ukeu_universe_candidate,DE
https://www.linkedin.com/in/christian-baldauf-4990a450,Christian Baldauf,Christian,Baldauf,Director Sales & Marketing,3,marketing_leader_fallback,AT,2016-05-01,https://www.linkedin.com/company/ltw-intralogistics-gmbh,LTW Intralogistics GmbH,ukeu_universe_candidate,AT
https://www.linkedin.com/in/samantha-bohee,Samantha Bohee,Samantha,Bohee,Head of Marketing Communications,2,marketing_communications,GB,2025-08-01,https://www.linkedin.com/company/luceco-group,Luceco Group,ukeu_universe_candidate,GB
https://www.linkedin.com/in/simonhw,Simon Harrison-Wallace,Simon,Harrison-Wallace,"Head of Marketing, Exterior Lighting",3,marketing_leader_fallback,GB,2026-04-01,https://www.linkedin.com/company/luceco-group,Luceco Group,ukeu_universe_candidate,GB
https://www.linkedin.com/in/moritz-kormann,Moritz Kormann,Moritz,Kormann,Manager OEM Cooperation Strategy & Development,1,channel_dealer_partner_program,DE,2024-07-01,https://www.linkedin.com/company/lufthansa-technik,Lufthansa Technik,ukeu_universe_candidate,DE
https://www.linkedin.com/in/steffi-eichner-185992120,Steffi Eichner,Steffi,Eichner,"Senior Manager Strategy, Business Development and Cooperations",1,channel_dealer_partner_program,DE,2023-01-01,https://www.linkedin.com/company/lufthansa-technik,Lufthansa Technik,ukeu_universe_candidate,DE
https://www.linkedin.com/in/till-conrady-7971b7121,Till Conrady,Till,Conrady,Head of Marketing & E-Commerce,3,marketing_leader_fallback,DE,2023-01-01,https://www.linkedin.com/company/lukas-erzett,LUKAS-ERZETT GmbH & Co. KG,ukeu_universe_candidate,DE
https://www.linkedin.com/in/jens-raabe,Jens Raabe,Jens,Raabe,Head of Marketing Communications,2,marketing_communications,DE,2025-02-01,https://www.linkedin.com/company/lodige-industries,Lödige Industries,ukeu_universe_candidate,DE
https://www.linkedin.com/in/lina-lohe,Lina Lohe,Lina,Lohe,Marketing & Communications Manager,2,marketing_communications,DE,2024-03-01,https://www.linkedin.com/company/lodige-industries,Lödige Industries,ukeu_universe_candidate,DE
https://www.linkedin.com/in/nicole-wilm-b20a9a136,Nicole Wilm,Nicole,Wilm,Marketing & Communication Manager,2,marketing_communications,DE,2024-05-01,https://www.linkedin.com/company/lodige-industries,Lödige Industries,ukeu_universe_candidate,DE
https://www.linkedin.com/in/anne-menard-35ba40134,Anne MENARD,Anne,MENARD,Responsable Communication et Marketing digital,3,marketing_leader_fallback,FR,2023-01-01,https://www.linkedin.com/company/m3france,M3 France,ukeu_universe_candidate,FR
https://www.linkedin.com/in/jes-krag-310ba57b,Jes Krag,Jes,Krag,Head of Global After Sales Network,1,channel_dealer_partner_program,DK,2013-07-01,https://www.linkedin.com/company/maersk-container-industry-as,Maersk Container Industry,ukeu_universe_candidate,DK
https://www.linkedin.com/in/ines-niedermayr-5078a01a4,Ines Niedermayr,Ines,Niedermayr,Manager Marketing & Communication,2,marketing_communications,AT,2019-08-01,https://www.linkedin.com/company/marecon-management-&-research,MAGNA Powertrain / Engineering Center Steyr GmbH & Co KG,ukeu_universe_candidate,AT
https://www.linkedin.com/in/pietro-donati-94854b1,Pietro Donati,Pietro,Donati,Marketing & Communication Director,2,marketing_communications,IT,2023-09-01,https://www.linkedin.com/company/magni-telescopic-handlers,Magni Telescopic Handlers - Official,ukeu_universe_candidate,IT
https://www.linkedin.com/in/marley-flowers-3a780450,Marley Flowers,Marley,Flowers,Director of Sales & Marketing,3,marketing_leader_fallback,US,-,https://www.linkedin.com/company/mahr-metering-systems,Mahr Metering Systems,ukeu_universe_candidate,DE
https://www.linkedin.com/in/ilka-haase-48bba6236,Ilka Haase,Ilka,Haase,Head of Marketing & Produktmangement,3,marketing_leader_fallback,DE,2013-01-01,https://www.linkedin.com/company/mahr-metering-systems,Mahr Metering Systems,ukeu_universe_candidate,DE
https://www.linkedin.com/in/simone-stoffel-85bb11166,Simone Stoffel,Simone,Stoffel,Head of Global Marketing,3,marketing_leader_fallback,DE,2026-01-01,https://www.linkedin.com/company/maico-elektroapparate-fabrik-gmbh,Maico Elektroapparate-Fabrik GmbH,ukeu_universe_candidate,DE
https://www.linkedin.com/in/florian-dittert,Florian Dittert,Florian,Dittert,Leiter Marketing und Öffentlichkeitsarbeit,3,marketing_leader_fallback,DE,2017-01-01,https://www.linkedin.com/company/maincor,MAINCOR Rohrsysteme GmbH & Co. KG,ukeu_universe_candidate,DE
https://www.linkedin.com/in/j%c3%b6rg-schneider-325681152,Jörg Schneider,Jörg,Schneider,Head of Marketing & Brand,3,marketing_leader_fallback,DE,2017-09-01,https://www.linkedin.com/company/manenergysolutions,MAN Energy Solutions,ukeu_universe_candidate,DE
https://www.linkedin.com/in/sebastian-daza,Sebastian Daza,Sebastian,Daza,Marketing & Communications Manager,2,marketing_communications,US,2025-01-01,https://www.linkedin.com/company/man-engines-&-components-inc,MAN Engines - A Business Unit of MAN Truck & Bus SE,ukeu_universe_candidate,DE
https://www.linkedin.com/in/isabelle-voll-a475871ba,Isabelle Kohlert,Isabelle,Kohlert,Senior Marketing Communications Manager,2,marketing_communications,DE,2017-06-01,https://www.linkedin.com/company/man-engines-&-components-inc,MAN Engines - A Business Unit of MAN Truck & Bus SE,ukeu_universe_candidate,DE
https://www.linkedin.com/in/julien-pivaut-879729214,Julien PIVAUT,Julien,PIVAUT,Responsable régional des ventes et du développement réseau,1,channel_dealer_partner_program,FR,2018-12-01,https://www.linkedin.com/company/maschiogaspardo,Maschio Gaspardo Group,ukeu_universe_candidate,IT
https://www.linkedin.com/in/cl%c3%a9mence-dudouit-1185a5275,Clémence Dudouit,Clémence,Dudouit,Responsable Communication & Marketing Opérationnel,2,marketing_communications,FR,2019-11-01,https://www.linkedin.com/company/maschiogaspardo,Maschio Gaspardo Group,ukeu_universe_candidate,IT
https://www.linkedin.com/in/j%c3%a9r%c3%b4me-aubrion-072300a,Jérôme Aubrion,Jérôme,Aubrion,"Director, MF Marketing,  EME",3,marketing_leader_fallback,FR,2021-10-01,https://www.linkedin.com/company/massey-ferguson,Massey Ferguson,ukeu_universe_candidate,FR
https://www.linkedin.com/in/jouault-r%c3%a9gis-a0b633a6,Jouault Régis,Jouault,Régis,Responsable marketing régional,3,marketing_leader_fallback,FR,2018-01-01,https://www.linkedin.com/company/massey-ferguson,Massey Ferguson,ukeu_universe_candidate,FR
https://www.linkedin.com/in/henning-f-mettge-357427,Henning F. Mettge,Henning F.,Mettge,Group Head of Marketing,3,marketing_leader_fallback,DE,2019-08-01,https://www.linkedin.com/company/masterflex-group,Masterflex Group,ukeu_universe_candidate,DE
https://www.linkedin.com/in/adriennehattingen,Adrienne Hattingen,Adrienne,Hattingen,Global Marketing & Communications Manager,2,marketing_communications,DE,2025-04-01,https://www.linkedin.com/company/maxion-wheels-a-division-of-iochpe-maxion,Maxion Wheels,ukeu_universe_candidate,DE
https://www.linkedin.com/in/madelinevassaux,Madeline Vassaux,Madeline,Vassaux,Head of Marketing and External Relations France,3,marketing_leader_fallback,FR,2016-11-01,https://www.linkedin.com/company/maxon,maxon,ukeu_universe_candidate,CH
https://www.linkedin.com/in/johannes-liebl,Johannes Liebl,Johannes,Liebl,Leiter strategische Projekte Marketing,3,marketing_leader_fallback,DE,2024-07-01,https://www.linkedin.com/company/mayrantriebstechnik,Mayr power transmission,ukeu_universe_candidate,DE
https://www.linkedin.com/in/johann-eberle,Johann Eberle,Johann,Eberle,Leiter Vertrieb und Marketing,3,marketing_leader_fallback,DE,1998-05-01,https://www.linkedin.com/company/mayrantriebstechnik,Mayr power transmission,ukeu_universe_candidate,DE
https://www.linkedin.com/in/benoit-feneon,Benoit Fénéon,Benoit,Fénéon,Responsable marketing produits,3,marketing_leader_fallback,FR,2017-12-01,https://www.linkedin.com/company/mecalac,Mecalac I FAYAT Group,ukeu_universe_candidate,FR
https://www.linkedin.com/in/matteo-negozio-mba-a637b62a,"Matteo Negozio, MBA",Matteo,"Negozio, MBA",Corporate Vice Director of Marketing and Business Development,3,marketing_leader_fallback,IT,2024-02-01,https://www.linkedin.com/company/meccanotecnica-umbra-group,Meccanotecnica Umbra spa,ukeu_universe_candidate,IT
https://www.linkedin.com/in/simonwittmann,Simon Wittmann,Simon,Wittmann,Head of Digital Marketing Team,3,marketing_leader_fallback,DE,2023-01-01,https://www.linkedin.com/company/memmert-gmbh-co-kg,Memmert GmbH + Co. KG,ukeu_universe_candidate,DE
https://www.linkedin.com/in/paul-atkinson-15616530,Paul Atkinson,Paul,Atkinson,Network District Manager,1,channel_dealer_partner_program,GB,2018-07-01,https://www.linkedin.com/company/mercedes-benz-uk-ltd,Mercedes-Benz in the UK,ukeu_universe_candidate,GB
https://www.linkedin.com/in/anita-jarratt-0b761454,Anita Jarratt,Anita,Jarratt,Network Facilities and Standards Manager,1,channel_dealer_partner_program,GB,2011-01-01,https://www.linkedin.com/company/mercedes-benz-uk-ltd,Mercedes-Benz in the UK,ukeu_universe_candidate,GB
https://www.linkedin.com/in/mark-edwards-2a750950,Mark Edwards,Mark,Edwards,Network Performance Business Manager,1,channel_dealer_partner_program,GB,2018-09-01,https://www.linkedin.com/company/mercedes-benz-uk-ltd,Mercedes-Benz in the UK,ukeu_universe_candidate,GB
https://www.linkedin.com/in/derek-clelland-66142293,Derek Clelland,Derek,Clelland,Head Of Franchise Network Operations,1,channel_dealer_partner_program,GB,2021-09-01,https://www.linkedin.com/company/mercedes-benz-uk-ltd,Mercedes-Benz in the UK,ukeu_universe_candidate,GB
https://www.linkedin.com/in/rebecca-bevan-851b3512,Rebecca Bevan,Rebecca,Bevan,Head of Marketing - Digital Communications,3,marketing_leader_fallback,GB,2022-05-01,https://www.linkedin.com/company/mercedes-benz-uk-ltd,Mercedes-Benz in the UK,ukeu_universe_candidate,GB
https://www.linkedin.com/in/paul-smith-262550128,Paul Smith,Paul,Smith,Dealer Development Manager,1,channel_dealer_partner_program,GB,2023-12-01,https://www.linkedin.com/company/mercedes-benz-trucks-uk,Mercedes-Benz Trucks UK,ukeu_universe_candidate,GB
https://www.linkedin.com/in/dominic-dawes-443bb83b,Dominic Dawes,Dominic,Dawes,Head of Product and Marketing,3,marketing_leader_fallback,GB,2023-07-01,https://www.linkedin.com/company/mercedes-benz-trucks-uk,Mercedes-Benz Trucks UK,ukeu_universe_candidate,GB
https://www.linkedin.com/in/nicole-luttenberger-86441a139,Nicole Luttenberger,Nicole,Luttenberger,Strategic Marketing Partner | International Markets,1,channel_dealer_partner_program,DE,2026-01-01,https://www.linkedin.com/company/merit-link-international-ag,Merit Link International AG,ukeu_universe_candidate,CH
https://www.linkedin.com/in/strd,Samuel Tarride,Samuel,Tarride,Responsable Marketing et Communication,2,marketing_communications,FR,2020-01-01,https://www.linkedin.com/company/merlo-global,Merlo Global,ukeu_universe_candidate,IT
https://www.linkedin.com/in/laurent-menard-397a3617,Laurent Menard,Laurent,Menard,"Directeur commercial, directeur Marketing et après ventes de Merlo France",3,marketing_leader_fallback,FR,2015-02-01,https://www.linkedin.com/company/merlo-global,Merlo Global,ukeu_universe_candidate,IT
https://www.linkedin.com/in/overdeliver,Wladimiro Marcelli,Wladimiro,Marcelli,SVP Sales & Marketing,3,marketing_leader_fallback,US,2020-12-01,https://www.linkedin.com/company/meterbearingsgroup,Meter,ukeu_universe_candidate,IT
https://www.linkedin.com/in/sandrine-maneveau-a78b1a1,Sandrine Maneveau,Sandrine,Maneveau,Marketing Communication Manager,2,marketing_communications,FR,2024-07-01,https://www.linkedin.com/company/metsoofficial,Metso,ukeu_universe_candidate,FI
https://www.linkedin.com/in/anthony-h-bouvie,Anthony Bouvié,Anthony,Bouvié,Vice President Global Sales and Marketing at MPP,3,marketing_leader_fallback,SE,2024-01-01,https://www.linkedin.com/company/metsoofficial,Metso,ukeu_universe_candidate,FI
https://www.linkedin.com/in/polinabrachkov,Polina Brachkov,Polina,Brachkov,"Director, Marketing Enablers",3,marketing_leader_fallback,FI,2026-01-01,https://www.linkedin.com/company/metsoofficial,Metso,ukeu_universe_candidate,FI
https://www.linkedin.com/in/kaisamaija,Kaisamaija Marttila,Kaisamaija,Marttila,Head of Aggregates Segment Marketing,3,marketing_leader_fallback,FI,2025-01-01,https://www.linkedin.com/company/metsoofficial,Metso,ukeu_universe_candidate,FI
https://www.linkedin.com/in/timofromfinland,Timo Sarvijärvi,Timo,Sarvijärvi,"Director, Marketing and Commercial Support in Europe",3,marketing_leader_fallback,FI,2022-02-01,https://www.linkedin.com/company/metsoofficial,Metso,ukeu_universe_candidate,FI
https://www.linkedin.com/in/leilamojtahedi,Leila Mojtahedi,Leila,Mojtahedi,VP Marketing & Brand,3,marketing_leader_fallback,FI,2025-08-01,https://www.linkedin.com/company/metsoofficial,Metso,ukeu_universe_candidate,FI
https://www.linkedin.com/in/mariamarklund,Maria Marklund,Maria,Marklund,"Vice President, Minerals Marketing",3,marketing_leader_fallback,SE,2025-12-01,https://www.linkedin.com/company/metsoofficial,Metso,ukeu_universe_candidate,FI
https://www.linkedin.com/in/evaluoto,Jukka Eväluoto,Jukka,Eväluoto,"Director, Sales, Services & Marketing Applications",3,marketing_leader_fallback,FI,2023-09-01,https://www.linkedin.com/company/metsoofficial,Metso,ukeu_universe_candidate,FI
https://www.linkedin.com/in/gemma-taylor-333020275,Gemma Taylor,Gemma,Taylor,Marketing Communications Manager,2,marketing_communications,GB,-,https://www.linkedin.com/company/mgf-ltd,MGF,ukeu_universe_candidate,GB
https://www.linkedin.com/in/stefano-gai,Stefano Gai,Stefano,Gai,Managing Director Italy & Group Marketing Director,3,marketing_leader_fallback,IT,2024-10-01,https://www.linkedin.com/company/micropower-group,Micropower Group,ukeu_universe_candidate,SE
https://www.linkedin.com/in/carolinehayesmarketing,Caroline Hayes,Caroline,Hayes,Head of Marketing Communications,2,marketing_communications,GB,2020-02-01,https://www.linkedin.com/company/midea-uk,Midea Cooling and Heating UK & Ireland (Fortune Global 500 Company),ukeu_universe_candidate,GB
https://www.linkedin.com/in/sebastian-pedro%c3%9f-195a9b203,Sebastian Pedroß,Sebastian,Pedroß,Director Partner Program & Manager Product Management Industrial Scales,1,channel_dealer_partner_program,DE,2025-01-01,https://www.linkedin.com/company/minebea-intec,Minebea Intec,ukeu_universe_candidate,DE
https://www.linkedin.com/in/leonie-wotruba-338813214,Leonie Wotruba,Leonie,Wotruba,Partner Program Coordinator,1,channel_dealer_partner_program,DE,2026-08-01,https://www.linkedin.com/company/minebea-intec,Minebea Intec,ukeu_universe_candidate,DE
https://www.linkedin.com/in/willysebastianmetzger,Willy-Sebastian Metzger,Willy-Sebastian,Metzger,"Global Director Product Management, MarCom and MEA Region",2,marketing_communications,DE,2025-05-01,https://www.linkedin.com/company/minebea-intec,Minebea Intec,ukeu_universe_candidate,DE
https://www.linkedin.com/in/soumiahanagria,Soumia H.,Soumia,H.,Marketing Communication Manager France,2,marketing_communications,FR,2021-06-01,https://www.linkedin.com/company/minebea-intec,Minebea Intec,ukeu_universe_candidate,DE
https://www.linkedin.com/in/frank-heeren-4407b085,Frank Heeren,Frank,Heeren,Senior Marketing Communications Manager,2,marketing_communications,DE,2021-08-01,https://www.linkedin.com/company/minebea-intec,Minebea Intec,ukeu_universe_candidate,DE
https://www.linkedin.com/in/chad-stedman,Chad Stedman,Chad,Stedman,Director Of Operations and Marketing,3,marketing_leader_fallback,US,-,https://www.linkedin.com/company/minebea-intec,Minebea Intec,ukeu_universe_candidate,DE
https://www.linkedin.com/in/stefan-wache-5a440461,Stefan Wache,Stefan,Wache,Leiter Marketing und Kommunikation,3,marketing_leader_fallback,DE,2019-11-01,https://www.linkedin.com/company/minitec-de,MiniTec GmbH,ukeu_universe_candidate,DE
https://www.linkedin.com/in/rachellekman,Rachel Lekman,Rachel,Lekman,Channel Marketing Manager,1,channel_dealer_partner_program,GB,2019-10-01,https://www.linkedin.com/company/mitsubishi-electric-living-environmental-systems-uk_2,Mitsubishi Electric Living Environmental Systems UK,ukeu_universe_candidate,GB
https://www.linkedin.com/in/danni-89-r,Danielle R.,Danielle,R.,Partner Programme Team Leader,1,channel_dealer_partner_program,GB,2023-01-01,https://www.linkedin.com/company/mitsubishi-electric-living-environmental-systems-uk_2,Mitsubishi Electric Living Environmental Systems UK,ukeu_universe_candidate,GB
https://www.linkedin.com/in/jo-ann-chenery-788526bb,Jo-Ann Chenery,Jo-Ann,Chenery,Head of Sales Network,1,channel_dealer_partner_program,GB,2018-01-01,https://www.linkedin.com/company/mitsubishi-electric-living-environmental-systems-uk_2,Mitsubishi Electric Living Environmental Systems UK,ukeu_universe_candidate,GB
https://www.linkedin.com/in/ewen-maclean-02646957,Ewen MacLean,Ewen,MacLean,Head of Marketing Communications,2,marketing_communications,GB,2025-10-01,https://www.linkedin.com/company/mitsubishi-electric-living-environmental-systems-uk_2,Mitsubishi Electric Living Environmental Systems UK,ukeu_universe_candidate,GB
https://www.linkedin.com/in/mario-jim%c3%a9nez-08a60b19,Mario Jiménez,Mario,Jiménez,"Director de Marketing de Producto, Reporting & Formación",3,marketing_leader_fallback,ES,2022-05-01,https://www.linkedin.com/company/mitsubishielectricspain,Mitsubishi Electric Spain,ukeu_universe_candidate,ES
https://www.linkedin.com/in/jose-r-haro-9a4ba6221,Jose R. Haro,Jose R.,Haro,Delegat Comercial - Responsable Redes Sociales y Marketing (Community Manager) en Grup Sanfeliu,3,marketing_leader_fallback,ES,2014-08-01,https://www.linkedin.com/company/mitsubishi-forklift-trucks-espa%c3%b1a,Mitsubishi Forklift Trucks España,ukeu_universe_candidate,ES
https://www.linkedin.com/in/thomas-braun,Thomas Braun,Thomas,Braun,Head of Marketing,3,marketing_leader_fallback,DE,2023-07-01,https://www.linkedin.com/company/moba-mobile-automation,MOBA Mobile Automation,ukeu_universe_candidate,DE
https://www.linkedin.com/in/michael-hatz-298a79211,Michael Hatz,Michael,Hatz,Head of Group Communications & Marketing,2,marketing_communications,DE,2026-05-01,https://www.linkedin.com/company/motorenfabrik-hatz-gmbh-&-co-kg,Motorenfabrik Hatz,ukeu_universe_candidate,DE
https://www.linkedin.com/in/bernhard-richter-sch%c3%bctzeneder-a1311810b,Bernhard Richter-Schützeneder,Bernhard,Richter-Schützeneder,Director Sales and Marketing,3,marketing_leader_fallback,DE,2017-01-01,https://www.linkedin.com/company/motorenfabrik-hatz-gmbh-&-co-kg,Motorenfabrik Hatz,ukeu_universe_candidate,DE
https://www.linkedin.com/in/daniel-watson-9b48b66,Daniel Watson,Daniel,Watson,Commercial Engine Partner Development and Coordination,1,channel_dealer_partner_program,US,2002-01-01,https://www.linkedin.com/company/mtu-aero-engines,MTU Aero Engines,ukeu_universe_candidate,DE
https://www.linkedin.com/in/sorina-seitz-4096a220,Sorina Seitz,Sorina,Seitz,Senior Manager GTF Network Execution,1,channel_dealer_partner_program,DE,2023-11-01,https://www.linkedin.com/company/mtu-aero-engines,MTU Aero Engines,ukeu_universe_candidate,DE
https://www.linkedin.com/in/les-cronin-b837161,Les Cronin,Les,Cronin,Vice President Marketing and Sales - USA,3,marketing_leader_fallback,US,2022-01-01,https://www.linkedin.com/company/mtu-aero-engines,MTU Aero Engines,ukeu_universe_candidate,DE
https://www.linkedin.com/in/kershinihenriksson,Kershini Henriksson,Kershini,Henriksson,"Vice President Marketing, Communications and Brand",3,marketing_leader_fallback,SE,2025-11-01,https://www.linkedin.com/company/munters,Munters,ukeu_universe_candidate,SE
https://www.linkedin.com/in/silviacostaneves,Silvia Costa Neves,Silvia,Costa Neves,VP Strategy and Marketing FoodTech,3,marketing_leader_fallback,PT,2024-03-01,https://www.linkedin.com/company/munters,Munters,ukeu_universe_candidate,SE
https://www.linkedin.com/in/andrea-schwedow,Andrea Schwedow,Andrea,Schwedow,Senior Marketing Manager | Focus: Partner Management and Social Media,1,channel_dealer_partner_program,DE,2024-04-01,https://www.linkedin.com/company/mvtec-software-gmbh,MVTec Software,ukeu_universe_candidate,DE
https://www.linkedin.com/in/juliet-carter,Juliet Carter,Juliet,Carter,Chief Marketing Officer,3,marketing_leader_fallback,GB,2025-07-01,https://www.linkedin.com/company/myenergi-ltd,myenergi,ukeu_universe_candidate,GB
https://www.linkedin.com/in/durmus-%c3%b6zcan-95738115a,Durmus Özcan,Durmus,Özcan,Managing Director Sales & Marketing,3,marketing_leader_fallback,DE,2024-01-01,https://www.linkedin.com/company/nanotec-electronic,Nanotec Electronic,ukeu_universe_candidate,DE
https://www.linkedin.com/in/carina-r%c3%b6mer-b3280213a,Carina Römer,Carina,Römer,Head of Marketing,3,marketing_leader_fallback,DE,2026-05-01,https://www.linkedin.com/company/neumanesser,NEUMAN & ESSER (NEA GROUP),ukeu_universe_candidate,DE
https://www.linkedin.com/in/lukas-m%c3%bchlberger-733842134,Lukas Mühlberger,Lukas,Mühlberger,Head of Marketing,3,marketing_leader_fallback,DE,2026-01-01,https://www.linkedin.com/company/neumo-gmbh-co-kg-germany,NEUMO GmbH + Co. KG (Germany),ukeu_universe_candidate,DE
https://www.linkedin.com/in/bruno-weider-a8097716,Bruno Weider,Bruno,Weider,General Product Manager Railway Networks,1,channel_dealer_partner_program,FR,2011-09-01,https://www.linkedin.com/company/nexans,Nexans,ukeu_universe_candidate,FR
https://www.linkedin.com/in/oceanebarnierfaure,Océane Faure (Barnier),Océane,Faure (Barnier),Marketing Communication Manager Power Grid Market Division,2,marketing_communications,FR,2025-04-01,https://www.linkedin.com/company/nexans,Nexans,ukeu_universe_candidate,FR
https://www.linkedin.com/in/benjamintroost,Benjamin Troost,Benjamin,Troost,Marcom Manager Benelux,2,marketing_communications,NL,2026-01-01,https://www.linkedin.com/company/nexans,Nexans,ukeu_universe_candidate,FR
https://www.linkedin.com/in/sophievanoutryve,Sophie Van Outryve,Sophie,Van Outryve,Product manager & Marketing Communication manager,2,marketing_communications,BE,-,https://www.linkedin.com/company/nexans,Nexans,ukeu_universe_candidate,FR
https://www.linkedin.com/in/agustinabarros,Agustina Barros,Agustina,Barros,Responsable del Marketing Operacional de B&T Iberia,3,marketing_leader_fallback,ES,2022-11-01,https://www.linkedin.com/company/nexans,Nexans,ukeu_universe_candidate,FR
https://www.linkedin.com/in/yvan-duperray,Yvan Duperray,Yvan,Duperray,"VP Sales, Marketing, Tendering and special projects PWR - Transmission",3,marketing_leader_fallback,FR,2024-01-01,https://www.linkedin.com/company/nexans,Nexans,ukeu_universe_candidate,FR
https://www.linkedin.com/in/mariahagg,Maria Hägg,Maria,Hägg,"Head of Marketing & Communications, EMEA",2,marketing_communications,SE,2024-01-01,https://www.linkedin.com/company/nibe-ab,NIBE,ukeu_universe_candidate,SE
https://www.linkedin.com/in/sharonritchiesimmons,Sharon Ritchie-Simmons,Sharon,Ritchie-Simmons,Global Channel Marketing & Training Manager,1,channel_dealer_partner_program,GB,-,https://www.linkedin.com/company/nidecdrives,Nidec Drives,ukeu_universe_candidate,GB
https://www.linkedin.com/in/rob-kelly-a1164612,Rob Kelly,Rob,Kelly,Marketing Communications Manager,2,marketing_communications,US,2017-01-01,https://www.linkedin.com/company/nidecdrives,Nidec Drives,ukeu_universe_candidate,GB
https://www.linkedin.com/in/sue-clark-b96177183,Sue Clark,Sue,Clark,Global Marketing Communications Manager at Nidec Drives,2,marketing_communications,GB,-,https://www.linkedin.com/company/nidecdrives,Nidec Drives,ukeu_universe_candidate,GB
https://www.linkedin.com/in/nicolas-tanguy-b159b428,Nicolas TANGUY,Nicolas,TANGUY,Vice President Sales & Marketing - Commercial & Industrial Platform,3,marketing_leader_fallback,FR,2025-04-01,https://www.linkedin.com/company/leroy-somer,Nidec Leroy-Somer,ukeu_universe_candidate,FR
https://www.linkedin.com/in/jeremy-parthonnaud-2b7b5820,Jeremy Parthonnaud,Jeremy,Parthonnaud,Responsable marketing produit,3,marketing_leader_fallback,FR,2024-05-01,https://www.linkedin.com/company/leroy-somer,Nidec Leroy-Somer,ukeu_universe_candidate,FR
https://www.linkedin.com/in/laurent-ramat-58921916,laurent ramat,laurent,ramat,responsable marketing,3,marketing_leader_fallback,FR,-,https://www.linkedin.com/company/leroy-somer,Nidec Leroy-Somer,ukeu_universe_candidate,FR
https://www.linkedin.com/in/eric-coupart-6374b19a,Eric Coupart,Eric,Coupart,Vice President Strategic Marketing,3,marketing_leader_fallback,FR,2013-01-01,https://www.linkedin.com/company/leroy-somer,Nidec Leroy-Somer,ukeu_universe_candidate,FR
https://www.linkedin.com/in/marcallocca,Marc Allocca,Marc,Allocca,"Global Marketing & Communications Director, BU Nord-Lock",2,marketing_communications,DE,2023-02-01,https://www.linkedin.com/company/nordlockgroup,Nord-Lock Group,ukeu_universe_candidate,SE
https://www.linkedin.com/in/malin-ringvall,Malin Ringvall,Malin,Ringvall,Group Marketing & Communications Director,2,marketing_communications,SE,2025-04-01,https://www.linkedin.com/company/nordlockgroup,Nord-Lock Group,ukeu_universe_candidate,SE
https://www.linkedin.com/in/karabayer,Kara Bayer,Kara,Bayer,Marketing & Communications Manager,2,marketing_communications,US,2022-03-01,https://www.linkedin.com/company/nordlockgroup,Nord-Lock Group,ukeu_universe_candidate,SE
https://www.linkedin.com/in/jos%c3%a9-afonso-oliveira-ab0a663a,José Afonso Oliveira,José Afonso,Oliveira,Volvo Penta Network Manager Portugal,1,channel_dealer_partner_program,PT,2019-01-01,https://www.linkedin.com/company/nors,Nors Group,ukeu_universe_candidate,PT
https://www.linkedin.com/in/andreia-c-705138106,Andreia C.,Andreia,C.,Dealer Network Manager,1,channel_dealer_partner_program,PT,2022-12-01,https://www.linkedin.com/company/nors,Nors Group,ukeu_universe_candidate,PT
https://www.linkedin.com/in/rutesimoescecilio,Rute Simões Cecílio,Rute,Simões Cecílio,Brand & Communications Manager,2,marketing_communications,PT,2021-02-01,https://www.linkedin.com/company/nors,Nors Group,ukeu_universe_candidate,PT
https://www.linkedin.com/in/pintodiana,Diana Pinto,Diana,Pinto,"Head of Marketing, Brand and Communication",2,marketing_communications,PT,2025-04-01,https://www.linkedin.com/company/nors,Nors Group,ukeu_universe_candidate,PT
https://www.linkedin.com/in/darbypaul,Paul Darby,Paul,Darby,"Vice President - Marketing, Novamont North America",3,marketing_leader_fallback,US,2018-01-01,https://www.linkedin.com/company/novamont,Novamont,ukeu_universe_candidate,IT
https://www.linkedin.com/in/katarzyna-toepler-48450b2,Katarzyna Toepler,Katarzyna,Toepler,Head Of Marketing,3,marketing_leader_fallback,DK,-,https://www.linkedin.com/company/novenco-building-&-industry,NOVENCO Building & Industry,ukeu_universe_candidate,DK
https://www.linkedin.com/in/gaetan-bachelet-6297203,Gaetan Bachelet,Gaetan,Bachelet,Directeur marketing & communication,2,marketing_communications,FR,2024-02-01,https://www.linkedin.com/company/ntneurope,NTN Europe,ukeu_universe_candidate,FR
https://www.linkedin.com/in/pavietamelie,Amélie PAVIET,Amélie,PAVIET,Product Marketing & Communication Director EMEA,2,marketing_communications,FR,2019-01-01,https://www.linkedin.com/company/ntneurope,NTN Europe,ukeu_universe_candidate,FR
https://www.linkedin.com/in/bertrand-deghilage,Bertrand Deghilage,Bertrand,Deghilage,Responsable Marketing et digital,3,marketing_leader_fallback,FR,2024-04-01,https://www.linkedin.com/company/ntneurope,NTN Europe,ukeu_universe_candidate,FR
https://www.linkedin.com/in/michelbarria,Michel Barria,Michel,Barria,"Directeur commercial et marketing, OEM et MRO",3,marketing_leader_fallback,FR,2019-12-01,https://www.linkedin.com/company/ntneurope,NTN Europe,ukeu_universe_candidate,FR
https://www.linkedin.com/in/ashleigh-bernstein-75184163,Ashleigh Bernstein,Ashleigh,Bernstein,Head of Marketing UK,3,marketing_leader_fallback,GB,2025-06-01,https://www.linkedin.com/company/nunababy,Nuna,ukeu_universe_candidate,NL
https://www.linkedin.com/in/kianajensen,Kiana Jensen,Kiana,Jensen,Director of Brand Marketing,3,marketing_leader_fallback,US,2025-04-01,https://www.linkedin.com/company/nunababy,Nuna,ukeu_universe_candidate,NL
https://www.linkedin.com/in/martapinafernandez,Marta Piña Fernandez,Marta,Piña Fernandez,Head of Marketing EMEA & APAC,3,marketing_leader_fallback,DE,2022-09-01,https://www.linkedin.com/company/nunababy,Nuna,ukeu_universe_candidate,NL
https://www.linkedin.com/in/cheyennedelong,Cheyenne DeLong,Cheyenne,DeLong,"Director, Growth Marketing, Brands",3,marketing_leader_fallback,US,2024-07-01,https://www.linkedin.com/company/nunababy,Nuna,ukeu_universe_candidate,NL
https://www.linkedin.com/in/sabreenajones,Sabreena Jones,Sabreena,Jones,Director of Product Marketing,3,marketing_leader_fallback,US,2024-05-01,https://www.linkedin.com/company/nunababy,Nuna,ukeu_universe_candidate,NL
https://www.linkedin.com/in/hans-j%c3%b6rg-hoheisel-mba-34367951,Hans-Jörg Hoheisel MBA,Hans-Jörg,Hoheisel MBA,Head of Sales und Marketing,3,marketing_leader_fallback,AT,2025-09-01,https://www.linkedin.com/company/ochsner-w%c3%a4rmepumpen-gmbh,OCHSNER Wärmepumpen GmbH,ukeu_universe_candidate,AT
https://www.linkedin.com/in/anika-semmer-7b9593320,Anika Semmer,Anika,Semmer,Head of Marketing & Communications,2,marketing_communications,DE,2025-08-01,https://www.linkedin.com/company/oechsler-ag-ansbach,OECHSLER,ukeu_universe_candidate,DE
https://www.linkedin.com/in/eleonora-guanella,Eleonora Guanella,Eleonora,Guanella,Corporate Marketing Communications Manager,2,marketing_communications,IT,2013-05-01,https://www.linkedin.com/company/olivibra,OLI,ukeu_universe_candidate,IT
https://www.linkedin.com/in/simona-moraglia-708b026,Simona Moraglia,Simona,Moraglia,EU Defence Programmes & Strategic Partnerships Manager,1,channel_dealer_partner_program,IT,2022-09-01,https://www.linkedin.com/company/officinemeccanicheaeronautiche,OMA (Officine Meccaniche Aeronautiche),ukeu_universe_candidate,IT
https://www.linkedin.com/in/ernesto-pavan-62b54533,Ernesto Pavan,Ernesto,Pavan,Responsabile della comunicazione/Communication Manager,2,marketing_communications,IT,2014-01-01,https://www.linkedin.com/company/omb-saleri-s-p-a,OMB Saleri S.p.A Società Benefit,ukeu_universe_candidate,IT
https://www.linkedin.com/in/giulia-de-toni-a8260529,Giulia De Toni,Giulia,De Toni,Responsabile comunicazione marketing,2,marketing_communications,IT,2018-01-01,https://www.linkedin.com/company/omis-group,OMIS Group,ukeu_universe_candidate,IT
https://www.linkedin.com/in/enricodelgobbo,Enrico 😸'Del Gobbo,Enrico,😸'Del Gobbo,Corporate Marketing Communication Manager,2,marketing_communications,IT,2020-02-01,https://www.linkedin.com/company/visaspa,ONIS VISA® Generating Sets - Visa SpA,ukeu_universe_candidate,IT
https://www.linkedin.com/in/aymeric-godron,Aymeric GODRON,Aymeric,GODRON,Directeur Marketing et Achats,3,marketing_leader_fallback,FR,2024-09-01,https://www.linkedin.com/company/ouest-isol-ventil,Ouest Isol & Ventil,ukeu_universe_candidate,FR
https://www.linkedin.com/in/dr-christian-rohrlack,Dr. Christian Rohrlack,Dr. Christian,Rohrlack,Global Director Commercial Excellence & Marketing,3,marketing_leader_fallback,DK,2024-12-01,https://www.linkedin.com/company/oventrop,Oventrop GmbH & Co. KG,ukeu_universe_candidate,DE
https://www.linkedin.com/in/ilona-vermeer-34313414,Ilona Vermeer,Ilona,Vermeer,Corporate Marketing & Communications Director,2,marketing_communications,NL,2025-06-01,https://www.linkedin.com/company/oxbohq,Oxbo,ukeu_universe_candidate,NL
https://www.linkedin.com/in/sjors-van-deursen-2132b239,Sjors van Deursen,Sjors,van Deursen,Head of Sales & Marketing | EMEA & APAC,3,marketing_leader_fallback,NL,2026-01-01,https://www.linkedin.com/company/oxbohq,Oxbo,ukeu_universe_candidate,NL
https://www.linkedin.com/in/seth-thomforde-09114217a,Seth Thomforde,Seth,Thomforde,Director of Sales & Marketing - Oxbo Forage,3,marketing_leader_fallback,US,2024-01-01,https://www.linkedin.com/company/oxbohq,Oxbo,ukeu_universe_candidate,NL
https://www.linkedin.com/in/relationship,Michael Graham,Michael,Graham,Head of Marketing & Business Development,3,marketing_leader_fallback,GB,2018-01-01,https://www.linkedin.com/company/oxera,Oxera Consulting LLP,ukeu_universe_candidate,GB
https://www.linkedin.com/in/peter-koren-2b27a61ab,Peter Koren,Peter,Koren,Strategic Partner Development Manager,1,channel_dealer_partner_program,AT,2023-09-01,https://www.linkedin.com/company/palfingerag,PALFINGER,ukeu_universe_candidate,AT
https://www.linkedin.com/in/pedro-jose-cavero-relancio-916735a2,Pedro Jose Cavero Relancio,Pedro Jose,Cavero Relancio,Network development Manager MEA Palfinger,1,channel_dealer_partner_program,ES,2022-01-01,https://www.linkedin.com/company/palfingerag,PALFINGER,ukeu_universe_candidate,AT
https://www.linkedin.com/in/staffan-mathiasson-387b08a,Staffan Mathiasson,Staffan,Mathiasson,Network Development Manager,1,channel_dealer_partner_program,SE,2022-07-01,https://www.linkedin.com/company/palfingerag,PALFINGER,ukeu_universe_candidate,AT
https://www.linkedin.com/in/siegfried-lang-02717789,Siegfried Lang,Siegfried,Lang,Sales and Service Network Development Manager,1,channel_dealer_partner_program,AT,2023-04-01,https://www.linkedin.com/company/palfingerag,PALFINGER,ukeu_universe_candidate,AT
https://www.linkedin.com/in/kevin-drotleff-4908a721a,Kevin Drotleff,Kevin,Drotleff,Network Development Manager | Region Südwestdeutschland,1,channel_dealer_partner_program,DE,2026-07-01,https://www.linkedin.com/company/palfingerag,PALFINGER,ukeu_universe_candidate,AT
https://www.linkedin.com/in/anita-schwaighofer-270645225,Anita Schwaighofer,Anita,Schwaighofer,Senior Business Marketing Partner,1,channel_dealer_partner_program,AT,2021-11-01,https://www.linkedin.com/company/palfingerag,PALFINGER,ukeu_universe_candidate,AT
https://www.linkedin.com/in/peter-schiendorfer-aa09ab29a,Peter Schiendorfer,Peter,Schiendorfer,"Strategic Partner Development Manager, SCM",1,channel_dealer_partner_program,AT,2025-03-01,https://www.linkedin.com/company/palfingerag,PALFINGER,ukeu_universe_candidate,AT
https://www.linkedin.com/in/d%c3%a9sir%c3%a9e-o-11b4331a,Désirée O.,Désirée,O.,Head of Marketing & Communication HUB EMEA North / West / Oceania,2,marketing_communications,SE,2026-03-01,https://www.linkedin.com/company/palfingerag,PALFINGER,ukeu_universe_candidate,AT
https://www.linkedin.com/in/barbara-puell-mim-b25482a6,"Barbara Puell, MIM",Barbara,"Puell, MIM",Marketing & Communication Manager,2,marketing_communications,AT,2016-10-01,https://www.linkedin.com/company/palfingerag,PALFINGER,ukeu_universe_candidate,AT
https://www.linkedin.com/in/reneesterbauer,René Esterbauer,René,Esterbauer,Director Experiential Marketing,3,marketing_leader_fallback,AT,2025-12-01,https://www.linkedin.com/company/palfingerag,PALFINGER,ukeu_universe_candidate,AT
https://www.linkedin.com/in/vilavrov,Vitaly Lavrov,Vitaly,Lavrov,Director Global Product Marketing,3,marketing_leader_fallback,AT,2026-02-01,https://www.linkedin.com/company/palfingerag,PALFINGER,ukeu_universe_candidate,AT
https://www.linkedin.com/in/armin-schlamp-06a7655a,Armin Schlamp,Armin,Schlamp,Vice President Marketing and Communications,3,marketing_leader_fallback,AT,2024-01-01,https://www.linkedin.com/company/palfingerag,PALFINGER,ukeu_universe_candidate,AT
https://www.linkedin.com/in/marine-julien-21ba4214,Marine JULIEN,Marine,JULIEN,Responsable marketing,3,marketing_leader_fallback,FR,2022-01-01,https://www.linkedin.com/company/palfingerag,PALFINGER,ukeu_universe_candidate,AT
https://www.linkedin.com/in/matthias-hartl-65b8b6250,Matthias Hartl,Matthias,Hartl,Head of Marketing Hub EMEA Central/East,3,marketing_leader_fallback,DE,-,https://www.linkedin.com/company/palfingerag,PALFINGER,ukeu_universe_candidate,AT
https://www.linkedin.com/in/gene-ayres-b17913100,Gene Ayres,Gene,Ayres,Executive Vice President of Sales and Marketing,3,marketing_leader_fallback,US,2014-04-01,https://www.linkedin.com/company/palfingerag,PALFINGER,ukeu_universe_candidate,AT
https://www.linkedin.com/in/andrzej-skrzy%c5%84ski-558255251,Andrzej Skrzyński,Andrzej,Skrzyński,Sales Network Development Manager,1,channel_dealer_partner_program,PL,2024-12-01,https://www.linkedin.com/company/panasonic-heating-and-cooling-solutions-europe,Panasonic Heating & Cooling Solutions Europe,ukeu_universe_candidate,DE
https://www.linkedin.com/in/angiemoors-menkens,Angie Moors-Menkens,Angie,Moors-Menkens,Marketing Communications Manager,2,marketing_communications,GB,2021-01-01,https://www.linkedin.com/company/panasonic-heating-and-cooling-solutions-europe,Panasonic Heating & Cooling Solutions Europe,ukeu_universe_candidate,DE
https://www.linkedin.com/in/mariusz-gasinski,Mariusz Gasinski,Mariusz,Gasinski,Teamleiter Marketing,3,marketing_leader_fallback,AT,2022-12-01,https://www.linkedin.com/company/panasonic-heating-and-cooling-solutions-europe,Panasonic Heating & Cooling Solutions Europe,ukeu_universe_candidate,DE
https://www.linkedin.com/in/joaofpm,Joao Marques,Joao,Marques,Head of Marketing (UK),3,marketing_leader_fallback,GB,2026-01-01,https://www.linkedin.com/company/panasonic-heating-and-cooling-solutions-europe,Panasonic Heating & Cooling Solutions Europe,ukeu_universe_candidate,DE
https://www.linkedin.com/in/clemens-petzold-42a26bb6,Clemens Petzold,Clemens,Petzold,Head Of Marketing (DACH),3,marketing_leader_fallback,DE,2021-01-01,https://www.linkedin.com/company/panasonic-heating-and-cooling-solutions-europe,Panasonic Heating & Cooling Solutions Europe,ukeu_universe_candidate,DE
https://www.linkedin.com/in/lucademicco,Luca De Micco,Luca,De Micco,"Senior Director - Strategy, Sales & Marketing",3,marketing_leader_fallback,US,2020-01-01,https://www.linkedin.com/company/parker-meggitt,Parker Meggitt,ukeu_universe_candidate,GB
https://www.linkedin.com/in/steve-harrington-59491721,Steve Harrington,Steve,Harrington,Senior Vice President Sales and Marketing,3,marketing_leader_fallback,FR,2015-01-01,https://www.linkedin.com/company/parker-meggitt,Parker Meggitt,ukeu_universe_candidate,GB
https://www.linkedin.com/in/eric-alden-83647a114,Eric Alden,Eric,Alden,"Senior Vice President Of Sales, Strategy, and Marketing; Global Head of Strategy",3,marketing_leader_fallback,US,2016-04-01,https://www.linkedin.com/company/parker-meggitt,Parker Meggitt,ukeu_universe_candidate,GB
https://www.linkedin.com/in/james-whitehouse-9229377,James Whitehouse,James,Whitehouse,"Sr. Director, Marketing & Business Intelligence",3,marketing_leader_fallback,GB,-,https://www.linkedin.com/company/parker-meggitt,Parker Meggitt,ukeu_universe_candidate,GB
https://www.linkedin.com/in/chris-kuble,Chris Kuble,Chris,Kuble,"Director, Sales and Marketing",3,marketing_leader_fallback,US,-,https://www.linkedin.com/company/parker-meggitt,Parker Meggitt,ukeu_universe_candidate,GB
https://www.linkedin.com/in/phyllis-pearce-395ab636,Phyllis Pearce,Phyllis,Pearce,"Sr Vice President, Strategy, Sales & Marketing",3,marketing_leader_fallback,US,2006-01-01,https://www.linkedin.com/company/parker-meggitt,Parker Meggitt,ukeu_universe_candidate,GB
https://www.linkedin.com/in/cjthiele17,Christian Thiele,Christian,Thiele,Pressesprecher | Leiter Marketing und Kommunikation,3,marketing_leader_fallback,DE,2022-01-01,https://www.linkedin.com/company/paul-horn-gmbh,Paul Horn GmbH,ukeu_universe_candidate,DE
https://www.linkedin.com/in/manfred-schwaiger-ba718986,Manfred Schwaiger,Manfred,Schwaiger,Director of Sales and Marketing TiroTool GmbH,3,marketing_leader_fallback,AT,2016-01-01,https://www.linkedin.com/company/paul-horn-gmbh,Paul Horn GmbH,ukeu_universe_candidate,DE
https://www.linkedin.com/in/birgit-schatz,Birgit Schatz,Birgit,Schatz,Marketing & Communication Manager,2,marketing_communications,AT,2026-01-01,https://www.linkedin.com/company/payergroup,PAYER Group,ukeu_universe_candidate,AT
https://www.linkedin.com/in/sophie-biraud-pcm,Sophie BIRAUD (GRUET),Sophie,BIRAUD (GRUET),Head of Marketing & Communications - PCM Group - Comex,2,marketing_communications,FR,-,https://www.linkedin.com/company/pcm_6,PCM,ukeu_universe_candidate,FR
https://www.linkedin.com/in/emma-stephenson-2707996a,Emma Stephenson,Emma,Stephenson,Marketing & Communications Manager at PD&MS Group,2,marketing_communications,GB,2025-01-01,https://www.linkedin.com/company/pd&ms,PD&MS Group,ukeu_universe_candidate,GB
https://www.linkedin.com/in/stefanotenedini,Stefano Tenedini,Stefano,Tenedini,Responsabile stampa e comunicazione,2,marketing_communications,IT,2009-11-01,https://www.linkedin.com/company/pedrollo-s-p-a-,Pedrollo S.p.A.,ukeu_universe_candidate,IT
https://www.linkedin.com/in/juliettemanson,Juliette Manson,Juliette,Manson,Responsable Marketing & Communication,2,marketing_communications,FR,2024-10-01,https://www.linkedin.com/company/pellenc-sa,Pellenc Group,ukeu_universe_candidate,FR
https://www.linkedin.com/in/lacroix-claire-1ab09a17,Lacroix Claire,Lacroix,Claire,Responsable CRM et Marketing Relationnel,3,marketing_leader_fallback,FR,2024-11-01,https://www.linkedin.com/company/pellenc-sa,Pellenc Group,ukeu_universe_candidate,FR
https://www.linkedin.com/in/barry-parsisson-8029b12a7,Barry Parsisson,Barry,Parsisson,Director of Product Marketing,3,marketing_leader_fallback,GB,-,https://www.linkedin.com/company/perkins-engines-company-limited,Perkins Engines Company Limited,ukeu_universe_candidate,GB
https://www.linkedin.com/in/paulinemayr,Pauline Mayr,Pauline,Mayr,Head of Global Marketing,3,marketing_leader_fallback,DE,2023-09-01,https://www.linkedin.com/company/perma-tec,perma-tec GmbH & Co. KG,ukeu_universe_candidate,DE
https://www.linkedin.com/in/yuliya-kononenko-0409a3110,Yuliya Kononenko,Yuliya,Kononenko,Head of Marketing Communications Department,2,marketing_communications,FR,2015-11-01,https://www.linkedin.com/company/pet-technologies,PET Technologies,ukeu_universe_candidate,AT
https://www.linkedin.com/in/tetiana-pronikova,Tetiana P.,Tetiana,P.,Chief Marketing Officer,3,marketing_leader_fallback,US,2023-08-01,https://www.linkedin.com/company/pet-technologies,PET Technologies,ukeu_universe_candidate,AT
https://www.linkedin.com/in/michael-sauer-a062b2a4,Michael Sauer,Michael,Sauer,Leiter Marketingkommunikation,2,marketing_communications,DE,2010-01-01,https://www.linkedin.com/company/huber-inspiredbytemperature,Peter Huber Kältemaschinenbau SE,ukeu_universe_candidate,DE
https://www.linkedin.com/in/katharinastampfer,Katharina Stampfer,Katharina,Stampfer,Head of Marketing & Digital,3,marketing_leader_fallback,AT,2019-01-01,https://www.linkedin.com/company/pewag,pewag,ukeu_universe_candidate,AT
https://www.linkedin.com/in/alexandra-blum-64548716a,Alexandra Blum,Alexandra,Blum,Senior Vice President Global Marketing,3,marketing_leader_fallback,DE,2024-05-01,https://www.linkedin.com/company/physik-instrumente-group,PI (Physik Instrumente) Group,ukeu_universe_candidate,DE
https://www.linkedin.com/in/doris-knauer,Doris Knauer,Doris,Knauer,Director Marketing Strategy,3,marketing_leader_fallback,DE,2026-01-01,https://www.linkedin.com/company/physik-instrumente-group,PI (Physik Instrumente) Group,ukeu_universe_candidate,DE
https://www.linkedin.com/in/francescapegoraro,Francesca Pegoraro,Francesca,Pegoraro,Marketing Communication Manager,2,marketing_communications,IT,2023-05-01,https://www.linkedin.com/company/pmp-industries,"PMP, the Application Specialist",ukeu_universe_candidate,IT
https://www.linkedin.com/in/massimo-boscarino-6473158,Massimo Boscarino,Massimo,Boscarino,Sales Director - Sales & Marketing Efficiency Director,3,marketing_leader_fallback,FR,2008-01-01,https://www.linkedin.com/company/poclain,Poclain,ukeu_universe_candidate,FR
https://www.linkedin.com/in/nathalie-mommel%c3%a9-gaschen-196616223,Nathalie Mommelé Gaschen,Nathalie,Mommelé Gaschen,Responsable Downstream Marketing,3,marketing_leader_fallback,FR,-,https://www.linkedin.com/company/poclain,Poclain,ukeu_universe_candidate,FR
https://www.linkedin.com/in/danny-baker-9b33063a,Danny Baker,Danny,Baker,Business Development Manager - Global Trading Partners,1,channel_dealer_partner_program,GB,2018-01-01,https://www.linkedin.com/company/polifilm-gmbh,POLIFILM,ukeu_universe_candidate,DE
https://www.linkedin.com/in/samuel-vidgren-895a6a143,Samuel Vidgren,Samuel,Vidgren,"Area Manager, USA dealer network",1,channel_dealer_partner_program,FI,-,https://www.linkedin.com/company/ponsse-oyj,Ponsse,ukeu_universe_candidate,FI
https://www.linkedin.com/in/per%c3%a4talo-harri-8b8ba1a6,Perätalo Harri,Perätalo,Harri,"Manager, Service network development",1,channel_dealer_partner_program,FI,2024-06-01,https://www.linkedin.com/company/ponsse-oyj,Ponsse,ukeu_universe_candidate,FI
https://www.linkedin.com/in/birgitta-gittan-nilsson-b844661b,"Birgitta ""Gittan"" Nilsson","Birgitta ""Gittan""",Nilsson,Area Marketing & Communications Manager Nordic,2,marketing_communications,SE,2025-06-01,https://www.linkedin.com/company/ponsse-oyj,Ponsse,ukeu_universe_candidate,FI
https://www.linkedin.com/in/praher-plastics-austria-gmbh-6174ba127,Praher Plastics Austria GmbH,Praher,Plastics Austria GmbH,Head of Marketing,3,marketing_leader_fallback,AT,2014-09-01,https://www.linkedin.com/company/praher-plastics-austria-gmbh,Praher Plastics Austria GmbH,ukeu_universe_candidate,AT
https://www.linkedin.com/in/hardy5tx,Rich H.,Rich,H.,"Director of Product Management, Marketing, and Strategy",3,marketing_leader_fallback,US,2025-11-01,https://www.linkedin.com/company/precision-polymer-engineering-limited,Precision Polymer Engineering Limited,ukeu_universe_candidate,GB
https://www.linkedin.com/in/klaus-r%c3%bcster-a09a5b82,Klaus Rüster,Klaus,Rüster,"Abteilungsleiter Vertrieb Montageanlagen, Marketing",3,marketing_leader_fallback,DE,2000-01-01,https://www.linkedin.com/company/preh,Preh Group,ukeu_universe_candidate,DE
https://www.linkedin.com/in/andrea-bottini-664b158,Andrea Bottini,Andrea,Bottini,Fleet & Network Manager - Marketing HQ,1,channel_dealer_partner_program,IT,2025-08-01,https://www.linkedin.com/company/prometeontyregroup,PROMETEON TYRE GROUP,ukeu_universe_candidate,IT
https://www.linkedin.com/in/giulia-lagorio-177511154,Giulia Lagorio,Giulia,Lagorio,Network Planning Replacement Manager,1,channel_dealer_partner_program,IT,-,https://www.linkedin.com/company/prometeontyregroup,PROMETEON TYRE GROUP,ukeu_universe_candidate,IT
https://www.linkedin.com/in/elia-macario-5a5340168,Elia Macario,Elia,Macario,Italy Fleet & Network Solutions Manager,1,channel_dealer_partner_program,IT,2025-04-01,https://www.linkedin.com/company/prometeontyregroup,PROMETEON TYRE GROUP,ukeu_universe_candidate,IT
https://www.linkedin.com/in/violetta-kohler-6515697a,Violetta Kohler,Violetta,Kohler,Internal Communications & Marketing Communications Manager,2,marketing_communications,DE,2022-03-01,https://www.linkedin.com/company/prominentgroup,ProMinent Group,ukeu_universe_candidate,DE
https://www.linkedin.com/in/ulrike-reinhard,Ulrike Reinhard,Ulrike,Reinhard,"Director Global Marketing | Corporate Communications, Brand, Digital Sales, Learning & Academy",3,marketing_leader_fallback,DE,2024-01-01,https://www.linkedin.com/company/prominentgroup,ProMinent Group,ukeu_universe_candidate,DE
https://www.linkedin.com/in/andreaszuehlcke,Andreas Zühlcke,Andreas,Zühlcke,VP Product Management and Marketing / Prokurist,3,marketing_leader_fallback,DE,2022-09-01,https://www.linkedin.com/company/prominentgroup,ProMinent Group,ukeu_universe_candidate,DE
https://www.linkedin.com/in/michael-sch%c3%a4fer-om,Michael Schäfer,Michael,Schäfer,Head of Global Digital Marketing,3,marketing_leader_fallback,DE,2024-01-01,https://www.linkedin.com/company/prominentgroup,ProMinent Group,ukeu_universe_candidate,DE
https://www.linkedin.com/in/antoinegueville,Antoine GUEVILLE ✔️,Antoine,GUEVILLE ✔️,Directeur Marketing & Digital - CMO,3,marketing_leader_fallback,FR,2021-01-01,https://www.linkedin.com/company/proxiserve,PROXISERVE,ukeu_universe_candidate,FR
https://www.linkedin.com/in/stefan-haug-47994516a,Stefan Haug,Stefan,Haug,Global Head of Marketing and Product Management,3,marketing_leader_fallback,DE,2025-11-01,https://www.linkedin.com/company/putzmeister-group,Putzmeister Group,ukeu_universe_candidate,DE
https://www.linkedin.com/in/sjoerd-van-de-steene-2446141,Sjoerd van de Steene,Sjoerd,van de Steene,Head Of Marketing,3,marketing_leader_fallback,NL,2021-08-01,https://www.linkedin.com/company/pvg,PVG,ukeu_universe_candidate,NL
https://www.linkedin.com/in/anna-neumayr-526165227,Anna Neumayr,Anna,Neumayr,Head of Marketing Services,3,marketing_leader_fallback,AT,2025-01-01,https://www.linkedin.com/company/p%c3%b6ttinger-landtechnik-gmbh,PÖTTINGER Landtechnik GmbH,ukeu_universe_candidate,AT
https://www.linkedin.com/in/ahuitema,Age Huitema,Age,Huitema,Head of Marketing & Customer Journey,3,marketing_leader_fallback,NL,2025-10-01,https://www.linkedin.com/company/quatt-heat,Quatt,ukeu_universe_candidate,NL
https://www.linkedin.com/in/jerome-guerry-3a9300185,Jerome GUERRY,Jerome,GUERRY,Responsable communication marketing,2,marketing_communications,FR,2019-03-01,https://www.linkedin.com/company/rabaud-sas,RABAUD,ukeu_universe_candidate,FR
https://www.linkedin.com/in/dionneknowles,Dionne Knowles,Dionne,Knowles,Head of Marketing,3,marketing_leader_fallback,GB,2022-11-01,https://www.linkedin.com/company/radius-systems-ltd,Radius Systems,ukeu_universe_candidate,GB
https://www.linkedin.com/in/jonathan-briys-405359b0,Jonathan Briys,Jonathan,Briys,Responsable marketing et développement,3,marketing_leader_fallback,FR,2007-06-01,https://www.linkedin.com/company/rbmspa,RBM S.p.A.,ukeu_universe_candidate,IT
https://www.linkedin.com/in/konrad-berger-485829108,Konrad Berger,Konrad,Berger,Head Of Global Marketing,3,marketing_leader_fallback,AT,2013-07-01,https://www.linkedin.com/company/recom-power-inc-,RECOM Power,ukeu_universe_candidate,AT
https://www.linkedin.com/in/dr-peter-hutterer-1504b4178,Peter Hutterer,Peter,Hutterer,Head of Product Management and Marketing,3,marketing_leader_fallback,AT,2025-07-01,https://www.linkedin.com/company/reform-werke-bauer-&-co,Reform-Werke Bauer & Co Gesellschaft m.b.H.,ukeu_universe_candidate,AT
https://www.linkedin.com/in/doha-sebti,Doha Sebti,Doha,Sebti,Communications & marketing manager,2,marketing_communications,FR,2023-07-01,https://www.linkedin.com/company/regnology,Regnology,ukeu_universe_candidate,DE
https://www.linkedin.com/in/m1re1lle,Mireille Adebiyi,Mireille,Adebiyi,"Chief Marketing Officer, Executive Leadership Team & MD Regnology France",3,marketing_leader_fallback,FR,2022-06-01,https://www.linkedin.com/company/regnology,Regnology,ukeu_universe_candidate,DE
https://www.linkedin.com/in/ancabontea,Anca B.,Anca,B.,"Associate Director, Digital Marketing",3,marketing_leader_fallback,GB,2025-12-01,https://www.linkedin.com/company/regnology,Regnology,ukeu_universe_candidate,DE
https://www.linkedin.com/in/yvonne-wunderlich-438689155,Yvonne Wunderlich,Yvonne,Wunderlich,Marketing Communication Manager,2,marketing_communications,DE,2025-01-01,https://www.linkedin.com/company/rehau-industrial-solutions,REHAU Industrial Solutions,ukeu_universe_candidate,DE
https://www.linkedin.com/in/jesse-collins-9144b96a,Jesse Collins,Jesse,Collins,Director Marketing Communications,2,marketing_communications,US,2021-07-01,https://www.linkedin.com/company/rehauinterior,REHAU Interior Solutions,ukeu_universe_candidate,DE
https://www.linkedin.com/in/celine-croissant,Céline Croissant,Céline,Croissant,Responsable Marketing  | France & Benelux markets,3,marketing_leader_fallback,ES,2024-09-01,https://www.linkedin.com/company/rehauinterior,REHAU Interior Solutions,ukeu_universe_candidate,DE
https://www.linkedin.com/in/dan-pogaceanu-1b986984,Dan Pogaceanu,Dan,Pogaceanu,Director Sales & Marketing - Southeast Europe - Interior Solutions ISS,3,marketing_leader_fallback,AT,2019-07-01,https://www.linkedin.com/company/rehauinterior,REHAU Interior Solutions,ukeu_universe_candidate,DE
https://www.linkedin.com/in/minerva-s%c3%a1nchez-65092611,Minerva Sánchez,Minerva,Sánchez,Director de marketing y relaciones públicas,3,marketing_leader_fallback,ES,2023-05-01,https://www.linkedin.com/company/rehauinterior,REHAU Interior Solutions,ukeu_universe_candidate,DE
https://www.linkedin.com/in/jule-baltrusch-615017254,Jule Baltrusch,Jule,Baltrusch,Head of Marketing,3,marketing_leader_fallback,DE,-,https://www.linkedin.com/company/reintjes-gmbh,REINTJES Group,ukeu_universe_candidate,DE
https://www.linkedin.com/in/philip-k%c3%b6ster-07b75587,Philip Köster,Philip,Köster,Head of Marketing,3,marketing_leader_fallback,DE,2023-01-01,https://www.linkedin.com/company/reitz-group,Reitz Group,ukeu_universe_candidate,DE
https://www.linkedin.com/in/francesc-callejas-%e2%98%81%ef%b8%8f%e2%98%98%ef%b8%8f-99416a90,Francesc Callejas ☁️☘️,Francesc,Callejas ☁️☘️,Chief Digital and Marketing Officer (CDO/CIO & CMO),3,marketing_leader_fallback,ES,2024-01-01,https://www.linkedin.com/company/relats,Relats,ukeu_universe_candidate,ES
https://www.linkedin.com/in/silviamu%c3%b1ozbarcelo,Sílvia Muñoz Barceló,Sílvia,Muñoz Barceló,Responsable de Marketing,3,marketing_leader_fallback,ES,2015-11-01,https://www.linkedin.com/company/relats,Relats,ukeu_universe_candidate,ES
https://www.linkedin.com/in/andy-perfect-48829132,Andy Perfect,Andy,Perfect,Dealer Development Manager UK and Ireland,1,channel_dealer_partner_program,GB,2019-05-01,https://www.linkedin.com/company/renault-trucks-uk,Renault Trucks UK,ukeu_universe_candidate,GB
https://www.linkedin.com/in/natalie-rawlings-9690634a,Natalie Rawlings,Natalie,Rawlings,Events & Dealer Marketing Manager,1,channel_dealer_partner_program,GB,2015-09-01,https://www.linkedin.com/company/renault-trucks-uk,Renault Trucks UK,ukeu_universe_candidate,GB
https://www.linkedin.com/in/madison-dixon-2072101a9,Madison Dixon,Madison,Dixon,Marketing Communications Manager,2,marketing_communications,GB,2024-03-01,https://www.linkedin.com/company/renault-trucks-uk,Renault Trucks UK,ukeu_universe_candidate,GB
https://www.linkedin.com/in/andrew-woods-3bb80010,Andrew Woods,Andrew,Woods,Network Manager,1,channel_dealer_partner_program,GB,-,https://www.linkedin.com/company/renold-plc,Renold Ltd.,ukeu_universe_candidate,GB
https://www.linkedin.com/in/daniel-milam-1bb236158,Daniel Milam,Daniel,Milam,Director of Marketing And Product Management,3,marketing_leader_fallback,US,2022-09-01,https://www.linkedin.com/company/renold-plc,Renold Ltd.,ukeu_universe_candidate,GB
https://www.linkedin.com/in/rainer-albes-8a847211b,Rainer Albes,Rainer,Albes,Director Produktmanagement & Marketing Renold Tooth Chain,3,marketing_leader_fallback,DE,2019-09-01,https://www.linkedin.com/company/renold-plc,Renold Ltd.,ukeu_universe_candidate,GB
https://www.linkedin.com/in/lauren-fuller-lamb,Lauren (Fuller) Lamb,Lauren,(Fuller) Lamb,Director of External Communications & Marketing | Communications & Business Development,2,marketing_communications,US,2024-03-01,https://www.linkedin.com/company/rentschler-biopharma,Rentschler Biopharma,ukeu_universe_candidate,DE
https://www.linkedin.com/in/silja-maria-wiedeking,Silja Maria Wiedeking,Silja Maria,Wiedeking,Senior Manager Communications & Marketing,2,marketing_communications,DE,2024-01-01,https://www.linkedin.com/company/rentschler-biopharma,Rentschler Biopharma,ukeu_universe_candidate,DE
https://www.linkedin.com/in/dr-latika-bhonsle-deeng-b6268525,Dr. Latika Bhonsle-Deeng,Dr. Latika,Bhonsle-Deeng,VP Global Marketing and Corporate Communications,3,marketing_leader_fallback,DE,2026-05-01,https://www.linkedin.com/company/rentschler-biopharma,Rentschler Biopharma,ukeu_universe_candidate,DE
https://www.linkedin.com/in/log2vicky,Riley Mitchell.,Riley,Mitchell.,Vice President of Marketing and Sales,3,marketing_leader_fallback,US,2017-05-01,https://www.linkedin.com/company/rentschler-biopharma,Rentschler Biopharma,ukeu_universe_candidate,DE
https://www.linkedin.com/in/alessandro-d-amore,Alessandro D'Amore,Alessandro,D'Amore,Marketing Manager | Product Marketing | OEM Partnerships,1,channel_dealer_partner_program,IT,2023-11-01,https://www.linkedin.com/company/repagroup,REPA,ukeu_universe_candidate,DE
https://www.linkedin.com/in/lisa-comandini-4baa8910,Lisa Comandini,Lisa,Comandini,Head of Marketing,3,marketing_leader_fallback,IT,2025-06-01,https://www.linkedin.com/company/repagroup,REPA,ukeu_universe_candidate,DE
https://www.linkedin.com/in/vikram-s-64a2a9157,Vikram S.,Vikram,S.,"Director, New Services Program, Marketing & Communications",2,marketing_communications,FR,2024-10-01,https://www.linkedin.com/company/revimagroup,REVIMA,ukeu_universe_candidate,FR
https://www.linkedin.com/in/karolin-schnell-364b6a1a1,Karolin Schnell,Karolin,Schnell,Head of Internal Sales & Marketing,3,marketing_leader_fallback,DE,2023-11-01,https://www.linkedin.com/company/rickmeier-gmbh,RICKMEIER GmbH,ukeu_universe_candidate,DE
https://www.linkedin.com/in/anjaoostermann,Anja Oostermann,Anja,Oostermann,Director Marketing EMEA,3,marketing_leader_fallback,DE,2025-08-01,https://www.linkedin.com/company/riedel-kooling,Riedel Kooling,ukeu_universe_candidate,DE
https://www.linkedin.com/in/silviacarestia,Silvia Carestia,Silvia,Carestia,Marketing & Communication Lead,2,marketing_communications,IT,2025-07-01,https://www.linkedin.com/company/riello-global,RIELLO,ukeu_universe_candidate,IT
https://www.linkedin.com/in/klaus-fonrodona-6843b329,Klaus Fonrodona,Klaus,Fonrodona,Business Development Manager - Distribution,1,channel_dealer_partner_program,DE,2023-01-01,https://www.linkedin.com/company/ringfeder-power-transmission,RINGFEDER POWER TRANSMISSION,ukeu_universe_candidate,DE
https://www.linkedin.com/in/asifibhuiya,Asif Ikbal Bhuiya,Asif Ikbal,Bhuiya,Director Global Marketing and Sales Technology,3,marketing_leader_fallback,DE,2024-01-01,https://www.linkedin.com/company/ringfeder-power-transmission,RINGFEDER POWER TRANSMISSION,ukeu_universe_candidate,DE
https://www.linkedin.com/in/tim-kramer-74591369,Tim Kramer,Tim,Kramer,Director Product Management & Product Marketing / Rittal Automation Systems,3,marketing_leader_fallback,DE,2017-01-01,https://www.linkedin.com/company/rittal,Rittal GmbH & Co. KG,ukeu_universe_candidate,DE
https://www.linkedin.com/in/carolin-schwehn-franz-0088582b6,Carolin Schwehn-Franz,Carolin,Schwehn-Franz,Vice President Marketing,3,marketing_leader_fallback,DE,2025-03-01,https://www.linkedin.com/company/rittal,Rittal GmbH & Co. KG,ukeu_universe_candidate,DE
https://www.linkedin.com/in/lea-s-0aa104b0,Lea S.,Lea,S.,Head of Marketing Strategy,3,marketing_leader_fallback,DE,2023-09-01,https://www.linkedin.com/company/rittal,Rittal GmbH & Co. KG,ukeu_universe_candidate,DE
https://www.linkedin.com/in/marie-elisabeth-chmura-geb-swoboda-7bb1a4156,Marie-Elisabeth Chmura (geb. Swoboda),Marie-Elisabeth,Chmura (geb. Swoboda),Head of Product Marketing RAS,3,marketing_leader_fallback,DE,2025-07-01,https://www.linkedin.com/company/rittal,Rittal GmbH & Co. KG,ukeu_universe_candidate,DE
https://www.linkedin.com/in/rebecca-munsch-79317a89,Rebecca Munsch,Rebecca,Munsch,Head of Marketing Strategy,3,marketing_leader_fallback,DE,2024-11-01,https://www.linkedin.com/company/rittal,Rittal GmbH & Co. KG,ukeu_universe_candidate,DE
https://www.linkedin.com/in/josselin-poirier-95b07154,Josselin POIRIER,Josselin,POIRIER,Directeur commercial et marketing,3,marketing_leader_fallback,FR,2022-07-01,https://www.linkedin.com/company/rivard-international,RIVARD,ukeu_universe_candidate,FR
https://www.linkedin.com/in/alexandra-jaranilla-5a19b014,Alexandra Jaranilla,Alexandra,Jaranilla,Director Corporate Marketing & Communications,2,marketing_communications,DE,2003-03-01,https://www.linkedin.com/company/rkw-group,RKW Group,ukeu_universe_candidate,DE
https://www.linkedin.com/in/mareike-frech-314a40b1,Mareike Frech,Mareike,Frech,Manager Marketing Communications,2,marketing_communications,DE,2025-05-01,https://www.linkedin.com/company/rkw-group,RKW Group,ukeu_universe_candidate,DE
https://www.linkedin.com/in/oliver-salvador-solorzano-m%c3%bcller,Oliver Solorzano,Oliver,Solorzano,"Director Sales & Marketing, Hygiene",3,marketing_leader_fallback,DE,2021-09-01,https://www.linkedin.com/company/rkw-group,RKW Group,ukeu_universe_candidate,DE
https://www.linkedin.com/in/ondrej-t-ba619311,Ondrej T.,Ondrej,T.,Vice President of Sales & Marketing,3,marketing_leader_fallback,US,2026-03-01,https://www.linkedin.com/company/rkw-group,RKW Group,ukeu_universe_candidate,DE
https://www.linkedin.com/in/christian-metz-648b61128,Christian Metz,Christian,Metz,Director Marketing & Product Management,3,marketing_leader_fallback,DE,-,https://www.linkedin.com/company/rmg-messtechnik,RMG Messtechnik GmbH,ukeu_universe_candidate,DE
https://www.linkedin.com/in/j%c3%b6rg-sch%c3%b6nbach-4258b11a8,Jörg Schönbach,Jörg,Schönbach,Global Head of Marketing and Product management,3,marketing_leader_fallback,DE,2020-01-01,https://www.linkedin.com/company/rmg-messtechnik,RMG Messtechnik GmbH,ukeu_universe_candidate,DE
https://www.linkedin.com/in/framatho,Frank Thomas,Frank,Thomas,Head of Brand & Communication,2,marketing_communications,DE,2025-03-01,https://www.linkedin.com/company/robatherm,robatherm,ukeu_universe_candidate,DE
https://www.linkedin.com/in/danilo-gamba-44b31623,Danilo Gamba,Danilo,Gamba,Responsabile Comunicazione e Immagine,2,marketing_communications,IT,-,https://www.linkedin.com/company/rolfo-s.p.a.,ROLFO Group,ukeu_universe_candidate,IT
https://www.linkedin.com/in/gilles-capitaine-3a471557,Gilles Capitaine,Gilles,Capitaine,Responsable Marketing & Communication,2,marketing_communications,FR,2018-09-01,https://www.linkedin.com/company/rolland-trailer,ROLLAND,ukeu_universe_candidate,FR
https://www.linkedin.com/in/andreas-h%c3%a4u%c3%9fner-86b2218b,Andreas Häußner,Andreas,Häußner,Vice President Marketing,3,marketing_leader_fallback,DE,2014-07-01,https://www.linkedin.com/company/rommelag,Rommelag,ukeu_universe_candidate,DE
https://www.linkedin.com/in/martin-ganzera-999719174,Martin Ganzera,Martin,Ganzera,Head of Marketing,3,marketing_leader_fallback,DE,2008-03-01,https://www.linkedin.com/company/rosenberg-ventilatoren-gmbh,Rosenberg Ventilatoren GmbH,ukeu_universe_candidate,DE
https://www.linkedin.com/in/thomas-l%c3%b6del-8793a096,Thomas Lödel,Thomas,Lödel,Global Head of Marketing,3,marketing_leader_fallback,DE,2023-01-01,https://www.linkedin.com/company/rothenberger-gruppe,ROTHENBERGER Group,ukeu_universe_candidate,DE
https://www.linkedin.com/in/stefanbergstr%c3%b6m,Stefan Bergström,Stefan,Bergström,VP Marketing and Sales,3,marketing_leader_fallback,SE,2023-09-01,https://www.linkedin.com/company/rototiltgroup,Rototilt Group AB,ukeu_universe_candidate,SE
https://www.linkedin.com/in/caroline-grant-mcipd-163977195,Caroline Grant MCIPD,Caroline,Grant MCIPD,Learning and Development Buisness Partner,1,channel_dealer_partner_program,GB,2019-11-01,https://www.linkedin.com/company/routeco,Routeco,ukeu_universe_candidate,GB
https://www.linkedin.com/in/fran-dendooven-abb98a185,Fran Dendooven,Fran,Dendooven,Marcom Manager,2,marketing_communications,BE,2024-01-01,https://www.linkedin.com/company/roxell,Roxell,ukeu_universe_candidate,BE
https://www.linkedin.com/in/miapappijn,Mia Pappijn,Mia,Pappijn,Marcom Manager,2,marketing_communications,BE,2025-08-01,https://www.linkedin.com/company/roxell,Roxell,ukeu_universe_candidate,BE
https://www.linkedin.com/in/ola-weidenberg-7a897b1,Ola Weidenberg,Ola,Weidenberg,Executive Vice President Marketing and Business Area Power and Process Industry,3,marketing_leader_fallback,SE,-,https://www.linkedin.com/company/roxtec-group,Roxtec Group,ukeu_universe_candidate,SE
https://www.linkedin.com/in/bob-janson-98594561,Bob Janson,Bob,Janson,Manager Network Management,1,channel_dealer_partner_program,NL,2026-04-01,https://www.linkedin.com/company/denhartogh,Royal Den Hartogh Logistics,ukeu_universe_candidate,NL
https://www.linkedin.com/in/luke-van-de-bunt-82026731,Luke van de Bunt,Luke,van de Bunt,Manager Network Planning & Pricing,1,channel_dealer_partner_program,NL,2026-02-01,https://www.linkedin.com/company/denhartogh,Royal Den Hartogh Logistics,ukeu_universe_candidate,NL
https://www.linkedin.com/in/pieter-den-hartogh-6600b18,Pieter den Hartogh,Pieter,den Hartogh,CMO ( chief moving officer ),3,marketing_leader_fallback,NL,2006-01-01,https://www.linkedin.com/company/denhartogh,Royal Den Hartogh Logistics,ukeu_universe_candidate,NL
https://www.linkedin.com/in/marcus-schmidt-627534b2,Marcus Schmidt,Marcus,Schmidt,Director Sales and Marketing,3,marketing_leader_fallback,DE,2026-08-01,https://www.linkedin.com/company/ruck-ventilatoren-gmbh,ruck Ventilatoren GmbH,ukeu_universe_candidate,DE
https://www.linkedin.com/in/marcus-puknatis,Marcus Puknatis,Marcus,Puknatis,Leiter Globales Marketing,3,marketing_leader_fallback,DE,2024-07-01,https://www.linkedin.com/company/ruck-ventilatoren-gmbh,ruck Ventilatoren GmbH,ukeu_universe_candidate,DE
https://www.linkedin.com/in/katrin-herrmann-sales-director-fan-motor-industry,Katrin Herrmann,Katrin,Herrmann,Director Sales and Marketing,3,marketing_leader_fallback,DE,2022-11-01,https://www.linkedin.com/company/ruck-ventilatoren-gmbh,ruck Ventilatoren GmbH,ukeu_universe_candidate,DE
https://www.linkedin.com/in/jens-hausschild-64a9311b2,Jens Hausschild,Jens,Hausschild,Head Of Marketing,3,marketing_leader_fallback,DE,-,https://www.linkedin.com/company/ruck-ventilatoren-gmbh,ruck Ventilatoren GmbH,ukeu_universe_candidate,DE
https://www.linkedin.com/in/enricoaledi,Enrico Aledi,Enrico,Aledi,Corporate Marketing & Communication Manager,2,marketing_communications,IT,2019-01-01,https://www.linkedin.com/company/rulmeca,RULMECA,ukeu_universe_candidate,IT
https://www.linkedin.com/in/alexandra-ulbricht-765756150,Alexandra Ulbricht,Alexandra,Ulbricht,Head of Marketing,3,marketing_leader_fallback,DE,2017-10-01,https://www.linkedin.com/company/ruthmann,RUTHMANN Holdings GmbH,ukeu_universe_candidate,DE
https://www.linkedin.com/in/ga%c3%abtan-godard-13a62710,Gaëtan Godard,Gaëtan,Godard,Directeur commercial et marketing,3,marketing_leader_fallback,FR,2025-02-01,https://www.linkedin.com/company/sadev-industries,SADEV Industries,ukeu_universe_candidate,FR
https://www.linkedin.com/in/massimosilvestri,Massimo Silvestri,Massimo,Silvestri,Chief Marketing Officer & Business Developer,3,marketing_leader_fallback,IT,2022-04-01,https://www.linkedin.com/company/saes-getters,SAES,ukeu_universe_candidate,IT
https://www.linkedin.com/in/mikaeldufourd,Mikael Dufourd,Mikael,Dufourd,Head of Business unit & Marketing,3,marketing_leader_fallback,FR,2026-01-01,https://www.linkedin.com/company/safemetal,Safe Metal,ukeu_universe_candidate,CH
https://www.linkedin.com/in/luca-roffi-3a76a636,Luca Roffi,Luca,Roffi,Vice President Global Sales Marketing,3,marketing_leader_fallback,IT,2025-10-01,https://www.linkedin.com/company/safim-spa,SAFIM Srl,ukeu_universe_candidate,IT
https://www.linkedin.com/in/sven-m%c3%a4der-1757881a,Sven Mäder,Sven,Mäder,Geschäftsbereichsleiter Marketing & Medien,3,marketing_leader_fallback,DE,2018-05-01,https://www.linkedin.com/company/saier-group,SAIER Group,ukeu_universe_candidate,DE
https://www.linkedin.com/in/ganzarain,Borja Ganzarain - Salto Systems,Borja,Ganzarain - Salto Systems,"Channel, brand and content marketing manager",1,channel_dealer_partner_program,ES,2009-07-01,https://www.linkedin.com/company/salto-systems-s-l-,Salto,ukeu_universe_candidate,ES
https://www.linkedin.com/in/lesley-tollan-5a043a4b,Lesley Tollan,Lesley,Tollan,Partner Development Manager - North West,1,channel_dealer_partner_program,GB,2026-01-01,https://www.linkedin.com/company/salto-systems-s-l-,Salto,ukeu_universe_candidate,ES
https://www.linkedin.com/in/catherine-melet-6a839383,Catherine MELET,Catherine,MELET,Responsable Marketing Communication,2,marketing_communications,FR,2004-02-01,https://www.linkedin.com/company/salto-systems-s-l-,Salto,ukeu_universe_candidate,ES
https://www.linkedin.com/in/marc-handels-65111b5,Marc Handels,Marc,Handels,Vice President Marketing & Sales,3,marketing_leader_fallback,ES,2001-02-01,https://www.linkedin.com/company/salto-systems-s-l-,Salto,ukeu_universe_candidate,ES
https://www.linkedin.com/in/sandra-dostert-b2b-marketing,Sandra Dostert,Sandra,Dostert,"Head of Marketing D-A-CH / Paint, adhesives & sealants",3,marketing_leader_fallback,DE,2021-09-01,https://www.linkedin.com/company/sames-company,Sames,ukeu_universe_candidate,FR
https://www.linkedin.com/in/elisa-lotutala,Elisa Lotutala,Elisa,Lotutala,Head of Marketing D-A-CH,3,marketing_leader_fallback,FR,2026-03-01,https://www.linkedin.com/company/sames-company,Sames,ukeu_universe_candidate,FR
https://www.linkedin.com/in/marie-anne-guilldou-54144859,Marie-Anne Guilldou,Marie-Anne,Guilldou,Responsable Marketing Opérationnel,3,marketing_leader_fallback,FR,2009-08-01,https://www.linkedin.com/company/sames-company,Sames,ukeu_universe_candidate,FR
https://www.linkedin.com/in/rafacesan,Rafael Ceñal Sanvicente,Rafael,Ceñal Sanvicente,Responsable de Marketing web,3,marketing_leader_fallback,ES,2023-02-01,https://www.linkedin.com/company/samoaindustrial,SAMOA Industrial,ukeu_universe_candidate,ES
https://www.linkedin.com/in/alfonso-matta-7573098,Alfonso Matta,Alfonso,Matta,"Business Development Manager, Strategic Projects & Distributors,South Europe Middle East and CIS",1,channel_dealer_partner_program,ES,2023-03-01,https://www.linkedin.com/company/sandvik,Sandvik,ukeu_universe_candidate,SE
https://www.linkedin.com/in/miika-kaski-329b894,miika kaski,miika,kaski,"Manager, Ecosystems and Network Development",1,channel_dealer_partner_program,FI,2025-01-01,https://www.linkedin.com/company/sandvik,Sandvik,ukeu_universe_candidate,SE
https://www.linkedin.com/in/alanaweibull,Alana Weibull,Alana,Weibull,"Vice President and Head of Marketing & Communications, Business Area Intelligent Manufacturing",2,marketing_communications,SE,2026-05-01,https://www.linkedin.com/company/sandvik,Sandvik,ukeu_universe_candidate,SE
https://www.linkedin.com/in/lena-berg,Lena Berg,Lena,Berg,"VP Marketing and Communication, Sandvik Additive Manufacturing",3,marketing_leader_fallback,SE,2017-09-01,https://www.linkedin.com/company/sandvik,Sandvik,ukeu_universe_candidate,SE
https://www.linkedin.com/in/tiinaheinio,Tiina Heinio,Tiina,Heinio,"Vice President, Marketing and Communications",3,marketing_leader_fallback,FI,2020-11-01,https://www.linkedin.com/company/sandvik,Sandvik,ukeu_universe_candidate,SE
https://www.linkedin.com/in/lisahillerstrom,Lisa Hillerström,Lisa,Hillerström,Director Global Marketing and Communications,3,marketing_leader_fallback,SE,2025-11-01,https://www.linkedin.com/company/sandvik,Sandvik,ukeu_universe_candidate,SE
https://www.linkedin.com/in/bengtssonpetter,Petter Bengtsson,Petter,Bengtsson,Director Marketing and Communications,3,marketing_leader_fallback,SE,2024-02-01,https://www.linkedin.com/company/sandvik,Sandvik,ukeu_universe_candidate,SE
https://www.linkedin.com/in/sandra-anderstedt,Sandra Anderstedt,Sandra,Anderstedt,"Vice President and Head of Marketing and Communications, Machining at Sandvik",3,marketing_leader_fallback,SE,2026-04-01,https://www.linkedin.com/company/sandvik,Sandvik,ukeu_universe_candidate,SE
https://www.linkedin.com/in/dinopucek,Pucek Dino,Pucek,Dino,Marketing Communications Manager,2,marketing_communications,HR,2014-12-01,https://www.linkedin.com/company/sanhuaeurope,Sanhua International Europe S.L.,ukeu_universe_candidate,ES
https://www.linkedin.com/in/vicky-engsted-32b7a021,Vicky Engsted,Vicky,Engsted,Head of Marketing and Communication,3,marketing_leader_fallback,DK,2024-11-01,https://www.linkedin.com/company/sanovo-technology-group,SANOVO TECHNOLOGY GROUP,ukeu_universe_candidate,DK
https://www.linkedin.com/in/charlotte-bright-a82587bb,Charlotte Bright,Charlotte,Bright,Head of Marketing,3,marketing_leader_fallback,GB,2025-08-01,https://www.linkedin.com/company/sanyuk,SANY UK & Ireland,ukeu_universe_candidate,GB
https://www.linkedin.com/in/andy-huthoefer-6ba17b3,Andy Huthoefer,Andy,Huthoefer,Head of Marketing,3,marketing_leader_fallback,US,2015-01-01,https://www.linkedin.com/company/satisloh,Satisloh,ukeu_universe_candidate,CH
https://www.linkedin.com/in/william-koester-aa074336,William Koester,William,Koester,Head of Group Marketing Strategy,3,marketing_leader_fallback,DE,2026-01-01,https://www.linkedin.com/company/sauer-compressors,Sauer Compressors,ukeu_universe_candidate,DE
https://www.linkedin.com/in/freddy-caron-3736aab4,Freddy CARON,Freddy,CARON,Responsable Marketing Commercial et Contrats cadres Nationaux,3,marketing_leader_fallback,FR,2023-06-01,https://www.linkedin.com/company/sauermann-group,Sauermann Group,ukeu_universe_candidate,FR
https://www.linkedin.com/in/kimverfaillie,Kim V.,Kim,V.,Internal Marketing & Communication lead,2,marketing_communications,BE,2024-01-01,https://www.linkedin.com/company/sbe-expertsatplay,SBE,ukeu_universe_candidate,BE
https://www.linkedin.com/in/camille-romer-ing%c3%a9nieuragronome,Camille Romer,Camille,Romer,Responsable technique et marketing EMEA,3,marketing_leader_fallback,FR,2023-03-01,https://www.linkedin.com/company/sbmlifescience,SBM Life Science,ukeu_universe_candidate,FR
https://www.linkedin.com/in/almut-niederfeld,Almut Niederfeld,Almut,Niederfeld,Head of Marketing DACH,3,marketing_leader_fallback,DE,2020-03-01,https://www.linkedin.com/company/sbmlifescience,SBM Life Science,ukeu_universe_candidate,FR
https://www.linkedin.com/in/heiketrautmann,Heike Trautmann,Heike,Trautmann,Head of Marketing | Fokus Service und Produkte,3,marketing_leader_fallback,DE,-,https://www.linkedin.com/company/schenck-process,Schenck Process,ukeu_universe_candidate,DE
https://www.linkedin.com/in/arthur-walshe-24b91b57,Arthur Walshe,Arthur,Walshe,Service Network Manager  Ireland,1,channel_dealer_partner_program,IE,2025-10-01,https://www.linkedin.com/company/schmitz-cargobull-ag,Schmitz Cargobull AG,ukeu_universe_candidate,DE
https://www.linkedin.com/in/anna-stuhlmeier-6595091,Anna Stuhlmeier,Anna,Stuhlmeier,Head Of Marketing Communications & PR,2,marketing_communications,DE,2017-05-01,https://www.linkedin.com/company/schmitz-cargobull-ag,Schmitz Cargobull AG,ukeu_universe_candidate,DE
https://www.linkedin.com/in/daniela-maucher-gossweiler,Daniela Maucher-Gossweiler,Daniela,Maucher-Gossweiler,Team Lead Marketing Communications,2,marketing_communications,DE,2018-01-01,https://www.linkedin.com/company/schmitz-cargobull-ag,Schmitz Cargobull AG,ukeu_universe_candidate,DE
https://www.linkedin.com/in/silke-hesener-53114a221,Silke Hesener,Silke,Hesener,Marketing Communications & PR Manager,2,marketing_communications,DE,2016-08-01,https://www.linkedin.com/company/schmitz-cargobull-ag,Schmitz Cargobull AG,ukeu_universe_candidate,DE
https://www.linkedin.com/in/valeriechaoengel,Valérie CHAO-ENGEL,Valérie,CHAO-ENGEL,Responsable marketing & communication,2,marketing_communications,FR,2015-01-01,https://www.linkedin.com/company/schrader-pacific-advanced-valves,Schrader Pacific Advanced Valves,ukeu_universe_candidate,FR
https://www.linkedin.com/in/nico-l-ab08961b,Nico L.,Nico,L.,Operations Manager - Networked energy solutions,1,channel_dealer_partner_program,NL,2025-09-01,https://www.linkedin.com/company/schulz-systemtechnik,SCHULZ Systemtechnik,ukeu_universe_candidate,DE
https://www.linkedin.com/in/hans-joachim-drees-4a0b60b4,Hans-Joachim Drees,Hans-Joachim,Drees,Vice President Global Sales & Marketing,3,marketing_leader_fallback,DE,2023-04-01,https://www.linkedin.com/company/schunk-group,Schunk Group,ukeu_universe_candidate,DE
https://www.linkedin.com/in/janphilippaltenburg,Dr. Jan Philipp Altenburg,Dr. Jan Philipp,Altenburg,Head of Central Marketing,3,marketing_leader_fallback,DE,2013-10-01,https://www.linkedin.com/company/schunk-group,Schunk Group,ukeu_universe_candidate,DE
https://www.linkedin.com/in/stevenclees,Steven Clees,Steven,Clees,"Head of Marketing, Schunk Sonosystems",3,marketing_leader_fallback,DE,2018-01-01,https://www.linkedin.com/company/schunk-group,Schunk Group,ukeu_universe_candidate,DE
https://www.linkedin.com/in/ingrid-springer-8aa076158,Ingrid Springer,Ingrid,Springer,Leiter Marketing- und Geschäftsentwicklung,3,marketing_leader_fallback,DE,-,https://www.linkedin.com/company/schunk-group,Schunk Group,ukeu_universe_candidate,DE
https://www.linkedin.com/in/simon-richenhagen,Simon Richenhagen,Simon,Richenhagen,Leiter Marketing & Kommunikation,3,marketing_leader_fallback,DE,2025-01-01,https://www.linkedin.com/company/schwarzmueller,Schwarzmüller Group,ukeu_universe_candidate,AT
https://www.linkedin.com/in/jamesknowlden,James Knowlden,James,Knowlden,Director Global Market Development ( Hydrogen & Distribution),1,channel_dealer_partner_program,DE,2026-07-01,https://www.linkedin.com/company/schwer-fittings-gmbh,Schwer Fittings,ukeu_universe_candidate,DE
https://www.linkedin.com/in/jens-heinrich-22a648106,Jens Heinrich,Jens,Heinrich,Leiter Internationales Marketing & Schulung,3,marketing_leader_fallback,DE,2021-07-01,https://www.linkedin.com/company/schwing-stetter,SCHWING Group,ukeu_universe_candidate,DE
https://www.linkedin.com/in/sebastian-bertelsmeier-608a7585,Sebastian Bertelsmeier,Sebastian,Bertelsmeier,Head of Marketing,3,marketing_leader_fallback,DE,2015-09-01,https://www.linkedin.com/company/sch%c3%a4ffer-maschinenfabrik-gmbh,Schäffer Maschinenfabrik GmbH,ukeu_universe_candidate,DE
https://www.linkedin.com/in/luciano-bearzi-6221b64,Luciano Bearzi,Luciano,Bearzi,System & Network Manager (HQ),1,channel_dealer_partner_program,IT,2008-01-01,https://www.linkedin.com/company/sdfgroup,SDF,ukeu_universe_candidate,IT
https://www.linkedin.com/in/mirco-romagnoli,Mirco Romagnoli,Mirco,Romagnoli,Group Marketing & Communication Director,2,marketing_communications,IT,2024-11-01,https://www.linkedin.com/company/sdfgroup,SDF,ukeu_universe_candidate,IT
https://www.linkedin.com/in/frederik-klein-10237483,Frederik Klein,Frederik,Klein,Leiter Marketing,3,marketing_leader_fallback,DE,2021-01-01,https://www.linkedin.com/company/sdfgroup,SDF,ukeu_universe_candidate,IT
https://www.linkedin.com/in/nicolas-bedrune-28540810b,Nicolas BEDRUNE,Nicolas,BEDRUNE,Responsable Marketing France,3,marketing_leader_fallback,FR,2021-01-01,https://www.linkedin.com/company/sdfgroup,SDF,ukeu_universe_candidate,IT
https://www.linkedin.com/in/amelie-addyson-7b35a4288,Amelie Addyson,Amelie,Addyson,Vice President Marketing,3,marketing_leader_fallback,US,-,https://www.linkedin.com/company/sdfgroup,SDF,ukeu_universe_candidate,IT
https://www.linkedin.com/in/mandy-last-97a38913a,Mandy Last,Mandy,Last,Head of Marketing,3,marketing_leader_fallback,GB,2025-11-01,https://www.linkedin.com/company/sealeytools,Sealey Tools,ukeu_universe_candidate,GB
https://www.linkedin.com/in/lily-li-70737726,Lily Li,Lily,Li,Senior Director of Global BD & Marketing,3,marketing_leader_fallback,DE,2017-08-01,https://www.linkedin.com/company/secop,Secop,ukeu_universe_candidate,DE
https://www.linkedin.com/in/alberto-martinez-alvarez-65633141,ALBERTO MARTINEZ ALVAREZ,ALBERTO,MARTINEZ ALVAREZ,Director de ventas y marketing,3,marketing_leader_fallback,ES,2024-09-01,https://www.linkedin.com/company/sedecal,SEDECAL,ukeu_universe_candidate,ES
https://www.linkedin.com/in/pascale-martins,Pascale Martins,Pascale,Martins,Responsable Marketing,3,marketing_leader_fallback,FR,-,https://www.linkedin.com/company/sedis,SEDIS,ukeu_universe_candidate,FR
https://www.linkedin.com/in/ferdinande-epping-29a07294,Ferdinande Epping,Ferdinande,Epping,Head of Global Marketing and Sales Excellence,3,marketing_leader_fallback,DE,2016-01-01,https://www.linkedin.com/company/seepex,SEEPEX,ukeu_universe_candidate,DE
https://www.linkedin.com/in/tobias-lehmann-562b45b7,Tobias Lehmann,Tobias,Lehmann,Head of Sales & Marketing E-Bike,3,marketing_leader_fallback,DE,2025-01-01,https://www.linkedin.com/company/segautomotive,SEG Automotive,ukeu_universe_candidate,DE
https://www.linkedin.com/in/lukas-bortenl%c3%a4nger-1b6967175,Lukas Bortenlänger,Lukas,Bortenlänger,"Head of Sales & Marketing Light Electric Mobility(LEM), Europa",3,marketing_leader_fallback,DE,-,https://www.linkedin.com/company/segautomotive,SEG Automotive,ukeu_universe_candidate,DE
https://www.linkedin.com/in/aurelienpetit,Aurelien Petit,Aurelien,Petit,"Director of Sales and Marketing, Officer -North America",3,marketing_leader_fallback,US,2021-10-01,https://www.linkedin.com/company/segepo-group,SEGEPO Group,ukeu_universe_candidate,FR
https://www.linkedin.com/in/mortenreinholdtmortensen,Morten Reinholdt Mortensen,Morten,Reinholdt Mortensen,Director Sales & Marketing,3,marketing_leader_fallback,DK,2008-08-01,https://www.linkedin.com/company/selco,SELCO,ukeu_universe_candidate,DK
https://www.linkedin.com/in/rottieman,Jason Bell,Jason,Bell,Infrastructure & Network Manager,1,channel_dealer_partner_program,GB,2018-09-01,https://www.linkedin.com/company/selwood-ltd,Selwood Ltd,ukeu_universe_candidate,GB
https://www.linkedin.com/in/j%c3%b6rg-polz-b86b6193,Jörg Polz,Jörg,Polz,Corporate Development & Partnership Manager,1,channel_dealer_partner_program,AT,2025-01-01,https://www.linkedin.com/company/semperit-ag,SEMPERIT AG,ukeu_universe_candidate,AT
https://www.linkedin.com/in/anaswaelesmat,Anas Wael Esmat,Anas,Wael Esmat,Global Marketing Communications Manager,2,marketing_communications,DE,2025-01-01,https://www.linkedin.com/company/semperit-ag,SEMPERIT AG,ukeu_universe_candidate,AT
https://www.linkedin.com/in/marius-flossmann-69595a256,Marius Flossmann,Marius,Flossmann,Director Marketing,3,marketing_leader_fallback,DE,2024-04-01,https://www.linkedin.com/company/senseca-measurement-solutions,Senseca,ukeu_universe_candidate,DE
https://www.linkedin.com/in/jan-niklas-thonicke,Jan Thonicke,Jan,Thonicke,Head of Marketing,3,marketing_leader_fallback,DE,2025-11-01,https://www.linkedin.com/company/sera-gruppe,sera Group,ukeu_universe_candidate,DE
https://www.linkedin.com/in/anittaonoelrasmussen,Anitta Noel Rasmussen,Anitta,Noel Rasmussen,Head of Marketing,3,marketing_leader_fallback,DK,2025-01-01,https://www.linkedin.com/company/sh-group,SH Group,ukeu_universe_candidate,DK
https://www.linkedin.com/in/katja-giersch-456937105,Katja Giersch,Katja,Giersch,Global Marketing & Communications Director,2,marketing_communications,DE,2025-11-01,https://www.linkedin.com/company/sikoranet,SIKORA GmbH,ukeu_universe_candidate,DE
https://www.linkedin.com/in/eric-schoenel-22b3622a,Eric Schoenel,Eric,Schoenel,Leiter Marketing & Kommunikation,3,marketing_leader_fallback,DE,2007-07-01,https://www.linkedin.com/company/simona-group,SIMONA Group,ukeu_universe_candidate,DE
https://www.linkedin.com/in/pierrefran%c3%a7oisbeyrand-0906619,Pierre-François Beyrand,Pierre-François,Beyrand,Industrial Sales France and Distribution Development Manager,1,channel_dealer_partner_program,FR,2023-12-01,https://www.linkedin.com/company/skf,SKF Group,ukeu_universe_candidate,SE
https://www.linkedin.com/in/marcellociaramella,Marcello Ciaramella,Marcello,Ciaramella,Marketing and Distributors Manager,1,channel_dealer_partner_program,IT,-,https://www.linkedin.com/company/skf,SKF Group,ukeu_universe_candidate,SE
https://www.linkedin.com/in/kenney-harris-17b57619,Kenney Harris (M.APS),Kenney,Harris (M.APS),Business Development Manager - Distribution UK&I,1,channel_dealer_partner_program,GB,2024-02-01,https://www.linkedin.com/company/skf,SKF Group,ukeu_universe_candidate,SE
https://www.linkedin.com/in/bryan-uncapher-7701637,Bryan Uncapher,Bryan,Uncapher,Business Development Manager - Distribution,1,channel_dealer_partner_program,US,-,https://www.linkedin.com/company/skf,SKF Group,ukeu_universe_candidate,SE
https://www.linkedin.com/in/bernyboom,Berny Boom,Berny,Boom,Distribution Development Manager,1,channel_dealer_partner_program,NL,-,https://www.linkedin.com/company/skf,SKF Group,ukeu_universe_candidate,SE
https://www.linkedin.com/in/cieloyanquen,Cielo Y.,Cielo,Y.,"Strategic Marketing & Communication Manager, SKF Seals",2,marketing_communications,SE,2022-02-01,https://www.linkedin.com/company/skf,SKF Group,ukeu_universe_candidate,SE
https://www.linkedin.com/in/jeff-clark-352b9a3,Jeff Clark,Jeff,Clark,Director of Marketing,3,marketing_leader_fallback,US,-,https://www.linkedin.com/company/skf,SKF Group,ukeu_universe_candidate,SE
https://www.linkedin.com/in/hugolamberg,Hugo Lamberg Mendonça,Hugo,Lamberg Mendonça,Head of Marketing,3,marketing_leader_fallback,ES,2024-12-01,https://www.linkedin.com/company/skf-lubrication,SKF Lubrication,ukeu_universe_candidate,DE
https://www.linkedin.com/in/shanegpeters,Shane Peters,Shane,Peters,Channel Development Manager,1,channel_dealer_partner_program,US,2021-04-01,https://www.linkedin.com/company/smartestenergy,SmartestEnergy,ukeu_universe_candidate,GB
https://www.linkedin.com/in/rowan-sandfordbgb,Rowan Nott,Rowan,Nott,Channel Development Manager,1,channel_dealer_partner_program,GB,2023-03-01,https://www.linkedin.com/company/smartestenergy,SmartestEnergy,ukeu_universe_candidate,GB
https://www.linkedin.com/in/hayley-m-thompson,Hayley T.,Hayley,T.,Vice President Global Marketing,3,marketing_leader_fallback,GB,2022-04-01,https://www.linkedin.com/company/smartestenergy,SmartestEnergy,ukeu_universe_candidate,GB
https://www.linkedin.com/in/justin-ellis-28993665,Justin Ellis,Justin,Ellis,Business Development Team Manager - Distribution,1,channel_dealer_partner_program,GB,2025-01-01,https://www.linkedin.com/company/smc-pneumatics-uk,SMC Corporation (UK),ukeu_universe_candidate,GB
https://www.linkedin.com/in/adrian-s-b60a21100,Adrian S.,Adrian,S.,Head of Marketing & Online Operations,3,marketing_leader_fallback,GB,2019-10-01,https://www.linkedin.com/company/smith-brothers-stores-ltd,Smith Brothers Stores Ltd,ukeu_universe_candidate,GB
https://www.linkedin.com/in/cristina-tudorascu-85471473,Cristina Tudorascu,Cristina,Tudorascu,Global B2B Marketing Communications & ABM Manager,2,marketing_communications,GB,2026-03-01,https://www.linkedin.com/company/smithsgroupplc,Smiths Group plc,ukeu_universe_candidate,GB
https://www.linkedin.com/in/tim-haynes-47838826,Tim Haynes,Tim,Haynes,Partner Development Manager,1,channel_dealer_partner_program,GB,2025-04-01,https://www.linkedin.com/company/smt-gb,SMT GB,ukeu_universe_candidate,GB
https://www.linkedin.com/in/joe-morris-60643b200,Joe Morris,Joe,Morris,Partner Development Manager at SMT GB,1,channel_dealer_partner_program,GB,2025-07-01,https://www.linkedin.com/company/smt-gb,SMT GB,ukeu_universe_candidate,GB
https://www.linkedin.com/in/felix-eberhardi-a878b018a,Felix Eberhardi,Felix,Eberhardi,Teamleiter Marketing,3,marketing_leader_fallback,DE,2021-03-01,https://www.linkedin.com/company/sn-maschinenbau-gmbh,SN Maschinenbau GmbH,ukeu_universe_candidate,DE
https://www.linkedin.com/in/vincent-geny-a365b916,Vincent Geny,Vincent,Geny,Directeur marketing industriel du groupe FSD SNOP,3,marketing_leader_fallback,FR,2017-10-01,https://www.linkedin.com/company/snop-groupefsd,Snop - Groupe FSD,ukeu_universe_candidate,FR
https://www.linkedin.com/in/marcos-babio,Marcos Babio,Marcos,Babio,Marketing Communications Director,2,marketing_communications,ES,2022-01-01,https://www.linkedin.com/company/soler-palau-ventilation-group,Soler & Palau Ventilation Group,ukeu_universe_candidate,ES
https://www.linkedin.com/in/buton-philippe-a659104,Buton Philippe,Buton,Philippe,Network Manager,1,channel_dealer_partner_program,FR,-,https://www.linkedin.com/company/soletanche-bachy,Soletanche Bachy,ukeu_universe_candidate,FR
https://www.linkedin.com/in/bertrand-steff-508aba78,Bertrand STEFF,Bertrand,STEFF,Directeur Marketing operationel,3,marketing_leader_fallback,FR,-,https://www.linkedin.com/company/soletanche-bachy,Soletanche Bachy,ukeu_universe_candidate,FR
https://www.linkedin.com/in/milena-favero-b3b53b164,Milena Favero,Milena,Favero,Group Chief Marketing Officer,3,marketing_leader_fallback,IT,2021-09-01,https://www.linkedin.com/company/somecgruppo,Somec Gruppo,ukeu_universe_candidate,IT
https://www.linkedin.com/in/claire-durand,Claire Durand,Claire,Durand,Responsable marketing et communications,2,marketing_communications,FR,-,https://www.linkedin.com/company/soneparclimate,Sonepar Climate Solutions,ukeu_universe_candidate,FR
https://www.linkedin.com/in/gerard-g-877886218,Gerard G,Gerard,G,Directeur du service marketing,3,marketing_leader_fallback,FR,2021-09-01,https://www.linkedin.com/company/soneparclimate,Sonepar Climate Solutions,ukeu_universe_candidate,FR
https://www.linkedin.com/in/am%c3%a9lie-manset-009399b,Amélie Manset,Amélie,Manset,Responsable marketing & Commerciale grands comptes,3,marketing_leader_fallback,FR,2022-10-01,https://www.linkedin.com/company/sphere-sa,SPhere S.A.,ukeu_universe_candidate,FR
https://www.linkedin.com/in/pascal-melois,Pascal Mélois,Pascal,Mélois,Responsable développement produits et marketing,3,marketing_leader_fallback,FR,2012-09-01,https://www.linkedin.com/company/sphere-sa,SPhere S.A.,ukeu_universe_candidate,FR
https://www.linkedin.com/in/celestinethion,Célestine Thion-Dudouit,Célestine,Thion-Dudouit,Responsable projets marketing et commercial - Division cosmétique,3,marketing_leader_fallback,FR,2014-03-01,https://www.linkedin.com/company/sphere-sa,SPhere S.A.,ukeu_universe_candidate,FR
https://www.linkedin.com/in/wafa-maubeche,Wafa Maubèche,Wafa,Maubèche,Responsable Marketing et Export,3,marketing_leader_fallback,FR,2007-10-01,https://www.linkedin.com/company/sphere-sa,SPhere S.A.,ukeu_universe_candidate,FR
https://www.linkedin.com/in/ivana-flores-99b584168,Ivana Flores,Ivana,Flores,Head of  Marketing,3,marketing_leader_fallback,AT,2021-09-01,https://www.linkedin.com/company/springer-global,SPRINGER,ukeu_universe_candidate,AT
https://www.linkedin.com/in/fabian-benkert,Fabian Benkert,Fabian,Benkert,Head of Digital Marketing | Global,3,marketing_leader_fallback,DE,2026-07-01,https://www.linkedin.com/company/ssischaefer,SSI SCHÄFER,ukeu_universe_candidate,DE
https://www.linkedin.com/in/katiamarti,Katia Marti,Katia,Marti,Regional Head of Marketing | Southern Europe,3,marketing_leader_fallback,ES,2020-01-01,https://www.linkedin.com/company/ssischaefer,SSI SCHÄFER,ukeu_universe_candidate,DE
https://www.linkedin.com/in/elisabeth-steuber-a9281112a,Elisabeth Steuber,Elisabeth,Steuber,Head of Global Marketing and External Communication,3,marketing_leader_fallback,DE,2026-01-01,https://www.linkedin.com/company/ssischaefer,SSI SCHÄFER,ukeu_universe_candidate,DE
https://www.linkedin.com/in/anastasiia-benko-94100a103,Anastasiia Benko,Anastasiia,Benko,Head of Marketing Northern Europe at SSI SCHAEFER,3,marketing_leader_fallback,DK,2020-05-01,https://www.linkedin.com/company/ssischaefer,SSI SCHÄFER,ukeu_universe_candidate,DE
https://www.linkedin.com/in/sabine-m%c3%a4rzendorfer-m-a-b434a510a,"Sabine Märzendorfer, M.A.",Sabine,"Märzendorfer, M.A.",Head of Marketing Austria,3,marketing_leader_fallback,AT,2021-01-01,https://www.linkedin.com/company/ssischaefer,SSI SCHÄFER,ukeu_universe_candidate,DE
https://www.linkedin.com/in/kollmann-margarethe-97aaa012a,Kollmann Margarethe,Kollmann,Margarethe,Head of Marketing,3,marketing_leader_fallback,AT,2014-11-01,https://www.linkedin.com/company/ssischaefer,SSI SCHÄFER,ukeu_universe_candidate,DE
https://www.linkedin.com/in/craig-wrightson-b5a73156,Craig Wrightson,Craig,Wrightson,Network Rail UK Manager at Stannah Group,1,channel_dealer_partner_program,GB,2025-11-01,https://www.linkedin.com/company/stannah,Stannah Group,ukeu_universe_candidate,GB
https://www.linkedin.com/in/rui-oliveira-053363a8,Rui Oliveira,Rui,Oliveira,Head Of Digital Marketing - SMS,3,marketing_leader_fallback,PT,2022-05-01,https://www.linkedin.com/company/stannah,Stannah Group,ukeu_universe_candidate,GB
https://www.linkedin.com/in/brucelorange,Bruce Lorange,Bruce,Lorange,"Head of Marketing, North America",3,marketing_leader_fallback,US,2026-05-01,https://www.linkedin.com/company/stannah,Stannah Group,ukeu_universe_candidate,GB
https://www.linkedin.com/in/jomonro,Jo Monro,Jo,Monro,Head of Marketing and Customer Experience (LD&S),3,marketing_leader_fallback,GB,2024-02-01,https://www.linkedin.com/company/stannah,Stannah Group,ukeu_universe_candidate,GB
https://www.linkedin.com/in/borismette,-,-,-,Head of Global Marketing,3,marketing_leader_fallback,DE,2019-01-01,https://www.linkedin.com/company/stauff,STAUFF,ukeu_universe_candidate,DE
https://www.linkedin.com/in/adrian-hofbauer-b8a6b5219,Adrian Hofbauer,Adrian,Hofbauer,"System and Network Administrator, Head of Client Management",1,channel_dealer_partner_program,DE,-,https://www.linkedin.com/company/stela-laxhuber,stela Laxhuber GmbH,ukeu_universe_candidate,DE
https://www.linkedin.com/in/johannes-holzleitner-59744119b,Johannes Holzleitner,Johannes,Holzleitner,Manager Marketing & Communication,2,marketing_communications,AT,2024-10-01,https://www.linkedin.com/company/steyr-automotive-gmbh,Steyr Automotive GmbH,ukeu_universe_candidate,AT
https://www.linkedin.com/in/mirkorizzetto,Mirko Rizzetto,Mirko,Rizzetto,"Head of Marketing - Southern region (Italy, Spain, Portugal) & Distributors",1,channel_dealer_partner_program,IT,2024-07-01,https://www.linkedin.com/company/stiga-group,STIGA,ukeu_universe_candidate,IT
https://www.linkedin.com/in/willybin,Willy Bin,Willy,Bin,Head of Digital Marketing and Ecommerce,3,marketing_leader_fallback,IT,2023-01-01,https://www.linkedin.com/company/stiga-group,STIGA,ukeu_universe_candidate,IT
https://www.linkedin.com/in/per-akemolin,Per-Åke Molin,Per-Åke,Molin,Head of Nordic Marketing,3,marketing_leader_fallback,SE,-,https://www.linkedin.com/company/stiga-group,STIGA,ukeu_universe_candidate,IT
https://www.linkedin.com/in/ren%c3%a9-klenk-35106714a,René Klenk,René,Klenk,Marketing Manager - Channel Orchestration & Innovation,1,channel_dealer_partner_program,DE,2024-01-01,https://www.linkedin.com/company/stihl,STIHL,ukeu_universe_candidate,DE
https://www.linkedin.com/in/annemarieschlegel,Annemarie Hüeber,Annemarie,Hüeber,Channel Marketing | Website Content Rollout Manager,1,channel_dealer_partner_program,DE,2022-11-01,https://www.linkedin.com/company/stihl,STIHL,ukeu_universe_candidate,DE
https://www.linkedin.com/in/vass-l%c3%a1szl%c3%b3-2427bb151,Vass László,Vass,László,Sales and Dealer Development Director,1,channel_dealer_partner_program,HU,2025-05-01,https://www.linkedin.com/company/stihl,STIHL,ukeu_universe_candidate,DE
https://www.linkedin.com/in/hillaryroche,Hillary Roche,Hillary,Roche,Senior Vice President Marketing,3,marketing_leader_fallback,DE,2022-01-01,https://www.linkedin.com/company/stihl,STIHL,ukeu_universe_candidate,DE
https://www.linkedin.com/in/dr-elias-ertz-170383b3,Elias Ertz,Elias,Ertz,Director - Strategic Insights & Marketing Steering,3,marketing_leader_fallback,DE,2025-04-01,https://www.linkedin.com/company/stihl,STIHL,ukeu_universe_candidate,DE
https://www.linkedin.com/in/cristinatovar,Cristina Tovar Jardón,Cristina,Tovar Jardón,Responsable de Campañas de Marketing Digital,3,marketing_leader_fallback,ES,2022-02-01,https://www.linkedin.com/company/stihl,STIHL,ukeu_universe_candidate,DE
https://www.linkedin.com/in/pawe%c5%82-w%c5%82uka-b046b742,Paweł Włuka,Paweł,Włuka,Head of Brand Marketing STILL EMEA,3,marketing_leader_fallback,PL,2023-01-01,https://www.linkedin.com/company/stillintralogistics,STILL,ukeu_universe_candidate,DE
https://www.linkedin.com/in/stephane-boutron-still,Stéphane Boutron,Stéphane,Boutron,Responsable marketing,3,marketing_leader_fallback,FR,2021-06-01,https://www.linkedin.com/company/stillfrance,STILL France,ukeu_universe_candidate,FR
https://www.linkedin.com/in/manuel-meurant-20b64942,Manuel Meurant,Manuel,Meurant,Senior Director Marketing,3,marketing_leader_fallback,FR,2020-01-01,https://www.linkedin.com/company/stillfrance,STILL France,ukeu_universe_candidate,FR
https://www.linkedin.com/in/marco-fornara-1419bb20,Marco Fornara,Marco,Fornara,Head of Sales & Marketing support,3,marketing_leader_fallback,IT,-,https://www.linkedin.com/company/still-italia,STILL Italia,ukeu_universe_candidate,IT
https://www.linkedin.com/in/stocko-contact-8979a7298,STOCKO CONTACT,STOCKO,CONTACT,Head of Product Marketing / Advertising,3,marketing_leader_fallback,DE,-,https://www.linkedin.com/company/stocko-contact-gmbh,STOCKO CONTACT GmbH & Co. KG,ukeu_universe_candidate,DE
https://www.linkedin.com/in/tomverschuere,Tom Verschuere,Tom,Verschuere,Marketing & Communications Team Lead,2,marketing_communications,BE,2026-01-01,https://www.linkedin.com/company/stow-group,stow Group,ukeu_universe_candidate,BE
https://www.linkedin.com/in/jan-pohlgeers-a55879ba,Jan Pohlgeers,Jan,Pohlgeers,Head of Global Marketing,3,marketing_leader_fallback,DE,-,https://www.linkedin.com/company/stulz-global,STULZ,ukeu_universe_candidate,DE
https://www.linkedin.com/in/stefan-nyg%c3%a5rd-9020502,Stefan Nygård,Stefan,Nygård,VP Strategy & Marketing,3,marketing_leader_fallback,FI,2024-07-01,https://www.linkedin.com/company/sumitomo-shi-fw,Sumitomo SHI FW,ukeu_universe_candidate,FI
https://www.linkedin.com/in/pollaesguerra,Polla Esguerra,Polla,Esguerra,Head of Marketing,3,marketing_leader_fallback,FI,2023-11-01,https://www.linkedin.com/company/sumitomo-shi-fw,Sumitomo SHI FW,ukeu_universe_candidate,FI
https://www.linkedin.com/in/anjna-mistry,Anjna Mistry,Anjna,Mistry,Head of Brand & Marketing- Health & Wellness,3,marketing_leader_fallback,GB,2026-02-01,https://www.linkedin.com/company/supreme-imports,Supreme PLC,ukeu_universe_candidate,GB
https://www.linkedin.com/in/fredrikrigo,Fredrik Rigö,Fredrik,Rigö,Marketing Communications Manager,2,marketing_communications,SE,2008-07-01,https://www.linkedin.com/company/swecon-anl-ggningsmaskiner-ab,Swecon Anläggningsmaskiner AB,ukeu_universe_candidate,SE
https://www.linkedin.com/in/dominique-bouchet-ba90a741,Dominique Bouchet,Dominique,Bouchet,Marketing & Communication Manager,2,marketing_communications,FR,2009-01-01,https://www.linkedin.com/company/arcil_dairypack,Synerlink (BW Filling & Closing),ukeu_universe_candidate,FR
https://www.linkedin.com/in/adlereike,Eike Adler,Eike,Adler,Head of Marketing & Corporate Communications,3,marketing_leader_fallback,DE,2025-06-01,https://www.linkedin.com/company/takraf-group,TAKRAF Group,ukeu_universe_candidate,DE
https://www.linkedin.com/in/konttilajanne,Janne Konttila,Janne,Konttila,"Vice President, Sales and Marketing, Onboard Weighing",3,marketing_leader_fallback,FI,2024-01-01,https://www.linkedin.com/company/tamtron-group,Tamtron Group,ukeu_universe_candidate,FI
https://www.linkedin.com/in/adamwoodrey,Adam Woodrey,Adam,Woodrey,"Director of Sales, Marketing, & Product Management",3,marketing_leader_fallback,US,2022-12-01,https://www.linkedin.com/company/tark-solutions,Tark Thermal Solutions (formerly Laird Thermal Systems),ukeu_universe_candidate,DE
https://www.linkedin.com/in/florian-haessler,Florian Hässler,Florian,Hässler,Director of Global Marketing,3,marketing_leader_fallback,DE,2023-01-01,https://www.linkedin.com/company/tark-solutions,Tark Thermal Solutions (formerly Laird Thermal Systems),ukeu_universe_candidate,DE
https://www.linkedin.com/in/iainkbaxter,Iain Baxter,Iain,Baxter,"Divisional Vice President, Global Sales & Marketing",3,marketing_leader_fallback,GB,2024-10-01,https://www.linkedin.com/company/taylor-hobson-limited,Taylor Hobson Ltd.,ukeu_universe_candidate,GB
https://www.linkedin.com/in/susanneogriseg,Susanne Ogriseg,Susanne,Ogriseg,Head Of Marketing,3,marketing_leader_fallback,IT,2021-10-01,https://www.linkedin.com/company/technoalpin,TechnoAlpin,ukeu_universe_candidate,IT
https://www.linkedin.com/in/giulia-di-gianni-b03499183,Giulia Di Gianni,Giulia,Di Gianni,Marketing Communication Manager,2,marketing_communications,IT,2024-08-01,https://www.linkedin.com/company/tecnocad-engineering-design,Tecnocad,ukeu_universe_candidate,IT
https://www.linkedin.com/in/kristin-eberhardt-a3ab69189,Kristin Eberhardt,Kristin,Eberhardt,Head of Marketing,3,marketing_leader_fallback,DE,2025-03-01,https://www.linkedin.com/company/teko-refrigeration,TEKO Refrigeration,ukeu_universe_candidate,DE
https://www.linkedin.com/in/angael-bournot,Anne-Gaëlle Bournot International Communication Manager,Anne-Gaëlle Bournot,International Communication Manager,Manager Marketing Communications,2,marketing_communications,FR,2023-11-01,https://www.linkedin.com/company/telemecanique-sensors,Telemecanique Sensors,ukeu_universe_candidate,FR
https://www.linkedin.com/in/sophie-sebillaud-caro-2a85727b,Sophie SEBILLAUD CARO,Sophie,SEBILLAUD CARO,Marketing Communication Manager,2,marketing_communications,FR,2022-09-01,https://www.linkedin.com/company/telemecanique-sensors,Telemecanique Sensors,ukeu_universe_candidate,FR
https://www.linkedin.com/in/josep-maria-morillo-l%c3%b3pez,Josep Maria Morillo López,Josep Maria,Morillo López,Head of Marketing & Customer Service,3,marketing_leader_fallback,ES,2023-09-01,https://www.linkedin.com/company/telemecanique-sensors,Telemecanique Sensors,ukeu_universe_candidate,FR
https://www.linkedin.com/in/michaela-friemer-5633a125,Michaela Friemer,Michaela,Friemer,Head of Marketing & Communication,2,marketing_communications,DE,2020-07-01,https://www.linkedin.com/company/temco,Temco – Rieter Components Germany GmbH,ukeu_universe_candidate,DE
https://www.linkedin.com/in/rahma-b-45aba914a,Rahma B.,Rahma,B.,Head of Ruminant Technical and Marketing Team,3,marketing_leader_fallback,FR,2025-11-01,https://www.linkedin.com/company/terresis25,Terresis,ukeu_universe_candidate,FR
https://www.linkedin.com/in/josselin-le-cour-grandmaison-40319133,Josselin le Cour Grandmaison,Josselin,le Cour Grandmaison,Directeur technique & marketing,3,marketing_leader_fallback,FR,2024-04-01,https://www.linkedin.com/company/terresis25,Terresis,ukeu_universe_candidate,FR
https://www.linkedin.com/in/marinetixier,Marine TIXIER,Marine,TIXIER,Responsable Marketing Stratégique,3,marketing_leader_fallback,FR,2026-04-01,https://www.linkedin.com/company/terresis25,Terresis,ukeu_universe_candidate,FR
https://www.linkedin.com/in/kathleen-dejaeghere-9b161349,Kathleen Dejaeghere,Kathleen,Dejaeghere,"Director Marketing & Sales Europe, Middle East N Africa Tessenderlo Kerley Int.",3,marketing_leader_fallback,BE,2023-02-01,https://www.linkedin.com/company/tessenderlo-group,Tessenderlo Group,ukeu_universe_candidate,BE
https://www.linkedin.com/in/cornelia-hasitzka-9b3a4aaa,Cornelia Hasitzka,Cornelia,Hasitzka,Head of Marketing,3,marketing_leader_fallback,AT,2025-07-01,https://www.linkedin.com/company/test-fuchs,TEST-FUCHS,ukeu_universe_candidate,AT
https://www.linkedin.com/in/corina-stoutjesdijk-marketing-communication,Corina Stoutjesdijk,Corina,Stoutjesdijk,Marketing Communication Manager Northern Europe,2,marketing_communications,NL,2019-01-01,https://www.linkedin.com/company/tgw-group,TGW Logistics,ukeu_universe_candidate,AT
https://www.linkedin.com/in/martin-price-94989627,Martin Price,Martin,Price,Senior Vice President of Global Marketing,3,marketing_leader_fallback,US,2025-09-01,https://www.linkedin.com/company/tgw-group,TGW Logistics,ukeu_universe_candidate,AT
https://www.linkedin.com/in/alexandra-mossakowski-0ab6672,Alexandra Mossakowski,Alexandra,Mossakowski,Responsable Marketing distributeur,1,channel_dealer_partner_program,FR,2023-02-01,https://www.linkedin.com/company/thermorfrance,Thermor France,ukeu_universe_candidate,FR
https://www.linkedin.com/in/emmanuel-boucher-80973216a,Emmanuel BOUCHER,Emmanuel,BOUCHER,Responsable Communication et Marketing Opérationnel,3,marketing_leader_fallback,FR,2024-11-01,https://www.linkedin.com/company/thermorfrance,Thermor France,ukeu_universe_candidate,FR
https://www.linkedin.com/in/isabelle-ahlendorf,Isabelle Ahlendorf,Isabelle,Ahlendorf,Manager Brand and Communications,2,marketing_communications,DE,-,https://www.linkedin.com/company/thomasgroupofficial,Thomas Group,ukeu_universe_candidate,DE
https://www.linkedin.com/in/hellen-falk-75a120117,Hellen Falk,Hellen,Falk,Manager Brand and Communications,2,marketing_communications,DE,2015-04-01,https://www.linkedin.com/company/thomasgroupofficial,Thomas Group,ukeu_universe_candidate,DE
https://www.linkedin.com/in/svenja-menn-a20703146,Svenja Menn,Svenja,Menn,Manager Brand and Communication,2,marketing_communications,DE,2026-06-01,https://www.linkedin.com/company/thomasgroupofficial,Thomas Group,ukeu_universe_candidate,DE
https://www.linkedin.com/in/johanna-stahl-355a4a17b,Johanna Stahl,Johanna,Stahl,Manager Brand & Communications,2,marketing_communications,DE,2021-05-01,https://www.linkedin.com/company/thomasgroupofficial,Thomas Group,ukeu_universe_candidate,DE
https://www.linkedin.com/in/lisa-dobrowolski-8b371b224,Lisa Dobrowolski,Lisa,Dobrowolski,Manager Brand & Communications,2,marketing_communications,DE,2022-01-01,https://www.linkedin.com/company/thomasgroupofficial,Thomas Group,ukeu_universe_candidate,DE
https://www.linkedin.com/in/heinz-strickler-2413b919,Heinz Strickler,Heinz,Strickler,Director of Sales and Marketing Americas,3,marketing_leader_fallback,US,2015-07-01,https://www.linkedin.com/company/thomasgroupofficial,Thomas Group,ukeu_universe_candidate,DE
https://www.linkedin.com/in/sina-vanessa-m%c3%a4nnel,Sina Männel,Sina,Männel,Global Online Marketing & Communications Manager,2,marketing_communications,DE,2020-07-01,https://www.linkedin.com/company/rotheerde,thyssenkrupp rothe erde,ukeu_universe_candidate,DE
https://www.linkedin.com/in/bernd-prinz-3a14584,Bernd Prinz,Bernd,Prinz,Head of Global Sales & Marketing Excellence,3,marketing_leader_fallback,DE,2026-01-01,https://www.linkedin.com/company/rotheerde,thyssenkrupp rothe erde,ukeu_universe_candidate,DE
https://www.linkedin.com/in/ricardo-malheiro-7b63225,Ricardo Malheiro,Ricardo,Malheiro,CEO TK Elevator Portugal / Operating Unit Africa / Distributor Management Center Lisbon,1,channel_dealer_partner_program,PT,2019-02-01,https://www.linkedin.com/company/tke-global,TK Elevator,ukeu_universe_candidate,DE
https://www.linkedin.com/in/melissa-farrington-redlich-b58b3041,Melissa Farrington-Redlich,Melissa,Farrington-Redlich,"Senior Vice President, Marketing & Communications",2,marketing_communications,US,2026-06-01,https://www.linkedin.com/company/tke-global,TK Elevator,ukeu_universe_candidate,DE
https://www.linkedin.com/in/bj%c3%b6rn-hamacher-10944b9,Björn Hamacher,Björn,Hamacher,"Global Director Marketing, Communications & Call Center | BU Home Solutions",3,marketing_leader_fallback,DE,2024-06-01,https://www.linkedin.com/company/tke-global,TK Elevator,ukeu_universe_candidate,DE
https://www.linkedin.com/in/jennifer-m%c3%bcller-1898a2195,Jennifer Müller,Jennifer,Müller,Head of Global Marketing & Sales Coordination,3,marketing_leader_fallback,DE,-,https://www.linkedin.com/company/tlt-turbo-gmbh,TLT-Turbo GmbH,ukeu_universe_candidate,DE
https://www.linkedin.com/in/guidokuenzel,Guido Künzel,Guido,Künzel,Senior Manager Distribution Network,1,channel_dealer_partner_program,DE,2021-01-01,https://www.linkedin.com/company/tmd-friction,TMD Friction,ukeu_universe_candidate,DE
https://www.linkedin.com/in/marcoloth,Marco Loth,Marco,Loth,Vice President Global Sales & Trade Marketing,3,marketing_leader_fallback,DE,2024-02-01,https://www.linkedin.com/company/tmd-friction,TMD Friction,ukeu_universe_candidate,DE
https://www.linkedin.com/in/cristina-militaru-ba79086,Cristina Militaru,Cristina,Militaru,Head of Regional Marketing,3,marketing_leader_fallback,RO,2022-01-01,https://www.linkedin.com/company/tmd-friction,TMD Friction,ukeu_universe_candidate,DE
https://www.linkedin.com/in/ian-brooks-%f0%9f%9b%9e%f0%9f%92%af-341a3124,Ian Brooks,Ian,Brooks,Head of Sales & Trade Marketing UK & ROI,3,marketing_leader_fallback,GB,2025-01-01,https://www.linkedin.com/company/tmd-friction,TMD Friction,ukeu_universe_candidate,DE
https://www.linkedin.com/in/joerg-schmuck-91b8a232,Joerg Schmuck,Joerg,Schmuck,Executive Director Sales & Marketing  Northern/Central/Western Europe,3,marketing_leader_fallback,DE,2025-01-01,https://www.linkedin.com/company/tmd-friction,TMD Friction,ukeu_universe_candidate,DE
https://www.linkedin.com/in/sabine-br%c3%bchl-9a7b7211,Sabine Brühl,Sabine,Brühl,Head of Brand Marketing,3,marketing_leader_fallback,DE,2020-02-01,https://www.linkedin.com/company/tmd-friction,TMD Friction,ukeu_universe_candidate,DE
https://www.linkedin.com/in/uli-bast-5421a710,Uli Bast,Uli,Bast,"Vice President Global Marketing, Communication and Brand Strategy at TMD Friction Group",3,marketing_leader_fallback,DE,2022-02-01,https://www.linkedin.com/company/tmd-friction,TMD Friction,ukeu_universe_candidate,DE
https://www.linkedin.com/in/sabine-br%c3%bchl-b4aa36224,Sabine Brühl,Sabine,Brühl,Head of Central Marketing,3,marketing_leader_fallback,DE,-,https://www.linkedin.com/company/tmd-friction,TMD Friction,ukeu_universe_candidate,DE
https://www.linkedin.com/in/angelominaudo,Angelo Minaudo,Angelo,Minaudo,Responsabile marketing e comunicazione,2,marketing_communications,IT,2021-01-01,https://www.linkedin.com/company/thenicekitchen,TNK,ukeu_universe_candidate,IT
https://www.linkedin.com/in/michelle-mcneill,Michelle McNeill,Michelle,McNeill,Head of Marketing,3,marketing_leader_fallback,GB,2024-02-01,https://www.linkedin.com/company/tobermore,Tobermore,ukeu_universe_candidate,GB
https://www.linkedin.com/in/marcomueller,Marc-Oliver Mohrdieck-Müller,Marc-Oliver,Mohrdieck-Müller,Head of Marketing,3,marketing_leader_fallback,DE,2022-10-01,https://www.linkedin.com/company/toyota-material-handling-deutschland,Toyota Material Handling Deutschland,ukeu_universe_candidate,DE
https://www.linkedin.com/in/gr%c3%a9gory-bonte-734276124,Grégory Bonte,Grégory,Bonte,Directeur Réseau Commercial / Sales Network Director,1,channel_dealer_partner_program,DE,2026-01-01,https://www.linkedin.com/company/toyota-material-handling-france,Toyota Material Handling France,ukeu_universe_candidate,FR
https://www.linkedin.com/in/fran%c3%a7ois-paillot-4a043517,François PAILLOT,François,PAILLOT,Responsable Développement Service - Réseau Concessionnaires -,1,channel_dealer_partner_program,FR,2013-01-01,https://www.linkedin.com/company/toyota-material-handling-france,Toyota Material Handling France,ukeu_universe_candidate,FR
https://www.linkedin.com/in/levon-jos%c3%a9-097511114,Levon José,Levon,José,Directeur du développement réseau,1,channel_dealer_partner_program,SE,2010-06-01,https://www.linkedin.com/company/toyota-material-handling-france,Toyota Material Handling France,ukeu_universe_candidate,FR
https://www.linkedin.com/in/karine-heden-61abb520,karine heden,karine,heden,Responsable Marketing,3,marketing_leader_fallback,FR,-,https://www.linkedin.com/company/toyota-material-handling-france,Toyota Material Handling France,ukeu_universe_candidate,FR
https://www.linkedin.com/in/hannah%c3%b6rnequist,Hanna Hörnequist,Hanna,Hörnequist,Head of Product and Marketing,3,marketing_leader_fallback,SE,2026-04-01,https://www.linkedin.com/company/toyota-material-handling-sweden,Toyota Material Handling Sweden,ukeu_universe_candidate,SE
https://www.linkedin.com/in/jo%c3%a3o-louren%c3%a7o-523883229,João Lourenço,João,Lourenço,Chief Marketing Officer,3,marketing_leader_fallback,PT,2024-07-01,https://www.linkedin.com/company/transgrua-sa,"TRANSGRUA, SA",ukeu_universe_candidate,PT
https://www.linkedin.com/in/montanaripaolo,Paolo Montanari,Paolo,Montanari,Marketing Communication Manager,2,marketing_communications,IT,2007-04-01,https://www.linkedin.com/company/transtecno-group,Transtecno Group,ukeu_universe_candidate,IT
https://www.linkedin.com/in/carmine-donisi-24b95b23,Carmine Donisi,Carmine,Donisi,Director of Sales & Marketing,3,marketing_leader_fallback,IT,2019-09-01,https://www.linkedin.com/company/trilliumflow,Trillium Flow Technologies,ukeu_universe_candidate,GB
https://www.linkedin.com/in/simon-tattersall-4753941a,Simon Tattersall,Simon,Tattersall,Regional Director of Sales & Marketing Northern Europe & South Africa,3,marketing_leader_fallback,GB,2019-06-01,https://www.linkedin.com/company/trilliumflow,Trillium Flow Technologies,ukeu_universe_candidate,GB
https://www.linkedin.com/in/stefanie-ankowitsch-1a7165155,Stefanie Ankowitsch,Stefanie,Ankowitsch,Manager Marketing & Communications,2,marketing_communications,AT,2022-10-01,https://www.linkedin.com/company/troxaustriacee,TROX Austria + CEE,ukeu_universe_candidate,AT
https://www.linkedin.com/in/andrea-belmonte-lehner-58602629,Andrea Belmonte-Lehner,Andrea,Belmonte-Lehner,Head of Marketing Austria + CEE,3,marketing_leader_fallback,AT,2024-03-01,https://www.linkedin.com/company/troxaustriacee,TROX Austria + CEE,ukeu_universe_candidate,AT
https://www.linkedin.com/in/matthew-froome-6533ab17,Matthew Froome,Matthew,Froome,Head of Brand and Communications,2,marketing_communications,GB,2023-01-01,https://www.linkedin.com/company/tructyre-fleet-management-limited,Tructyre,ukeu_universe_candidate,GB
https://www.linkedin.com/in/annette-walter-4b476448,Annette Walter,Annette,Walter,"Teamleiterin Partner Marketing, Fairs & Events",1,channel_dealer_partner_program,DE,2022-01-01,https://www.linkedin.com/company/truma-geraetetechnik-gmbh-&-co-kg,Truma Geraetetechnik GmbH & Co. KG,ukeu_universe_candidate,DE
https://www.linkedin.com/in/thomascamsky,Thomas Camsky,Thomas,Camsky,Team Lead Product Marketing Communications & Campaign Strategy,2,marketing_communications,DE,2022-07-01,https://www.linkedin.com/company/truma-geraetetechnik-gmbh-&-co-kg,Truma Geraetetechnik GmbH & Co. KG,ukeu_universe_candidate,DE
https://www.linkedin.com/in/nilskober,Nils Kober,Nils,Kober,Director Digital Marketing,3,marketing_leader_fallback,DE,2024-11-01,https://www.linkedin.com/company/turck,TURCK,ukeu_universe_candidate,DE
https://www.linkedin.com/in/klaus-albers-338351101,Klaus Albers,Klaus,Albers,Director Marketing Services & Public Relations,3,marketing_leader_fallback,DE,2011-05-01,https://www.linkedin.com/company/turck,TURCK,ukeu_universe_candidate,DE
https://www.linkedin.com/in/anna-mauduit,Anna MAUDUIT,Anna,MAUDUIT,Responsable communication marketing,2,marketing_communications,FR,2024-01-01,https://www.linkedin.com/company/ubbak,UBBAK,ukeu_universe_candidate,FR
https://www.linkedin.com/in/matthew-mcwilliams-615b1283,Matthew McWilliams,Matthew,McWilliams,Director of Aftermarket Sales & Marketing North America,3,marketing_leader_fallback,US,2024-11-01,https://www.linkedin.com/company/ufi-filters-group,UFI Filters Group,ukeu_universe_candidate,IT
https://www.linkedin.com/in/lopezanton,Anton Lopez,Anton,Lopez,"Channel and Business development Manager France, Sud Europe et Middle East",1,channel_dealer_partner_program,FR,2022-08-01,https://www.linkedin.com/company/ultimaker,UltiMaker,ukeu_universe_candidate,NL
https://www.linkedin.com/in/ian-mason-53146219,Ian Mason,Ian,Mason,Channel Development Manager,1,channel_dealer_partner_program,GB,2025-01-01,https://www.linkedin.com/company/ultimaker,UltiMaker,ukeu_universe_candidate,NL
https://www.linkedin.com/in/andy-middleton-b9100288,Andy Middleton,Andy,Middleton,Senior Vice President & Global Marketing,3,marketing_leader_fallback,DE,2025-03-01,https://www.linkedin.com/company/ultimaker,UltiMaker,ukeu_universe_candidate,NL
https://www.linkedin.com/in/anaramoscerezo,Ana Ramos Cerezo,Ana,Ramos Cerezo,Marketing & Communications Manager,2,marketing_communications,ES,2008-01-01,https://www.linkedin.com/company/unexgroup,Unex Group,ukeu_universe_candidate,ES
https://www.linkedin.com/in/ni-zeng-75774026,Ni ZENG,Ni,ZENG,Innovation&Development partnering business manager Group,1,channel_dealer_partner_program,FR,2024-06-01,https://www.linkedin.com/company/unither-pharmaceuticals,Unither Pharmaceuticals,ukeu_universe_candidate,FR
https://www.linkedin.com/in/violaine-dubois-541899185,Violaine Dubois,Violaine,Dubois,Responsable marketing Web,3,marketing_leader_fallback,FR,2018-08-01,https://www.linkedin.com/company/van-de-velde-v2v,V2V VAN DE VELDE,ukeu_universe_candidate,FR
https://www.linkedin.com/in/bernd-jakob-b381ab208,Bernd Jakob,Bernd,Jakob,Leiter Marketing und Vertrieb,3,marketing_leader_fallback,DE,-,https://www.linkedin.com/company/vacuubrand-gmbh-co-kg,VACUUBRAND GMBH + CO KG,ukeu_universe_candidate,DE
https://www.linkedin.com/in/christinepilbeam,Christine Pilbeam,Christine,Pilbeam,Channel Marketing Manager,1,channel_dealer_partner_program,GB,2026-04-01,https://www.linkedin.com/company/vado,VADO,ukeu_universe_candidate,GB
https://www.linkedin.com/in/jemma-coles-82a56bb0,Jemma Coles,Jemma,Coles,Marketing Communications Manager,2,marketing_communications,GB,2017-03-01,https://www.linkedin.com/company/vado,VADO,ukeu_universe_candidate,GB
https://www.linkedin.com/in/madison-tonge-7a8293125,Madison Tonge,Madison,Tonge,Marketing Communications Manager,2,marketing_communications,GB,2025-12-01,https://www.linkedin.com/company/vado,VADO,ukeu_universe_candidate,GB
https://www.linkedin.com/in/stephen-sullivan-a0b073aa,Stephen Sullivan,Stephen,Sullivan,Spares Network Manager,1,channel_dealer_partner_program,GB,2017-05-01,https://www.linkedin.com/company/vaillant-uk,Vaillant UK,ukeu_universe_candidate,GB
https://www.linkedin.com/in/barney-curzon-jones-878a7382,Barney Curzon-Jones,Barney,Curzon-Jones,Marketing Communications Manager,2,marketing_communications,GB,2024-07-01,https://www.linkedin.com/company/vaillant-uk,Vaillant UK,ukeu_universe_candidate,GB
https://www.linkedin.com/in/chriskurylec,Chris Kurylec ACIM,Chris,Kurylec ACIM,Head of Loyalty & Marketing Activation,3,marketing_leader_fallback,GB,2023-03-01,https://www.linkedin.com/company/vaillant-uk,Vaillant UK,ukeu_universe_candidate,GB
https://www.linkedin.com/in/raphael-couturier-8ba92310,Raphael COUTURIER,Raphael,COUTURIER,Director - Sales & Marketing & Projects,3,marketing_leader_fallback,FR,2025-03-01,https://www.linkedin.com/company/valserve,Valserve,ukeu_universe_candidate,FR
https://www.linkedin.com/in/sara-de-craemer,Sara De Craemer,Sara,De Craemer,Marketing Communications Manager,2,marketing_communications,BE,2021-08-01,https://www.linkedin.com/company/valtech-group,Valtech Group,ukeu_universe_candidate,BE
https://www.linkedin.com/in/sebastianquijanorincon,Sebastian Quijano,Sebastian,Quijano,"Marketing, Ventas y Comunicación Manager",2,marketing_communications,ES,2023-01-01,https://www.linkedin.com/company/valtra-inc-,Valtra Inc.,ukeu_universe_candidate,FI
https://www.linkedin.com/in/matti-tiitinen-74262ba7,Matti Tiitinen,Matti,Tiitinen,Vice President Sales and Marketing,3,marketing_leader_fallback,FI,2024-01-01,https://www.linkedin.com/company/valtra-inc-,Valtra Inc.,ukeu_universe_candidate,FI
https://www.linkedin.com/in/marica-gentile-32b1428,Marica Gentile,Marica,Gentile,Head of Strategic Marketing,3,marketing_leader_fallback,IT,2021-01-01,https://www.linkedin.com/company/valvitalia-s-p-a,VALVITALIA GROUP,ukeu_universe_candidate,IT
https://www.linkedin.com/in/tony-ellis-26626b2a,Tony Ellis,Tony,Ellis,VICE PRESIDENT SALES & MARKETING,3,marketing_leader_fallback,IT,2002-01-01,https://www.linkedin.com/company/valvitalia-s-p-a,VALVITALIA GROUP,ukeu_universe_candidate,IT
https://www.linkedin.com/in/debbie-armstrong-a63199142,Debbie Armstrong,Debbie,Armstrong,PA to Retail Network Development Director,1,channel_dealer_partner_program,GB,2005-01-01,https://www.linkedin.com/company/vauxhall-motors-ltd,Vauxhall Motors Ltd,ukeu_universe_candidate,GB
https://www.linkedin.com/in/tony-hellawell-94824a153,Tony Hellawell,Tony,Hellawell,"Group Business Development Manager , Network Q & LCVs",1,channel_dealer_partner_program,GB,2019-01-01,https://www.linkedin.com/company/vauxhall-motors-ltd,Vauxhall Motors Ltd,ukeu_universe_candidate,GB
https://www.linkedin.com/in/george-mullins-59740a98,George Mullins,George,Mullins,Field Operations Manager (Network Q),1,channel_dealer_partner_program,GB,2001-04-01,https://www.linkedin.com/company/vauxhall-motors-ltd,Vauxhall Motors Ltd,ukeu_universe_candidate,GB
https://www.linkedin.com/in/smith-gordon-0728238a,Smith Gordon,Smith,Gordon,Network Development Manager,1,channel_dealer_partner_program,GB,-,https://www.linkedin.com/company/vauxhall-motors-ltd,Vauxhall Motors Ltd,ukeu_universe_candidate,GB
https://www.linkedin.com/in/martin-olver-68698023,Martin Olver,Martin,Olver,Network Development Manager,1,channel_dealer_partner_program,GB,2012-03-01,https://www.linkedin.com/company/vauxhall-motors-ltd,Vauxhall Motors Ltd,ukeu_universe_candidate,GB
https://www.linkedin.com/in/gordon-smith-73474227b,Gordon Smith,Gordon,Smith,Network Development Manager,1,channel_dealer_partner_program,GB,-,https://www.linkedin.com/company/vauxhall-motors-ltd,Vauxhall Motors Ltd,ukeu_universe_candidate,GB
https://www.linkedin.com/in/tony-micelli-a42847243,Tony Micelli,Tony,Micelli,Network Operations Manager,1,channel_dealer_partner_program,GB,-,https://www.linkedin.com/company/vauxhall-motors-ltd,Vauxhall Motors Ltd,ukeu_universe_candidate,GB
https://www.linkedin.com/in/kam-t-720658187,Kam T.,Kam,T.,Marketing Comms Manager,2,marketing_communications,GB,2021-12-01,https://www.linkedin.com/company/vauxhall-motors-ltd,Vauxhall Motors Ltd,ukeu_universe_candidate,GB
https://www.linkedin.com/in/helen-parker-b3233316,Helen Parker,Helen,Parker,Marketing Communications Manager,2,marketing_communications,GB,1997-01-01,https://www.linkedin.com/company/vauxhall-motors-ltd,Vauxhall Motors Ltd,ukeu_universe_candidate,GB
https://www.linkedin.com/in/stefan-josefsson-0156376,Stefan Josefsson,Stefan,Josefsson,Director of Marketing and Business IT,3,marketing_leader_fallback,SE,2016-05-01,https://www.linkedin.com/company/vbg-coupling-systems,VBG Coupling Systems,ukeu_universe_candidate,SE
https://www.linkedin.com/in/chris-a-49304746,Chris A.,Chris,A.,Director - Sales & Marketing - North America,3,marketing_leader_fallback,US,2023-06-01,https://www.linkedin.com/company/vernetgroup,Vernet Group,ukeu_universe_candidate,FR
https://www.linkedin.com/in/sylvie-devanne-a7596114a,Sylvie DEVANNE,Sylvie,DEVANNE,Responsable Marketing et Développement Produits PR,3,marketing_leader_fallback,FR,2020-01-01,https://www.linkedin.com/company/vernetgroup,Vernet Group,ukeu_universe_candidate,FR
https://www.linkedin.com/in/nicola-novi,Nicola Novi,Nicola,Novi,"Head of Sales, Marketing and Product Management",3,marketing_leader_fallback,IT,2022-11-01,https://www.linkedin.com/company/vhitspa,VHIT,ukeu_universe_candidate,IT
https://www.linkedin.com/in/feliceszetowong,Felice Szeto-Wong,Felice,Szeto-Wong,Market/Partner Development Manager,1,channel_dealer_partner_program,US,2024-04-01,https://www.linkedin.com/company/victrex,Victrex,ukeu_universe_candidate,GB
https://www.linkedin.com/in/christina-manning-03,Christina Manning,Christina,Manning,Marketing Communication Manager,2,marketing_communications,GB,2024-10-01,https://www.linkedin.com/company/victrex,Victrex,ukeu_universe_candidate,GB
https://www.linkedin.com/in/susannesauer,Susanne Sauer,Susanne,Sauer,Marketing Communications Manager,2,marketing_communications,DE,2014-09-01,https://www.linkedin.com/company/victrex,Victrex,ukeu_universe_candidate,GB
https://www.linkedin.com/in/ryan-herrmann-9078b1134,Ryan Herrmann,Ryan,Herrmann,Marketing Communications Manager-Aerospace,2,marketing_communications,US,2022-08-01,https://www.linkedin.com/company/victrex,Victrex,ukeu_universe_candidate,GB
https://www.linkedin.com/in/magdaceska,Magda Ceska,Magda,Ceska,Head of Strategic Marketing,3,marketing_leader_fallback,BE,2026-03-01,https://www.linkedin.com/company/victrex,Victrex,ukeu_universe_candidate,GB
https://www.linkedin.com/in/janinefuhr,Janine Fuhr,Janine,Fuhr,Global Marketing Communications Manager,2,marketing_communications,DE,2023-10-01,https://www.linkedin.com/company/viessmannclimatesolutions,Viessmann Climate Solutions,ukeu_universe_candidate,DE
https://www.linkedin.com/in/ivo-hoevel-74913067,Ivo Hoevel,Ivo,Hoevel,VP Marketing & Brand,3,marketing_leader_fallback,DE,2019-05-01,https://www.linkedin.com/company/viessmannclimatesolutions,Viessmann Climate Solutions,ukeu_universe_candidate,DE
https://www.linkedin.com/in/laurahuembs,Laura Hümbs,Laura,Hümbs,Director Digital Marketing & Sales Operations Climate Solutions Europe,3,marketing_leader_fallback,DE,2025-09-01,https://www.linkedin.com/company/viessmannclimatesolutions,Viessmann Climate Solutions,ukeu_universe_candidate,DE
https://www.linkedin.com/in/alexander-dauensteiner-15963ba3,Alexander Dauensteiner,Alexander,Dauensteiner,Director Product Marketing & Regulations,3,marketing_leader_fallback,DE,2025-07-01,https://www.linkedin.com/company/viessmannclimatesolutions,Viessmann Climate Solutions,ukeu_universe_candidate,DE
https://www.linkedin.com/in/christopher-ostrowski-910b90135,Christopher Ostrowski,Christopher,Ostrowski,Head of CRM Marketing,3,marketing_leader_fallback,DE,2026-01-01,https://www.linkedin.com/company/viessmannclimatesolutions,Viessmann Climate Solutions,ukeu_universe_candidate,DE
https://www.linkedin.com/in/alicia-guether,Alicia Güther,Alicia,Güther,Head of Sales & Marketing,3,marketing_leader_fallback,DE,2026-03-01,https://www.linkedin.com/company/viessmannclimatesolutions,Viessmann Climate Solutions,ukeu_universe_candidate,DE
https://www.linkedin.com/in/andr%c3%a9-martin-7707ab142,André Martin,André,Martin,Head of Global Performance Marketing,3,marketing_leader_fallback,DE,2025-01-01,https://www.linkedin.com/company/viessmannclimatesolutions,Viessmann Climate Solutions,ukeu_universe_candidate,DE
https://www.linkedin.com/in/elisabeth-naderer,Elisabeth Naderer,Elisabeth,Naderer,Head of Marketing,3,marketing_leader_fallback,DE,2015-03-01,https://www.linkedin.com/company/viscotecdispensing,ViscoTec,ukeu_universe_candidate,DE
https://www.linkedin.com/in/giorgio-biggiogero-67078335,Giorgio Biggiogero,Giorgio,Biggiogero,Director of Sales & Marketing,3,marketing_leader_fallback,IT,2024-05-01,https://www.linkedin.com/company/vitrifrigosrl,VITRIFRIGO,ukeu_universe_candidate,IT
https://www.linkedin.com/in/juliet-scott-aa396434,Juliet Scott,Juliet,Scott,Network Manager,1,channel_dealer_partner_program,GB,2015-04-01,https://www.linkedin.com/company/vizion-network,Vizion Network,ukeu_universe_candidate,GB
https://www.linkedin.com/in/yousuf-bansini-60143336,Yousuf Bansini,Yousuf,Bansini,System And Network Manager,1,channel_dealer_partner_program,DE,2025-09-01,https://www.linkedin.com/company/vogelsang-gmbh-&-co.-kg,Vogelsang GmbH & Co. KG,ukeu_universe_candidate,DE
https://www.linkedin.com/in/adrien-ignjatovic-b20015148,Adrien Ignjatovic,Adrien,Ignjatovic,"Head of Marketing, Communication & eCommerce",3,marketing_leader_fallback,DE,2022-10-01,https://www.linkedin.com/company/volkswagen-accessories-volkswagen-zubehoer,Volkswagen Accessories/Volkswagen Zubehoer,ukeu_universe_candidate,DE
https://www.linkedin.com/in/maximilian-w-03a1161b7,Maximilian W.,Maximilian,W.,Director Event-Marketing,3,marketing_leader_fallback,DE,-,https://www.linkedin.com/company/volkswagen-group,Volkswagen Group,ukeu_universe_candidate,DE
https://www.linkedin.com/in/stefan-b%c3%bchrmann-77ba9b133,Stefan Bührmann,Stefan,Bührmann,Head Of Product Marketing Strategy,3,marketing_leader_fallback,DE,2019-10-01,https://www.linkedin.com/company/volkswagen-group,Volkswagen Group,ukeu_universe_candidate,DE
https://www.linkedin.com/in/jerome-kueppers-9769a9106,Jerome Kueppers,Jerome,Kueppers,"Head of Marketing and Sales, Product Line e-Mobility MEB & SSP",3,marketing_leader_fallback,DE,2025-06-01,https://www.linkedin.com/company/volkswagen-group,Volkswagen Group,ukeu_universe_candidate,DE
https://www.linkedin.com/in/jorge-rodriguez-4059782,Jorge Rodriguez,Jorge,Rodriguez,Head of Marketing & Digital Europe,3,marketing_leader_fallback,DE,2021-09-01,https://www.linkedin.com/company/volkswagen-group,Volkswagen Group,ukeu_universe_candidate,DE
https://www.linkedin.com/in/philipp-eisenhauer-96644620,Philipp Eisenhauer,Philipp,Eisenhauer,Head of After Sales Marketing,3,marketing_leader_fallback,DE,2019-03-01,https://www.linkedin.com/company/volkswagen-group,Volkswagen Group,ukeu_universe_candidate,DE
https://www.linkedin.com/in/marco-annuzzi-381b6b7a,Marco Annuzzi,Marco,Annuzzi,Sales Area Manager | Driving Dealer Network Performance & Sustainable Growth | ŠKODA,1,channel_dealer_partner_program,IT,2022-11-01,https://www.linkedin.com/company/volkswagen-group-italia,Volkswagen Group Italia S.p.A.,ukeu_universe_candidate,IT
https://www.linkedin.com/in/alberto-valentini-47445321,Alberto Valentini,Alberto,Valentini,Volkswagen Italy Network & Business Strategy Director,1,channel_dealer_partner_program,IT,2026-01-01,https://www.linkedin.com/company/volkswagen-group-italia,Volkswagen Group Italia S.p.A.,ukeu_universe_candidate,IT
https://www.linkedin.com/in/giuseppe-auriemma-1002b6107,Giuseppe Auriemma,Giuseppe,Auriemma,Head of Sales and Network VW LCV,1,channel_dealer_partner_program,IT,2025-05-01,https://www.linkedin.com/company/volkswagen-group-italia,Volkswagen Group Italia S.p.A.,ukeu_universe_candidate,IT
https://www.linkedin.com/in/giarin-gianluca-52361417,Giarin Gianluca,Giarin,Gianluca,Standard & Development Network Manager,1,channel_dealer_partner_program,IT,-,https://www.linkedin.com/company/volkswagen-group-italia,Volkswagen Group Italia S.p.A.,ukeu_universe_candidate,IT
https://www.linkedin.com/in/massimiliano-franchini-30828317,Massimiliano Franchini,Massimiliano,Franchini,Network Development Manager | Group Operations,1,channel_dealer_partner_program,IT,2022-01-01,https://www.linkedin.com/company/volkswagen-group-italia,Volkswagen Group Italia S.p.A.,ukeu_universe_candidate,IT
https://www.linkedin.com/in/daniele-ambrosi-3b6450a7,Daniele Ambrosi,Daniele,Ambrosi,Head of Marketing Communication - Brand Volkswagen,2,marketing_communications,IT,2024-01-01,https://www.linkedin.com/company/volkswagen-group-italia,Volkswagen Group Italia S.p.A.,ukeu_universe_candidate,IT
https://www.linkedin.com/in/stefano-losi-20232228,Stefano Losi,Stefano,Losi,Head of Product Marketing Volkswagen,3,marketing_leader_fallback,IT,2023-01-01,https://www.linkedin.com/company/volkswagen-group-italia,Volkswagen Group Italia S.p.A.,ukeu_universe_candidate,IT
https://www.linkedin.com/in/cristina-guglielmi-8434484,Cristina Guglielmi,Cristina,Guglielmi,Head of Marketing Skoda Italia,3,marketing_leader_fallback,IT,2025-12-01,https://www.linkedin.com/company/volkswagen-group-italia,Volkswagen Group Italia S.p.A.,ukeu_universe_candidate,IT
https://www.linkedin.com/in/joakim-danzer-04865030,Joakim Danzer,Joakim,Danzer,"Network manager, Volkswagen Pc",1,channel_dealer_partner_program,SE,2011-10-01,https://www.linkedin.com/company/volkswagen-group-sverige,Volkswagen Group Sverige,ukeu_universe_candidate,SE
https://www.linkedin.com/in/peter-steiner-61721125,Peter Steiner,Peter,Steiner,Manager Dealer Development,1,channel_dealer_partner_program,SE,2010-03-01,https://www.linkedin.com/company/volkswagen-group-sverige,Volkswagen Group Sverige,ukeu_universe_candidate,SE
https://www.linkedin.com/in/thordis-ernsting-76810b327,Thordis Ernsting,Thordis,Ernsting,Marketing Manager & Brand Partnerships,1,channel_dealer_partner_program,DE,2025-01-01,https://www.linkedin.com/company/volkswagen-commercial-vehicles-,Volkswagen Nutzfahrzeuge,ukeu_universe_candidate,DE
https://www.linkedin.com/in/r%c3%bcdiger-probst-55532933,Rüdiger Probst,Rüdiger,Probst,Head of Marketing Communications,2,marketing_communications,DE,2024-01-01,https://www.linkedin.com/company/volkswagen-commercial-vehicles-,Volkswagen Nutzfahrzeuge,ukeu_universe_candidate,DE
https://www.linkedin.com/in/lars-krause-085748180,Lars Krause,Lars,Krause,Executive Vice President Sales and Marketing / Vorstand Vertrieb und Marketing,3,marketing_leader_fallback,DE,2021-07-01,https://www.linkedin.com/company/volkswagen-commercial-vehicles-,Volkswagen Nutzfahrzeuge,ukeu_universe_candidate,DE
https://www.linkedin.com/in/lars-menge-51751a76,Lars Menge,Lars,Menge,Senior Vice President Product Marketing,3,marketing_leader_fallback,DE,2020-04-01,https://www.linkedin.com/company/volkswagen-commercial-vehicles-,Volkswagen Nutzfahrzeuge,ukeu_universe_candidate,DE
https://www.linkedin.com/in/svneumann,Sven Neumann,Sven,Neumann,Head Of Digital Marketing,3,marketing_leader_fallback,DE,2018-05-01,https://www.linkedin.com/company/volkswagen-commercial-vehicles-,Volkswagen Nutzfahrzeuge,ukeu_universe_candidate,DE
https://www.linkedin.com/in/jule-pickel-006b271bb,Jule Pickel,Jule,Pickel,"Executive Assistent to Head of Sales Steering, Product Marketing & Connectivity",3,marketing_leader_fallback,DE,2026-01-01,https://www.linkedin.com/company/volkswagen-commercial-vehicles-,Volkswagen Nutzfahrzeuge,ukeu_universe_candidate,DE
https://www.linkedin.com/in/katie-mairs-marketing-specialist,Katie Mairs,Katie,Mairs,Channel Marketing Manager (Product & Brand),1,channel_dealer_partner_program,GB,2024-03-01,https://www.linkedin.com/company/volution-group,Volution Group plc,ukeu_universe_candidate,GB
https://www.linkedin.com/in/sameersiddiquiprofile,Sameer S.,Sameer,S.,Global Marketing Communications Manager,2,marketing_communications,SE,2026-02-01,https://www.linkedin.com/company/volvo-financial-services,Volvo Financial Services,ukeu_universe_candidate,SE
https://www.linkedin.com/in/nicole-east-83aab12,Nicole East,Nicole,East,"SVP, Marketing & Communications",2,marketing_communications,US,2024-10-01,https://www.linkedin.com/company/volvo-financial-services,Volvo Financial Services,ukeu_universe_candidate,SE
https://www.linkedin.com/in/sabine-brugere-61a7a019a,Sabine BRUGERE,Sabine,BRUGERE,Responsable communications marketing,2,marketing_communications,FR,2024-09-01,https://www.linkedin.com/company/volvo-financial-services,Volvo Financial Services,ukeu_universe_candidate,SE
https://www.linkedin.com/in/ninauschanov,Nina Uschanov,Nina,Uschanov,Marketing Communications & PR Manager,2,marketing_communications,FI,2021-09-01,https://www.linkedin.com/company/volvo-finland-ab,Volvo Finland Ab,ukeu_universe_candidate,FI
https://www.linkedin.com/in/annikamartas,Annika Martas,Annika,Martas,"Marketing Communications & PR Manager, Volvo Group Trucks",2,marketing_communications,FI,2017-08-01,https://www.linkedin.com/company/volvo-finland-ab,Volvo Finland Ab,ukeu_universe_candidate,FI
https://www.linkedin.com/in/chris-gossler-6325b87,Chris Gossler,Chris,Gossler,"Vice President, Channel Development - Mack and Volvo Trucks",1,channel_dealer_partner_program,US,2024-01-01,https://www.linkedin.com/company/volvo-group,Volvo Group,ukeu_universe_candidate,SE
https://www.linkedin.com/in/jean-th%c3%a9r%c3%a8se-02633a80,Jean Thérèse,Jean,Thérèse,Responsable Emploi & Compétences | People Development Partner | European Medium Duty,1,channel_dealer_partner_program,FR,2021-07-01,https://www.linkedin.com/company/volvo-group,Volvo Group,ukeu_universe_candidate,SE
https://www.linkedin.com/in/nick-serban-8872801,Nick Serban,Nick,Serban,Vice President & Head of Supply  Network Resiliency & Project Management North America,1,channel_dealer_partner_program,US,2022-07-01,https://www.linkedin.com/company/volvo-group,Volvo Group,ukeu_universe_candidate,SE
https://www.linkedin.com/in/david-peters-a12a3a7,David Peters,David,Peters,"Senior Vice President, Supply Network Resiliency and Project Management",1,channel_dealer_partner_program,SE,2022-03-01,https://www.linkedin.com/company/volvo-group,Volvo Group,ukeu_universe_candidate,SE
https://www.linkedin.com/in/luiz-henrique-kleinmayer-0a809689,Luiz Henrique Kleinmayer,Luiz Henrique,Kleinmayer,Supply Partner Development,1,channel_dealer_partner_program,FR,2023-12-01,https://www.linkedin.com/company/volvo-group,Volvo Group,ukeu_universe_candidate,SE
https://www.linkedin.com/in/evabarnheim,Eva Bärnheim,Eva,Bärnheim,VP Head of Brand & Communication Products,2,marketing_communications,SE,2026-05-01,https://www.linkedin.com/company/volvo-group,Volvo Group,ukeu_universe_candidate,SE
https://www.linkedin.com/in/pieter-thienpont-ba99b3,Pieter Thienpont,Pieter,Thienpont,"Director Sales and Marketing, Volvo Trucks Belgium and Luxemburg",3,marketing_leader_fallback,BE,-,https://www.linkedin.com/company/volvo-group,Volvo Group,ukeu_universe_candidate,SE
https://www.linkedin.com/in/h%c3%a5kan-gustafsson-60200b9,Håkan Gustafsson,Håkan,Gustafsson,"Director, Product Marketing (Haulers & Loaders) Region APAC",3,marketing_leader_fallback,SE,2015-09-01,https://www.linkedin.com/company/volvo-group,Volvo Group,ukeu_universe_candidate,SE
https://www.linkedin.com/in/franklyn-quiteh-m-a-599b389b,"Franklyn Quiteh, M.A.",Franklyn,"Quiteh, M.A.","Manager, Dealer Development",1,channel_dealer_partner_program,US,2024-01-01,https://www.linkedin.com/company/volvopenta,Volvo Penta,ukeu_universe_candidate,SE
https://www.linkedin.com/in/karin-frykholm-fd-eriksson-48a70a71,Karin Frykholm (fd Eriksson),Karin,Frykholm (fd Eriksson),Director Material Supply & Distribution Development,1,channel_dealer_partner_program,SE,2025-05-01,https://www.linkedin.com/company/volvopenta,Volvo Penta,ukeu_universe_candidate,SE
https://www.linkedin.com/in/fran%c3%a7ois-fila-19a35a139,François FILA,François,FILA,Responsable Développement réseau Après-vente,1,channel_dealer_partner_program,FR,2024-03-01,https://www.linkedin.com/company/volvopenta,Volvo Penta,ukeu_universe_candidate,SE
https://www.linkedin.com/in/jason-p-32358714a,Jason P.,Jason,P.,N. A. Network Development Manager -  Industrial,1,channel_dealer_partner_program,US,2023-01-01,https://www.linkedin.com/company/volvopenta,Volvo Penta,ukeu_universe_candidate,SE
https://www.linkedin.com/in/melissa-morgan-stewart-4699444,Melissa Morgan Stewart,Melissa,Morgan Stewart,Marketing Communications Manager,2,marketing_communications,US,2023-01-01,https://www.linkedin.com/company/volvopenta,Volvo Penta,ukeu_universe_candidate,SE
https://www.linkedin.com/in/christinescarlson,Christine McKone (Carlson),Christine,McKone (Carlson),Vice President Marketing,3,marketing_leader_fallback,US,2024-04-01,https://www.linkedin.com/company/volvopenta,Volvo Penta,ukeu_universe_candidate,SE
https://www.linkedin.com/in/martin-skoglund-220a152,Martin Skoglund,Martin,Skoglund,Vice President Global Sales & Marketing,3,marketing_leader_fallback,SE,2026-06-01,https://www.linkedin.com/company/volvopenta,Volvo Penta,ukeu_universe_candidate,SE
https://www.linkedin.com/in/diego-e-quintana-6189b263,Diego E. Quintana,Diego E.,Quintana,Head of Supply Partner Development NA,1,channel_dealer_partner_program,US,2023-04-01,https://www.linkedin.com/company/volvo-trucks,Volvo Trucks,ukeu_universe_candidate,SE
https://www.linkedin.com/in/sheryl-beauregard-25395243,Sheryl Beauregard,Sheryl,Beauregard,Director of Network Fixed Operations,1,channel_dealer_partner_program,US,2025-06-01,https://www.linkedin.com/company/volvo-trucks,Volvo Trucks,ukeu_universe_candidate,SE
https://www.linkedin.com/in/kevin-stogner-218386207,Kevin Stogner,Kevin,Stogner,Dealer Uptime Development Manager,1,channel_dealer_partner_program,US,2019-07-01,https://www.linkedin.com/company/volvo-trucks,Volvo Trucks,ukeu_universe_candidate,SE
https://www.linkedin.com/in/olivier-dauriat-galy,Olivier DAURIAT-GALY,Olivier,DAURIAT-GALY,Network Coordination and Facility Layouts Director,1,channel_dealer_partner_program,FR,-,https://www.linkedin.com/company/volvo-trucks,Volvo Trucks,ukeu_universe_candidate,SE
https://www.linkedin.com/in/elinskredsvik,Elin Skredsvik,Elin,Skredsvik,Marketing Communications Manager,2,marketing_communications,SE,2023-01-01,https://www.linkedin.com/company/volvo-trucks,Volvo Trucks,ukeu_universe_candidate,SE
https://www.linkedin.com/in/mike-corcoran-96897630,Mike Corcoran,Mike,Corcoran,"VP Truck Sales and Marketing, Europe South & West",3,marketing_leader_fallback,SE,2022-08-01,https://www.linkedin.com/company/volvo-trucks,Volvo Trucks,ukeu_universe_candidate,SE
https://www.linkedin.com/in/magnus-koeck-77a8972,Magnus Koeck,Magnus,Koeck,"Vice President, Strategy, Marketing & Brand Management",3,marketing_leader_fallback,US,2020-07-01,https://www.linkedin.com/company/volvo-trucks,Volvo Trucks,ukeu_universe_candidate,SE
https://www.linkedin.com/in/johan-selv%c3%a9n-27736112,Johan Selvén,Johan,Selvén,VP Sales & Marketing Volvo Trucks International,3,marketing_leader_fallback,SE,2021-09-01,https://www.linkedin.com/company/volvo-trucks,Volvo Trucks,ukeu_universe_candidate,SE
https://www.linkedin.com/in/henrik-appelbom-39541843,Henrik Appelbom,Henrik,Appelbom,"Vice President Truck Sales & Marketing, North & Central Europe",3,marketing_leader_fallback,SE,2020-07-01,https://www.linkedin.com/company/volvo-trucks,Volvo Trucks,ukeu_universe_candidate,SE
https://www.linkedin.com/in/james-newman-0077142a,James Newman,James,Newman,Network Truck Sales Director,1,channel_dealer_partner_program,GB,2026-07-01,https://www.linkedin.com/company/volvo-trucks-uk,Volvo Trucks UK,ukeu_universe_candidate,GB
https://www.linkedin.com/in/martin-tomlinson-cmilt-83789049,Martin Tomlinson CMILT,Martin,Tomlinson CMILT,Head of Media & Product Marketing,3,marketing_leader_fallback,GB,2016-07-01,https://www.linkedin.com/company/volvo-trucks-uk,Volvo Trucks UK,ukeu_universe_candidate,GB
https://www.linkedin.com/in/cristinapancotti,Pancotti Cristina,Pancotti,Cristina,Marketing Communications Manager,2,marketing_communications,IT,2010-11-01,https://www.linkedin.com/company/vortice-spa,Vortice S.p.A,ukeu_universe_candidate,IT
https://www.linkedin.com/in/sebastian-melech,Sebastian Melech,Sebastian,Melech,Global Director Communications & Marketing,2,marketing_communications,DE,2023-01-01,https://www.linkedin.com/company/vorwerk-autotec-gmbh-co-kg,Vorwerk Autotec GmbH & Co. KG,ukeu_universe_candidate,DE
https://www.linkedin.com/in/catrin-pomrehn-69816496,Catrin Pomrehn,Catrin,Pomrehn,Marketing Communication Manager,2,marketing_communications,DE,2017-07-01,https://www.linkedin.com/company/voss-fluid-gmbh,VOSS Fluid,ukeu_universe_candidate,DE
https://www.linkedin.com/in/georg-rempel-309a90151,Georg Rempel,Georg,Rempel,Leiter Produktmarketing,3,marketing_leader_fallback,DE,-,https://www.linkedin.com/company/voss-fluid-gmbh,VOSS Fluid,ukeu_universe_candidate,DE
https://www.linkedin.com/in/madeleine-schobel-9aa798189,Madeleine Schobel,Madeleine,Schobel,Head of Marketing,3,marketing_leader_fallback,DE,2024-07-01,https://www.linkedin.com/company/voss-fluid-gmbh,VOSS Fluid,ukeu_universe_candidate,DE
https://www.linkedin.com/in/bj%c3%b6rn-peters-30935314,Björn Peters,Björn,Peters,Leiter Marketing,3,marketing_leader_fallback,DE,-,https://www.linkedin.com/company/vulkangroup,VULKAN Group,ukeu_universe_candidate,DE
https://www.linkedin.com/in/jocelynesabatier,Jocelyne SABATIER,Jocelyne,SABATIER,Head of Marketing EMEA - Distributor Sales,1,channel_dealer_partner_program,FR,2021-07-01,https://www.linkedin.com/company/wacker-neuson-group,Wacker Neuson Group,ukeu_universe_candidate,DE
https://www.linkedin.com/in/stefanie-wieland-183807a9,Stefanie Wieland,Stefanie,Wieland,Director Corporate Marketing,3,marketing_leader_fallback,DE,2021-03-01,https://www.linkedin.com/company/wacker-neuson-group,Wacker Neuson Group,ukeu_universe_candidate,DE
https://www.linkedin.com/in/anna-damm-25a31470,Anna Damm,Anna,Damm,Head of Cluster Marketing APAC & Cluster Marketing Expert,3,marketing_leader_fallback,DE,2023-02-01,https://www.linkedin.com/company/wacker-neuson-group,Wacker Neuson Group,ukeu_universe_candidate,DE
https://www.linkedin.com/in/sarah-rimb%c3%b6ck-74218b129,Sarah Rimböck,Sarah,Rimböck,Head of Marketing EMEA Direct Sales,3,marketing_leader_fallback,DE,-,https://www.linkedin.com/company/wacker-neuson-group,Wacker Neuson Group,ukeu_universe_candidate,DE
https://www.linkedin.com/in/luisa-maier-987b2b10a,Luisa Maier,Luisa,Maier,Head of Cluster Marketing APAC & SEA Expert,3,marketing_leader_fallback,DE,2025-03-01,https://www.linkedin.com/company/wacker-neuson-group,Wacker Neuson Group,ukeu_universe_candidate,DE
https://www.linkedin.com/in/meera-ullal-24790b103,Meera Ullal,Meera,Ullal,Director Brand and Communications / Member of the Board,2,marketing_communications,DE,2023-05-01,https://www.linkedin.com/company/wala-heilmittel-gmbh,WALA,ukeu_universe_candidate,DE
https://www.linkedin.com/in/bastian-link-0671a421a,Bastian Link,Bastian,Link,Leiter Marketing,3,marketing_leader_fallback,DE,2023-10-01,https://www.linkedin.com/company/waldner,WALDNER Unternehmensgruppe,ukeu_universe_candidate,DE
https://www.linkedin.com/in/alexander-rittler,Alexander Rittler,Alexander,Rittler,"Head of Corporate Communications, Marketing & Events / Director",3,marketing_leader_fallback,AT,2005-12-01,https://www.linkedin.com/company/walter-group-at,WALTER GROUP,ukeu_universe_candidate,AT
https://www.linkedin.com/in/uwe-frieder-kassner-291a699,Uwe Frieder Kassner,Uwe,Frieder Kassner,Bereichsleiter Marketing - Vertrieb,3,marketing_leader_fallback,DE,2008-01-01,https://www.linkedin.com/company/waltherpraezision,WALTHER-PRAEZISION,ukeu_universe_candidate,DE
https://www.linkedin.com/in/melita-montani,Melita Montani,Melita,Montani,Communication & Marketing Manager,2,marketing_communications,IT,2007-11-01,https://www.linkedin.com/company/walvoilspa,WALVOIL SPA,ukeu_universe_candidate,IT
https://www.linkedin.com/in/christian-kemper-5b1210255,Christian Kemper,Christian,Kemper,Manager Marketing Communications,2,marketing_communications,DE,-,https://www.linkedin.com/company/wavin-gmbh,Wavin GmbH,ukeu_universe_candidate,DE
https://www.linkedin.com/in/to81a5,Tobias Simmendinger,Tobias,Simmendinger,"Head of Business Unit Hydraulics / Director Sales, Marketing & Development",3,marketing_leader_fallback,DE,2025-01-01,https://www.linkedin.com/company/weberhydraulik,WEBER-HYDRAULIK,ukeu_universe_candidate,DE
https://www.linkedin.com/in/erik-eberlein-a242162a7,Erik Eberlein,Erik,Eberlein,Vice President Sales & Marketing,3,marketing_leader_fallback,DE,-,https://www.linkedin.com/company/wegmann-automotive-page,WEGMANN automotive GmbH,ukeu_universe_candidate,DE
https://www.linkedin.com/in/christina-heine-253498302,Christina Heine,Christina,Heine,Head of Marketing & eCommerce,3,marketing_leader_fallback,DE,2011-05-01,https://www.linkedin.com/company/weidemann-gmbh,Weidemann GmbH,ukeu_universe_candidate,DE
https://www.linkedin.com/in/alyssa-kotek,Alyssa Kotek,Alyssa,Kotek,"Director of Marketing, North America",3,marketing_leader_fallback,US,2025-01-01,https://www.linkedin.com/company/westernglobal,Western Global,ukeu_universe_candidate,GB
https://www.linkedin.com/in/jessrobson,Jess Robson CMktr,Jess,Robson CMktr,UK Head of Marketing,3,marketing_leader_fallback,GB,2025-12-01,https://www.linkedin.com/company/westernglobal,Western Global,ukeu_universe_candidate,GB
https://www.linkedin.com/in/kate-woodward-94b7876b,Kate Woodward,Kate,Woodward,UK Head of Marketing,3,marketing_leader_fallback,GB,-,https://www.linkedin.com/company/westernglobal,Western Global,ukeu_universe_candidate,GB
https://www.linkedin.com/in/kirstymcneill1,Kirsty McNeill,Kirsty,McNeill,Global Head of Marketing,3,marketing_leader_fallback,GB,-,https://www.linkedin.com/company/westernglobal,Western Global,ukeu_universe_candidate,GB
https://www.linkedin.com/in/lisa-rothenberger-6a90a5164,Lisa Rothenberger,Lisa,Rothenberger,Head of Marketing Communications,2,marketing_communications,DE,2025-11-01,https://www.linkedin.com/company/wielandgroup,Wieland Group,ukeu_universe_candidate,DE
https://www.linkedin.com/in/karen-wells-4407891a,Karen Wells,Karen,Wells,Executive Communications & Marketing Manager,2,marketing_communications,US,2026-04-01,https://www.linkedin.com/company/wielandgroup,Wieland Group,ukeu_universe_candidate,DE
https://www.linkedin.com/in/wiebke-raats-151365174,Wiebke Raats,Wiebke,Raats,Marketing Communications Manager,2,marketing_communications,DE,2021-07-01,https://www.linkedin.com/company/wielandgroup,Wieland Group,ukeu_universe_candidate,DE
https://www.linkedin.com/in/daniel-riester-b07677a1,Daniel Riester,Daniel,Riester,Vice President Sales & Marketing - BU Global Extruded & Cast Products,3,marketing_leader_fallback,DE,2024-10-01,https://www.linkedin.com/company/wielandgroup,Wieland Group,ukeu_universe_candidate,DE
https://www.linkedin.com/in/markus-sch%c3%bcler-693b5a7,Markus Schüler,Markus,Schüler,Senior Director Sales Marketing,3,marketing_leader_fallback,US,1985-10-01,https://www.linkedin.com/company/wielandgroup,Wieland Group,ukeu_universe_candidate,DE
https://www.linkedin.com/in/matthias-boehringer-001a85208,Matthias Boehringer,Matthias,Boehringer,Director Sales and Marketing Copper Tubes,3,marketing_leader_fallback,DE,2024-10-01,https://www.linkedin.com/company/wielandgroup,Wieland Group,ukeu_universe_candidate,DE
https://www.linkedin.com/in/tom-wasz,Tom Wasz,Tom,Wasz,"Director, Marketing & Strategy",3,marketing_leader_fallback,US,2025-06-01,https://www.linkedin.com/company/wielandgroup,Wieland Group,ukeu_universe_candidate,DE
https://www.linkedin.com/in/peter-stahl-b5231b140,Peter Stahl,Peter,Stahl,Director Technical Marketing Europe - Business Unit Rolled Products,3,marketing_leader_fallback,DE,-,https://www.linkedin.com/company/wielandgroup,Wieland Group,ukeu_universe_candidate,DE
https://www.linkedin.com/in/tobias-ziesel-188a31196,Tobias Ziesel,Tobias,Ziesel,Head Of Sales Marketing,3,marketing_leader_fallback,DE,2012-10-01,https://www.linkedin.com/company/wielandgroup,Wieland Group,ukeu_universe_candidate,DE
https://www.linkedin.com/in/maschinenbaumarketing,Andreas Schulz,Andreas,Schulz,Global Head of Marketing,3,marketing_leader_fallback,DE,2025-12-01,https://www.linkedin.com/company/wiferion,Wiferion - industrial wireless charging - a PULS brand,ukeu_universe_candidate,DE
https://www.linkedin.com/in/annika-fritsch-511b72255,Annika Fritsch,Annika,Fritsch,Head of Marketing,3,marketing_leader_fallback,DE,2025-08-01,https://www.linkedin.com/company/winktools,Wink Stanzwerkzeuge | Die-Cutting Tools,ukeu_universe_candidate,DE
https://www.linkedin.com/in/andrew-christopher-4516151,Andrew Christopher,Andrew,Christopher,"Vice President, Dealer Development",1,channel_dealer_partner_program,US,2023-06-01,https://www.linkedin.com/company/wirtgen-group,WIRTGEN GROUP,ukeu_universe_candidate,DE
https://www.linkedin.com/in/kanan-samadov-6225a121,Kanan Samadov,Kanan,Samadov,Manager Regional Business and Dealer Development,1,channel_dealer_partner_program,DE,2026-01-01,https://www.linkedin.com/company/wirtgen-group,WIRTGEN GROUP,ukeu_universe_candidate,DE
https://www.linkedin.com/in/matthew-graves-860a04102,Matthew Graves,Matthew,Graves,Director Of Marketing Communications,2,marketing_communications,US,2017-11-01,https://www.linkedin.com/company/wirtgen-group,WIRTGEN GROUP,ukeu_universe_candidate,DE
https://www.linkedin.com/in/michaela-adams-622b59b9,Michaela Adams,Michaela,Adams,Head of Corporate Marketing,3,marketing_leader_fallback,DE,2023-09-01,https://www.linkedin.com/company/wirtgen-group,WIRTGEN GROUP,ukeu_universe_candidate,DE
https://www.linkedin.com/in/frank-drechsler-8b2747103,Frank Drechsler,Frank,Drechsler,Head of Strategic Marketing & Market Intelligence,3,marketing_leader_fallback,DE,2025-06-01,https://www.linkedin.com/company/witzenmann-gmbh,Witzenmann Group,ukeu_universe_candidate,DE
https://www.linkedin.com/in/michelebweber,Michele B. Weber,Michele B.,Weber,Head of Marketing,3,marketing_leader_fallback,US,2020-12-01,https://www.linkedin.com/company/wolterskluwerfs,Wolters Kluwer - Financial Services Solutions,ukeu_universe_candidate,GB
https://www.linkedin.com/in/bchiarelli,Beverly Chiarelli,Beverly,Chiarelli,Director of Field Marketing,3,marketing_leader_fallback,US,2022-03-01,https://www.linkedin.com/company/wolterskluwerfs,Wolters Kluwer - Financial Services Solutions,ukeu_universe_candidate,GB
https://www.linkedin.com/in/tomteynor,Tom Teynor,Tom,Teynor,Director of Marketing,3,marketing_leader_fallback,US,-,https://www.linkedin.com/company/wolterskluwerfs,Wolters Kluwer - Financial Services Solutions,ukeu_universe_candidate,GB
https://www.linkedin.com/in/helen-smallridge-3137991,Helen Smallridge,Helen,Smallridge,Director of Marketing,3,marketing_leader_fallback,GB,2025-09-01,https://www.linkedin.com/company/worcester-bosch,Worcester Bosch,ukeu_universe_candidate,GB
https://www.linkedin.com/in/alhasan-alkaff,Alhasan Alkaff,Alhasan,Alkaff,Head of Regional Marketing,3,marketing_leader_fallback,ES,2026-02-01,https://www.linkedin.com/company/xfarm-technologies,xFarm Technologies,ukeu_universe_candidate,CH
https://www.linkedin.com/in/alexandrafreche,Alexandra FRECHE,Alexandra,FRECHE,Chief Marketing Officer,3,marketing_leader_fallback,IT,2024-10-01,https://www.linkedin.com/company/xfarm-technologies,xFarm Technologies,ukeu_universe_candidate,CH
https://www.linkedin.com/in/nicoletta-cannata-7a433b70,Nicoletta Cannata,Nicoletta,Cannata,Head of Global Marketing,3,marketing_leader_fallback,IT,2026-03-01,https://www.linkedin.com/company/xfarm-technologies,xFarm Technologies,ukeu_universe_candidate,CH
https://www.linkedin.com/in/alessioercole,Alessio Ercole,Alessio,Ercole,SVP Marketing,3,marketing_leader_fallback,DE,2026-01-01,https://www.linkedin.com/company/yokohama-europe-gmbh,YOKOHAMA Europe,ukeu_universe_candidate,DE
https://www.linkedin.com/in/valentina-bucciarelli,Valentina Bucciarelli,Valentina,Bucciarelli,Brand & Communication Manager,2,marketing_communications,IT,2025-03-01,https://www.linkedin.com/company/yokohama-tws,Yokohama TWS,ukeu_universe_candidate,IT
https://www.linkedin.com/in/massimiliano-tripodi-0631351,Massimiliano Tripodi,Massimiliano,Tripodi,President EMEA &  Vice President Marketing,3,marketing_leader_fallback,IT,2025-06-01,https://www.linkedin.com/company/yokohama-tws,Yokohama TWS,ukeu_universe_candidate,IT
https://www.linkedin.com/in/andrea-masella-0445352,Andrea Masella,Andrea,Masella,Director Marketing - Ag North America,3,marketing_leader_fallback,US,2025-04-01,https://www.linkedin.com/company/yokohama-tws,Yokohama TWS,ukeu_universe_candidate,IT
https://www.linkedin.com/in/ambre-sonor,Amber Sonor,Amber,Sonor,Brand and Communication Director,2,marketing_communications,FR,2025-05-01,https://www.linkedin.com/company/yousign,Yousign,ukeu_universe_candidate,FR
https://www.linkedin.com/in/lorenza-pugliese-bb66b984,Lorenza Pugliese,Lorenza,Pugliese,Director of Product Marketing & Strategy,3,marketing_leader_fallback,FR,2026-01-01,https://www.linkedin.com/company/yousign,Yousign,ukeu_universe_candidate,FR
https://www.linkedin.com/in/sophie-d-57188077,Sophie D.,Sophie,D.,Director of Inbound marketing,3,marketing_leader_fallback,FR,2025-09-01,https://www.linkedin.com/company/yousign,Yousign,ukeu_universe_candidate,FR
https://www.linkedin.com/in/stephane-ledru-05674420,Stephane Ledru,Stephane,Ledru,Director Partnerships Development,1,channel_dealer_partner_program,FR,2023-08-01,https://www.linkedin.com/company/zealuxeurope,Zealux Europe,ukeu_universe_candidate,FR
https://www.linkedin.com/in/eva-susanne-klein-5a971014,Eva Susanne Klein,Eva Susanne,Klein,Head of EMEA Marketing Communication Projects,2,marketing_communications,DE,2026-01-01,https://www.linkedin.com/company/zehnder-group-international-ag,Zehnder Group International AG,ukeu_universe_candidate,CH
https://www.linkedin.com/in/michael-jansen-mba-smp-8684a2,"Michael Jansen MBA, SMP",Michael,"Jansen MBA, SMP",Director Marketing Ventilation solutions,3,marketing_leader_fallback,NL,2019-09-01,https://www.linkedin.com/company/zehnder-group-international-ag,Zehnder Group International AG,ukeu_universe_candidate,CH
https://www.linkedin.com/in/jason-bennett-zehnder,Jason Bennett,Jason,Bennett,"National Business Development Manager DfMA, Service Partner",1,channel_dealer_partner_program,GB,2021-01-01,https://www.linkedin.com/company/zehnder-group-uk-ltd,Zehnder Group UK,ukeu_universe_candidate,GB
https://www.linkedin.com/in/louise-randall-39728217b,Louise Randall,Louise,Randall,"Business Development Manager - Service Partners, Academy and MMC",1,channel_dealer_partner_program,GB,-,https://www.linkedin.com/company/zehnder-group-uk-ltd,Zehnder Group UK,ukeu_universe_candidate,GB
https://www.linkedin.com/in/jessica-petrilli87,Jessica Petrilli,Jessica,Petrilli,Corporate Marketing & Communication Manager and Head of PMO,2,marketing_communications,IT,2022-09-01,https://www.linkedin.com/company/zenitgroup,Zenit Group,ukeu_universe_candidate,IT
https://www.linkedin.com/in/matthias-m%c3%bchlbacher-94562b203,Matthias Mühlbacher,Matthias,Mühlbacher,Head Of Marketing,3,marketing_leader_fallback,DE,-,https://www.linkedin.com/company/zieglergroup,ZIEGLER Group,ukeu_universe_candidate,DE
https://www.linkedin.com/in/andreas-bauer-76311720a,Andreas Bauer,Andreas,Bauer,Bereichsleiter Marketing,3,marketing_leader_fallback,DE,2022-06-01,https://www.linkedin.com/company/ziehl-abegg-se,ZIEHL-ABEGG SE,ukeu_universe_candidate,DE
https://www.linkedin.com/in/fiammetta-doniselli-7a148835,Fiammetta Doniselli,Fiammetta,Doniselli,Marketing Communications Manager,2,marketing_communications,IT,2024-01-01,https://www.linkedin.com/company/zoppas-industries,Zoppas Industries Heating Element Technologies,ukeu_universe_candidate,IT
https://www.linkedin.com/in/brad-mcguire-9bab741,Brad McGuire,Brad,McGuire,VP of Sales & Marketing/HVAC Division - North America at Zoppas Industries,3,marketing_leader_fallback,US,2016-02-01,https://www.linkedin.com/company/zoppas-industries,Zoppas Industries Heating Element Technologies,ukeu_universe_candidate,IT
https://www.linkedin.com/in/roberta-bailo-6b63b219,roberta bailo,roberta,bailo,responsabile comunicazione e immagine,2,marketing_communications,IT,2002-09-01,https://www.linkedin.com/company/zucchetti-rubinetteria-spa,zucchetti rubinetteria spa,ukeu_universe_candidate,IT
https://www.linkedin.com/in/viveca-lundberg-l%c3%b6f-1b250a5,Viveca Lundberg (Löf),Viveca,Lundberg (Löf),MarCom Manager,2,marketing_communications,SE,2020-08-01,https://www.linkedin.com/company/ohlins-group-ab,Öhlins Group AB,ukeu_universe_candidate,SE
https://www.linkedin.com/in/henrik-samuelson-1b771b2,Henrik Samuelson,Henrik,Samuelson,Marketing Communication Manager,2,marketing_communications,SE,-,https://www.linkedin.com/company/ohlins-group-ab,Öhlins Group AB,ukeu_universe_candidate,SE
https://www.linkedin.com/in/gniewenhous,"Gus Niewenhous, MBA",Gus,"Niewenhous, MBA","Director of Sales and Marketing, The Americas",3,marketing_leader_fallback,US,2025-02-01,https://www.linkedin.com/company/ohlins-group-ab,Öhlins Group AB,ukeu_universe_candidate,SE
https://www.linkedin.com/in/mats-h%c3%b6gberg-b3968749,Mats Högberg,Mats,Högberg,Global Marketing & Communications Manager,2,marketing_communications,SE,2016-02-01,https://www.linkedin.com/company/ostberg-americas,Östberg Group,ukeu_universe_candidate,SE
